y0_pred,y1_pred,y2_pred,y3_pred,y4_pred,y5_pred,y6_pred,y7_pred,y8_pred,y9_pred,y10_pred,y11_pred,y12_pred,y13_pred,y14_pred,y15_pred
0.7794082956577988,0.7798488251099658,0.7798487410274778,0.7789322918790864,-0.2558901846806721,-0.23724311709123466,-0.23724310698753961,-0.2559044994010674,0.0808500102883284,0.08097667255137772,0.08097667254443976,0.08084480598848978,-0.033752336297478966,-0.03139463966247063,-0.03139463976963305,-0.03375232240488439
0.7861566724752258,0.7866268431021841,0.7866267590197826,0.7856806691904219,-0.2587695690447427,-0.23782207360692997,-0.23782206350413157,-0.25878388378134765,0.07819153970775279,0.07817292670960138,0.07817292670266342,0.07818633540791438,-0.033587993052125655,-0.031357977747712616,-0.03135797785487505,-0.033587979159574025
0.7815151356375197,0.7820961885223993,0.7820961044399607,0.7810391321469203,-0.26028675793916445,-0.22944116038067003,-0.22944115028119974,-0.26030107270857933,0.061583016455739624,0.06069486859684509,0.060694868589907136,0.06157781215590106,-0.03127333031894141,-0.029619560548462074,-0.029619560655624527,-0.03127331642648626
0.7862899553532189,0.786730971584695,0.7867308875021928,0.7858139514921886,-0.2580272589362071,-0.23965886532667238,-0.23965885522300848,-0.2580415736584506,0.08238242835777784,0.08254163481921682,0.08254163481227886,0.08237722405793924,-0.03415798576879356,-0.03175180561910435,-0.03175180572626677,-0.03415797187621124
0.7850905763680149,0.7854544466296378,0.7854543625472229,0.7846145730008931,-0.25559962190227753,-0.24392878117134056,-0.2439287710653645,-0.2556139365890158,0.09295736322518032,0.09366910454134272,0.09366910453440476,0.09295215892534198,-0.035518969598433536,-0.03272349092810051,-0.032723491035262925,-0.035518955705773514
0.8044908072159708,0.8050668607344674,0.8050667766519789,0.8040148034372584,-0.2672363881361851,-0.23793147393633993,-0.23793146383680422,-0.26725070288244285,0.0677166308648179,0.06693509905263692,0.06693509904569896,0.06771142656497915,-0.03278058568485472,-0.03089447703954989,-0.030894477146712323,-0.03278057179245806
0.7950261042828988,0.7955610952849451,0.7955610112024639,0.7945501005453455,-0.26323777930949777,-0.2370233849073367,-0.2370233748065125,-0.2632520940578187,0.07111689834182648,0.07068588076879158,0.07068588076185361,0.0711116940419878,-0.03291185265362621,-0.0309583980711188,-0.030958398178281204,-0.0329118387611577
0.8002776134399402,0.8009087024799784,0.8009086183975325,0.7998016099081818,-0.26742546200446277,-0.23303007873943946,-0.23303006864151823,-0.26743977677292236,0.05878016283099754,0.05770290025869904,0.057702900251761086,0.05877495853115889,-0.03142963637023368,-0.02994946319210953,-0.029949463299271967,-0.031429622477875264
0.7795921850746503,0.7797778058063726,0.7797777217238292,0.7791161809666663,-0.2491461001193045,-0.2528319564304696,-0.2528319463191063,-0.24916041478084916,0.11678223762579584,0.11874136318897696,0.118741363182039,0.11677703332595732,-0.038508163502342735,-0.03482254859270248,-0.0348225486998649,-0.03850814960948649
0.791966662071045,0.7923880847767201,0.7923880006942038,0.7914906581276966,-0.2592632296373884,-0.24285301245736782,-0.24285300235312293,-0.2592775443547155,0.08639752248657827,0.08676486436506538,0.08676486435812741,0.08639231818673962,-0.03484233717397778,-0.0323193922030396,-0.03231939231020203,-0.03484232328138333
0.7733359779112982,0.773704827799437,0.7737047437169352,0.7728599740502679,-0.25210565591052236,-0.23944520386366605,-0.23944519375779663,-0.25211997061375657,0.08950853447662138,0.09013060527552805,0.09013060526859008,0.08950333017678282,-0.03471332862137305,-0.032036471913364374,-0.03203647202052679,-0.034713314728688265
0.7533509810937603,0.7535762680106992,0.7535761839283137,0.7528749778912746,-0.24210076980850262,-0.2411015488516286,-0.24110153874139692,-0.2421150844771872,0.10513207171516745,0.10664572499391498,0.10664572498697701,0.10512686741532927,-0.036202212323669866,-0.032900849674313414,-0.03290084978147586,-0.036202198430810885
0.7647519383339781,0.7650026805170297,0.765002596434572,0.7642759347199022,-0.24628633385606238,-0.24363395593086729,-0.24363394582144593,-0.24630064852837233,0.10432375353657114,0.10564192786901884,0.10564192786208088,0.10431854923673278,-0.036458587754117124,-0.033152751753390275,-0.03315275186055271,-0.036458573861299526
0.7933904811810893,0.793904815876289,0.7939047317937215,0.7929144769496276,-0.26218255231979903,-0.23769830328503647,-0.23769829318358368,-0.2621968670669956,0.07363759541358121,0.07335054316888939,0.07335054316195143,0.07363239111374237,-0.033195308932059464,-0.031149472153061637,-0.03114947226022407,-0.033195295039560806
0.77501401193319,0.7752320672868467,0.775231983204346,0.7745380080721601,-0.2485976839956616,-0.24923153821884353,-0.24923152810844432,-0.24861199866609943,0.11115706247256125,0.11285538264861704,0.11285538264167908,0.11115185817272277,-0.03763080805030526,-0.034145176844787455,-0.034145176951949886,-0.03763079415747941
0.7495931673532551,0.7500535434504816,0.7500534593679933,0.7491171635745424,-0.2472142838661672,-0.22544639040569384,-0.22544638030250622,-0.2472285986131693,0.07114588759785974,0.07095832691166887,0.0709583269047309,0.07114068329802116,-0.0315953959974787,-0.029550795937241244,-0.029550796044403697,-0.03159538210483952
0.7666664090916276,0.7671195837135212,0.7671194996310619,0.7661904054775515,-0.2522848555789132,-0.23196957714958039,-0.23196956704623417,-0.2522991703155844,0.0762013687980066,0.0761141620249128,0.07611416201797483,0.0761961644981681,-0.03278267825282009,-0.030544437103796035,-0.030544437210958474,-0.032782664360206604
0.7430056802283133,0.7432356653279052,0.7432355812455411,0.7425296771493044,-0.23903098855972843,-0.23714410186268328,-0.23714409175256423,-0.23904530323463857,0.10208301786080709,0.1034975013806754,0.10349750137373744,0.10207781356096896,-0.03549802366817722,-0.03228966028378716,-0.032289660390949604,-0.03549800977530023
0.7688264942135947,0.7693961183474208,0.7693960342649535,0.7683504905583589,-0.25607004383267506,-0.22561665958724939,-0.2256166494873978,-0.2560843585981175,0.060194524342994576,0.0593488101598931,0.05934881015295514,0.060189320043155956,-0.030705424909627892,-0.029105662516358446,-0.029105662623520885,-0.030705411017147754
0.7975571932980983,0.798051428098599,0.7980513440162189,0.7970811901367711,-0.26292124164439507,-0.24043069620766996,-0.24043068610564866,-0.2629355563679898,0.07754605003080528,0.07736127992055766,0.0773612799136197,0.07754084573096684,-0.033858709290100146,-0.0316309981602853,-0.031630998267447745,-0.03385869539760587
0.8365598958319539,0.8373713045788707,0.8373712204964165,0.8360838922590366,-0.28344444710020983,-0.23491873332920118,-0.2349187232367968,-0.2834587618996139,0.04174211281403632,0.03961263314655343,0.03961263313961547,0.04173690851419749,-0.030227913010461162,-0.029455835020649485,-0.029455835127811903,-0.03022789911835835
0.7669222373717752,0.767087387142824,0.767087303060331,0.7664462335519042,-0.24468790271624613,-0.2495796929063433,-0.24957968279434023,-0.2447022173626308,0.11673005447385608,0.1187621815468789,0.11876218153994093,0.11672485017401771,-0.038130279646826325,-0.03442645914112582,-0.03442645924828824,-0.038130265753919604
0.7668942584197113,0.7670588150427758,0.7670587309602901,0.7664182546409996,-0.24465390646999585,-0.24962957134817895,-0.24962956123615554,-0.2446682211341356,0.11690049005749985,0.1188819552763149,0.11888195526937693,0.11689528575766145,-0.03817231608718143,-0.03442589472198449,-0.03442589482914692,-0.0381723021942825
0.8538974078202717,0.8543477066034072,0.8543476225209058,0.853421403959242,-0.2791516438679008,-0.26309527823049494,-0.2630952681273014,-0.2791659585590673,0.09671479565264353,0.09721358088164145,0.09721358087470348,0.09670959135280482,-0.03802831222535333,-0.03520707539332881,-0.03520707550049127,-0.038028298332915544
0.7571679966304107,0.7574459630114488,0.7574458789290412,0.7566919933044477,-0.24468607022472275,-0.23924565869094191,-0.23924564858229805,-0.24470038491195797,0.09858668857803708,0.09975147779889919,0.09975147779196122,0.09858148427819884,-0.03544593294514146,-0.03239741241573374,-0.032397412522896185,-0.03544591905233466
0.7721789704138885,0.7724659527312387,0.7724658686487017,0.7717029663470629,-0.2495634107774088,-0.24402198093157176,-0.24402197082323293,-0.2495777254692466,0.10077495581446333,0.1019737920771456,0.10197379207020764,0.10076975151462476,-0.036170659397826606,-0.03307243200906356,-0.03307243211622599,-0.036170645505054166
0.7854107851508131,0.7859227042288057,0.7859226201463246,0.7849347814132597,-0.2596421271315748,-0.23504206998153512,-0.23504205987999935,-0.25965644188275394,0.07224837944274287,0.07186240173335728,0.07186240172641932,0.07224317514290429,-0.03280383763037303,-0.03075056940110838,-0.03075056950827082,-0.032803823737865126
0.7961019300730336,0.796324071447265,0.7963239873647429,0.7956259260885267,-0.2552222699905274,-0.2564598923712158,-0.2564598822609997,-0.25523658464355664,0.1154230616993477,0.11724036200199728,0.11724036199505931,0.11541785739950917,-0.03880296965433075,-0.03520974562332415,-0.035209745730486554,-0.0388029557615479
0.7641263508900097,0.7646121684854009,0.7646120844029776,0.7636503474817283,-0.25238151734262554,-0.2290547748448178,-0.22905476474244113,-0.25239583207974126,0.07091874508005397,0.07063986395256155,0.07063986394562359,0.07091354078021556,-0.03198849731056824,-0.029979690070374487,-0.02997969017753694,-0.03198848341798248
0.7857600953971943,0.7864543940434694,0.7864543099610661,0.7852840921123897,-0.26462800450273644,-0.2240291315081663,-0.22402912141209672,-0.2646423193076795,0.04653167768035037,0.044907591550955035,0.04490759154401708,0.0465264733805118,-0.029388137170250517,-0.028332472133526073,-0.028332472240688526,-0.029388123277919925
0.7875829522049825,0.7878432460230206,0.7878431619404693,0.7871069480558394,-0.25360720015786287,-0.2511179592492694,-0.25111794914017216,-0.25362151483455614,0.10810389219559617,0.10958232889137799,0.10958232888444003,0.10809868789575754,-0.03759144180971778,-0.03424532816655639,-0.034245328273718796,-0.03759142791695542
0.7822925243275106,0.7825115441258707,0.7825114600433629,0.7818165204253218,-0.2508710046677967,-0.25175670762760244,-0.2517566975172548,-0.2508853193311641,0.11270464956016206,0.11443996871732061,0.11443996871038264,0.11269944526032356,-0.03804801728443249,-0.03451765787298299,-0.03451765798014541,-0.03804800339161939
0.7988039824523274,0.798969316051766,0.7989692319692228,0.7983279783443439,-0.2545256513276001,-0.26091690735631157,-0.26091689724440265,-0.2545399659788613,0.12419707497559658,0.12635035565606045,0.12635035564912253,0.12419187067575803,-0.04007470321830873,-0.03610321524613623,-0.036103215353298676,-0.04007468932547634
0.8107602014061399,0.8113961375772,0.8113960534947253,0.8102841977097456,-0.27077994685467566,-0.23648567703744017,-0.23648566693971187,-0.2707942616126385,0.06063811768542802,0.05952128968663013,0.059521289679692176,0.0606329133855893,-0.0320067102496897,-0.030430802022549813,-0.030430802129712223,-0.03200669635736386
0.8032401572933018,0.803785014419549,0.8037849303370966,0.8027641537203846,-0.266038660875976,-0.2393356570208011,-0.23933564692030285,-0.2660529756117756,0.07161603218422191,0.07117046964882814,0.07117046964189018,0.0716108278843833,-0.03321526813892518,-0.031261922316309115,-0.03126192242347153,-0.03321525424648357
0.7809843801720561,0.7817471775499046,0.7817470934675582,0.7805083772165237,-0.26498100369971267,-0.218161741010204,-0.21816173091619143,-0.2649953185085587,0.03578085054284193,0.0336370444215019,0.033637044414563944,0.035775646243003445,-0.027826859317812834,-0.027161219062818463,-0.027161219169980915,-0.027826845425540744
0.7870151551803063,0.7871681886120959,0.7871681045296466,0.7865391516073901,-0.25057077985368936,-0.2574469391251754,-0.25744692901285726,-0.2505850944949097,0.12306848681957605,0.12531748887672634,0.1253174888697884,0.12306328251973775,-0.039552005852349845,-0.0356539997992365,-0.035653999906398934,-0.039551991959470977
0.7466505779709633,0.7470102822258962,0.7470101981434303,0.7461745743157278,-0.2436189093570582,-0.23053456484198373,-0.23053455473576634,-0.24363322407269597,0.08464738778855443,0.0851606260524901,0.08516062604555213,0.08464218348871601,-0.03329616661404288,-0.030744324610844212,-0.03074432471800667,-0.033296152721291744
0.7581846867071703,0.7583902702057971,0.7583901861233253,0.7577086830107765,-0.2430613481104655,-0.2440333016072607,-0.24403329149644867,-0.2430756627831383,0.10908668595801616,0.11073437890962938,0.11073437890269142,0.1090814816581778,-0.036879846905573554,-0.033416298198588636,-0.03341629830575108,-0.0368798330126966
0.8456125348977489,0.8458779946656836,0.8458779105831187,0.8451365306662885,-0.27164913355131665,-0.2714421531927471,-0.27144214308397585,-0.2716634482148932,0.12094763008493617,0.12265125632782661,0.12265125632088865,0.12094242578509744,-0.041017164466373254,-0.03723755551946925,-0.03723755562663164,-0.041017150573739926
0.7907566986636816,0.7911095223941886,0.7911094383117591,0.7902806952142416,-0.2570558232678828,-0.2466099342468291,-0.2466099241405323,-0.25707013795406997,0.09581104499267076,0.09664341961950752,0.09664341961256956,0.09580584069283232,-0.03605912805405472,-0.033172561213690645,-0.03317256132085309,-0.03605911416139944
0.7785541265986766,0.7789586709110715,0.7789585868285478,0.7780781226141693,-0.25466727006541173,-0.2391290354483473,-0.23912902534355657,-0.25468158479277914,0.08570994509583645,0.08609526026478191,0.08609526025784395,0.08570474079599782,-0.03436793893729389,-0.031832625706968126,-0.031832625814130544,-0.034367925044656085
0.8022976466307764,0.8026802913838627,0.8026802073013395,0.8018216426462693,-0.26141474507553597,-0.2488922399105968,-0.24889222980522333,-0.26142905977236874,0.09428666301040382,0.09497145810580987,0.0949714580988719,0.09428145871056517,-0.036195820527291284,-0.03338341138635364,-0.033383411493516056,-0.03619580663468937
0.772297142707546,0.7725037508204567,0.7725036667380499,0.7718211393815835,-0.24744747894695418,-0.2489786548869742,-0.24897864477624068,-0.24746179360042198,0.11219753892860762,0.1139282340685864,0.11392823406164844,0.11219233462876937,-0.03770142632626213,-0.03415051510648766,-0.034150515213650104,-0.03770141243341642
0.7674827595234848,0.7679125373767445,0.767912453294307,0.7670067560328853,-0.25192127442545764,-0.23366296621875532,-0.2336629561147073,-0.2519355891434213,0.0796005313114981,0.07973546532793051,0.07973546532099254,0.07959532701165961,-0.033237682900912814,-0.03090771538042642,-0.03090771548758885,-0.03323766900827458
0.7623877974136152,0.7625339136349244,0.7625338295524314,0.7619117935937444,-0.24277967526043523,-0.2491295436713005,-0.2491295335587068,-0.24279398991252416,0.11836304275161834,0.12050343348953803,0.12050343348260006,0.11835783845177995,-0.038214130448186154,-0.034441435579288575,-0.03444143568645101,-0.03821411655525397
0.7985713372164638,0.7989260051641067,0.7989259210816196,0.798095333437752,-0.25952179124829905,-0.24926285577777182,-0.24926284567154738,-0.25953610593179577,0.09732330000467973,0.09821036504335669,0.09821036503641872,0.09731809570484119,-0.036479615475083695,-0.03356430236465408,-0.0335643024718165,-0.03647960158244031
0.7658450669442746,0.766009348645979,0.7660092645635436,0.765369063453676,-0.2443326015413112,-0.24924894687778473,-0.24924893676574386,-0.24434691619960794,0.1165983586204926,0.11863304205665293,0.11863304204971496,0.11659315432065437,-0.038080357490119156,-0.03438142536310244,-0.03438142547026488,-0.03808034359721141
0.7828093010609933,0.7830925792351715,0.7830924951527642,0.7823332977350305,-0.2527480682409464,-0.24801923481202484,-0.2480192247036182,-0.2527623829048837,0.10374660404594296,0.10504120456004842,0.10504120455311046,0.10374139974610468,-0.03687219346641034,-0.033685649361637544,-0.03368564946879996,-0.03687217957366241
0.7793784704868087,0.7799073035604697,0.7799072194780389,0.7789024670373684,-0.2582354432291481,-0.23185854739807316,-0.2318585372970208,-0.258249757992612,0.06842455333924446,0.06790838122113209,0.06790838121419412,0.06841934903940594,-0.03211180745712407,-0.030207903315168722,-0.030207903422331175,-0.03211179356462375
0.7851882341036144,0.7858103923056012,0.7858103082231912,0.7847122307776511,-0.26252654352661736,-0.22821983836178578,-0.228219828263547,-0.26254085831245855,0.0565582531809499,0.055447903163359465,0.05544790315642151,0.05655304888111134,-0.030697412553675335,-0.029269410104357317,-0.02926941021151977,-0.03069739866127394
0.7774209173359519,0.7778216930125045,0.7778216089300385,0.7769449136807167,-0.2542193513950751,-0.23894988279321416,-0.23894987268831144,-0.25423366611070053,0.08595335607754806,0.08637363959134833,0.08637363958441037,0.08594815177770956,-0.03436155054183201,-0.0318250502845408,-0.03182505039170322,-0.03436153664918821
0.7523130147573225,0.7525865203470505,0.7525864362645853,0.7518370111020872,-0.24305747924156101,-0.2378195502268101,-0.237819540118031,-0.24307179392834605,0.09819351983313697,0.09930145063564377,0.09930145062870581,0.09818831553329857,-0.03527425811780828,-0.03219248417163458,-0.03219248427879703,-0.03527424422498586
0.7998958354384295,0.8005151526399656,0.8005150685575126,0.799419831865512,-0.2669899708395339,-0.23362020834757835,-0.23362019824930533,-0.267004285605584,0.060383871249076945,0.059368591650803264,0.05936859164386531,0.06037866694923828,-0.031638032991530084,-0.0300844931344969,-0.03008449324165934,-0.031638019099155285
0.779294282349776,0.7794503183974835,0.7794502343150698,0.7788182789826549,-0.2482628355945697,-0.2545327433216005,-0.2545327332093557,-0.24827715023978758,0.12089789743040083,0.12305654825093552,0.12305654824399756,0.12089269313056263,-0.03904774298512399,-0.035202049158259974,-0.035202049265422405,-0.03904772909223705
0.8007582777371756,0.8014720284107926,0.8014719443282453,0.8002822736291906,-0.26977771482701535,-0.22817061802680583,-0.22817060793136934,-0.26979202962123966,0.047268338132522056,0.04559110828093291,0.04559110827399495,0.047263133832683095,-0.029925083169602608,-0.028865312283911697,-0.028865312391074115,-0.02992506927732691
0.7634500585787222,0.7638274315694301,0.763827347486957,0.7629740548823276,-0.24927957814709867,-0.23541840443059112,-0.23541839432496175,-0.2492938928419686,0.0860291568373453,0.08652620529142872,0.08652620528449076,0.08602395253750676,-0.03396609254971974,-0.03139817101448649,-0.03139817112164892,-0.033966078657034944
0.824589960667351,0.8255771425911294,0.825577058508573,0.8241139565182065,-0.2844327340420855,-0.2199774233757948,-0.21997741328863976,-0.28444704890192996,0.01427473382773663,0.01078149095583328,0.010781490948895325,0.014269529527897463,-0.026257565416344737,-0.026461293402162512,-0.026461293509324902,-0.02625755152440117
0.7674216602706749,0.7675705221705171,0.7675704380880096,0.7669456563684859,-0.24440082081259915,-0.25076566945653417,-0.2507656593440376,-0.24441513547240115,0.11920493039678114,0.12131831553790223,0.12131831553096427,0.11919972609694272,-0.03848645155396102,-0.034666331713081484,-0.034666331820243916,-0.03848643766104088
0.7738700799784303,0.7740345162260177,0.7740344321434817,0.7733940759116055,-0.24681483721112785,-0.25208843763717065,-0.2520884275251467,-0.246829151879776,0.11843260835188,0.12051460095907912,0.12051460095214116,0.11842740405204154,-0.03855727525828419,-0.0348042904584024,-0.03480429056556482,-0.038557261365386314
0.8032610215817514,0.8035670617385838,0.8035669776560757,0.8027850176795625,-0.2596694996435802,-0.25389674096053483,-0.25389673085286474,-0.259683814313046,0.10528468068934582,0.10653168139668764,0.10653168138974968,0.1052794763895072,-0.03767572468561357,-0.03446242253994249,-0.0344624226471049,-0.03767571079293493
0.7947853452240848,0.7949472899943759,0.7949472059119551,0.7943093418158047,-0.2532091112012131,-0.2596598151279684,-0.25965980501593905,-0.25322342584013957,0.12359951887001062,0.12583808252967063,0.1258380825227327,0.12359431457017242,-0.03984670052193365,-0.03594681408042635,-0.03594681418758878,-0.03984668662907907
0.7877160624662942,0.7884517584337085,0.7884516743512473,0.7872400588522174,-0.26633437186565595,-0.2222076843016106,-0.22220767420679166,-0.2663486866824875,0.0411761091427408,0.039254343208660857,0.0392543432017229,0.041170904842902055,-0.028741713437165986,-0.027879378272485017,-0.02787937837964745,-0.028741699544881975
0.7888899840398162,0.7894940187655456,0.7894939346830209,0.7884139800553087,-0.26318624906771554,-0.2306373202302584,-0.23063731013148867,-0.2632005638401924,0.059964738520664,0.05900769134136314,0.05900769133442518,0.05995953422082518,-0.031255618688077,-0.029708544240895307,-0.02970854434805774,-0.03125560479566589
0.8066171068566672,0.8067442350771036,0.8067441509945895,0.8061411029133199,-0.25593460019657477,-0.26597853330501353,-0.26597852319196075,-0.2559489148341341,0.13123054126668698,0.13379496730292653,0.1337949672959886,0.1312253369668486,-0.04119957508839273,-0.03704075394544833,-0.037040754052610765,-0.04119956119552854
0.8201569109696634,0.8211451920981495,0.8211451080156001,0.8196809068616778,-0.28306132621193186,-0.21841581123240933,-0.21841580114531362,-0.2830756410696027,0.013406469010366176,0.00969578737044426,0.0096957873635063,0.013401264710527022,-0.026081122151917775,-0.026188322671222498,-0.0261883227783849,-0.026081108259975217
0.7533401007768336,0.7534971824112214,0.7534970983287932,0.7528640973273937,-0.24027698869282038,-0.24525309987408928,-0.24525308976180232,-0.24029130335090038,0.11473963292014303,0.11673902465512359,0.11673902464818563,0.11473442862030482,-0.037473632574456676,-0.033814323420444256,-0.0338143235276067,-0.03747361868151727
0.8179540032320057,0.8181032382659459,0.8181031541834969,0.8174779996590896,-0.26002271427642226,-0.2686631145694612,-0.26866310445711356,-0.2600370289055036,0.13076447694921767,0.1332241851382284,0.13322418513129047,0.13075927264937942,-0.041474428686417104,-0.03734279192903197,-0.0373427920361944,-0.04147441479359782
0.7960242025960678,0.7962920458791088,0.7962919617965504,0.795548198405766,-0.25641796653351967,-0.25364815546611874,-0.2536481453572676,-0.2564322812100062,0.108966721865811,0.11045742712460521,0.11045742711766725,0.1089615175659723,-0.037946310880192916,-0.034593077539063856,-0.034593077646226246,-0.03794629698745782
0.8017248718497567,0.8021995842187055,0.8021995001361675,0.8012488677829314,-0.26369946369434083,-0.24306904841161725,-0.24306903830898977,-0.26371377843526683,0.08114005800220973,0.08119015632715205,0.08119015632021409,0.08113485370237099,-0.03442981884912978,-0.03212239136947203,-0.03212239147663442,-0.034429804956615406
0.7760613761679662,0.7763349465973345,0.7763348625148911,0.7755853726362085,-0.2504045501061392,-0.24621680376714944,-0.2462167936584212,-0.25041886478842995,0.10356033447420325,0.10487948902500703,0.10487948901806907,0.10355513017436488,-0.03665211375961237,-0.033457931301481496,-0.03345793140864394,-0.03665209986684198
0.7427631708049296,0.7428955489885083,0.742895464906145,0.742287167725921,-0.23635104802744983,-0.24300445581850535,-0.24300444570545648,-0.2363653626705624,0.11577861392910921,0.11788749656527103,0.11788749655833307,0.11577340962927116,-0.03730357637908204,-0.03358497792589476,-0.033584978033057204,-0.037303562486106515
0.7848948426754487,0.7850528493861921,0.7850527653037713,0.7844188392671685,-0.2500491579451266,-0.25639025762881107,-0.2563902475166386,-0.25006347258498984,0.12187356122960112,0.12407658210533236,0.1240765820983944,0.12186835692976289,-0.039331149724081714,-0.03547536384530632,-0.03547536395246875,-0.03933113583120226
0.7729090476783756,0.7731714257618024,0.7731713416793375,0.7724330440231405,-0.24913184551946796,-0.24578096254257967,-0.24578095243351208,-0.2491461601922552,0.10441360004495992,0.10579031226068271,0.10579031225374474,0.10440839574512151,-0.03667425963009843,-0.033440598379385025,-0.03344059848654744,-0.03667424573730506
0.7706936567490447,0.7710092410669813,0.7710091569845665,0.7702176533819227,-0.24986800181998856,-0.24175246501713862,-0.24175245490966157,-0.2498823165104482,0.09640280601166595,0.09738817452461349,0.09738817451767552,0.09639760171182761,-0.03554888419108325,-0.03261037624896552,-0.032610376356127964,-0.03554887029834106
0.7872188627715884,0.7874364216992247,0.7874363376166954,0.7867428587459224,-0.25235541852189036,-0.2535892095727437,-0.2535891994623651,-0.2523697331802184,0.11402867239946803,0.11581653996528171,0.11581653995834375,0.11402346809962949,-0.038362388872070045,-0.03479969083961555,-0.034799690946777956,-0.03836237497926167
0.7937174247953238,0.7941542881704297,0.7941542040878699,0.7932414206050215,-0.26021608097732124,-0.2425335611810165,-0.24253355107723318,-0.26023039570726997,0.08462586825864045,0.08489436552911435,0.08489436552217638,0.08462066395880168,-0.034658689975230986,-0.03220524278657749,-0.03220524289373988,-0.03465867608265829
0.7872218930786374,0.7873618498624756,0.7873617657799541,0.7867458890941309,-0.25027025195175084,-0.2583551749190499,-0.2583551648063491,-0.25028456659975173,0.1251092067993393,0.127364394930214,0.1273643949232761,0.12510400249950088,-0.03986087364101481,-0.035828855356165944,-0.03582885546332839,-0.039860859748127954
0.8049731482769854,0.8053202103568959,0.8053201262743946,0.8044971444159554,-0.26128271210109294,-0.25203108028428145,-0.25203107017786164,-0.2612970267787449,0.1000023916038566,0.10090791536234832,0.10090791535541035,0.099997187304018,-0.03704857599618509,-0.03399566680761699,-0.033995666914779406,-0.03704856210355684
0.797216429422617,0.7976810465455468,0.7976809624630086,0.7967404253557913,-0.26203665529461456,-0.2420864822602169,-0.24208647215728685,-0.2620509700179082,0.08153117576909655,0.08161927572266928,0.08161927571573131,0.08152597146925782,-0.034352548449494355,-0.032018089909941504,-0.03201809001710392,-0.034352534556959136
0.78863479008175,0.7891104043341839,0.7891103202516886,0.7881587862618786,-0.25967915881125303,-0.2383724998389281,-0.23837248973630626,-0.2596934735403861,0.07800691898143577,0.07795904533243923,0.07795904532550127,0.07800171468159714,-0.033637867089361576,-0.0314155441609974,-0.03141554426815982,-0.033637853196819764
0.7703464689305192,0.7706402042644308,0.7706401201820089,0.7698704655222381,-0.2491772867207431,-0.2429612274494908,-0.2429612173413607,-0.24919160139989066,0.09940441988228939,0.10054132194993368,0.10054132194299571,0.09939921558245107,-0.03593681423514512,-0.03288454394419769,-0.03288454405136013,-0.035936800342377395
0.7807742385133224,0.7809894969668145,0.7809894128843359,0.7802982347757695,-0.25030415380594806,-0.2514409440495014,-0.25144093393903627,-0.25031846846544703,0.11286009929256921,0.11462675583374239,0.11462675582680443,0.11285489499273083,-0.03801921692372625,-0.03448943167120021,-0.034489431778362625,-0.03801920303090288
0.7981650706574713,0.7983147302908357,0.7983146462083791,0.797689067043396,-0.253923978902244,-0.2616103179940014,-0.2616103078816128,-0.2539382935371763,0.12612088107527467,0.12846222001160917,0.12846222000467125,0.1261156767754364,-0.040280946317487645,-0.036289757278208656,-0.03628975738537109,-0.040280932424628754
0.7681496039738295,0.7686736414148965,0.7686735573324582,0.7676736004832303,-0.2546426999123716,-0.22815770505875418,-0.22815769495751867,-0.25465701468666113,0.0664767445450082,0.06594249115843001,0.06594249115149205,0.06647154024516966,-0.03152064054941262,-0.02967957329615648,-0.02967957340331893,-0.03152062665687918
0.7760527516771133,0.7764075532576528,0.776407469175101,0.7755767475279698,-0.25256734543166975,-0.24127125831263718,-0.2412712482063483,-0.25258166014080774,0.09213872642666517,0.09286407776123906,0.0928640777543011,0.09213352212682648,-0.03514562584430329,-0.032366904025985785,-0.0323669041331482,-0.035145611951610756
0.7837540361898713,0.7839207130392429,0.7839206289568365,0.783278032863909,-0.24992784180553093,-0.25545814654440013,-0.25545813643248544,-0.24994215644836898,0.12039246925121624,0.12252429000301918,0.12252428999608121,0.12038726495137804,-0.039102768867462445,-0.03529843432198165,-0.0352984344291441,-0.03910275497459104
0.8049943626582605,0.8053440261956314,0.8053439421130868,0.8045183585502764,-0.2613620621955105,-0.25187175366195386,-0.25187174355559744,-0.2613763768898248,0.09960779306707783,0.10051422845335078,0.10051422844641282,0.09960258876723914,-0.036989799832208466,-0.03396440724740183,-0.03396440735456429,-0.036989785939568184
0.7897109089243931,0.7902062200385555,0.7902061359561107,0.7892349053926349,-0.2605382380466543,-0.2375518576530149,-0.23755184755099182,-0.2605525527733705,0.07547012679968436,0.07529456273162341,0.07529456272468545,0.0754649224998458,-0.0333312041326662,-0.03120934708156519,-0.031209347188727622,-0.03333119024015113
0.7964770064994311,0.7970323854787871,0.7970323013963779,0.7960010031734681,-0.26423091953539857,-0.2362939777431466,-0.2362939676429312,-0.2642452342980248,0.06857055230183642,0.06800851821936896,0.068008518212431,0.0685653480019979,-0.03261510551756183,-0.030762699883581577,-0.03076269999074401,-0.03261509162512124
0.7740835930622634,0.7743895495349628,0.7743894654524544,0.7736075891600741,-0.2506566141324427,-0.24354552408768254,-0.24354551397992788,-0.2506709288170492,0.09855539712630385,0.09962273834088531,0.09962273833394734,0.09855019282646531,-0.03593533216536587,-0.0329179974695166,-0.032917997576679014,-0.035935318272620434
0.776884510217089,0.777063368006008,0.7770632839235941,0.7764085068499677,-0.24813139945267537,-0.2522779576636599,-0.2522779475520905,-0.24814571410484368,0.11708995470044278,0.11909205047281803,0.11909205046588006,0.11708475040060452,-0.038465773858037844,-0.034771240973982716,-0.03477124108114516,-0.038465759965171556
0.7979032550288743,0.798460395929831,0.798460311847429,0.7974272517440703,-0.2647185831767999,-0.2366924228915295,-0.23669241279137895,-0.26473289792770416,0.06865005490101844,0.06808531607623253,0.06808531606929456,0.06864485060117993,-0.03266677828390563,-0.0308147698937855,-0.03081477000094793,-0.03266676439146909
0.7754262847241559,0.7758103383818327,0.7758102542993958,0.7749502812335568,-0.25314683465973103,-0.23928607542982155,-0.23928606532442448,-0.2531611493687283,0.08794870227688172,0.08841711539055537,0.0884171153836174,0.0879434979770433,-0.034589339729348356,-0.03193595619594742,-0.03193595630310985,-0.03458932583668651
0.7663216819545786,0.7665340208812128,0.7665339367987554,0.7658456783405027,-0.24576071552681525,-0.24649454846611563,-0.2464945383555304,-0.24577503018559266,0.10995429841751903,0.11163961811055767,0.1116396181036197,0.10994909411768071,-0.03721848546218528,-0.03376134668736274,-0.033761346794525186,-0.03721847156932592
0.7949266863147366,0.7953652813513952,0.7953651972688641,0.7944506822890703,-0.260635518644746,-0.24285784526361268,-0.24285783515988577,-0.260649833373297,0.08466349114678808,0.08492582568337115,0.08492582567643318,0.08465828684694936,-0.03469936588852211,-0.03224592533377936,-0.03224592544094175,-0.03469935199595632
0.7748648238412867,0.7750604387230239,0.7750603546405161,0.7743888199390977,-0.24795380862864538,-0.2505429374821279,-0.2505429273710614,-0.24796812328000403,0.11427326065605027,0.11613705224519791,0.11613705223825994,0.11426805635621182,-0.038036518307415015,-0.034438852087176376,-0.034438852194338794,-0.038036504414559955
0.7803020347739776,0.7807747739583465,0.7807746898758656,0.7798260310364242,-0.25702934421367846,-0.23558935207793505,-0.23558934197519843,-0.25704365895370346,0.07648422625137061,0.07640688666365375,0.07640688665671579,0.07647902195153201,-0.03319309140226778,-0.031012880882497987,-0.031012880989660405,-0.03319307750970435
0.7727833157992077,0.773089003230367,0.7730889191479162,0.7723073122262907,-0.25024934870054205,-0.2430967360767009,-0.24309672596893625,-0.2502636633807557,0.09827846372380186,0.09934816245764966,0.0993481624507117,0.09827325942396345,-0.035857668549221955,-0.032853817678974086,-0.032853817786136504,-0.0358576546564745
0.7846768942410706,0.7852074805257039,0.7852073964432442,0.7842008906269942,-0.25992483874462785,-0.23361664185769151,-0.23361663175671055,-0.25993915348898705,0.06933966133615399,0.06888007642223985,0.06888007641530189,0.06933445703631541,-0.03237375150597827,-0.030469737964948066,-0.030469738072110498,-0.032373737613480454
0.8073037278031041,0.8082186374363335,0.808218553353792,0.8068277237362775,-0.27716860574484875,-0.21823698469455396,-0.2182369746051753,-0.27718292059517013,0.020432476096823488,0.017365760497286668,0.01736576049034871,0.020427271796984402,-0.026562402088343894,-0.026516570518946465,-0.026516570626108876,-0.02656238819628781
0.7817108431401849,0.7818709067974575,0.781870822714943,0.781234839196837,-0.24912055172981357,-0.2551353372947402,-0.25513532718261356,-0.24913486638204502,0.12085025976006769,0.12301767789586392,0.12301767788892595,0.12084505546022925,-0.03910345317489601,-0.03527897124403328,-0.0352789713511957,-0.039103439282019786
0.7780191724087844,0.7785100716849291,0.7785099876024337,0.7775431685889127,-0.2568079647851752,-0.23367534224408912,-0.23367533214190225,-0.25682227951849074,0.07340863266444217,0.07318163309932871,0.07318163309239074,0.0734034283646035,-0.032721805032607694,-0.030647785812722015,-0.030647785919884433,-0.03272179114005786
-0.1001096177816236,-0.09920405530310662,-0.09920413938566397,-0.10058562188961986,0.0033576284113005527,0.10315665550443355,0.10315666559655937,0.003343313128559613,-0.1874370243563517,-0.19631268626361387,-0.1963126862705518,-0.18744222865618995,0.027276885203838124,0.021459063961207527,0.021459063854045096,0.027276899097699606
-0.10288393584304849,-0.10197858400649645,-0.10197866808898182,-0.10335993953945452,0.004220878846992834,0.10412641954285547,0.10412642963499026,0.004206563568264685,-0.18803995292840084,-0.19693613847148872,-0.19693613847842664,-0.1880451572282389,0.027435670163391712,0.021603823546633892,0.02160382343947144,0.027435684057255813
-0.122705310699794,-0.12180132166515878,-0.12180140574762986,-0.12318131431388214,0.010387655928043027,0.11105619349167538,0.11105620358389544,0.010373340640313953,-0.19233811947589718,-0.2013993997300633,-0.20139939973700122,-0.19234332377573524,0.028562397708325016,0.022642237465404783,0.022642237358242324,0.028562411602223656
-0.12394186477462636,-0.12303837907681342,-0.12303846315933493,-0.12441786867682779,0.0107746902970984,0.11148500148950707,0.1114850115817526,0.010760375012869113,-0.1926339654639633,-0.20165177987970329,-0.2016517798866412,-0.19263916976380147,0.02865519034362288,0.022694887778300844,0.022694887671138392,0.028655204237529583
-0.1118584323992228,-0.11095373254006194,-0.11095381662258329,-0.11233443630142398,0.00701319527580182,0.10726371192225023,0.10726372201443256,0.006998879983192114,-0.18998833475726853,-0.19895479328937984,-0.19895479329631777,-0.18999353905710667,0.02794769066055195,0.022072974698901782,0.022072974591739344,0.027947704554434245
-0.100564174638157,-0.09965852713963883,-0.09965861122223228,-0.10104017895194849,0.0034984032021291057,0.10331654917286663,0.1033165592649826,0.003484087927249912,-0.18752788242915155,-0.1964222931567439,-0.19642229316368182,-0.1875330867289899,0.02729646184524195,0.021486253600241825,0.021486253493079407,0.027296475739105076
-0.1280271824050326,-0.12712407620673133,-0.12712416028920243,-0.12850318601912103,0.01204625219661059,0.1129124463325662,0.11291245642482328,0.012031936927240259,-0.1935263890374599,-0.20256553356835041,-0.20256553357528834,-0.19353159333729794,0.028892730344007612,0.022906047005158543,0.02290604689799611,0.02889274423792082
-0.1558992380832701,-0.1549983712244989,-0.15499845530702788,-0.15637524202663086,0.020719528627084455,0.12265412255531004,0.12265413264772025,0.02070521332281376,-0.1995916920031086,-0.2088214839808414,-0.20882148398777933,-0.19959689630294677,0.03049446095342521,0.024356860597880163,0.02435686049071771,0.030494474847395564
-0.17630193074401473,-0.17540282777639826,-0.17540291185891305,-0.17677793460505775,0.0270691679169224,0.1297841047708606,0.12978411486337352,0.027054852610139034,-0.20403983972810188,-0.2133931386364816,-0.21339313864341952,-0.20404504402794002,0.03167366473740556,0.02541525303820637,0.02541525293104391,0.03167367863142278
-0.14776267641139867,-0.14686057521163035,-0.14686065929407277,-0.14823867986085112,0.01818435752948964,0.11981514472964247,0.11981515482196875,0.01817004224698476,-0.19778262045809716,-0.20703138440825886,-0.20703138441519678,-0.19778782475793513,0.029995642224141153,0.02395016919495445,0.02395016908779201,0.029995656118092653
-0.13515988057032527,-0.13425716912960553,-0.13425725321211274,-0.13563588439020868,0.014264828199714268,0.1154069199828688,0.11540693007517015,0.014250512899534839,-0.19506673452551224,-0.2041776006901415,-0.2041776006970794,-0.19507193882535037,0.02929302890099362,0.023282497071798705,0.023282496964636246,0.029293042794922012
-0.0996819747453971,-0.09877510653826906,-0.09877519062084805,-0.10015797897687051,0.0032174977027677955,0.10301784565136038,0.10301785574340579,0.0032031824353126737,-0.1872597262541318,-0.19629593549552327,-0.1962959355024612,-0.18726493055397012,0.0271838931996618,0.02147368817115929,0.02147368806399688,0.027183907093510054
-0.1472821188822712,-0.14638071611672634,-0.14638080019924815,-0.14775812278447284,0.01803890589852461,0.11964100707216728,0.1196410171645401,0.018024590602596192,-0.19772686221414953,-0.20687760450992845,-0.20687760451686638,-0.1977320665139877,0.03000767426430622,0.02390378004124347,0.023903779934081017,0.030007688158266144
-0.10405903459656016,-0.10315371980681161,-0.10315380388931863,-0.10453503841644338,0.004586229534059816,0.10453761445352912,0.10453762454565876,0.004571914266570818,-0.18829186449925242,-0.19720347071520483,-0.19720347072214275,-0.18829706879909058,0.027500109986699578,0.02166665631147498,0.02166665620431255,0.027500123880566173
-0.13699195108713091,-0.13608962359480564,-0.13608970767737064,-0.13746795523628672,0.01483624827010857,0.11604527129345636,0.11604528138576982,0.014821932983931809,-0.19548109126771565,-0.20457406880726772,-0.20457406881420565,-0.19548629556755395,0.029411044431535128,0.023370997480880513,0.023370997373718075,0.029411058325467972
-0.13902642529659942,-0.13812404955771748,-0.13812413364022477,-0.13950242911648314,0.015468165653488951,0.11675812170062715,0.11675813179293236,0.015453850376048676,-0.19590980332780206,-0.20504389366240391,-0.20504389366934184,-0.19591500762764014,0.029516577660278202,0.02348303358215605,0.023483033474993618,0.029516591554216907
-0.1051139190798886,-0.10420880612025463,-0.10420889020273998,-0.10558992277629461,0.004915140505989704,0.10490532945406705,0.10490533954621847,0.004900825222297302,-0.18852918199590912,-0.19743294140797346,-0.19743294141491138,-0.18853438629574715,0.02756703516779913,0.02171816732885672,0.021718167221694267,0.027567049061664264
-0.1565277502710919,-0.15562713178483817,-0.1556272158674105,-0.15700375446140688,0.020916207707943058,0.12287213880667126,0.12287214889909305,0.020901892405428613,-0.19974156642435373,-0.2089502308634161,-0.20895023087035403,-0.19974677072419197,0.030541221375782555,0.024383839335877597,0.024383839228715138,0.030541235269753903
-0.1252159980278419,-0.12431264961785488,-0.12431273370039812,-0.12569200205352052,0.011171370874403412,0.11193003679529301,0.11193004688754435,0.011157055593397958,-0.19291354249332654,-0.20193558946353896,-0.20193558947047688,-0.19291874679316479,0.02873028736385372,0.022760198345987328,0.02276019823882489,0.028730301257762353
-0.10657008222468624,-0.10566449546135398,-0.10566457954392555,-0.10704608641500059,0.005364992034104731,0.10541923321784671,0.10541924330997553,0.005350676747576963,-0.1888069027791106,-0.19779661346578695,-0.19779661347272487,-0.18881210707894888,0.027618913114473332,0.02181111023404119,0.021811110126878752,0.027618927008336288
-0.10558026905176164,-0.10467350329125706,-0.10467358737380004,-0.10605627307743985,0.005050878876075146,0.10508249495355568,0.10508250504561913,0.00503656359173271,-0.1885186670619317,-0.1976429615693762,-0.1976429615763141,-0.18852387136176993,0.0275028717007126,0.02179148144878023,0.021791481341617777,0.027502885594566873
-0.1285464643911519,-0.12764332635917222,-0.12764341044172994,-0.12902246849914845,0.012207433831902167,0.11309456138369445,0.1130945714759667,0.012193118538075434,-0.1936345017736632,-0.2026866868104442,-0.2026866868173821,-0.19363970607350142,0.028918600922660746,0.02293521789533315,0.022935217788170696,0.028918614816577516
-0.10708346583721565,-0.10617849836701984,-0.10617858244954846,-0.10755946978057584,0.0055279562578504525,0.10559382166097968,0.10559383175314166,0.005513640972075402,-0.18895692743712514,-0.19787581259922277,-0.1978758126061607,-0.1889621317369633,0.027679527448633133,0.02182106056919487,0.021821060462032468,0.027679541342502296
-0.1421702200332513,-0.14126825520035494,-0.14126833928291996,-0.142646224182407,0.01644733524715677,0.11785559642406146,0.11785560651640481,0.01643301994737002,-0.1966044119007233,-0.20573966841652422,-0.20573966842346214,-0.19660961620056155,0.029705754649523,0.023642087586608337,0.023642087479445885,0.02970576854346759
-0.13909533276380912,-0.13819303623563614,-0.1381931203181002,-0.13957133633673846,0.015490017939493466,0.11678158717653914,0.11678159726886003,0.015475702645100526,-0.19592968801742658,-0.20505476087955277,-0.2050547608864907,-0.19593489231726452,0.029524508832415922,0.023484479440091865,0.023484479332929405,0.029524522726351848
-0.14110668896088063,-0.1402047470748102,-0.14020483115731752,-0.14158269278076413,0.016116986113999476,0.11748296736249843,0.11748297745484292,0.01610267081436235,-0.19638016646968065,-0.20549419132433594,-0.20549419133127386,-0.19638537076951873,0.029650477710750515,0.02358357889457636,0.023583578787413927,0.02965049160469109
-0.12278030602581086,-0.1218765942550325,-0.12187667833750357,-0.12325630963989903,0.010412498387930088,0.11108013183547509,0.11108014192771129,0.010398183099416196,-0.19237241012621312,-0.20139932917453535,-0.20139932918147327,-0.19237761442605117,0.028581303026098834,0.022638272545565448,0.02263827243840301,0.02858131691999512
-0.15298047427187322,-0.15207956827277613,-0.15207965235520424,-0.15345647763900758,0.019812348078206282,0.12163233351645511,0.12163234360885823,0.019798032779772254,-0.19896949468670283,-0.2081541683905406,-0.20815416839747852,-0.19897469898654074,0.03033725489306896,0.024199255881398787,0.024199255774236334,0.030337268787029845
-0.10024659149605182,-0.09934099890903356,-0.09934108299159813,-0.1007225956452071,0.003400023867063194,0.1032048745455242,0.10320488463764839,0.0033857085843784006,-0.18746410624842635,-0.19634599377357131,-0.19634599378050924,-0.18746931054826463,0.02728254327924257,0.02146738708863003,0.021467386981467614,0.027282557173105244
-0.18027116362789716,-0.17937249273610786,-0.1793725768186371,-0.18074716757125828,0.028304948946049773,0.13117045907186853,0.131170469164405,0.028290633639851206,-0.2049110911063943,-0.21427699049183183,-0.21427699049876975,-0.2049162954062324,0.03190785488401845,0.025618579259218368,0.02561857915205591,0.03190786877803855
-0.09812721075616272,-0.09722146967527215,-0.0972215537578223,-0.09860321482299995,0.0027406322094156626,0.10246393824584656,0.10246394833795977,0.0027263169301365827,-0.1870043481903675,-0.19586893413713719,-0.1958689341440751,-0.18700955249020573,0.02716192214177087,0.02135643492083566,0.02135643481367325,0.027161936035627054
-0.12754289410316924,-0.12663936886919347,-0.1266394529516646,-0.12801889771725755,0.011893440913372787,0.11274636707412945,0.11274637716637267,0.011879125631113728,-0.19339581669018485,-0.20248052334607494,-0.20248052335301286,-0.1934010209900229,0.02884444458150525,0.02289186607621055,0.02289186596904811,0.028844458475417063
-0.15969360701944546,-0.1587932053969694,-0.15879328947944799,-0.16016961067469304,0.021901158131279894,0.1239789621334501,0.12397897222589051,0.02188684282110824,-0.20042803066248904,-0.20966313376818416,-0.20966313377512208,-0.200433234962327,0.030721152304757776,0.024549709853821787,0.02454970974665937,0.030721166198734103
-0.13366229507445918,-0.13275964574233937,-0.13275972982485382,-0.1341382989355018,0.013799819086445685,0.11488196387624217,0.11488197396853239,0.013785503806969994,-0.19475292599887598,-0.20383009718600376,-0.20383009719294168,-0.19475813029871417,0.029216781639369235,0.023199252511121284,0.023199252403958846,0.029216795533298628
-0.11315161429345051,-0.11224702510068633,-0.11224710918325106,-0.11362761844260602,0.007415646889915914,0.10771564149736364,0.10771565158954324,0.007401331610889021,-0.19027018785203798,-0.19924463655509791,-0.19924463656203584,-0.19027539215187628,0.028022364245763577,0.02214009523434111,0.02214009512717868,0.028022378139649477
-0.1264080292892847,-0.12550477635216076,-0.12550486043471124,-0.12688403335612233,0.011542307576005077,0.11234667114453459,0.11234668123679273,0.011527992293211576,-0.19317292247980633,-0.20220316325651233,-0.20220316326345025,-0.19317812677964458,0.02879877330691716,0.02282225577086191,0.02282225566369947,0.028798787200828145
-0.16066143955116838,-0.15976042092820208,-0.15976050501067351,-0.16113744316525705,0.022198474456738268,0.12432305663429248,0.12432306672668998,0.02218415916095057,-0.20059261384379293,-0.20992366149698005,-0.20992366150391797,-0.20059781814363095,0.030739386890092372,0.024620242269569815,0.024620242162407355,0.030739400784071003
-0.1688762686365005,-0.1679766834093872,-0.16797676749191628,-0.1693522725798614,0.02475907117421445,0.12718777347709628,0.1271877835695837,0.024744755863811196,-0.20243149455107975,-0.21171930999008426,-0.21171930999702218,-0.20243669885091786,0.03125308087571901,0.025025413093719962,0.02502541298655751,0.031253094769718576
-0.12876158738965135,-0.1278584249249605,-0.12785850900743165,-0.12923759100373963,0.012274145975816603,0.11317009741524435,0.11317010750751015,0.012259830689736028,-0.19367856766529307,-0.20273755592812429,-0.2027375559350622,-0.19368377196513115,0.02892873198085466,0.022947618603909408,0.022947618496746956,0.028928745874771237
-0.13014997732166408,-0.12924656532467305,-0.12924664940715855,-0.13062598101807055,0.01270418360770963,0.113658386193895,0.11365839628613932,0.012689868333622019,-0.19395677317236168,-0.20307168773435164,-0.20307168774128956,-0.19396197747219973,0.028989087224826356,0.023030363807967493,0.023030363700805082,0.02898910111874046
-0.10301184943375945,-0.10210652178045454,-0.1021066058629975,-0.10348785345943777,0.004260759551410738,0.1041710119956082,0.1041710220877414,0.004246444277732498,-0.18806869916169275,-0.1969639924825772,-0.19696399248951513,-0.18807390346153097,0.027443760600581717,0.021610083077243398,0.021610082970080966,0.027443774494446845
-0.09968191310969514,-0.09877613312395533,-0.09877621720648387,-0.10015791705305528,0.003223518546422675,0.10300870112713023,0.10300871121924114,0.0032092032682304317,-0.18733182191941342,-0.19622809517101958,-0.1962280951779575,-0.18733702621925158,0.02724245551072552,0.02144211142293375,0.021442111315771333,0.027242469404573127
-0.09786131117005427,-0.09695546129563556,-0.09695554537817853,-0.0983373151957325,0.002657403996076216,0.10237173527324563,0.10237174536534989,0.0026430887210109315,-0.18694069389606674,-0.1958146996373823,-0.19581469964432022,-0.18694589819590496,0.027141938042505087,0.02134512990487661,0.021345129797714198,0.0271419519363588
-0.10188134921741142,-0.10097575974991957,-0.10097584383239769,-0.10235735287265842,0.003908020482198678,0.10377731792162782,0.10377732801374487,0.0038937052107606406,-0.18781137160299585,-0.19672089354947364,-0.19672089355641156,-0.18781657590283393,0.027369602569982096,0.02155619268933475,0.02155619258217232,0.027369616463837974
-0.118973699535384,-0.11806920184890943,-0.1180692859314598,-0.11944970360222151,0.009225286134645815,0.10975369556075891,0.10975370565294867,0.009210970850352154,-0.19151222153876052,-0.20057486124497997,-0.2005748612519179,-0.19151742583859876,0.028336700778573188,0.022454063129510024,0.022454063022347585,0.028336714672461835
-0.10994821367139675,-0.10904352806627238,-0.10904361214880813,-0.11042421765591605,0.006419700543381502,0.10659465806115576,0.10659466815333221,0.0064053852601139594,-0.18958375705731456,-0.19851559044655093,-0.19851559045348885,-0.18958896135715278,0.027846938522669305,0.021968678466781716,0.021968678359619277,0.027846952416547385
-0.13235623389757242,-0.13145339644394657,-0.13145348052649705,-0.13283223796441002,0.013392934396112733,0.11442617533865158,0.11442618543094284,0.013378619099409864,-0.1944631922431191,-0.2035421396137929,-0.2035421396207308,-0.1944683965429573,0.02913724364049259,0.023133685040276845,0.023133684933114393,0.029137257534419272
-0.1087262481566404,-0.10782141324319815,-0.10782149732572684,-0.10920225210000073,0.006039163422644487,0.10616799236626392,0.10616800245842303,0.006024848151610173,-0.18931445554802845,-0.19824450292451054,-0.19824450293144846,-0.18931965984786656,0.027773964851545447,0.021906554871874095,0.021906554764711643,0.027773978745417347
-0.09755179273930843,-0.0966460109079881,-0.09664609499026491,-0.09802779528326155,0.002561606987672124,0.10226276896997134,0.10226277906208031,0.0025472917124902306,-0.18687954343431773,-0.1957393911189831,-0.1957393911259207,-0.18688474767434618,0.02712919018291063,0.02132630184288598,0.021326301735728064,0.02712920407672888
-0.10067319557797548,-0.09976754358020028,-0.09976762766269286,-0.10114919931554052,0.003532256455843373,0.10335476215658945,0.10335477224870249,0.0035179411848179835,-0.18755074724560236,-0.19644757148585984,-0.19644757149279776,-0.1875559515454405,0.02730202895925712,0.021492304711651172,0.021492304604488754,0.027302042853116052
-0.09733621038953734,-0.09643027083232551,-0.09643035491495709,-0.09781221490912388,0.0024937373019358507,0.10218860544549295,0.10218861553759218,0.0024794220272201023,-0.1868232622238018,-0.19569981499157346,-0.19569981499851138,-0.18682846654325513,0.027109192772662175,0.021319182118062698,0.021319182010900307,0.027109206666524065
-0.12413790707497081,-0.12323446264064823,-0.12323454672316257,-0.12461391093601323,0.010835836789688144,0.1115533070006936,0.11155331709294336,0.010821521502733262,-0.1926783183978548,-0.20169419080021583,-0.20169419080715376,-0.19268352269769298,0.02866783033618765,0.022704351565885024,0.022704351458722592,0.028667844230097318
-0.13220207776557646,-0.13129924706524862,-0.13129933114769093,-0.1326780812150287,0.013345071653098424,0.11437213245448988,0.11437214254677439,0.013330756366701679,-0.19443093458207075,-0.20350632668119775,-0.20350632668813567,-0.19443613888190875,0.029129431320630717,0.023125096549548984,0.02312509644238653,0.029129445214550718
-0.10817911948767636,-0.10727427993908124,-0.10727436402153778,-0.10865512301944624,0.00586912625368463,0.10597643178026377,0.1059764418724349,0.005854810963481439,-0.18919801249544244,-0.19811923512909013,-0.19811923513602805,-0.18920321679528046,0.027744649904164666,0.021876928665555323,0.021876928558392864,0.027744663798033177
-0.11142882624581164,-0.11052427203983084,-0.11052435612236673,-0.11190483023033095,0.00688050932655435,0.10711204864900035,0.10711205874118714,0.006866194037483403,-0.1899067815482558,-0.19884714157620184,-0.19884714158313976,-0.18991198584809396,0.027932695270614087,0.02204538702693528,0.02204538691977282,0.027932709164494977
-0.10419217604170318,-0.10328671541096167,-0.10328679949349026,-0.10466817998506338,0.004626791699469796,0.10458546190679317,0.10458547199892383,0.004612476419496273,-0.18831046257408102,-0.19724311361245891,-0.19724311361939684,-0.1883156668739192,0.027499334719244022,0.02167812952589602,0.021678129418733587,0.02749934861310144
-0.1099777929074374,-0.10907305430783364,-0.10907313839043435,-0.11045379726238799,0.006428596790288516,0.10660546219079513,0.10660547228296899,0.00641428150715954,-0.18958651288845205,-0.19852569201576004,-0.19852569202269796,-0.1895917171882904,0.027845648718338813,0.021971829906648383,0.02197182979948598,0.02784566261221689
-0.12923253840479001,-0.12832953392308735,-0.12832961800557285,-0.12970854210119628,0.012421363924396986,0.11333369469028662,0.11333370478256827,0.012407048627493941,-0.1937890099614444,-0.20283577710150183,-0.20283577710843975,-0.19379421426128246,0.028962259241017196,0.022968648563805174,0.02296864845664272,0.028962273134934182
-0.1056867979104317,-0.10478144949238827,-0.1047815335749241,-0.10616280189495089,0.005091847087214224,0.10510791938271123,0.10510792947485356,0.00507753179891506,-0.18863518851292235,-0.1975790763097833,-0.19757907631672122,-0.18864039281276057,0.027584802413762956,0.021756157164479633,0.02175615705731718,0.02758481630763049
-0.10972901707120236,-0.10882426476418115,-0.10882434884670983,-0.11020502101456263,0.006351218214126828,0.10651845708575015,0.10651846717792364,0.006336902928515844,-0.1895328059313345,-0.19846944937848646,-0.19846944938542438,-0.1895380102311727,0.027831701294865313,0.021958692283875023,0.02195869217671257,0.027831715188742324
-0.18178600080518978,-0.180887274176349,-0.18088735825889268,-0.182262004830869,0.028775353762249992,0.1317014037035217,0.13170141379605976,0.02876103845076032,-0.20522897947903687,-0.2146280598814061,-0.21462805988834402,-0.20523418377887506,0.031985358068692196,0.025702579209987846,0.025702579102825387,0.031985371962716024
-0.14265884065968065,-0.14175693515022936,-0.1417570192327511,-0.1431348445618823,0.016599497092513283,0.11802620694590658,0.11802621703824846,0.016585181800184038,-0.19671207934830334,-0.20584808231210575,-0.20584808231904367,-0.1967172836481415,0.029734920717360922,0.023666935878400658,0.023666935771238205,0.029734934611305483
-0.175026352719646,-0.17412739069937774,-0.1741274747819574,-0.1755023569511204,0.026673581220436265,0.12933623342576223,0.12933624351827283,0.026659265927660113,-0.2037783742103253,-0.2130916733012359,-0.21309167330817383,-0.20378357851016346,0.03161344987483556,0.025341799387681208,0.025341799280518756,0.03161346376884484
-0.10688837436264875,-0.10598342030560472,-0.10598350438810454,-0.10736437814137295,0.005467409193072302,0.10552538990383684,0.10552539999599007,0.005453093920162097,-0.18891640575326543,-0.19783020596453893,-0.19783020597147685,-0.18892161005310354,0.02766988572978988,0.021810059322783466,0.021810059215621014,0.027669899623659337
-0.10078278831302039,-0.09987724391428236,-0.09987732799689743,-0.10125879275028894,0.0035669061737696496,0.10339224128820268,0.10339225138032711,0.0035525908947012246,-0.18758111852942372,-0.1964660348194921,-0.19646603482643002,-0.18758632282926213,0.0273136244241559,0.02149515340229282,0.02149515329513041,0.027313638318018973
-0.1155694693271413,-0.11466527648296021,-0.1146653605654673,-0.11604547314702458,0.00816916183127536,0.10855902038554334,0.1085590304777467,0.008154846549384545,-0.19080974403618986,-0.1997747246887368,-0.19977472469567473,-0.190814948336028,0.028172195931780195,0.022260083125712607,0.022260083018550175,0.02817220982567105
-0.10087423983060274,-0.09996873479073419,-0.09996881887332044,-0.10135024410323522,0.003595542306174256,0.10342393582939892,0.10342394592152107,0.0035812270334107123,-0.18760314590276383,-0.19648456119199736,-0.1964845611989353,-0.18760835020260222,0.027320606921520284,0.021498982626700948,0.02149898251953853,0.027320620815383934
-0.1204048258848973,-0.11950104693165793,-0.11950113101414343,-0.12088082958130363,0.009673978215741988,0.11024883193729026,0.11024884202951168,0.009659662942033569,-0.1918636661191567,-0.20085844356869256,-0.20085844357563049,-0.19186887041899478,0.02845144230316763,0.022511036614509695,0.022511036507347263,0.02845145619706991
-0.1815631884571629,-0.18066475784710634,-0.18066484192967885,-0.18203919264747825,0.028707760352605236,0.13162089698389987,0.13162090707645147,0.028693445044195146,-0.2052012862269086,-0.21455849063151275,-0.21455849063845067,-0.20520649052674686,0.03198944173553117,0.025681876697569005,0.025681876590406546,0.03198945562955283
-0.1804314937329802,-0.17953290907353575,-0.17953299315610105,-0.18090749788213636,0.02835524730375491,0.13122588274366978,0.1312258928362184,0.028340931986993813,-0.20495083404922654,-0.2143084121144872,-0.21430841212142512,-0.20495603834906476,0.03192101024133522,0.025624799894230107,0.025624799787067647,0.03192102413535735
-0.17092835040240933,-0.17002903161887617,-0.1700291157013837,-0.17140435422229328,0.02539820573031626,0.12790415294856944,0.12790416304106894,0.02538389042391194,-0.2028847871493254,-0.21217357033638823,-0.21217357034332615,-0.2028899914491635,0.03137647789372591,0.025129280650271237,0.025129280543108784,0.03137649178773689
-0.1092177223871388,-0.10831297429849347,-0.10831305838102208,-0.10969372633049902,0.006192363968212707,0.1063393727488866,0.10633938284106176,0.0061780486814052,-0.18942454264073544,-0.19835186553141082,-0.19835186553834874,-0.1894297469405736,0.02780475574968788,0.021930764152243574,0.021930764045081142,0.02780476964356675
-0.12369115766397276,-0.12278677469097578,-0.12278685877354778,-0.12416716185428732,0.010691806275221807,0.1114047293969188,0.11140473948912345,0.010677490980669613,-0.19252128509458472,-0.20165017951243205,-0.20165017951936998,-0.192526489394423,0.028593575981732077,0.022707287617021864,0.02270728750985946,0.02859358987562861
-0.10510066014985983,-0.1041955280850314,-0.10419561216758169,-0.1055766642166972,0.004910913473263514,0.1049008481111708,0.10490085820331531,0.004896598198627595,-0.1885250891653454,-0.1974311012965068,-0.1974311013034447,-0.18853029346518363,0.027565292464413416,0.021718005913887853,0.021718005806725414,0.027565306358282998
-0.103418963267549,-0.10251346667113218,-0.1025135507536175,-0.10389496696395509,0.004386327750490929,0.10431499283529098,0.1043150029274139,0.004372012478489756,-0.18814394297438963,-0.19706792644892546,-0.19706792645586338,-0.1881491472742277,0.0274563143413944,0.021637119442221676,0.021637119335059244,0.027456328235255616
-0.1698241678897186,-0.16892399186941712,-0.1689240759519319,-0.17030017175076165,0.025050339047327636,0.1275246677620595,0.12752467785450453,0.025036023752526042,-0.2025935836155497,-0.21197362952250945,-0.21197362952944737,-0.20259878791538782,0.031271667311928306,0.025094100680755647,0.025094100573593195,0.0312716812059254
-0.09807675722805931,-0.09717102862788275,-0.09717111271049479,-0.09855276166532775,0.0027250227899663832,0.10244616703680817,0.10244617712892565,0.0027107075055150215,-0.18699445224056255,-0.19585659079421208,-0.19585659080115,-0.18699965651371192,0.027159902566041665,0.021353334361732212,0.02135333425456982,0.027159916459880765
-0.1091231490337805,-0.10821839139815104,-0.10821847548075163,-0.109599153388731,0.006162922596082007,0.1063063361215749,0.10630634621375333,0.006148607304171825,-0.18940381993199515,-0.19833077232475763,-0.19833077233169555,-0.1894090242318335,0.027799205201216426,0.021925903745137997,0.021925903637975565,0.027799219095094096
-0.18045342668467645,-0.17955494052555462,-0.17955502460810555,-0.18092943075151463,0.028362609491166337,0.1312327374196229,0.13123274751217362,0.02834829417927286,-0.20496201864477284,-0.21430730408780246,-0.2143073040947404,-0.20496722294461098,0.03192747818163079,0.02562313412252809,0.02562313401536563,0.03192749207565903
-0.12948927323578696,-0.12858628942686104,-0.12858637350946908,-0.1299652776318967,0.01250125356898072,0.11342342977720171,0.11342343986948702,0.012486938269391729,-0.19384485875602694,-0.20289342069513297,-0.2028934207020709,-0.19385006305586533,0.028976996903608578,0.02298202104036393,0.022982020933201498,0.028977010797526806
-0.15650776802573557,-0.1556071680052941,-0.15560725208785195,-0.15698377213373257,0.020910101195201758,0.12286498613456404,0.12286499622698362,0.020895785897785478,-0.19973855052796138,-0.20894449243401128,-0.2089444924409492,-0.1997437548277996,0.030541155279811185,0.0243822157621901,0.024382215655027642,0.030541169173782818
-0.12787773020703394,-0.126970913426648,-0.1269709975092345,-0.1283537344796666,0.011979217889297145,0.11289121578187225,0.11289122587394157,0.011964902603245104,-0.19324879806636736,-0.2027625022171553,-0.20276250222409323,-0.19325400236620566,0.028685101180579427,0.023005572701487467,0.023005572594325056,0.028685115074461254
-0.1457377078539213,-0.1448360020176715,-0.14483608610020043,-0.14621371179728207,0.01755731982936459,0.11910271420538468,0.11910272429773207,0.017543004546159726,-0.19737891882723949,-0.2065421138205726,-0.20654211382751053,-0.19738412312707762,0.02990928827942911,0.02382858261766679,0.02382858251050435,0.02990930217337987
-0.1775602224869866,-0.1766614870656462,-0.17666157114820422,-0.17803622659498386,0.027462203526158427,0.13022166299326884,0.13022167308579757,0.027447888225820345,-0.20433130571413446,-0.21365896715474073,-0.21365896716167865,-0.20433651001397266,0.03176030723068939,0.025473023936864847,0.025473023829702394,0.031760321124702215
-0.12191056347987793,-0.12100656118437243,-0.12100664526685069,-0.12238656713512522,0.010140625663628073,0.11077799432713534,0.11077800441934679,0.010126310387669115,-0.19216852262468084,-0.20121786581853512,-0.20121786582547305,-0.19217372692451892,0.02851944654446556,0.022599401982939266,0.022599401875776835,0.02851946043836494
-0.10717725066978259,-0.10627231003807046,-0.1062723941205414,-0.10765325428387075,0.0055572483783752485,0.10562643752167578,0.10562644761382209,0.005542933116947665,-0.18897862612233296,-0.1978956494228121,-0.19789564942975002,-0.18898383042217107,0.027685964692465353,0.021825377484782343,0.021825377377619904,0.027685978586333128
-0.17239438527806733,-0.17149510072263577,-0.17149518480510012,-0.17287038885099706,0.025853946077079745,0.12841725203754423,0.1284172621300451,0.025839630771577676,-0.20319828711038196,-0.2125078243882483,-0.21250782439518623,-0.20320349141021987,0.03145623772249003,0.02520801176680494,0.02520801165964251,0.031456251616496615
-0.10515686782381393,-0.10425172101327747,-0.10425180509578448,-0.10563287164369711,0.004928298039424975,0.10492065384719951,0.10492066393934396,0.0049139827635344595,-0.18853605276198546,-0.1974449097760511,-0.197444909782989,-0.1885412570618236,0.027567492814395373,0.02172148681376145,0.02172148670659901,0.02756750670826202
-0.10009936674370638,-0.09919369189013717,-0.09919377597268736,-0.10057537081054366,0.003353819520875386,0.10315400747005257,0.1031540175621686,0.0033395042435937173,-0.18742740436290622,-0.19631733576842675,-0.19631733577536467,-0.18743260866274442,0.027270294676207226,0.0214617658079861,0.02146176570082368,0.027270308570059052
-0.10255325174754167,-0.10164774280992668,-0.10164782689249857,-0.10302925593785607,0.004117250252112557,0.10401193712818786,0.10401194722031155,0.0041029349777412585,-0.18795932710913021,-0.19687006599716905,-0.19687006600410697,-0.18796453140896852,0.027409629152228433,0.021590404590389158,0.02159040448322674,0.027409643046093966
-0.14979376013600773,-0.1488900100538343,-0.14889009413642096,-0.1502697644086408,0.018806335387747307,0.12054022972271584,0.12054023981495061,0.018792020110698655,-0.1981045256520956,-0.20760021798964454,-0.20760021799658246,-0.19810972995193393,0.03001483299431859,0.02410847202464049,0.02410847191747805,0.030014846888250804
-0.105088488931718,-0.10418315779216478,-0.10418324187472947,-0.10556449308087348,0.004906026433795888,0.10489825493453268,0.10489826502666358,0.00489171116357325,-0.18850931317800068,-0.19744071718261816,-0.19744071718955608,-0.188514517477839,0.027553931158095516,0.021723120307512757,0.021723120200350325,0.027553945051964776
-0.12144185986867342,-0.12053812955081443,-0.12053821363333594,-0.12191786377087481,0.009996491345743192,0.11061158148268313,0.11061159157491932,0.00998217605497168,-0.1920870332860877,-0.20109337576370148,-0.2010933757706394,-0.19209223758592586,0.02850916635017919,0.02256602588099136,0.022566025773828907,0.02850918024407639
-0.11217376654571988,-0.11126919151014769,-0.1112692755926547,-0.11264977036560309,0.007111873891077078,0.10737309130582721,0.10737310139801072,0.007097558607062341,-0.19006355004033487,-0.19901936776365828,-0.1990193677705962,-0.190068754340173,0.027971168128358814,0.022086501147606675,0.022086501040444243,0.027971182022237962
-0.1345065007985162,-0.13360297360286713,-0.1336030576854248,-0.1349825049065128,0.01405727169527056,0.11518495365979403,0.11518496375205023,0.014042956397483897,-0.1948739718395027,-0.20407852331187176,-0.20407852331880968,-0.1948791761393409,0.029214401342342915,0.023270633445171798,0.023270633338009394,0.029214415236260758
-0.10184186683586408,-0.10093640092119002,-0.10093648500373298,-0.1023178708615423,0.00389643659615358,0.10376245765803688,0.10376246775016777,0.0038821213140877767,-0.1878111635677438,-0.196704145820835,-0.19670414582777293,-0.18781636786758202,0.02737414280945513,0.02155046663254821,0.021550466525385805,0.027374156703313335
-0.10335939701663187,-0.1024540989299324,-0.1024541830125545,-0.10383540149505936,0.00436891797503962,0.10429247297622579,0.10429248306837255,0.004354602684486163,-0.1881444237079012,-0.1970419121468418,-0.19704191215377972,-0.18814962800773957,0.027463809458965205,0.02162813274808866,0.021628132640926275,0.027463823352835832
-0.10144798172053617,-0.10054139011107995,-0.1005414741936878,-0.10192398611664566,0.0037677941463442905,0.10363396144503516,0.10363397153710342,0.0037534788674798746,-0.1876529514293041,-0.19668392957434783,-0.19668392958128575,-0.18765815572914255,0.02729262569232592,0.021561707650690213,0.02156170754352781,0.027292639586178648
-0.1081979380698029,-0.10729294755362435,-0.10729303163618908,-0.10867394221895833,0.005874134395038415,0.10598428999554715,0.10598430008770215,0.005859819118108363,-0.1891919844613931,-0.19813298110078167,-0.1981329811077196,-0.18919718876123137,0.027737509451000935,0.02188234076481932,0.02188234065765688,0.027737523344873203
-0.10164561984516032,-0.10074015998959776,-0.10074024407214786,-0.10212162391199756,0.0038354890986467406,0.10369368384253146,0.10369369393466432,0.003821173814030298,-0.18776990214785086,-0.19665873915632512,-0.19665873916326304,-0.18777510644768913,0.027364038126418955,0.021539619028844974,0.021539618921682536,0.027364052020283185
-0.14407302666180136,-0.143169967700509,-0.14317005178304515,-0.144549030646321,0.01703253407275683,0.11853110601341375,0.11853111610569772,0.017018218775632293,-0.19693587262498383,-0.20624446487556825,-0.20624446488250617,-0.196941076924822,0.029748006428643583,0.023777306579119542,0.023777306471957103,0.029748020322581413
-0.10553922725731302,-0.10463388122809797,-0.10463396531064102,-0.10601523128299131,0.005046004715093005,0.10505622215692853,0.10505623224906484,0.005031689435819712,-0.18860401758018783,-0.19754506743024924,-0.19754506743718717,-0.18860922188002602,0.02757708722382255,0.021748063148367233,0.02174806304120478,0.027577101117690392
-0.16710584311071475,-0.16620577101946174,-0.16620585510194757,-0.16758184680712165,0.024206235021060517,0.1265718725186034,0.12657188261104665,0.02419191973551414,-0.20202340285950865,-0.21134340329112983,-0.21134340329806775,-0.20202860715934665,0.031132801075243292,0.024943252003731854,0.024943251896569422,0.031132814969234437
0.25779708400494533,0.25874239680880445,0.25874231272622844,0.25732107977347635,-0.10807745161747856,-0.021844600374294417,-0.021844590284537044,-0.10809176672657488,-0.10882351492806223,-0.11666498693188122,-0.11666498693881919,-0.10882871922790098,0.006117212539397623,0.003148104132698593,0.0031481040255361744,0.00611722643244251
0.2752225393606583,0.27617181769465377,0.27617173361215014,0.2747465355407798,-0.11351417327634607,-0.02791353888525158,-0.02791352879573504,-0.11352848835296446,-0.10486155206884233,-0.11291367547947358,-0.11291367548641154,-0.10486675636868091,0.004977773397686313,0.0023154856665208337,0.002315485559358415,0.004977787290674365
0.23129632641507403,0.23223108157484518,0.23223099749237722,0.23082032280099005,-0.09978412068868707,-0.012652865457265908,-0.01265285536692014,-0.09979843581820402,-0.11514886022095895,-0.12208785953471722,-0.12208785954165519,-0.11515406452079739,0.008093705507818008,0.004283014788875179,0.004283014681712721,0.008093719400984975
0.3108597504971022,0.311812530898079,0.31181244681553955,0.31038374647142897,-0.1246073717653854,-0.04036388865682026,-0.04036387856750895,-0.12462168683421639,-0.09706410826382006,-0.10495464946369704,-0.104954649470635,-0.09706931256365879,0.002895406811057606,0.0004790174741494125,0.0004790173669869744,0.002895420703968813
0.20585271546888914,0.20678522524369952,0.20678514116112323,0.20537671123741943,-0.09186541656817142,-0.0037616496065222367,-0.003761639516033219,-0.09187973171926382,-0.12069902041328698,-0.12778621386968994,-0.12778621387662786,-0.12070422471312563,0.00956669569051245,0.005601590642989568,0.00560159053582711,0.009566709583740854
0.2714057709515819,0.27234779578915724,0.2723477117066464,0.27092976709054417,-0.11228791188136455,-0.02663775440810514,-0.0266377443181778,-0.11230222698788635,-0.10615238617389683,-0.1133374354693242,-0.11333743547626217,-0.1061575904737354,0.0055709269102559855,0.002312630882847619,0.0023126307756851814,0.005570940803315823
0.22463594270886333,0.2255700795284456,0.22556999544591988,0.22415993876550702,-0.09771106933709346,-0.01032566394549888,-0.010325653855117127,-0.09772538446707835,-0.11660374704697837,-0.12357762059605577,-0.12357762060299374,-0.11660895134681691,0.008480930736652452,0.0046272947368408675,0.0046272946296784185,0.008480944629841477
0.270572176782781,0.27152028901939074,0.2715202049369591,0.2700961733744926,-0.11206266591520438,-0.026294816346973865,-0.02629480625739226,-0.11207698099469396,-0.1059260485103687,-0.1139080595568535,-0.11390805956379146,-0.10593125281020714,0.00528767305985866,0.0025345528373867795,0.0025345527302243313,0.00528768695285533
0.27595116681983106,0.2769007235904407,0.2769006395078938,0.27547516275299827,-0.1137421298873599,-0.02816636012460932,-0.028166350035102154,-0.11375644497206594,-0.1046884162865488,-0.11276384502564521,-0.11276384503258317,-0.10469362058638748,0.004924061580478896,0.002283941568941514,0.002283941461779115,0.00492407547346459
0.16657282228228842,0.1675019755710862,0.1675018914884879,0.16609681792734124,-0.07964111459871075,0.009965543616291915,0.00996555370698544,-0.07965542976691463,-0.129260111395515,-0.1365901690677032,-0.1365901690746411,-0.1292653156953536,0.011834807058265477,0.007640387727614974,0.007640387620452516,0.011834820951576373
0.2983424652983405,0.29929348697812075,0.2992934028955524,0.2978664611080309,-0.1207080413624354,-0.035995233186884586,-0.03599522309747202,-0.12072235643477522,-0.09983791573352248,-0.107717255711986,-0.10771725571892396,-0.09984312003336125,0.0036552622132339334,0.0011087294807807235,0.0011087293736183148,0.0036552761061798785
0.2561642998488066,0.2571017301279919,0.25710164604550245,0.2556882961112458,-0.10752634035357823,-0.02133889487840716,-0.021338884788216772,-0.10754065547845305,-0.10969240556084317,-0.11654839447480092,-0.11654839448173888,-0.10969760986068167,0.006628162844143883,0.0030082213368302453,0.0030082212296677876,0.006628176737257493
0.19114436605897286,0.19208651717063352,0.19208643308812193,0.19066836219793443,-0.0873485086385502,0.0014698444357122272,0.0014698545256728681,-0.08736282376578319,-0.1231826828926207,-0.13176200726506346,-0.13176200727200138,-0.12318788719245923,0.009829563181749223,0.006681167087941272,0.006681166980778834,0.009829577074910768
0.2510390369820769,0.2519756092797497,0.25197552519726735,0.250563033285675,-0.10592897533235279,-0.019551283839354713,-0.019551273749111777,-0.1059432904631987,-0.11083729174339865,-0.11767096227898853,-0.1176709622859265,-0.11084249604323715,0.006946710526734579,0.003262059080707745,0.0032620589735452873,0.006946724419864852
0.261024580900993,0.2619649487486527,0.2619648646661994,0.2605485773692274,-0.1090529063633428,-0.02301628209795135,-0.02301627200793281,-0.10906722146880497,-0.10846599837225343,-0.11561622041482562,-0.11561622042176359,-0.10847120267209184,0.006211799739992038,0.002829119459588776,0.0028291193524263183,0.00621181363307758
0.23605274456150646,0.23698897268182634,0.23698888859943051,0.2355767413590129,-0.10127028413726552,-0.014306158758074564,-0.014306148667809451,-0.10128459926689068,-0.11404154566696906,-0.12108823763277442,-0.12108823763971238,-0.11404674996680735,0.007761679370179488,0.0040670700198439215,0.004067069912681453,0.007761693263329895
0.22131904512408307,0.22225359152088248,0.22225350743832073,0.22084304097493168,-0.09668266353631805,-0.009160693856834762,-0.00916068376646879,-0.09669697867354214,-0.11728074714944366,-0.12436424344401528,-0.12436424345095325,-0.1172859514492823,0.008635159756896976,0.004819562989730205,0.004819562882567767,0.008635173650083672
0.2818486204122602,0.28278799493085405,0.282787910848264,0.28137261609847325,-0.1155181735047857,-0.030316923231640973,-0.030316913141569306,-0.11553248861917213,-0.10411105758578867,-0.11077607765908068,-0.11077607766601864,-0.10411626188562745,0.005158552792622136,0.0016678362025672397,0.0016678360954048015,0.005158566685695374
0.14219891931730808,0.14312579227667294,0.1431257081941249,0.14172291525047373,-0.07205461088858135,0.01848186419995329,0.01848187429077836,-0.07206892605765945,-0.13458552916918987,-0.1420408628940117,-0.1420408629009496,-0.13459073346902833,0.013252853418034864,0.008899762391784322,0.008899762284621877,0.013252867311404801
0.27818530879286635,0.27913309951597615,0.2791330154335374,0.2777093053434189,-0.1144265555677869,-0.02896353478770062,-0.0289635246981172,-0.11444087062865274,-0.10433115988022594,-0.11214112263375772,-0.11214112264069569,-0.10433636418006441,0.004900378680479642,0.0021111997905654714,0.002111199683403023,0.0049003925734619844
0.2047957137683893,0.2057284456193941,0.20572836153697635,0.20431971044241812,-0.09153819822252318,-0.003389643293600975,-0.0033896332031386842,-0.09155251335133609,-0.12090872729951585,-0.128042563761356,-0.12804256376829393,-0.12091393159935412,0.009610943511330385,0.00566550305049908,0.005665502943336623,0.009610957404555446
0.22859836467640499,0.22953834534106535,0.22953826125852517,0.2281223606507308,-0.09897476777393308,-0.01166426992323214,-0.011664259833167361,-0.09898908290105307,-0.11537538356790432,-0.12303259437808935,-0.12303259438502731,-0.11538058786774295,0.007955887529566049,0.004581336294547219,0.00458133618738477,0.007955901422692759
0.2311424126502483,0.23207728379167075,0.23207719970915952,0.2306664087892102,-0.09973693843760781,-0.012597993541303091,-0.012597983450960073,-0.0997512535719799,-0.11517384223875707,-0.12213041190946188,-0.12213041191639984,-0.11517904653859558,0.008095637575996056,0.004294753257577964,0.004294753150415515,0.008095651469167221
0.2830215778268261,0.2839713695979982,0.28397128551547296,0.28254557388347046,-0.11594046462872377,-0.030640360366148506,-0.03064035027666226,-0.11595477970494307,-0.1031718757238741,-0.11115611674133699,-0.11115611674827496,-0.10317708002371272,0.0045356677630861856,0.0019062454666018988,0.00190624535943949,0.004535681656062351
0.24700844410481787,0.24794454188285456,0.24794445780032912,0.2465324401614618,-0.10467389245543963,-0.018143797058278607,-0.01814378696801687,-0.10468820757425604,-0.1117243755991394,-0.11856625406142621,-0.11856625406836417,-0.11172957989897797,0.007186440909721787,0.0034674934578083124,0.0034674933506458642,0.00718645480286871
0.27316644645698196,0.2741057018122455,0.2741056177296624,0.27269044218435395,-0.11281964849819684,-0.027277533507028665,-0.02727752341694766,-0.11283396361334942,-0.1059620894055944,-0.11276085323192094,-0.1127608532388589,-0.10596729370543313,0.0056263736703346156,0.002136543188936665,0.0021365430817742166,0.005626387563418461
0.26040772438465043,0.26134536343322445,0.26134527935072066,0.2599317205647715,-0.10884608376359535,-0.022823138732296015,-0.022823128642127207,-0.10886039887418729,-0.10877773557712526,-0.11558771583852394,-0.1155877158454619,-0.10878293987696382,0.006391412730605467,0.002783508030307624,0.0027835079231451664,0.006391426623718873
0.25279672478690507,0.25374356187582175,0.2537434777932529,0.2523207205965948,-0.10653211937123265,-0.020080760437103183,-0.020080750347445938,-0.10654643445264923,-0.1097840503981513,-0.11790735541378701,-0.11790735542072497,-0.10978925469799004,0.006300931285029547,0.003464258479601239,0.003464258372438801,0.006300945178060019
0.24004919844251835,0.24099526902666496,0.240995184944197,0.23957319482843453,-0.1025667493189729,-0.015623163591079561,-0.015623153501366593,-0.10258106441533157,-0.11254102088256485,-0.12078460431790575,-0.12078460432484371,-0.11254622518240329,0.007019650262691514,0.004135265381977298,0.004135265274814859,0.007019664155749981
0.2475381664795264,0.24848522223507377,0.24848513815253379,0.24706216245385249,-0.10489930934417228,-0.018237446863714854,-0.018237436774052148,-0.10491362444788901,-0.11088590541203062,-0.11912760115335125,-0.11912760116028921,-0.1108911097118693,0.006568631067512998,0.003756576948402854,0.003756576841240435,0.006568644960552994
0.28345051535073784,0.28439304313198355,0.2843929590494295,0.2829745112427462,-0.11603343881893179,-0.03085145639783261,-0.03085144630793693,-0.11604775392424255,-0.10356208138326288,-0.11060501146943975,-0.11060501147637772,-0.10356728568310158,0.004903747567468007,0.0016721930645798788,0.0016721929574174405,0.004903761460509693
0.2639660889063488,0.26491451788134107,0.2649144337988302,0.2634900850453111,-0.11001167590973411,-0.023978789980289936,-0.02397877989071085,-0.11002599100637837,-0.10730745170149383,-0.11544363945680206,-0.11544363946374002,-0.10731265600133243,0.005621692153417949,0.002903008432487132,0.0029030083253247037,0.005621706046425895
0.26285508696922205,0.26379565546457096,0.26379557138208876,0.2623790832728203,-0.10962282433234946,-0.02365561988534453,-0.02365560979532933,-0.10963713944975483,-0.10806410206460476,-0.11520870337702899,-0.11520870338396695,-0.10806930636444327,0.006103717732006336,0.0027353937010772527,0.002735393593914795,0.006103731625083574
0.24503063438412795,0.2459666131179767,0.2459665290354512,0.24455463044077191,-0.10405865522579538,-0.017452190657745968,-0.01745218056747242,-0.10407297035176567,-0.11215213109054749,-0.11901266171930722,-0.11901266172624518,-0.11215733539038604,0.007297955820472535,0.003571599702552092,0.003571599595389644,0.007297969713621452
0.17338978447820946,0.1743194956706221,0.17431941158812483,0.17291378069948873,-0.0817624844795112,0.007583002621575058,0.007583012712233998,-0.08177679964352347,-0.1277759967823417,-0.13506070569821835,-0.13506070570515627,-0.12778120108218005,0.011442519252977013,0.007285835740060962,0.0072858356328985045,0.011442533146271127
0.31392732719170185,0.31487994460528046,0.3148798605226906,0.3134513228779154,-0.12555967435970414,-0.04143948059699595,-0.04143947050767862,-0.12557398942580913,-0.09642368271610786,-0.10424061806084359,-0.10424061806778155,-0.09642888701594668,0.0027411455256086716,0.00030746872024841384,0.0003074686130860051,0.002741159418523094
0.27775736571678716,0.27870364314749024,0.27870355906489286,0.2772813613618413,-0.11428518241443936,-0.028826355198719754,-0.028826345109027724,-0.11429949751304079,-0.10452223958149422,-0.11214503928949324,-0.1121450392964312,-0.10452744388133303,0.005004528023347013,0.0020905854887098355,0.0020905853815474168,0.005004541916359811
0.21726243988506697,0.21820666112469525,0.21820657704210455,0.21678643557127944,-0.09547582282101418,-0.007659024229567672,-0.007659014139736628,-0.09549013793346357,-0.11750091724859268,-0.12589800307593693,-0.12589800308287485,-0.11750612154843142,0.00833013098987287,0.005320843192955516,0.005320843085793077,0.008330144882983578
0.3022309359276819,0.3031827042777953,0.3031826201952341,0.3017549317785315,-0.12192047266075656,-0.03735066836628731,-0.037350658276916575,-0.12193478773282385,-0.09896296462200037,-0.10687154222036095,-0.10687154222729892,-0.09896816892183914,0.0034084343759858632,0.0009189223866740497,0.0009189222795116213,0.0034084482689211376
0.2617535029090538,0.26269672713749354,0.26269664305493207,0.26127749875990286,-0.10929526213092096,-0.023247596048869792,-0.023247585959005907,-0.10930957723474218,-0.10812198826344421,-0.11562698952119664,-0.1156269895281346,-0.10812719256328292,0.006019341650463071,0.0028723506369529635,0.0028723505297905154,0.006019355543517839
0.25398926898989355,0.25492598614386064,0.2549259020613136,0.2535132649230603,-0.1068465233715222,-0.02058320234686455,-0.020583192256638617,-0.10686083848980756,-0.11020137838475665,-0.11700304404548817,-0.11700304405242613,-0.1102065826845953,0.006782117807120002,0.0031058237074466474,0.0031058236002842097,0.006782131700252555
0.25732938836304536,0.2582769163507592,0.25827683226826975,0.25685338462548446,-0.10794441397315402,-0.021662253248406493,-0.021662243158794215,-0.10795872904531868,-0.10877605278520074,-0.11691033726400941,-0.11691033727094738,-0.10878125708503926,0.006022880669985254,0.003237794094357172,0.003237793987194734,0.006022894563007211
0.1925529610161931,0.19348430772606295,0.19348422364354417,0.19207695711399553,-0.08772624922658391,0.0008860075706105171,0.000886017661168289,-0.08774056437968254,-0.12359948947443583,-0.13076547024305898,-0.1307654702499969,-0.12360469377427434,0.010336095423780804,0.006291128627217188,0.006291128520054739,0.01033610931703124
0.27306804618059205,0.27401442915870416,0.2740143450761428,0.2725920420314412,-0.11282862746051771,-0.02718333031193268,-0.027183320222248297,-0.11284294255460961,-0.10551074724612548,-0.11322761712845067,-0.11322761713538863,-0.10551595154596421,0.005248064289600205,0.0023486646789129305,0.0023486645717505023,0.005248078182617819
0.2907777184997408,0.2917283330024215,0.29172824891984583,0.2903017142682722,-0.11835514300779024,-0.03334956627460797,-0.03334955618516739,-0.11836945808533367,-0.10147080850346997,-0.10942768157570971,-0.10942768158264768,-0.10147601280330877,0.004079194048687556,0.001508313239638694,0.0015083131324762952,0.00407920794164658
0.25466376550930797,0.25561086831669266,0.25561078423411676,0.25418776127783893,-0.1071137508079009,-0.020732347235562047,-0.020732337145907557,-0.10712806590621674,-0.10937009044275783,-0.11749550702618088,-0.11749550703311884,-0.1093752947425966,0.006187409043911876,0.0033704319860979556,0.0033704318789355273,0.006187422936943045
0.25161718795210103,0.25255373971102907,0.2525536556284459,0.25114118367947275,-0.10610851515974892,-0.019753914712529803,-0.019753904622288602,-0.1061228302866828,-0.11071589796097357,-0.11753703847148693,-0.1175370384784249,-0.11072110226081229,0.006917074778903257,0.0032300299579695836,0.0032300298508071354,0.0069170886720364005
0.2466474906405907,0.24759459138524353,0.24759450730266033,0.24617148636796263,-0.10462279465883718,-0.017925165136153328,-0.017925155046490723,-0.1046371097651799,-0.1110719977645201,-0.11933478616946094,-0.11933478617639891,-0.11107720206435885,0.006613537825333336,0.003806323479868558,0.0038063233727061393,0.00661355171837545
0.26943086684352213,0.27037975971576167,0.270379675633229,0.26895486285900744,-0.11171235365917263,-0.02588859788584669,-0.02588858779630002,-0.11172666874701473,-0.10611659704138579,-0.11421861036206414,-0.1142186103690021,-0.10612180134122447,0.0053063049175463076,0.0026192756045817925,0.0026192754974193643,0.005306318810542377
0.24685004161504023,0.2477970366751675,0.24779695259269238,0.24637403795979748,-0.1046851464152033,-0.017996984507391792,-0.01799697441773421,-0.10469946150636011,-0.11103602064751301,-0.1192817036055464,-0.11928170361248436,-0.11104122494735148,0.006608476880860089,0.003792233275459859,0.003792233168297421,0.00660849077390291
0.2523344152709194,0.2532709828080578,0.25327089872552516,0.25185841128640435,-0.10633147025747373,-0.020004947796057795,-0.020004937705819997,-0.1063457853803608,-0.11056260254276898,-0.11737343814273349,-0.11737343814967145,-0.11056780684260757,0.006878117258887513,0.0031914782301046634,0.0031914781229422256,0.006878131152023225
0.24724278129095814,0.24817930109348213,0.24817921701104315,0.24676677784151038,-0.10474905025074689,-0.0182223236572172,-0.018222313566985532,-0.10476336535933767,-0.1116466835111933,-0.11853876824053478,-0.11853876824747274,-0.11165188781103169,0.007151291004911687,0.003466985229264674,0.0034669851221022165,0.007151304898049194
0.2568841113287384,0.2578227579977028,0.25782267391525665,0.2564081078381319,-0.1077567615248611,-0.021580768931775688,-0.02158075884164416,-0.10777107665907569,-0.10945901435162428,-0.11645902398920766,-0.11645902399614562,-0.10946421865146272,0.006524461052142655,0.003004359415547214,0.0030043593083847564,0.006524474945236877
0.24352927532459234,0.2444710375901793,0.24447095350763212,0.24305327125775927,-0.10362422585937003,-0.016877954223383274,-0.016877944133427577,-0.10363854097343699,-0.11208766629801555,-0.11971759183919135,-0.11971759184612932,-0.11209287059785418,0.007066525512026818,0.0038210301217176572,0.0038210300145552194,0.007066539405121284
0.18050423302676805,0.1814348757170682,0.18143479163456366,0.18002822920688835,-0.08397836903280005,0.0050994199181460175,0.005099430008747018,-0.08399268418895632,-0.1262039558680144,-0.1334862832748027,-0.13348628328174061,-0.12620916016785277,0.011014301478184193,0.006925952587563048,0.00692595248040059,0.011014315371462328
0.26262914884474087,0.2635776113074235,0.26357752722492694,0.262153145066021,-0.10959642619912448,-0.023510329970686753,-0.023510319881132162,-0.10961074126249859,-0.10758905441176632,-0.11575249656567511,-0.11575249657261308,-0.10759425871160487,0.005690943181442038,0.0029766857304126836,0.0029766856232502554,0.00569095707444904
0.2539997331476948,0.25494754610239717,0.25494746201982843,0.2535237289573848,-0.10691135302501603,-0.020493859003423306,-0.0204938489138034,-0.1069256681279223,-0.10946400881321788,-0.11769212974236493,-0.11769212974930289,-0.10946921311305659,0.006184486256752329,0.003427144878553903,0.003427144771391484,0.006184500149778622
0.20832105778190924,0.2092538424891903,0.2092537584068086,0.20784505466173323,-0.09263394212032429,-0.004623732571606586,-0.004623722481149652,-0.09264825724700357,-0.12015683854887739,-0.127236929026874,-0.12723692903381192,-0.12016204284871561,0.009420753341451838,0.005475313760382162,0.005475313653219704,0.009420767234669334
0.2845061744436061,0.28545666957058463,0.28545658548804503,0.28403017041793244,-0.11640568577733346,-0.03115435148463852,-0.03115434139519413,-0.11642000084873332,-0.10281010803319827,-0.11085929810893856,-0.11085929811587653,-0.10281531233303698,0.004418919616020398,0.0018459139150241806,0.0018459138078617523,0.004418933508985897
0.21986744911191478,0.22080661738322288,0.22080653330069713,0.21939144516855852,-0.09625724971136151,-0.008613622469894947,-0.008613612379785258,-0.09627156483603723,-0.11728269353932032,-0.1249853512180415,-0.12498535122497946,-0.1172878978391589,0.008463603005103137,0.005032582848997123,0.005032582741834685,0.008463616898253434
0.2761965696883326,0.2771353681488115,0.277135284066207,0.2757205652922275,-0.11375868143349209,-0.02834247403015983,-0.02834246394005098,-0.11377299655445837,-0.10534909296044907,-0.11203709453683482,-0.11203709454377278,-0.10535429726028786,0.005489922640994361,0.0019585026220390873,0.0019585025148766495,0.005489936534079872
0.26129536410488546,0.26223274831045806,0.2622326642279758,0.2608193604084837,-0.10912049069054718,-0.02313611579489802,-0.023136105704708067,-0.10913480581324583,-0.10860618779460542,-0.11536815301834265,-0.11536815302528061,-0.10861139209444391,0.0063579566778706785,0.0027278404045853184,0.0027278402974228607,0.006357970570977122
0.23242326954089038,0.2333581387518143,0.2333580546693391,0.23194726588564743,-0.10013493547873935,-0.013046550672835165,-0.013046540582491849,-0.10014925061414749,-0.11490206419095642,-0.12183638113356031,-0.12183638114049827,-0.1149072684907949,0.008027676726399308,0.004225037203840695,0.0042250370966782375,0.00802769061956357
0.20523528166252805,0.20616779323921772,0.20616770915674232,0.20475927800728463,-0.09167356615177562,-0.0035454194754796923,-0.0035454093850006895,-0.09168788128754661,-0.12082999531709193,-0.1279279834429126,-0.1279279834498505,-0.12083519961693036,0.009599427614886955,0.005635212398776386,0.005635212291613928,0.009599441508112361
0.22122333845476397,0.2221574357302345,0.22215735164768718,0.22074733438793062,-0.09665043135083708,-0.00913094356670195,-0.009130933476310084,-0.09666474649061299,-0.11733082364151431,-0.12435821264577354,-0.1243582126527115,-0.11733602794135291,0.008664415761148169,0.004811737635512363,0.0048117375283499245,0.00866442965434151
0.28932032930697965,0.29027129373540445,0.29027120965285036,0.288844325198988,-0.11790422143245743,-0.032836274193923536,-0.03283626410450472,-0.11791853650545861,-0.10175701710036224,-0.10978389593769046,-0.10978389594462842,-0.10176222140020098,0.004137819474770874,0.0015977202749518154,0.0015977201677893872,0.004137833367724711
0.23128639687970284,0.23223094534691177,0.2322308612644221,0.23081039314214175,-0.09983538495296239,-0.012567298211145092,-0.012567288121347981,-0.0998497000488555,-0.11450211537268296,-0.12270045458607924,-0.1227004545930172,-0.11450731967252145,0.007567245473060701,0.004567659939312688,0.004567659832150239,0.007567259366142112
0.24431019916839775,0.2452552783478017,0.24525519426534104,0.2438341955954729,-0.10388529338224649,-0.017123623110078003,-0.017123613020322552,-0.10389960846507829,-0.11170214091922595,-0.119745094241634,-0.11974509424857196,-0.1117073452190644,0.00684655193592568,0.003874777249970314,0.003874777142807876,0.006846565828987512
0.23804046524303232,0.2389763271410881,0.23897624305854806,0.2375644612173582,-0.10188591017083813,-0.015005299828933005,-0.015005289738644081,-0.10190022530752327,-0.11364380971040343,-0.12060934032188038,-0.12060934032881834,-0.11364901401024205,0.00767572792834908,0.003948359298087996,0.003948359190925539,0.007675741821504903
0.26814372057186825,0.26908172364514343,0.2690816395625172,0.267667716052286,-0.11125195790831947,-0.02552913352086663,-0.025529123430710617,-0.11126627303180621,-0.10711132294062346,-0.1138353291684665,-0.11383532917540447,-0.10711652724046229,0.00596068214961977,0.002373370082598857,0.002373369975436429,0.0059606960427253655
0.27615948259944884,0.27710598097757166,0.27710589689501763,0.275683478491457,-0.11378988817625937,-0.02826494563051925,-0.028264935540839663,-0.11380420327327612,-0.10484682357101618,-0.11252544902226978,-0.11252544902920775,-0.10485202787085486,0.005077564037400955,0.002183889369077607,0.0021838892619151884,0.005077577930412179
0.28090465520768176,0.28185349200173304,0.2818534079192582,0.28042865155243923,-0.11527736014735988,-0.029907046579928407,-0.02990703649039868,-0.11529167521250035,-0.10368455704647585,-0.11158234133421152,-0.11158234134114949,-0.10368976134631437,0.0046995655317504685,0.0019936625820548663,0.0019936624748924285,0.0046995794247296566
0.25716198192063205,0.2581098921899084,0.2581098081074046,0.25668597810075333,-0.1078945165173979,-0.021600424869434705,-0.02160041477983263,-0.10790883160396945,-0.10878626079819827,-0.11697257641719565,-0.11697257642413361,-0.10879146509803683,0.0060112042283766536,0.0032579894058234115,0.0032579892986609633,0.006011218121394634
0.27015272853796996,0.2711018540994822,0.271101770016964,0.26967672463577314,-0.1119379531741378,-0.026139434727660157,-0.026139424638130355,-0.11195226825604508,-0.10594793927717193,-0.11406747123915476,-0.11406747124609272,-0.10595314357701055,0.0052554231278760235,0.002586767576457602,0.002586767469295164,0.005255437020869176
0.2693645928307573,0.2703134664864404,0.27031338240389335,0.2688885887639244,-0.11169165351426161,-0.025865550272369805,-0.025865540182826403,-0.11170596859573974,-0.1061319367655695,-0.11423262256338221,-0.11423262257032017,-0.10613714106540818,0.005310858838588565,0.00262232352104502,0.0026223234138825916,0.005310872731586552
0.2757304893830254,0.2766800654220023,0.27667998133944816,0.2752544852750337,-0.11367366452868877,-0.028088919927025776,-0.028088909837516378,-0.11368797961853024,-0.1047339856144832,-0.11281568374865256,-0.11281568375559052,-0.10473918991432192,0.004934751191541548,0.002296502378519929,0.002296502271357501,0.004934765084527143
0.1543169819594785,0.15524519701282402,0.15524511293029478,0.15384097797496232,-0.07582757656105758,0.014249519563720864,0.014249529654468122,-0.0758418917278636,-0.13192407330733438,-0.13934390033558694,-0.13934390034252486,-0.1319292775676216,0.012536631286522831,0.008279676193107483,0.008279676085945027,0.012536645179839205
0.23299865511792553,0.23393360489210635,0.23393352080956625,0.23252265109225123,-0.10031417656210491,-0.013247366549368051,-0.01324735645903525,-0.10032849168817443,-0.114774565560613,-0.12170938629901441,-0.12170938630595238,-0.11477976986045163,0.007992752910562234,0.004196088546725906,0.0041960884395634565,0.00799276680373596
0.2427302719781689,0.24367627188108482,0.24367618779859532,0.242254268240608,-0.10339946331949737,-0.016562633955690235,-0.016562623865979915,-0.10341377840780422,-0.11197653576740899,-0.1201650067954544,-0.12016500680239237,-0.1119817400672475,0.0068809668128701415,0.003987411289850932,0.003987411182688493,0.006880980705926463
0.2615731172001394,0.26252112395919613,0.26252103987669945,0.26109711342141967,-0.10926575019171106,-0.023144340705057727,-0.023144330615464573,-0.10928006527456714,-0.10784343137999244,-0.11596641329101119,-0.11596641329794916,-0.107848635679831,0.0057715869598078335,0.003020896151329499,0.0030208960441670614,0.005771600852818273
0.2710420837017405,0.2719804526933059,0.27198036861072306,0.2705660794291124,-0.11215461359005818,-0.02654103794821846,-0.02654102785808572,-0.11216892870937971,-0.1064717952452633,-0.11319306951232913,-0.1131930695192671,-0.10647699954510204,0.005786967337094924,0.002226359388574296,0.0022263592814118676,0.005786981230190837
0.24546078319035,0.2463971692472281,0.246397085164717,0.24498477932931204,-0.1041945782052198,-0.01759940949065897,-0.017599399400409308,-0.10420889332868684,-0.11203383082320614,-0.11893934170228451,-0.11893934170922248,-0.1120390351230447,0.007253179811497078,0.0035600220354975102,0.0035600219283350525,0.007253193704644148
0.21300409470988307,0.2139449171291434,0.21394483304661763,0.2125280907665268,-0.09413373866885022,-0.006196296202111574,-0.006196286112088688,-0.09414805379286599,-0.11863011825173274,-0.1266632949511844,-0.1266632949581223,-0.11863532255157132,0.008739340123115412,0.005453820757887886,0.005453820650725447,0.008739354016261218
0.16378948730010595,0.16471829646220948,0.16471821237969042,0.16331348339790808,-0.07877432136910635,0.010937346180503663,0.01093735627122083,-0.0787886365426732,-0.12987379954754014,-0.13720737023717397,-0.1372073702441119,-0.12987900384737858,0.012001255293494814,0.007781764661090279,0.00778176455392783,0.01200126918680534
0.27127764579924696,0.27222696152009196,0.27222687743756663,0.2708016418558914,-0.1122885608420086,-0.02653177253722939,-0.02653176244770823,-0.11230287592702372,-0.10569653066919704,-0.11382120085035759,-0.11382120085729555,-0.10570173496903566,0.005185406456614804,0.0025311081228490697,0.002531108015686632,0.005185420349604663
0.20554422411743575,0.20648702771114205,0.20648694362864498,0.2050682203387155,-0.09182668307792613,-0.0035673368972431734,-0.0035673268073274,-0.09184099819791844,-0.12008251534306012,-0.12849848995737292,-0.12849848996431085,-0.12008771964289862,0.009029185286439263,0.005916983901390483,0.005916983794228034,0.009029199179570657
0.2191660328596252,0.22009975864950362,0.22009967456707155,0.21869002945133628,-0.09600908918972788,-0.008413617629778693,-0.008413607539363098,-0.09602340433479718,-0.11779220263409602,-0.12480710849930551,-0.12480710850624348,-0.11779740693393437,0.008793757374397398,0.004912834127548054,0.0049128340203855965,0.008793771267586958
0.14776745214762435,0.14869489977714112,0.14869481569464355,0.14729144836890337,-0.0737881426772288,0.016536649352770227,0.01653665944356762,-0.07380245785389436,-0.13336532281168553,-0.14079891675025646,-0.1407989167571944,-0.13337052711152392,0.012926002503148078,0.008613594572216532,0.008613594465054086,0.012926016396489869
0.2323928539518391,0.23332866217808187,0.2333285780955923,0.23191685021427802,-0.10013069568771718,-0.013028028131532057,-0.013028018041245952,-0.10014501081280705,-0.11484630455447421,-0.12190188171336666,-0.12190188172030463,-0.1148515088543127,0.007978761858804272,0.004253933299615239,0.00425393319245279,0.00797877575196533
0.2668451888300059,0.2677941372546373,0.26779405317214067,0.2663691850512861,-0.11090919831107203,-0.024982661020471673,-0.024982650930941427,-0.11092351337869161,-0.10666183581235077,-0.11481537306592433,-0.1148153730728623,-0.10666704011218932,0.005440734999673247,0.0027615016735910904,0.002761501566428662,0.005440748892671463
0.2944139042985216,0.29536497761707653,0.2953648935345801,0.2939379005198023,-0.11948758174891295,-0.03461906915923429,-0.03461905906982859,-0.1195018968141681,-0.10066850041847016,-0.10862190496052009,-0.10862190496745805,-0.10067370471830876,0.003861274690674623,0.0013238694317015112,0.001323869324539083,0.003861288583616021
0.19981366020788538,0.20075159939406131,0.20075151531152102,0.19933765618221086,-0.09001899574132483,-0.001601338467985444,-0.001601328377796277,-0.09003331087596368,-0.12162133442555025,-0.12951028027099168,-0.1295102802779296,-0.12162653872538884,0.009595482205223268,0.006087517697148708,0.00608751758998627,0.009595496098413562
0.2505944658188279,0.2515308841787397,0.25153080009622863,0.25011846195778986,-0.10578997723720565,-0.019396890172014472,-0.019396880081766214,-0.10580429236342355,-0.11094186299061562,-0.11776338516817751,-0.11776338517511548,-0.11094706729045416,0.006978615839969978,0.003281773032923549,0.003281772925761091,0.006978629733106444
0.24053259117684858,0.24146812024158176,0.24146803615912105,0.24005658760392373,-0.10265845500743939,-0.015880803021104034,-0.015880792930805507,-0.10267277013297528,-0.11313682382476947,-0.12001674346303928,-0.12001674346997725,-0.1131420281246079,0.007561207938148707,0.0038031674330675194,0.0038031673259050617,0.007561221831300761
0.24456711719596255,0.2455030796490339,0.24550299556651575,0.24409111329376562,-0.10391453325251171,-0.017290009473577873,-0.01728999938329845,-0.10392884838504994,-0.11225161176479408,-0.11911800330233172,-0.11911800330926968,-0.11225681606463263,0.007323466844440807,0.0035963340592990137,0.003596333952136576,0.00732348073758884
0.2630166182177514,0.26396323467310623,0.2639631505906528,0.2625406146859859,-0.10970658151073863,-0.023661491598518082,-0.02366148150884609,-0.10972089660102609,-0.10762911283127846,-0.11554853842009481,-0.11554853842703278,-0.10763431713111692,0.005769692997286223,0.0029020577035972148,0.0029020575964347666,0.005769706890311084
0.24285620131961985,0.2437996508402363,0.2437995667577972,0.24238019787017195,-0.10342443960727493,-0.016628111950928063,-0.016628101861088405,-0.10343875468462993,-0.11211878582797623,-0.1199771637033531,-0.11997716371029106,-0.11212399012781465,0.007011520101609641,0.003906572101288598,0.003906571994126159,0.007011533994679968
0.2609543040806462,0.26190230851074153,0.2619022244282089,0.26047830009613127,-0.10907345032335075,-0.02292765870777748,-0.02292764861818179,-0.10908776540890998,-0.10797494645271083,-0.11610826686711938,-0.11610826687405734,-0.10798015075254946,0.005804593078171135,0.0030544846358238104,0.003054484528661402,0.005804606971188773
0.1923570942468523,0.1932883879944424,0.19328830391189483,0.19188109018001845,-0.087665092922382,0.0009541544894156231,0.0009541645799702715,-0.08767940806666424,-0.12364457311108741,-0.13080711857702157,-0.1308071185839595,-0.12364977741092596,0.0103493498275978,0.006300246605343563,0.006300246498181114,0.010349363720855875
0.16263431380638504,0.16356300198532048,0.16356291790277264,0.16215830973955092,-0.07841469647173258,0.011340860126399288,0.011340870217113172,-0.07842901163043105,-0.13012704094636732,-0.13746490090646465,-0.13746490091340258,-0.13013224524620579,0.012069151743615612,0.007841079448720516,0.00784107934155807,0.012069165636937157
0.26918909832117593,0.2701381333724895,0.2701380492900289,0.26871309474825134,-0.11163801545455843,-0.02580274360741244,-0.02580273351788633,-0.11165233052404355,-0.10615851570337262,-0.11428293387286656,-0.11428293387980452,-0.1061637200032111,0.0053115139088610475,0.0026365423406077885,0.0026365422334453602,0.005311527801852673
0.21275926037179665,0.21369238681112235,0.21369230272864706,0.21228325671655346,-0.0940149491076401,-0.006175068823129323,-0.006175058732682299,-0.09402926424792885,-0.11919199536155795,-0.12623985669188162,-0.12623985669881954,-0.11919719966139636,0.009166485268064887,0.005243871433664066,0.005243871326501628,0.009166499161276154
0.20692163630314597,0.20785443061779613,0.20785434653541446,0.20644563318297,-0.09219914486860167,-0.004133592141217786,-0.0041335820507581444,-0.09221345999939046,-0.12045328469278699,-0.1275586375967138,-0.12755863760365171,-0.12045848899262518,0.009494607573509574,0.005551697490544016,0.005551697383381559,0.009494621466726026
