Vout,ronp,rons,vfp,vfs,sw_p1,sw_p2,sw_p3,sw_p4,cond_p1,cond_p2,cond_p3,cond_p4,sw_s1,sw_s2,sw_s3,sw_s4,cond_s1,cond_s2,cond_s3,cond_s4,core_t1
300.0,10.123,75.647,3.022,3.919,1.9224011836417831,1.92240338670356,1.92240338670356,1.9224011836417831,1.6800183182403503,1.6800241389516692,1.6800241389516692,1.6800183182403503,0.3081905697960688,0.308190355527965,0.308190355527965,0.3081905697960688,0.2251617453673893,0.2251620986518284,0.2251620986518284,0.2251617453673893,11.274022273237769
300.0,10.262,64.563,6.46,5.132,1.9227730074963667,1.9227721156913904,1.9227721156913904,1.9227730074963667,1.6802105198780557,1.6802058328965257,1.6802058328965257,1.6802105198780557,0.3078625371453036,0.3078615411694998,0.3078615411694998,0.3078625371453036,0.2251679743296443,0.2251690356601365,0.2251690356601365,0.2251679743296443,11.269951290515069
300.0,10.282,89.821,5.549,5.602,1.9218456162502309,1.9218462112086696,1.9218462112086696,1.9218456162502309,1.679681721537868,1.679682644325472,1.679682644325472,1.679681721537868,0.3087479265191709,0.3087474076342521,0.3087474076342521,0.3087479265191709,0.2251487922023843,0.2251495178539779,0.2251495178539779,0.2251487922023843,11.27922152349018
300.0,10.501,67.957,5.543,5.282,1.9225904134064056,1.9225903195038685,1.9225903195038685,1.9225904134064056,1.6800697863762704,1.6800668332448156,1.6800668332448156,1.6800697863762704,0.3080790733337773,0.3080732545078773,0.3080732545078773,0.3080790733337773,0.2251607964036868,0.2251652884598361,0.2251652884598361,0.2251607964036868,11.271197809086528
300.0,10.959,18.869,3.204,5.898,1.9242751848804736,1.9242664483718157,1.9242664483718157,1.9242751848804736,1.6809642805965717,1.6809345280360406,1.6809345280360406,1.6809642805965717,0.3065667667038736,0.3065541205227445,0.3065541205227445,0.3065667667038736,0.2251894186162886,0.2252004148628255,0.2252004148628255,0.2251894186162886,11.253195262879071
300.0,11.361,16.062,4.422,5.812,1.9242843443114208,1.92426551648662,1.92426551648662,1.9242843443114208,1.680918414811155,1.6808561801704736,1.6808561801704736,1.680918414811155,0.3066234961840105,0.306626809397044,0.306626809397044,0.3066234961840105,0.2251919796774402,0.225191760247879,0.225191760247879,0.2251919796774402,11.252160514969376
300.0,11.46,55.577,3.813,3.416,1.9228052395817523,1.9228073795735665,1.9228073795735665,1.9228052395817523,1.6800374633915691,1.6800440582348697,1.6800440582348697,1.6800374633915691,0.3080368743823697,0.3080329725204094,0.3080329725204094,0.3080368743823697,0.225158851655061,0.2251621227253033,0.2251621227253033,0.225158851655061,11.266644814981303
300.0,11.504,96.841,5.346,5.98,1.9212902480832028,1.9212879827956129,1.9212879827956129,1.9212902480832028,1.6791846939347677,1.6791760956612554,1.6791760956612554,1.6791846939347677,0.3094876114295714,0.309488250579654,0.309488250579654,0.3094876114295714,0.2251290135528595,0.2251289139347636,0.2251289139347636,0.2251290135528595,11.281780801648765
300.0,11.546,42.461,5.17,2.755,1.9232583456798773,1.9232690882075436,1.9232690882075436,1.9232583456798773,1.6802627012357825,1.6803049093687246,1.6803049093687246,1.6802627012357825,0.3076200231856872,0.3076099593539524,0.3076099593539524,0.3076200231856872,0.2251648024738773,0.2251734842970137,0.2251734842970137,0.2251648024738773,11.26183100530394
300.0,11.686,26.205,6.45,3.826,1.9238275881164484,1.923821488215484,1.923821488215484,1.923827588116536,1.6805924117430622,1.6805697891671627,1.6805697891671627,1.680592423841009,0.3071079128494923,0.3071066440932479,0.3071066440932479,0.3071079128494923,0.2251791383447229,0.2251808742689513,0.2251808742689513,0.2251791383447229,11.255873136436392
300.0,11.767,55.974,3.083,5.425,1.9227184108310773,1.9227140508662657,1.9227140508662657,1.9227184108310773,1.6799504812122517,1.6799347186236817,1.6799347186236817,1.6799504812122517,0.3081716156735153,0.3081743134986943,0.3081743134986943,0.3081716156735153,0.2251570351640028,0.2251556577257246,0.2251556577257246,0.2251570351640028,11.266787698268452
300.0,12.021,81.945,5.622,3.902,1.921707179754864,1.9217045122827952,1.9217045122827952,1.921707179754864,1.6793392905865496,1.6793281048135622,1.6793281048135622,1.6793392905865496,0.3091781915429007,0.309179029254711,0.309179029254711,0.3091781915429007,0.2251338059523816,0.2251333209425799,0.2251333209425799,0.2251338059523816,11.27631143206982
300.0,12.123,60.361,3.815,5.538,1.9224697055263824,1.92246781024728,1.92246781024728,1.9224697055263824,1.6797479689695165,1.6797428110747092,1.6797428110747092,1.6797479689695165,0.3084676809734768,0.3084707193208725,0.3084707193208725,0.3084676809734768,0.2251489999983149,0.2251475942544784,0.2251475942544784,0.2251489999983149,11.268389775622431
300.0,12.123,99.974,3.27,2.761,1.9210206411908028,1.9210239151738,1.9210239151738,1.9210206411908028,1.67893172649506,1.6789412289474883,1.6789412289474883,1.67893172649506,0.3098505651070924,0.3098465106220321,0.3098465106220321,0.3098505651070924,0.2251178121860991,0.2251208345555616,0.2251208345555616,0.2251178121860991,11.28292399288702
300.0,12.37,70.678,2.789,5.404,1.9220285960883887,1.9220323084785036,1.9220323084785036,1.9220285960883887,1.6794551452715656,1.6794683948804137,1.6794683948804137,1.6794551452715656,0.3089309204523708,0.3089263390857026,0.3089263390857026,0.3089309204523708,0.2251358855193316,0.225139604547115,0.225139604547115,0.2251358855193316,11.272171387612646
300.0,12.424,74.584,2.557,3.88,1.9218754295232647,1.9218727820553925,1.9218727820553925,1.9218754295232647,1.6793682625198507,1.6793628071588194,1.6793628071588194,1.6793682625198507,0.3090862545270668,0.3090874026590601,0.3090874026590601,0.3090862545270668,0.2251341868676584,0.2251341531050651,0.2251341531050651,0.2251341868676584,11.27360532154474
300.0,12.453,92.105,2.894,3.268,1.9212253640179515,1.9212306678286373,1.9212306678286373,1.9212253640179515,1.6789915597422496,1.679008492961194,1.679008492961194,1.6789915597422496,0.309711637476821,0.3097052929334404,0.3097052929334404,0.309711637476821,0.2251186553723187,0.2251232858139172,0.2251232858139172,0.2251186553723187,11.280035768330588
300.0,12.829,49.242,3.344,3.9,1.9227030995996257,1.9226980771581477,1.9226980771581477,1.9227030995996257,1.6797764606104564,1.6797588195366375,1.6797588195366375,1.6797764606104564,0.3083686811631875,0.3083698429271621,0.3083698429271621,0.3083686811631875,0.2251481297571296,0.2251479793246087,0.2251479793246087,0.2251481297571296,11.264299957657771
300.0,12.846,51.152,2.96,6.114,1.9226291544905447,1.9226239913407983,1.9226239913407983,1.9226291544905447,1.6797313260357984,1.6797148582861774,1.6797148582861774,1.6797313260357984,0.3084406411301208,0.3084441387078795,0.3084441387078795,0.3084406411301208,0.2251470997095418,0.2251456761339575,0.2251456761339575,0.2251470997095418,11.265007397989846
300.0,12.975,65.9,6.261,6.38,1.922059414770676,1.9220523393062292,1.9220523393062292,1.922059414770676,1.6793947393753057,1.6793694487023472,1.6793694487023472,1.6793947393753057,0.3090071050840144,0.309008226805033,0.309008226805033,0.3090071050840144,0.2251340305702758,0.2251335881467605,0.2251335881467605,0.2251340305702758,11.270415267032895
300.0,13.09,19.462,6.346,6.018,1.9237175836622455,1.9237319165004247,1.9237319165004247,1.9237175836622455,1.680278832902433,1.680332787933819,1.680332787933819,1.680278832902433,0.307453094301809,0.3074299627780138,0.3074299627780138,0.307453094301809,0.2251584075748795,0.2251766109947354,0.2251766109947354,0.2251584075748795,11.253380211719694
300.0,13.336,45.386,5.093,6.108,1.922718463388341,1.9227142542733129,1.9227142542733129,1.922718463388341,1.6797062338290465,1.6796909475110595,1.6796909475110595,1.6797062338290465,0.3084403903039315,0.3084408133944293,0.3084408133944293,0.3084403903039315,0.2251445254518503,0.2251450591831916,0.2251450591831916,0.2251445254518503,11.262888214345333
300.0,13.344,72.078,6.489,5.193,1.921738271262985,1.9217402652976052,1.9217402652976052,1.921738271262985,1.6791455279640255,1.6791519565722006,1.6791519565722006,1.6791455279640255,0.3093745824985721,0.3093705682656334,0.3093705682656334,0.3093745824985721,0.2251231940381775,0.2251264635201113,0.2251264635201113,0.2251231940381775,11.272675333955842
300.0,13.451,52.268,2.525,6.14,1.922435394087504,1.9224371562304836,1.9224371562304836,1.922435394087504,1.679517661182438,1.6795263135626264,1.6795263135626264,1.679517661182438,0.3087288013085778,0.308724507639865,0.308724507639865,0.3087288013085778,0.2251359808435763,0.225140099511036,0.225140099511036,0.2251359808435763,11.2654063908853
300.0,13.631,34.455,3.969,6.092,1.923049899190169,1.9230372781139276,1.9230372781139276,1.923049899190169,1.6798592695602204,1.679813204257734,1.679813204257734,1.6798592695602204,0.3081792558763425,0.3081806310524081,0.3081806310524081,0.3081792558763425,0.2251493207343731,0.2251492396771999,0.2251492396771999,0.2251493207343731,11.258875309804822
300.0,13.685,48.669,6.365,3.745,1.9225063944198744,1.92251465330732,1.92251465330732,1.9225063944198744,1.6795145852685105,1.6795420672946586,1.6795420672946586,1.6795145852685105,0.3086984919823593,0.3086932794301486,0.3086932794301486,0.3086984919823593,0.2251358287283276,0.2251400044115352,0.2251400044115352,0.2251358287283276,11.264086890829248
300.0,13.768,36.51,5.021,3.705,1.9229331576811897,1.9229351754060688,1.9229351754060688,1.9229331576811897,1.6797497259461958,1.6797565212324663,1.6797565212324663,1.6797497259461958,0.3083111575926766,0.3083034531863799,0.3083034531863799,0.3083111575926766,0.2251428892031538,0.2251492561068245,0.2251492561068245,0.2251428892031538,11.259625243391936
300.0,13.828,35.072,3.518,2.695,1.9229752672255824,1.922969393861212,1.9229693938613457,1.9229752672255824,1.6797789769824587,1.679753736926897,1.6797537369269808,1.6797789769824587,0.3082805608094646,0.3082820771102199,0.3082820771102199,0.3082805608094646,0.2251467609592252,0.2251461550251683,0.2251461550251683,0.2251467609592252,11.259102208323505
300.0,14.35,35.809,4.479,4.153,1.922820475464924,1.922812078457972,1.922812078457972,1.922820475464924,1.6796110291344188,1.6795816252316398,1.6795816252316398,1.6796110291344188,0.3085179672127603,0.3085187633938458,0.3085187633938458,0.3085179672127603,0.2251390521735468,0.2251394029097731,0.2251394029097731,0.2251390521735468,11.259366229104725
300.0,14.67,83.811,6.131,3.365,1.9209877949463467,1.9209767667169269,1.9209767667169269,1.9209877949463467,1.678538078506412,1.6785021442315158,1.6785021442315158,1.678538078506412,0.3103173738071985,0.3103246379541022,0.3103246379541022,0.3103173738071985,0.2251023042936824,0.2250978356235876,0.2250978356235876,0.2251023042936824,11.276965590672216
300.0,14.783,14.764,4.764,4.351,1.9234822354951204,1.9234751196099125,1.9234751196099125,1.9234822354951204,1.6799155910934978,1.6798894784697178,1.6798894784697178,1.6799155910934978,0.3079664569970095,0.3079592727093563,0.3079592727093563,0.3079664569970095,0.225146373516908,0.2251534888823844,0.2251534888823844,0.225146373516908,11.251641505473756
300.0,15.04,51.576,6.44,6.022,1.9220648879339624,1.9220725397992275,1.9220725397992275,1.9220648879339624,1.6790593180282405,1.6790837444366982,1.6790837444366982,1.6790593180282405,0.3093509520103979,0.3093436043587565,0.3093436043587565,0.3093509520103979,0.2251164859863034,0.2251221054102556,0.2251221054102556,0.2251164859863034,11.26513493338228
300.0,15.188,30.603,3.562,4.138,1.9227948862684672,1.92280263014439,1.92280263014439,1.9227948862684672,1.6794440580472545,1.6794712127014493,1.6794712127014493,1.6794440580472545,0.308684629487242,0.3086706889034369,0.3086706889034369,0.308684629487242,0.2251273810259043,0.2251385844283442,0.2251385844283442,0.2251273810259043,11.257440144235147
300.0,15.267,92.263,4.477,4.82,1.920522259790424,1.920525711143561,1.920525711143561,1.920522259790424,1.678162435365522,1.6781747123275084,1.6781747123275084,1.678162435365522,0.3108609367473945,0.3108583030438866,0.3108583030438866,0.3108609367473945,0.2250857627289918,0.2250881324370611,0.2250881324370611,0.2250857627289918,11.280057502361618
300.0,15.299,72.77,5.142,5.979,1.9212326488670144,1.9212281942734897,1.9212281942734897,1.9212326488670144,1.6785688777904482,1.678553427354146,1.678553427354146,1.6785688777904482,0.3101906324876588,0.3101913695216826,0.3101913695216826,0.3101906324876588,0.2251003631682629,0.2251004240552851,0.2251004240552851,0.2251003631682629,11.272907007139954
300.0,15.4,86.721,5.27,5.206,1.9206954524873197,1.920694718884985,1.920694718884985,1.9206954524873197,1.67824902689239,1.6782473814797647,1.6782473814797647,1.67824902689239,0.3107213507846081,0.3107183034803803,0.3107183034803803,0.3107213507846081,0.2250878274528351,0.2250905872233506,0.2250905872233506,0.2250878274528351,11.27802621315782
300.0,15.519,19.682,6.134,5.477,1.9231090607386976,1.9231245822835832,1.9231245822835832,1.9231090607386976,1.6795584844276323,1.6796106562231636,1.6796106562231636,1.6795584844276323,0.3084435293051342,0.3084197857188462,0.3084197857188462,0.3084435293051342,0.2251277649126359,0.2251461162287121,0.2251461162287121,0.2251277649126359,11.253446679135452
300.0,15.578,79.325,3.648,6.387,1.9209223581687795,1.920917401693592,1.920917401693592,1.9209223581687795,1.6783499354207494,1.6783312193323343,1.6783312193323343,1.6783499354207494,0.3105327844488138,0.3105350648911603,0.3105350648911603,0.3105327844488138,0.2250929859117225,0.2250917649340151,0.2250917649340151,0.2250929859117225,11.275312322902844
300.0,15.845,36.358,3.065,2.898,1.9224301034230251,1.9224206790193692,1.9224206790193692,1.9224301034230251,1.6791633250454685,1.679131204603164,1.679131204603164,1.6791633250454685,0.3091424625233902,0.3091465569775711,0.3091465569775711,0.3091424625233902,0.2251216640078255,0.2251196665254506,0.2251196665254506,0.2251216640078255,11.259550401544788
300.0,16.003,32.794,3.157,4.296,1.922518258948864,1.9225159524265345,1.9225159524265345,1.922518258948864,1.6791772047307123,1.67916892562124,1.67916892562124,1.6791772047307123,0.3090856743810498,0.3090826938051498,0.3090826938051498,0.3090856743810498,0.2251197282601325,0.2251227742761781,0.2251227742761781,0.2251197282601325,11.258242239592406
300.0,16.072,33.268,4.269,2.554,1.9224812487154668,1.9224841553678012,1.9224841553678012,1.9224812487154668,1.6791402814108427,1.6791480959139884,1.6791480959139884,1.6791402814108427,0.3091314040979185,0.3091258452545073,0.3091258452545073,0.3091314040979185,0.225117876774861,0.2251224921163568,0.2251224921163568,0.225117876774861,11.258413376464327
300.0,16.352,44.352,5.258,3.645,1.922007671599314,1.9220075122006728,1.9220075122006728,1.922007671599314,1.6788334175242825,1.6788337354660603,1.6788337354660603,1.6788334175242825,0.3096290151981177,0.3096278963734577,0.3096278963734577,0.3096290151981177,0.2251075449003046,0.2251092195112396,0.2251092195112396,0.2251075449003046,11.262477268696689
300.0,16.38,27.134,5.773,5.278,1.922634541702501,1.922626753171672,1.922626753171672,1.922634541702501,1.67919273693902,1.67916496052644,1.67916496052644,1.67919273693902,0.3090374534245686,0.3090427383830426,0.3090427383830426,0.3090374534245686,0.2251222473961808,0.225119392254139,0.225119392254139,0.2251222473961808,11.256163375911498
300.0,16.667,23.79,5.96,5.808,1.9226870615165936,1.922676061492247,1.922676061492247,1.9226870615165936,1.6791851931973627,1.67914370787215,1.67914370787215,1.6791851931973627,0.3090408973209297,0.3090402128644224,0.3090402128644224,0.3090408973209297,0.2251194027651869,0.2251209059871091,0.2251209059871091,0.2251194027651869,11.254935136284708
300.0,16.863,19.345,5.844,5.694,1.9227916969386232,1.9227993665219512,1.9227993665219512,1.9227916969386232,1.6791853629262885,1.6792096384774526,1.6792096384774526,1.6791853629262885,0.3089716085549394,0.3089592261231098,0.3089592261231098,0.3089716085549394,0.2251156843256561,0.2251259415949128,0.2251259415949128,0.2251156843256561,11.253302203217078
300.0,17.17,46.058,3.308,5.457,1.921743085257728,1.921740222128548,1.921740222128548,1.921743085257728,1.6785622900752415,1.6785565134584586,1.6785565134584586,1.6785622900752415,0.310021143950558,0.3100206289706363,0.3100206289706363,0.310021143950558,0.2250963074690805,0.2250979811504036,0.2250979811504036,0.2250963074690805,11.26309032345676
300.0,17.196,55.508,5.502,4.126,1.9213900312600911,1.9213894364330848,1.9213894364330848,1.9213900312600911,1.6783605702329,1.678358712797066,1.678358712797066,1.6783605702329,0.3103635638999861,0.3103585087216534,0.3103585087216534,0.3103635638999861,0.2250879932853218,0.2250921203173639,0.2250921203173639,0.2250879932853218,11.266554935041716
300.0,17.339,92.753,6.402,4.74,1.919992626722388,1.919989464849788,1.919989464849788,1.919992626722388,1.6775613742009612,1.6775489133963994,1.6775489133963994,1.6775613742009612,0.311722159129765,0.311721807363222,0.311721807363222,0.311722159129765,0.2250616909597887,0.2250622651797304,0.2250622651797304,0.2250616909597887,11.28021619244076
300.0,17.419,14.165,3.023,5.143,1.9228444311000084,1.9228489207113524,1.9228489207113524,1.9228444311000084,1.6791302915892126,1.6791470843784515,1.6791470843784515,1.6791302915892126,0.3090301793572725,0.3089917498375307,0.3089917498375307,0.3090301793572725,0.2251028300018798,0.2251326846819881,0.2251326846819881,0.2251028300018798,11.251393101544732
300.0,17.474,78.042,2.864,5.694,1.9204973592601204,1.920493659209711,1.920493659209711,1.9204973592601204,1.67782195683108,1.6778063824030287,1.6778063824030287,1.67782195683108,0.3112617823908627,0.311261598100281,0.311261598100281,0.3112617823908627,0.2250705213073778,0.2250708547891194,0.2250708547891194,0.2250705213073778,11.274819275520317
300.0,17.542,32.807,4.194,3.548,1.922137781755633,1.922129485336319,1.922129485336319,1.922137781755633,1.6787342539496528,1.678708067668485,1.678708067668485,1.6787342539496528,0.3097098396413674,0.3097109596283927,0.3097109596283927,0.3097098396413674,0.2251021780915881,0.2251028027704411,0.2251028027704411,0.2251021780915881,11.2582255842945
300.0,17.589,59.052,5.702,2.62,1.9211619132010889,1.92115958433794,1.92115958433794,1.9211619132010889,1.6781680059024509,1.6781618141113668,1.6781618141113668,1.6781680059024509,0.3106447857974097,0.310645710456692,0.310645710456692,0.3106447857974097,0.2250826767753026,0.2250827884473523,0.2250827884473523,0.2250826767753026,11.267851118325808
300.0,18.229,86.746,4.167,3.876,1.9199905498234875,1.9199867637771768,1.9199867637771768,1.919990549823436,1.6774251609610034,1.6774106713634214,1.6774106713634214,1.6774251609607085,0.3118739309234818,0.3118761621394739,0.3118761621394739,0.3118739309234818,0.2250564219573329,0.2250549190037043,0.2250549190037043,0.2250564219573329,11.278000555568807
300.0,18.266,82.316,3.205,5.176,1.920143214919502,1.920142343748465,1.920142343748336,1.920143214919502,1.67750794589289,1.6775009894658517,1.6775009834949013,1.67750794589289,0.3117350564560134,0.3117347492193667,0.3117347492193667,0.3117350564560134,0.2250583686171672,0.225058607069612,0.225058607069612,0.2250583686171672,11.27637653941726
300.0,18.362,22.554,4.047,2.847,1.9223038232754392,1.922305258266712,1.922305258266712,1.9223038232754392,1.6786830267236716,1.6786946650267776,1.6786946650267776,1.6786830267236716,0.3096909947822136,0.3096819456953934,0.3096819456953934,0.3096909947822136,0.2250952741628335,0.2251041729931995,0.2251041729931995,0.2250952741628335,11.254461345674258
300.0,18.624,28.849,4.277,3.004,1.9220044910597796,1.922012931150073,1.922012931150073,1.9220044910597796,1.678471024191743,1.678501335767854,1.678501335767854,1.678471024191743,0.3100193155565735,0.3100058479787699,0.3100058479787699,0.3100193155565735,0.2250871435133631,0.2250977258494512,0.2250977258494512,0.2250871435133631,11.256763104354112
300.0,18.739,21.335,4.189,3.067,1.9222571176990173,1.9222539491934532,1.9222539491934532,1.9222571176990173,1.6786083285903954,1.678600395134997,1.678600395134997,1.6786083285903954,0.3098013552171267,0.3097927808781676,0.3097927808781676,0.3098013552171267,0.2250922758423157,0.2251002071914232,0.2251002071914232,0.2250922758423157,11.254006977170576
300.0,18.96,81.318,2.959,6.082,1.9200074143824013,1.9200029244035,1.9200029244035,1.9200074143824013,1.6773282308941346,1.677314682666001,1.677314682666001,1.6773282308941346,0.3119829961750804,0.3119854254494609,0.3119854254494609,0.3119829961750804,0.2250514307263426,0.2250504440963567,0.2250504440963567,0.2250514307263426,11.276001271244931
300.0,18.993,21.107,2.548,3.226,1.9222033398664613,1.9221966832395987,1.9221966832395987,1.9222033398664613,1.6785474689823516,1.6785261711470147,1.6785261711470147,1.6785474689823516,0.3098942846122516,0.3098911922966263,0.3098911922966263,0.3098942846122516,0.2250917964474951,0.2250954538663443,0.2250954538663443,0.2250917964474951,11.253921494089456
300.0,19.073,96.832,6.346,5.496,1.9194101936303325,1.919407959148554,1.919407959148554,1.9194101936303325,1.6769735499331206,1.676963856348078,1.676963856348078,1.6769735499331206,0.3125742419247582,0.3125736206467357,0.3125736206467357,0.3125742419247582,0.225038552723306,0.2250391929711482,0.2250391929711482,0.225038552723306,11.281694150430171
300.0,19.227,81.836,6.417,5.633,1.9199160762226417,1.9199211921592667,1.9199211921592667,1.9199160762226417,1.67721906726572,1.6772353582875126,1.6772353582875126,1.67721906726572,0.312113325105312,0.3121092312270841,0.3121092312270841,0.312113325105312,0.2250459306943835,0.2250490612016973,0.2250490612016973,0.2250459306943835,11.276187978375225
300.0,19.334,95.354,3.477,4.512,1.9193966395414088,1.9193976288361057,1.9193976288361057,1.9193966395414088,1.6769215098525274,1.6769247559148306,1.6769247559148306,1.6769215098525274,0.3126304477269693,0.3126286014137811,0.3126286014137811,0.3126304477269693,0.2250359496804274,0.2250377831407458,0.2250377831407458,0.2250359496804274,11.281149491683328
300.0,19.343,15.502,6.045,6.284,1.9223181237563296,1.9223189816231556,1.9223189816231556,1.9223181237563296,1.678547458338002,1.6785495433960318,1.6785495433960318,1.678547458338002,0.3098458943626405,0.3098323204824183,0.3098323204824183,0.3098458943626405,0.2250875711060735,0.2250991008137179,0.2250991008137179,0.2250875711060735,11.251870387386406
300.0,19.351,62.786,5.002,2.84,1.9205886125480849,1.920580015895916,1.920580015895916,1.9205886125480849,1.6775903577209244,1.6775620882501905,1.6775620882501905,1.6775903577209244,0.3114921123648798,0.3114969355340294,0.3114969355340294,0.3114921123648798,0.2250605906885182,0.2250578302830501,0.2250578302830501,0.2250605906885182,11.269200547648389
300.0,19.532,84.208,5.085,5.501,1.919756621208396,1.9197539610862897,1.9197539610862897,1.919756621208396,1.6770956447164809,1.6770855808258214,1.6770855808258214,1.6770956447164809,0.3123186336619336,0.312320329935797,0.312320329935797,0.3123186336619336,0.225042635152015,0.2250418415664728,0.2250418415664728,0.225042635152015,11.277053027574777
300.0,19.705,36.398,3.439,2.921,1.92145828952798,1.9214639598403207,1.9214639598403207,1.92145828952798,1.677996014707548,1.6780204375324888,1.6780204375324888,1.677996014707548,0.3107221401463318,0.3107108131611242,0.3107108131611242,0.3107221401463318,0.2250687337667974,0.2250785943295402,0.2250785943295402,0.2250687337667974,11.259518086632175
300.0,19.705,50.673,5.015,2.74,1.920939202998088,1.9209395965264149,1.9209395965264149,1.920939202998088,1.677719675307736,1.6777194439312777,1.6777194439312777,1.677719675307736,0.3112155858164965,0.311214062623315,0.311214062623315,0.3112155858164965,0.225062981931907,0.2250643799492583,0.2250643799492583,0.225062981931907,11.264751675537983
300.0,19.736,97.165,2.653,3.437,1.919230392787872,1.9192306597725652,1.9192306597725652,1.919230392787872,1.676768796181875,1.6767693633957474,1.6767693633957474,1.676768796181875,0.3128582768940532,0.3128569091665193,0.3128569091665193,0.3128582768940532,0.2250302396773026,0.2250315290896824,0.2250315290896824,0.2250302396773026,11.28180758298426
300.0,20.037,19.708,3.516,6.446,1.9219907637067168,1.9219872723670672,1.9219872723670672,1.9219907637067168,1.6782559036305165,1.6782485140104413,1.6782485140104413,1.6782559036305165,0.3102738812451482,0.3102648251038177,0.3102648251038177,0.3102738812451482,0.2250774400233765,0.2250860032663036,0.2250860032663036,0.2250774400233765,11.253394411370364
300.0,20.347,38.616,4.912,5.709,1.9212211851944156,1.9212207996120985,1.9212207996120985,1.9212211851944156,1.6777862543402038,1.6777828038872369,1.6777828038872369,1.6777862543402038,0.3110557352491998,0.3110554737834965,0.3110554737834965,0.3110557352491998,0.2250642092994492,0.2250650731891661,0.2250650731891661,0.2250642092994492,11.260324192771042
300.0,20.369,90.517,3.577,4.278,1.9193165674307544,1.9193134408989967,1.9193134408989967,1.9193165674307544,1.6767250718759332,1.6767139182019697,1.6767139182019697,1.6767250718759332,0.3128824908206371,0.3128843199425829,0.3128843199425829,0.3128824908206371,0.2250284200390894,0.2250275491588369,0.2250275491588369,0.2250284200390894,11.279359447851164
300.0,20.397,99.614,3.208,3.056,1.9189758693123924,1.9189744193150913,1.9189744193150913,1.9189758693123924,1.6765313850927268,1.676526372005698,1.676526372005698,1.6765313850927268,0.313214741484313,0.3132142513405403,0.3132142513405403,0.313214741484313,0.2250213041501519,0.2250220352765862,0.2250220352765862,0.2250213041501519,11.282698252827402
300.0,20.645,76.65,5.518,5.689,1.9197521400684647,1.919753566949912,1.919753566949912,1.9197521400684647,1.6769185418264383,1.6769221057411403,1.6769221057411403,1.6769185418264383,0.3125126738418875,0.3125069770331049,0.3125069770331049,0.3125126738418875,0.2250322307665732,0.2250366328225958,0.2250366328225958,0.2250322307665732,11.274272308753392
300.0,20.695,43.232,3.613,2.948,1.9209654311598616,1.920964600803719,1.920964600803719,1.9209654311598616,1.6775892335060565,1.677587021159028,1.677587021159028,1.6775892335060565,0.311360404055807,0.311357112668365,0.311357112668365,0.311360404055807,0.2250554525761423,0.2250588010835432,0.2250588010835432,0.2250554525761423,11.262008878949777
300.0,20.81,19.289,4.865,6.159,1.9218090106585963,1.9218138843437584,1.9218138843437584,1.9218090106585963,1.6780265149663796,1.6780441907695718,1.6780441907695718,1.6780265149663796,0.3105734890489041,0.3105646873694219,0.3105646873694219,0.3105734890489041,0.225068891379198,0.2250767724730768,0.2250767724730768,0.225068891379198,11.25323392741132
300.0,20.817,23.666,5.019,3.56,1.921649313406171,1.9216490009295415,1.9216490009295415,1.921649313406171,1.677944445705969,1.6779446384895012,1.6779446384895012,1.677944445705969,0.3107283529235555,0.3107217662299909,0.3107217662299909,0.3107283529235555,0.2250666884542878,0.2250728677062303,0.2250728677062303,0.2250666884542878,11.25483853389616
300.0,20.932,27.921,6.476,2.889,1.921467185910798,1.921460970252326,1.921460970252326,1.921467185910798,1.6778322649423336,1.6778142944497998,1.6778142944497998,1.6778322649423336,0.3109217625603624,0.3109200355496244,0.3109200355496244,0.3109217625603624,0.2250636651492365,0.2250665216707916,0.2250665216707916,0.2250636651492365,11.25639459206766
300.0,20.987,73.919,5.626,5.39,1.9197685491399092,1.9197654518276792,1.9197654518276792,1.9197685491399092,1.6768811620032773,1.676870700192451,1.676870700192451,1.6768811620032773,0.3125540316011155,0.3125536366279747,0.3125536366279747,0.3125540316011155,0.2250318585295088,0.2250327143084718,0.2250327143084718,0.2250318585295088,11.27326287217276
300.0,21.067,51.185,4.03,5.915,1.9205784240100103,1.920579439082305,1.920579439082305,1.9205784240100103,1.6773111218851169,1.6773145369329443,1.6773145369329443,1.6773111218851169,0.3117913430518713,0.3117880319134744,0.3117880319134744,0.3117913430518713,0.2250457036142409,0.2250488122176169,0.2250488122176169,0.2250457036142409,11.26492520271853
300.0,21.155,96.367,3.609,4.924,1.918906440565076,1.9189006126636985,1.9189006126636985,1.918906440565076,1.6763853663763426,1.676364737353172,1.676364737353172,1.6763853663763426,0.3134096149093658,0.3134131081687118,0.3134131081687118,0.3134096149093658,0.2250161449067422,0.2250140437037269,0.2250140437037269,0.2250161449067422,11.281497621964494
300.0,21.363,12.537,6.158,3.069,1.921926094831746,1.921914438240672,1.921914438240672,1.921926094831746,1.6780360282824174,1.677990939363009,1.677990939363009,1.6780360282824174,0.3105650534785847,0.3105520808849614,0.3105520808849614,0.3105650534785847,0.2250661571075162,0.2250768793296111,0.2250768793296111,0.2250661571075162,11.25075175418782
300.0,21.406,85.352,2.862,6.279,1.9192449597347303,1.919241977840184,1.919241977840184,1.9192449597347303,1.6765288418858444,1.6765183644877408,1.6765183644877408,1.6765288418858444,0.3131265518063138,0.31312761841295,0.31312761841295,0.3131265518063138,0.2250198069483825,0.2250194541192746,0.2250194541192746,0.2250198069483825,11.2774538221554
300.0,21.423,27.879,4.6,4.788,1.921344207628208,1.9213419591610024,1.9213419591610024,1.921344207628208,1.6776831440143647,1.67767777699344,1.67767777699344,1.6776831440143647,0.311120834564968,0.3111178019455547,0.3111178019455547,0.311120834564968,0.2250572864529326,0.2250609319719383,0.2250609319719383,0.2250572864529326,11.2563762463261
300.0,21.483,17.289,5.732,3.919,1.921723106263879,1.9217087861373376,1.9217087861373376,1.921723106263879,1.6779024707529553,1.677855056843734,1.677855056843734,1.6779024707529553,0.3107722000155461,0.3107751339131833,0.3107751339131833,0.3107722000155461,0.2250660449146555,0.2250660925173656,0.2250660925173656,0.2250660449146555,11.252500058277423
300.0,21.595,61.996,3.062,4.842,1.920051340766868,1.920050190727724,1.920050190727724,1.920051340766868,1.67694147105192,1.6769381543544446,1.6769381543544446,1.67694147105192,0.31238635042624,0.3123825543974799,0.3123825543974799,0.31238635042624,0.2250317466338241,0.2250351673528366,0.2250351673528366,0.2250317466338241,11.268885114675673
300.0,21.678,66.635,3.342,2.611,1.919859360637516,1.9198629298971024,1.9198629298971024,1.919859360637516,1.676821347234149,1.6768355084696858,1.6768355084696858,1.676821347234149,0.3125837425264668,0.3125788914792041,0.3125788914792041,0.3125837425264668,0.2250271895255091,0.2250313992849343,0.2250313992849343,0.2250271895255091,11.270584682307833
300.0,21.697,22.258,6.263,4.277,1.9214797495956564,1.9214830452764204,1.9214830452764204,1.9214797495956564,1.6777137176806824,1.6777288146130829,1.6777288146130829,1.6777137176806824,0.3110396770382917,0.3110294838424125,0.3110294838424125,0.3110396770382917,0.2250556479033206,0.2250647011455735,0.2250647011455735,0.2250556479033206,11.254318453621842
300.0,22.066,57.449,3.08,4.17,1.920096878922346,1.9201008765164576,1.9201008765164576,1.920096878922346,1.676887687468233,1.6769014536831115,1.6769014536831115,1.676887687468233,0.3124203553312262,0.3124152493645607,0.3124152493645607,0.3124203553312262,0.2250288716892813,0.2250332191357689,0.2250332191357689,0.2250288716892813,11.267209115891347
300.0,22.085,35.941,3.197,5.306,1.920885667013078,1.920877907018512,1.920877907018512,1.920885667013078,1.6773409838148106,1.6773114289372677,1.6773114289372677,1.6773409838148106,0.3116721326087689,0.3116713484882629,0.3116713484882629,0.3116721326087689,0.225045421226396,0.225046537568804,0.225046537568804,0.225045421226396,11.25932573374448
300.0,22.342,81.588,6.15,4.097,1.9191467262356128,1.9191440959231365,1.9191440959231365,1.9191467262356128,1.6763310782855918,1.6763241379825746,1.6763241379825746,1.6763310782855918,0.3133788048017152,0.3133792195062752,0.3133792195062752,0.3133788048017152,0.2250111300371148,0.2250116173919733,0.2250116173919733,0.2250111300371148,11.276060078606164
300.0,22.349,98.456,6.45,5.8,1.9185283430424611,1.9185243335802389,1.9185243335802389,1.9185283430424611,1.6759924223957123,1.6759807359247536,1.6759807359247536,1.6759924223957123,0.3139733616935285,0.3139773527931556,0.3139773527931556,0.3139733616935285,0.2250010679764967,0.2249989084056362,0.2249989084056362,0.2250010679764967,11.28224768775717
300.0,23.061,68.211,5.25,3.887,1.9194533579737056,1.9194536623267289,1.9194536623267289,1.9194533579737056,1.676392440828917,1.6763909985560113,1.6763909985560113,1.676392440828917,0.3132050660020153,0.3132034071632656,0.3132034071632656,0.3132050660020153,0.2250119665814699,0.2250133142630866,0.2250133142630866,0.2250119665814699,11.271149340823838
300.0,23.115,11.147,3.286,4.087,1.9215338809019151,1.921527185667756,1.921527185667756,1.9215338809019151,1.677538183082006,1.6775172289292115,1.6775172289292115,1.677538183082006,0.3112410731912766,0.3112092120753179,0.3112092120753179,0.3112410731912766,0.2250382849504935,0.2250641805596585,0.2250641805596585,0.2250382849504935,11.250224650033122
300.0,23.126,29.613,2.834,6.032,1.9208491590629733,1.920854567421152,1.920854567421152,1.9208491590629733,1.6771424451766188,1.6771595701506266,1.6771595701506266,1.6771424451766188,0.3118791436371116,0.3118718535953213,0.3118718535953213,0.3118791436371116,0.2250349152058784,0.2250410667670331,0.2250410667670331,0.2250349152058784,11.256995599028018
300.0,23.253,45.626,6.263,4.347,1.9202327415231817,1.9202328186369104,1.9202328186369104,1.9202327415231817,1.6767915981952868,1.6767896667383713,1.6767896667383713,1.6767915981952868,0.3124918299758319,0.3124868701004635,0.3124868701004635,0.3124918299758319,0.2250236389252817,0.2250277034907278,0.2250277034907278,0.2250236389252817,11.262856803673024
300.0,23.352,21.988,5.976,4.259,1.9210731832890275,1.9210770646138469,1.9210770646138469,1.9210731832890275,1.6772389824126164,1.6772527409852227,1.6772527409852227,1.6772389824126164,0.3117042617918269,0.3116983753256508,0.3116983753256508,0.3117042617918269,0.2250379756283354,0.2250438487144488,0.2250438487144488,0.2250379756283354,11.254199053323449
300.0,23.398,90.176,5.205,3.077,1.9185637767470367,1.9185653312965223,1.9185653312965223,1.9185637767470367,1.6758472976062382,1.675853389381528,1.675853389381528,1.6758472976062382,0.3141166553969836,0.3141137599534195,0.3141137599534195,0.3141166553969836,0.2249924235353754,0.2249949394471629,0.2249949394471629,0.2249924235353754,11.27919870748456
300.0,23.454,87.229,3.896,2.749,1.9186577003158611,1.918659617523152,1.918659617523152,1.9186577003158611,1.6758920021050272,1.6758959269043716,1.6758959269043716,1.6758920021050272,0.3140363175624005,0.3140319889120712,0.3140319889120712,0.3140363175624005,0.2249934737043815,0.2249966692316715,0.2249966692316715,0.2249934737043815,11.278118278495649
300.0,23.611,60.799,3.771,3.737,1.9195865395029408,1.919586529323993,1.919586529323993,1.9195865395029408,1.6763804559911686,1.676380464570168,1.676380464570168,1.6763804559911686,0.3131708126129542,0.3131671571362869,0.3131671571362869,0.3131708126129542,0.2250095624637477,0.2250127567546889,0.2250127567546889,0.2250095624637477,11.268422434059191
300.0,23.811,79.199,5.618,3.432,1.9188631797920872,1.9188647194458048,1.9188647194458048,1.9188631797920872,1.6759574353773166,1.6759600939048842,1.6759600939048842,1.6759574353773166,0.3138987018797171,0.3138969074262564,0.3138969074262564,0.3138987018797171,0.2249957897488573,0.224997237650615,0.224997237650615,0.2249957897488573,11.275166481623728
300.0,23.855,61.896,4.499,5.823,1.919485174008254,1.9194842220131056,1.9194842220131056,1.919485174008254,1.6762879212283377,1.6762858538749874,1.6762858538749874,1.6762879212283377,0.3133091547328771,0.3133062807059358,0.3133062807059358,0.3133091547328771,0.2250059716351361,0.2250087991221747,0.2250087991221747,0.2250059716351361,11.26882179584446
300.0,23.971,90.578,4.159,3.155,1.918407181461288,1.918403856581717,1.918403856581717,1.918407181461288,1.675682193922629,1.6756704255119343,1.6756704255119343,1.675682193922629,0.3143641374838753,0.3143651640128233,0.3143651640128233,0.3143641374838753,0.2249871016203904,0.224986772121974,0.224986772121974,0.2249871016203904,11.279342464981411
300.0,24.034,75.124,4.038,4.477,1.9189562959634692,1.9189539598517853,1.9189539598517853,1.9189562959634692,1.6759709580248257,1.6759650852008807,1.6759650852008807,1.6759709580248257,0.3138470401463264,0.3138459473219982,0.3138459473219982,0.3138470401463264,0.2249956143521915,0.2249972140303012,0.2249972140303012,0.2249956143521915,11.273668991777209
300.0,24.097,39.52,6.307,3.365,1.9202454117573773,1.920240490485548,1.920240490485548,1.9202454117573773,1.6766787750631424,1.6766617211697332,1.6766617211697332,1.6766787750631424,0.3126210572302045,0.3126215846753165,0.3126215846753165,0.3126210572302045,0.2250199818974043,0.2250204183561254,0.2250204183561254,0.2250199818974043,11.26061297650676
300.0,24.183,74.173,4.357,3.302,1.9189513239330975,1.918952752562936,1.918952752562936,1.9189513239330975,1.6759435012616866,1.6759480613409037,1.6759480613409037,1.6759435012616866,0.3138756502889059,0.3138733215428065,0.3138733215428065,0.3138756502889059,0.2249946065475203,0.2249966331360158,0.2249966331360158,0.2249946065475203,11.273321312175478
300.0,24.2,13.931,2.97,3.86,1.9211680398696305,1.9211429002020408,1.9211429002020408,1.9211680398696305,1.6771938110944855,1.677112124954333,1.677112124954333,1.6771938110944855,0.311763229904197,0.3117681756169907,0.3117681756169907,0.311763229904197,0.2250361089388922,0.2250358443625932,0.2250358443625932,0.2250361089388922,11.251221305894438
300.0,24.294,45.168,5.178,4.514,1.9199857954453796,1.9199873423248108,1.9199873423248108,1.9199857954453796,1.6764960248114775,1.6765000735698243,1.6765000735698243,1.6764960248114775,0.3129004271536479,0.3129001118996195,0.3129001118996195,0.3129004271536479,0.225013527658892,0.2250143041002731,0.2250143041002731,0.225013527658892,11.262681199490762
300.0,24.385,76.701,2.73,6.491,1.918809722838248,1.9188075903487567,1.9188075903487567,1.918809722838248,1.675842582734645,1.6758319713178669,1.6758319713178669,1.675842582734645,0.3140463978311706,0.3140462399843502,0.3140462399843502,0.3140463978311706,0.224991589013577,0.2249917204333145,0.2249917204333145,0.224991589013577,11.274249239348409
300.0,24.502,56.988,2.85,4.359,1.9195020155013185,1.919499563990366,1.919499563990366,1.9195020155012816,1.6762026405798374,1.6761947669608328,1.6761947669608328,1.6762026346465384,0.3134011383718786,0.3134010966329944,0.3134010966329944,0.3134011383718786,0.2250030024208895,0.2250037563338635,0.2250037563338635,0.2250030024208895,11.267010839176267
300.0,24.528,88.225,3.936,5.09,1.9183522671996267,1.9183484980193024,1.9183484980193024,1.9183522671996267,1.6755704561435525,1.6755569346784192,1.6755569346784192,1.6755704561435525,0.3145100735852348,0.3145123892432208,0.3145123892432208,0.3145100735852348,0.2249830171013336,0.2249817574584078,0.2249817574584078,0.2249830171013336,11.278475241066127
300.0,24.583,17.848,4.905,4.039,1.9209145396382907,1.920918987780466,1.920918987780466,1.9209145396382907,1.6769680955281845,1.6769787293804863,1.6769787293804863,1.6769680955281845,0.3120759979293507,0.3120430383379729,0.3120430383379729,0.3120759979293507,0.2250169779184234,0.2250419812305608,0.2250419812305608,0.2250169779184234,11.252667175559704
300.0,24.589,77.111,3.235,6.453,1.918746753246244,1.918739485176999,1.918739485176999,1.918746753246244,1.6757879391440949,1.6757624663092154,1.6757624663092154,1.6757879391440949,0.3141431710472968,0.3141464363004215,0.3141464363004215,0.3141431710472968,0.224989826181261,0.2249880504567578,0.2249880504567578,0.224989826181261,11.274393256324522
300.0,24.597,66.885,3.574,4.603,1.919117898638127,1.9191139057578517,1.9191139057578517,1.919117898638127,1.67598373721412,1.6759709541863963,1.6759709541863963,1.67598373721412,0.3137868154413385,0.3137889103979117,0.3137889103979117,0.3137868154413385,0.2249960458877351,0.2249951784175647,0.2249951784175647,0.2249960458877351,11.270640725806382
300.0,24.812,35.094,3.383,2.66,1.9202243374818933,1.9202241586241544,1.9202241586241544,1.9202243374818933,1.6765494794230442,1.6765518574268827,1.6765518574268827,1.6765494794230442,0.3127592178195521,0.3127597382168295,0.3127597382168295,0.3127592178195521,0.2250142262015728,0.2250152030507334,0.2250152030507334,0.2250142262015728,11.25898113705538
300.0,24.85,56.566,4.104,2.948,1.9194276787990223,1.9194296461527127,1.9194296461527127,1.9194276787990223,1.6761033333829467,1.6761094580467812,1.6761094580467812,1.6761033333829467,0.3135296225708569,0.3135278331565032,0.3135278331565032,0.3135296225708569,0.2249986796608805,0.2250005698037154,0.2250005698037154,0.2249986796608805,11.266852624635254
300.0,24.869,89.076,5.172,3.116,1.918234391168486,1.9182311931445,1.9182311931445,1.918234391168486,1.6754522038245132,1.6754427665961908,1.6754427665961908,1.6754522038245132,0.3146813492152231,0.3146820784887323,0.3146820784887323,0.3146813492152231,0.2249777576494818,0.2249779069118248,0.2249779069118248,0.2249777576494818,11.278779852605744
300.0,25.131,50.57,3.682,4.702,1.9195773823283004,1.919578427410189,1.919578427410189,1.9195773823283004,1.6761511603122023,1.676155095406522,1.676155095406522,1.6761511603122023,0.3134347221511176,0.3134327821775174,0.3134327821775174,0.3134347221511176,0.2249998487109886,0.2250018021080888,0.2250018021080888,0.2249998487109886,11.26465329892998
300.0,25.249,87.692,4.37,4.636,1.918186479272908,1.9181877454303853,1.9181877454303853,1.918186479272908,1.6753647744978404,1.6753687485612616,1.6753687485612616,1.6753647744978404,0.3147911277543489,0.3147876475869634,0.3147876475869634,0.3147911277543489,0.224973127452649,0.2249760757568958,0.2249760757568958,0.224973127452649,11.278266698461763
300.0,25.379,49.425,5.634,4.091,1.9195530141102748,1.919559010128964,1.919559010128964,1.9195530141102493,1.6760862875957774,1.6761084192478035,1.6761084192478035,1.6760862875951297,0.3134996377053062,0.3134905574172703,0.3134905574172703,0.3134996377053062,0.2249948608312878,0.2250023054331539,0.2250023054331539,0.2249948608312878,11.264230375100375
300.0,25.532,49.749,3.495,5.654,1.9195073517073704,1.9195048790628249,1.9195048790628249,1.9195073517073704,1.676054494027459,1.6760411355845086,1.6760411355845086,1.676054494027459,0.3135696067691682,0.3135680586463052,0.3135680586463052,0.3135696067691682,0.224996106569567,0.2249973262647164,0.2249973262647164,0.224996106569567,11.264346346975568
300.0,25.633,64.717,3.872,4.761,1.918929289655624,1.9189333815162413,1.9189333815162413,1.918929289655624,1.6757091516148737,1.6757238050134289,1.6757238050134289,1.6757091516148737,0.3141397682220777,0.3141356061878346,0.3141356061878346,0.3141397682220777,0.2249836429044523,0.2249872439725858,0.2249872439725858,0.2249836429044523,11.269835786282163
300.0,25.745,11.566,5.768,5.309,1.9208511448961727,1.9208518260668577,1.9208518260668577,1.9208511448961727,1.6767558777325593,1.676756391255794,1.676756391255794,1.6767558777325593,0.3123338512552009,0.3122970268674622,0.3122970268674622,0.3123338512552009,0.2250060416945856,0.2250346503012908,0.2250346503012908,0.2250060416945856,11.250349981387554
300.0,25.944,47.565,2.847,5.604,1.919487563463748,1.919478753543892,1.919478753543892,1.919487563463748,1.675993384661743,1.6759612285756955,1.6759612285756955,1.675993384661743,0.313659556889128,0.3136625577541046,0.3136625577541046,0.313659556889128,0.2249942239527391,0.2249924830939242,0.2249924830939242,0.2249942239527391,11.263540951838385
300.0,26.112,57.693,5.259,2.541,1.9190699511838416,1.91906862043976,1.91906862043976,1.9190699511838416,1.6757288739238188,1.6757219836338737,1.6757219836338737,1.6757288739238188,0.3140873432864584,0.3140858577867013,0.3140858577867013,0.3140873432864584,0.2249841052248409,0.2249855170279357,0.2249855170279357,0.2249841052248409,11.267250293205182
300.0,26.357,59.515,5.812,3.926,1.9189411878528613,1.9189393266977195,1.9189393266977195,1.9189411878528613,1.675621487977648,1.6756133511474,1.6756133511474,1.675621487977648,0.3142526351228471,0.3142508852846459,0.3142508852846459,0.3142526351228471,0.224979875219007,0.2249814097592379,0.2249814097592379,0.224979875219007,11.267916187387485
300.0,26.409,10.497,4.07,2.701,1.9207248954547769,1.9207203756610376,1.9207203756610376,1.9207248954547769,1.6765942274299874,1.6765753347504384,1.6765753347504384,1.6765942274299874,0.3125698072765758,0.3125299955757833,0.3125299955757833,0.3125698072765758,0.2249982854924117,0.2250288516355441,0.2250288516355441,0.2249982854924117,11.249945862145175
300.0,26.42,45.598,4.27,4.903,1.9194324276347752,1.9194328419504407,1.9194328419504407,1.9194324276347752,1.675873735870799,1.6758738343820323,1.6758738343820323,1.675873735870799,0.3137903102174907,0.3137858720092621,0.3137858720092621,0.3137903102174907,0.2249873902759926,0.2249911432019195,0.2249911432019195,0.2249873902759926,11.262819057615449
300.0,26.466,42.497,3.572,5.365,1.919533760797026,1.9195361085576208,1.9195361085576208,1.919533760797026,1.6759190391266927,1.6759259090544152,1.6759259090544152,1.6759190391266927,0.3137004929604104,0.3136946127069577,0.3136946127069577,0.3137004929604104,0.2249884830905446,0.2249933160988901,0.2249933160988901,0.2249884830905446,11.2616730614292
300.0,26.615,74.423,5.714,4.653,1.9183294267508528,1.918323901690184,1.918323901690184,1.9183294267508528,1.6752480678440986,1.675228537192725,1.675228537192725,1.6752480678440986,0.314883404255071,0.3148844894212755,0.3148844894212755,0.314883404255071,0.2249680465903145,0.2249679086655021,0.2249679086655021,0.2249680465903145,11.273386667845411
300.0,26.752,43.783,5.747,4.389,1.9194135002278132,1.919416776339897,1.919416776339897,1.9194135002278132,1.6758101834204129,1.6758187507622004,1.6758187507622004,1.6758101834204129,0.3138647625567103,0.3138561132734971,0.3138561132734971,0.3138647625567103,0.2249835165094805,0.2249900209955154,0.2249900209955154,0.2249835165094805,11.262141188815226
300.0,26.752,47.844,5.595,3.034,1.919267706309558,1.919267158526671,1.919267158526671,1.919267706309558,1.6757367966394574,1.6757369604738508,1.6757369604738508,1.6757367966394574,0.3140031362171523,0.3140036933371745,0.3140036933371745,0.3140031362171523,0.2249834822236212,0.224983976828237,0.224983976828237,0.2249834822236212,11.263631872574344
300.0,27.133,78.041,6.04,3.455,1.9180636541982703,1.9180648974519128,1.9180648974519128,1.9180636541982703,1.675022632816325,1.6750247834385403,1.6750247834385403,1.675022632816325,0.3152250376369552,0.3152245596653037,0.3152245596653037,0.3152250376369552,0.224959601659772,0.224960200396062,0.224960200396062,0.224959601659772,11.274704295209418
300.0,27.436,28.951,4.79,6.263,1.919788758787111,1.9197839783758088,1.9197839783758088,1.919788758787111,1.6759271124829165,1.6759125222742806,1.6759125222742806,1.6759271124829165,0.3136199376612582,0.3136196920703401,0.3136196920703401,0.3136199376612582,0.2249880922413063,0.2249896927166981,0.2249896927166981,0.2249880922413063,11.256697252034598
300.0,27.502,74.303,5.434,3.545,1.9181064870208409,1.918105047270383,1.918105047270383,1.9181064870208409,1.6749851721575983,1.6749816335086822,1.6749816335086822,1.6749851721575983,0.3152458389799453,0.3152445878476151,0.3152445878476151,0.3152458389799453,0.2249571449213055,0.2249587725855756,0.2249587725855756,0.2249571449213055,11.273330788605897
300.0,27.526,62.074,3.573,4.907,1.918546901984588,1.918548573409235,1.918548573409235,1.918546901984588,1.675218713767891,1.6752254049955824,1.6752254049955824,1.675218713767891,0.3148242813846177,0.3148228352533375,0.3148228352533375,0.3148242813846177,0.2249647843229565,0.2249667913867324,0.2249667913867324,0.2249647843229565,11.268843467747512
300.0,27.658,57.977,2.961,4.144,1.9186646427720888,1.9186636244711197,1.9186636244711197,1.9186646427720888,1.6752694606485143,1.6752647729216872,1.6752647729216872,1.6752694606485143,0.314733763682765,0.3147338189740436,0.3147338189740436,0.314733763682765,0.2249670084639536,0.2249674709888069,0.2249674709888069,0.2249670084639536,11.267334799896066
300.0,27.667,51.487,4.656,4.554,1.918899415715776,1.918902315072039,1.918902315072039,1.918899415715776,1.675396976409837,1.6754060707388718,1.6754060707388718,1.675396976409837,0.3145123474744842,0.3145050710136569,0.3145050710136569,0.3145123474744842,0.2249684405763084,0.2249744602027044,0.2249744602027044,0.2249684405763084,11.264958792095722
300.0,27.698,36.146,5.876,2.937,1.9194539138688016,1.9194567104503977,1.9194567104503977,1.9194539138688016,1.6756922828622005,1.675696826379975,1.675696826379975,1.6756922828622005,0.3139817553776685,0.3139786512752011,0.3139786512752011,0.3139817553776685,0.2249799757978277,0.2249825906078234,0.2249825906078234,0.2249799757978277,11.259334150156263
300.0,27.767,27.216,5.53,3.531,1.919763640169388,1.9197655791092565,1.9197655791092565,1.919763640169388,1.6758508202694171,1.675856786658539,1.675856786658539,1.6758508202694171,0.3136993381337467,0.3136903093487583,0.3136903093487583,0.3136993381337467,0.2249827072606721,0.2249900723817632,0.2249900723817632,0.2249827072606721,11.256056745633238
300.0,27.83,67.796,5.077,4.311,1.9182602234727515,1.9182601067005405,1.9182601067005405,1.9182602234727515,1.6750205189719478,1.675020474581031,1.675020474581031,1.6750205189719478,0.3151524907444773,0.3151502567733749,0.3151502567733749,0.3151524907444773,0.2249576994873504,0.2249599501677527,0.2249599501677527,0.2249576994873504,11.270938947564206
300.0,27.852,63.916,3.144,5.421,1.9183992751836128,1.9183983473265915,1.9183983473265915,1.9183992751836128,1.6750985433321843,1.6750962658383162,1.6750962658383162,1.6750985433321843,0.3150233931569898,0.3150225079926769,0.3150225079926769,0.3150233931569898,0.2249602429261156,0.2249616591303245,0.2249616591303245,0.2249602429261156,11.26951531840426
300.0,27.853,74.604,3.873,5.372,1.9180047954739488,1.9180057264772443,1.9180057264772443,1.9180047954739488,1.6748783674509342,1.6748786726768654,1.6748786726768654,1.6748783674509342,0.3154016096247747,0.3153998566136037,0.3153998566136037,0.3154016096247747,0.224953461924058,0.2249549103382954,0.2249549103382954,0.224953461924058,11.273436944796858
300.0,28.051,54.536,5.017,2.961,1.918693418927448,1.9186877765872368,1.9186877765872368,1.918693418927448,1.6752330206072243,1.675211958603145,1.675211958603145,1.6752330206072243,0.3147714161219874,0.3147765851949575,0.3147765851949575,0.3147714161219874,0.2249665633364134,0.2249632767188166,0.2249632767188166,0.2249665633364134,11.266071305450026
300.0,28.071,23.193,5.945,6.437,1.9198360060269704,1.919835049177216,1.919835049177216,1.9198360060269704,1.6758502494750125,1.6758430825956103,1.6758430825956103,1.6758502494750125,0.3136822686012984,0.3136731238120512,0.3136731238120512,0.3136822686012984,0.2249819741054093,0.2249893313449241,0.2249893313449241,0.2249819741054093,11.254582121165384
300.0,28.612,64.243,6.5,6.329,1.918192134140439,1.9181906135856872,1.9181906135856872,1.918192134140439,1.6748687447398676,1.67486398573539,1.67486398573539,1.6748687447398676,0.3153481446544331,0.3153480628529864,0.3153480628529864,0.3153481446544331,0.2249520733094346,0.2249527955075106,0.2249527955075106,0.2249520733094346,11.269623044378486
300.0,28.794,24.826,5.354,5.697,1.9195939880283797,1.9195891697973204,1.9195891697973204,1.9195939880283797,1.6756167751582678,1.6755944738258084,1.6755944738258084,1.6756167751582678,0.3140389894902611,0.3140258653420983,0.3140258653420983,0.3140389894902611,0.2249714112345995,0.2249815138934583,0.2249815138934583,0.2249714112345995,11.255169172828875
300.0,28.893,15.85,3.64,5.995,1.919891453833708,1.919902945541676,1.919902945541676,1.919891453833708,1.6757468800951651,1.6757797758239936,1.6757797758239936,1.6757468800951651,0.313768641631583,0.3137453163931016,0.3137453163931016,0.313768641631583,0.2249723989840691,0.2249901371538557,0.2249901371538557,0.2249723989840691,11.251881816431949
300.0,28.926,60.706,5.62,5.476,1.9182428046806648,1.918238290946912,1.918238290946912,1.9182428046806648,1.6748525044604254,1.6748395292595155,1.6748395292595155,1.6748525044604254,0.3153521229846498,0.3153543842896349,0.3153543842896349,0.3153521229846498,0.2249514731746875,0.2249509282648209,0.2249509282648209,0.2249514731746875,11.268327848421448
300.0,28.991,52.196,4.345,6.39,1.9185387475084748,1.9185353607506836,1.9185353607506836,1.9185387475084748,1.675006468094853,1.67499121070244,1.67499121070244,1.675006468094853,0.3150789599169973,0.3150784706046995,0.3150784706046995,0.3150789599169973,0.2249556444042961,0.2249564701976041,0.2249564701976041,0.2249556444042961,11.265198193262812
300.0,29.057,72.332,4.267,3.673,1.9177799757961749,1.9177827682535455,1.9177827682535455,1.9177799757961749,1.67457050866661,1.6745811043653662,1.6745811043653662,1.67457050866661,0.3158194688641342,0.3158157615398024,0.3158157615398024,0.3158194688641342,0.2249405553726846,0.2249438774537007,0.2249438774537007,0.2249405553726846,11.272586759129233
300.0,29.194,62.151,5.544,2.908,1.9181198103485453,1.918118636652532,1.918118636652532,1.9181198103485453,1.6747424847536827,1.674738869229026,1.674738869229026,1.6747424847536827,0.315517226449709,0.3155125596119836,0.3155125596119836,0.315517226449709,0.2249452483506262,0.2249493218565127,0.2249493218565127,0.2249452483506262,11.268853199956933
300.0,29.387,38.915,3.199,3.31,1.918923327229532,1.918922250943734,1.918922250943734,1.918923327229532,1.6751542957239831,1.675147770733681,1.675147770733681,1.6751542957239831,0.314774568600592,0.3147727588917513,0.3147727588917513,0.314774568600592,0.224959493691547,0.2249612957109913,0.2249612957109913,0.224959493691547,11.26032872413912
300.0,29.486,37.498,3.381,6.37,1.918951085203662,1.9189501833508689,1.9189501833508689,1.918951085203662,1.6751537563976782,1.6751542355488904,1.6751542355488904,1.6751537563976782,0.314766237989816,0.3147629599606363,0.3147629599606363,0.314766237989816,0.2249580757855569,0.2249617483986725,0.2249617483986725,0.2249580757855569,11.259807504808212
300.0,29.61,14.314,3.123,4.573,1.9197702766466505,1.9197664484023684,1.9197664484023684,1.9197702766466505,1.6755789212740997,1.6755726813557494,1.6755726813557494,1.6755789212740997,0.3140034915107323,0.3139942086895369,0.3139942086895369,0.3140034915107323,0.2249688321946906,0.2249783375229379,0.2249783375229379,0.2249688321946906,11.25131797147168
300.0,29.884,90.871,4.852,5.349,1.9168901604931368,1.9168912348657017,1.9168912348657017,1.9168901604931368,1.6739706453573653,1.673972943651692,1.673972943651692,1.6739706453573653,0.3168180914739368,0.3168145450804652,0.3168145450804652,0.3168180914739368,0.2249200674351485,0.2249229977677382,0.2249229977677382,0.2249200674351485,11.279377236684606
300.0,29.906,72.599,3.209,5.239,1.9175560079163387,1.9175562530642591,1.9175562530642591,1.9175560079163387,1.6743334545986983,1.674331771923987,1.674331771923987,1.6743334545986983,0.3161790895505451,0.3161762010518058,0.3161762010518058,0.3161790895505451,0.2249316640508693,0.2249339925447578,0.2249339925447578,0.2249316640508693,11.27267331427958
300.0,29.924,53.332,4.6,4.776,1.9182553602153904,1.918257382315486,1.918257382315486,1.9182553602153904,1.67470393310397,1.6747104228006795,1.6747104228006795,1.67470393310397,0.3155058934427883,0.3155029688126229,0.3155029688126229,0.3155058934427883,0.2249436032568253,0.2249464248026679,0.2249464248026679,0.2249436032568253,11.26561099263547
300.0,30.215,45.252,2.507,2.513,1.9184802919385753,1.918476289127912,1.918476289127912,1.9184802919385753,1.6747907690246828,1.674778294163633,1.674778294163633,1.6747907690246828,0.315339311037296,0.3153390296921908,0.3153390296921908,0.315339311037296,0.2249464490281208,0.224947555770694,0.224947555770694,0.2249464490281208,11.262646521864808
300.0,30.376,56.999,3.56,5.814,1.9180108017538584,1.91800435871694,1.91800435871694,1.9180108017538036,1.6745201050012857,1.6744989551534846,1.6744989551534846,1.6745200991129503,0.3158192518419313,0.3158219088561767,0.3158219088561767,0.3158192518419313,0.2249381195442745,0.2249370946015498,0.2249370946015498,0.2249381195442745,11.266947273163828
300.0,30.519,56.069,6.433,3.71,1.9180041204231464,1.9180041570268096,1.9180041570268096,1.9180041204231464,1.6744798297675507,1.674479172975856,1.674479172975856,1.6744798297675507,0.3158483126693901,0.315844541777553,0.315844541777553,0.3158483126693901,0.2249348856649112,0.2249381781743624,0.2249381781743624,0.2249348856649112,11.266605711332932
300.0,30.555,85.277,5.26,5.774,1.916923799093057,1.9169227112291456,1.9169227112291456,1.916923799093057,1.6738920938386024,1.6738870939778254,1.6738870939778254,1.6738920938386024,0.316896610948207,0.316895919511815,0.316895919511815,0.316896610948207,0.224917336637608,0.2249183610162792,0.2249183610162792,0.224917336637608,11.277318539382334
300.0,30.853,84.921,6.12,5.043,1.9168577356734016,1.9168593438430044,1.9168593438430044,1.9168577356734016,1.6738012629017835,1.673805170904639,1.673805170904639,1.6738012629017835,0.317008654144779,0.3170053732571999,0.3170053732571999,0.317008654144779,0.224913403816899,0.2249160927285366,0.2249160927285366,0.224913403816899,11.277186199433585
300.0,30.883,18.936,3.912,6.486,1.919274514880409,1.9192717934462329,1.9192717934462329,1.919274514880409,1.6751211950320533,1.675115480984016,1.675115480984016,1.6751211950320533,0.3146891528498327,0.3146829658120752,0.3146829658120752,0.3146891528498327,0.2249535097828627,0.224959852303905,0.224959852303905,0.2249535097828627,11.252987270668402
300.0,31.199,47.157,4.284,3.611,1.9181566108392976,1.9181562779366264,1.9181562779366264,1.9181566108392976,1.6744627577505065,1.6744611409114882,1.6744611409114882,1.6744627577505065,0.315814316805061,0.3158113732417892,0.3158113732417892,0.315814316805061,0.2249333674422607,0.2249363879824318,0.2249363879824318,0.2249333674422607,11.263335395760688
300.0,31.249,76.886,5.666,3.997,1.9170520494762529,1.917055339134572,1.917055339134572,1.9170520494762529,1.673853508863228,1.6738607814667188,1.6738607814667188,1.673853508863228,0.3168881964231894,0.3168828348537985,0.3168828348537985,0.3168881964231894,0.2249136992408177,0.2249175981176806,0.2249175981176806,0.2249136992408177,11.274232631407656
300.0,31.257,64.516,5.046,5.768,1.9175037179743608,1.9175051657141884,1.9175051657141884,1.9175037179743608,1.6740968461638466,1.6740980540222234,1.6740980540222234,1.6740968461638466,0.3164521497422482,0.3164493700023827,0.3164493700023827,0.3164521497422482,0.2249222738910803,0.2249243259903648,0.2249243259903648,0.2249222738910803,11.26969259290823
300.0,31.79,98.849,2.539,5.802,1.916108504603496,1.9161059338004645,1.9161059338004645,1.916108504603496,1.6732608510190898,1.6732515670092882,1.6732515670092882,1.6732608510190898,0.3178886423482328,0.3178911487510562,0.3178911487510562,0.3178886423482328,0.2248968336243598,0.2248954788654793,0.2248954788654793,0.2248968336243598,11.282283884829369
300.0,31.972,56.227,3.289,6.345,1.9176236320360924,1.917625529831006,1.917625529831006,1.9176236320360924,1.6740502281753376,1.6740585392892635,1.6740585392892635,1.6740502281753376,0.3164575099892464,0.3164494375047288,0.3164494375047288,0.3164575099892464,0.2249171719351435,0.2249239192736677,0.2249239192736677,0.2249171719351435,11.26664382066256
300.0,32.15,47.343,6.36,5.527,1.917909417176336,1.9179044181413385,1.9179044181413385,1.917909417176336,1.6741958686285807,1.6741799464317144,1.6741799464317144,1.6741958686285807,0.3162122226106508,0.3162121440050352,0.3162121440050352,0.3162122226106508,0.2249234947732942,0.224924789772751,0.224924789772751,0.2249234947732942,11.263389677446687
300.0,32.184,56.285,2.833,5.641,1.9175688915018425,1.917566070224,1.917566070224,1.9175688915018425,1.6739961763057014,1.6739882246425093,1.6739882246425093,1.6739961763057014,0.3165434129978147,0.3165439975610237,0.3165439975610237,0.3165434129978147,0.2249179783584109,0.2249185862135715,0.2249185862135715,0.2249179783584109,11.266663968281636
300.0,32.344,83.25,3.472,6.046,1.9165356462246883,1.9165370880497783,1.9165370880497783,1.9165356462246883,1.6734025918202444,1.6734080212094953,1.6734080212094953,1.6734025918202444,0.3175681002679697,0.3175638719839411,0.3175638719839411,0.3175681002679697,0.2248979579361895,0.2249015089773062,0.2249015089773062,0.2248979579361895,11.276556424651517
300.0,32.422,28.416,4.144,4.762,1.918528867481333,1.9185331621120083,1.9185331621120083,1.918528867481333,1.6744786777513267,1.674489908659394,1.674489908659394,1.6744786777513267,0.3156584306089412,0.3156522931380373,0.3156522931380373,0.3156584306089412,0.2249309173663074,0.2249361010856823,0.2249361010856823,0.2249309173663074,11.256446837203628
300.0,32.431,52.555,2.988,5.457,1.91764110742338,1.917641129977173,1.917641129977173,1.91764110742338,1.6739947828112087,1.6739955242822313,1.6739955242822313,1.6739947828112087,0.3165150134526064,0.3165120977508323,0.3165120977508323,0.3165150134526064,0.2249164714133632,0.2249193203111592,0.2249193203111592,0.2249164714133632,11.265295911056008
300.0,32.472,44.03,3.593,3.576,1.917943967922392,1.9179432679545951,1.9179432679545951,1.917943967922392,1.674154573304791,1.6741546403110017,1.6741546403110017,1.674154573304791,0.3162310532878327,0.3162267683367702,0.3162267683367702,0.3162310532878327,0.2249207362999934,0.2249249150687676,0.2249249150687676,0.2249207362999934,11.262171031740602
300.0,32.613,46.707,5.585,4.314,1.9178117585750831,1.9178068391441263,1.9178068391441263,1.9178117585750831,1.6740682733402694,1.6740516785929784,1.6740516785929784,1.6740682733402694,0.31638212557594,0.3163812940490031,0.3163812940490031,0.31638212557594,0.2249189500749038,0.2249202852074475,0.2249202852074475,0.2249189500749038,11.263149545859983
300.0,32.804,93.107,3.242,3.392,1.9160568349763705,1.9160571133894024,1.9160571133894024,1.9160568349763705,1.6730811048807437,1.673081989815027,1.673081989815027,1.6730811048807437,0.3181076864451646,0.3181067495709334,0.3181067495709334,0.3181076864451646,0.2248884810349529,0.22488943853953,0.22488943853953,0.2248884810349529,11.280168625184452
300.0,32.812,24.933,6.032,4.327,1.9185603096919843,1.9185561833554707,1.9185561833554707,1.9185603096919843,1.674446411568488,1.6744331404273265,1.6744331404273265,1.674446411568488,0.3156953391119456,0.3156920239032594,0.3156920239032594,0.3156953391119456,0.2249294667590419,0.224933329550437,0.224933329550437,0.2249294667590419,11.255168511622951
300.0,32.824,93.588,4.17,3.006,1.9160374097850768,1.9160328903744177,1.9160328903744177,1.9160374097850768,1.673080024122639,1.6730659288626708,1.6730659288626708,1.673080024122639,0.3181323991218683,0.3181336310178118,0.3181336310178118,0.3181323991218683,0.2248886070793447,0.2248882787164327,0.2248882787164327,0.2248886070793447,11.28034251240446
300.0,33.237,57.944,5.079,3.251,1.9172378253603577,1.9172351739928288,1.9172351739928288,1.9172378253603577,1.673665551346634,1.6736554130539665,1.6736554130539665,1.673665551346634,0.3170383294909632,0.3170387244030468,0.3170387244030468,0.3170383294909632,0.2249058446907651,0.2249062827016759,0.2249062827016759,0.2249058446907651,11.267262693125966
300.0,33.34,39.934,4.605,3.598,1.9178697927314383,1.917871162698364,1.917871162698364,1.9178697927314383,1.6739823921472567,1.6739867072892196,1.6739867072892196,1.6739823921472567,0.3164471618229418,0.3164390305233087,0.3164390305233087,0.3164471618229418,0.2249128542284165,0.2249195138280284,0.2249195138280284,0.2249128542284165,11.260657440458145
300.0,33.354,89.244,6.174,4.533,1.9160580429360892,1.91605563878682,1.91605563878682,1.9160580429360892,1.6730042905867868,1.672997694127081,1.672997694127081,1.6730042905867868,0.3181982698817314,0.3181987862579905,0.3181987862579905,0.3181982698817314,0.2248853140203178,0.2248855051767438,0.2248855051767438,0.2248853140203178,11.278741020560968
300.0,33.516,81.439,3.594,5.781,1.9163024103630584,1.916300157973423,1.916300157973423,1.9163024103630584,1.6731113165823932,1.673105942633765,1.673105942633765,1.6731113165823932,0.3179890875511479,0.3179881345741283,0.3179881345741283,0.3179890875511479,0.2248876025965912,0.224889122001285,0.224889122001285,0.2248876025965912,11.27587805304935
300.0,33.582,59.289,4.46,5.158,1.9170953473235812,1.917097494723072,1.917097494723072,1.9170953473235812,1.673521981242904,1.6735307775077444,1.6735307775077444,1.673521981242904,0.3172300860579997,0.3172293358116991,0.3172293358116991,0.3172300860579997,0.2249006140018204,0.2249020670012884,0.2249020670012884,0.2249006140018204,11.267751541137947
300.0,33.636,26.263,3.904,5.204,1.918299352949094,1.9182952012684205,1.9182952012684205,1.918299352949094,1.6741799125333372,1.6741661621431878,1.6741661621431878,1.6741799125333372,0.3160831261307848,0.3160789210422345,0.3160789210422345,0.3160831261307848,0.2249189919584666,0.2249236423907659,0.2249236423907659,0.2249189919584666,11.25564535406158
300.0,33.661,70.694,2.763,2.537,1.9166605307960165,1.916657252438709,1.916657252438709,1.9166605307960165,1.6732848282992487,1.67327427679449,1.67327427679449,1.6732848282992487,0.3176653025220889,0.3176675482697478,0.3176675482697478,0.3176653025220889,0.2248939147584088,0.2248928454455444,0.2248928454455444,0.2248939147584088,11.271934805922006
300.0,33.827,74.426,4.938,3.027,1.9164806660201836,1.916479663529512,1.916479663529512,1.9164806660201836,1.6731693051875012,1.6731644757845645,1.6731644757845645,1.6731693051875012,0.3178693544365006,0.3178670041895446,0.3178670041895446,0.3178693544365006,0.2248885871097609,0.2248904870730538,0.2248904870730538,0.2248885871097609,11.273299185216167
300.0,33.861,38.325,4.918,5.712,1.9177969203677152,1.9177930120806732,1.9177930120806732,1.9177969203677152,1.6738692801930908,1.673859647803276,1.673859647803276,1.6738692801930908,0.316601840385551,0.3166018187746306,0.3166018187746306,0.316601840385551,0.2249103768421633,0.2249121672864491,0.2249121672864491,0.2249103768421633,11.260060242834712
300.0,34.046,57.195,6.27,6.237,1.9170575335943445,1.9170524491382244,1.9170524491382244,1.9170575335943445,1.6734465044070816,1.6734258957812218,1.6734258957812218,1.6734465044070816,0.3173459240656951,0.3173475872477362,0.3173475872477362,0.3173459240656951,0.2248982138552337,0.2248970969776497,0.2248970969776497,0.2248982138552337,11.266975261290492
300.0,34.453,98.405,6.153,3.588,1.9154396889735663,1.915440943858594,1.915440943858594,1.9154396889735663,1.6725175554838596,1.6725192723160731,1.6725192723160731,1.6725175554838596,0.3189822652953705,0.3189801653444309,0.3189801653444309,0.3189822652953705,0.2248678511033504,0.2248693269497558,0.2248693269497558,0.2248678511033504,11.28208766844658
300.0,34.495,57.744,2.661,3.629,1.9169177938634696,1.9169199497488527,1.9169199497488527,1.9169177938634696,1.6732936318347993,1.6733025350805946,1.6733025350805946,1.6732936318347993,0.317554181570221,0.317551964504829,0.317551964504829,0.317554181570221,0.2248914546784499,0.2248936157216992,0.2248936157216992,0.2248914546784499,11.267173388810017
300.0,34.52,76.664,5.93,5.552,1.9162186405932928,1.9162204658737787,1.9162204658737787,1.9162186405932928,1.672921489434836,1.6729277879057234,1.6729277879057234,1.672921489434836,0.3182371634973618,0.3182341725080252,0.3182341725080252,0.3182371634973618,0.2248794183348557,0.2248820831801354,0.2248820831801354,0.2248794183348557,11.274110202514343
300.0,34.524,18.472,5.631,3.952,1.9183504128281563,1.918357805648606,1.918357805648606,1.9183504128281563,1.6740563443712848,1.6740835231476614,1.6740835231476614,1.6740563443712848,0.3161903455657045,0.3161556580364695,0.3161556580364695,0.3161903455657045,0.2249035203248869,0.224930035948636,0.224930035948636,0.2249035203248869,11.25278201171808
300.0,34.65,47.36,5.241,6.284,1.9172605829570757,1.9172576963351455,1.9172576963351455,1.9172605829570757,1.6734603132777788,1.6734536426748443,1.6734536426748443,1.6734603132777788,0.3172504001444823,0.3172487218363986,0.3172487218363986,0.3172504001444823,0.2248959296966935,0.2248984774198195,0.2248984774198195,0.2248959296966935,11.26336234424664
300.0,34.666,92.05,6.338,2.549,1.9156119875820443,1.9156210425220288,1.9156210425220288,1.9156119875820443,1.6725618613956617,1.6725911516275087,1.6725911516275087,1.6725618613956617,0.3188485010463954,0.3188392727861427,0.3188392727861427,0.3188485010463954,0.2248667710609351,0.2248735268732209,0.2248735268732209,0.2248667710609351,11.2797548827413
300.0,34.768,13.391,5.129,3.264,1.9184751610537485,1.9184800316110728,1.9184800316110728,1.9184751610537485,1.6740966968658662,1.674110419617676,1.674110419617676,1.6740966968658662,0.3161093949075922,0.3160794443952793,0.3160794443952793,0.3161093949075922,0.2249056976350533,0.2249293198065925,0.2249293198065925,0.2249056976350533,11.250907135635934
300.0,34.855,71.773,3.363,3.413,1.9163125151895888,1.916310490442365,1.916310490442365,1.9163125151895888,1.6729257693860504,1.6729150744959282,1.6729150744959282,1.6729257693860504,0.3182011687672948,0.3182007749731407,0.3182007749731407,0.3182011687672948,0.2248801416548775,0.2248804828837047,0.2248804828837047,0.2248801416548775,11.272314723174842
300.0,34.915,79.332,6.302,2.692,1.9160180016923416,1.9160190749154289,1.9160190749154289,1.9160180016923416,1.6727547108067673,1.672757743277828,1.672757743277828,1.6727547108067673,0.3184962761325283,0.3184938849207442,0.3184938849207442,0.3184962761325283,0.2248740841481075,0.2248762324633402,0.2248762324633402,0.2248740841481075,11.27508454401144
300.0,34.963,59.872,5.414,5.873,1.9167193173002184,1.9167203710780896,1.9167203710780896,1.9167193173002184,1.6731229112026895,1.673125065400321,1.673125065400321,1.6731229112026895,0.3178234984123226,0.3178227875242946,0.3178227875242946,0.3178234984123226,0.2248860553614621,0.2248868766395056,0.2248868766395056,0.2248860553614621,11.267944097943564
300.0,35.043,97.105,5.377,5.334,1.9153339600705823,1.9153352244678623,1.9153352244678623,1.9153339600705823,1.6723694651266352,1.6723721916105452,1.6723721916105452,1.6723694651266352,0.3191821479209875,0.3191790646393603,0.3191790646393603,0.3191821479209875,0.2248619568820141,0.2248642965536451,0.2248642965536451,0.2248619568820141,11.281609777012331
300.0,35.442,20.77,5.422,4.596,1.9180312094856151,1.9180329999512196,1.9180329999512196,1.9180312094856151,1.6737568127937548,1.6737609638123754,1.6737609638123754,1.6737568127937548,0.31664126893427,0.316628016012356,0.316628016012356,0.31664126893427,0.2248999004817206,0.2249107198337554,0.2249107198337554,0.2248999004817206,11.253604818114743
300.0,35.443,18.108,4.649,6.426,1.9181348968411709,1.91812438148981,1.91812438148981,1.9181348968411709,1.673817216947754,1.6737927757728863,1.6737927757728863,1.673817216947754,0.3165459036067643,0.3165357796344104,0.3165357796344104,0.3165459036067643,0.2249009335066256,0.2249114988125825,0.2249114988125825,0.2249009335066256,11.252631320451774
300.0,35.858,25.731,3.454,4.263,1.9177419271658531,1.9177426959471788,1.9177426959471788,1.9177419271658516,1.673540185084901,1.6735421150575205,1.6735421150575205,1.6735401850848937,0.3169882662957869,0.316977355404654,0.316977355404654,0.3169882662957869,0.2248933118552984,0.2249025034311485,0.2249025034311485,0.2248933118552984,11.255417847124637
300.0,35.951,57.676,3.44,3.903,1.916548371363229,1.9165425394582796,1.9165425394582047,1.916548371363229,1.6728964930453571,1.6728771106567213,1.6728771164990563,1.6728964930453571,0.3181544176651494,0.3181573121133677,0.3181573121133677,0.3181544176651494,0.2248779141397017,0.2248765765620953,0.2248765765620953,0.2248779141397017,11.267134568037006
300.0,35.974,27.482,2.826,3.797,1.9176506504159725,1.917648892521968,1.917648892521968,1.9176506504160835,1.673486885074903,1.673477040837437,1.673477040837437,1.6734868850751663,0.3170929512244455,0.3170926732786231,0.3170926732786231,0.3170929512244455,0.2248951210209837,0.2248961734452683,0.2248961734452683,0.2248951210209837,11.25606186905849
300.0,36.038,71.162,6.164,2.801,1.916029163919441,1.9160278898728549,1.9160278898728549,1.916029163919441,1.67259846095569,1.6725944423536687,1.6725944423536687,1.67259846095569,0.3186712808665987,0.318671226594176,0.318671226594176,0.3186712808665987,0.2248677597416715,0.224868345753499,0.224868345753499,0.2248677597416715,11.272073100590209
300.0,36.089,27.791,6.386,4.216,1.9176055628793645,1.9176111407086855,1.9176111407086855,1.9176055628793645,1.673432915412581,1.6734514023620315,1.6734514023620315,1.673432915412581,0.3171584214526946,0.3171455316896797,0.3171455316896797,0.3171584214526946,0.2248890424489085,0.2248993211954767,0.2248993211954767,0.2248890424489085,11.256170368154285
300.0,36.145,82.868,3.453,6.009,1.9155725731014035,1.9155732980656757,1.9155732980656757,1.9155725731014035,1.6723387122148958,1.672340237981363,1.672340237981363,1.6723387122148958,0.3191341369129728,0.3191319256939813,0.3191319256939813,0.3191341369129728,0.2248592689702895,0.2248611223700224,0.2248611223700224,0.2248592689702895,11.276368680403955
300.0,36.596,92.459,3.049,5.726,1.9151088993685963,1.9151121206275288,1.9151121206275288,1.9151088993685963,1.672024484839756,1.67203460889565,1.67203460889565,1.672024484839756,0.3196648676862588,0.3196602415244529,0.3196602415244529,0.3196648676862588,0.2248480380687493,0.2248515998682165,0.2248515998682165,0.2248480380687493,11.279881971921393
300.0,36.599,93.828,4.653,3.644,1.9150581127511723,1.9150612659983983,1.9150612659983983,1.9150581127511723,1.6719986978289263,1.6720075343159924,1.6720075343159924,1.6719986978289263,0.3197153361747888,0.3197100914404098,0.3197100914404098,0.3197153361747888,0.2248471528519107,0.2248510729363301,0.2248510729363301,0.2248471528519107,11.280382471930253
300.0,36.682,38.321,4.014,3.422,1.9170656285085244,1.9170693039614912,1.9170693039614912,1.9170656285085244,1.6730506223410486,1.6730644587496284,1.6730644587496284,1.6730506223410486,0.3177751512264108,0.3177675046238891,0.3177675046238891,0.3177751512264108,0.2248776138145159,0.2248843712848007,0.2248843712848007,0.2248776138145159,11.260027060874936
300.0,36.688,95.297,2.621,2.509,1.914983261616672,1.9149833600150168,1.9149833600150168,1.914983261616672,1.671947712338091,1.6719485393818607,1.6719485393818607,1.671947712338091,0.3198033195948477,0.319801562445515,0.319801562445515,0.3198033195948477,0.2248463441404611,0.2248481849864209,0.2248481849864209,0.2248463441404611,11.280922828505352
300.0,37.049,33.553,6.006,6.194,1.91714988933662,1.9171469967595405,1.9171469967595405,1.91714988933662,1.6730598280367257,1.6730506844302029,1.6730506844302029,1.6730598280367257,0.3177574631953669,0.3177526088957339,0.3177526088957339,0.3177574631953669,0.2248778506515227,0.224882559393594,0.224882559393594,0.2248778506515227,11.25827580505578
300.0,37.103,42.004,5.762,6.11,1.9168234495838368,1.9168238385803087,1.9168238385803087,1.9168234495838368,1.6728691588114308,1.6728686538682356,1.6728686538682356,1.6728691588114308,0.3180793969318434,0.3180751962324058,0.3180751962324058,0.3180793969318434,0.2248730014068017,0.2248763709758927,0.2248763709758927,0.2248730014068017,11.26136587963269
300.0,37.327,31.12,4.121,3.07,1.9171651782936008,1.9171638326158489,1.9171638326158489,1.9171651782936008,1.6730180600385056,1.6730159446257131,1.6730159446257131,1.6730180600385056,0.3177880319879466,0.3177804233577651,0.3177804233577651,0.3177880319879466,0.2248753085639545,0.2248821507160081,0.2248821507160081,0.2248753085639545,11.25737696850179
300.0,37.385,96.139,5.409,4.52,1.9147761172858568,1.9147732435907052,1.9147732435907052,1.914776117285947,1.6717398240503387,1.6717282816053185,1.6717282816053185,1.6717398182367138,0.3201223453156324,0.3201249197008341,0.3201249197008341,0.3201223453156324,0.2248405869124508,0.224838993010785,0.224838993010785,0.2248405869124508,11.281226045903924
300.0,37.398,18.45,5.382,2.819,1.9176145532793607,1.9176113238128203,1.9176113238128203,1.9176145532793607,1.673253575497446,1.673239884573468,1.673239884573468,1.673253575497446,0.3173663232656808,0.3173590403930894,0.3173590403930894,0.3173663232656808,0.2248824302741457,0.2248889592541194,0.2248889592541194,0.2248824302741457,11.252740471647098
300.0,37.711,52.068,5.744,5.888,1.9162992760325317,1.9162939786320887,1.9162939786320887,1.9162992760325317,1.6725071842654204,1.6724891725855235,1.6724891725855235,1.6725071842654204,0.3186877052117166,0.3186889834362284,0.3186889834362284,0.3186877052117166,0.2248622395992243,0.2248620639906627,0.2248620639906627,0.2248622395992243,11.265052856482162
300.0,37.735,36.069,2.538,2.673,1.9168777838824964,1.9168781304285163,1.9168781304285163,1.9168777838824964,1.6728046071277285,1.6728060665013529,1.6728060665013529,1.6728046071277285,0.3181294172888139,0.3181285337125714,0.3181285337125714,0.3181294172888139,0.2248705977003229,0.2248721862713828,0.2248721862713828,0.2248705977003229,11.259190498849588
300.0,37.852,88.789,3.642,5.638,1.9149248813811883,1.9149214300718889,1.9149214300718889,1.9149248813811883,1.6717512947554864,1.6717391327009838,1.6717391327009838,1.6717512947554864,0.320057011596038,0.3200557393073608,0.3200557393073608,0.320057011596038,0.2248385655251125,0.2248398652630589,0.2248398652630589,0.2248385655251125,11.27852009033162
300.0,38.312,80.529,6.146,3.61,1.915105402565923,1.9151078928727852,1.915107892872776,1.915105402565923,1.6717706392174494,1.6717815698540213,1.6717815698542795,1.6717706392174494,0.3199556639506068,0.3199514862305614,0.3199514862305614,0.3199556639506068,0.2248373458945648,0.2248410650596967,0.2248410650596967,0.2248373458945648,11.27548528190498
300.0,38.647,10.518,4.63,3.044,1.9175817943542637,1.917580735936958,1.917580735936958,1.9175817943542637,1.6730550055781268,1.6730525801802212,1.6730525801802212,1.6730550055781268,0.3176255706070628,0.3175754665311921,0.3175754665311921,0.3176255706070628,0.2248579040687798,0.2248967313904722,0.2248967313904722,0.2248579040687798,11.249813536063831
300.0,38.786,92.94,2.986,4.397,1.9145343311488192,1.914531935727896,1.914531935727896,1.9145343311488192,1.671403413961688,1.6713939291996234,1.6713939291996234,1.671403413961688,0.3205942314178938,0.3205949941801287,0.3205949941801287,0.3205942314178938,0.224827379611321,0.2248271757730703,0.2248271757730703,0.224827379611321,11.280031008737572
300.0,38.84,47.954,2.924,5.394,1.916160594753208,1.9161571413521217,1.9161571413521217,1.916160594753208,1.672265428567559,1.6722543861947634,1.6722543861947634,1.672265428567559,0.3190107791695355,0.3190133154434045,0.3190133154434045,0.3190107791695355,0.2248531944352287,0.2248523340962464,0.2248523340962464,0.2248531944352287,11.263535589563888
300.0,38.914,38.164,6.441,6.408,1.916496576708193,1.9164979006825795,1.9164979006825795,1.916496576708193,1.6724308858725123,1.6724347080226591,1.6724347080226591,1.6724308858725123,0.318696094066807,0.318692279613387,0.318692279613387,0.318696094066807,0.2248562169635884,0.2248597686075748,0.2248597686075748,0.2248562169635884,11.259937961071936
300.0,39.259,14.087,4.831,3.154,1.917294906257777,1.9172892936356989,1.9172892936356989,1.917294906257777,1.672818368294433,1.6728013541423996,1.6728013541423996,1.672818368294433,0.3179920879822716,0.3179699337578683,0.3179699337578683,0.3179920879822716,0.2248591126155326,0.2248777463384089,0.2248777463384089,0.2248591126155326,11.251113945144148
300.0,39.639,54.241,4.912,4.199,1.9157255896326333,1.9157268896880029,1.9157268896880029,1.9157255896326333,1.67191538241562,1.671919059945587,1.671919059945587,1.67191538241562,0.319571101451007,0.3195677590319949,0.3195677590319949,0.319571101451007,0.2248394964125978,0.2248424636897859,0.2248424636897859,0.2248394964125978,11.265830055388292
300.0,39.648,94.631,5.123,3.297,1.9142493941217205,1.9142496667483904,1.9142496667483904,1.9142493941217205,1.6711187216847652,1.6711206775050054,1.6711206775050054,1.6711187216847652,0.3210174718119496,0.3210154881553645,0.3210154881553645,0.3210174718119496,0.2248167062586088,0.2248187284410423,0.2248187284410423,0.2248167062586088,11.28064229781378
300.0,39.761,40.41,5.129,4.97,1.9162028543583292,1.9161986247011724,1.9161986247011724,1.9162028543583292,1.672164145575326,1.6721445009360212,1.6721445009360212,1.672164145575326,0.3191261243125482,0.3191268842057238,0.3191268842057238,0.3191261243125482,0.2248479961762643,0.2248477848923832,0.2248477848923832,0.2248479961762643,11.26075440130108
300.0,39.919,46.882,5.371,3.156,1.915923875238685,1.9159226690078,1.9159226690078,1.915923875238685,1.6719816468841324,1.6719799672017692,1.6719799672017692,1.6719816468841324,0.3194240557210182,0.31942323833938,0.31942323833938,0.3194240557210182,0.2248413393668285,0.2248431222871764,0.2248431222871764,0.2248413393668285,11.263126370905168
300.0,39.925,90.676,3.784,4.365,1.9143241922023904,1.9143215730400491,1.9143215730400491,1.9143241922023904,1.6711221245797734,1.6711137294571283,1.6711137294571283,1.6711221245797734,0.3209911099726617,0.3209906745380543,0.3209906745380543,0.3209911099726617,0.224816656901991,0.2248175708405538,0.2248175708405538,0.224816656901991,11.279185414263138
300.0,39.929,19.892,6.382,5.537,1.9169068014854844,1.9169030105589984,1.9169030105589984,1.9169068014854844,1.6725068857240206,1.672496257289579,1.672496257289579,1.6725068857240206,0.3184696907487267,0.3184633836414975,0.3184633836414975,0.3184696907487267,0.2248546532033864,0.2248612413516042,0.2248612413516042,0.2248546532033864,11.253233614574038
300.0,39.96,80.392,4.722,4.475,1.9146884457240363,1.9146905188218712,1.9146905188218712,1.9146884457240363,1.6713093682124711,1.67131359880177,1.67131359880177,1.6713093682124711,0.3206395138194321,0.3206353881291092,0.3206353881291092,0.3206395138194321,0.2248211411254115,0.2248243314606621,0.2248243314606621,0.2248211411254115,11.275413795810827
300.0,39.976,84.362,4.802,5.191,1.9145406523408832,1.914540257112454,1.914540257112454,1.9145406523408832,1.6712292898540693,1.6712272212760235,1.6712272212760235,1.6712292898540693,0.3207866189254757,0.3207854376328648,0.3207854376328648,0.3207866189254757,0.2248197119283226,0.2248208606221805,0.2248208606221805,0.2248197119283226,11.276873062385269
300.0,39.982,91.734,6.186,4.776,1.9142708535743171,1.9142683816515416,1.9142683816515416,1.9142708535743171,1.6710852239912355,1.6710768716022104,1.6710768716022104,1.6710852239912355,0.3210521728774231,0.3210530552593688,0.3210530552593688,0.3210521728774231,0.2248159820703304,0.2248159206409833,0.2248159206409833,0.2248159820703304,11.27957390773077
300.0,40.11,32.42,5.429,3.875,1.916402955326855,1.916403172606031,1.916403172606031,1.916402955326855,1.672214643508571,1.6722100501821733,1.6722100501821733,1.672214643508571,0.3189909170029827,0.3189836132778062,0.3189836132778062,0.3189909170029827,0.2248463528989066,0.2248516674487174,0.2248516674487174,0.2248463528989066,11.25782363766234
300.0,40.205,74.527,5.405,3.534,1.9148413658090049,1.9148397707605516,1.9148397707605516,1.9148413658090049,1.6713596516590885,1.6713535513821118,1.6713535513821118,1.6713596516590885,0.3205304427834604,0.3205299813022664,0.3205299813022664,0.3205304427834604,0.224823116250779,0.2248239079842205,0.2248239079842205,0.224823116250779,11.273259436864691
300.0,40.222,13.017,4.423,5.955,1.9170754199886084,1.9170858255694745,1.9170858255694745,1.9170754199886084,1.672537564253747,1.6725713581817057,1.6725713581817057,1.672537564253747,0.3183622484614426,0.3183258164664746,0.3183258164664746,0.3183622484614426,0.2248451727555406,0.2248733374701143,0.2248733374701143,0.2248451727555406,11.25070539266998
300.0,40.372,17.21,3.607,4.617,1.9168820945780696,1.916895877114664,1.916895877114664,1.9168820945780696,1.6724086996740133,1.672454387992412,1.672454387992412,1.6724086996740133,0.318568151316995,0.318543538765457,0.318543538765457,0.318568151316995,0.2248455185601201,0.2248649922822997,0.2248649922822997,0.2248455185601201,11.252242162941425
300.0,40.577,76.253,2.539,5.723,1.9146817003422116,1.9146825613195213,1.9146825613195213,1.9146817003422116,1.6712151983574024,1.6712172605225886,1.6712172605225886,1.6712151983574024,0.3207488666953539,0.3207459355114932,0.3207459355114932,0.3207488666953539,0.2248174361328105,0.2248200745198559,0.2248200745198559,0.2248174361328105,11.273889637934635
300.0,40.623,91.702,5.661,2.607,1.9141073386816068,1.9141042931513663,1.9141042931513663,1.9141073386816068,1.6709064117232035,1.6708944396938687,1.6708944396938687,1.6709064117232035,0.3213197371390587,0.3213205469098569,0.3213205469098569,0.3213197371390587,0.2248097715784414,0.2248096194112553,0.2248096194112553,0.2248097715784414,11.279554407308776
300.0,40.878,31.54,4.396,4.462,1.9162385056339903,1.9162356506068,1.9162356506068,1.9162385056339903,1.6720132395667602,1.6720055984355895,1.6720055984355895,1.6720132395667602,0.3192797185995157,0.3192746584196269,0.3192746584196269,0.3192797185995157,0.2248388620226713,0.2248438967041813,0.2248438967041813,0.2248388620226713,11.257488966430817
300.0,40.923,93.009,3.59,5.831,1.913981689585756,1.91398036108496,1.91398036108496,1.913981689585756,1.6707921207473642,1.6707861314264807,1.6707861314264807,1.6707921207473642,0.3214931455894254,0.3214920750820216,0.3214920750820216,0.3214931455894254,0.2248054071891487,0.2248064238804206,0.2248064238804206,0.2248054071891487,11.280034481249004
300.0,41.074,47.498,4.972,3.534,1.9156051498117188,1.9156034350151256,1.9156034350151256,1.9156051498117188,1.6716433529472867,1.6716381159360023,1.6716381159360023,1.6716433529472867,0.3199288067954538,0.3199269448197138,0.3199269448197138,0.3199288067954538,0.2248290763983011,0.2248312877296486,0.2248312877296486,0.2248290763983011,11.263338483067406
300.0,41.133,99.275,3.776,5.158,1.9136988478758932,1.913697551510104,1.913697551510104,1.9136988478758932,1.6706086211498208,1.6706040126594175,1.6706040126594175,1.6706086211498208,0.3218056388973974,0.3218049385902358,0.3218049385902358,0.3218056388973974,0.2247999058863864,0.2248008459201646,0.2248008459201646,0.2247999058863864,11.282328063448803
300.0,41.814,28.624,3.457,5.399,1.9161070494118784,1.916101322166228,1.916101322166228,1.9161070494118784,1.6718159828040702,1.6717902821792716,1.6717902821792716,1.6718159828040702,0.319564053308925,0.319561959527992,0.319561959527992,0.319564053308925,0.2248326632836426,0.2248347741002555,0.2248347741002555,0.2248326632836426,11.256407906534422
300.0,42.114,31.878,4.219,6.477,1.9159084290609407,1.9159069255362449,1.9159069255362449,1.9159084290609407,1.6716551488342544,1.6716495618849907,1.6716495618849907,1.6716551488342544,0.3198063259142777,0.3198030236158793,0.3198030236158793,0.3198063259142777,0.2248269073865769,0.2248303170809926,0.2248303170809926,0.2248269073865769,11.257603116251182
300.0,42.226,61.559,2.842,3.512,1.914795643117231,1.9147916035389307,1.9147916035389307,1.914795643117231,1.6710428019347463,1.6710290807443071,1.6710290807443071,1.6710428019347463,0.3209101983426875,0.3209147687773195,0.3209147687773195,0.3209101983426875,0.2248117662757558,0.2248093549741064,0.2248093549741064,0.2248117662757558,11.268480965556328
300.0,42.305,16.806,6.035,6.137,1.916411805157512,1.9164058939170687,1.9164058939170687,1.916411805157512,1.671908595910346,1.6718840431217703,1.6718840431217703,1.671908595910346,0.3193504635764191,0.3193436041218465,0.3193436041218465,0.3193504635764191,0.2248327476309234,0.2248389690347949,0.2248389690347949,0.2248327476309234,11.2520794029295
300.0,42.493,52.862,3.037,5.093,1.9150433604035049,1.915042434956022,1.915042434956022,1.9150433604033523,1.6711325341236392,1.671129138568524,1.671129138568524,1.671132539917754,0.3207145382859762,0.3207110305263185,0.3207110305263185,0.3207145382859762,0.2248111191758074,0.2248144059368897,0.2248144059368897,0.2248111191758074,11.26528862163768
300.0,42.645,51.637,4.665,5.018,1.9150493348844209,1.915046590646936,1.915046590646936,1.9150493348844209,1.6711158686070833,1.6711072127195696,1.6711072127195696,1.6711158686070833,0.3207319689729448,0.320734469262663,0.320734469262663,0.3207319689729448,0.2248123499258779,0.2248114497319897,0.2248114497319897,0.2248123499258779,11.264839554687294
300.0,42.651,65.449,2.518,5.111,1.914543363042564,1.9145412116913707,1.9145412116913707,1.914543363042564,1.670840071285166,1.6708342024125675,1.6708342024125675,1.670840071285166,0.321229800178975,0.3212291352880152,0.3212291352880152,0.321229800178975,0.2248032846649138,0.2248046108477532,0.2248046108477532,0.2248032846649138,11.269901711861117
300.0,42.931,87.844,3.355,4.453,1.9136480411736103,1.9136549839013464,1.9136549839013464,1.9136480411736103,1.670309073660993,1.670331689593044,1.670331689593044,1.670309073660993,0.3221532152922656,0.3221465780288976,0.3221465780288976,0.3221532152922656,0.2247865409779528,0.2247916143005031,0.2247916143005031,0.2247865409779528,11.278114805837289
300.0,43.064,97.725,3.245,3.91,1.9132559617202087,1.9132567125104716,1.9132567125104716,1.9132559617202087,1.6700889974284974,1.6700893000875587,1.6700893000875587,1.6700889974284974,0.3225614293057033,0.3225598689941424,0.3225598689941424,0.3225614293057033,0.2247816718550232,0.224782989285501,0.224782989285501,0.2247816718550232,11.28173764881456
300.0,43.181,67.262,6.204,6.262,1.9143397555334245,1.91433745167354,1.91433745167354,1.9143397555334245,1.6706562057460368,1.6706488447743335,1.6706488447743335,1.6706562057460368,0.3215175363001726,0.3215167638718357,0.3215167638718357,0.3215175363001726,0.2247973403557921,0.2247984938227197,0.2247984938227197,0.2247973403557921,11.270558775364057
300.0,43.213,89.995,2.69,4.62,1.9135004123644763,1.9134989763005037,1.9134989763005037,1.9135004123644763,1.6701982686714754,1.6701960895934091,1.6701960895934091,1.6701982686714754,0.322345950581669,0.3223457670977258,0.3223457670977258,0.322345950581669,0.2247845002304103,0.2247855031155743,0.2247855031155743,0.2247845002304103,11.27889582255202
300.0,43.33,18.877,3.61,4.886,1.9160632517150848,1.9160746105769515,1.9160746105769515,1.9160632517150848,1.6715409178171414,1.6715815907067084,1.6715815907067084,1.6715409178171414,0.319859152057557,0.3198393130810786,0.3198393130810786,0.319859152057557,0.22481559548567,0.2248317865930374,0.2248317865930374,0.22481559548567,11.252817964854463
300.0,43.453,68.766,2.921,3.478,1.914213067813486,1.9142141166807205,1.9142141166807205,1.914213067813486,1.6705437639144112,1.6705476931427905,1.6705476931427905,1.6705437639144112,0.3216861966168569,0.3216834025007595,0.3216834025007595,0.3216861966168569,0.2247929402007087,0.224795688243998,0.224795688243998,0.2247929402007087,11.271109938469696
300.0,43.534,98.686,3.642,5.098,1.913102056074658,1.9130977147932184,1.9130977147932184,1.913102056074658,1.6699464000060014,1.669928968410035,1.669928968410035,1.6699464000060014,0.3227909387893928,0.322794093825268,0.322794093825268,0.3227909387893928,0.2247784096840879,0.2247762165282517,0.2247762165282517,0.2247784096840879,11.282083907911623
300.0,43.553,72.188,5.268,2.823,1.914061659171557,1.914063386800931,1.914063386800931,1.914061659171557,1.6704474950075223,1.6704530067222128,1.6704530067222128,1.6704474950075223,0.3218516881740864,0.3218474552434447,0.3218474552434447,0.3218516881740864,0.2247896321427176,0.2247932498396091,0.2247932498396091,0.2247896321427176,11.272359000907064
300.0,43.883,52.177,3.434,3.436,1.9147095362794824,1.9147082631769,1.9147082631769,1.9147095362794824,1.6707500526801804,1.670745722073682,1.670745722073682,1.6707500526801804,0.3212735918363906,0.3212675415918676,0.3212675415918676,0.3212735918363906,0.2247965888797845,0.2248017321796065,0.2248017321796065,0.2247965888797845,11.265019312503926
300.0,44.008,78.413,5.081,2.728,1.9137168475301536,1.913717698579528,1.913717698579528,1.9137168475301536,1.6701980112504302,1.670200514401211,1.670200514401211,1.6701980112504302,0.3222653634941363,0.3222626043234335,0.3222626043234335,0.3222653634941363,0.2247823726498406,0.2247849096207481,0.2247849096207481,0.2247823726498406,11.274638867472486
300.0,44.177,95.817,4.203,3.03,1.913039344452072,1.913037135813364,1.913037135813364,1.913039344452072,1.669816511603199,1.6698069113130964,1.6698069113130964,1.669816511603199,0.3229599704305786,0.3229601124238302,0.3229601124238302,0.3229599704305786,0.2247725683458669,0.2247727109878426,0.2247727109878426,0.2247725683458669,11.28102153178226
300.0,44.428,27.287,2.879,3.145,1.915476845800569,1.9154785338969127,1.9154785338969127,1.915476845800569,1.671078908046198,1.67108415364265,1.67108415364265,1.671078908046198,0.3206127002517043,0.3206040674601606,0.3206040674601606,0.3206127002517043,0.224804383041083,0.224811616726661,0.224811616726661,0.224804383041083,11.25588058551148
300.0,44.508,85.351,4.479,3.671,1.9133351786865944,1.9133334906061,1.9133334906061,1.9133351786865944,1.669924085485016,1.669918287130993,1.669918287130993,1.669924085485016,0.322724185806331,0.3227226086469215,0.3227226086469215,0.322724185806331,0.2247741266523553,0.2247757460274273,0.2247757460274273,0.2247741266523553,11.277177809203746
300.0,44.571,52.471,2.571,5.863,1.9145218771823416,1.914517763207739,1.914517763207739,1.9145218771823416,1.670556801411003,1.6705400082059023,1.6705400082059023,1.670556801411003,0.3215709318370171,0.321568809840826,0.321568809840826,0.3215709318370171,0.2247915250654696,0.2247934235803511,0.2247934235803511,0.2247915250654696,11.265120112172156
300.0,44.629,11.863,2.725,3.013,1.9159874160414236,1.9159914929828097,1.9159914929828097,1.9159874160414236,1.6713167901068926,1.6713342194219396,1.6713342194219396,1.6713167901068926,0.3201601827431113,0.3201233830305516,0.3201233830305516,0.3201601827431113,0.2248000642443988,0.2248291775368986,0.2248291775368986,0.2248000642443988,11.250238414714298
300.0,44.635,54.538,4.045,5.454,1.914429736738024,1.9144251013420448,1.914425101342004,1.914429736738024,1.6704946021100966,1.6704807966918926,1.6704807966913575,1.6704946021100966,0.3216686525752622,0.3216733144396687,0.3216733144396687,0.3216686525752622,0.2247916010173918,0.2247892701111241,0.2247892701111241,0.2247916010173918,11.265876809701124
300.0,44.856,93.59,4.11,5.192,1.9129440689576367,1.912941483039991,1.912941483039991,1.9129440689576367,1.6696673413327665,1.6696597060701073,1.6696597060701073,1.6696673413327665,0.3231656540989055,0.3231670490019479,0.3231670490019479,0.3231656540989055,0.2247674704867604,0.2247671122609687,0.2247671122609687,0.2247674704867604,11.2801962248735
300.0,45.053,84.575,4.178,2.591,1.9132204206729564,1.9132216070069288,1.9132216070069288,1.9132204206729564,1.6697801321502652,1.6697850004450965,1.6697850004450965,1.6697801321502652,0.322927256923885,0.3229230443956741,0.3229230443956741,0.322927256923885,0.2247683725557161,0.2247719600896626,0.2247719600896626,0.2247683725557161,11.276888608227043
300.0,45.275,46.75,5.151,6.316,1.914547527438456,1.914544445279594,1.914544445279594,1.914547527438456,1.6704616625168207,1.670454957586461,1.670454957586461,1.6704616625168207,0.3216621738136371,0.3216592989822868,0.3216592989822868,0.3216621738136371,0.2247866171896228,0.2247901217387274,0.2247901217387274,0.2247866171896228,11.263013646464056
300.0,45.342,17.442,3.943,3.255,1.9155988687564496,1.9156034411435308,1.9156034411435308,1.9155988687564496,1.6710043934834484,1.671021969964413,1.671021969964413,1.6710043934834484,0.3206568558375633,0.3206211521388609,0.3206211521388609,0.3206568558375633,0.2247904225099988,0.2248180150939912,0.2248180150939912,0.2247904225099988,11.252269152460766
300.0,45.363,58.853,2.949,3.332,1.914080586786693,1.9140820757078447,1.9140820757078447,1.914080586786693,1.6701949320106582,1.670198559358279,1.670198559358279,1.6701949320106582,0.3221331505906293,0.322129079364691,0.322129079364691,0.3221331505906293,0.2247791694195411,0.2247826105572469,0.2247826105572469,0.2247791694195411,11.267443989991891
300.0,45.484,36.215,2.565,3.305,1.914876999713448,1.9148777099357428,1.9148777099357428,1.914876999713448,1.6706070768582333,1.670608232025386,1.670608232025386,1.6706070768582333,0.3213734395032923,0.3213680244893981,0.3213680244893981,0.3213734395032923,0.2247901784299564,0.2247947496379547,0.2247947496379547,0.2247901784299564,11.25914621885144
300.0,45.507,73.881,5.35,5.476,1.9134917580494404,1.9134961536172448,1.9134961536172448,1.9134917580494404,1.6698560955705168,1.6698707572594935,1.6698707572594935,1.6698560955705168,0.3227347524602937,0.3227287547200443,0.3227287547200443,0.3227347524602937,0.2247691916726182,0.224773968733588,0.224773968733588,0.2247691916726182,11.272958856957931
300.0,45.954,64.705,5.005,2.955,1.9137143110305128,1.9137129459568367,1.9137129459568367,1.9137143110305128,1.6699167597494655,1.6699126927742909,1.6699126927742909,1.6699167597494655,0.3225914075132824,0.3225882753998291,0.3225882753998291,0.3225914075132824,0.2247704888021625,0.2247735624922909,0.2247735624922909,0.2247704888021625,11.269586804557433
300.0,46.001,68.205,5.783,6.252,1.9135736367127807,1.9135734649371168,1.9135734649371168,1.9135736367127807,1.6698353480165808,1.6698331646706506,1.6698331646706506,1.6698353480165808,0.3227366535214807,0.3227338976229113,0.3227338976229113,0.3227366535214807,0.2247685839517961,0.2247710552380611,0.2247710552380611,0.2247685839517961,11.27087294478286
300.0,46.14,88.224,3.184,5.362,1.9128049661847693,1.9128064006802223,1.9128064006802223,1.9128049661847693,1.6694036324254795,1.6694063265431751,1.6694063265431751,1.6694036324254795,0.3235158762208664,0.3235118680643115,0.3235118680643115,0.3235158762208664,0.2247565453290031,0.2247596030240438,0.2247596030240438,0.2247565453290031,11.278211322392751
300.0,46.234,94.644,4.389,4.266,1.912546578193172,1.9125466220069032,1.9125466220069032,1.912546578193172,1.6692529879270743,1.6692526842813356,1.6692526842813356,1.6692529879270743,0.3237852230037293,0.3237840372548029,0.3237840372548029,0.3237852230037293,0.2247531689077725,0.2247544708266605,0.2247544708266605,0.2247531689077725,11.280566933531455
300.0,46.279,21.59,5.958,4.939,1.9152026360532413,1.9152108297717283,1.9152108297717283,1.9152026360532413,1.6706558697440643,1.6706803718137178,1.6706803718137178,1.6706558697440643,0.3211905805741852,0.3211693120133034,0.3211693120133034,0.3211905805741852,0.2247840944853656,0.2248007587562846,0.2248007587562846,0.2247840944853656,11.253776429855463
300.0,46.392,85.775,3.413,4.523,1.912829770406018,1.9128292775403464,1.9128292775403464,1.912829770406018,1.6693820148772076,1.6693800924858322,1.6693800924858322,1.6693820148772076,0.3235325342418801,0.3235313730706179,0.3235313730706179,0.3235325342418801,0.2247562588077785,0.2247575580837918,0.2247575580837918,0.2247562588077785,11.277311073787008
300.0,46.495,89.466,3.799,3.061,1.9126691157462916,1.9126669648781975,1.9126669648781975,1.9126691157462916,1.6692837177120243,1.669275953359231,1.669275953359231,1.6692837177120243,0.3237077115701587,0.3237084270805855,0.3237084270805855,0.3237077115701587,0.224753929787387,0.2247540899162048,0.2247540899162048,0.224753929787387,11.278661508370911
300.0,46.513,48.247,5.546,2.969,1.9141706917723544,1.9141683085743877,1.9141683085743877,1.9141706917723544,1.6700808448919238,1.6700746327445883,1.6700746327445883,1.6700808448919238,0.3222347919131075,0.3222343404823754,0.3222343404823754,0.3222347919131075,0.2247748548275757,0.2247763107169109,0.2247763107169109,0.2247748548275757,11.263548160101108
300.0,46.646,45.355,5.209,3.418,1.91423796216814,1.9142451950455517,1.9142451950455517,1.91423796216814,1.6700846264638098,1.670107628076848,1.670107628076848,1.6700846264638098,0.3221909218880701,0.3221808749553501,0.3221808749553501,0.3221909218880701,0.2247718684479239,0.224779692875644,0.224779692875644,0.2247718684479239,11.262486722123686
300.0,46.726,94.196,3.346,4.941,1.9124352099877977,1.9124350404023227,1.9124350404023227,1.9124352099877977,1.669123265567474,1.6691220890453342,1.6691220890453342,1.669123265567474,0.3239773243726867,0.3239742263422224,0.3239742263422224,0.3239773243726867,0.2247480742890285,0.2247507821862844,0.2247507821862844,0.2247480742890285,11.280396746790318
300.0,46.734,83.213,3.931,5.718,1.9128341911980788,1.912834602067556,1.912834602067556,1.9128341911980788,1.6693360980081469,1.6693343400376754,1.6693343400376754,1.6693360980081469,0.3235845466973228,0.3235828141067142,0.3235828141067142,0.3235845466973228,0.2247544812202439,0.2247557564083224,0.2247557564083224,0.2247544812202439,11.276366048730456
300.0,46.773,40.827,2.593,5.104,1.9143754546192029,1.9143738001475556,1.9143738001475556,1.9143754546192029,1.6701545869166234,1.6701447722109677,1.6701447722109677,1.6701545869166234,0.3220746796958739,0.3220778088644837,0.3220778088644837,0.3220746796958739,0.2247780998298555,0.2247762388618955,0.2247762388618955,0.2247780998298555,11.260827382259276
300.0,46.871,85.0,3.141,3.213,1.91273440417154,1.9127308739443003,1.9127308739443003,1.91273440417154,1.6692661101758366,1.6692553513435644,1.6692553513435644,1.6692661101758366,0.3237070540315457,0.3237059731055301,0.3237059731055301,0.3237070540315457,0.2247520220618703,0.2247536586968109,0.2247536586968109,0.2247520220618703,11.277023888785449
300.0,46.918,50.125,5.242,3.086,1.913995883320719,1.91399674267807,1.91399674267807,1.913995883320719,1.6699269472386855,1.6699275703197998,1.6699275703197998,1.6699269472386855,0.322473189394011,0.3224694710333813,0.3224694710333813,0.322473189394011,0.2247690962324724,0.2247722003368032,0.2247722003368032,0.2247690962324724,11.264226934075904
300.0,47.1,63.313,6.165,2.663,1.913470804428068,1.9134622502650476,1.9134622502650476,1.913470804428068,1.6696316400483886,1.669603371666841,1.669603371666841,1.6696316400483886,0.3230194774518603,0.323024332234122,0.323024332234122,0.3230194774518603,0.2247630872194596,0.2247603443386502,0.2247603443386502,0.2247630872194596,11.26906563839368
300.0,47.226,34.003,3.815,4.607,1.9145033967081504,1.9145076693071097,1.9145076693071097,1.9145033967081504,1.6701466105150538,1.67016104218562,1.67016104218562,1.6701466105150538,0.3220276601220609,0.3220175109730578,0.3220175109730578,0.3220276601220609,0.2247721627022746,0.2247805717074396,0.2247805717074396,0.2247721627022746,11.258322152774763
300.0,47.29,79.076,4.517,4.644,1.912841424123741,1.9128396706709896,1.9128396706709896,1.912841424123741,1.669258440125244,1.6692545000092498,1.6692545000092498,1.669258440125244,0.3236703221738895,0.32366837439832,0.32366837439832,0.3236703221738895,0.2247506163049189,0.2247528888718369,0.2247528888718369,0.2247506163049189,11.274839303550351
300.0,47.704,36.447,3.752,3.527,1.9142936658156116,1.9142905333459783,1.9142905333459783,1.9142936658156116,1.669977243571819,1.6699643875485306,1.6699643875485306,1.669977243571819,0.3223123129630352,0.322309359296573,0.322309359296573,0.3223123129630352,0.2247689488020881,0.2247717567257394,0.2247717567257394,0.2247689488020881,11.25920173466745
300.0,47.78,51.941,4.993,4.854,1.9137063557998717,1.9137044050234304,1.9137044050234304,1.9137063557998717,1.6696500578775777,1.669643003853619,1.669643003853619,1.6696500578775777,0.3228980809671829,0.3229009198897339,0.3229009198897339,0.3228980809671829,0.2247619511632205,0.2247606535446685,0.2247606535446685,0.2247619511632205,11.26488579268988
300.0,47.89,60.59,4.723,6.494,1.913361039222928,1.9133598143338264,1.9133598143338264,1.913361039222928,1.6694504361165587,1.669445931253618,1.669445931253618,1.6694504361165587,0.3232566761091887,0.3232567284534562,0.3232567284534562,0.3232566761091887,0.224755367194265,0.2247561163108408,0.2247561163108408,0.224755367194265,11.26805789970632
300.0,47.892,89.08,5.629,5.188,1.9123176706937817,1.912317942742856,1.912317942742856,1.9123176706937817,1.6688936790575104,1.6688939726050889,1.6688939726050889,1.6688936790575104,0.3242848288649576,0.3242830971110592,0.3242830971110592,0.3242848288649576,0.2247406716248529,0.2247422784968947,0.2247422784968947,0.2247406716248529,11.278506237798682
300.0,47.945,29.588,6.359,3.811,1.9144779683031865,1.9144816352920029,1.9144816352920029,1.9144779683031865,1.6700303759177737,1.6700423722487563,1.6700423722487563,1.6700303759177737,0.3221692840441222,0.322163683061289,0.322163683061289,0.3221692840441222,0.2247694641505283,0.2247743933726017,0.2247743933726017,0.2247694641505283,11.256689948541284
300.0,47.952,13.708,3.917,6.448,1.9150602748472532,1.915059058482155,1.915059058482155,1.9150602748472532,1.6703471271473496,1.670341047600393,1.670341047600393,1.6703471271473496,0.3216142037396352,0.3215847566239605,0.3215847566239605,0.3216142037396352,0.2247690965190535,0.2247919392398125,0.2247919392398125,0.2247690965190535,11.250869324213069
300.0,47.983,15.993,4.179,5.833,1.914965189050196,1.914969719513849,1.914969719513849,1.914965189050196,1.6702880014757522,1.6702984085473278,1.6702984085473278,1.6702880014757522,0.3217037453592521,0.3216858154628056,0.3216858154628056,0.3217037453592521,0.2247720790440764,0.2247862430625665,0.2247862430625665,0.2247720790440764,11.251705400812678
300.0,48.022,10.272,4.584,6.308,1.9151684625761716,1.9151655327256016,1.9151655327256016,1.9151684625761716,1.6703933195883494,1.670385144323856,1.670385144323856,1.6703933195883494,0.3215314619601877,0.3214804268687567,0.3214804268687567,0.3215314619601877,0.2247614646608825,0.2248011921574814,0.2248011921574814,0.2247614646608825,11.249607504112523
300.0,48.049,39.571,4.0,3.255,1.9140863786979716,1.9140884524655373,1.9140884524655373,1.9140863786979716,1.6698066016833253,1.6698161950185626,1.6698161950185626,1.6698066016833253,0.3225701619653081,0.3225670674209845,0.3225670674209845,0.3225701619653081,0.2247636600945671,0.2247669935853754,0.2247669935853754,0.2247636600945671,11.260350273156464
300.0,48.07,22.821,4.426,3.616,1.914694213018452,1.914695831186473,1.914695831186473,1.914694213018452,1.6701266166201636,1.6701349956068023,1.6701349956068023,1.6701266166201636,0.3219870418324524,0.3219652558845081,0.3219652558845081,0.3219870418324524,0.2247651807282769,0.2247828918931062,0.2247828918931062,0.2247651807282769,11.254211437688229
300.0,48.182,86.228,4.657,5.763,1.912346627785336,1.9123454282284804,1.9123454282284804,1.912346627785336,1.6688688778682663,1.6688657713068873,1.6688657713068873,1.6688688778682663,0.3243051551949898,0.3243027700182922,0.3243027700182922,0.3243051551949898,0.2247389915299923,0.224741316705331,0.224741316705331,0.2247389915299923,11.277454553815629
300.0,48.197,11.142,2.66,5.676,1.9150908476891888,1.9150885370762207,1.9150885370762207,1.9150908476892592,1.6703263767845542,1.6703196315941335,1.6703196315941335,1.670326382554598,0.3216273980601546,0.3215931469178499,0.3215931469178499,0.3216273980601546,0.2247654851101976,0.2247928573212119,0.2247928573212119,0.2247654851101976,11.24992829657714
300.0,48.466,12.292,3.519,3.893,1.9149788827429577,1.9149758971543696,1.9149758971544504,1.9149788827429577,1.6702272995924667,1.6702200998480363,1.6702200998480283,1.6702272995924667,0.3217794386433751,0.32174977034138,0.32174977034138,0.3217794386433751,0.2247637142445022,0.2247879565394279,0.2247879565394279,0.2247637142445022,11.2503440759954
300.0,48.505,22.192,3.781,5.733,1.914602425177709,1.914607721387409,1.914607721387409,1.914602425177709,1.6700116667736018,1.67003003768229,1.67003003768229,1.6700116667736018,0.3221427192044842,0.3221294895414084,0.3221294895414084,0.3221427192044842,0.2247647131904459,0.2247756919300734,0.2247756919300734,0.2247647131904459,11.253970037955863
300.0,48.915,44.69,5.736,3.258,1.913674244251649,1.9136746514675256,1.9136746514675256,1.913674244251649,1.6694697732570116,1.6694677680614525,1.6694677680614525,1.6694697732570116,0.323116119722541,0.323117396100825,0.323117396100825,0.323116119722541,0.2247548198677623,0.2247542497975433,0.2247542497975433,0.2247548198677623,11.26221330973091
300.0,49.274,40.121,3.045,6.255,1.9137477772855536,1.9137481504320648,1.9137481504320648,1.9137477772855536,1.6694559580600443,1.6694545692549043,1.6694545692549043,1.6694559580600443,0.3231058601414486,0.3231014846100628,0.3231014846100628,0.3231058601414486,0.2247516263329167,0.2247555044017446,0.2247555044017446,0.2247516263329167,11.260532792021362
300.0,49.297,17.739,2.858,2.806,1.9145601966059924,1.9145621865491476,1.9145621865491476,1.9145601966059924,1.6698785033834829,1.6698879433276104,1.6698879433276104,1.6698785033834829,0.3223243753483036,0.3222945740127785,0.3222945740127785,0.3223243753483036,0.2247530143294995,0.2247767307527255,0.2247767307527255,0.2247530143294995,11.252333424284332
300.0,49.545,51.943,6.086,4.847,1.9132417943938105,1.9132467876651087,1.9132467876651087,1.9132417943938105,1.669141809196915,1.6691558553822503,1.6691558553822503,1.669141809196915,0.3236480568727087,0.3236390501240898,0.3236390501240898,0.3236480568727087,0.2247414876683748,0.2247483378241772,0.2247483378241772,0.2247414876683748,11.264862562837552
300.0,49.571,98.48,5.175,6.069,1.9115361520505263,1.9115339633877797,1.9115339633877797,1.9115361520505263,1.6682436040794053,1.668234845570277,1.668234845570277,1.6682436040794053,0.3253333019434665,0.3253334875559198,0.3253334875559198,0.3253333019434665,0.2247215273082781,0.2247218480236303,0.2247218480236303,0.2247215273082781,11.28193559389163
300.0,49.591,99.934,5.355,5.608,1.911477749167105,1.9114751040392184,1.9114751040392184,1.911477749167105,1.6682083408429698,1.668200556687245,1.668200556687245,1.6682083408429698,0.3253939889002686,0.3253954447783406,0.3253954447783406,0.3253939889002686,0.2247208862401697,0.2247204896385657,0.2247204896385657,0.2247208862401697,11.282466829433035
300.0,49.662,57.717,5.866,6.078,1.9130022559217663,1.9130024819331717,1.9130024819331717,1.9130022559217663,1.669004638694484,1.6690030560165623,1.6690030560165623,1.669004638694484,0.3239027466142013,0.3238990847425437,0.3238990847425437,0.3239027466142013,0.2247394743657354,0.2247425030629078,0.2247425030629078,0.2247394743657354,11.266981493108425
300.0,49.957,82.423,3.874,5.218,1.9120224906737693,1.912020335934704,1.912020335934704,1.9120224906737693,1.6684438290854295,1.668436833479548,1.668436833479548,1.6684438290854295,0.3249166381184222,0.3249160710301469,0.3249160710301469,0.3249166381184222,0.2247253474888868,0.2247262984324928,0.2247262984324928,0.2247253474888868,11.276037499087494
300.0,49.968,63.724,4.94,2.504,1.9127022320914615,1.912701822166516,1.912701822166516,1.9127022320914615,1.6687996566287755,1.6688007186466431,1.6688007186466431,1.6687996566287755,0.3242473718146408,0.3242463244203381,0.3242463244203381,0.3242473718146408,0.224734291172964,0.2247358823286487,0.2247358823286487,0.224734291172964,11.269175258311815
300.0,50.002,96.558,3.602,5.939,1.9114925297862344,1.911491724285487,1.9114917242854272,1.9114925297862344,1.6681557668849032,1.6681540466582585,1.6681540466584623,1.6681557668849032,0.325447131625756,0.3254462865325896,0.3254462865325896,0.325447131625756,0.2247180561999453,0.2247192699637933,0.2247192699637933,0.2247180561999453,11.281220947854356
300.0,50.029,62.521,4.027,6.134,1.9127319707101087,1.9127294244736888,1.9127294244736888,1.9127319707101087,1.6688118813743549,1.6688018656695078,1.6688018656695078,1.6688118813743549,0.3242295676960979,0.3242279069814006,0.3242279069814006,0.3242295676960979,0.224734427477692,0.2247359789950965,0.2247359789950965,0.224734427477692,11.268737762039787
300.0,50.057,24.869,4.061,5.529,1.9141010693993885,1.9141017669347504,1.9141017669347504,1.9141010693993885,1.6695294753595296,1.6695304381311111,1.6695304381311111,1.6695294753595296,0.3228882583054589,0.3228822205262086,0.3228822205262086,0.3228882583054589,0.2247513936154086,0.2247568443686411,0.2247568443686411,0.2247513936154086,11.254933504073977
300.0,50.35,88.494,4.617,3.02,1.9116966673005504,1.9116952729881471,1.9116952729881471,1.9116966673005504,1.6682164840505476,1.668210356520458,1.668210356520458,1.6682164840505476,0.3253028475147382,0.3253021334326542,0.3253021334326542,0.3253028475147382,0.2247190016329504,0.2247199686709184,0.2247199686709184,0.2247190016329504,11.278259350527575
300.0,50.373,21.358,4.363,3.804,1.9141504903926785,1.914144456500088,1.914144456500088,1.9141504903926785,1.669516287671818,1.669497255662314,1.669497255662314,1.669516287671818,0.3228900885642516,0.3228939492102849,0.3228939492102849,0.3228900885642516,0.2247532838563428,0.2247521145261395,0.2247521145261395,0.2247532838563428,11.253639789209709
300.0,50.385,75.769,5.611,3.922,1.912152557259112,1.9121522802284048,1.9121522802284048,1.912152557259112,1.6684497494655348,1.668448315480738,1.668448315480738,1.6684497494655348,0.3248586855786338,0.3248562643419565,0.3248562643419565,0.3248586855786338,0.2247241533809019,0.2247264160478148,0.2247264160478148,0.2247241533809019,11.27359048116001
300.0,50.431,96.055,5.616,3.525,1.9113985629482515,1.9113974367545017,1.9113974367545017,1.9113985629482515,1.6680460318325088,1.6680426823618724,1.6680426823618724,1.6680460318325088,0.3256105503543252,0.3256101288370276,0.3256101288370276,0.3256105503543252,0.2247147128956854,0.2247154957889594,0.2247154957889594,0.2247147128956854,11.281031613227327
300.0,50.466,44.446,6.365,4.306,1.913279706447139,1.9132755037650089,1.9132755037650089,1.913279706447139,1.6690391385549646,1.669026226619467,1.669026226619467,1.6690391385549646,0.3237643650915204,0.323759909567704,0.323759909567704,0.3237643650915204,0.2247378307215827,0.2247422031371011,0.2247422031371011,0.2247378307215827,11.262104345805774
300.0,50.648,39.505,3.241,5.556,1.9134101281853817,1.9134117279952136,1.9134117279952136,1.9134101281853817,1.669076924881675,1.669080750506017,1.669080750506017,1.669076924881675,0.3236646019913626,0.3236569088355761,0.3236569088355761,0.3236646019913626,0.2247380482124296,0.2247441573719243,0.2247441573719243,0.2247380482124296,11.260289038263332
300.0,50.903,11.154,2.925,6.419,1.9143803371288668,1.9143838381310416,1.9143838381310416,1.9143803371288668,1.6695503904552185,1.6695614590460068,1.6695614590460068,1.6695503904552185,0.3227731700376628,0.3227240436593955,0.3227240436593955,0.3227731700376628,0.2247343200839178,0.2247719368509395,0.2247719368509395,0.2247343200839178,11.249899460167187
300.0,51.053,88.611,3.989,4.575,1.9115089434442307,1.9115056057402713,1.9115056057402713,1.9115089434442307,1.6680178516153397,1.668008233420514,1.668008233420514,1.6680178516153397,0.3256032436394634,0.3256054275346358,0.3256054275346358,0.3256032436394634,0.2247134563849942,0.2247125806738138,0.2247125806738138,0.2247134563849942,11.278296190836906
300.0,51.059,78.765,4.225,5.96,1.9118664003131625,1.9118647058195808,1.9118647058195808,1.9118664003131625,1.6682041374510956,1.668199910335771,1.668199910335771,1.6682041374510956,0.3252518787101124,0.3252506636713727,0.3252506636713727,0.3252518787101124,0.2247169602369767,0.2247187361871397,0.2247187361871397,0.2247169602369767,11.274681707634686
300.0,51.081,40.556,6.158,4.683,1.9132607338655867,1.9132575859250172,1.9132575859250172,1.9132607338655867,1.6689416930934824,1.6689305250225954,1.6689305250225954,1.6689416930934824,0.3238818123788208,0.3238807795522158,0.3238807795522158,0.3238818123788208,0.2247356649100527,0.2247371456320637,0.2247371456320637,0.2247356649100527,11.260666967642704
300.0,51.192,53.219,4.42,4.582,1.9127658934313303,1.9127654938409688,1.9127654938409688,1.9127658934313303,1.6686585914860972,1.6686590276002058,1.6686590276002058,1.6686585914860972,0.3243875388065025,0.3243829253258642,0.3243829253258642,0.3243875388065025,0.2247268981839081,0.2247312416844819,0.2247312416844819,0.2247268981839081,11.265310278555276
300.0,51.241,16.535,2.785,4.27,1.9141013451241529,1.9140925080878368,1.9140925080878368,1.9141013451241529,1.6693673005251686,1.6693396133388867,1.6693396133388867,1.6693673005251686,0.3230924951532721,0.3230754622925268,0.3230754622925268,0.3230924951532721,0.2247396976323569,0.2247542406685189,0.2247542406685189,0.2247396976323569,11.251878967775056
300.0,51.355,34.422,5.641,6.074,1.9134092530040512,1.9134130978094668,1.9134130978094668,1.9134092530040512,1.668970195220143,1.6689852112774304,1.6689852112774304,1.668970195220143,0.3237801424684831,0.3237733046820373,0.3237733046820373,0.3237801424684831,0.224733800458563,0.2247401948800798,0.2247401948800798,0.224733800458563,11.25841793886408
300.0,51.38,65.483,4.001,5.677,1.912268837674424,1.9122676266397405,1.9122676266397405,1.912268837674424,1.6683734171102356,1.66836521858727,1.66836521858727,1.6683734171102356,0.3249077230056914,0.3249053230181554,0.3249053230181554,0.3249077230056914,0.2247204614523133,0.2247224505838389,0.2247224505838389,0.2247204614523133,11.269805365260549
300.0,51.539,83.948,2.594,3.172,1.911550372352212,1.9115498047675252,1.9115498047675252,1.911550372352212,1.6679679217941938,1.6679666685073888,1.6679666685073888,1.6679679217941938,0.3256432254550605,0.3256403820831597,0.3256403820831597,0.3256432254550605,0.2247096492657268,0.2247124640240655,0.2247124640240655,0.2247096492657268,11.276575507880857
300.0,51.696,81.723,5.72,6.433,1.911590280187926,1.911590411032148,1.911590411032148,1.911590280187926,1.6679641155490388,1.667966516413069,1.667966516413069,1.6679641155490388,0.3256279150529299,0.3256276800314891,0.3256276800314891,0.3256279150529299,0.2247101375314308,0.2247110805810428,0.2247110805810428,0.2247101375314308,11.2757582288994
300.0,51.829,80.696,5.142,6.389,1.9115938851982248,1.9115930697242944,1.9115930697242944,1.9115938851982248,1.6679506042148615,1.6679463755471915,1.6679463755471915,1.6679506042148615,0.3256476241749501,0.3256454745767056,0.3256454745767056,0.3256476241749501,0.224709017490729,0.2247109127641061,0.2247109127641061,0.224709017490729,11.27538099747723
300.0,51.848,58.032,2.927,6.47,1.9124157716609929,1.9124177061168877,1.9124177061168877,1.9124157716609929,1.6683743779653837,1.6683847871499766,1.6683847871499766,1.6683743779653837,0.3248399054714764,0.3248336435023274,0.3248336435023274,0.3248399054714764,0.224717833708633,0.2247236280916103,0.2247236280916103,0.224717833708633,11.267070860606948
300.0,51.973,74.792,2.792,6.441,1.911771309501776,1.911770914457649,1.911770914457649,1.911771309501776,1.6680218997794745,1.668021558425358,1.668021558425358,1.6680218997794745,0.3254958865702919,0.325493328958231,0.325493328958231,0.3254958865702919,0.2247103642290725,0.2247128524100426,0.2247128524100426,0.2247103642290725,11.27321536757284
300.0,52.0,87.745,5.638,2.942,1.9112919044992955,1.9112884412338231,1.9112884412338231,1.9112919044992955,1.6677687402677424,1.6677575839298664,1.6677575839298664,1.6677687402677424,0.3259742760929582,0.3259747597662274,0.3259747597662274,0.3259742760929582,0.2247049363533626,0.224705282533847,0.224705282533847,0.2247049363533626,11.277965288805529
300.0,52.08,23.907,3.21,4.716,1.913599105340681,1.913614493008078,1.913614493008078,1.913599105340681,1.6689533417345606,1.669003245492737,1.669003245492737,1.6689533417345606,0.3237178775091266,0.3236887590506235,0.3236887590506235,0.3237178775091266,0.2247246720712899,0.2247466783823791,0.2247466783823791,0.2247246720712899,11.254557343806573
300.0,52.204,74.863,4.718,5.864,1.9117088634550323,1.9117079366343008,1.9117079366343008,1.9117088634550323,1.6679571780562366,1.6679529300878075,1.6679529300878075,1.6679571780562366,0.3255951524275146,0.3255939089389354,0.3255939089389354,0.3255951524275146,0.2247085627829559,0.2247100053980928,0.2247100053980928,0.2247085627829559,11.273238092470605
300.0,52.218,19.506,2.547,6.472,1.9137307197264972,1.91373150028146,1.91373150028146,1.9137307197264972,1.6690207214216513,1.6690261068545005,1.6690261068545005,1.6690207214216513,0.323608145715616,0.3235991819174421,0.3235991819174421,0.323608145715616,0.2247324444368334,0.2247408295355448,0.2247408295355448,0.2247324444368334,11.252944658026268
300.0,52.228,25.936,3.351,3.614,1.9134974379871348,1.91348896365468,1.91348896365468,1.9134974379871348,1.6689108678219788,1.6688824273057388,1.6688824273057388,1.6689108678219788,0.3238392706420006,0.3238390344597059,0.3238390344597059,0.3238392706420006,0.2247323526838031,0.2247342034767405,0.2247342034767405,0.2247323526838031,11.255299599656665
300.0,52.31,25.237,3.646,3.975,1.913497640899564,1.9134983699555244,1.9134983699555244,1.913497640899564,1.6688900588606694,1.6688862144594658,1.6688862144594658,1.6688900588606694,0.3238513610664574,0.3238447661278101,0.3238447661278101,0.3238513610664574,0.224730431453632,0.2247357193152677,0.2247357193152677,0.224730431453632,11.255044122936084
300.0,52.575,10.921,2.525,5.545,1.9139504633594917,1.91395394782082,1.91395394782082,1.9139504633594917,1.6690827196279885,1.6690943439377457,1.6690943439377457,1.6690827196279885,0.3234710395285355,0.3234186709221408,0.3234186709221408,0.3234710395285355,0.2247175096990674,0.224757787392485,0.224757787392485,0.2247175096990674,11.249792357745395
300.0,52.614,22.445,4.116,3.988,1.9135217341172408,1.9135199521720228,1.9135199521720228,1.9135217341172408,1.6688608672111045,1.6688494535917149,1.6688494535917149,1.6688608672111045,0.3238774439799092,0.3238732895998746,0.3238732895998746,0.3238774439799092,0.2247295429971476,0.2247334985075899,0.2247334985075899,0.2247295429971476,11.254014403128773
300.0,53.007,32.621,4.047,5.841,1.9130440072598576,1.9130421755984384,1.9130421755984384,1.9130440072598576,1.6685435617726856,1.6685432627324288,1.6685432627324288,1.6685435617726856,0.3244099478657834,0.3244087403668037,0.3244087403668037,0.3244099478657834,0.2247212261451225,0.2247239524535684,0.2247239524535684,0.2247212261451225,11.257735645558457
300.0,53.044,87.311,4.03,4.527,1.9110316360014885,1.9110302282066969,1.9110302282066969,1.9110316360014885,1.6674818022147098,1.6674769436851138,1.6674769436851138,1.6674818022147098,0.3264022914724402,0.3264019387053091,0.3264019387053091,0.3264022914724402,0.2246957130347221,0.2246965401314756,0.2246965401314756,0.2246957130347221,11.27779223845916
300.0,53.217,67.625,4.599,4.021,1.9117068879926915,1.911705952309168,1.911705952309168,1.9117068879926915,1.6678100612667346,1.667808203746695,1.667808203746695,1.6678100612667346,0.3257638564714586,0.3257606230687784,0.3257606230687784,0.3257638564714586,0.2247020514034545,0.2247053062234492,0.2247053062234492,0.2247020514034545,11.270570544233472
300.0,53.62,22.338,5.983,4.686,1.913259074631132,1.913258861584536,1.913258861584536,1.913259074631132,1.668571109571079,1.6685703764091135,1.6685703764091135,1.668571109571079,0.3243037455528766,0.3242907889987313,0.3242907889987313,0.3243037455528766,0.2247165598135319,0.2247276224825977,0.2247276224825977,0.2247165598135319,11.253966543785912
300.0,53.687,38.028,3.673,4.5,1.9126679163453717,1.9126647703592916,1.9126647703592916,1.9126679163453717,1.6682537132300688,1.6682442250448912,1.6682442250448912,1.6682537132300688,0.3248939993721456,0.3248894564437459,0.3248894564437459,0.3248939993721456,0.2247117834107099,0.2247160102942606,0.2247160102942606,0.2247117834107099,11.259708671475956
300.0,53.74,59.888,3.634,2.628,1.9118502262922257,1.9118538003757444,1.9118538003757444,1.9118502262922257,1.667805137170591,1.667818064580591,1.667818064580591,1.667805137170591,0.3257056706725127,0.3257024574998326,0.3257024574998326,0.3257056706725127,0.2247012499466243,0.2247042799108244,0.2247042799108244,0.2247012499466243,11.267727174721909
300.0,53.961,47.166,3.741,3.624,1.912258812342004,1.9122600604229107,1.9122600604229107,1.912258812342004,1.6679960800379294,1.6679983509804168,1.6679983509804168,1.6679960800379294,0.3253407242395233,0.325335131696923,0.325335131696923,0.3253407242395233,0.224704836395178,0.2247093923660979,0.2247093923660979,0.224704836395178,11.263058770790272
300.0,54.07,66.73,5.67,4.201,1.9115137723635196,1.911513808119492,1.911513808119492,1.9115137723635196,1.6675890214631697,1.6675881977816398,1.6675881977816398,1.6675890214631697,0.3260938806146125,0.326090364868608,0.326090364868608,0.3260938806146125,0.2246953498335378,0.2246984293750804,0.2246984293750804,0.2246953498335378,11.270230619298404
300.0,54.148,93.022,4.171,5.761,1.9105315039659123,1.9105301852204313,1.9105301852204313,1.9105315039659123,1.6670626390479713,1.667059688017614,1.667059688017614,1.6670626390479713,0.3270782266326915,0.3270782609858777,0.3270782609858777,0.3270782266326915,0.224683618727778,0.2246842566579704,0.2246842566579704,0.224683618727778,11.27987369583584
300.0,54.265,54.429,6.267,4.061,1.9119145923381888,1.911912226277456,1.911912226277456,1.9119145923381888,1.6677732753145271,1.6677664615015677,1.6677664615015677,1.6677732753145271,0.3257298248071917,0.3257284772947389,0.3257284772947389,0.3257298248071917,0.2246996798802894,0.2247017639645063,0.2247017639645063,0.2246996798802894,11.265718201072549
300.0,54.422,46.735,5.732,2.88,1.912154164336607,1.9121538930986224,1.9121538930986224,1.912154164336607,1.6678778157552856,1.6678740304442266,1.6678740304442266,1.6678778157552856,0.3255192391428025,0.3255153919907566,0.3255153919907566,0.3255192391428025,0.2247014513730421,0.2247048283325135,0.2247048283325135,0.2247014513730421,11.262895896816133
300.0,54.819,68.755,5.558,5.936,1.9112441199052013,1.911239653815588,1.911239653815588,1.9112441199052013,1.6673468218634198,1.6673315550938,1.6673315550938,1.6673468218634198,0.3264832945266168,0.3264837302472055,0.3264837302472055,0.3264832945266168,0.2246890970588079,0.2246895740580444,0.2246895740580444,0.2246890970588079,11.270962990645188
300.0,54.859,79.438,2.941,4.813,1.91084056755938,1.9108392992532328,1.9108392992532328,1.91084056755938,1.6671267351764631,1.6671220822372093,1.6671220822372093,1.6671267351764631,0.3268890947231932,0.3268872002709313,0.3268872002709313,0.3268890947231932,0.2246833428000603,0.2246852630375986,0.2246852630375986,0.2246833428000603,11.274882473996575
300.0,54.884,86.352,3.548,5.151,1.9105800333754943,1.9105813312378623,1.9105813312378623,1.9105800333754943,1.6669847344885842,1.6669852584117582,1.6669852584117582,1.6669847344885842,0.3271506614849204,0.3271476319487217,0.3271476319487217,0.3271506614849204,0.2246798321799386,0.2246819471872407,0.2246819471872407,0.2246798321799386,11.277418676026976
300.0,55.044,12.811,5.035,5.146,1.9132336710414817,1.913230938491832,1.913230938491832,1.9132336710414817,1.6683572252183787,1.668350759354078,1.668350759354078,1.6683572252183787,0.3245723652192425,0.3245397215510875,0.3245397215510875,0.3245723652192425,0.224700638566882,0.2247271097650583,0.2247271097650583,0.224700638566882,11.250453113218578
300.0,55.075,39.774,4.675,5.165,1.9122359834460605,1.912236037149472,1.912236037149472,1.9122359834460605,1.6678253256888331,1.6678262432006143,1.6678262432006143,1.6678253256888331,0.3255436883478478,0.3255420255997221,0.3255420255997221,0.3255436883478478,0.2246995065464348,0.2247018606477636,0.2247018606477636,0.2246995065464348,11.260338452067542
300.0,55.341,32.156,2.836,6.069,1.9124484991145436,1.9124423563968584,1.9124423563968584,1.9124484991144588,1.6679114615135913,1.6678869445009232,1.6678869445009232,1.6679114615133153,0.3253780121821514,0.3253814637966375,0.3253814637966375,0.3253780121821514,0.2247028587301749,0.2247013536630353,0.2247013536630353,0.2247028587301749,11.257538481897049
300.0,55.35,49.279,6.426,5.152,1.9118141800194768,1.9118159923704008,1.9118159923704008,1.9118141800194768,1.6675620426083022,1.66756710655698,1.66756710655698,1.6675620426083022,0.3260068139506449,0.3259998248334665,0.3259998248334665,0.3260068139506449,0.2246909344449614,0.2246965803568235,0.2246965803568235,0.2246909344449614,11.263813980429031
300.0,55.633,63.764,3.692,3.503,1.911209874109159,1.9112093713167768,1.9112093713167768,1.911209874109159,1.6672066659905778,1.6672064412112018,1.6672064412112018,1.6672066659905778,0.3266492344157435,0.3266471408248652,0.3266471408248652,0.3266492344157435,0.2246831406838214,0.2246856220398246,0.2246856220398246,0.2246831406838214,11.26912235993882
300.0,55.661,17.603,2.839,2.999,1.9128973224892891,1.9128913557627305,1.9128913557627305,1.9128973224892891,1.668099983513288,1.6680776443893954,1.6680776443893954,1.668099983513288,0.3249951937625376,0.3249839805630164,0.3249839805630164,0.3249951937625376,0.2247014605527548,0.2247110310570917,0.2247110310570917,0.2247014605527548,11.252205573011883
300.0,55.723,24.265,2.805,5.18,1.9126343928020024,1.912631454520612,1.912631454520612,1.9126343928020024,1.667945789427681,1.667938460209213,1.667938460209213,1.667945789427681,0.3252576043824247,0.3252565572252413,0.3252565572252413,0.3252576043824247,0.2247012129735114,0.2247038047048455,0.2247038047048455,0.2247012129735114,11.254648620146863
300.0,55.801,19.534,2.757,2.852,1.9127867027787928,1.9127852523569344,1.9127852523569344,1.9127867027787928,1.668013972465756,1.668009381627835,1.668009381627835,1.668013972465756,0.3251255224019957,0.3251124890068946,0.3251124890068946,0.3251255224019957,0.2246985120191097,0.2247094860441099,0.2247094860441099,0.2246985120191097,11.252903892738995
300.0,56.355,59.196,3.647,4.068,1.911184116806779,1.911187106953091,1.911187106953091,1.911184116806779,1.6670917134493402,1.6670990344862104,1.6670990344862104,1.6670917134493402,0.3267915549800408,0.3267878576514682,0.3267878576514682,0.3267915549800408,0.224679272699255,0.2246821788594624,0.2246821788594624,0.224679272699255,11.26743953904206
300.0,56.514,47.017,2.836,4.074,1.9115886711442007,1.9115902743235864,1.9115902743235864,1.9115886711442007,1.667278285419307,1.6672857345280918,1.6672857345280918,1.667278285419307,0.3264187582544414,0.3264133414633221,0.3264133414633221,0.3264187582544414,0.224682052172571,0.2246870742842549,0.2246870742842549,0.224682052172571,11.262969828989748
300.0,56.526,60.37,5.892,5.833,1.9110982694034224,1.9110969417701813,1.9110969417701813,1.9110982694034224,1.66702382943453,1.6670203080726365,1.6670203080726365,1.66702382943453,0.326905486556787,0.3269042356821043,0.3269042356821043,0.326905486556787,0.2246773687500448,0.2246790920168769,0.2246790920168769,0.2246773687500448,11.26786939602089
300.0,56.716,68.121,4.205,2.648,1.9107606550112035,1.9107646009348425,1.9107646009348425,1.9107606550112035,1.6668145975452562,1.666829005888826,1.666829005888826,1.6668145975452562,0.3272707220962787,0.3272639512198349,0.3272639512198349,0.3272707220962787,0.2246706304719101,0.2246760950043863,0.2246760950043863,0.2246706304719101,11.27070292454809
300.0,56.833,72.035,3.811,3.244,1.910589302506291,1.9105865318469424,1.9105865318469424,1.910589302506291,1.6667180577349434,1.6667098883152418,1.6667098883152418,1.6667180577349434,0.3274596858550351,0.3274594194932852,0.3274594194932852,0.3274596858550351,0.2246700562974721,0.2246710306572249,0.2246710306572249,0.2246700562974721,11.2721411569794
300.0,56.883,83.407,5.582,5.06,1.9101594686796863,1.910158156529149,1.910158156529149,1.9101594686796863,1.6664830715010162,1.6664802919154065,1.6664802919154065,1.6664830715010162,0.3278933466118086,0.3278935682085801,0.3278935682085801,0.3278933466118086,0.2246646961475832,0.2246652715965507,0.2246652715965507,0.2246646961475832,11.276312291265045
300.0,57.538,66.375,4.394,4.264,1.9106102200102153,1.91060740463505,1.91060740463505,1.9106102200102153,1.6666302415478056,1.6666201036115682,1.6666201036115682,1.6666302415478056,0.3275535930497943,0.3275536881189897,0.3275536881189897,0.3275535930497943,0.2246667864836131,0.2246673005026132,0.2246673005026132,0.2246667864836131,11.270054685705016
300.0,57.656,52.592,5.992,3.409,1.911081967604452,1.9110829559349367,1.9110829559349367,1.911081967604452,1.666853075950044,1.6668576975791252,1.6668576975791252,1.666853075950044,0.3271054158022113,0.3271017007555729,0.3271017007555729,0.3271054158022113,0.2246702532040429,0.2246738892290783,0.2246738892290783,0.2246702532040429,11.264999454116486
300.0,57.714,14.152,4.881,5.726,1.91247413612526,1.9124790046231688,1.9124790046231688,1.91247413612526,1.667574447885988,1.667585796388532,1.667585796388532,1.667574447885988,0.3257526904612825,0.3257179462814999,0.3257179462814999,0.3257526904612825,0.2246768944157135,0.2247031515345336,0.2247031515345336,0.2246768944157135,11.25090858538932
300.0,57.752,70.059,5.779,5.345,1.9104184642078703,1.9104151551322728,1.9104151551322728,1.9104184642078703,1.6664985785373934,1.6664894094797065,1.6664894094797065,1.6664985785373934,0.3277781839161099,0.3277795892038099,0.3277795892038099,0.3277781839161099,0.2246635119958386,0.2246633791589458,0.2246633791589458,0.2246635119958386,11.271402148968267
300.0,58.056,80.954,4.897,3.499,1.9099389880800377,1.90993543526942,1.90993543526942,1.9099389880800377,1.666208904512967,1.6661952616407507,1.6661952616407507,1.666208904512967,0.3283047071183046,0.3283038742563937,0.3283038742563937,0.3283047071183046,0.2246558655551688,0.2246567701294917,0.2246567701294917,0.2246558655551688,11.275396152957068
300.0,58.116,49.008,3.921,4.28,1.9110917176686408,1.9110908103960944,1.9110908103960944,1.9110917176686408,1.6667963699334258,1.6667949032170153,1.6667949032170153,1.6667963699334258,0.3271711816677228,0.327167783693044,0.327167783693044,0.3271711816677228,0.2246681442136164,0.2246716205608898,0.2246716205608898,0.2246681442136164,11.263681584144845
300.0,58.202,17.178,3.276,4.56,1.9122330794935307,1.912239391784613,1.912239391784613,1.9122330794935307,1.6673720129720828,1.6673928760530408,1.6673928760530408,1.6673720129720828,0.3260574514604931,0.3260464032791194,0.3260464032791194,0.3260574514604931,0.224678965955475,0.2246885298211214,0.2246885298211214,0.224678965955475,11.252015515542
300.0,58.684,42.422,5.57,4.906,1.9111828680150904,1.9111808143898843,1.9111808143898843,1.9111828680150904,1.6667678521943807,1.6667598131044552,1.6667598131044552,1.6667678521943807,0.3271730677137596,0.327171257589221,0.327171257589221,0.3271730677137596,0.2246670973698844,0.2246691048875394,0.2246691048875394,0.2246670973698844,11.261261124520626
300.0,58.847,92.103,4.228,5.392,1.9093190331844485,1.909316542304199,1.909316542304199,1.9093190331844485,1.665773482499402,1.6657649490681783,1.6657649490681783,1.665773482499402,0.3290491434201173,0.3290482130926807,0.3290482130926807,0.3290491434201173,0.2246442220136389,0.2246456152496327,0.2246456152496327,0.2246442220136389,11.279480125344229
300.0,59.214,82.389,3.378,5.876,1.9095740953589704,1.909577628373119,1.909577628373119,1.9095740953589704,1.6658480527896733,1.6658576250034969,1.6658576250034969,1.6658480527896733,0.3288540426917622,0.3288490820220997,0.3288490820220997,0.3288540426917622,0.2246441983881545,0.2246481638717044,0.2246481638717044,0.2246441983881545,11.275907885754265
300.0,59.305,64.183,2.992,5.902,1.910218968959538,1.9102184170084744,1.9102184170084744,1.910218968959538,1.6661763366810896,1.6661731944474298,1.6661731944474298,1.6661763366810896,0.328229454261271,0.3282260789702127,0.3282260789702127,0.328229454261271,0.2246518501702574,0.2246546803045196,0.2246546803045196,0.2246518501702574,11.269231619837528
300.0,59.696,25.943,3.883,6.446,1.9115186612056707,1.9115149510806504,1.9115149510806504,1.9115186612056707,1.6668021103331374,1.666789998034138,1.666789998034138,1.6668021103331374,0.3270073670816591,0.3270027547462366,0.3270027547462366,0.3270073670816591,0.2246644666397242,0.2246692743605947,0.2246692743605947,0.2246644666397242,11.25521154336394
300.0,59.989,15.672,2.849,3.669,1.9118250195508064,1.9118088261065704,1.9118088261065704,1.9118250195508064,1.6669309573937932,1.6668802433522472,1.6668802433522472,1.6669309573937932,0.3267561906681002,0.3267553626132347,0.3267553626132347,0.3267561906681002,0.2246668142430776,0.2246700104114815,0.2246700104114815,0.2246668142430776,11.251441289714462
300.0,60.02,53.372,3.648,4.34,1.9104232968323185,1.9104257672161185,1.9104257672161185,1.9104232968323185,1.6661786169605957,1.6661852863808246,1.6661852863808246,1.6661786169605957,0.3281428001313277,0.3281359941753765,0.3281359941753765,0.3281428001313277,0.2246493288036836,0.2246547022226093,0.2246547022226093,0.2246493288036836,11.265256312358298
300.0,60.112,68.812,4.879,5.474,1.9098334727254995,1.9098343391057628,1.9098343391057628,1.9098334727254995,1.6658586133245183,1.6658619607754883,1.6658619607754883,1.6658586133245183,0.328742461553636,0.3287388113323551,0.3287388113323551,0.328742461553636,0.2246428362508876,0.2246461649225736,0.2246461649225736,0.2246428362508876,11.270918236952522
300.0,60.312,24.052,6.453,4.814,1.9114232698254097,1.9114214896241049,1.9114214896241049,1.9114232698253688,1.6666610665827375,1.6666571326216433,1.6666571326216433,1.6666610722509334,0.3272024036467888,0.3271944006091552,0.3271944006091552,0.3272024036467888,0.2246585642118377,0.2246661717051651,0.2246661717051651,0.2246585642118377,11.254504628844025
300.0,60.342,71.631,4.624,4.311,1.9096687072054528,1.9096701891594348,1.9096701891594348,1.9096687072054528,1.6657410466360645,1.6657454019906524,1.6657454019906524,1.6657410466360645,0.3289436742153714,0.3289388127638138,0.3289388127638138,0.3289436742153714,0.2246393193111007,0.2246434240937425,0.2246434240937425,0.2246393193111007,11.271947825224176
300.0,60.367,13.012,6.245,3.0,1.9118128045176188,1.911813176843456,1.911813176843456,1.9118128045176188,1.6668494215759282,1.6668546202548415,1.6668546202548415,1.6668494215759282,0.326837617157336,0.3268038447200881,0.3268038447200881,0.326837617157336,0.2246530864882386,0.22468025278863,0.22468025278863,0.2246530864882386,11.250460998147652
300.0,61.092,95.387,2.862,5.634,1.9085962868541104,1.908596861487087,1.908596861487087,1.9085962868541104,1.6650782779874451,1.6650774560195007,1.6650774560195007,1.6650782779874451,0.3301307286809993,0.3301283219160677,0.3301283219160677,0.3301307286809993,0.2246245240537166,0.2246263166743412,0.2246263166743412,0.2246245240537166,11.28065086175176
300.0,61.114,52.051,5.565,3.525,1.9101820492636965,1.9101789875217432,1.9101789875217432,1.9101820492636965,1.6659031415364205,1.665896314375389,1.665896314375389,1.6659031415364205,0.3285591959761724,0.3285580070279828,0.3285580070279828,0.3285591959761724,0.2246421712039881,0.2246444001235636,0.2246444001235636,0.2246421712039881,11.264759860784686
300.0,61.156,45.843,4.739,3.366,1.9103966689862888,1.9103973904773064,1.9103973904773064,1.9103966689862888,1.666009098101243,1.6660090237064011,1.6660090237064011,1.666009098101243,0.3283537972173596,0.3283471262840946,0.3283471262840946,0.3283537972173596,0.2246434256966842,0.2246485574766285,0.2246485574766285,0.2246434256966842,11.262483149067178
300.0,61.234,97.986,3.552,4.774,1.9084657122046311,1.9084643157123755,1.9084643157124168,1.9084657122046311,1.6649981363851398,1.6649934935151312,1.6649934822656651,1.6649981363851398,0.3302853381353499,0.3302851793930404,0.3302851793930404,0.3302853381353499,0.2246227643219185,0.2246234648942805,0.2246234648942805,0.2246227643219185,11.281608096100523
300.0,61.326,28.718,4.627,4.016,1.9109805571837677,1.9109801416036587,1.9109801416036587,1.9109805571837677,1.6662883490896576,1.666286330931132,1.666286330931132,1.6662883490896576,0.3278042469266595,0.3277955380957769,0.3277955380957769,0.3278042469266595,0.2246481217569039,0.224655482155427,0.224655482155427,0.2246481217569039,11.256205764851034
300.0,61.414,10.293,2.595,3.688,1.9116364508464203,1.9116348411637116,1.911634841163616,1.9116364508464203,1.6666262628586674,1.6666217624758024,1.6666217568096608,1.6666262628586674,0.3271983447644828,0.3271364750504338,0.3271364750504338,0.3271983447644828,0.224635377095313,0.2246830605967983,0.2246830605967983,0.224635377095313,11.249452227274196
300.0,61.791,62.663,2.864,4.805,1.9096094522810816,1.9096093143661543,1.9096093143661543,1.9096094522810816,1.6655059518670452,1.6655041072055363,1.6655041072055363,1.6655059518670452,0.3292369547608064,0.3292311969850321,0.3292311969850321,0.3292369547608064,0.2246310271929623,0.2246355875105794,0.2246355875105794,0.2246310271929623,11.268642939239951
300.0,61.952,80.132,3.346,3.926,1.908928659397832,1.9089250333098,1.9089250333098,1.908928659397832,1.6651384584059998,1.6651284146146097,1.6651284146146097,1.6651384584059998,0.3299395448284757,0.329942203564293,0.329942203564293,0.3299395448284757,0.2246251120658985,0.2246241251851527,0.2246241251851527,0.2246251120658985,11.275046915856027
300.0,61.96,94.661,6.429,6.158,1.908393228013485,1.908391400858073,1.908391400858073,1.908393228013485,1.6648607032527811,1.6648547138843277,1.6648547138843277,1.6648607032527811,0.3304764686826709,0.3304742727675032,0.3304742727675032,0.3304764686826709,0.2246177281619194,0.2246197266597784,0.2246197266597784,0.2246177281619194,11.280373661863877
300.0,61.993,12.565,3.573,3.252,1.9113953248045568,1.9113942727118616,1.9113942727118616,1.9113953248045568,1.6664089411444851,1.6664068685754705,1.6664068685754705,1.6664089411444851,0.3275117579462838,0.3274829865548855,0.3274829865548855,0.3275117579462838,0.2246417253121343,0.2246649149676943,0.2246649149676943,0.2246417253121343,11.250282105436364
300.0,62.092,56.951,4.441,3.694,1.909741053182248,1.909739103669388,1.909739103669388,1.909741053182248,1.6655410440592266,1.6655317535421972,1.6655317535421972,1.6655410440592266,0.3291553436050153,0.3291536194557245,0.3291536194557245,0.3291553436050153,0.2246322975500289,0.2246340369535524,0.2246340369535524,0.2246322975500289,11.266545899014003
300.0,62.107,11.09,5.489,3.118,1.911416755095923,1.9114197358902012,1.9114197358902012,1.911416755095923,1.6664011221714785,1.6664105692089748,1.6664105692089748,1.6664011221714785,0.327514370213974,0.327470346484522,0.327470346484522,0.327514370213974,0.224636004915156,0.2246701485337027,0.2246701485337027,0.224636004915156,11.249729497924095
300.0,62.146,98.732,4.552,5.293,1.9081920907800136,1.908194087521174,1.908194087521174,1.9081920907800136,1.6647269744684154,1.664732685591343,1.664732685591343,1.6647269744684154,0.3307049183724964,0.3307033428942987,0.3307033428942987,0.3307049183724964,0.2246150112882267,0.2246165470838995,0.2246165470838995,0.2246150112882267,11.281867500226022
300.0,62.406,69.072,6.096,4.066,1.9092103768055817,1.9092106624968064,1.9092106624968064,1.9092103768055817,1.6652166830999222,1.6652193598377425,1.6652193598377425,1.6652166830999222,0.3297328625536509,0.3297301779106056,0.3297301779106056,0.3297328625536509,0.2246242259421018,0.2246270437885507,0.2246270437885507,0.2246242259421018,11.27098545579688
300.0,62.491,97.408,3.498,6.368,1.9081516798716216,1.9081461815850569,1.9081461815850569,1.9081516798716216,1.664667695136447,1.664649848026724,1.664649848026724,1.664667695136447,0.3308026222742677,0.3308053607506021,0.3308053607506021,0.3308026222742677,0.2246141605694534,0.2246127536504538,0.2246127536504538,0.2246141605694534,11.28137931297496
300.0,62.589,76.881,2.604,4.864,1.908880046801112,1.9088780540891177,1.9088780540891177,1.908880046801112,1.6650408791001825,1.665031168154265,1.665031168154265,1.6650408791001825,0.3300943460006902,0.3300941694861355,0.3300941694861355,0.3300943460006902,0.2246207677022836,0.2246214677786714,0.2246214677786714,0.2246207677022836,11.273848544970456
300.0,62.629,15.841,5.142,2.857,1.9111209354816547,1.9110886058931336,1.9110886058931336,1.9111209354816547,1.6662138813973697,1.6661144545016384,1.6661144545016384,1.6662138813973697,0.327881863258879,0.3278925443055786,0.3278925443055786,0.327881863258879,0.224647754796882,0.2246439395022271,0.2246439395022271,0.224647754796882,11.251471357663942
300.0,62.64,14.233,2.678,2.785,1.911162005204878,1.9111625140069377,1.9111625140069377,1.9111620052049485,1.6662021391500168,1.6662087973722846,1.6662087973722846,1.6662021448044495,0.3278471466424235,0.3278197111591637,0.3278197111591637,0.3278471466424235,0.224636355078489,0.224658107550414,0.224658107550414,0.224636355078489,11.25087594996956
300.0,62.72,24.713,2.99,4.307,1.91075443874576,1.9107540598770876,1.9107540598770876,1.91075443874576,1.6659761092772911,1.6659750962077258,1.6659750962077258,1.6659761092772911,0.3282513222729546,0.3282467899438712,0.3282467899438712,0.3282513222729546,0.2246394115388481,0.2246443379926351,0.2246443379926351,0.2246394115388481,11.254725755363438
300.0,63.108,47.187,5.988,3.416,1.9098250663633307,1.909825765599251,1.909825765599251,1.9098250663633307,1.6654361321060156,1.6654407920488612,1.6654407920488612,1.6654361321060156,0.3292351099392923,0.3292316392474267,0.3292316392474267,0.3292351099392923,0.2246271606306858,0.2246308370886779,0.2246308370886779,0.2246271606306858,11.262955795228878
300.0,63.707,55.524,2.905,2.996,1.9093552649845136,1.9093585195116576,1.9093585195116576,1.9093552649845136,1.6651022302847271,1.6651136955187211,1.6651136955187211,1.6651022302847271,0.3297956799675333,0.3297933055901326,0.3297933055901326,0.3297956799675333,0.2246195093841761,0.2246220016438411,0.2246220016438411,0.2246195093841761,11.266002516641562
300.0,63.71,17.882,3.596,5.269,1.9107414670571772,1.91073866108132,1.91073866108132,1.9107414670571772,1.665837103732276,1.6658242942890171,1.6658242942890171,1.665837103732276,0.3284250059927373,0.328420702909842,0.328420702909842,0.3284250059927373,0.224634371124492,0.2246391123278236,0.2246391123278236,0.224634371124492,11.252208675956624
300.0,63.896,89.244,3.047,4.188,1.9080716612528847,1.908070376329148,1.908070376329148,1.9080716612528847,1.6644266922045912,1.6644223668127975,1.6644223668127975,1.6644266922045912,0.3311084129383513,0.3311086059740737,0.3311086059740737,0.3311084129383513,0.2246053898341436,0.2246058349169159,0.2246058349169159,0.2246053898341436,11.278364637570114
300.0,64.109,11.326,5.639,5.003,1.9108737568749024,1.9108720229919685,1.9108720229919685,1.9108737568749024,1.6658442387265433,1.66583968363051,1.66583968363051,1.6658442387265433,0.3283745328988526,0.328336231420208,0.328336231420208,0.3283745328988526,0.2246209568921508,0.2246512060782902,0.2246512060782902,0.2246209568921508,11.249799723137508
300.0,64.153,18.982,6.269,5.692,1.910579659582456,1.910581996654211,1.910581996654211,1.910579659582456,1.665681509456765,1.6656876119952977,1.6656876119952977,1.665681509456765,0.3286570435046298,0.3286471968165913,0.3286471968165913,0.3286570435046298,0.2246281819517903,0.224636703182537,0.224636703182537,0.2246281819517903,11.252600339467165
300.0,64.254,80.413,5.767,5.108,1.9082997074350407,1.9082978594511648,1.9082978594511648,1.9082997074350407,1.6644965002011567,1.6644890783798063,1.6644890783798063,1.6644965002011567,0.330939626473739,0.330938125715016,0.330938125715016,0.330939626473739,0.2246055853845593,0.2246072384306629,0.2246072384306629,0.2246055853845593,11.275122422855132
300.0,64.54,99.956,3.31,5.477,1.9075064553698444,1.9075045869716545,1.9075045869716545,1.9075064553698444,1.6640475386508853,1.6640399535264832,1.6640399535264832,1.6640475386508853,0.3317776347486505,0.3317773382946442,0.3317773382946442,0.3317776347486505,0.2245962519554513,0.2245968096746562,0.2245968096746562,0.2245962519554513,11.28228692306949
300.0,64.981,95.343,4.671,5.505,1.9075556105981208,1.9075553785294808,1.9075553785294808,1.9075556105981208,1.6640072754071502,1.664008004474714,1.664008004474714,1.6640072754071502,0.3317989368963364,0.3317980984883405,0.3317980984883405,0.3317989368963364,0.2245941423938118,0.224595534490732,0.224595534490732,0.2245941423938118,11.280584823117495
300.0,65.5,82.247,4.205,5.637,1.9078962058089584,1.9078956484076073,1.9078956484076073,1.9078962058089584,1.6641143247100243,1.664111798259634,1.664111798259634,1.6641143247100243,0.3315422439956805,0.3315411273872864,0.3315411273872864,0.3315422439956805,0.2245953827024996,0.2245965514794933,0.2245965514794933,0.2245953827024996,11.275777274465922
300.0,65.538,16.927,6.29,5.638,1.910282496126284,1.910283737115444,1.910283737115444,1.910282496126284,1.665336820484925,1.6653404768798563,1.6653404768798563,1.665336820484925,0.3291796662419336,0.3291609708678482,0.3291609708678482,0.3291796662419336,0.2246142885533599,0.2246296922768652,0.2246296922768652,0.2246142885533599,11.251844654076118
300.0,65.585,84.106,3.305,6.055,1.9078035325485383,1.9078061626105287,1.9078061626105287,1.9078035325485383,1.664052395237533,1.6640582802841173,1.6640582802841173,1.664052395237533,0.3316496581944634,0.3316428844937159,0.3316428844937159,0.3316496581944634,0.2245923748333952,0.2245973235591902,0.2245973235591902,0.2245923748333952,11.276458349372971
300.0,65.622,39.098,5.979,3.63,1.9094453826004103,1.9094476487938556,1.9094476487938556,1.9094453826004103,1.6648876358256053,1.664899092569406,1.664899092569406,1.6648876358256053,0.3300195516036703,0.330010759771244,0.330010759771244,0.3300195516036703,0.2246079676354206,0.2246158120330517,0.2246158120330517,0.2246079676354206,11.259955604314817
300.0,65.782,10.614,3.29,3.615,1.9104495513962527,1.9104490087682793,1.9104490087682793,1.9104495513962527,1.665388329982067,1.6653887179609566,1.6653887179609566,1.665388329982067,0.3290660131467513,0.329022691875779,0.329022691875779,0.3290660131467513,0.2246053503739067,0.2246396322589735,0.2246396322589735,0.2246053503739067,11.249512641726811
300.0,65.87,29.181,4.785,2.948,1.9097470648485928,1.9097415969901457,1.9097415969901457,1.9097470648485928,1.665019200084378,1.6650047783632262,1.6650047783632262,1.665019200084378,0.3297604099896361,0.3297572296318783,0.3297572296318783,0.3297604099896361,0.2246118716462917,0.2246158262703189,0.2246158262703189,0.2246118716462917,11.25631353443214
300.0,66.187,24.909,4.921,4.521,1.9098115522154664,1.9098184795510056,1.9098184795510056,1.9098115522154664,1.6649938723671622,1.665019511980072,1.665019511980072,1.6649938723671622,0.3297457271756834,0.3297331086508616,0.3297331086508616,0.3297457271756834,0.224608181220844,0.2246187873351417,0.2246187873351417,0.224608181220844,11.254747307460404
300.0,66.195,88.592,2.926,4.505,1.90747505072848,1.9074760804602828,1.9074760804602828,1.90747505072848,1.6637997565233753,1.6638017815965236,1.6638017815965236,1.6637997565233753,0.3320744048943253,0.3320721202397986,0.3320721202397986,0.3320744048943253,0.2245875656402378,0.2245893459412279,0.2245893459412279,0.2245875656402378,11.278096781384567
300.0,66.239,52.822,2.665,6.41,1.9087830222191,1.9087818475704257,1.9087818475704257,1.9087830222191,1.664495083236349,1.6644933749099418,1.6644933749099418,1.664495083236349,0.3307824904375648,0.3307794829021426,0.3307794829021426,0.3307824904375648,0.2246006034197376,0.2246036090104665,0.2246036090104665,0.2246006034197376,11.264977380873454
300.0,66.36,62.771,5.3,6.492,1.9083785071064288,1.9083780415122489,1.9083780415122489,1.9083785071064288,1.6642439797756794,1.6642432261046844,1.6642432261046844,1.6642439797756794,0.3311985451509736,0.3311978935819999,0.3311978935819999,0.3311985451509736,0.2245962898018134,0.2245974340987005,0.2245974340987005,0.2245962898018134,11.268625257010902
300.0,66.476,80.146,4.605,3.572,1.9077098475684269,1.90770945441861,1.90770945441861,1.9077098475684269,1.663883928745734,1.6638806050062855,1.6638806050062855,1.663883928745734,0.3318851747219549,0.3318842058178754,0.3318842058178754,0.3318851747219549,0.2245888157366339,0.2245898950733876,0.2245898950733876,0.2245888157366339,11.274991555147782
300.0,66.602,93.171,4.901,4.248,1.907198677798412,1.907196855030708,1.907196855030708,1.907198677798412,1.6636026372996875,1.663597020536454,1.663597020536454,1.6636026372996875,0.3324176944917621,0.3324162286276293,0.3324162286276293,0.3324176944917621,0.2245826424646032,0.2245842092400553,0.2245842092400553,0.2245826424646032,11.279768687578182
300.0,66.619,10.408,2.707,3.301,1.910237772874124,1.9102393609333983,1.9102393609333983,1.910237772874124,1.6651865204474805,1.66519225618884,1.66519225618884,1.6651865204474805,0.3294223900605469,0.3293649617093235,0.3293649617093235,0.3294223900605469,0.2245937714037561,0.2246382122024069,0.2246382122024069,0.2245937714037561,11.249430433317755
300.0,66.724,95.283,4.216,3.748,1.9070865224629003,1.9070873470450889,1.9070873470450889,1.9070865224629003,1.6635243765174326,1.6635279651821904,1.6635279651821904,1.6635243765174326,0.3325490738899376,0.3325462572137211,0.3325462572137211,0.3325490738899376,0.224580550998756,0.2245829741233436,0.2245829741233436,0.224580550998756,11.280542520170744
300.0,66.879,35.9,4.126,5.879,1.9092226740738911,1.9092256283099824,1.9092256283099824,1.9092226740738911,1.6646002531877977,1.6646131233364967,1.6646131233364967,1.6646002531877977,0.3304445136983942,0.3304321368831818,0.3304321368831818,0.3304445136983942,0.2245981297008638,0.224608703971614,0.224608703971614,0.2245981297008638,11.258768373236062
300.0,67.122,18.1,3.1,5.29,1.9098098245378368,1.909813279433224,1.909813279433224,1.9098098245378368,1.6648661552499533,1.6648757127439835,1.6648757127439835,1.6648661552499533,0.329898609698259,0.3298843778137022,0.3298843778137022,0.329898609698259,0.2246031680153743,0.2246147453128952,0.2246147453128952,0.2246031680153743,11.252238934962612
300.0,67.169,57.269,3.341,6.04,1.908361379079367,1.908363672919132,1.908363672919132,1.908361379079367,1.6641202719307338,1.6641262690801126,1.6641262690801126,1.6641202719307338,0.3313450530032622,0.3313426743927252,0.3313426743927252,0.3313450530032622,0.2245916775549859,0.2245937941901904,0.2245937941901904,0.2245916775549859,11.266595447606225
300.0,67.241,20.226,4.778,3.109,1.9097069241773224,1.909700235815474,1.909700235815474,1.9097069241773224,1.6648179846544813,1.6647907285180323,1.6647907285180323,1.6648179846544813,0.3300245572473631,0.3300142764303123,0.3300142764303123,0.3300245572473631,0.2246030897810006,0.2246112958792758,0.2246112958792758,0.2246030897810006,11.253017652838995
300.0,67.242,71.668,5.112,2.916,1.9078131036145085,1.9078136643760464,1.9078136643760464,1.9078131036145085,1.663829408411278,1.6638308270483173,1.6638308270483173,1.663829408411278,0.3319049644362079,0.3319026898447698,0.3319026898447698,0.3319049644362079,0.2245856408970085,0.2245878157514511,0.2245878157514511,0.2245856408970085,11.271878559486543
300.0,67.456,91.945,2.651,2.769,1.90701573151867,1.9070099743677424,1.90700997436763,1.9070157315187088,1.6634004860476437,1.6633817963230233,1.6633817907437956,1.6634004916266207,0.3327379695648012,0.3327417107141823,0.3327417107141823,0.3327379695648012,0.2245785639330762,0.2245766359263866,0.2245766359263866,0.2245785639330762,11.279307336850128
300.0,67.515,33.881,5.679,5.175,1.909128776464033,1.9091261658649168,1.9091261658649168,1.909128776464033,1.6644701147276746,1.6644653961896163,1.6644653961896163,1.6644701147276746,0.3306370692106894,0.3306364951818411,0.3306364951818411,0.3306370692106894,0.2245978491430741,0.2246000360739851,0.2246000360739851,0.2245978491430741,11.258018936436333
300.0,67.574,58.538,4.654,5.842,1.9082041604615905,1.9082083819872933,1.9082083819872933,1.9082041604615905,1.663982034831653,1.663992572891433,1.663992572891433,1.663982034831653,0.3315692811386243,0.3315601799544948,0.3315601799544948,0.3315692811386243,0.2245858698764699,0.2245927166397762,0.2245927166397762,0.2245858698764699,11.26705526629464
300.0,67.578,79.427,5.674,4.696,1.907439968097508,1.9074365931437476,1.9074365931437476,1.907439968097508,1.6635978729958787,1.66358360066602,1.66358360066602,1.6635978729958787,0.3323317253273811,0.3323338322355781,0.3323338322355781,0.3323317253273811,0.2245820467450897,0.2245807741801985,0.2245807741801985,0.2245820467450897,11.274716215631363
300.0,67.672,38.736,3.092,4.416,1.9089078413220777,1.908903630919712,1.908903630919712,1.9089078413220777,1.6643341110329133,1.6643207126335646,1.6643207126335646,1.6643341110329133,0.3308835078288926,0.3308789475620642,0.3308789475620642,0.3308835078288926,0.2245938255025377,0.2245980523004821,0.2245980523004821,0.2245938255025377,11.259797232175265
300.0,67.696,93.593,5.268,5.408,1.906888357800239,1.906885288233512,1.906885288233512,1.906888357800239,1.6632951897551125,1.6632826211576337,1.6632826211576337,1.6632951897551125,0.3329038181937455,0.3329042576934359,0.3329042576934359,0.3329038181937455,0.2245750903709381,0.2245750675644461,0.2245750675644461,0.2245750903709381,11.279910599705952
300.0,68.065,65.197,3.72,4.222,1.907829285861409,1.907827567636544,1.907827567636544,1.907829285861409,1.6637263678372576,1.6637209030222568,1.6637209030222568,1.6637263678372576,0.3320212923249478,0.3320199422602551,0.3320199422602551,0.3320212923249478,0.224582059172549,0.2245835911615789,0.2245835911615789,0.224582059172549,11.269487110115705
300.0,68.269,94.281,3.289,6.059,1.906707431578224,1.9067040182395536,1.9067040182395536,1.906707431578224,1.6631230234596206,1.6631118339714108,1.6631118339714108,1.6631230234596206,0.3331765965371134,0.3331778853285457,0.3331778853285457,0.3331765965371134,0.2245708388107035,0.2245705293173783,0.2245705293173783,0.2245708388107035,11.280153836420066
300.0,68.288,96.675,4.148,5.326,1.9066129550182824,1.9066128518270309,1.9066128518270309,1.9066129550182824,1.6630670033687331,1.663066390522866,1.663066390522866,1.6630670033687331,0.3332738573164007,0.3332732670470618,0.3332732670470618,0.3332738573164007,0.2245692461942273,0.2245699163398903,0.2245699163398903,0.2245692461942273,11.281035060115228
300.0,68.324,55.8,5.457,6.178,1.9081037967414467,1.9081039533175856,1.9081039533175856,1.9081037967414467,1.6638318625701607,1.6638286032026948,1.6638286032026948,1.6638318625701607,0.3317893389872106,0.3317848259350834,0.3317848259350834,0.3317893389872106,0.2245828056320309,0.2245862507029262,0.2245862507029262,0.2245828056320309,11.266042779510656
300.0,68.337,75.453,3.555,3.525,1.9073795227292476,1.9073772015135488,1.9073772015135488,1.9073795227292567,1.663457115177067,1.663450499915314,1.663450499915314,1.6634571263381177,0.332515231026311,0.3325134893034486,0.3325134893034486,0.332515231026311,0.224575991462158,0.2245778583186675,0.2245778583186675,0.224575991462158,11.273247232145255
300.0,68.7,87.514,5.953,3.212,1.9068381560598704,1.9068367129758017,1.9068367129758017,1.9068381560598704,1.6631285503506508,1.6631230173575062,1.6631230173575062,1.6631285503506508,0.333113737501854,0.3331149215272556,0.3331149215272556,0.333113737501854,0.224570007562851,0.2245695954977639,0.2245695954977639,0.224570007562851,11.277663839448168
300.0,68.737,99.588,4.804,3.344,1.9063839295708804,1.9063841519898164,1.9063841519898164,1.9063839295708804,1.662886602151204,1.6628885088086018,1.6628885088086018,1.662886602151204,0.3335770344087399,0.3335730901899305,0.3335730901899305,0.3335770344087399,0.2245634966007319,0.2245669810984627,0.2245669810984627,0.2245634966007319,11.28209660781765
300.0,68.781,67.391,3.046,3.465,1.907552046755388,1.9075561327535024,1.9075561327535024,1.907552046755388,1.66347655019711,1.6634906877939253,1.6634906877939253,1.66347655019711,0.3324096674977699,0.3324091926571751,0.3324091926571751,0.3324096674977699,0.2245763726390234,0.2245770985169854,0.2245770985169854,0.2245763726390234,11.270285247580526
300.0,68.86,49.215,4.108,5.413,1.9081988795132516,1.908201235082261,1.908201235082261,1.9081988795132516,1.6638025023682914,1.663808922918378,1.663808922918378,1.6638025023682914,0.3317804678941977,0.331773060098013,0.331773060098013,0.3317804678941977,0.2245797920460076,0.2245858417681229,0.2245858417681229,0.2245797920460076,11.26361891727627
300.0,68.959,62.19,5.288,2.5,1.9076950780107864,1.9076969810251012,1.9076969810251012,1.9076950780107864,1.6635282033242151,1.6635369916349778,1.6635369916349778,1.6635282033242151,0.3322999370369104,0.332292436418036,0.332292436418036,0.3322999370369104,0.2245740805998153,0.2245804481543752,0.2245804481543752,0.2245740805998153,11.268381016230116
300.0,69.097,98.945,4.983,2.795,1.9063089113900928,1.9063119104016253,1.9063119104016253,1.9063089113900928,1.6627973673042875,1.6628050400482204,1.6628050400482204,1.6627973673042875,0.3337082744777686,0.3337048232352475,0.3337048232352475,0.3337082744777686,0.2245616798639232,0.2245642802395242,0.2245642802395242,0.2245616798639232,11.28185909806936
300.0,69.15,39.086,5.172,4.026,1.9084936747974068,1.908494150463991,1.908494150463991,1.9084936747974068,1.663914572665821,1.663916986610941,1.663916986610941,1.663914572665821,0.3315299188686554,0.3315299490080421,0.3315299490080421,0.3315299188686554,0.2245838513405458,0.2245849440760042,0.2245849440760042,0.2245838513405458,11.25990852755264
300.0,69.201,77.34,5.958,5.509,1.9070753560631328,1.9070739452641228,1.9070739452641228,1.9070753560631328,1.6631813703670617,1.6631774595587128,1.6631774595587128,1.6631813703670617,0.3329577195407229,0.3329557630174729,0.3329557630174729,0.3329577195407229,0.2245688847561312,0.2245708960361504,0.2245708960361504,0.2245688847561312,11.273928169827968
300.0,69.306,37.66,3.353,4.556,1.9085043242626591,1.9085034917902244,1.9085034917902244,1.9085043242626591,1.6639031216395657,1.6638983876360611,1.6638983876360611,1.6639031216395657,0.3315471106839198,0.3315426725740337,0.3315426725740337,0.3315471106839198,0.224581964102973,0.2245858477136145,0.2245858477136145,0.224581964102973,11.259385085738256
300.0,69.354,87.897,3.354,3.053,1.906646672761277,1.9066447515994,1.9066447515994,1.906646672761277,1.6629400175249467,1.6629343798516134,1.6629343798516134,1.6629400175249467,0.3334112603537183,0.3334112503272496,0.3334112503272496,0.3334112603537183,0.2245645057663644,0.2245652152954376,0.2245652152954376,0.2245645057663644,11.277800966948568
300.0,69.426,99.736,4.547,3.246,1.9061926968054197,1.906190302656516,1.906190302656516,1.9061926968054197,1.6626994018059682,1.6626906438343112,1.6626906438343112,1.6626994018059682,0.333879052200707,0.3338780376631121,0.3338780376631121,0.333879052200707,0.2245597118461061,0.224560827683659,0.224560827683659,0.2245597118461061,11.282143857785698
300.0,69.539,16.621,4.953,3.161,1.9092173128233467,1.909210265844656,1.909210265844656,1.9092173128233467,1.6642433188209227,1.6642229350718003,1.6642229350718003,1.6642433188209227,0.3308836078262802,0.3308658097979304,0.3308658097979304,0.3308836078262802,0.2245820642204187,0.2245976897312198,0.2245976897312198,0.2245820642204187,11.251667530118125
300.0,69.74,28.827,2.66,4.527,1.9087124583367685,1.9087119867115885,1.9087119867115885,1.9087124583367685,1.663955428760575,1.6639479969010034,1.6639479969010034,1.663955428760575,0.3314104345642483,0.3314035937396812,0.3314035937396812,0.3314104345642483,0.2245814141136693,0.2245867675331196,0.2245867675331196,0.2245814141136693,11.256137704411
300.0,69.796,64.52,6.424,4.454,1.9073837424859843,1.9073845972404435,1.9073845972404435,1.9073837424859843,1.6632552813378847,1.663257358931022,1.663257358931022,1.6632552813378847,0.3327434954228603,0.3327407913022419,0.3327407913022419,0.3327434954228603,0.2245687014587716,0.2245713661076754,0.2245713661076754,0.2245687014587716,11.2692228303664
300.0,69.819,65.871,4.342,4.844,1.9073255594745184,1.907330170241168,1.907330170241168,1.9073255594745184,1.6632158292495487,1.6632324427413887,1.6632324427413887,1.6632158292495487,0.3328052578184246,0.3327989885216053,0.3327989885216053,0.3328052578184246,0.2245666561907946,0.2245721030999657,0.2245721030999657,0.2245666561907946,11.269717118338122
300.0,69.84,78.725,3.109,5.157,1.9068520770290684,1.9068481979051937,1.9068481979051937,1.9068520770290684,1.6629806405355567,1.6629688577989394,1.6629688577989394,1.6629806405355567,0.33328271940254,0.3332842700807643,0.3332842700807643,0.33328271940254,0.22456487915703,0.2245644373712452,0.2245644373712452,0.22456487915703,11.2744261326586
300.0,69.935,60.309,5.306,6.109,1.907499140722668,1.9075025477555567,1.9075025477555567,1.907499140722668,1.6632934399426431,1.663302941873264,1.663302941873264,1.6632934399426431,0.3326499147708695,0.3326451766797784,0.3326451766797784,0.3326499147708695,0.2245688105818612,0.2245725484779037,0.2245725484779037,0.2245688105818612,11.26767455720343
300.0,70.119,22.873,2.809,4.056,1.9088251058980128,1.9088289414907016,1.9088289414907016,1.9088251058980128,1.6639480455408848,1.6639643819586891,1.6639643819586891,1.6639480455408848,0.3313600427002514,0.3313454946596745,0.3313454946596745,0.3313600427002514,0.2245766953145067,0.2245894707259711,0.2245894707259711,0.2245766953145067,11.253949783116669
300.0,70.128,33.27,5.16,5.085,1.9084406443592583,1.9084434598727888,1.9084434598727888,1.9084406443592583,1.6637502330117044,1.6637599507646148,1.6637599507646148,1.6637502330117044,0.3317391580125051,0.3317370569556038,0.3317370569556038,0.3317391580125051,0.2245778166323803,0.2245805115609057,0.2245805115609057,0.2245778166323803,11.25776278636654
300.0,70.286,68.822,6.119,5.386,1.9070941798024268,1.9070926760309568,1.9070926760309568,1.9070941798024268,1.6630430724147038,1.6630353432024991,1.6630353432024991,1.6630430724147038,0.3331125571337742,0.3331103474780087,0.3331103474780087,0.3331125571337742,0.2245639853070123,0.2245658475544596,0.2245658475544596,0.2245639853070123,11.270788854798107
300.0,70.363,31.186,2.656,5.037,1.9084535482426224,1.9084582601157805,1.9084582601157805,1.9084535482426224,1.6637265573065674,1.6637398335024958,1.6637398335024958,1.6637265573065674,0.3317641396017398,0.3317601468353675,0.3317601468353675,0.3317641396017398,0.2245766375281627,0.2245801009338944,0.2245801009338944,0.2245766375281627,11.25699216702414
300.0,70.462,72.655,4.739,2.531,1.9069030005743024,1.906905412972692,1.906905412972692,1.9069030005743024,1.6629141695663758,1.6629222166579132,1.6629222166579132,1.6629141695663758,0.3333320321230667,0.3333261792553211,0.3333261792553211,0.3333320321230667,0.2245597941705549,0.2245645925686339,0.2245645925686339,0.2245597941705549,11.272194256655126
300.0,70.555,95.697,2.523,2.84,1.906037530884956,1.9060328514065643,1.9060328514065643,1.906037530884956,1.6624749433499004,1.6624578792087197,1.6624578792087197,1.6624749433499004,0.3342163075973462,0.3342182283277631,0.3342182283277631,0.3342163075973462,0.2245538266101896,0.2245530187541653,0.2245530187541653,0.2245538266101896,11.280645119045122
300.0,70.703,91.637,2.684,2.575,1.906143716638182,1.9061430428792108,1.9061430428792108,1.906143716638182,1.6625001198978984,1.6624992824199751,1.6624992824199751,1.6625001198978984,0.3341321405254986,0.3341312990038359,0.3341312990038359,0.3341321405254986,0.2245532757118702,0.2245543754451183,0.2245543754451183,0.2245532757118702,11.27915379667928
300.0,70.768,61.898,3.234,5.77,1.9072163159569373,1.907212513764839,1.907212513764839,1.9072163159569373,1.6630346464899253,1.6630243136745737,1.6630243136745737,1.6630346464899253,0.3330650141173845,0.3330661419363354,0.3330661419363354,0.3330650141173845,0.2245635996152672,0.2245638692437563,0.2245638692437563,0.2245635996152672,11.268246420177908
300.0,70.781,50.143,5.089,2.77,1.9076446222590513,1.907644555755484,1.907644555755484,1.9076446222590513,1.6632542876263907,1.6632541237570646,1.6632541237570646,1.6632542876263907,0.3326410433771177,0.3326367122926016,0.3326367122926016,0.3326410433771177,0.224565944702578,0.2245699009501039,0.2245699009501039,0.224565944702578,11.263936117066274
300.0,70.799,48.418,4.231,2.571,1.907701909750117,1.9077045431609847,1.9077045431609847,1.907701909750117,1.6632789096897342,1.6632865022904595,1.6632865022904595,1.6632789096897342,0.3325848824748309,0.3325811800671401,0.3325811800671401,0.3325848824748309,0.2245668897410725,0.2245702241352922,0.2245702241352922,0.2245668897410725,11.263302516295132
300.0,70.924,84.122,5.237,4.21,1.906357146843756,1.9063576388859989,1.9063576388859989,1.906357146843756,1.6625722259140625,1.6625749023442966,1.6625749023442966,1.6625722259140625,0.3339539121253756,0.3339484999485741,0.3339484999485741,0.3339539121253756,0.2245523989941011,0.224557110913331,0.224557110913331,0.2245523989941011,11.276394368367486
300.0,71.072,76.113,4.752,4.182,1.906613275912177,1.906610331977276,1.906610331977276,1.9066132759122087,1.6626901071473867,1.6626779857073155,1.6626779857073155,1.6626901015887985,0.3337184788480726,0.3337208935975595,0.3337208935975595,0.3337184788480726,0.2245572284040811,0.2245557044503571,0.2245557044503571,0.2245572284040811,11.273455264437976
300.0,71.116,96.125,6.16,3.245,1.905865884174762,1.9058626852077247,1.9058626852077247,1.905865884174762,1.6623004349519503,1.6622899315477293,1.6622899315477293,1.6623004349519503,0.3344767805435057,0.3344772707958291,0.3344772707958291,0.3344767805435057,0.224549040658172,0.224549254606164,0.224549254606164,0.224549040658172,11.280795349410567
300.0,71.128,93.955,6.411,3.725,1.9059413863815151,1.9059408233907325,1.9059408233907325,1.9059413863815151,1.6623331052895722,1.662331207933916,1.662331207933916,1.6623331052895722,0.3344024264463778,0.3344011248174298,0.3344011248174298,0.3344024264463778,0.2245490346795662,0.2245505347812628,0.2245505347812628,0.2245490346795662,11.280000228656942
300.0,71.261,72.088,4.876,4.498,1.9067078926887664,1.906706957819816,1.906706957819816,1.9067078926887664,1.662707392825648,1.6627061779538737,1.6627061779538737,1.662707392825648,0.3336540993978578,0.3336535769325991,0.3336535769325991,0.3336540993978578,0.224555867980857,0.2245571339247999,0.2245571339247999,0.224555867980857,11.27197338088933
300.0,71.424,32.195,4.121,3.335,1.908131062133372,1.9081285405619932,1.9081285405619932,1.908131062133372,1.6634191055031549,1.6634101177322191,1.6634101177322191,1.6634191055031549,0.3322585050161722,0.3322546624269133,0.3322546624269133,0.3322585050161722,0.2245677896629893,0.224571645641767,0.224571645641767,0.2245677896629893,11.257352239814145
300.0,71.425,31.187,2.935,6.101,1.9081742555142476,1.9081687360720307,1.9081687360720307,1.9081742555142476,1.6634684810207108,1.663446494612395,1.663446494612395,1.6634684810207108,0.3322196708101781,0.3322188610629406,0.3322188610629406,0.3322196708101781,0.2245697737092093,0.2245713027698573,0.2245713027698573,0.2245697737092093,11.256981543543263
300.0,71.594,72.056,5.196,4.445,1.9066164054448245,1.9066198272901904,1.9066198272901904,1.9066164054448245,1.6626111495432787,1.6626209915015042,1.6626209915015042,1.6626111495432787,0.3337994356212347,0.3337936050505991,0.3337936050505991,0.3337994356212347,0.2245519026608118,0.2245562650589865,0.2245562650589865,0.2245519026608118,11.271958886323404
300.0,71.757,19.755,5.28,5.771,1.9084974902877891,1.908494405557418,1.908494405557418,1.9084974902877891,1.6635640077561735,1.6635528625903298,1.6635528625903298,1.6635640077561735,0.3319473547077566,0.3319409125951836,0.3319409125951836,0.3319473547077566,0.2245688733685647,0.2245751873815532,0.2245751873815532,0.2245688733685647,11.25278635210942
300.0,71.96,69.527,4.105,6.471,1.906610936720392,1.9066107444085485,1.9066107444085485,1.906610936720392,1.6625622916124725,1.6625622781411973,1.6625622781411973,1.6625622916124725,0.3338633700515631,0.3338604051689577,0.3338604051689577,0.3338633700515631,0.2245509385311481,0.2245537453234504,0.2245537453234504,0.2245509385311481,11.271026380523011
300.0,72.073,84.525,3.38,3.132,1.906027997178312,1.90602773109804,1.90602773109804,1.906027997178312,1.662245026846793,1.6622426987399568,1.6622426987399568,1.662245026846793,0.3344637807335975,0.334463292921117,0.334463292921117,0.3344637807335975,0.2245461646335318,0.2245469210308833,0.2245469210308833,0.2245461646335318,11.27652357965026
300.0,72.08,67.474,2.514,4.22,1.9066578955229083,1.9066542726607143,1.9066542726607143,1.9066578955229512,1.6625824942995853,1.6625704351465933,1.6625704351465933,1.6625824943005267,0.3338376569339094,0.3338374481679065,0.3338374481679065,0.3338376569339094,0.2245517122537417,0.2245526748677517,0.2245526748677517,0.2245517122537417,11.27027652686006
300.0,72.209,52.309,5.223,3.849,1.9071772863662055,1.9071755724426795,1.9071755724426795,1.9071772863662055,1.6628222156313646,1.6628142869925366,1.6628142869925366,1.6628222156313646,0.3333359055449415,0.3333340936751402,0.3333340936751402,0.3333359055449415,0.2245557523261878,0.224557472887059,0.224557472887059,0.2245557523261878,11.264712103903394
300.0,72.227,84.527,3.314,4.494,1.9059852539434168,1.9059850946605013,1.9059850946605013,1.9059852539434168,1.6621998740907284,1.6622016410407396,1.6622016410407396,1.6621998740907284,0.3345328911396372,0.3345287465878372,0.3345287465878372,0.3345328911396372,0.2245435256693699,0.2245473676143437,0.2245473676143437,0.2245435256693699,11.276524643155362
300.0,72.228,75.301,3.399,4.494,1.9063235806938197,1.9063246510158012,1.9063246510158012,1.9063235806938197,1.6623728531908386,1.662375392906003,1.662375392906003,1.6623728531908386,0.3341921904486698,0.3341894090525049,0.3341894090525049,0.3341921904486698,0.2245474624508419,0.2245499044184005,0.2245499044184005,0.2245474624508419,11.27314065607276
300.0,72.372,29.09,4.526,4.332,1.907985443478093,1.9079850868968868,1.9079850868968868,1.907985443478093,1.6632138012137678,1.663209533715564,1.663209533715564,1.6632138012137678,0.3325542460578189,0.3325496538327472,0.3325496538327472,0.3325542460578189,0.2245619253576929,0.2245659689575186,0.2245659689575186,0.2245619253576929,11.25619829813354
300.0,72.379,49.96,2.839,4.345,1.9072199825015863,1.907213989666779,1.907213989666779,1.9072199825015863,1.6628287906753882,1.6628109398955009,1.6628109398955009,1.6628287906753882,0.3333207932273507,0.3333233980724519,0.3333233980724519,0.3333207932273507,0.2245565940571756,0.2245558656278277,0.2245558656278277,0.2245565940571756,11.2638480806145
300.0,72.473,39.736,3.57,2.546,1.9075650816814969,1.9075662783007312,1.9075662783007312,1.9075650816814969,1.6629791911769394,1.66298466204729,1.66298466204729,1.6629791911769394,0.3329917462413099,0.332982895091744,0.332982895091744,0.3329917462413099,0.2245556278448767,0.2245630897381641,0.2245630897381641,0.2245556278448767,11.260095509042753
300.0,72.724,22.719,5.19,4.99,1.9081216770380744,1.908124986242574,1.908124986242574,1.9081216770380744,1.6632302344631258,1.66323902028516,1.66323902028516,1.6632302344631258,0.3324770627438635,0.3324626445127718,0.3324626445127718,0.3324770627438635,0.2245580870811134,0.2245695451654546,0.2245695451654546,0.2245580870811134,11.253858355962972
300.0,72.782,57.262,4.857,4.389,1.906838364205712,1.906837766799556,1.906837766799556,1.906838364205712,1.6625684197836532,1.6625632809594315,1.6625632809594315,1.6625684197836532,0.3337666668471981,0.3337636798384813,0.3337636798384813,0.3337666668471981,0.2245495778750147,0.2245519316634549,0.2245519316634549,0.2245495778750147,11.266519677603794
300.0,72.874,92.09,5.584,5.308,1.9055336573416983,1.9055312719183144,1.9055312719183144,1.9055336573416983,1.6618892406096302,1.6618825258307326,1.6618825258307326,1.6618892406096302,0.3350904759049836,0.3350905495419564,0.3350905495419564,0.3350904759049836,0.224537731804892,0.2245384899449142,0.2245384899449142,0.224537731804892,11.279291522126703
300.0,72.884,12.618,2.596,3.339,1.908449948502604,1.9084555242363572,1.9084555242363572,1.908449948502604,1.663378285337296,1.6633958734517416,1.6633958734517416,1.663378285337296,0.3321894017376468,0.3321458363360687,0.3321458363360687,0.3321894017376468,0.2245492938176152,0.2245831306882311,0.2245831306882311,0.2245492938176152,11.250159816108642
300.0,73.393,42.502,2.516,4.728,1.9072158884735757,1.907213260301752,1.907213260301752,1.9072158884735757,1.6626878048497211,1.6626781439514071,1.6626781439514071,1.6626878048497211,0.3334880427957111,0.3334850653755539,0.3334850653755539,0.3334880427957111,0.2245502911563049,0.2245530521599652,0.2245530521599652,0.2245502911563049,11.261105609157712
300.0,73.397,67.441,4.996,3.118,1.906294664611908,1.9062965127417824,1.9062965127417824,1.9062946646118784,1.6622006552463109,1.6622066690855168,1.6622066690855168,1.6622006552463555,0.3344101368094092,0.3344037176274669,0.3344037176274669,0.3344101368094092,0.2245401833411961,0.2245453384106362,0.2245453384106362,0.2245401833411961,11.270245508760553
300.0,73.567,20.421,6.031,3.544,1.907973698579561,1.9079817532878591,1.9079817532878591,1.907973698579561,1.663030275637568,1.6630565228210374,1.6630565228210374,1.663030275637568,0.3327572527831429,0.3327413342791627,0.3327413342791627,0.3327572527831429,0.2245518034604182,0.2245646693194355,0.2245646693194355,0.2245518034604182,11.25300614787203
300.0,73.703,72.703,5.498,4.995,1.9060176992642996,1.9060185150909417,1.9060185150909417,1.9060176992642996,1.6620197714912468,1.6620222098761863,1.6620222098761863,1.6620197714912468,0.3347351278311008,0.3347331198525548,0.3347331198525548,0.3347351278311008,0.2245378281382579,0.2245399498681373,0.2245399498681373,0.2245378281382579,11.272171751895264
300.0,73.951,85.083,5.826,5.709,1.905494691391571,1.9054956746937537,1.9054956746937537,1.90549469139153,1.6617212291609356,1.661722311274624,1.661722311274624,1.6617212291605354,0.3353007121916837,0.3352978281984854,0.3352978281984854,0.3353007121916837,0.224532149655396,0.2245343116700977,0.2245343116700977,0.224532149655396,11.276708021467387
300.0,74.098,17.824,3.875,5.134,1.9079213035674447,1.907933532394387,1.907933532394387,1.9079213035674447,1.6629321003426258,1.6629654416382522,1.6629654416382522,1.6629321003426258,0.3328983058417254,0.3328691299523196,0.3328691299523196,0.3328983058417254,0.2245448740459496,0.2245666966009613,0.2245666966009613,0.2245448740459496,11.252039503679304
300.0,74.412,19.874,4.652,5.513,1.9077683812265025,1.907766347655625,1.907766347655625,1.9077683812265025,1.6628180580502676,1.6628144364085835,1.6628144364085835,1.6628180580502676,0.3330976949009009,0.333089772148284,0.333089772148284,0.3330976949009009,0.2245478710911924,0.224555606523352,0.224555606523352,0.2245478710911924,11.252807626271457
300.0,74.452,99.103,5.195,3.221,1.9048418432390104,1.904843000469484,1.904843000469484,1.9048418432390104,1.6613182434167617,1.6613235840585017,1.6613235840585017,1.6613182434167617,0.3360373203441079,0.3360350317671822,0.3360350317671822,0.3360373203441079,0.2245240750154192,0.2245263421490953,0.2245263421490953,0.2245240750154192,11.28184489893826
300.0,74.586,47.718,3.973,5.172,1.906696062925327,1.9066943402390415,1.9066943402390415,1.9066960629251604,1.6622466841062076,1.6622431956055714,1.6622431956055714,1.6622466785615868,0.3341953847699929,0.3341941897550327,0.3341941897550327,0.3341953847699929,0.2245398273922731,0.2245418071878153,0.2245418071878153,0.2245398273922731,11.263000512787896
300.0,74.613,26.027,5.294,2.555,1.907486980446205,1.9074833014037047,1.9074833014037047,1.907486980446205,1.6626505607423396,1.6626411388106122,1.6626411388106122,1.6626505607423396,0.333408747429281,0.33340718531662,0.33340718531662,0.333408747429281,0.2245468103998304,0.2245498986731518,0.2245498986731518,0.2245468103998304,11.255044769102271
300.0,74.852,63.964,3.088,5.805,1.9060281899102165,1.906029950417116,1.906029950417116,1.9060281899102165,1.661885381064376,1.6618873430034145,1.6618873430034145,1.661885381064376,0.3349101441122113,0.3349076142632001,0.3349076142632001,0.3349101441122113,0.2245327196780155,0.2245350345709152,0.2245350345709152,0.2245327196780155,11.268951250463012
300.0,75.001,35.155,3.522,3.512,1.9070414427334237,1.9070415107262129,1.9070415107262129,1.9070414427334237,1.6623609159829362,1.6623627757912,1.6623627757912,1.6623609159829362,0.3339153675407742,0.3339084970003534,0.3339084970003534,0.3339153675407742,0.2245393429270595,0.2245455570538786,0.2245455570538786,0.2245393429270595,11.258391618701088
300.0,75.076,36.484,3.787,6.287,1.906975064495864,1.9069731190842905,1.9069731190842905,1.906975064495864,1.6623252714723975,1.6623182447646894,1.6623182447646894,1.6623252714723975,0.3339946499925786,0.3339916552313199,0.3339916552313199,0.3339946499925786,0.224539714307364,0.2245430062996724,0.2245430062996724,0.224539714307364,11.258875701339877
300.0,75.14,60.547,6.389,3.473,1.9060700697996376,1.9060711746204977,1.9060711746204977,1.9060700697996376,1.661851677682328,1.6618555530181855,1.6618555530181855,1.661851677682328,0.3349097330667428,0.3349088213656737,0.3349088213656737,0.3349097330667428,0.2245324138438228,0.2245336697958253,0.2245336697958253,0.2245324138438228,11.267695843512035
300.0,75.379,90.189,5.133,5.435,1.9049169415449363,1.9049149951062256,1.9049149951062256,1.9049169415449363,1.6612358515210373,1.6612301947426362,1.6612301947426362,1.6612358515210373,0.3361083391576055,0.3361098593113042,0.3361098593113042,0.3361083391576055,0.2245217633113381,0.2245213867906892,0.2245213867906892,0.2245217633113381,11.27855918654447
300.0,75.425,44.136,6.016,5.016,1.906594939891474,1.906598697735011,1.906598697735011,1.906594939891474,1.6620780736480656,1.66208731665137,1.66208731665137,1.6620780736480656,0.3344310109757087,0.3344218610286645,0.3344218610286645,0.3344310109757087,0.2245329992890061,0.2245400285569267,0.2245400285569267,0.2245329992890061,11.261679576048463
300.0,75.442,11.533,4.944,3.336,1.9077927829960073,1.9077910317199764,1.9077910317199764,1.9077927829960073,1.6626937052337387,1.6626855467224133,1.6626855467224133,1.6626937052337387,0.3332508160174108,0.3332135356107084,0.3332135356107084,0.3332508160174108,0.2245331157096439,0.2245622047383713,0.2245622047383713,0.2245331157096439,11.24972939082935
300.0,75.465,57.06,5.063,3.476,1.9061108891141356,1.9061088274434528,1.9061088274434528,1.9061108891141505,1.66183057168133,1.661825996539034,1.661825996539034,1.6618305661484714,0.3349215473973817,0.3349210900468848,0.3349210900468848,0.3349215473973817,0.2245310012418963,0.2245323510970559,0.2245323510970559,0.2245310012418963,11.26640911416626
300.0,75.479,18.087,5.053,2.861,1.907543045130452,1.907538170008263,1.907538170008263,1.907543045130452,1.6625578085635742,1.6625472328715445,1.6625472328715445,1.6625578085635742,0.3334923863458298,0.3334868047000305,0.3334868047000305,0.3334923863458298,0.2245412536229625,0.2245477519565759,0.2245477519565759,0.2245412536229625,11.252127884540894
300.0,75.547,57.179,2.759,3.913,1.906087771989453,1.9060831758437415,1.9060831758437415,1.906087771989453,1.6618188968180982,1.6618046097412085,1.6618046097412085,1.6618188968180982,0.3349604538305465,0.3349604909667702,0.3349604909667702,0.3349604538305465,0.2245308989989452,0.2245315706871563,0.2245315706871563,0.2245308989989452,11.266456698920052
300.0,75.67,22.665,5.094,6.07,1.907317151192312,1.9073200144916107,1.9073200144916107,1.907317151192312,1.6624105041514023,1.662423339220748,1.662423339220748,1.6624105041514023,0.3337520551360534,0.3337319033274389,0.3337319033274389,0.3337520551360534,0.2245340341725701,0.2245500777974177,0.2245500777974177,0.2245340341725701,11.25380944930733
300.0,75.708,90.562,3.372,4.897,1.9048100159570192,1.9048137613266445,1.9048137613266445,1.9048100159570192,1.661130823051754,1.6611415367349909,1.6611415367349909,1.661130823051754,0.3362676326585128,0.3362635310026874,0.3362635310026874,0.3362676326585128,0.2245179382922817,0.224521057706954,0.224521057706954,0.2245179382922817,11.278694101307243
300.0,75.786,55.529,3.142,5.099,1.9060809636026967,1.9060828198858957,1.9060828198858957,1.9060809636026967,1.661780986834823,1.6617876849846391,1.6617876849846391,1.661780986834823,0.3350055672382413,0.3350005689618426,0.3350005689618426,0.3350055672382413,0.2245277126037555,0.2245324818613137,0.2245324818613137,0.2245277126037555,11.265844367139604
300.0,76.083,72.428,3.121,4.049,1.9053826044984732,1.905378037739108,1.905378037739108,1.9053826044984732,1.6614007272937434,1.6613825302184957,1.6613825302184957,1.6614007272937434,0.335756634396996,0.3357565003902979,0.3357565003902979,0.335756634396996,0.2245223366453727,0.2245231363814398,0.2245231363814398,0.2245223366453727,11.272037931524242
300.0,76.441,83.309,2.895,5.945,1.9048789677382088,1.9048791068342776,1.9048791068342776,1.9048789677382088,1.661074965661259,1.6610780092829165,1.6610780092829165,1.661074965661259,0.3363154596475491,0.3363159263651026,0.3363159263651026,0.3363154596475491,0.2245164805783428,0.22451682327668,0.22451682327668,0.2245164805783428,11.276021809681492
300.0,76.682,61.416,4.247,6.092,1.9056180723524625,1.9056148136854232,1.9056148136854232,1.9056180723524625,1.661417636858464,1.6614058645422278,1.6614058645422278,1.661417636858464,0.3356100613845834,0.3356101410401305,0.3356101410401305,0.3356100613845834,0.2245214975592721,0.2245219422488162,0.2245219422488162,0.2245214975592721,11.267991670672515
300.0,76.831,16.553,4.086,4.602,1.9072298580631517,1.9072207832582588,1.9072207832582588,1.9072298580631517,1.6622228336303513,1.662195751891574,1.662195751891574,1.6622228336303513,0.3340268462401783,0.3340112120579631,0.3340112120579631,0.3340268462401783,0.2245285391836068,0.2245425540198655,0.2245425540198655,0.2245285391836068,11.251544439096325
300.0,76.972,54.116,5.108,2.897,1.9058041047683312,1.905806204020982,1.905806204020982,1.9058041047683312,1.661464949830605,1.6614708364377797,1.6614708364377797,1.661464949830605,0.3354688230905232,0.3354638693134792,0.3354638693134792,0.3354688230905232,0.22451985216988,0.2245241642022308,0.2245241642022308,0.22451985216988,11.265309238984264
300.0,77.217,70.953,6.055,4.524,1.9051176079594407,1.905119439653348,1.905119439653348,1.9051176079594407,1.6610855940106335,1.661089657612535,1.661089657612535,1.6610855940106335,0.3361972458140793,0.3361947250393608,0.3361947250393608,0.3361972458140793,0.2245140622183059,0.2245161789832939,0.2245161789832939,0.2245140622183059,11.27148013877043
300.0,77.226,67.096,3.294,2.573,1.9052610114374704,1.9052593544713967,1.9052593544713967,1.9052610114374704,1.6611730704806418,1.6611598836619887,1.6611598836619887,1.6611730704806418,0.3360565295530345,0.3360560844051008,0.3360560844051008,0.3360565295530345,0.2245162516217989,0.224516982086222,0.224516982086222,0.2245162516217989,11.270068393577596
300.0,77.521,54.431,4.742,2.771,1.9056413637577203,1.9056441585319872,1.9056441585319872,1.9056413637577203,1.6613078337981684,1.6613154028875203,1.6613154028875203,1.6613078337981684,0.3357186851076389,0.3357140411961805,0.3357140411961805,0.3357186851076389,0.2245163138375306,0.2245200855152209,0.2245200855152209,0.2245163138375306,11.265421012125175
300.0,77.934,76.478,5.54,5.039,1.904718216818468,1.904717136849532,1.904717136849532,1.904718216818468,1.660791694698547,1.660785775891544,1.660785775891544,1.660791694698547,0.3367134010317539,0.3367138018683552,0.3367138018683552,0.3367134010317539,0.2245088711750938,0.2245087987059626,0.2245087987059626,0.2245088711750938,11.273501119192844
300.0,77.954,71.929,3.887,6.004,1.9048809559497977,1.9048778995227476,1.9048778995227476,1.9048809559497977,1.6608715434358194,1.66086187659848,1.66086187659848,1.6608715434358194,0.3365531342298882,0.3365537695446025,0.3365537695446025,0.3365531342298882,0.2245097238798183,0.2245100157342078,0.2245100157342078,0.2245097238798183,11.271832644057032
300.0,77.968,66.498,4.134,4.451,1.9050743745201708,1.9050765775379417,1.9050765775379417,1.9050743745201708,1.6609630521836465,1.6609672681980483,1.6609672681980483,1.6609630521836465,0.3363596667719376,0.3363566311985259,0.3363566311985259,0.3363596667719376,0.2245104447979079,0.2245127081002347,0.2245127081002347,0.2245104447979079,11.269840511743382
300.0,78.012,22.509,4.43,6.082,1.9066794566814675,1.906683242500472,1.906683242500472,1.9066794566815315,1.6617665929383625,1.6617796957227873,1.6617796957227873,1.6617665874096337,0.3347580733350716,0.3347433332525314,0.3347433332525314,0.3347580733350716,0.2245192062161124,0.2245314753290809,0.2245314753290809,0.2245192062161124,11.253718566945183
300.0,78.152,73.144,4.117,2.99,1.9047802866251569,1.9047787302433348,1.9047787302433348,1.9047802866251569,1.6607905518503858,1.660788452232342,1.660788452232342,1.6607905518503858,0.3366848290717645,0.3366863887912048,0.3366863887912048,0.3366848290717645,0.2245081989194842,0.2245081541679723,0.2245081541679723,0.2245081989194842,11.272272721180308
300.0,78.225,19.192,4.729,6.295,1.9067427558869632,1.9067466825372277,1.9067466825372277,1.9067427558869632,1.6617632774803093,1.661783065434709,1.661783065434709,1.6617632774803093,0.3347284431882237,0.3347130550995213,0.3347130550995213,0.3347284431882237,0.2245176282642084,0.2245313026480833,0.2245313026480833,0.2245176282642084,11.252500455629644
300.0,78.647,65.009,5.463,3.37,1.9049423750147412,1.9049434551839184,1.9049434551839184,1.90494237501474,1.6608042140759025,1.6608077306463769,1.6608077306463769,1.660804208572091,0.3365997655014386,0.3365977021694058,0.3365977021694058,0.3365997655014386,0.2245064935909025,0.22450836442629,0.22450836442629,0.2245064935909025,11.269287022594996
300.0,78.656,83.894,5.833,2.877,1.9042464675987132,1.904245343622763,1.904245343622763,1.9042464675987132,1.6604536623573525,1.6604511829033108,1.6604511829033108,1.6604536623573525,0.3373038177989154,0.3373033579804515,0.3373033579804515,0.3373038177989154,0.2245011575077481,0.2245021517605024,0.2245021517605024,0.2245011575077481,11.276207928290155
300.0,78.685,92.402,5.636,5.697,1.903925934300404,1.9039240769896584,1.9039240769896584,1.903925934300404,1.6602911710703083,1.6602843794647486,1.6602843794647486,1.6602911710703083,0.3376327223511934,0.3376321616864324,0.3376321616864324,0.3376327223511934,0.2244986674373888,0.224499586494038,0.224499586494038,0.2244986674373888,11.27932769030045
300.0,78.721,55.532,5.402,4.955,1.9052691780984143,1.9052729606801049,1.9052729606801049,1.9052691780984143,1.6609567150708244,1.6609683458217197,1.6609683458217197,1.6609567150708244,0.3362816834355837,0.3362779100550443,0.3362779100550443,0.3362816834355837,0.2245083864442435,0.2245113409909367,0.2245113409909367,0.2245083864442435,11.265810309501433
300.0,79.051,61.987,4.973,3.267,1.9049416101943375,1.904943053336775,1.904943053336775,1.9049416101943375,1.6607496459927304,1.6607542392780228,1.6607542392780228,1.6607496459927304,0.3366641053627043,0.3366624894020048,0.3366624894020048,0.3366641053627043,0.2245047960089489,0.2245065883017342,0.2245065883017342,0.2245047960089489,11.26817156278492
300.0,79.063,44.483,4.225,3.379,1.9055836810505584,1.905582446324645,1.905582446324645,1.9055836810505584,1.6610748836163798,1.6610722881574127,1.6610722881574127,1.6610748836163798,0.3360192584475952,0.3360201516987681,0.3360201516987681,0.3360192584475952,0.2245107845048959,0.2245111076309268,0.2245111076309268,0.2245107845048959,11.26175244755045
300.0,79.134,31.445,4.513,6.223,1.9060434014974177,1.906042421006484,1.906042421006484,1.9060434014974177,1.6612951573015706,1.6612964600016031,1.6612964600016031,1.6612951573015706,0.3355718123450097,0.3355652722585488,0.3355652722585488,0.3355718123450097,0.2245112615508299,0.2245176811535342,0.2245176811535342,0.2245112615508299,11.256977315434185
300.0,79.226,18.052,4.302,3.457,1.906510846901122,1.906512212806586,1.906512212806586,1.906510846901122,1.6615173443774751,1.6615226787853583,1.6615226787853583,1.6615173443774751,0.3351262141287925,0.3350988832221516,0.3350988832221516,0.3351262141287925,0.2245067971662886,0.2245288117225753,0.2245288117225753,0.2245067971662886,11.252074511121895
300.0,79.397,48.492,3.721,4.171,1.905343983611662,1.9053408273503285,1.9053408273503285,1.905343983611644,1.6609053018174966,1.6608973993364544,1.6608973993364544,1.6609053018171365,0.3363135983117508,0.3363124699691945,0.3363124699691945,0.3363135983117508,0.2245063255267686,0.2245083204593195,0.2245083204593195,0.2245063255267686,11.263223809509352
300.0,79.4,16.436,5.203,3.079,1.9065229319985175,1.9065220209275435,1.9065220209275435,1.9065229319985175,1.6615025308010911,1.6615022912437318,1.6615022912437318,1.6615025308010911,0.3351411528634363,0.3351166470113325,0.3351166470113325,0.3351411528634363,0.2245076000000067,0.2245274991034386,0.2245274991034386,0.2245076000000067,11.251464589175596
300.0,79.554,72.372,6.434,6.171,1.9044208821022104,1.9044220525493631,1.9044220525493631,1.9044208821022104,1.660419548027573,1.6604233101633192,1.6604233101633192,1.660419548027573,0.3372690909455174,0.3372669305959534,0.3372669305959534,0.3372690909455174,0.2244982039020697,0.2245002529265157,0.2245002529265157,0.2244982039020697,11.27197366082206
300.0,79.588,68.581,5.981,2.682,1.9045518817643932,1.904551740667257,1.904551740667257,1.9045518817643932,1.6604851662906368,1.6604813425946718,1.6604813425946718,1.6604851662906368,0.3371424248476312,0.3371413015683576,0.3371413015683576,0.3371424248476312,0.2244996442421613,0.2245007962087625,0.2245007962087625,0.2244996442421613,11.270581724707489
300.0,79.946,16.698,3.264,5.749,1.9063687797398083,1.9063688805657315,1.9063688805657315,1.9063687797398083,1.661370478715084,1.6613747776614338,1.6613747776614338,1.661370478715084,0.3353808911377611,0.3353675322646884,0.3353675322646884,0.3353808911377611,0.2245075230206599,0.2245197884296061,0.2245197884296061,0.2245075230206599,11.25156112249812
300.0,79.974,74.747,3.164,5.394,1.9042194997675743,1.9042188908700115,1.9042188908700115,1.9042194997675703,1.6602683430926144,1.6602685574754237,1.6602685574754237,1.6602683376036658,0.3375400755360046,0.3375373674509488,0.3375373674509488,0.3375400755360046,0.2244946583315706,0.2244973552286515,0.2244973552286515,0.2244946583315706,11.272838929054416
300.0,80.079,46.086,3.772,4.188,1.905244147215484,1.905239724813259,1.905239724813259,1.905244147215484,1.6607661551781194,1.6607541776656582,1.6607541776656582,1.6607661551781194,0.3365219002793741,0.3365212781031386,0.3365212781031386,0.3365219002793741,0.2245029865481608,0.2245045787639861,0.2245045787639861,0.2245029865481608,11.262325504378971
300.0,80.256,64.853,5.121,6.417,1.9045013744069277,1.9045067545594931,1.9045067545594931,1.9045013744069277,1.66035922227362,1.6603779819701694,1.6603779819701694,1.66035922227362,0.3372993221913419,0.3372907997493829,0.3372907997493829,0.3372993221913419,0.2244934190920793,0.2245002014594415,0.2245002014594415,0.2244934190920793,11.26920840835413
300.0,80.497,36.031,4.453,2.801,1.9055001629275488,1.9054975244383965,1.9054975244383965,1.9055001629275488,1.6608434673326369,1.660832571336094,1.660832571336094,1.6608434673326369,0.3363307092377927,0.3363302448981589,0.3363302448981589,0.3363307092377927,0.2245034534067705,0.2245045028075244,0.2245045028075244,0.2245034534067705,11.25863923810794
300.0,80.678,88.412,5.784,3.645,1.90352116224112,1.9035213178176664,1.9035213178176664,1.90352116224112,1.6598175468542558,1.659817892869362,1.659817892869362,1.6598175468542558,0.3383559740113511,0.3383538085542059,0.3383538085542059,0.3383559740113511,0.2244863934099461,0.2244884078604932,0.2244884078604932,0.2244863934099461,11.277839151898386
300.0,80.752,31.254,4.123,5.934,1.9056047070366664,1.9056038860254592,1.9056038860254592,1.9056047070366664,1.6608571426628491,1.6608539680465946,1.6608539680465946,1.6608571426628491,0.3362675428459445,0.3362615751998173,0.3362615751998173,0.3362675428459445,0.2245007683567393,0.224506121799879,0.224506121799879,0.2245007683567393,11.256883274399438
300.0,80.795,91.046,5.943,4.924,1.90339249316681,1.9033899939181187,1.9033899939181187,1.90339249316681,1.6597414030460726,1.659734172789857,1.659734172789857,1.6597414030460726,0.338504909140561,0.3385047219209647,0.3385047219209647,0.338504909140561,0.2244855562821895,0.2244865302068899,0.2244865302068899,0.2244855562821895,11.278803711062748
300.0,80.948,30.079,2.928,3.222,1.9055957166643145,1.905594462792696,1.905594462792696,1.9055957166643145,1.660840171998647,1.6608308585040743,1.6608308585040743,1.660840171998647,0.3363099507585973,0.3363020385192662,0.3363020385192662,0.3363099507585973,0.2244998270626872,0.2245062421878709,0.2245062421878709,0.2244998270626872,11.25645173946982
300.0,81.098,28.08,3.271,6.19,1.9056317851637772,1.905632431758469,1.905632431758469,1.9056317851637772,1.6608529175306033,1.6608553979841307,1.6608553979841307,1.6608529175306033,0.3363003696805385,0.3362930585136387,0.3362930585136387,0.3363003696805385,0.2244996841401674,0.2245058749926897,0.2245058749926897,0.2244996841401674,11.255713795941002
300.0,81.217,78.471,5.437,5.15,1.9037372045718708,1.903737303619252,1.903737303619252,1.9037372045718708,1.6598551044167624,1.6598551709866167,1.6598551709866167,1.6598551044167624,0.3382223495807439,0.3382195898913671,0.3382195898913671,0.3382223495807439,0.2244855272454421,0.2244880759471598,0.2244880759471598,0.2244855272454421,11.274183131586527
300.0,81.326,69.426,4.522,3.395,1.9040402154320089,1.904038482525996,1.904038482525996,1.9040402154320089,1.6599946170263509,1.65998997411143,1.65998997411143,1.6599946170263509,0.3379325846654752,0.3379329167808858,0.3379329167808858,0.3379325846654752,0.2244883765177276,0.2244889680422218,0.2244889680422218,0.2244883765177276,11.270868559328829
300.0,81.361,68.915,3.262,5.616,1.9040552035786316,1.90405302226818,1.90405302226818,1.9040552035786316,1.660014346359042,1.660010883924417,1.660010883924417,1.660014346359042,0.3379268281260895,0.3379276585059146,0.3379276585059146,0.3379268281260895,0.2244884247912696,0.2244887401210958,0.2244887401210958,0.2244884247912696,11.270683412804658
300.0,81.426,18.619,5.505,5.288,1.9058837769725576,1.9058813573334783,1.9058813573334783,1.9058837769725576,1.6609020262406795,1.6609023899919666,1.6609023899919666,1.6609020262406795,0.336100440479716,0.3360803456285309,0.3360803456285309,0.336100440479716,0.2244934200954075,0.2245112137552911,0.2245112137552911,0.2244934200954075,11.25224459567032
300.0,81.79,82.957,4.293,4.292,1.9034131749789875,1.903413571108988,1.903413571108988,1.9034131749789875,1.6596158406328214,1.6596164531709934,1.6596164531709934,1.6596158406328214,0.3386399145310832,0.3386377595554264,0.3386377595554264,0.3386399145310832,0.2244810812909018,0.2244829304771157,0.2244829304771157,0.2244810812909018,11.275824502756326
300.0,82.041,24.504,4.997,6.302,1.9054964570175077,1.9054947061599736,1.9054947061599736,1.9054964570175077,1.6606283975767904,1.6606254650708645,1.6606254650708645,1.6606283975767904,0.336580736512511,0.3365719018734622,0.3365719018734622,0.336580736512511,0.224492919205995,0.2245008969875166,0.2245008969875166,0.224492919205995,11.254392842517964
300.0,82.074,73.394,5.248,2.796,1.903685370202036,1.903686959042601,1.903686959042601,1.903685370202036,1.6597128757872857,1.659717824707427,1.659717824707427,1.6597128757872857,0.3384081474604162,0.3384066454954911,0.3384066454954911,0.3384081474604162,0.2244819969746614,0.2244835595133247,0.2244835595133247,0.2244819969746614,11.272312589996128
300.0,82.415,48.867,5.773,6.436,1.9044937291177992,1.9044952344687387,1.9044952344687387,1.9044937291177992,1.6600726155870018,1.6600776711352052,1.6600776711352052,1.6600726155870018,0.3376462231822211,0.3376420227937558,0.3376420227937558,0.3376462231822211,0.2244856344651761,0.2244893942856552,0.2244893942856552,0.2244856344651761,11.263316789194208
300.0,82.504,74.243,5.206,5.084,1.90353700732024,1.9035353752043505,1.9035353752043505,1.90353700732024,1.659585695802824,1.6595790252840965,1.6595790252840965,1.659585695802824,0.3386273056247644,0.3386259766263116,0.3386259766263116,0.3386273056247644,0.2244791026107921,0.2244805431962473,0.2244805431962473,0.2244791026107921,11.272615531656944
300.0,82.544,83.458,6.422,3.926,1.903185359572448,1.9031857411711717,1.9031857411711717,1.903185359572448,1.65940134921141,1.6594035330175885,1.6594035330175885,1.65940134921141,0.338989338394445,0.3389863890289817,0.3389863890289817,0.338989338394445,0.2244757643782421,0.2244785772914137,0.2244785772914137,0.2244757643782421,11.275993565989902
300.0,83.314,27.526,3.035,4.319,1.9050330655984655,1.9050334540435128,1.9050334540435128,1.9050330655984655,1.6602370531323525,1.6602334142601467,1.6602334142601467,1.6602370531323525,0.3372481510409662,0.3372380906150683,0.3372380906150683,0.3372481510409662,0.2244842689558077,0.224492080754922,0.224492080754922,0.2244842689558077,11.255485229654708
300.0,83.691,68.513,4.755,3.427,1.9034183486834757,1.9034158761234017,1.9034158761233075,1.9034183486834757,1.6593693529949678,1.659362290561565,1.6593622960235896,1.6593693529949678,0.3389346049292281,0.3389322298019132,0.3389322298019132,0.3389346049292281,0.2244725740865316,0.2244752791349407,0.2244752791349407,0.2244725740865316,11.270497133168876
300.0,83.936,72.575,6.332,5.148,1.9031981906510564,1.90319984469632,1.90319984469632,1.9031981906510564,1.6592218257545264,1.659229535717996,1.659229535717996,1.6592218257545264,0.3391946362604358,0.3391906563224692,0.3391906563224692,0.3391946362604358,0.2244697162316404,0.2244731843985471,0.2244731843985471,0.2244697162316404,11.27198938296493
300.0,84.12,69.299,5.383,3.593,1.9032702528345196,1.9032677678847387,1.9032677678847387,1.9032702528345196,1.6592380060232683,1.6592320037480364,1.6592320037480364,1.6592380060232683,0.3391502123848287,0.3391511942454922,0.3391511942454922,0.3391502123848287,0.2244709735971501,0.2244712047721418,0.2244712047721418,0.2244709735971501,11.270783417480278
300.0,84.225,85.523,6.262,5.394,1.9026418537245888,1.9026429754462213,1.9026429754462213,1.9026418537245888,1.658910691737318,1.6589136654796697,1.6589136654796697,1.658910691737318,0.3398026960801271,0.3398024770292677,0.3398024770292677,0.3398026960801271,0.2244664150554499,0.224466923474548,0.224466923474548,0.2244664150554499,11.276732257401362
300.0,84.31,40.275,3.761,6.187,1.9042827689104544,1.904285683073998,1.904285683073998,1.9042827689104544,1.6597125168650482,1.6597219857298895,1.6597219857298895,1.6597125168650482,0.338154972810425,0.3381500015916753,0.3381500015916753,0.338154972810425,0.2244756025643371,0.2244802070450551,0.2244802070450551,0.2244756025643371,11.260142470190845
300.0,84.419,28.466,2.523,2.622,1.9046908013776696,1.9046963102374177,1.9046963102374177,1.9046908013776696,1.6599152650361944,1.659936734252804,1.659936734252804,1.6599152650361944,0.3377668151819068,0.3377567906640826,0.3377567906640826,0.3377668151819068,0.22447644381111,0.2244847264510207,0.2244847264510207,0.22447644381111,11.255815535901997
300.0,84.431,43.747,4.291,3.819,1.904125161787934,1.90411968214044,1.90411968214044,1.904125161787934,1.6596284568823143,1.6596117662856584,1.6596117662856584,1.6596284568823143,0.3383358992185078,0.33833545969577,0.33833545969577,0.3383358992185078,0.2244752492133663,0.2244769670660465,0.2244769670660465,0.2244752492133663,11.26140986871668
300.0,84.457,54.231,5.985,5.308,1.9037308443673149,1.9037290619362048,1.9037290619362048,1.9037308443673149,1.6594250770787822,1.6594182088470522,1.6594182088470522,1.6594250770787822,0.3387384319321621,0.3387352185687787,0.3387352185687787,0.3387384319321621,0.2244716052402845,0.2244747113943008,0.2244747113943008,0.2244716052402845,11.265260434759623
300.0,84.506,75.723,4.345,3.198,1.902925312451588,1.9029259111196557,1.9029259111196557,1.902925312451588,1.6590152889321454,1.65901493626194,1.65901493626194,1.6590152889321454,0.3395605885911427,0.3395579797594952,0.3395579797594952,0.3395605885911427,0.2244662446102802,0.2244684073639455,0.2244684073639455,0.2244662446102802,11.273132734041488
300.0,84.518,59.543,4.553,4.689,1.903515622563916,1.903519461302125,1.903519461302125,1.903515622563916,1.659303409027009,1.6593135253185105,1.6593135253185105,1.659303409027009,0.3389648045327518,0.3389578472507774,0.3389578472507774,0.3389648045327518,0.2244688452812807,0.2244741733199054,0.2244741733199054,0.2244688452812807,11.267201006473424
300.0,84.565,94.808,2.749,2.706,1.9022106272047064,1.9022122548668736,1.9022122548668736,1.9022106272047064,1.6586685552259868,1.658674042919981,1.658674042919981,1.6586685552259868,0.3402981968522779,0.3402969859855506,0.3402969859855506,0.3402981968522779,0.2244618895558442,0.2244628932485774,0.2244628932485774,0.2244618895558442,11.280134818201027
300.0,84.735,76.763,3.166,5.606,1.9028251932998692,1.902824995848068,1.902824995848068,1.9028251932998692,1.658940033200125,1.6589429245788774,1.6589429245788774,1.658940033200125,0.3396982282041256,0.3396980933021573,0.3396980933021573,0.3396982282041256,0.2244651821276838,0.2244660766913413,0.2244660766913413,0.2244651821276838,11.2735101473407
300.0,84.978,45.19,6.14,6.448,1.90391935587205,1.9039150994375316,1.9039150994375316,1.90391935587205,1.6594498802905806,1.6594398729636737,1.6594398729636737,1.6594498802905806,0.3386304791449379,0.3386273936878076,0.3386273936878076,0.3386304791449379,0.2244705154368928,0.2244739562166568,0.2244739562166568,0.2244705154368928,11.261935550469692
300.0,85.094,80.525,4.258,4.988,1.9025844448844127,1.9025858756851404,1.9025858756851404,1.9025844448844127,1.6587663995303903,1.6587727773987722,1.6587727773987722,1.6587663995303903,0.3399995018510975,0.3399948400659555,0.3399948400659555,0.3399995018510975,0.2244602991032807,0.2244644914348427,0.2244644914348427,0.2244602991032807,11.274884134417103
300.0,85.123,64.069,3.16,6.256,1.9031841274617385,1.9031854408680589,1.9031854408680589,1.9031841274617385,1.659069534203646,1.6590710520700511,1.6590710520700511,1.659069534203646,0.3393957736731025,0.3393928984259636,0.3393928984259636,0.3393957736731025,0.2244656753646288,0.2244678507092269,0.2244678507092269,0.2244656753646288,11.268855169780624
300.0,85.21,43.876,4.158,3.308,1.903901483709307,1.9039020002988924,1.9039020002988924,1.903901483709307,1.6594098848449157,1.6594083444393637,1.6594083444393637,1.6594098848449157,0.3386822716259957,0.338679493540321,0.338679493540321,0.3386822716259957,0.2244703197745864,0.224472539874139,0.224472539874139,0.2244703197745864,11.26145269210701
300.0,85.287,15.713,4.556,3.666,1.9049205369473876,1.9049148614580047,1.9049148614580047,1.9049205369473876,1.6599114349333188,1.6598928180507768,1.6598928180507768,1.6599114349333188,0.3376767301601326,0.3376572237491622,0.3376572237491622,0.3376767301601326,0.2244703279252474,0.2244864448048162,0.2244864448048162,0.2244703279252474,11.251127613798582
300.0,85.407,61.401,5.878,3.952,1.9032021942254116,1.903201293706604,1.903201293706604,1.9032021942254116,1.6590368920309229,1.6590311524811212,1.6590311524811212,1.6590368920309229,0.3394209171400389,0.33942020270408,0.33942020270408,0.3394209171400389,0.2244651325123257,0.2244659761978163,0.2244659761978163,0.2244651325123257,11.267869508583006
300.0,85.593,17.723,3.714,5.981,1.9047555686643929,1.9047621236188292,1.9047621236188292,1.9047555686643929,1.6597597088564966,1.659798474803982,1.659798474803982,1.6597597088564966,0.3378869193375513,0.3378630672313506,0.3378630672313506,0.3378869193375513,0.2244646724542546,0.2244855452349692,0.2244855452349692,0.2244646724542546,11.25186603788916
300.0,85.691,93.113,5.979,3.621,1.9019580673520755,1.901955206769621,1.901955206769621,1.9019580673520755,1.6583867209154646,1.658376063958808,1.658376063958808,1.6583867209154646,0.3407290858623874,0.3407300641710578,0.3407300641710578,0.3407290858623874,0.2244561565789317,0.2244557139656351,0.2244557139656351,0.2244561565789317,11.279498081682654
300.0,86.055,57.07,4.582,5.12,1.9031831130918504,1.903177271761773,1.903177271761773,1.9031831130918504,1.6589500786797169,1.6589292344432356,1.6589292344432356,1.6589500786797169,0.339542420907321,0.3395446382028469,0.3395446382028469,0.339542420907321,0.2244632637424438,0.2244622929768589,0.2244622929768589,0.2244632637424438,11.26627044938792
300.0,86.056,91.491,4.166,3.056,1.901912804081798,1.90191603583696,1.90191603583696,1.9019128040818256,1.6583091980817133,1.6583179542280035,1.6583179542280035,1.6583091980817926,0.3408317569796274,0.3408272143731399,0.3408272143731399,0.3408317569796274,0.2244525356321447,0.2244559847634276,0.2244559847634276,0.2244525356321447,11.27889804951188
300.0,86.093,60.463,5.974,6.285,1.9030470909913069,1.9030445186037908,1.9030445186037908,1.9030470909913069,1.658872212629551,1.658861344984759,1.658861344984759,1.658872212629551,0.33968573039512,0.3396865258740715,0.3396865258740715,0.33968573039512,0.2244614854461969,0.2244614219652032,0.2244614219652032,0.2244614854461969,11.267514800281074
300.0,86.248,33.032,3.2,4.024,1.9040130123634984,1.9040142933172943,1.9040142933172943,1.9040130123634984,1.6593320685027193,1.6593359144913733,1.6593359144913733,1.6593320685027193,0.3387335865938967,0.3387285311267689,0.3387285311267689,0.3387335865938967,0.2244655279278107,0.2244703107193764,0.2244703107193764,0.2244655279278107,11.25746788018755
300.0,86.847,89.598,2.732,5.929,1.9017651851131008,1.9017667441286863,1.9017667441286863,1.9017651851131008,1.6581444502736358,1.6581530147406267,1.6581530147406267,1.6581444502736358,0.3411088095272827,0.3411057054158571,0.3411057054158571,0.3411088095272827,0.2244485342790204,0.2244516182998462,0.2244516182998462,0.2244485342790204,11.278192922227133
300.0,86.941,73.246,5.494,6.218,1.902337373286256,1.9023395808210293,1.9023395808210293,1.902337373286256,1.658404838229408,1.658410511415351,1.658410511415351,1.658404838229408,0.3405374806888514,0.3405360265128274,0.3405360265128274,0.3405374806888514,0.2244527280918281,0.2244541085260539,0.2244541085260539,0.2244527280918281,11.27218918953008
300.0,86.947,31.928,3.0,6.005,1.903858690236491,1.9038629908816365,1.9038629908816365,1.903858690236491,1.6591655382548178,1.6591780667293636,1.6591780667293636,1.6591655382548178,0.3390002254195545,0.3389921444460479,0.3389921444460479,0.3390002254195545,0.2244606653560624,0.2244673845448255,0.2244673845448255,0.2244606653560624,11.257048820309365
300.0,87.287,58.609,6.208,5.361,1.9027798732410328,1.902780936021971,1.902780936021971,1.9027798732410328,1.6585804148415488,1.6585828559094464,1.6585828559094464,1.6585804148415488,0.3401435703799953,0.3401403215053379,0.3401403215053379,0.3401435703799953,0.2244535778332111,0.2244564427985893,0.2244564427985893,0.2244535778332111,11.266826395639946
300.0,87.328,55.124,3.074,2.528,1.9029014080061213,1.9028988762507788,1.902898876250796,1.9029014080061213,1.658649704362781,1.6586432819183472,1.6586432873586712,1.658649704362781,0.3400306439007294,0.3400276940423085,0.3400276940423085,0.3400306439007294,0.2244540358525013,0.2244574030438717,0.2244574030438717,0.2244540358525013,11.265546586671707
300.0,87.338,65.744,4.86,2.854,1.902503220673733,1.902504185003184,1.902504185003184,1.902503220673733,1.658435496790258,1.6584385705335496,1.6584385705335496,1.658435496790258,0.3404333132425673,0.3404282418019119,0.3404282418019119,0.3404333132425673,0.2244506231630873,0.2244548777862084,0.2244548777862084,0.2244506231630873,11.269439650422749
300.0,87.657,96.903,6.069,4.273,1.9012681817533952,1.9012668804576955,1.9012668804576955,1.9012681817533952,1.6577852306228542,1.6577836703827733,1.6577836703827733,1.6577852306228542,0.3417371681442136,0.3417372213804361,0.3417372213804361,0.3417371681442136,0.2244435072967369,0.2244441895169959,0.2244441895169959,0.2244435072967369,11.280859698026168
300.0,87.684,40.123,4.861,6.397,1.903350504053188,1.9033501624201876,1.9033501624201876,1.903350504053188,1.6588096238951395,1.658810435136021,1.658810435136021,1.6588096238951395,0.3396291350177942,0.3396231591109212,0.3396231591109212,0.3396291350177942,0.2244542077744904,0.2244597898325436,0.2244597898325436,0.2244542077744904,11.260041372026954
300.0,87.922,95.649,3.728,5.839,1.901242845839074,1.901244164666624,1.901244164666624,1.901242845839074,1.6577534401136211,1.6577577998111723,1.6577577998111723,1.6577534401136211,0.3418072401599888,0.3418062490973101,0.3418062490973101,0.3418072401599888,0.2244426267509629,0.2244434882471233,0.2244434882471233,0.2244426267509629,11.280395255060728
300.0,87.938,24.666,2.905,6.017,1.90385182462552,1.9038544498737984,1.9038544498737984,1.90385182462552,1.659035692142626,1.6590449783959194,1.6590449783959194,1.659035692142626,0.3391690630562674,0.3391506506972716,0.3391506506972716,0.3391690630562674,0.2244523575753386,0.2244670102748719,0.2244670102748719,0.2244523575753386,11.25437841036956
300.0,87.941,97.75,6.275,3.267,1.9011579215699537,1.9011575372014355,1.9011575372014355,1.9011579215699537,1.657694344029239,1.6576937341280078,1.6576937341280078,1.657694344029239,0.3418946793322697,0.34189281242735,0.34189281242735,0.3418946793322697,0.2244411868681986,0.2244431283447891,0.2244431283447891,0.2244411868681986,11.281169197847982
300.0,87.968,29.143,5.073,6.012,1.9036770663551557,1.903674243747261,1.903674243747261,1.9036770663551557,1.6589408427451358,1.6589283419304774,1.6589283419304774,1.6589408427451358,0.3393433336668605,0.3393383610651382,0.3393383610651382,0.3393433336668605,0.2244559159350874,0.2244605576163901,0.2244605576163901,0.2244559159350874,11.256009376553614
300.0,88.001,86.569,3.095,4.617,1.901557272978048,1.9015550145382285,1.9015550145382285,1.901557272978048,1.6579043410127807,1.6578942639577523,1.6578942639577523,1.6579043410127807,0.3415012902499584,0.3415008531453996,0.3415008531453996,0.3415012902499584,0.2244441002334598,0.2244449337100084,0.2244449337100084,0.2244441002334598,11.277064517787514
300.0,88.291,34.505,4.115,2.654,1.9033873914456143,1.903385258229408,1.903385258229408,1.9033873914456143,1.658745118872154,1.6587442833131176,1.6587442833131176,1.658745118872154,0.3396850340514847,0.3396800690232255,0.3396800690232255,0.3396850340514847,0.2244519655937858,0.2244576278704191,0.2244576278704191,0.2244519655937858,11.257973683005469
300.0,88.456,64.503,5.137,5.845,1.902236872665391,1.902236224626243,1.902236224626243,1.902236872665391,1.6581593836198216,1.6581575618020457,1.6581575618020457,1.6581593836198216,0.3408775439965269,0.3408734057111608,0.3408734057111608,0.3408775439965269,0.2244450193989648,0.2244486250541375,0.2244486250541375,0.2244450193989648,11.268967880459448
300.0,88.616,49.157,3.351,3.582,1.902761273650592,1.9027577006953664,1.9027577006953664,1.902761273650592,1.658411716468975,1.6584004684632616,1.6584004684632616,1.658411716468975,0.3403723018779746,0.3403711549873362,0.3403711549873362,0.3403723018779746,0.2244487491431191,0.2244505222333239,0.2244505222333239,0.2244487491431191,11.263340466456158
300.0,88.718,34.493,3.606,4.627,1.903275206785694,1.9032734059920275,1.9032734059920275,1.903275206785694,1.658664194014405,1.658660854134739,1.658660854134739,1.658664194014405,0.3398730956235828,0.3398649890496264,0.3398649890496264,0.3398730956235828,0.2244492089522524,0.2244565322965112,0.2244565322965112,0.2244492089522524,11.257970992686776
300.0,89.133,27.795,5.496,3.034,1.9034010483938288,1.903397859433313,1.903397859433313,1.9034010483938288,1.658647765683698,1.6586407266666974,1.6586407266666974,1.658647765683698,0.3398036294389002,0.3398007224640646,0.3398007224640646,0.3398036294389002,0.2244493602067358,0.2244533418538073,0.2244533418538073,0.2244493602067358,11.25550647834549
300.0,89.212,94.319,5.518,4.756,1.900930140525572,1.9009271160701688,1.9009271160701688,1.900930140525572,1.657426114583546,1.657417896572005,1.657417896572005,1.657426114583546,0.3423268946948538,0.3423276087816878,0.3423276087816878,0.3423268946948538,0.2244356056149326,0.2244359528818591,0.2244359528818591,0.2244356056149326,11.279889853493597
300.0,89.299,86.109,4.449,2.832,1.901207109067684,1.9012048393035843,1.9012048393035843,1.901207109067684,1.6575488878159543,1.6575403672850848,1.6575403672850848,1.6575488878159543,0.342056023395049,0.342056896162466,0.342056896162466,0.342056023395049,0.2244373911935881,0.2244370550347404,0.2244370550347404,0.2244373911935881,11.276875137449062
300.0,89.35,55.43,3.725,5.254,1.9023234829238196,1.9023254782875845,1.9023254782875845,1.9023234829238196,1.6581012147444316,1.6581066297553038,1.6581066297553038,1.6581012147444316,0.3409315078024983,0.340927227511259,0.340927227511259,0.3409315078024983,0.224441995419425,0.2244459470694935,0.2244459470694935,0.224441995419425,11.265629411923502
300.0,89.367,63.064,3.964,3.055,1.9020351011059415,1.902035386436308,1.902035386436308,1.9020351011059415,1.6579448421709675,1.6579488556555364,1.6579488556555364,1.6579448421709675,0.3412248918297886,0.3412217350590599,0.3412217350590599,0.3412248918297886,0.224440225973067,0.2244435498928506,0.2244435498928506,0.224440225973067,11.268425645490357
300.0,89.475,79.424,6.06,5.448,1.901404038256391,1.901401124646291,1.901401124646291,1.901404038256391,1.6576242833420287,1.6576133966149516,1.6576133966149516,1.6576242833420287,0.3418841182184475,0.3418826462018331,0.3418826462018331,0.3418841182184475,0.2244369335693288,0.2244384854347296,0.2244384854347296,0.2244369335693288,11.274423423689688
300.0,89.554,96.091,4.613,2.878,1.9007672628096608,1.900766302230568,1.900766302230568,1.9007672628096608,1.657297873694091,1.6572953956714984,1.6572953956714984,1.657297873694091,0.3425444392575952,0.3425435990245711,0.3425435990245711,0.3425444392575952,0.2244332291065885,0.2244343388882312,0.2244343388882312,0.2244332291065885,11.280532659738142
300.0,89.732,26.313,2.594,3.761,1.9032961683988208,1.903293592905122,1.903293592905122,1.9032961683988208,1.6585507398135713,1.6585430000819503,1.6585430000819503,1.6585507398135713,0.3400135222441019,0.3400049559171936,0.3400049559171936,0.3400135222441019,0.2244444833380545,0.224452226287946,0.224452226287946,0.2244444833380545,11.254954304979584
300.0,89.764,81.103,3.293,6.435,1.901262135484036,1.9012640218908987,1.9012640218908987,1.901262135484036,1.6575227881245431,1.6575286930364503,1.6575286930364503,1.6575227881245431,0.3420761864162172,0.3420712497260639,0.3420712497260639,0.3420761864162172,0.2244338812640138,0.2244377657216224,0.2244377657216224,0.2244338812640138,11.275033929287126
300.0,89.869,33.345,2.617,5.026,1.9029938256839596,1.9029974712400608,1.9029974712400608,1.9029938256839596,1.6583727361583456,1.6583867610703893,1.6583867610703893,1.6583727361583456,0.3403374359339793,0.3403289495081707,0.3403289495081707,0.3403374359339793,0.2244423623612191,0.2244496886486111,0.2244496886486111,0.2244423623612191,11.257530029953251
300.0,89.968,22.767,5.122,4.265,1.9033505602460536,1.9033514332134167,1.9033514332134167,1.9033505602460536,1.6585111384658349,1.6585140737369477,1.6585140737369477,1.6585111384658349,0.339984130971161,0.3399779260931714,0.3399779260931714,0.339984130971161,0.2244448576392937,0.2244507669713951,0.2244507669713951,0.2244448576392937,11.253650724641224
300.0,90.041,69.245,6.494,4.169,1.9016177431815464,1.9016181849109728,1.9016181849109728,1.9016177431815464,1.6576499807114338,1.6576521944690263,1.6576521944690263,1.6576499807114338,0.3417532313350899,0.3417508590562986,0.3417508590562986,0.3417532313350899,0.2244355377485201,0.2244379812369191,0.2244379812369191,0.2244355377485201,11.270686869981043
300.0,90.044,86.133,4.559,3.012,1.900996599612212,1.9009959375382932,1.9009959375382932,1.900996599612212,1.657350554576752,1.6573481770048697,1.6573481770048697,1.657350554576752,0.3423874557500649,0.3423875024537971,0.3423875024537971,0.3423874557500649,0.2244329433907851,0.2244332795919202,0.2244332795919202,0.2244329433907851,11.276877002266806
300.0,90.687,66.112,3.697,6.044,1.901560190902328,1.901556125819297,1.901556125819297,1.901560190902328,1.6575723060460337,1.6575536677919087,1.6575536677919087,1.6575723060460337,0.3419204117212015,0.3419171213089115,0.3419171213089115,0.3419204117212015,0.2244328083646907,0.2244356889849428,0.2244356889849428,0.2244328083646907,11.269528796289816
300.0,90.724,84.62,5.708,2.908,1.9008611001237967,1.900860775384666,1.900860775384666,1.9008611001237967,1.6571936821049853,1.6571927367220596,1.6571927367220596,1.6571936821049853,0.3426308173147533,0.3426293741433637,0.3426293741433637,0.3426308173147533,0.2244289469749355,0.2244306092308334,0.2244306092308334,0.2244289469749355,11.276313342396042
300.0,90.728,88.925,4.386,5.025,1.9007013662858732,1.900701110155813,1.900701110155813,1.9007013662858732,1.657116738448782,1.6571158882663113,1.6571158882663113,1.657116738448782,0.3427950223223456,0.3427928977875947,0.3427928977875947,0.3427950223223456,0.2244280702697208,0.2244300493719191,0.2244300493719191,0.2244280702697208,11.277894081769018
300.0,90.804,49.563,3.337,5.08,1.9021306198720755,1.9021328183467268,1.9021328183467268,1.90213061987202,1.6578127236911857,1.6578196249940311,1.6578196249940311,1.6578127128600524,0.3413523967760214,0.3413487060616701,0.3413487060616701,0.3413523967760214,0.2244353716529534,0.224438740925811,0.224438740925811,0.2244353716529534,11.26346011369854
300.0,91.015,27.74,6.441,3.475,1.9028750336204543,1.9028733483595943,1.9028733483595652,1.9028750336204543,1.658148477608982,1.658140936476206,1.6581409310520565,1.658148477608982,0.3406317200300342,0.3406236548885037,0.3406236548885037,0.3406317200300342,0.2244371574453908,0.2244441205738845,0.2244441205738845,0.2244371574453908,11.255461581009053
300.0,91.037,36.249,4.194,4.764,1.90255421289862,1.9025514922395768,1.9025514922395768,1.90255421289862,1.657980087161736,1.6579767961967762,1.6579767961967762,1.657980087161736,0.3409576927575109,0.3409533832975576,0.3409533832975576,0.3409576927575109,0.224435929688137,0.2244408558096693,0.2244408558096693,0.224435929688137,11.25857515156206
300.0,91.075,89.986,4.831,5.187,1.9005667286233447,1.9005626291448827,1.9005626291448827,1.9005667286233447,1.6570083876244313,1.6569983511001618,1.6569983511001618,1.6570083876244313,0.3429860692859225,0.3429884744253697,0.3429884744253697,0.3429860692859225,0.224427122431676,0.2244263468384638,0.2244263468384638,0.224427122431676,11.278272619177296
300.0,91.093,35.557,6.46,4.046,1.9025632502596297,1.9025647777734824,1.9025647777734824,1.9025632502595575,1.657980576298815,1.6579838198057917,1.6579838198057917,1.657980570878908,0.3409600888709671,0.3409486693292826,0.3409486693292826,0.3409600888709671,0.2244339669800728,0.2244431106287249,0.2244431106287249,0.2244339669800728,11.258330914717794
300.0,91.337,44.669,2.57,5.911,1.902168681615646,1.9021711545659492,1.9021711545659492,1.902168681615646,1.657788400942007,1.6577942971195143,1.6577942971195143,1.657788400942007,0.3414056011418797,0.341398835552879,0.341398835552879,0.3414056011418797,0.2244321233880151,0.2244378015289702,0.2244378015289702,0.2244321233880151,11.261661233185183
300.0,91.758,52.569,4.885,4.049,1.9017484578497064,1.9017505406643929,1.9017505406643929,1.9017484578497064,1.6574902910308849,1.6574983527544092,1.6574983527544092,1.6574902910308849,0.3418865981439082,0.3418826704159074,0.3418826704159074,0.3418865981439082,0.2244289868290615,0.224432756779089,0.224432756779089,0.2244289868290615,11.264544959282333
300.0,91.87,80.416,4.795,2.615,1.9006928532788463,1.9006951454867849,1.9006951454867849,1.9006928532788463,1.6569635877360642,1.6569673338197013,1.6569673338197013,1.6569635877360642,0.3429806909206794,0.3429765802118489,0.3429765802118489,0.3429806909206794,0.2244231256524364,0.2244259748402834,0.2244259748402834,0.2244231256524364,11.274759226912227
300.0,91.899,24.492,3.818,2.878,1.9027487778823389,1.9027483205051217,1.9027483205051217,1.9027487778823389,1.6579842971693224,1.6579813334308715,1.6579813334308715,1.6579842971693224,0.3409009948313268,0.3408884959907315,0.3408884959907315,0.3409009948313268,0.224431029755642,0.2244420283825494,0.2244420283825494,0.224431029755642,11.254254144809275
300.0,92.157,77.21,2.889,2.741,1.9007353649150256,1.9007338930170328,1.9007338930170328,1.9007353649150256,1.6569643771895286,1.6569617714950318,1.6569617714950318,1.6569643771895286,0.3429861907055419,0.342986378813329,0.342986378813329,0.3429861907055419,0.2244230213928305,0.2244239444996573,0.2244239444996573,0.2244230213928305,11.273579803740295
300.0,92.247,29.656,5.979,3.403,1.9024579998217277,1.9024587586269184,1.9024587586269184,1.9024579998217277,1.6577817815164435,1.6577811640055196,1.6577811640055196,1.6577817815164435,0.341245517056318,0.3412369063222012,0.3412369063222012,0.341245517056318,0.2244295529698122,0.2244365904382385,0.2244365904382385,0.2244295529698122,11.256144592300044
300.0,92.397,94.876,4.15,3.702,1.900015141250996,1.9000116981299409,1.9000116981299409,1.900015141250996,1.6565728842130905,1.6565591269892148,1.6565591269892148,1.6565728842130905,0.3437557589121105,0.3437561736736912,0.3437561736736912,0.3437557589121105,0.224418909092386,0.2244189782074448,0.2244189782074448,0.224418909092386,11.28004969009333
300.0,92.73,23.712,6.275,3.836,1.902540092899479,1.9025418740310776,1.9025418740310776,1.902540092899479,1.6577591672003773,1.6577623540096744,1.6577623540096744,1.6577591672003773,0.3412380645892989,0.3412261166929913,0.3412261166929913,0.3412380645892989,0.2244269017677199,0.2244367334628593,0.2244367334628593,0.2244269017677199,11.253964540453255
300.0,92.822,95.532,3.534,3.305,1.8998724134511475,1.8998726934129533,1.8998726934129533,1.8998724134511475,1.6564534697204667,1.6564561806124578,1.6564561806124578,1.6564534697204667,0.3439700635076645,0.3439680277075488,0.3439680277075488,0.3439700635076645,0.2244156129105286,0.2244175660483797,0.2244175660483797,0.2244156129105286,11.280287343628157
300.0,92.911,66.456,4.53,5.783,1.9009130232929616,1.9009168119845927,1.9009168119845927,1.9009130232929616,1.6569355650053923,1.6569479401706146,1.6569479401706146,1.6569355650053923,0.3429193948211781,0.3429117821745896,0.3429117821745896,0.3429193948211781,0.2244185808904886,0.2244246632559349,0.2244246632559349,0.2244185808904886,11.269623051470433
300.0,92.965,63.631,5.281,3.155,1.901002495181298,1.9010034132795204,1.9010034132795204,1.901002495181298,1.656975237090608,1.6569766371918475,1.6569766371918475,1.656975237090608,0.3428340467753151,0.3428317112357893,0.3428317112357893,0.3428340467753151,0.2244209971270438,0.2244231003802198,0.2244231003802198,0.2244209971270438,11.268587124852308
300.0,93.122,98.271,6.299,3.027,1.89968375932018,1.899682636413972,1.899682636413972,1.89968375932018,1.6563126209962646,1.6563077016850816,1.6563077016850816,1.6563126209962646,0.3442069504882995,0.3442043058525265,0.3442043058525265,0.3442069504882995,0.2244134713512015,0.2244157860610742,0.2244157860610742,0.2244134713512015,11.281287776573238
300.0,93.277,62.731,5.932,6.358,1.9009492981778988,1.9009469624389423,1.9009469624389423,1.900949298177928,1.6569126074054163,1.6569041085053888,1.6569041085053888,1.6569125966260525,0.3429364805387429,0.3429376390781787,0.3429376390781787,0.3429364805387429,0.2244207920049744,0.2244205901297892,0.2244205901297892,0.2244207920049744,11.268250325955742
300.0,93.609,19.701,5.773,5.99,1.902441458646957,1.902440991534447,1.902440991534447,1.902441458646957,1.657597346947833,1.657595815273652,1.657595815273652,1.657597346947833,0.3414762139086623,0.3414627009174869,0.3414627009174869,0.3414762139086623,0.2244216600980235,0.2244333157743977,0.2244333157743977,0.2244216600980235,11.252481346549908
300.0,93.674,44.498,3.796,6.399,1.9015192180247933,1.9015129236334327,1.9015129236334327,1.9015192180247933,1.6571703097475683,1.6571485404030062,1.6571485404030062,1.6571703097475683,0.3424270478250976,0.3424249493871686,0.3424249493871686,0.3424270478250976,0.2244205691234804,0.2244235222747572,0.2244235222747572,0.2244205691234804,11.261563011303448
300.0,93.785,94.875,6.46,5.316,1.899620859017652,1.8996210746477773,1.8996210746477773,1.899620859017652,1.6561941504041593,1.656194109304874,1.656194109304874,1.6561941504041593,0.3443723913579793,0.3443715954639655,0.3443715954639655,0.3443723913579793,0.2244112544592956,0.2244122671818895,0.2244122671818895,0.2244112544592956,11.280030101056523
300.0,93.794,79.225,2.701,5.934,1.9002048807727243,1.90020382936766,1.90020382936766,1.9002048807727243,1.6565158380692329,1.6565144782304877,1.6565144782304877,1.6565158380692329,0.3437889043398691,0.3437848995302668,0.3437848995302668,0.3437889043398691,0.2244127440758102,0.2244165933715285,0.2244165933715285,0.2244127440758102,11.274294156154149
300.0,93.869,61.431,4.917,5.078,1.9008295631381595,1.9008281077182436,1.9008281077182436,1.9008295631381595,1.6567735781865418,1.65677027156765,1.65677027156765,1.6567735781865418,0.3431510516893687,0.3431493191292715,0.3431493191292715,0.3431510516893687,0.2244162733904442,0.2244185984994754,0.2244185984994754,0.2244162733904442,11.267763836261572
300.0,94.568,29.594,4.725,6.229,1.9018056749553856,1.9018047439395145,1.9018047439395145,1.9018056749553856,1.6571625133695131,1.657162737454951,1.657162737454951,1.6571625133695131,0.3422688484889428,0.3422597356313616,0.3422597356313616,0.3422688484889428,0.2244161652731299,0.2244243312613535,0.2244243312613535,0.2244161652731299,11.256092965718928
300.0,94.63,74.848,3.35,6.188,1.9001264796679385,1.90012133783145,1.90012133783145,1.9001264796679385,1.6563560459311435,1.65634108026515,1.65634108026515,1.6563560459311435,0.3439914721653881,0.3439926500920076,0.3439926500920076,0.3439914721653881,0.2244110285927961,0.2244113580041342,0.2244113580041342,0.2244110285927961,11.272675886623077
300.0,94.789,51.366,3.794,6.316,1.9009433893697052,1.9009445813857588,1.9009445813857588,1.9009433893697052,1.656721424544526,1.6567245539352606,1.6567245539352606,1.656721424544526,0.3431805372900118,0.3431750590185348,0.3431750590185348,0.3431805372900118,0.2244122369245986,0.2244170642856776,0.2244170642856776,0.2244122369245986,11.264069520312312
300.0,95.047,57.837,3.086,4.0,1.9006312914272223,1.9006301218443935,1.9006301218443935,1.9006312914272223,1.6565354372578658,1.6565356332496135,1.6565356332496135,1.6565354372578658,0.3435382362128369,0.3435364379158111,0.3435364379158111,0.3435382362128369,0.224410815114085,0.2244132335138965,0.2244132335138965,0.224410815114085,11.26643790641679
300.0,95.277,32.549,5.303,5.273,1.90149691190602,1.9014957060799167,1.9014957060799167,1.90149691190602,1.6569182302318357,1.6569177947882856,1.6569177947882856,1.6569182302318357,0.3426922882245093,0.3426842358031724,0.3426842358031724,0.3426922882245093,0.2244116999180486,0.2244192807641691,0.2244192807641691,0.2244116999180486,11.257164926618842
300.0,96.191,70.186,5.946,3.847,1.8998462390165376,1.8998513033141409,1.8998513033141409,1.8998462390165376,1.6559910838881493,1.6560066473881436,1.6560066473881436,1.6559910838881493,0.344513580112458,0.3445059667851652,0.3445059667851652,0.344513580112458,0.2244012764784555,0.2244070584136179,0.2244070584136179,0.2244012764784555,11.27094366826912
300.0,96.245,29.184,4.449,6.311,1.9013463461882527,1.9013464914672404,1.9013464914672404,1.9013463461882527,1.6567186695775136,1.6567183176299929,1.6567183176299929,1.6567186695775136,0.342993854811019,0.3429837127533578,0.3429837127533578,0.342993854811019,0.2244068711743078,0.2244155459117522,0.2244155459117522,0.2244068711743078,11.255918848647326
300.0,96.282,74.14,4.423,2.563,1.8996762826567557,1.8996792062671577,1.8996792062671577,1.8996762826567557,1.6558980159769912,1.655907970924572,1.655907970924572,1.6558980159769912,0.3447018093342831,0.3446960092180096,0.3446960092180096,0.3447018093342831,0.2244004955351191,0.2244052077992115,0.2244052077992115,0.2244004955351191,11.272393706397365
300.0,96.494,36.763,5.629,2.88,1.9009966828619855,1.9009960450545895,1.9009960450545895,1.9009966828619855,1.6565215166625005,1.656517875843888,1.656517875843888,1.6565215166625005,0.3433878540362048,0.3433827242504047,0.3433827242504047,0.3433878540362048,0.2244062280478386,0.2244109885376365,0.2244109885376365,0.2244062280478386,11.258691655835806
300.0,96.642,90.176,5.574,6.196,1.8989847987091792,1.8989849255639757,1.8989849255639757,1.8989847987091792,1.6555224079057551,1.6555218797702886,1.6555218797702886,1.6555224079057551,0.345465083366012,0.345463633540437,0.345463633540437,0.345465083366012,0.2243976692481727,0.2243992256968605,0.2243992256968605,0.2243976692481727,11.278265589659217
300.0,96.802,22.779,3.47,3.122,1.9014323991909008,1.9014247078752984,1.9014247078752984,1.9014323991909008,1.6567139835110989,1.6566863623346844,1.6566863623346844,1.6567139835110989,0.342993868504715,0.3429949111491211,0.3429949111491211,0.342993868504715,0.2244089712410798,0.2244100593449603,0.2244100593449603,0.2244089712410798,11.253570134611529
300.0,96.915,47.828,4.599,3.512,1.9004711904961744,1.900466037662864,1.900466037662864,1.9004711904961744,1.6562131399438007,1.6561969269671168,1.6561969269671168,1.6562131399438007,0.3439879127821139,0.3439871258143838,0.3439871258143838,0.3439879127821139,0.2244034088150904,0.2244050141352934,0.2244050141352934,0.2244034088150904,11.262738788575795
300.0,96.931,34.891,5.654,5.639,1.900941526447833,1.9009402641541084,1.9009402641541084,1.900941526447833,1.6564344999965182,1.6564353972065078,1.6564353972065078,1.6564344999965182,0.3435096772527494,0.3435082902224546,0.3435082902224546,0.3435096772527494,0.2244049606358139,0.2244079420443169,0.2244079420443169,0.2244049606358139,11.25800060780365
300.0,97.166,34.518,4.55,6.01,1.9008859024003435,1.9008899230215024,1.9008899230215024,1.9008859024003435,1.6563734652716249,1.6563843549397022,1.6563843549397022,1.6563734652716249,0.3436050280852303,0.3435909449419671,0.3435909449419671,0.3436050280852303,0.2244000933520602,0.2244109733028198,0.2244109733028198,0.2244000933520602,11.257854369543637
300.0,97.485,29.53,4.949,5.326,1.900982069552748,1.9009809731494065,1.9009809731494065,1.900982069552748,1.6563850288597546,1.6563802013914,1.6563802013914,1.6563850288597546,0.3435528493427077,0.3435499524928334,0.3435499524928334,0.3435528493427077,0.2244031815931908,0.224406570450081,0.224406570450081,0.2244031815931908,11.256025050915936
300.0,97.514,52.405,4.323,6.169,1.9001297560998407,1.9001315668201104,1.9001315668201104,1.9001297560998067,1.6559668433978885,1.655975144893714,1.655975144893714,1.655966838036675,0.3444278524419733,0.344424782565636,0.344424782565636,0.3444278524419733,0.2243988676474615,0.2244021695263764,0.2244021695263764,0.2243988676474615,11.26440698928752
300.0,97.566,97.771,6.143,6.284,1.8984431442739853,1.898441225290471,1.898441225290471,1.8984431442739853,1.6551454103395222,1.655139026635334,1.655139026635334,1.6551454103395222,0.3461640402877453,0.346163279924738,0.346163279924738,0.3461640402877453,0.2243924186946007,0.2243934027486036,0.2243934027486036,0.2243924186946007,11.281043408554988
300.0,97.623,10.039,6.487,3.746,1.9016617686944384,1.9016623692257613,1.9016623692257613,1.9016617686944384,1.6566968324096598,1.65669703302932,1.65669703302932,1.6566968324096598,0.3429125185152439,0.3428477295809767,0.3428477295809767,0.3429125185152439,0.2243830279798469,0.2244324221892722,0.2244324221892722,0.2243830279798469,11.248884899987662
300.0,97.705,35.046,6.065,3.425,1.9007166518815488,1.9007143984209487,1.9007143984209487,1.9007166518815488,1.6562328008220966,1.656224405606331,1.656224405606331,1.6562328008220966,0.3438603939074115,0.3438555961887753,0.3438555961887753,0.3438603939074115,0.2244004278121598,0.2244050631945616,0.2244050631945616,0.2244004278121598,11.258051537744974
300.0,97.706,69.232,4.873,4.143,1.8994546628484328,1.899454457019178,1.899454457019178,1.8994546628484328,1.6556148161776216,1.6556129407693407,1.6556129407693407,1.6556148161776216,0.3451481733536667,0.3451446362238005,0.3451446362238005,0.3451481733536667,0.2243951247863458,0.2243982675086899,0.2243982675086899,0.2243951247863458,11.270574921846856
300.0,97.795,66.169,5.672,4.809,1.8995439305717552,1.899539259928411,1.899539259928411,1.8995439305717552,1.655652547625719,1.6556375831722885,1.6556375831722885,1.655652547625719,0.3450713355892609,0.345070467815346,0.345070467815346,0.3450713355892609,0.2243961940750017,0.2243976296754631,0.2243976296754631,0.2243961940750017,11.269450643848907
300.0,97.863,94.483,4.932,3.807,1.8984801009736567,1.89847835745849,1.89847835745849,1.8984801009736567,1.6551267059803647,1.655119086952544,1.655119086952544,1.6551267059803647,0.3461715144355726,0.3461707686622237,0.3461707686622237,0.3461715144355726,0.2243916538739486,0.2243924857328928,0.2243924857328928,0.2243916538739486,11.27983199622052
300.0,98.197,59.379,4.382,4.853,1.899679386667141,1.8996781004282617,1.8996781004282617,1.899679386667141,1.655668865236703,1.6556610558951583,1.6556610558951583,1.655668865236703,0.3449930544872003,0.3449929182322335,0.3449929182322335,0.3449930544872003,0.224396035044504,0.2243964349275585,0.2243964349275585,0.224396035044504,11.266956755537375
300.0,98.221,65.085,5.297,4.448,1.899463068465988,1.8994575727899,1.8994575727899,1.899463068465988,1.6555571313717048,1.655542597433193,1.655542597433193,1.6555571313717048,0.3452175117930735,0.3452214661908394,0.3452214661908394,0.3452175117930735,0.2243956011554883,0.2243940637220513,0.2243940637220513,0.2243956011554883,11.269046533768584
300.0,98.242,27.759,6.247,4.162,1.900831224211388,1.9008326511351747,1.9008326511351747,1.900831224211388,1.656215294232906,1.6562175059898037,1.6562175059898037,1.656215294232906,0.3438259219180518,0.3438173548488796,0.3438173548488796,0.3438259219180518,0.2243979005337985,0.2244049639479871,0.2244049639479871,0.2243979005337985,11.255370044043431
300.0,98.284,62.582,4.377,6.345,1.8995355879280875,1.899536326089046,1.899536326089046,1.8995355879280875,1.6555842694427352,1.6555849815399066,1.6555849815399066,1.6555842694427352,0.3451544620539729,0.3451509805370244,0.3451509805370244,0.3451544620539729,0.2243936101327931,0.2243965729281522,0.2243965729281522,0.2243936101327931,11.268130764805484
300.0,98.537,26.459,5.016,4.419,1.900794362133419,1.9007970198980972,1.9007970198980972,1.900794362133419,1.6561547478814698,1.656165005774614,1.656165005774614,1.6561547478814698,0.3439091841536682,0.343898257485968,0.343898257485968,0.3439091841536682,0.2243950851406811,0.224404665199717,0.224404665199717,0.2243950851406811,11.25488467254781
300.0,98.566,82.829,2.578,4.703,1.8987269321110327,1.898724674115904,1.898724674115904,1.8987269321110327,1.655220067819569,1.6552105884064705,1.6552105884064705,1.655220067819569,0.3460443789408574,0.3460429714114881,0.3460429714114881,0.3460443789408574,0.2243898138061182,0.2243914127431296,0.2243914127431296,0.2243898138061182,11.275551459316484
300.0,98.832,66.127,3.84,6.111,1.899252642528952,1.8992503429841363,1.8992503429841363,1.899252642528952,1.6553854721917514,1.655381411953733,1.655381411953733,1.6553854721917514,0.345528983089937,0.3455311247787589,0.3455311247787589,0.345528983089937,0.2243921091042208,0.2243915264196182,0.2243915264196182,0.2243921091042208,11.269421326439303
300.0,99.016,66.681,3.597,2.962,1.8991798810097047,1.8991780140566208,1.8991780140566208,1.8991798810097047,1.6553274186699507,1.6553265527761398,1.6553265527761398,1.6553274186699507,0.3456327306703267,0.3456336154930452,0.3456336154930452,0.3456327306703267,0.2243904963433235,0.2243909571202892,0.2243909571202892,0.2243904963433235,11.269618144052684
300.0,99.271,19.37,5.044,4.158,1.9008471184887328,1.900850796165802,1.900850796165802,1.9008471184887328,1.6560955667387125,1.6560973255265057,1.6560973255265057,1.6560955667387125,0.3439745531390339,0.3439491219912344,0.3439491219912344,0.3439745531390339,0.2243887668200626,0.2244074444141143,0.2244074444141143,0.2243887668200626,11.252280267111733
300.0,99.345,51.605,4.089,5.16,1.899641674000106,1.899642944155383,1.899642944155383,1.899641674000106,1.6555148182643422,1.6555169491455095,1.6555169491455095,1.6555148182643422,0.3452145531707124,0.3452052494339849,0.3452052494339849,0.3452145531707124,0.2243878968022257,0.2243957668565001,0.2243957668565001,0.2243878968022257,11.264093822980993
300.0,99.99,67.509,6.127,5.915,1.898868224168802,1.8988665859738172,1.8988665859738172,1.898868224168802,1.6550407842427926,1.655036820721914,1.655036820721914,1.6550407842427926,0.3460982251763579,0.3460989763028362,0.3460989763028362,0.3460982251763579,0.2243858201368922,0.2243860261636593,0.2243860261636593,0.2243858201368922,11.269911709492517
350.0,10.025,17.418,2.656,5.376,1.7640801159280823,1.7640652029718855,1.7640652029718855,1.7640801159280823,1.827502746101255,1.8274400137971296,1.8274400137971296,1.827502746101255,0.9450953990466175,0.945082151664524,0.945082151664524,0.9450953990466175,0.2660346945433662,0.2660460548801704,0.2660460548801704,0.2660346945433662,15.315436564443155
350.0,10.102,26.206,3.3,4.438,1.7637568404685748,1.7637502130506897,1.7637502130506897,1.7637568404685748,1.827556565117744,1.8275337676009369,1.8275337676009369,1.827556565117744,0.9457905581802684,0.9457727540652302,0.9457727540652302,0.9457905581802684,0.2660928237505305,0.2661066625473576,0.2661066625473576,0.2660928237505305,15.319817798827652
350.0,10.138,51.467,5.587,4.807,1.7629011542696535,1.762891035896556,1.762891035896556,1.7629011542696535,1.827758550309426,1.8277185787182384,1.8277185787182384,1.827758550309426,0.9476305971564116,0.9476279461169224,0.9476279461169224,0.9476305971564116,0.2662526643801723,0.2662542377906942,0.2662542377906942,0.2662526643801723,15.332417395787536
350.0,10.171,70.785,5.647,6.253,1.76224370139831,1.7622350970272125,1.7622350970272125,1.76224370139831,1.8279069683358655,1.8278739933694037,1.8278739933694037,1.8279069683358655,0.949052023258548,0.9490481810230416,0.9490481810230416,0.949052023258548,0.2663710662683316,0.2663731306995841,0.2663731306995841,0.2663710662683316,15.342056523997522
350.0,10.466,49.683,3.478,3.997,1.7628579630480998,1.76284640826266,1.76284640826266,1.7628579630480998,1.827790821302445,1.827744020160182,1.827744020160182,1.827790821302445,0.947762421831017,0.9477601071695324,0.9477601071695324,0.947762421831017,0.266273226898094,0.2662746120472416,0.2662746120472416,0.266273226898094,15.331521885571346
350.0,10.474,47.554,3.917,2.556,1.7629259146354097,1.7629162725765248,1.7629162725765248,1.7629259146354097,1.8277711274835868,1.8277334572609043,1.8277334572609043,1.8277711274835868,0.9476171486141676,0.947610154278896,0.947610154278896,0.9476171486141676,0.2662594737797124,0.2662643522938231,0.2662643522938231,0.2662594737797124,15.330459503579688
350.0,10.498,27.479,4.086,5.457,1.7635898126016087,1.763581542560558,1.763581542560558,1.7635898126016087,1.827620101684844,1.827589145032837,1.827589145032837,1.827620101684844,0.9461931379161316,0.9461809234460096,0.9461809234460096,0.9461931379161316,0.2661398191937079,0.2661495157003844,0.2661495157003844,0.2661398191937079,15.320445733784153
350.0,10.591,68.894,3.087,3.214,1.7621744265925947,1.7621660185907022,1.7621660185907022,1.7621744265927808,1.827946491154828,1.827914573189432,1.827914573189432,1.8279465061242783,0.9492487066653514,0.9492453574433568,0.9492453574433568,0.9492487066653514,0.2663997327696696,0.266401497162843,0.266401497162843,0.2663997327696696,15.341105445828692
350.0,10.849,80.783,6.351,6.277,1.761695925258704,1.76168750693641,1.76168750693641,1.761695925258704,1.8280728321112043,1.8280405682980847,1.8280405682980847,1.8280728321112043,0.9503138113954224,0.9503091775628502,0.9503091775628502,0.9503138113954224,0.2664951672037692,0.2664977300618679,0.2664977300618679,0.2664951672037692,15.347034675151496
350.0,10.911,46.487,2.694,4.34,1.7628214422485096,1.7628160001632225,1.7628160001632225,1.7628214422485096,1.8278089572422405,1.8277915215630325,1.8277915215630325,1.8278089572422405,0.9478883158577354,0.9478788916531918,0.9478788916531918,0.9478883158577354,0.2662935481232956,0.2663002851963541,0.2663002851963541,0.2662935481232956,15.329919958279463
350.0,11.014,90.384,6.412,5.839,1.7613225846215164,1.761315234523834,1.761315234523834,1.7613225846215164,1.8281675585459376,1.8281406313534927,1.8281406313534927,1.8281675585459376,0.9511408693302172,0.9511358445125564,0.9511358445125564,0.9511408693302172,0.2665686228634329,0.2665713562451242,0.2665713562451242,0.2665686228634329,15.351824519479065
350.0,11.127,58.385,5.671,4.418,1.7623574770030237,1.7623477180720284,1.7623477180720284,1.7623574770030237,1.8279383503206368,1.8278998346092652,1.8278998346092652,1.8279383503206368,0.9489154893729328,0.9489113528890104,0.9489113528890104,0.9489154893729328,0.2663872273386352,0.2663897698288037,0.2663897698288037,0.2663872273386352,15.335852189973757
350.0,11.149,38.096,5.018,6.366,1.7630287420779482,1.7630203239277222,1.7630203239277222,1.7630287420779482,1.827783040229028,1.827751218745204,1.827751218745204,1.827783040229028,0.9474712501360308,0.947463215317916,0.947463215317916,0.9474712501360308,0.2662663177582492,0.2662723650902209,0.2662723650902209,0.2662663177582492,15.325729838010004
350.0,11.177,20.481,4.68,2.692,1.7636123302860074,1.763599600873112,1.763599600873112,1.7636123302860074,1.827665020777739,1.827612675238537,1.827612675238537,1.827665020777739,0.9462278508096756,0.9462133177813356,0.9462133177813356,0.9462278508096756,0.2661610543158622,0.2661730952978,0.2661730952978,0.2661610543158622,15.31694434343904
350.0,11.183,89.475,4.218,4.794,1.7613001254255944,1.7612923595801897,1.7612923595801897,1.7613001254255944,1.8281837194748527,1.8281545850999683,1.8281545850999683,1.8281837194748527,0.9512085324925248,0.9512042407695736,0.9512042407695736,0.9512085324925248,0.2665794306819265,0.2665816466465802,0.2665816466465802,0.2665794306819265,15.351367370665752
350.0,11.451,14.281,6.318,6.071,1.7637348536007376,1.7637198006637156,1.7637198006637156,1.7637348536007376,1.8276597325009691,1.8275962572588296,1.8275962572588296,1.8276597325009691,0.9460058422886964,0.9459769046512548,0.9459769046512548,0.9460058422886964,0.2661443623310777,0.2661677930851353,0.2661677930851353,0.2661443623310777,15.313847602199209
350.0,11.548,77.401,4.178,2.637,1.76158841350598,1.7615800002386592,1.7615800002386592,1.76158841350598,1.828138385701008,1.8281062543316264,1.8281062543316264,1.828138385701008,0.950625096128905,0.9506208050628168,0.9506208050628168,0.950625096128905,0.2665414769706153,0.2665438387566076,0.2665438387566076,0.2665414769706153,15.34533456372121
350.0,11.631,56.186,2.958,5.527,1.76227134575398,1.762262132225542,1.762262132225542,1.76227134575398,1.8279859725278136,1.8279500126585304,1.8279500126585304,1.8279859725278136,0.949158676859488,0.9491528735035,0.9491528735035,0.949158676859488,0.2664213386951607,0.2664252039147574,0.2664252039147574,0.2664213386951607,15.334746433567403
350.0,11.991,66.321,5.067,5.839,1.7618183384258586,1.7618105498347552,1.7618105498347552,1.7618183384258586,1.8281084747520573,1.8280792851404184,1.8280792851404184,1.8281084747520573,0.9501767148419512,0.9501715564432408,0.9501715564432408,0.9501767148419512,0.2665166796002,0.2665198640840748,0.2665198640840748,0.2665166796002,15.33979706689539
350.0,12.232,25.304,2.66,3.731,1.7631143920635597,1.7631066918957383,1.7631066918957383,1.7631143920635597,1.8278237105939468,1.8277953496040888,1.8277953496040888,1.8278237105939468,0.9474114624049836,0.947397553338266,0.947397553338266,0.9474114624049836,0.2662899773294589,0.2663011457323503,0.2663011457323503,0.2662899773294589,15.31933097187278
350.0,12.236,27.346,3.341,3.674,1.7630456110552744,1.763036506383201,1.763036506383201,1.7630456110552744,1.8278430126309075,1.827807998436985,1.827807998436985,1.8278430126309075,0.9475611399248478,0.9475476877812858,0.9475476877812858,0.9475611399248478,0.2663027237704969,0.2663134161245881,0.2663134161245881,0.2663027237704969,15.320349412354147
350.0,12.251,43.818,2.643,4.19,1.762489686364149,1.7624795909293278,1.7624795909293278,1.762489686364149,1.8279734024497676,1.8279332300601685,1.8279332300601685,1.8279734024497676,0.94875792082535,0.948752329501714,0.948752329501714,0.94875792082535,0.2664060011078606,0.2664100962795527,0.2664100962795527,0.2664060011078606,15.328564880325192
350.0,12.495,50.933,4.229,5.729,1.762173381341924,1.7621655888956955,1.7621655888956955,1.762173381341924,1.8280544646395511,1.828025405512204,1.828025405512204,1.8280544646395511,0.9494662089411072,0.9494594364446572,0.9494594364446572,0.9494662089411072,0.266471467102861,0.2664762153823577,0.2664762153823577,0.266471467102861,15.332110175670726
350.0,12.633,87.114,5.632,2.91,1.7609208841440953,1.7609135869845252,1.7609135869845252,1.7609208841440953,1.8283575733702977,1.828330462451672,1.828330462451672,1.8283575733702977,0.9521937826421676,0.9521897829336992,0.9521897829336992,0.9521937826421676,0.2667038090427989,0.2667059430164339,0.2667059430164339,0.2667038090427989,15.350163424858506
350.0,12.65,37.235,4.236,5.434,1.7625827181444005,1.7625748258600145,1.7625748258600145,1.7625827181444005,1.8279692079241716,1.8279396425727923,1.8279396425727923,1.8279692079241716,0.9486015748112409,0.9485920605894836,0.9485920605894836,0.9486015748112409,0.2664028543764945,0.2664101290564071,0.2664101290564071,0.2664028543764945,15.325274585132656
350.0,12.693,27.961,4.061,5.045,1.7628802516547069,1.7628715722832655,1.7628715722832655,1.7628802516547069,1.8279055555160493,1.8278724106798527,1.8278724106798527,1.8279055555160493,0.947966376231527,0.9479562648532072,0.9479562648532072,0.947966376231527,0.2663509173554158,0.2663591455430122,0.2663591455430122,0.2663509173554158,15.32064823583157
350.0,12.764,95.062,2.915,3.876,1.7606156065013858,1.7606061319191355,1.7606061319191355,1.7606156065013858,1.82844427300931,1.8284066713092475,1.8284066713092475,1.82844427300931,0.9528736622762468,0.952871411169938,0.952871411169938,0.9528736622762468,0.2667650620135624,0.2667658225406733,0.2667658225406733,0.2667650620135624,15.354129251063211
350.0,12.816,89.575,5.262,5.976,1.7607811235921218,1.7607734163051094,1.7607734163051094,1.7607811235921218,1.8284027843148132,1.828373897886716,1.828373897886716,1.8284027843148132,0.9525186182525368,0.9525142307436376,0.9525142307436376,0.9525186182525368,0.2667361115939297,0.266738436363335,0.266738436363335,0.2667361115939297,15.351388996813087
350.0,13.071,12.116,5.139,3.726,1.7632921131939654,1.763282351063646,1.763282351063646,1.7632921131939654,1.8278374858937507,1.8277989597317263,1.8277989597317263,1.8278374858937507,0.9471457901358418,0.9470927599545,0.9470927599545,0.9471457901358418,0.266275457266708,0.2663170658890682,0.2663170658890682,0.266275457266708,15.312740499713705
350.0,13.082,21.415,3.771,5.585,1.7629765399596338,1.762967305093921,1.762967305093921,1.7629765399596338,1.8279074721330009,1.8278714402922585,1.8278714402922585,1.8279074721330009,0.9478084226322784,0.9477882662991228,0.9477882662991228,0.9478084226322784,0.2663447141500786,0.2663609140043405,0.2663609140043405,0.2663447141500786,15.317377150003132
350.0,13.354,56.976,3.24,4.35,1.7616998603776046,1.7616923119304502,1.7616923119304502,1.7616998603776046,1.828214319384572,1.8281863416162631,1.8281863416162631,1.828214319384572,0.9505857987529106,0.950579667902838,0.950579667902838,0.9505857987529106,0.2665898285649973,0.2665939710877217,0.2665939710877217,0.2665898285649973,15.33511047246146
350.0,13.584,40.442,2.855,3.896,1.7621800852455745,1.762171890299044,1.762171890299044,1.7621800852455745,1.8281167226876784,1.8280857125146743,1.8280857125146743,1.8281167226876784,0.9495748845504876,0.9495665337312144,0.9495665337312144,0.9495748845504876,0.2665113247168018,0.26651763935658,0.26651763935658,0.2665113247168018,15.326857622271698
350.0,13.619,71.186,3.928,3.831,1.7611404187765196,1.7611343769528895,1.7611343769528895,1.7611404187765196,1.828359141594208,1.828338207648476,1.828338207648476,1.828359141594208,0.9518264282600096,0.95182047915624,0.95182047915624,0.9518264282600096,0.2667010801089643,0.2667048379738862,0.2667048379738862,0.2667010801089643,15.342196221883926
350.0,13.671,52.902,6.285,3.759,1.7617363491570164,1.7617275762235511,1.7617275762235511,1.7617363491570164,1.828227448554272,1.8281934639345176,1.8281934639345176,1.828227448554272,0.95054254974957,0.9505384768541262,0.9505384768541262,0.95054254974957,0.2665962574659684,0.266599008025069,0.266599008025069,0.2665962574659684,15.33307225086395
350.0,14.193,98.522,6.045,5.961,1.7600473569023394,1.7600408670895142,1.7600408670895142,1.7600473569023394,1.8286598628151904,1.8286366188507697,1.8286366188507697,1.8286598628151904,0.9542680036825628,0.9542637605919936,0.9542637605919936,0.9542680036825628,0.2669225023493103,0.2669247222946445,0.2669247222946445,0.2669225023493103,15.355830992094647
350.0,14.287,78.347,5.985,4.507,1.7606910910764586,1.760682998521957,1.760682998521957,1.7606910910764586,1.828511785191745,1.8284809419609929,1.8284809419609929,1.828511785191745,0.9528773306816388,0.9528746977719432,0.9528746977719432,0.9528773306816388,0.2668096293343511,0.2668108719928603,0.2668108719928603,0.2668096293343511,15.345758874859207
350.0,14.493,85.477,2.703,5.535,1.760388017691505,1.760380571269388,1.760380571269388,1.760388017691505,1.8285962532252475,1.828568588035816,1.828568588035816,1.8285962532252475,0.9535594343783556,0.9535559470412968,0.9535559470412968,0.9535594343783556,0.2668723368855962,0.2668740869491973,0.2668740869491973,0.2668723368855962,15.349313759771704
350.0,15.079,77.049,5.304,4.74,1.7604832712529144,1.7604766116828603,1.7604766116828603,1.7604832712529144,1.8286053102801385,1.828581249000252,1.828581249000252,1.8286053102801385,0.9534166172779268,0.9534114601801889,0.9534114601801889,0.9534166172779268,0.2668767579457755,0.2668799019972836,0.2668799019972836,0.2668767579457755,15.345096813026853
350.0,15.204,17.117,5.424,2.752,1.7624492278463453,1.7624388079039348,1.7624388079039348,1.7624492278463453,1.8281534273919129,1.82811184405494,1.82811184405494,1.8281534273919129,0.9491846886765408,0.9491605365509436,0.9491605365509436,0.9491846886765408,0.2665185947640871,0.2665383288912247,0.2665383288912247,0.2665185947640871,15.315197266946573
350.0,15.212,41.905,3.202,3.732,1.761614773336271,1.761608493236864,1.761608493236864,1.761614773336271,1.8283392261803333,1.8283172146319528,1.8283172146319528,1.8283392261803333,0.95097625972216,0.9509680482398511,0.9509680482398511,0.95097625972216,0.2666753429434523,0.2666815999671845,0.2666815999671845,0.2666753429434523,15.327558981600411
350.0,15.338,29.63,4.434,3.034,1.7619860554380369,1.761979031795396,1.761979031795396,1.7619860554380369,1.8282605839839372,1.8282348695555029,1.8282348695555029,1.8282605839839372,0.950188841579732,0.9501785541537264,0.9501785541537264,0.950188841579732,0.2666122461565574,0.2666206834882947,0.2666206834882947,0.2666122461565574,15.321434812828883
350.0,15.342,83.352,6.483,4.004,1.760189958840747,1.7601828712241787,1.7601828712241787,1.760189958840747,1.828694061890605,1.8286679703941529,1.8286679703941529,1.828694061890605,0.9540849245083894,0.9540798516483951,0.9540798516483951,0.9540849245083894,0.2669404224822437,0.2669434283289539,0.2669434283289539,0.2669404224822437,15.348238251384709
350.0,15.631,78.614,3.448,5.633,1.7602570809792732,1.7602490054574558,1.7602490054574558,1.7602570809792732,1.8286970452703155,1.828666356476688,1.828666356476688,1.8286970452703155,0.9539709595320124,0.953967090313996,0.953967090313996,0.9539709595320124,0.2669398211121606,0.2669420006649638,0.2669420006649638,0.2669398211121606,15.34586789147653
350.0,15.687,64.004,3.49,3.452,1.7607270679343898,1.7607188854828495,1.7607188854828495,1.7607270679343898,1.8285852921498875,1.8285539914352065,1.8285539914352065,1.8285852921498875,0.9529542345189824,0.9529505546984604,0.9529505546984604,0.9529542345189824,0.2668563972789597,0.2668586758096047,0.2668586758096047,0.2668563972789597,15.338576270118258
350.0,15.92,14.076,6.093,4.913,1.7623237177664073,1.7623142548146762,1.7623142548146762,1.7623237177664073,1.8282217131402785,1.82818456334286,1.82818456334286,1.8282217131402785,0.9495411835956156,0.9495023847767,0.9495023847767,0.9495411835956156,0.2665628408602057,0.2665937870369257,0.2665937870369257,0.2665628408602057,15.313668059329368
350.0,15.958,94.5,2.633,6.195,1.7596234175137893,1.759616209911134,1.759616209911134,1.7596234175137893,1.828871897098454,1.8288450169845856,1.8288450169845856,1.828871897098454,0.9553884947149368,0.9553843111090754,0.9553843111090754,0.9553884947149368,0.267068020231197,0.2670703304909568,0.2670703304909568,0.267068020231197,15.353792219412464
350.0,15.982,48.007,5.527,6.081,1.7611679315873523,1.7611595257744517,1.7611595257744517,1.7611679315873523,1.828496440039138,1.8284640837269683,1.8284640837269683,1.828496440039138,0.9520305636756584,0.9520252038302311,0.9520252038302311,0.9520305636756584,0.2667869961258427,0.2667909476796097,0.2667909476796097,0.2667869961258427,15.330589540815408
350.0,16.046,33.969,5.082,3.667,1.761616739193886,1.7616090665354032,1.7616090665354032,1.761616739193886,1.828390596161408,1.8283620310321924,1.8283620310321924,1.828390596161408,0.9510664369796424,0.9510565731152582,0.9510565731152582,0.9510664369796424,0.2667063044083692,0.2667141151938404,0.2667141151938404,0.2667063044083692,15.323586321646015
350.0,16.247,99.154,4.409,3.282,1.7593772300471615,1.7593694024747175,1.7593694024747175,1.7593772300471615,1.828952643845672,1.8289227565506805,1.8289227565506805,1.828952643845672,0.9559583380319006,0.9559554871041672,0.9559554871041672,0.9559583380319006,0.2671248781837564,0.2671261384449645,0.2671261384449645,0.2671248781837564,15.356110145268024
350.0,16.341,48.094,5.905,6.369,1.7610519273638063,1.7610426896254847,1.7610426896254847,1.7610519273638063,1.8285473741878868,1.8285109716496213,1.8285109716496213,1.8285473741878868,0.9523227907301072,0.9523169444541878,0.9523169444541878,0.9523227907301072,0.2668216470292073,0.2668259676235196,0.2668259676235196,0.2668216470292073,15.330626551597708
350.0,16.413,54.396,3.791,3.53,1.7608176554550947,1.7608099207123402,1.7608099207123402,1.7608176554550947,1.828604589097655,1.8285753891684775,1.8285753891684775,1.828604589097655,0.9528377733892176,0.952831778578326,0.952831778578326,0.9528377733892176,0.2668667749317421,0.2668710431499139,0.2668710431499139,0.2668667749317421,15.333769358488423
350.0,16.644,45.491,3.285,5.385,1.761042930563637,1.7610334828056533,1.7610334828056533,1.761042930563637,1.828567931786788,1.8285302318469496,1.8285302318469496,1.828567931786788,0.9523758223335708,0.9523699242033478,0.9523699242033478,0.9523758223335708,0.2668348273935987,0.2668393108080142,0.2668393108080142,0.2668348273935987,15.3293228955905
350.0,16.939,43.169,3.016,4.374,1.761025535258292,1.7610188144342651,1.7610188144342651,1.761025535258292,1.8285822798109983,1.8285581162285467,1.8285581162285467,1.8285822798109983,0.9524433543286616,0.9524367207528742,0.9524367207528742,0.9524433543286616,0.2668487570043505,0.2668538489537888,0.2668538489537888,0.2668487570043505,15.328159413655996
350.0,17.082,21.472,3.236,4.479,1.7617043358504412,1.761700343635214,1.761700343635214,1.7617043358504412,1.828420629925236,1.828409661394184,1.828409661394184,1.828420629925236,0.950991223656878,0.950972623997135,0.950972623997135,0.950991223656878,0.2667261010018978,0.2667413756784583,0.2667413756784583,0.2667261010018978,15.317335994969913
350.0,17.099,62.344,3.174,6.279,1.7603352531953558,1.7603268649395638,1.7603268649395638,1.7603352531953558,1.8287652005024095,1.828732672947843,1.828732672947843,1.8287652005024095,0.9539616963258852,0.953958215670522,0.953958215670522,0.9539616963258852,0.2669819937641004,0.2669842362661225,0.2669842362661225,0.2669819937641004,15.3377227596948
350.0,17.244,49.261,5.348,3.46,1.7607254721922572,1.7607180968748293,1.7607180968748293,1.7607254721922572,1.8286751523157203,1.8286475959375443,1.8286475959375443,1.8286751523157203,0.9531287891014132,0.953123060095334,0.953123060095334,0.9531287891014132,0.2669154528693021,0.2669196954048874,0.2669196954048874,0.2669154528693021,15.33119314666749
350.0,17.283,54.753,4.09,2.734,1.7605295569953376,1.7605223364080411,1.7605223364080411,1.7605295569953376,1.8287249609963303,1.8286981883033355,1.8286981883033355,1.8287249609963303,0.9535588911932315,0.9535528799984097,0.9535528799984097,0.9535588911932315,0.2669525209767701,0.2669568109576969,0.2669568109576969,0.2669525209767701,15.333932107559798
350.0,17.373,13.268,3.512,2.689,1.7618902721512146,1.7618790981614658,1.7618790981615424,1.7618902721512146,1.8284122948426225,1.8283665923036887,1.8283666060314967,1.8284122948426225,0.9506401136314958,0.950599796643789,0.950599796643789,0.9506401136314958,0.2666959345442474,0.2667282138796821,0.2667282138796821,0.2666959345442474,15.313240258213211
350.0,17.738,53.646,4.319,2.786,1.7604228175641317,1.7604145255808712,1.7604145255808712,1.7604228175641317,1.828780920913548,1.8287489397713512,1.8287489397713512,1.828780920913548,0.9538406525533754,0.9538373637656652,0.9538373637656652,0.9538406525533754,0.2669905221045381,0.2669928627140015,0.2669928627140015,0.2669905221045381,15.333372103955112
350.0,17.996,85.548,5.329,3.123,1.7592767754187966,1.759268582468669,1.759268582468669,1.7592767754187966,1.8290832932733927,1.8290515769754347,1.8290515769754347,1.8290832932733927,0.9563688051624633,0.9563658903164904,0.9563658903164904,0.9563688051624633,0.2672105544215195,0.2672120755889355,0.2672120755889355,0.2672105544215195,15.34928715631454
350.0,18.162,65.941,3.968,4.197,1.759877090122206,1.7598707615133948,1.7598707615133948,1.759877090122206,1.828936720471921,1.8289140198319345,1.8289140198319345,1.828936720471921,0.9550742954878276,0.9550694647532444,0.9550694647532444,0.9550742954878276,0.2671058001107729,0.267109034438545,0.267109034438545,0.2671058001107729,15.339498972054033
350.0,18.191,71.506,4.383,4.323,1.7596824996272789,1.7596757620082402,1.7596757620082402,1.7596824996272789,1.8289883492288028,1.8289638935369916,1.8289638935369916,1.8289883492288028,0.9555026438148428,0.955497731400588,0.955497731400588,0.9555026438148428,0.2671426398495406,0.2671457826332219,0.2671457826332219,0.2671426398495406,15.342275473946318
350.0,18.213,75.593,5.124,3.419,1.7595393579269762,1.7595321649695368,1.7595321649695368,1.7595393579269762,1.829027132903488,1.8290004079122557,1.8290004079122557,1.829027132903488,0.9558173526757104,0.9558142207402188,0.9558142207402188,0.9558173526757104,0.2671704885317426,0.2671722571732205,0.2671722571732205,0.2671704885317426,15.3443146756441
350.0,18.231,45.743,4.376,4.586,1.7605305206759507,1.760521579384223,1.760521579384223,1.7605305206759507,1.8287848912513325,1.8287496726831287,1.8287496726831287,1.8287848912513325,0.9536619984441356,0.9536561425779712,0.9536561425779712,0.9536619984441356,0.2669887962746699,0.2669933050677038,0.2669933050677038,0.2669887962746699,15.329420627721062
350.0,18.266,86.393,4.827,5.053,1.7591628097172285,1.7591551613151115,1.7591551613151115,1.7591628097172285,1.8291270766793355,1.8290979911997,1.8290979911997,1.8291270766793355,0.956647169054666,0.9566435777314202,0.9566435777314202,0.956647169054666,0.2672416143248282,0.2672436137136418,0.2672436137136418,0.2672416143248282,15.349703897699696
350.0,18.474,34.061,4.725,3.639,1.760842949165094,1.760835707955413,1.760835707955413,1.760842949165094,1.8287181769605556,1.8286911630690736,1.8286911630690736,1.8287181769605556,0.9530093031887026,0.9530000708931464,0.9530000708931464,0.9530093031887026,0.2669396054923312,0.2669471135555696,0.2669471135555696,0.2669396054923312,15.323589480693794
350.0,18.559,93.636,6.472,4.839,1.7588282231159509,1.7588212740324576,1.7588212740324576,1.7588282231159509,1.829228640560173,1.8292028791068955,1.8292028791068955,1.829228640560173,0.9574110745842715,0.957407160757936,0.957407160757936,0.9574110745842715,0.2673143974842039,0.2673165479222172,0.2673165479222172,0.2673143974842039,15.353314012964876
350.0,18.689,23.107,2.791,5.195,1.7611426194326556,1.7611319867473638,1.7611319867473638,1.7611426194326556,1.8286663262301852,1.8286231548446648,1.8286231548446648,1.8286663262301852,0.9523867364930269,0.952376445197866,0.952376445197866,0.9523867364930269,0.2668930037874934,0.2669020540036954,0.2669020540036954,0.2668930037874934,15.318122908395758
350.0,18.707,47.452,6.458,5.276,1.7603219213987893,1.7603141013287855,1.7603141013287855,1.7603219213987893,1.8288616988126265,1.828831960504024,1.828831960504024,1.8288616988126265,0.9541660370441089,0.9541607524846742,0.9541607524846742,0.9541660370441089,0.2670451905063229,0.2670492411945402,0.2670492411945402,0.2670451905063229,15.330264465978695
350.0,18.862,57.135,2.77,3.787,1.7599497826617734,1.7599413803005302,1.7599413803005302,1.7599497826617734,1.828965265936887,1.8289326698640644,1.8289326698640644,1.828965265936887,0.9549941465156596,0.9549889945917368,0.9549889945917368,0.9549941465156596,0.2671193880221466,0.2671230394571353,0.2671230394571353,0.2671193880221466,15.335092939861664
350.0,19.069,36.415,2.725,5.944,1.7605759437294346,1.7605675970939083,1.7605675970939083,1.7605759437294346,1.8288214846074504,1.8287892477790308,1.8287892477790308,1.8288214846074504,0.9536536072715908,0.9536477422543708,0.9536477422543708,0.9536536072715908,0.2670123945366454,0.2670172939015251,0.2670172939015251,0.2670123945366454,15.324752984420806
350.0,19.07,79.809,3.994,4.195,1.7591276693053153,1.7591191431528848,1.7591191431528848,1.7591276693053153,1.829186229555853,1.829152880523871,1.829152880523871,1.829186229555853,0.9568114458537502,0.9568086493338426,0.9568086493338426,0.9568114458537502,0.2672793368415808,0.2672808328769307,0.2672808328769307,0.2672793368415808,15.346403343388731
350.0,19.091,98.694,5.461,3.715,1.758491424143896,1.758484021420211,1.758484021420211,1.758491424143896,1.82934912601859,1.8293210972227436,1.8293210972227436,1.82934912601859,0.9582075564666714,0.9582040083590764,0.9582040083590764,0.9582075564666714,0.2673972838022497,0.2673991567207996,0.2673991567207996,0.2673972838022497,15.355829487784773
350.0,19.309,70.138,4.837,4.795,1.7593737862807903,1.7593660719707775,1.7593660719707775,1.7593737862807903,1.8291357722176227,1.8291063561985443,1.8291063561985443,1.8291357722176227,0.9562991267010972,0.9562942667634312,0.9562942667634312,0.9562991267010972,0.2672423599706091,0.2672455546716485,0.2672455546716485,0.2672423599706091,15.341572588361682
350.0,19.89,27.584,4.864,2.747,1.7606110924427123,1.7606005185686346,1.7606005185686346,1.7606110924427123,1.8288668412012317,1.8288239082493396,1.8288239082493396,1.8288668412012317,0.953669246928431,0.9536622315051052,0.9536622315051052,0.953669246928431,0.2670369941314493,0.2670433169978624,0.2670433169978624,0.2670369941314493,15.320334250445589
350.0,19.898,58.66,3.884,5.403,1.759569618827766,1.759561644187589,1.759561644187589,1.7595696188279415,1.8291215619019456,1.829091010152712,1.829091010152712,1.8291215913154857,0.9559349005529966,0.9559302145660356,0.9559302145660356,0.9559349005529966,0.267228997623354,0.2672322911034409,0.2672322911034409,0.267228997623354,15.335834833207144
350.0,20.45,98.231,2.589,2.978,1.7580762677201969,1.7580675457361163,1.7580675457361163,1.7580762677201969,1.8295434635032288,1.829508938736769,1.829508938736769,1.8295434635032288,0.9592661634361228,0.9592639440445216,0.9592639440445216,0.9592661634361228,0.2675271645913909,0.2675281125697185,0.2675281125697185,0.2675271645913909,15.355574114562858
350.0,20.547,50.459,5.122,4.933,1.7596370641534025,1.7596293114968713,1.7596293114968713,1.7596370641534025,1.8291425158691943,1.8291129294517592,1.8291129294517592,1.8291425158691943,0.955857471753982,0.9558521733677094,0.9558521733677094,0.955857471753982,0.2672411614000003,0.2672451384606853,0.2672451384606853,0.2672411614000003,15.331732113360616
350.0,20.661,58.148,5.126,5.227,1.7593438938970494,1.759336829661856,1.759336829661856,1.7593438938970494,1.829222421075104,1.829195897243132,1.829195897243132,1.829222421075104,0.9565091730046954,0.9565041863774756,0.9565041863774756,0.9565091730046954,0.2672995303235372,0.2673031198184915,0.2673031198184915,0.2672995303235372,15.33556623421046
350.0,20.678,53.053,6.011,6.291,1.759508169732178,1.759501313431439,1.759501313431439,1.759508169732178,1.8291808569457952,1.8291555999562903,1.8291555999562903,1.8291808569457952,0.9561523880429754,0.9561464073327623,0.9561464073327623,0.9561523880429754,0.2672695592481975,0.2672739958350957,0.2672739958350957,0.2672695592481975,15.33302394656717
350.0,20.733,27.942,3.879,4.136,1.7603293585811657,1.7603220340160544,1.7603220340160544,1.7603293585811657,1.8289782241269348,1.828950771427096,1.828950771427096,1.8289782241269348,0.9543714484095944,0.9543599147236012,0.9543599147236012,0.9543714484095944,0.267118689207153,0.2671283514823436,0.2671283514823436,0.267118689207153,15.320497794086956
350.0,20.986,18.594,6.291,3.957,1.7605628686750188,1.7605526695752023,1.7605526695752023,1.7605628686750188,1.8289426036930805,1.8289013477252771,1.8289013477252771,1.8289426036930805,0.9538953610371824,0.953881521099183,0.953881521099183,0.9538953610371824,0.2670847979863665,0.2670970142627615,0.2670970142627615,0.2670847979863665,15.315832107166765
350.0,20.996,24.488,5.985,5.963,1.760360043248466,1.7603550845475149,1.7603550845475149,1.760360043248466,1.8289802311486756,1.8289643271360736,1.8289643271360736,1.8289802311486756,0.954333233148353,0.9543162022405312,0.9543162022405312,0.954333233148353,0.2671208076941979,0.2671347762150271,0.2671347762150271,0.2671208076941979,15.31877076751047
350.0,21.157,52.251,2.722,5.246,1.7593828677871173,1.759375671189336,1.759375671189336,1.7593828677871173,1.8292424208979543,1.8292154302653167,1.8292154302653167,1.8292424208979543,0.9564779794464076,0.9564717288688191,0.9564717288688191,0.9564779794464076,0.2673108869960435,0.2673155784148761,0.2673155784148761,0.2673108869960435,15.332615284924852
350.0,21.339,23.226,5.652,4.507,1.760294334966103,1.7602870442084328,1.7602870442084328,1.760294334966103,1.829022773863194,1.8289955800249769,1.8289955800249769,1.829022773863194,0.9545136975987748,0.9545001928178956,0.9545001928178956,0.9545136975987748,0.2671473519947841,0.2671588630706916,0.2671588630706916,0.2671473519947841,15.318135629637654
350.0,21.45,24.412,3.856,4.518,1.7602183108632954,1.7602128049332604,1.7602128049332604,1.7602183108632954,1.8290437981411956,1.829025126454892,1.829025126454892,1.8290437981411956,0.9546900326745116,0.9546746473196585,0.9546746473196585,0.9546900326745116,0.267164683652355,0.267177504697837,0.267177504697837,0.267164683652355,15.318724924494571
350.0,21.461,73.975,5.947,4.161,1.758561869845262,1.7585546827670109,1.7585546827670109,1.758561869845262,1.829473009847874,1.829446011197344,1.829446011197344,1.829473009847874,0.9583068944869924,0.9583026813530214,0.9583026813530214,0.9583068944869924,0.2674750522361277,0.2674777653076614,0.2674777653076614,0.2674750522361277,15.343448920916948
350.0,21.63,14.285,2.937,5.792,1.760502184805386,1.760491925485918,1.760491925485918,1.760502184805386,1.828996384204744,1.82895474315247,1.82895474315247,1.828996384204744,0.9541079611494394,0.9540716177829875,0.9540716177829875,0.9541079611494394,0.2671119822372192,0.2671413366009558,0.2671413366009558,0.2671119822372192,15.313672131145058
350.0,21.786,88.489,3.487,3.352,1.7579754376824432,1.7579683273472828,1.7579683273472828,1.7579754376824432,1.8296469820214092,1.8296203055081104,1.8296203055081104,1.8296469820214092,0.9596287176362328,0.9596258874467124,0.9596258874467124,0.9596287176362328,0.2675969376172941,0.2675984251650348,0.2675984251650348,0.2675969376172941,15.350687158401245
350.0,22.468,71.452,3.675,6.468,1.7583254411517604,1.7583187371054776,1.7583187371054776,1.7583254411517604,1.8295947070388172,1.8295699797903784,1.8295699797903784,1.8295947070388172,0.9589320705243513,0.95892830334538,0.95892830334538,0.9589320705243513,0.2675576900589409,0.2675601440206594,0.2675601440206594,0.2675576900589409,15.342171937431663
350.0,22.607,17.719,6.455,5.429,1.7600735522800055,1.7600676553164765,1.7600676553164765,1.7600735522800055,1.8291500340181108,1.8291293892780471,1.8291293892780471,1.8291500340181108,0.9551365135167776,0.955107214140244,0.955107214140244,0.9551365135167776,0.2672300969981638,0.2672538645698711,0.2672538645698711,0.2672300969981638,15.315366696514372
350.0,22.704,71.257,5.333,4.94,1.758257021864625,1.7582502062177017,1.7582502062177017,1.758257021864625,1.8296272872343256,1.829601991812048,1.829601991812048,1.8296272872343256,0.9591077613892424,0.9591032097990188,0.9591032097990188,0.9591077613892424,0.2675791629865421,0.2675822003487159,0.2675822003487159,0.2675791629865421,15.342070061570684
350.0,22.74,54.614,4.718,4.781,1.7588001032574878,1.7587934037434765,1.7587934037434765,1.7588001032574878,1.829486601849907,1.829461882262188,1.829461882262188,1.829486601849907,0.9579214055864408,0.9579146496274928,0.9579146496274928,0.9579214055864408,0.2674789385547987,0.2674839572265853,0.2674839572265853,0.2674789385547987,15.333765815511075
350.0,22.853,86.158,5.903,5.734,1.7577137023266631,1.757706931338321,1.757706931338321,1.7577137023266631,1.8297807568528035,1.8297556184963404,1.8297556184963404,1.8297807568528035,0.9603178103566842,0.9603137717012532,0.9603137717012532,0.9603178103566842,0.2676862069850586,0.2676886622717864,0.2676886622717864,0.2676862069850586,15.34950426064604
350.0,23.079,68.226,5.135,5.003,1.7582390388910083,1.758231760282566,1.758231760282566,1.7582390388910083,1.8296559475898495,1.8296284335456972,1.8296284335456972,1.8296559475898495,0.959187606789258,0.959182753756125,0.959182753756125,0.959187606789258,0.2675968150248817,0.267600151499479,0.267600151499479,0.2675968150248817,15.340551088374824
350.0,23.151,55.546,6.18,3.637,1.7586382386745,1.758631410249731,1.758631410249731,1.7586382386745,1.8295540816775848,1.829528683967822,1.829528683967822,1.8295540816775848,0.958319617498544,0.9583133187018984,0.9583133187018984,0.958319617498544,0.2675248786536381,0.2675295468382313,0.2675295468382313,0.2675248786536381,15.334223006199608
350.0,23.35,69.845,4.754,3.028,1.7580989434611425,1.7580912937732045,1.7580912937732045,1.7580989434611425,1.829710338260444,1.8296811141528733,1.8296811141528733,1.829710338260444,0.9595235630808288,0.9595202730057734,0.9595202730057734,0.9595235630808288,0.2676338899407358,0.2676360145402981,0.2676360145402981,0.2676338899407358,15.341353759946282
350.0,23.366,76.981,2.621,3.315,1.757855555443842,1.7578493654493197,1.7578493654493197,1.757855555443842,1.8297724982480637,1.829750209529816,1.829750209529816,1.8297724982480637,0.96006017399425,0.9600540156377516,0.9600540156377516,0.96006017399425,0.2676786141750596,0.2676827826067587,0.2676827826067587,0.2676786141750596,15.344914493136542
350.0,23.393,29.288,3.779,3.279,1.7594378034757985,1.7594298325327302,1.7594298325327302,1.7594378034757985,1.829363834931212,1.829332910204676,1.829332910204676,1.829363834931212,0.9565987729685536,0.9565891311430128,0.9565891311430128,0.9565987729685536,0.2673848391111564,0.2673931274538979,0.2673931274538979,0.2673848391111564,15.321121588255185
350.0,23.478,84.686,4.596,5.488,1.757563934795173,1.757556649697693,1.757556649697693,1.757563934795173,1.829860379200934,1.82983269060556,1.82983269060556,1.829860379200934,0.9607139803150434,0.9607102239836935,0.9607102239836935,0.9607139803150434,0.2677383570954789,0.2677406323592576,0.2677406323592576,0.2677383570954789,15.348757952137992
350.0,23.586,98.853,4.338,5.545,1.7570583234063526,1.757051666651041,1.757051666651041,1.7570583234063526,1.8300022801108355,1.829977691132632,1.829977691132632,1.8300022801108355,0.9618399043814856,0.9618356172192308,0.9618356172192308,0.9618399043814856,0.2678368428260967,0.2678393329577336,0.2678393329577336,0.2678368428260967,15.355827734884928
350.0,23.674,49.149,2.573,3.983,1.7586859838118367,1.7586774284029945,1.7586774284029945,1.7586859838118367,1.8295773493848553,1.8295436861573573,1.8295436861573573,1.8295773493848553,0.9582714164755496,0.9582664387256882,0.9582664387256882,0.9582714164755496,0.2675366385595515,0.2675405316372861,0.2675405316372861,0.2675366385595515,15.331022388880992
350.0,23.941,90.556,3.642,5.458,1.7572211329464298,1.75721438752627,1.75721438752627,1.7572211329464298,1.8299801566382492,1.82995505427406,1.82995505427406,1.8299801566382492,0.9615176364973498,0.9615142122717396,0.9615142122717396,0.9615176364973498,0.2678203562342986,0.267822329861584,0.267822329861584,0.2678203562342986,15.351679729939113
350.0,23.964,26.755,4.083,2.959,1.7593402875878716,1.7593320318669985,1.7593320318669985,1.7593402875878716,1.8294238355774768,1.829391793913004,1.829391793913004,1.8294238355774768,0.9568747569642088,0.9568609525213186,0.9568609525213186,0.9568747569642088,0.2674231263436176,0.2674346562774864,0.2674346562774864,0.2674231263436176,15.319848431952389
350.0,23.972,36.91,4.789,2.675,1.7589992381988249,1.7589906906699413,1.7589906906699413,1.7589992381988249,1.8295133249517332,1.8294799384517455,1.8294799384517455,1.8295133249517332,0.9576179292358268,0.9576109980695352,0.9576109980695352,0.9576179292358268,0.2674891925708156,0.2674949853848767,0.2674949853848767,0.2674891925708156,15.324912336122653
350.0,24.166,58.404,4.135,2.907,1.758219667529077,1.7582129463774492,1.7582129463774492,1.758219667529077,1.829725315273068,1.829700435935224,1.829700435935224,1.829725315273068,0.9593444578392716,0.9593387909565098,0.9593387909565098,0.9593444578392716,0.2676416929134905,0.2676458742130543,0.2676458742130543,0.2676416929134905,15.335630544121493
350.0,24.241,63.1,6.258,3.92,1.7580395009962226,1.7580324632578854,1.7580324632578854,1.7580395009962226,1.8297787012768376,1.8297522380214797,1.8297522380214797,1.8297787012768376,0.9597481123752069,0.9597432665721796,0.9597432665721796,0.9597481123752069,0.2676784582326683,0.2676819382046478,0.2676819382046478,0.2676784582326683,15.337972092861552
350.0,24.331,35.529,5.751,3.491,1.7589303941534509,1.7589225823137342,1.7589225823137342,1.7589303941534509,1.8295509592507384,1.8295210993753337,1.8295210993753337,1.8295509592507384,0.9578055397504164,0.9577988825173148,0.9577988825173148,0.9578055397504164,0.2675156630121499,0.2675213731666732,0.2675213731666732,0.2675156630121499,15.324217468065946
350.0,24.583,66.382,3.549,6.109,1.7578213490804435,1.757814325411447,1.757814325411447,1.7578213490804435,1.8298576595894367,1.8298312516894408,1.8298312516894408,1.8298576595894367,0.9602630896872392,0.9602590836794034,0.9602590836794034,0.9602630896872392,0.2677325405533784,0.2677353118928128,0.2677353118928128,0.2677325405533784,15.339603471550642
350.0,24.792,42.477,2.852,4.647,1.7585510615319957,1.7585441008509477,1.7585441008509477,1.7585510615319957,1.8296760891578008,1.8296498950032267,1.8296498950032267,1.8296760891578008,0.9586842910101888,0.9586768790760813,0.9586768790760813,0.9586842910101888,0.2676033396103367,0.2676093260461462,0.2676093260461462,0.2676033396103367,15.327674270938168
350.0,24.919,51.689,2.585,4.169,1.7582033291806074,1.758196822545711,1.758196822545711,1.7582033291806074,1.82977481371168,1.8297509688265865,1.8297509688265865,1.82977481371168,0.9594593895818088,0.9594534856050944,0.9594534856050944,0.9594593895818088,0.2676734801899854,0.2676780157394262,0.2676780157394262,0.2676734801899854,15.332266906004625
350.0,24.978,49.532,2.58,3.372,1.7582570006103757,1.7582494556749773,1.7582494556749773,1.7582570006103757,1.8297666093527165,1.829737886125328,1.829737886125328,1.8297666093527165,0.9593480540718904,0.9593436559390012,0.9593436559390012,0.9593480540718904,0.2676663601238511,0.2676698537890487,0.2676698537890487,0.2676663601238511,15.33119003772316
350.0,25.135,26.656,3.025,6.403,1.7589694604557038,1.7589625107763456,1.7589625107763456,1.7589694604557038,1.8295869368612647,1.8295610041236128,1.8295610041236128,1.8295869368612647,0.9578069514769366,0.9577940022617168,0.9577940022617168,0.9578069514769366,0.2675366136682514,0.2675475349034148,0.2675475349034148,0.2675366136682514,15.319777794693543
350.0,25.27,89.074,4.645,5.522,1.7568469482710465,1.7568405578235542,1.7568405578235542,1.7568469482710465,1.8301631362112445,1.830139774310503,1.830139774310503,1.8301631362112445,0.9624829930881976,0.9624781865525444,0.9624781865525444,0.9624829930881976,0.2679411253367661,0.2679441461346947,0.2679441461346947,0.2679411253367661,15.350915689248705
350.0,25.457,51.972,4.573,3.119,1.7580221866949977,1.7580159407180025,1.7580159407180025,1.7580221866949977,1.829855060246558,1.829832559297295,1.829832559297295,1.829855060246558,0.9599134249082728,0.9599071746531262,0.9599071746531262,0.9599134249082728,0.2677276745965025,0.2677324476333896,0.2677324476333896,0.2677276745965025,15.33239848115856
350.0,25.506,96.721,3.891,6.218,1.7565181314730984,1.7565113816038012,1.7565113816038012,1.7565181314730984,1.8302694196915457,1.8302442858670749,1.8302442858670749,1.8302694196915457,0.9632340350181344,0.9632310892824368,0.9632310892824368,0.9632340350181344,0.2680127709444681,0.2680143493071145,0.2680143493071145,0.2680127709444681,15.354728380820164
350.0,25.864,15.937,4.002,2.759,1.7590950414409787,1.759087502630281,1.7590875026304489,1.7590950414409787,1.8296001478213932,1.8295711357562328,1.8295711357571047,1.8296001478213932,0.9576187471613896,0.9575875300143976,0.9575875300143976,0.9576187471613896,0.2675340886129237,0.2675596074542694,0.2675596074542694,0.2675340886129237,15.314420394312933
350.0,25.93,85.893,6.298,5.641,1.7567430806431183,1.756735563705222,1.756735563705222,1.7567430806431183,1.8302353130281803,1.8302064238833984,1.8302064238833984,1.8302353130281803,0.9627813318848392,0.9627786884607527,0.9627786884607527,0.9627813318848392,0.2679869129426003,0.2679884261459566,0.2679884261459566,0.2679869129426003,15.349315923758276
350.0,26.154,35.439,6.495,3.992,1.75835034936085,1.7583452956582923,1.7583452956582923,1.75835034936085,1.8298067312171369,1.8297896389395192,1.8297896389395192,1.8298067312171369,0.9592656642071714,0.9592567982285148,0.9592567982285148,0.9592656642071714,0.2676919142292401,0.267699372759809,0.267699372759809,0.2676919142292401,15.324139467067722
350.0,26.321,83.925,5.005,5.431,1.7566834445268895,1.7566769833821592,1.7566769833821592,1.7566834445268895,1.8302731576014049,1.830249387501828,1.830249387501828,1.8302731576014049,0.9629535372270424,0.962948764268351,0.962948764268351,0.9629535372270424,0.2680122737402073,0.2680153556164816,0.2680153556164816,0.2680122737402073,15.34832634950423
350.0,26.431,61.466,6.238,4.928,1.757395581142018,1.7573886671312553,1.7573886671312553,1.757395581142018,1.8300854275349605,1.8300594013093523,1.8300594013093523,1.8300854275349605,0.9613932979225414,0.9613892897452592,0.9613892897452592,0.9613932979225414,0.2678830285833737,0.2678859800220461,0.2678859800220461,0.2678830285833737,15.337116996322898
350.0,26.441,20.647,2.715,6.398,1.7587532240376027,1.7587462708311588,1.7587462708311588,1.7587532240376027,1.8297225313196213,1.8296964489964336,1.8296964489964336,1.8297225313196213,0.9584195808749933,0.9584014226738776,0.9584014226738776,0.9584195808749933,0.2676244244399383,0.2676397826280738,0.2676397826280738,0.2676244244399383,15.316758353519644
350.0,26.816,47.565,5.344,6.004,1.7577357518514507,1.7577287526295176,1.7577287526295176,1.7577357518514507,1.8300167347785607,1.8299902792541685,1.8299902792541685,1.8300167347785607,0.9606852758579568,0.960679501270764,0.960679501270764,0.9606852758579568,0.2678333699225989,0.2678380378261149,0.2678380378261149,0.2678333699225989,15.33017570647
350.0,27.262,82.734,4.455,4.338,1.7564227772959986,1.7564163361641691,1.7564163361641691,1.7564227772959986,1.8304040449734909,1.8303803678641548,1.8303803678641548,1.8304040449734909,0.9636271712377044,0.963623150963474,0.963623150963474,0.9636271712377044,0.2680979004818241,0.2681004743760744,0.2681004743760744,0.2680979004818241,15.34771480992426
350.0,27.263,25.468,2.735,2.602,1.75833067044821,1.7583217321375495,1.7583217321375495,1.75833067044821,1.829889240168615,1.8298536971050967,1.8298536971050967,1.829889240168615,0.959429257048888,0.9594193857811796,0.9594193857811796,0.959429257048888,0.2677378349408371,0.267746620407187,0.267746620407187,0.2677378349408371,15.319147045197449
350.0,27.266,35.659,4.29,3.517,1.7579888208455916,1.757981780950662,1.757981780950662,1.7579888208455916,1.8299759525405677,1.8299492084267703,1.8299492084267703,1.8299759525405677,0.9601767288722924,0.9601688036187436,0.9601688036187436,0.9601767288722924,0.2678023660715153,0.2678091442883981,0.2678091442883981,0.2678023660715153,15.32422888178623
350.0,27.346,88.853,4.74,5.614,1.7561921616786988,1.756186823427634,1.756186823427634,1.756192161678629,1.8304707882522964,1.8304524908575384,1.8304524908575384,1.8304707882517173,0.9641454566218048,0.964140759589384,0.964140759589384,0.9641454566218048,0.2681443021264175,0.2681472785835121,0.2681472785835121,0.2681443021264175,15.350767191912714
350.0,27.394,99.246,5.959,4.709,1.7558323606585793,1.7558255959260072,1.7558255959260072,1.7558323606585793,1.8305790665152064,1.83055373752932,1.83055373752932,1.8305790665152064,0.9649493365822028,0.9649457292881392,0.9649457292881392,0.9649493365822028,0.268214809678404,0.268216890977746,0.268216890977746,0.268214809678404,15.355954371769217
350.0,27.574,50.947,4.606,4.642,1.757380041876908,1.75737484365385,1.75737484365385,1.757380041876908,1.8301550632715384,1.830137575648056,1.830137575648056,1.8301550632715384,0.96154566532916,0.9615383297251532,0.9615383297251532,0.96154566532916,0.2679283270046677,0.2679339747281113,0.2679339747281113,0.2679283270046677,15.331848976468336
350.0,27.683,12.141,3.642,5.07,1.7586416486942236,1.758632024017175,1.758632024017175,1.7586416486942236,1.829834471900204,1.829795570069897,1.829795570069897,1.829834471900204,0.9588134667276632,0.9587612592022846,0.9587612592022846,0.9588134667276632,0.2676798714353531,0.2677214331347302,0.2677214331347302,0.2676798714353531,15.312494957644544
350.0,27.74,58.985,4.439,4.592,1.7570603038196542,1.7570531711452964,1.7570531711452964,1.7570603038196542,1.8302580498155283,1.8302310578200685,1.8302310578200685,1.8302580498155283,0.9622685265530772,0.9622640219512922,0.9622640219512922,0.9622685265530772,0.2679959837774507,0.2679993616880622,0.2679993616880622,0.2679959837774507,15.335855414380529
350.0,27.826,64.055,3.955,5.374,1.756864614043148,1.7568567919093203,1.7568567919093203,1.756864614043148,1.8303192476546617,1.8302886916075471,1.8302886916075471,1.8303192476546617,0.9627096970227484,0.962705934754318,0.962705934754318,0.9627096970227484,0.2680364173651632,0.2680391651157529,0.2680391651157529,0.2680364173651632,15.338383567537244
350.0,27.97,73.24,3.372,3.474,1.7565125406026847,1.756506296952664,1.756506296952664,1.7565125406026847,1.830421880301383,1.830399193639256,1.830399193639256,1.830421880301383,0.963501026709888,0.9634969050073356,0.9634969050073356,0.963501026709888,0.2681080191716886,0.2681108249230271,0.2681108249230271,0.2681080191716886,15.342963764090754
350.0,28.282,53.931,6.033,6.34,1.7570554139153058,1.7570486332406674,1.7570486332406674,1.7570554139153058,1.830291756925092,1.8302664831986848,1.8302664831986848,1.830291756925092,0.962334861075766,0.9623299992403735,0.9623299992403735,0.962334861075766,0.2680174804143019,0.2680212428177616,0.2680212428177616,0.2680174804143019,15.33332440740454
350.0,28.318,35.578,4.367,3.007,1.757655819188324,1.757647764541191,1.757647764541191,1.757655819188324,1.830132800667973,1.8301012422621188,1.8301012422621188,1.830132800667973,0.9610186043190048,0.9610109355502532,0.9610109355502532,0.9610186043190048,0.2679050773281722,0.2679116540016425,0.2679116540016425,0.2679050773281722,15.324169913020162
350.0,28.334,61.477,3.329,4.36,1.7567878186284125,1.75678054347679,1.75678054347679,1.7567878186284125,1.830370265925304,1.8303427113940849,1.8303427113940849,1.830370265925304,0.962931897355068,0.9629262699236648,0.9629262699236648,0.962931897355068,0.268069655562546,0.2680737617283834,0.2680737617283834,0.268069655562546,15.3370881591617
350.0,28.523,28.016,2.965,3.585,1.757841020364763,1.7578352572669411,1.7578352572669411,1.757841020364763,1.8300891245712925,1.8300688207399507,1.8300688207399507,1.8300891245712925,0.960633732581382,0.9606186573254712,0.9606186573254712,0.960633732581382,0.2678751990746841,0.2678876625098001,0.2678876625098001,0.2678751990746841,15.32039471267518
350.0,28.583,83.167,2.995,4.925,1.7559875024720235,1.7559799108025154,1.7559799108025154,1.7559875024720235,1.830611333367831,1.830582099809804,1.830582099809804,1.830611333367831,0.9647280735930815,0.9647245029110704,0.9647245029110704,0.9647280735930815,0.2682312661948121,0.2682334948661794,0.2682334948661794,0.2682312661948121,15.347906571932716
350.0,28.643,52.633,4.682,3.053,1.7569832950347968,1.7569765066813534,1.7569765066813534,1.7569832950347968,1.830333969852004,1.830308667611288,1.830308667611288,1.830333969852004,0.9625311824251112,0.9625261279859492,0.9625261279859492,0.9625311824251112,0.2680447859580423,0.2680487441677877,0.2680487441677877,0.2680447859580423,15.332670209272193
350.0,28.672,54.932,3.783,5.986,1.7568977885196515,1.7568904848131357,1.7568904848131357,1.7568977885196515,1.830360777646646,1.8303328070833675,1.8303328070833675,1.830360777646646,0.962723139825478,0.9627187047984824,0.9627187047984824,0.962723139825478,0.2680622620470022,0.2680657234833923,0.2680657234833923,0.2680622620470022,15.333816705288765
350.0,28.817,72.798,4.443,3.876,1.7562573362794494,1.756249910194401,1.756249910194401,1.7562573362794494,1.8305493328024145,1.8305207365838436,1.8305207365838436,1.8305493328024145,0.9641535408392212,0.9641507171020705,0.9641507171020705,0.9641535408392212,0.2681893864978052,0.2681912824066135,0.2681912824066135,0.2681893864978052,15.342728108942602
350.0,29.023,53.664,5.399,3.962,1.7568265176002378,1.756821235992284,1.756821235992284,1.7568265176002378,1.8303969659440873,1.830378914618028,1.830378914618028,1.8303969659440873,0.9629156363638864,0.9629085492811854,0.9629085492811854,0.9629156363638864,0.2680880089293509,0.2680934195966642,0.2680934195966642,0.2680880089293509,15.33317771695865
350.0,29.237,30.83,2.858,5.704,1.757519216819836,1.7575124399315656,1.7575124399315656,1.757519216819836,1.830222823568861,1.8301974248026376,1.8301974248026376,1.830222823568861,0.9614152614574364,0.9614017250740848,0.9614017250740848,0.9614152614574364,0.2679634676210978,0.2679746476359184,0.2679746476359184,0.2679634676210978,15.321785258554302
350.0,29.253,58.184,5.748,3.248,1.756603532968384,1.7565967224001595,1.7565967224001595,1.756603532968384,1.8304774490484568,1.830451904593417,1.830451904593417,1.8304774490484568,0.96343297991798,0.9634271884827308,0.9634271884827308,0.96343297991798,0.2681395214873875,0.2681438979591099,0.2681438979591099,0.2681395214873875,15.335428287047511
350.0,29.324,59.061,3.112,2.639,1.756551122585417,1.7565451010061572,1.7565451010061572,1.756551122585417,1.830494390492904,1.8304728147130769,1.8304728147130769,1.830494390492904,0.9635554375476004,0.9635492707335443,0.9635492707335443,0.9635554375476004,0.2681519462448007,0.2681565589962599,0.2681565589962599,0.2681519462448007,15.335864705679173
350.0,29.475,47.937,4.577,5.695,1.756873326648682,1.7568667668678934,1.7568667668678934,1.756873326648682,1.8304150660257896,1.830390680535866,1.830390680535866,1.8304150660257896,0.9628591225193696,0.9628536436044958,0.9628536436044958,0.9628591225193696,0.2680971512291066,0.2681016115621816,0.2681016115621816,0.2680971512291066,15.330312691676257
350.0,29.794,52.715,2.911,2.785,1.7566125142619888,1.7566053886445825,1.7566053886445825,1.7566125142619888,1.8305092090958073,1.8304821422500197,1.8304821422500197,1.8305092090958073,0.9634689936819372,0.9634627522988723,0.9634627522988723,0.9634689936819372,0.2681584169640801,0.2681632797856456,0.2681632797856456,0.2681584169640801,15.332690243940922
350.0,29.886,31.621,6.281,5.661,1.757284812903119,1.7572785818580527,1.7572785818580527,1.757284812903119,1.8303255689170068,1.8303028461957795,1.8303028461957795,1.8303255689170068,0.961996217940094,0.9619850224421672,0.9619850224421672,0.961996217940094,0.2680331441465627,0.268042558049985,0.268042558049985,0.2680331441465627,15.322167852721778
350.0,29.89,27.126,3.542,6.117,1.7574327610619411,1.7574277998970531,1.7574277998970531,1.7574327610619411,1.8302818905405616,1.830265347369672,1.830265347369672,1.8302818905405616,0.9616710928562322,0.9616563703688898,0.9616563703688898,0.9616710928562322,0.2680039379851216,0.2680162841355381,0.2680162841355381,0.2680039379851216,15.319926337724231
350.0,29.931,75.388,4.327,5.348,1.755814996256942,1.7558078561649333,1.7558078561649333,1.755814996257007,1.830743254528944,1.8307160430082003,1.8307160430082003,1.8307432684373337,0.9652477042971453,0.9652439035913968,0.9652439035913968,0.9652477042971453,0.2683156155525161,0.2683181872737567,0.2683181872737567,0.2683156155525161,15.343999674790895
350.0,30.112,22.705,5.506,2.703,1.7575100345377743,1.7575034192347587,1.7575034192347587,1.7575100345376495,1.830278585604845,1.8302540197751176,1.8302540197751176,1.8302785856044896,0.9615261377676148,0.9615102856962732,0.9615102856962732,0.9615261377676148,0.2679975413870827,0.2680110796566151,0.2680110796566151,0.2679975413870827,15.31771772566388
350.0,30.333,56.191,4.25,4.204,1.7563242854029522,1.7563177952435478,1.7563177952435478,1.7563242854029522,1.8306219224223992,1.8305978515616883,1.8305978515616883,1.8306219224223992,0.9641597397140352,0.964155052526562,0.964155052526562,0.9641597397140352,0.2682340295559685,0.268237686722438,0.268237686722438,0.2682340295559685,15.334414201060454
350.0,30.363,20.197,4.187,4.733,1.7575133399577394,1.7575061322888512,1.7575061322888512,1.7575133399577394,1.8302946084358889,1.8302671469552985,1.8302671469552985,1.8302946084358889,0.9615476448062684,0.96152695665892,0.96152695665892,0.9615476448062684,0.2680047043041885,0.2680220632571832,0.2680220632571832,0.2680047043041885,15.316462605458296
350.0,30.483,68.645,2.792,4.09,1.7558619819078147,1.7558560112820467,1.7558560112820467,1.7558619819078147,1.8307610318067968,1.8307394988495012,1.8307394988495012,1.8307610318067968,0.9651987187845492,0.9651936038701908,0.9651936038701908,0.9651987187845492,0.2683272381859719,0.2683309095242381,0.2683309095242381,0.2683272381859719,15.340624994158244
350.0,30.636,56.384,4.959,5.092,1.756220714280448,1.7562146745894585,1.7562146745894585,1.756220714280448,1.8306686855459149,1.8306468698330964,1.8306468698330964,1.8306686855459149,0.9644195114604528,0.964414170682284,0.964414170682284,0.9644195114604528,0.2682649646020693,0.2682690805112737,0.2682690805112737,0.2682649646020693,15.334504760546103
350.0,30.652,77.082,2.656,3.859,1.7555278411190751,1.755521784514334,1.755521784514334,1.7555278411190751,1.8308676105191684,1.8308457136168008,1.8308457136168008,1.8308676105191684,0.9659573251601808,0.9659527035384076,0.9659527035384076,0.9659573251601808,0.2683974493668042,0.2684006142687564,0.2684006142687564,0.2683974493668042,15.34483176078453
350.0,30.75,38.987,4.051,4.596,1.7567633779655252,1.7567562002368289,1.7567562002368289,1.7567633779655252,1.8305257644994208,1.8304984791093228,1.8304984791093228,1.8305257644994208,0.96323334301551,0.963226241827446,0.963226241827446,0.96323334301551,0.2681660670263502,0.2681721066834575,0.2681721066834575,0.2681660670263502,15.325825520246417
350.0,30.811,23.887,4.746,3.03,1.7572468514934534,1.7572397856185091,1.7572397856185091,1.7572468514934534,1.8303950352006455,1.8303681748090967,1.8303681748090967,1.8303950352006455,0.962174490708321,0.9621646249470333,0.9621646249470333,0.962174490708321,0.268075966073257,0.2680850494013138,0.2680850494013138,0.268075966073257,15.318294484352403
350.0,30.887,88.761,5.357,3.929,1.7550651841745817,1.7550584825841036,1.7550584825841036,1.7550651841745817,1.8310178821262728,1.8309929305053123,1.8309929305053123,1.8310178821262728,0.9670098806814243,0.96700671125671,0.96700671125671,0.9670098806814243,0.2684953161420776,0.2684972375913476,0.2684972375913476,0.2684953161420776,15.350655797228226
350.0,30.966,50.497,6.209,3.239,1.756311202035831,1.7563041197739897,1.7563041197739897,1.7563112020353235,1.8306661808256448,1.8306392667564169,1.8306392667564169,1.8306661964763833,0.9642535788513482,0.9642488840538714,0.9642488840538714,0.9642535788513482,0.2682608073016096,0.2682646172691773,0.2682646172691773,0.2682608073016096,15.33156200994639
350.0,31.07,27.281,3.769,5.228,1.757051479215905,1.7570428037626011,1.7570428037626011,1.757051479215905,1.8304689747233684,1.8304344847954204,1.8304344847954204,1.8304689747233684,0.962633713286456,0.962622779549086,0.962622779549086,0.962633713286456,0.2681225130159768,0.2681320624652316,0.2681320624652316,0.2681225130159768,15.319981877159202
350.0,31.243,60.064,5.91,5.37,1.7559042642941645,1.7558976552056964,1.7558976552056964,1.7559042642941645,1.8307979496759144,1.8307733068078689,1.8307733068078689,1.8307979496759144,0.965183061931453,0.965177125738698,0.965177125738698,0.965183061931453,0.268348107157596,0.2683526046449339,0.2683526046449339,0.268348107157596,15.336329619825428
350.0,31.253,41.659,2.988,2.857,1.7565133326635982,1.7565065228184098,1.7565065228184098,1.7565133326635982,1.8306263302415224,1.8306006454956667,1.8306006454956667,1.8306263302415224,0.9638361300552204,0.9638297019225268,0.9638297019225268,0.9638361300552204,0.2682327901193222,0.2682382231760652,0.2682382231760652,0.2682327901193222,15.327148842104576
350.0,31.62,40.649,4.352,5.156,1.7564294975371897,1.756422758122542,1.756422758122542,1.7564294975371897,1.8306724309391875,1.8306471427932336,1.8306471427932336,1.8306724309391875,0.9640581720755518,0.9640524666378464,0.9640524666378464,0.9640581720755518,0.2682629305178334,0.2682678914894073,0.2682678914894073,0.2682629305178334,15.32663817982248
350.0,31.719,12.369,5.288,2.989,1.7573399583807767,1.7573330554865494,1.7573330554865494,1.7573399583807767,1.8304253905888368,1.8303994190320605,1.8303994190320605,1.8304253905888368,0.9620823914071353,0.9620313796827168,0.9620313796827168,0.9620823914071353,0.2680774462942725,0.2681182093623127,0.2681182093623127,0.2680774462942725,15.312535217031568
350.0,31.833,92.981,2.859,6.146,1.7546223593875236,1.7546163007580269,1.7546163007580269,1.7546223593875236,1.831205644493983,1.8311835742709333,1.8311835742709333,1.831205644493983,0.9680912133469836,0.9680876231491428,0.9680876231491428,0.9680912133469836,0.2686161941255987,0.2686184344572394,0.2686184344572394,0.2686161941255987,15.352744534382374
350.0,32.014,99.223,4.856,3.832,1.7543573531933194,1.7543513678202478,1.7543513678202478,1.7543573531933194,1.831295043137324,1.8312733184638048,1.8312733184638048,1.831295043137324,0.96870065259634,0.9686968031948872,0.9686968031948872,0.96870065259634,0.2686738680300873,0.2686762420906196,0.2686762420906196,0.2686738680300873,15.355857018106972
350.0,32.118,53.458,3.347,5.477,1.7558440400289312,1.7558371864681346,1.7558371864681346,1.7558440400289312,1.8308703356210492,1.8308446253071824,1.8308446253071824,1.8308703356210492,0.9654045731576456,0.9653996719745828,0.9653996719745828,0.9654045731576456,0.2683934840262753,0.2683973585127696,0.2683973585127696,0.2683934840262753,15.333018178638392
350.0,32.136,93.378,3.467,2.965,1.7545124612133225,1.7545059551711322,1.7545059551711322,1.7545124612133225,1.8312583139495489,1.8312342119738467,1.8312342119738467,1.8312583139495489,0.96836688370537,0.968363912663125,0.968363912663125,0.96836688370537,0.2686492076091776,0.268650965389949,0.268650965389949,0.2686492076091776,15.352937295531191
350.0,32.364,19.999,2.658,5.827,1.756878370526779,1.756871811692171,1.756871811692171,1.756878370526779,1.8305918759199968,1.8305672897407028,1.8305672897407028,1.8305918759199968,0.963154621194627,0.9631229859284433,0.9631229859284433,0.963154621194627,0.2681965055510307,0.2682219912765173,0.2682219912765173,0.2681965055510307,15.31632753963618
350.0,32.484,69.028,2.858,3.669,1.7552092182907078,1.755202845266886,1.755202845266886,1.7552092182907078,1.8310753216034117,1.8310518065904688,1.8310518065904688,1.8310753216034117,0.9668500473057012,0.9668457244493406,0.9668457244493406,0.9668500473057012,0.26852864009132,0.2685317657429784,0.2685317657429784,0.26852864009132,15.340778558353165
350.0,32.562,97.479,5.318,5.691,1.7542402459928044,1.7542334947216212,1.7542334947216212,1.7542402459928044,1.8313665060342723,1.8313411134223527,1.8313411134223527,1.8313665060342723,0.9690174226876324,0.969014404457466,0.969014404457466,0.9690174226876324,0.2687178717679521,0.2687196298326727,0.2687196298326727,0.2687178717679521,15.354976266398497
350.0,32.594,60.353,2.735,5.631,1.7554619042193107,1.755455982894081,1.755455982894081,1.7554619042193107,1.8310077352842629,1.8309863495536216,1.8309863495536216,1.8310077352842629,0.9662991707549252,0.9662944799756216,0.9662944799756216,0.9662991707549252,0.2684844510314234,0.268488023348408,0.268488023348408,0.2684844510314234,15.3364487299007
350.0,32.698,81.834,2.789,3.829,1.7547152311988907,1.7547091990331636,1.7547091990331636,1.7547152311988907,1.831232885248636,1.8312109495570328,1.8312109495570328,1.831232885248636,0.9679707980454232,0.9679669494274376,0.9679669494274376,0.9679707980454232,0.2686315694293,0.2686341354346627,0.2686341354346627,0.2686315694293,15.347165123764013
350.0,33.355,27.174,3.921,2.81,1.7563211223642867,1.756315400864472,1.756315400864472,1.7563211223642867,1.8308080021115247,1.8307874178374453,1.8307874178374453,1.8308080021115247,0.9644754554226634,0.9644614485506832,0.9644614485506832,0.9644754554226634,0.2683463811413625,0.2683582982082831,0.2683582982082831,0.2683463811413625,15.319886672788192
350.0,33.496,89.245,2.902,4.589,1.7542138426385754,1.7542082080398296,1.7542082080398296,1.7542138426385754,1.8314308631057843,1.831410716799598,1.831410716799598,1.8314308631057843,0.9691688341552762,0.969164315169286,0.969164315169286,0.9691688341552762,0.2687581831135835,0.2687611961793562,0.2687611961793562,0.2687581831135835,15.35084844156738
350.0,33.644,77.834,3.189,3.273,1.7545453749458384,1.7545387723667711,1.7545387723667711,1.7545453749458384,1.831344130209035,1.8313195653824168,1.8313195653824168,1.831344130209035,0.9684445885454632,0.9684403097381103,0.9684403097381103,0.9684445885454632,0.2687004034904707,0.2687033163381951,0.2687033163381951,0.2687004034904707,15.34515115727102
350.0,33.888,18.195,2.621,4.018,1.7564467458692377,1.7564451469763331,1.7564451469763331,1.7564467458692377,1.8307947771446555,1.8307940730018273,1.8307940730018273,1.8307947771446555,0.9642520168172322,0.9642270679436244,0.9642270679436244,0.9642520168172322,0.2683381886198473,0.2683590438178975,0.2683590438178975,0.2683381886198473,15.31540020026038
350.0,33.904,87.52,5.479,6.073,1.754140723538425,1.7541346201035717,1.7541346201035717,1.754140723538425,1.8314797871820507,1.831457447315317,1.831457447315317,1.8314797871820507,0.9693726884485232,0.969369198158238,0.969369198158238,0.9693726884485232,0.268788389464595,0.2687906287454986,0.2687906287454986,0.268788389464595,15.349980262556558
350.0,34.026,88.363,5.686,5.224,1.75407358838306,1.7540672079155673,1.7540672079155673,1.75407358838306,1.8315083937368235,1.8314845235501855,1.8314845235501855,1.8315083937368235,0.9695353370942952,0.9695313696115864,0.9695313696115864,0.9695353370942952,0.2688058365734569,0.268808473159929,0.268808473159929,0.2688058365734569,15.35039888428124
350.0,34.423,28.613,5.037,3.564,1.7559318147232534,1.7559230224709703,1.7559230224709703,1.7559318147232534,1.830993668081323,1.830958249343859,1.830958249343859,1.830993668081323,0.9654457458855163,0.9654350889923786,0.9654350889923786,0.9654457458855163,0.2684627188131161,0.2684720804542575,0.2684720804542575,0.2684627188131161,15.320584376665092
350.0,34.58,52.82,5.143,4.823,1.755075451620577,1.7550693403247777,1.7550693403247777,1.755075451620577,1.831245516398312,1.8312230761116224,1.8312230761116224,1.831245516398312,0.9673566090469766,0.9673515612215068,0.9673515612215068,0.9673566090469766,0.2686342490552751,0.2686383494436324,0.2686383494436324,0.2686342490552751,15.332653950083822
350.0,34.761,47.169,3.285,5.314,1.755205369242644,1.755198591362621,1.755198591362621,1.755205369242644,1.8312206296217088,1.8311949634862907,1.8311949634862907,1.8312206296217088,0.9670869981964332,0.967080889558436,0.967080889558436,0.9670869981964332,0.2686159801694709,0.2686210481162268,0.2686210481162268,0.2686159801694709,15.329831975545218
350.0,34.963,59.139,6.379,5.857,1.7547423603790984,1.7547366749370616,1.7547366749370616,1.7547423603790984,1.8313667115518024,1.83134632686414,1.83134632686414,1.8313667115518024,0.9681361593631924,0.968129941483554,0.968129941483554,0.9681361593631924,0.2687123391877738,0.2687171290543891,0.2687171290543891,0.2687123391877738,15.335798912682431
350.0,34.983,67.26,2.729,2.715,1.7544664443339817,1.7544611589338033,1.7544611589338033,1.7544664443339817,1.8314490587110188,1.831430726041244,1.831430726041244,1.8314490587110188,0.968752500368695,0.9687469118697564,0.9687469118697564,0.968752500368695,0.2687663179558254,0.2687704625635377,0.2687704625635377,0.2687663179558254,15.339850035473024
350.0,35.043,80.207,5.409,4.168,1.7540178297951927,1.7540118998431111,1.7540118998431111,1.7540178297951927,1.8315886859065795,1.8315672382262216,1.8315672382262216,1.8315886859065795,0.969759839641474,0.9697562805180822,0.9697562805180822,0.969759839641474,0.2688558284648224,0.2688582554946394,0.2688582554946394,0.2688558284648224,15.346309197485636
350.0,35.224,64.556,6.061,5.477,1.7544796979984407,1.7544729105195782,1.7544729105195782,1.7544796979984407,1.8314640397140969,1.8314386256529256,1.8314386256529256,1.8314640397140969,0.9687474139918004,0.968743743020786,0.968743743020786,0.9687474139918004,0.268773882797157,0.2687766197444904,0.2687766197444904,0.268773882797157,15.338496488420676
350.0,35.642,20.056,4.936,3.522,1.7558242500461485,1.7558168711912523,1.7558168711912523,1.7558242500461485,1.8310967715674944,1.8310682128103184,1.8310682128103184,1.8310967715674944,0.9658050248460665,0.9657914147824468,0.9657914147824468,0.9658050248460665,0.2685282869478857,0.2685405965765939,0.2685405965765939,0.2685282869478857,15.3162952551273
350.0,35.772,63.622,3.486,4.275,1.7543341114424535,1.7543282056505312,1.7543282056505312,1.7543341114424535,1.8315400960762744,1.831518610051966,1.831518610051966,1.8315400960762744,0.9691252674094528,0.9691215050597504,0.9691215050597504,0.9691252674094528,0.2688227725711968,0.2688256673875301,0.2688256673875301,0.2688227725711968,15.338020545481324
350.0,35.798,33.705,5.366,4.44,1.7553198156438568,1.7553129545832002,1.7553129545832002,1.7553198156438568,1.8312522763627408,1.8312261702554689,1.8312261702554689,1.8312522763627408,0.9669369467524292,0.9669276927725828,0.9669276927725828,0.9669369467524292,0.2686324574183356,0.2686404924752892,0.2686404924752892,0.2686324574183356,15.323098137398448
350.0,35.942,11.826,4.696,3.364,1.756001746200362,1.7559950642777162,1.7559950642777162,1.756001746200362,1.831063337555241,1.831038130018582,1.831038130018582,1.831063337555241,0.9654637670890845,0.9654048367188444,0.9654048367188444,0.9654637670890845,0.2684887739574959,0.2685355489057523,0.2685355489057523,0.2684887739574959,15.312187162458653
350.0,36.089,76.196,4.692,2.639,1.7538156010948294,1.753809064887048,1.753809064887048,1.7538156010948294,1.8317179218755677,1.8316935109127432,1.8316935109127432,1.8317179218755677,0.9703155616947684,0.9703118970362156,0.9703118970362156,0.9703155616947684,0.2689350690588782,0.2689376504292286,0.2689376504292286,0.2689350690588782,15.344288137213438
350.0,36.11,49.977,5.705,4.613,1.7546786346714631,1.7546729257046896,1.7546729257046896,1.7546786346714631,1.831458147254688,1.8314375816360209,1.8314375816360209,1.831458147254688,0.968391078756298,0.9683850986517812,0.9683850986517812,0.968391078756298,0.2687685385380066,0.2687734579847781,0.2687734579847781,0.2687685385380066,15.33120760225885
350.0,36.157,75.93,2.915,5.962,1.753802266710124,1.7537963552943532,1.7537963552943532,1.753802266710124,1.8317246334460613,1.8317032786047145,1.8317032786047145,1.8317246334460613,0.9703516930621112,0.9703473703087628,0.9703473703087628,0.9703516930621112,0.2689399781085396,0.2689430229106751,0.2689430229106751,0.2689399781085396,15.344153916881243
350.0,36.355,23.23,4.537,2.702,1.7554895296468804,1.7554822274986506,1.7554822274986506,1.7554895296468804,1.8312385188684377,1.831210314640272,1.831210314640272,1.8312385188684377,0.9666199800727756,0.9666017536446656,0.9666017536446656,0.9666199800727756,0.2686177877201011,0.2686331783483413,0.2686331783483413,0.2686177877201011,15.317864616115797
350.0,36.429,96.044,5.539,5.761,1.753049002396268,1.7530429019655056,1.7530429019655056,1.753049002396268,1.831972771394608,1.8319502845177873,1.8319502845177873,1.831972771394608,0.9720657825295852,0.9720629346652891,0.9720629346652891,0.9720657825295852,0.2690969144142621,0.2690986588418169,0.2690986588418169,0.2690969144142621,15.354186916364476
350.0,36.526,88.412,2.988,4.549,1.7532702584941653,1.7532644369483714,1.7532644369483714,1.7532702584941653,1.8319100645557425,1.8318891294622857,1.8318891294622857,1.8319100645557425,0.9715786459918107,0.9715754011708748,0.9715754011708748,0.9715786459918107,0.2690575391661247,0.2690596260489686,0.2690596260489686,0.2690575391661247,15.350375796840115
350.0,36.602,19.804,5.977,4.054,1.755525209181811,1.755515692862648,1.755515692862648,1.755525209181811,1.8312491288590684,1.8312102823235372,1.8312102823235372,1.8312491288590684,0.9665659167706776,0.966550873920089,0.966550873920089,0.9665659167706776,0.2686216367036945,0.2686350328453618,0.2686350328453618,0.2686216367036945,15.31615230545337
350.0,36.836,51.867,3.771,6.414,1.754383132455846,1.7543763446618983,1.7543763446618983,1.754383132455846,1.831595071630792,1.831569429757537,1.831569429757537,1.831595071630792,0.9691220755723128,0.9691166032526451,0.9691166032526451,0.9691220755723128,0.2688535194041343,0.2688579873977466,0.2688579873977466,0.2688535194041343,15.332136496401
350.0,36.911,81.269,4.507,5.364,1.7533830948114084,1.7533779520111772,1.7533779520111772,1.7533830948114084,1.831898538753847,1.831880773033689,1.831880773033689,1.831898538753847,0.9713628861477313,0.9713587791102484,0.9713587791102484,0.9713628861477313,0.2690500416218006,0.269052900066114,0.269052900066114,0.2690500416218006,15.3468039420044
350.0,37.125,72.266,5.112,5.441,1.7536131774436423,1.7536072385781978,1.7536072385781978,1.7536131774436423,1.8318439109737388,1.8318222066878047,1.8318222066878047,1.8318439109737388,0.970869397431958,0.9708648482982308,0.9708648482982308,0.970869397431958,0.2690135585271873,0.2690169104310654,0.2690169104310654,0.2690135585271873,15.342307717202903
350.0,37.127,80.284,5.911,4.002,1.753347145860418,1.7533405741393198,1.7533405741393198,1.753347145860418,1.8319270284725917,1.831902299725811,1.831902299725811,1.8319270284725917,0.9714661507396084,0.9714619202578784,0.9714619202578784,0.9714661507396084,0.2690654110208005,0.2690683722149389,0.2690683722149389,0.2690654110208005,15.346308491333732
350.0,37.258,87.973,5.39,4.472,1.753050054224614,1.7530437971026367,1.7530437971026334,1.753050054224614,1.832026264465743,1.832003097335508,1.8320030973354688,1.832026264465743,0.9721448653408806,0.9721410703318653,0.9721410703318653,0.9721448653408806,0.2691283260938396,0.2691308442430244,0.2691308442430244,0.2691283260938396,15.350143034207363
350.0,37.373,63.176,2.538,6.208,1.7538347449754617,1.753829125572843,1.753829125572843,1.7538347449754617,1.8317914623092468,1.8317714942041936,1.8317714942041936,1.8317914623092468,0.9703981472435194,0.9703922564126952,0.9703922564126952,0.9703981472435194,0.2689796949456086,0.2689841634564074,0.2689841634564074,0.2689796949456086,15.337767830915276
350.0,37.636,28.951,5.105,3.242,1.7548868182483353,1.7548802936908283,1.7548802936908283,1.7548868182483353,1.83149449492508,1.8314699912777368,1.8314699912777368,1.83149449492508,0.9680805007748478,0.9680695488503562,0.9680695488503562,0.9680805007748478,0.2687849233628197,0.2687945325723603,0.2687945325723603,0.2687849233628197,15.320693357798486
350.0,37.687,56.589,2.967,3.055,1.7539525633589474,1.7539464118282917,1.7539464118282566,1.7539525633588091,1.8317772399775825,1.8317545493203593,1.8317545644306268,1.8317772248663176,0.97016552326567,0.9701606227041976,0.9701606227041976,0.97016552326567,0.2689693717603485,0.2689733089836024,0.2689733089836024,0.2689693717603485,15.334475937608383
350.0,37.704,71.301,5.03,3.518,1.7534591234617327,1.7534530251596394,1.7534530251596394,1.7534591234617327,1.8319285945765744,1.8319061254905165,1.8319061254905165,1.8319285945765744,0.9712709813194456,0.9712665174446592,0.9712665174446592,0.9712709813194456,0.2690657384716801,0.2690690288185109,0.2690690288185109,0.2690657384716801,15.341814930373484
350.0,37.727,61.993,5.13,2.566,1.75376056557217,1.7537540044817426,1.7537540044817426,1.75376056557217,1.8318391217259693,1.8318145296598367,1.8318145296598367,1.8318391217259693,0.9705991587657652,0.9705942464222396,0.9705942464222396,0.9705991587657652,0.2690081050591779,0.2690118829269068,0.2690118829269068,0.2690081050591779,15.337170841393457
350.0,37.731,34.936,3.2,4.17,1.754657372889844,1.7546511750263043,1.7546511750263043,1.7546573728898354,1.8315680559778127,1.831545170331073,1.831545170331073,1.8315680414524036,0.9686000193691856,0.9685895888332484,0.9685895888332484,0.9686000193691856,0.2688329301960119,0.2688417784256266,0.2688417784256266,0.2688329301960119,15.3236756828632
350.0,37.968,13.653,2.538,5.416,1.755288754662501,1.7552825902509408,1.7552825902509408,1.755288754662501,1.8313955892482168,1.8313731111979008,1.8313731111979008,1.8313955892482168,0.9672354798009132,0.9671917079159315,0.9671917079159315,0.9672354798009132,0.2687078070775722,0.2687431442106537,0.2687431442106537,0.2687078070775722,15.313060179819692
350.0,38.064,61.972,6.217,4.555,1.753653337500649,1.7536463634924264,1.7536463634924264,1.753653337500649,1.8318943811187471,1.83186771076922,1.83186771076922,1.8318943811187471,0.9708716418533948,0.9708678660731672,0.9708678660731672,0.9708716418533948,0.2690422049451651,0.2690451972615511,0.2690451972615511,0.2690422049451651,15.337153826238865
350.0,38.228,47.818,5.252,2.992,1.754070348646665,1.7540630786327818,1.7540630786327818,1.754070348646665,1.831778730988029,1.8317508070089883,1.8317508070089883,1.831778730988029,0.9699564236852964,0.9699509506054196,0.9699509506054196,0.9699564236852964,0.2689671864166331,0.2689717775931065,0.2689717775931065,0.2689671864166331,15.330091038726906
350.0,38.499,79.77,5.568,3.17,1.752923346081866,1.7529171137090953,1.7529171137090953,1.752923346081866,1.8321450414514733,1.832121827291167,1.832121827291167,1.8321450414514733,0.9725489234482017,0.9725457279297796,0.9725457279297796,0.9725489234482017,0.2692008099728753,0.2692030472853733,0.2692030472853733,0.2692008099728753,15.346026083891136
350.0,38.555,27.894,5.587,4.439,1.754626783267856,1.7546195325955385,1.7546195325955385,1.754626783267856,1.8316318191552117,1.8316038849093683,1.8316038849093683,1.8316318191552117,0.968750396203054,0.968738277512836,0.968738277512836,0.968750396203054,0.2688696627603346,0.2688802158970195,0.2688802158970195,0.2688696627603346,15.320149135365126
350.0,38.578,26.214,6.254,3.594,1.754673891040132,1.7546688922641835,1.7546688922641835,1.754673891040132,1.8316133471671323,1.831596263090984,1.831596263090984,1.8316133471671323,0.9686470424747008,0.9686310716755456,0.9686310716755456,0.9686470424747008,0.2688597523421439,0.2688733130650859,0.2688733130650859,0.2688597523421439,15.319310928690888
350.0,38.7,78.468,5.436,4.948,1.752901683433396,1.752895572327584,1.752895572327584,1.752901683433396,1.832164593104731,1.8321417810085612,1.8321417810085612,1.832164593104731,0.9726171275128102,0.9726135099513504,0.9726135099513504,0.9726171275128102,0.2692125922576767,0.2692152065423325,0.2692152065423325,0.2692125922576767,15.345372247961558
350.0,38.723,43.45,3.199,2.638,1.754054871434663,1.754049935522996,1.754049935522996,1.754054871434663,1.8318087709109163,1.8317919451075644,1.8317919451075644,1.8318087709109163,0.9700377248312804,0.9700293253192958,0.9700293253192958,0.9700377248312804,0.268987734470161,0.2689947014596227,0.2689947014596227,0.268987734470161,15.327903138162316
350.0,38.8,42.771,4.641,5.491,1.7540538578079372,1.754046623133242,1.754046623133242,1.7540538578079372,1.831819865826172,1.831791979012957,1.831791979012957,1.831819865826172,0.9700486646353134,0.970043017429016,0.970043017429016,0.9700486646353134,0.2689921128135116,0.2689970739341547,0.2689970739341547,0.2689921128135116,15.327562818692646
350.0,39.333,37.668,5.141,2.58,1.7540505002790243,1.7540451933353405,1.7540451933353405,1.7540505002790243,1.831849940435592,1.8318313371725372,1.8318313371725372,1.831849940435592,0.97010699016086,0.9700987047575012,0.9700987047575012,0.97010699016086,0.2690119684337455,0.2690191307838132,0.2690191307838132,0.2690119684337455,15.325007877949446
350.0,39.538,17.724,3.701,5.881,1.7546459852622938,1.754642703359974,1.754642703359974,1.7546459852622938,1.8316777705004132,1.8316690408931624,1.8316690408931624,1.8316777705004132,0.9688074977519016,0.9687768066366929,0.9687768066366929,0.9688074977519016,0.2688958279529818,0.2689210839797952,0.2689210839797952,0.2688958279529818,15.315060319892131
350.0,39.602,33.219,3.462,5.812,1.7541115878844282,1.754106218366553,1.754106218366553,1.7541115878844282,1.8318486943265315,1.8318295415199617,1.8318295415199617,1.8318486943265315,0.9699970114059158,0.9699879208277704,0.9699879208277704,0.9699970114059158,0.2690100732768152,0.269018101268167,0.269018101268167,0.2690100732768152,15.32278472927767
350.0,39.644,14.285,4.12,4.298,1.7547282745645487,1.7547209372119736,1.7547209372119736,1.7547282745645487,1.831670399115383,1.8316420197765988,1.8316420197765988,1.831670399115383,0.968641017755892,0.9686070108849508,0.9686070108849508,0.968641017755892,0.2688831261783223,0.2689112522097613,0.2689112522097613,0.2688831261783223,15.313343653244669
350.0,39.752,49.04,3.814,6.346,1.7535386818702274,1.7535327414929676,1.7535327414929676,1.7535386818702274,1.8320346974135413,1.8320127362735108,1.8320127362735108,1.8320346974135413,0.9712908571607048,0.971285517599851,0.971285517599851,0.9712908571607048,0.2691283502919164,0.2691329117252818,0.2691329117252818,0.2691283502919164,15.330671395984767
350.0,39.959,25.195,4.607,3.382,1.7542638003918656,1.754257125749779,1.754257125749779,1.7542638003918656,1.8318285839069008,1.8318031814248372,1.8318031814248372,1.8318285839069008,0.9696945764549808,0.9696827589110903,0.9696827589110903,0.9696945764549808,0.2689932410386122,0.269003850448683,0.269003850448683,0.2689932410386122,15.318776775337296
350.0,39.961,19.525,5.493,3.216,1.7544510085875538,1.754445623843012,1.754445623843012,1.7544510085875538,1.831768588484208,1.8317494371059024,1.8317494371059024,1.831768588484208,0.9692802111439492,0.9692595658326696,0.9692595658326696,0.9692802111439492,0.2689535914938273,0.2689712388237072,0.2689712388237072,0.2689535914938273,15.315950100643704
350.0,39.965,67.137,2.897,6.257,1.7528705516786078,1.7528640648974134,1.7528640648974134,1.7528705516786078,1.8322565335903689,1.8322321140263855,1.8322321140263855,1.8322565335903689,0.9728091365328944,0.9728051986989724,0.9728051986989724,0.9728091365328944,0.2692671327450267,0.2692701711350797,0.2692701711350797,0.2692671327450267,15.339694768515956
350.0,40.082,86.502,4.034,3.979,1.752191433440506,1.7521853088618915,1.7521853088618915,1.752191433440506,1.832476661947775,1.8324539713061845,1.8324539713061845,1.832476661947775,0.9743469838463872,0.9743439428984836,0.9743439428984836,0.9743469838463872,0.2694047081490514,0.2694067575771915,0.2694067575771915,0.2694047081490514,15.34935514760552
350.0,40.24,64.435,2.576,3.257,1.7528713486678986,1.7528651601601024,1.7528651601601024,1.7528713486678986,1.8322732980192569,1.8322501914511529,1.8322501914511529,1.8322732980192569,0.9728337499119176,0.9728290538225368,0.9728290538225368,0.9728337499119176,0.2692772099889025,0.26928088278844,0.26928088278844,0.2692772099889025,15.338341834851686
350.0,40.358,46.363,3.692,5.429,1.75343252779193,1.7534262779546166,1.7534262779546166,1.75343252779193,1.8321068232095048,1.832083660572356,1.832083660572356,1.8321068232095048,0.9715883127380324,0.971580522572318,0.971580522572318,0.9715883127380324,0.2691713035980961,0.2691777305079828,0.2691777305079828,0.2691713035980961,15.329325119283483
350.0,40.381,56.684,4.213,2.985,1.753082592597916,1.7530765647714142,1.7530765647714142,1.753082592597916,1.8322161476540464,1.832193974862335,1.832193974862335,1.8322161476540464,0.9723730585480505,0.9723683927564613,0.9723683927564613,0.9723730585480505,0.2692414721551375,0.2692452853692455,0.2692452853692455,0.2692414721551375,15.334472519186551
350.0,40.424,99.667,3.165,3.75,1.7516460525625517,1.751640153235036,1.751640153235036,1.7516460525625517,1.8326720082324224,1.8326504177812049,1.8326504177812049,1.8326720082324224,0.9756098015157264,0.9756060520189416,0.9756060520189416,0.9756098015157264,0.2695246209424614,0.2695270548540741,0.2695270548540741,0.2695246209424614,15.355919363873875
350.0,40.428,18.307,5.626,5.593,1.754341117702686,1.7543353541863207,1.7543353541863207,1.754341117702686,1.831832211880621,1.831811092991943,1.831811092991943,1.831832211880621,0.969569625167444,0.969550808010878,0.969550808010878,0.969569625167444,0.268993273604048,0.269009735212934,0.269009735212934,0.268993273604048,15.31533410533426
350.0,40.544,57.927,5.391,2.95,1.7529891663348642,1.7529830998613662,1.7529830998613662,1.7529891663348642,1.8322557042639047,1.8322332543722348,1.8322332543722348,1.8322557042639047,0.9725984339542993,0.9725931969931167,0.9725931969931167,0.9725984339542993,0.2692656579051912,0.2692698750614247,0.2692698750614247,0.2692656579051912,15.335089561228614
350.0,40.724,43.194,6.206,5.9,1.7534196375941868,1.753413731426939,1.753413731426939,1.7534196375941868,1.832133306042163,1.832111521436384,1.832111521436384,1.832133306042163,0.971651477016996,0.971644255502068,0.971644255502068,0.971651477016996,0.2691879245595558,0.2691941048041114,0.2691941048041114,0.2691879245595558,15.32773782820152
350.0,40.804,75.679,3.894,5.956,1.7523176544599202,1.7523113090771136,1.7523113090771136,1.7523176544599202,1.8324841061305208,1.8324604299707727,1.8324604299707727,1.8324841061305208,0.9741320453030596,0.9741285595394334,0.9741285595394334,0.9741320453030596,0.269407578667938,0.2694101015900223,0.2694101015900223,0.269407578667938,15.343940631761926
350.0,41.003,51.305,6.421,5.436,1.7530608240943737,1.7530545381669642,1.7530545381669642,1.7530608240943737,1.8322635528134457,1.8322401563095208,1.8322401563095208,1.8322635528134457,0.9724811931709164,0.9724772964296878,0.9724772964296878,0.9724811931709164,0.2692698049376264,0.2692732251366032,0.2692732251366032,0.2692698049376264,15.331777560167891
350.0,41.211,58.479,3.642,5.84,1.7527556495003913,1.7527504674578216,1.7527504674578251,1.7527556495003913,1.832369387625364,1.8323514264757728,1.8323514119036928,1.832369387625364,0.973185695550532,0.9731798761944616,0.9731798761944616,0.973185695550532,0.2693365150006253,0.2693411203272111,0.2693411203272111,0.2693365150006253,15.335351843904752
350.0,41.228,27.839,6.266,6.091,1.7537672874320342,1.7537599676660902,1.7537599676660902,1.7537672874320342,1.8320621757429945,1.8320337763862848,1.8320337763862848,1.8320621757429945,0.9709257479577308,0.9709141348147412,0.9709141348147412,0.9709257479577308,0.2691380286893142,0.2691482770566816,0.2691482770566816,0.2691380286893142,15.320071486047492
350.0,41.265,20.441,5.798,6.496,1.7540015630222,1.753993482634384,1.753993482634384,1.7540015630222,1.8319946908025655,1.831962601147912,1.831962601147912,1.8319946908025655,0.9704083653170222,0.9703934734378266,0.9703934734378266,0.9704083653170222,0.2690926775096065,0.2691060109432619,0.2691060109432619,0.2690926775096065,15.31638205834946
350.0,41.583,52.898,6.107,4.528,1.75282097198519,1.7528151742914075,1.7528151742914075,1.75282097198519,1.8323743464586797,1.8323532895946175,1.8323532895946175,1.8323743464586797,0.9730746776778456,0.9730695160288038,0.9730695160288038,0.9730746776778456,0.2693382718733372,0.2693425762849493,0.2693425762849493,0.2693382718733372,15.332561135498064
350.0,41.636,48.477,4.75,6.433,1.7529507145221606,1.75294413493388,1.75294413493388,1.7529507145221606,1.8323395928857764,1.8323146826721048,1.8323146826721048,1.8323395928857764,0.972788804505904,0.9727852910633378,0.9727852910633378,0.972788804505904,0.2693157174360608,0.2693189471383172,0.2693189471383172,0.2693157174360608,15.330355253693297
350.0,41.702,96.845,2.755,2.666,1.7513285930159557,1.7513223890891587,1.7513223890891587,1.7513285930159557,1.8328584287704304,1.8328353553656187,1.8328353553656187,1.8328584287704304,0.9764482463760156,0.9764451397341968,0.9764451397341968,0.9764482463760156,0.2696366066980882,0.2696385844694817,0.2696385844694817,0.2696366066980882,15.354486101508709
350.0,41.706,97.553,6.361,3.679,1.7513036768407462,1.751297561696354,1.751297561696354,1.7513036768407462,1.832866633686679,1.8328441174798924,1.8328441174798924,1.832866633686679,0.9765048187033,0.976502072412783,0.976502072412783,0.9765048187033,0.2696418407889462,0.2696435372552583,0.2696435372552583,0.2696418407889462,15.354839536048528
350.0,41.737,73.706,2.649,3.605,1.7520824267159982,1.752076280973187,1.752076280973187,1.7520824267159982,1.8326187151322653,1.8325957911657575,1.8325957911657575,1.8326187151322653,0.9747499583725934,0.9747467373429702,0.9747467373429702,0.9747499583725934,0.2694895582904119,0.2694919803617719,0.2694919803617719,0.2694895582904119,15.34293863074387
350.0,41.743,99.074,4.031,5.092,1.751241646111718,1.7512356330551233,1.7512356330551233,1.751241646111718,1.8328887950967612,1.8328666272483716,1.8328666272483716,1.8328887950967612,0.9766483173211042,0.976645687220603,0.976645687220603,0.9766483173211042,0.2696554866860959,0.269657109390092,0.269657109390092,0.2696554866860959,15.355597783709708
350.0,41.756,98.23,3.973,3.147,1.7512647440069071,1.7512595992386026,1.7512595992386026,1.7512647440069071,1.8328799673386167,1.8328618442317524,1.8328618442317524,1.8328799673386167,0.9765966746867052,0.9765933696413158,0.9765933696413158,0.9765966746867052,0.2696510934013017,0.269653248267127,0.269653248267127,0.2696510934013017,15.35517628985029
350.0,41.843,13.914,2.724,4.033,1.7540309535964422,1.754024846236649,1.754024846236649,1.7540309535963368,1.8320171702185033,1.8319946000178453,1.8319946000178453,1.832017170218076,0.9704066203680556,0.9703696843449194,0.9703696843449194,0.9704066203680556,0.2691003801174169,0.2691307758419793,0.2691307758419793,0.2691003801174169,15.313117369768372
350.0,41.923,73.254,5.863,3.518,1.7520373591810217,1.7520313408113877,1.7520313408113877,1.7520373591810217,1.8326447400397248,1.832622532328127,1.832622532328127,1.8326447400397248,0.9748693491925388,0.9748653368481972,0.9748653368481972,0.9748693491925388,0.2695052473045634,0.2695082428394236,0.2695082428394236,0.2695052473045634,15.342709564428665
350.0,42.137,11.911,6.222,3.95,1.7540030410540888,1.7539959292387444,1.7539959292387444,1.7540030410540888,1.832047223853547,1.8320199129032344,1.8320199129032344,1.832047223853547,0.9705079471601812,0.9704516248919436,0.9704516248919436,0.9705079471601812,0.2691098804533335,0.2691548458084212,0.2691548458084212,0.2691098804533335,15.31211341823559
350.0,42.147,86.677,3.908,3.986,1.7515214825225207,1.7515152274295829,1.7515152274295829,1.7515214825225207,1.8328253939612564,1.8328019947919687,1.8328019947919687,1.8328253939612564,0.9760544970356566,0.9760509883259698,0.9760509883259698,0.9760544970356566,0.2696155400599577,0.2696179565732543,0.2696179565732543,0.2696155400599577,15.349403007971222
350.0,42.514,30.259,4.219,4.513,1.7532709885408673,1.7532659888687965,1.7532659888687965,1.7532709885408673,1.8322916611896916,1.832274342067104,1.832274342067104,1.8322916611896916,0.9721553982512928,0.972145357860704,0.972145357860704,0.9721553982512928,0.2692840280797241,0.2692929763730221,0.2692929763730221,0.2692840280797241,15.32125359416628
350.0,42.769,95.072,4.111,5.713,1.751043236095012,1.7510378404145377,1.7510378404145377,1.751043236095012,1.8330191552124728,1.8329998461762804,1.8329998461762804,1.8330191552124728,0.9771935073550108,0.9771903198828376,0.9771903198828376,0.9771935073550108,0.2697339324049235,0.2697360394671501,0.2697360394671501,0.2697339324049235,15.353580806732992
350.0,42.953,40.193,2.815,3.058,1.7528003549472564,1.75279475291176,1.75279475291176,1.7528003549472564,1.8324688834879388,1.8324486463285732,1.8324486463285732,1.8324688834879388,0.9732518105695144,0.9732444473918992,0.9732444473918992,0.9732518105695144,0.2693938576158462,0.2694002870967085,0.2694002870967085,0.2693938576158462,15.326198729059724
350.0,42.992,78.524,3.205,4.282,1.7515187526645946,1.751512799604529,1.751512799604529,1.7515187526645946,1.832880800880736,1.8328589322001785,1.8328589322001785,1.832880800880736,0.9761403493024828,0.9761359621078572,0.9761359621078572,0.9761403493024828,0.2696482285906859,0.2696514124175281,0.2696514124175281,0.2696482285906859,15.34531852127933
350.0,43.202,69.871,3.996,3.279,1.7517369558939129,1.7517316828688707,1.7517316828688707,1.7517369558939129,1.8328223997533952,1.832803646651156,1.832803646651156,1.8328223997533952,0.9756667717248017,0.9756621026033508,0.9756621026033508,0.9756667717248017,0.2696130945176681,0.2696166550608265,0.2696166550608265,0.2696130945176681,15.340997199112527
350.0,43.263,80.977,5.57,4.355,1.7513502392062352,1.7513443692408712,1.7513443692408712,1.7513502392062352,1.8329528594566684,1.8329313644446903,1.8329313644446903,1.8329528594566684,0.9765459758447544,0.9765424563319202,0.9765424563319202,0.9765459758447544,0.2696921876784604,0.2696947044274794,0.2696947044274794,0.2696921876784604,15.346537257739763
350.0,43.819,20.579,3.234,2.748,1.7531714847399489,1.7531656366649833,1.7531656366649833,1.7531714847399489,1.8324087296393463,1.832387086379156,1.832387086379156,1.8324087296393463,0.97250691269853,0.9724881314386749,0.9724881314386749,0.97250691269853,0.2693498072693366,0.2693660817498504,0.2693660817498504,0.2693498072693366,15.316402740957786
350.0,43.856,42.482,2.719,3.55,1.7524329343889318,1.7524275173400408,1.7524275173400408,1.7524329343889318,1.8326425159404345,1.8326232614221167,1.8326232614221167,1.8326425159404345,0.9741616870837768,0.9741548623558526,0.9741548623558526,0.9741616870837768,0.2695004900132116,0.2695064294394038,0.2695064294394038,0.2695004900132116,15.327323025317892
350.0,43.885,86.899,3.942,5.861,1.7509536167348898,1.750948467568644,1.750948467568644,1.7509536167348898,1.833120900720226,1.8331027773434911,1.8331027773434911,1.833120900720226,0.9775006686066487,0.9774967411808428,0.9774967411808428,0.9775006686066487,0.2697942428922029,0.2697970092556854,0.2697970092556854,0.2697942428922029,15.349480432158966
350.0,44.058,54.394,5.355,3.08,1.751973652194337,1.7519676611909545,1.7519676611909545,1.751973652194337,1.8328040225106013,1.832781839721338,1.832781839721338,1.8328040225106013,0.9752141869236752,0.975209375199606,0.975209375199606,0.9752141869236752,0.2695993062349111,0.2696033514515913,0.2696033514515913,0.2695993062349111,15.333259607138263
350.0,44.195,83.443,2.759,5.321,1.7509682685398864,1.7509623051267913,1.7509623051267913,1.7509682685398864,1.8331387868949016,1.8331168805092757,1.8331168805092757,1.8331387868949016,0.9774971101322888,0.977493958855988,0.977493958855988,0.9774971101322888,0.269803698373875,0.2698059071373752,0.2698059071373752,0.269803698373875,15.347749488250198
350.0,44.217,94.341,6.282,6.498,1.7506007957660936,1.750595436757888,1.750595436757888,1.7506007957660936,1.8332595925976256,1.8332402966110397,1.8332402966110397,1.8332595925976256,0.9783312155019847,0.9783280056440132,0.9783280056440132,0.9783312155019847,0.2698772861536868,0.2698794863579672,0.2698794863579672,0.2698772861536868,15.353187667587454
350.0,44.337,44.465,4.979,3.507,1.7522117227135543,1.7522064566744275,1.7522064566744275,1.7522117227135543,1.8327439124928848,1.8327252535498908,1.8327252535498908,1.8327439124928848,0.9747047326384196,0.974697095730304,0.974697095730304,0.9747047326384196,0.2695620376173787,0.2695685152693763,0.2695685152693763,0.2695620376173787,15.328302548060304
350.0,44.423,59.015,5.973,4.635,1.751702378491738,1.7516968108115567,1.7516968108115567,1.751702378491738,1.8329140690128496,1.83289403685342,1.83289403685342,1.8329140690128496,0.9758598920147876,0.9758545214787075,0.9758545214787075,0.9758598920147876,0.2696665302824596,0.2696708668327881,0.2696708668327881,0.2696665302824596,15.33555759963734
350.0,44.598,96.668,2.802,3.791,1.750401495083978,1.7503956928828537,1.7503956928828537,1.750401495083978,1.8333517940713504,1.833330501515356,1.833330501515356,1.8333517940713504,0.978819309658728,0.978816103837929,0.978816103837929,0.978819309658728,0.2699316194568603,0.2699337379307562,0.2699337379307562,0.2699316194568603,15.354341439922674
350.0,44.723,69.864,6.117,2.685,1.7512468986212126,1.7512411190383417,1.7512411190383417,1.7512468986212126,1.8330818276130156,1.8330607371503385,1.8330607371503385,1.8330818276130156,0.9769160948359747,0.976911876076699,0.976911876076699,0.9769160948359747,0.2697683904069902,0.2697716372823748,0.2697716372823748,0.2697683904069902,15.340964366619078
350.0,44.734,17.79,6.077,3.171,1.752969728682758,1.7529608170942903,1.7529608170942903,1.752969728682758,1.8325385256379787,1.8325018937701976,1.8325018937701976,1.8325385256379787,0.9730520967197968,0.9730263379386924,0.9730263379386924,0.9730520967197968,0.269421784147712,0.2694435206065811,0.2694435206065811,0.269421784147712,15.314995260477357
350.0,44.821,96.736,5.769,2.867,1.7503272150816378,1.7503219107537404,1.7503219107537404,1.7503272150816378,1.8333899736018788,1.833371011737695,1.833371011737695,1.8333899736018788,0.9790080104896935,0.9790049255269256,0.9790049255269256,0.9790080104896935,0.2699549611520142,0.2699570180730538,0.2699570180730538,0.2699549611520142,15.354371079396342
350.0,45.021,95.281,5.522,4.289,1.7503105762456197,1.7503054980470418,1.7503054980470418,1.7503105762456197,1.833408034918115,1.833390269727287,1.833390269727287,1.833408034918115,0.979064368746873,0.9790605440158968,0.9790605440158968,0.979064368746873,0.2699656851595003,0.2699682830276364,0.2699682830276364,0.2699656851595003,15.353641222553218
350.0,45.471,38.33,3.99,3.682,1.7520489347583004,1.752043387634164,1.752043387634164,1.7520489347583004,1.8328702528491307,1.83285022827956,1.83285022827956,1.8328702528491307,0.9751771523173068,0.9751696520819126,0.9751696520819126,0.9751771523173068,0.2696374206184933,0.269644079775655,0.269644079775655,0.2696374206184933,15.325221286936562
350.0,45.532,35.298,4.33,6.095,1.7521300582078931,1.75212361556675,1.75212361556675,1.7521300582078931,1.8328505601675964,1.83282625136384,1.83282625136384,1.8328505601675964,0.9750013880137725,0.9749936614517964,0.9749936614517964,0.9750013880137725,0.2696237773498957,0.2696307836652173,0.2696307836652173,0.2696237773498957,15.323708305651827
350.0,45.697,28.674,6.439,4.992,1.752295531159459,1.752290757489774,1.752290757489774,1.752295531159459,1.8328038722781024,1.8327875115286367,1.8327875115286367,1.8328038722781024,0.9746453579870736,0.974631732058096,0.974631732058096,0.9746453579870736,0.269595078501241,0.2696068188600987,0.2696068188600987,0.269595078501241,15.320402728557228
350.0,45.86,82.498,5.789,4.358,1.7504625556597575,1.750456505446353,1.750456505446353,1.7504625556597575,1.833415548761173,1.8333929117908967,1.8333929117908967,1.833415548761173,0.9787977203761992,0.9787942089236246,0.9787942089236246,0.9787977203761992,0.2699678973417941,0.2699704586898135,0.2699704586898135,0.2699678973417941,15.347245867510766
350.0,45.862,30.027,4.892,5.741,1.752197687532964,1.7521921791430202,1.7521921791430202,1.752197687532964,1.832847880389987,1.832828033473489,1.832828033473489,1.832847880389987,0.9748810075272826,0.9748687020368092,0.9748687020368092,0.9748810075272826,0.2696211977616478,0.2696318958912262,0.2696318958912262,0.2696211977616478,15.321074036894428
350.0,45.87,59.972,4.974,2.793,1.7512034922605646,1.7511982085550206,1.7511982085550206,1.7512034922605646,1.8331698613959129,1.8331510213017184,1.8331510213017184,1.8331698613959129,0.9771203626760216,0.977115286218564,0.977115286218564,0.9771203626760216,0.2698205610429416,0.2698246917467193,0.2698246917467193,0.2698205610429416,15.336007494432703
350.0,46.164,86.684,3.621,2.79,1.7502257081011796,1.7502204658907958,1.7502204658907958,1.7502257081011796,1.8335125127490632,1.8334939373351375,1.8334939373351375,1.8335125127490632,0.9793628979116796,0.9793587521851908,0.9793587521851908,0.9793628979116796,0.2700264709128641,0.2700294314670493,0.2700294314670493,0.2700264709128641,15.349328695597316
350.0,46.295,20.065,4.049,3.907,1.752388824267516,1.7523815605226083,1.7523815605226083,1.752388824267516,1.8328192359746456,1.8327910016907112,1.8327910016907112,1.8328192359746456,0.9744964880729596,0.9744779177590704,0.9744779177590704,0.9744964880729596,0.2695977892016592,0.2696139411799953,0.2696139411799953,0.2695977892016592,15.316099188588415
350.0,46.485,63.285,3.04,3.684,1.750895966860483,1.7508896592155374,1.7508896592155374,1.750895966860483,1.8333140916366728,1.8332903426164433,1.8332903426164433,1.8333140916366728,0.9778737057146974,0.977869413976357,0.977869413976357,0.9778737057146974,0.2699055143821279,0.2699089814889247,0.2699089814889247,0.2699055143821279,15.337648239375715
350.0,46.559,13.395,4.668,6.31,1.7525238776862473,1.7525180034275665,1.7525180034275665,1.7525238776862473,1.832789207489176,1.8327673688121973,1.8327673688121973,1.832789207489176,0.9742294155435822,0.9741831777242084,0.9741831777242084,0.9742294155435822,0.2695706017451062,0.2696080501478661,0.2696080501478661,0.2695706017451062,15.312769170951215
350.0,46.586,35.952,4.284,3.891,1.751766882343632,1.751762083261138,1.751762083261138,1.751766882343632,1.8330319186579307,1.8330153341727624,1.8330153341727624,1.8330319186579307,0.975915527264227,0.9759073080496178,0.9759073080496178,0.975915527264227,0.2697352491042245,0.2697426034799952,0.2697426034799952,0.2697352491042245,15.324014466503074
350.0,46.596,75.308,3.647,3.952,1.7504622826564171,1.750456468824377,1.750456468824377,1.7504622826564171,1.833463609666505,1.833442221046676,1.833442221046676,1.833463609666505,0.9788654741894404,0.978862608470036,0.978862608470036,0.9788654741894404,0.2699964611007709,0.2699986475311225,0.2699986475311225,0.2699964611007709,15.343644142257098
350.0,46.862,74.776,6.009,4.472,1.750393998361769,1.750388332974168,1.750388332974168,1.750393998361769,1.833503684852128,1.833482930317596,1.833482930317596,1.833503684852128,0.9790452079257544,0.9790412736578608,0.9790412736578608,0.9790452079257544,0.2700198469208196,0.2700228671143442,0.2700228671143442,0.2700198469208196,15.343373486783372
350.0,47.023,11.16,3.606,4.932,1.7524482568533943,1.7524413754927215,1.7524413754927215,1.7524482568533943,1.8328461364068187,1.832819601330543,1.832819601330543,1.8328461364068187,0.974452800256274,0.9743879182551056,0.9743879182551056,0.974452800256274,0.2695962465809287,0.2696477856491266,0.2696477856491266,0.2695962465809287,15.311646729157838
350.0,47.387,32.644,3.415,6.24,1.7516175693376923,1.7516123586180616,1.7516123586180616,1.7516175693376923,1.8331337347588856,1.8331152971844136,1.8331152971844136,1.8331337347588856,0.9763279849260584,0.976316959473128,0.976316959473128,0.9763279849260584,0.2697943187159646,0.2698039355030957,0.2698039355030957,0.2697943187159646,15.322349745934568
350.0,48.005,47.368,4.482,6.066,1.7509305306072374,1.7509250112251769,1.7509250112251769,1.7509305306072374,1.833400466835676,1.8333804604169104,1.8333804604169104,1.833400466835676,0.9779343175946846,0.9779292180643424,0.9779292180643424,0.9779343175946846,0.2699564471559782,0.2699609991704209,0.2699609991704209,0.2699564471559782,15.329679626024683
350.0,48.09,20.561,5.346,3.962,1.7517895734226672,1.7517857357837496,1.7517857357837496,1.7517895734226672,1.8331198734145593,1.8331078957948104,1.8331078957948104,1.8331198734145593,0.9760079591415474,0.9759869942713116,0.9759869942713116,0.9760079591415474,0.2697830349060622,0.2698009905337885,0.2698009905337885,0.2697830349060622,15.3163121962278
350.0,48.145,28.46,2.884,4.8,1.7515112803368842,1.7515056507485578,1.7515056507485578,1.7515112803368842,1.8332187653625127,1.833198334634438,1.833198334634438,1.8332187653625127,0.9766359491525256,0.976628490461738,0.976628490461738,0.9766359491525256,0.2698455563759632,0.2698528237255746,0.2698528237255746,0.2698455563759632,15.32024889332772
350.0,48.27,85.42,5.151,3.634,1.7495876987248034,1.7495821832866574,1.7495821832866574,1.7495876987248034,1.833867998919364,1.833848043375428,1.833848043375428,1.833867998919364,0.9810059977837288,0.98100274229114,0.98100274229114,0.9810059977837288,0.2702352705255823,0.2702376218187088,0.2702376218187088,0.2702352705255823,15.348656936819095
350.0,48.454,42.893,4.831,5.634,1.750933841208107,1.7509272582496953,1.7509272582496953,1.750933841208107,1.8334315173851288,1.8334063543578047,1.8334063543578047,1.8334315173851288,0.9779690654036912,0.9779638323270428,0.9779638323270428,0.9779690654036912,0.2699730009088884,0.2699778267338059,0.2699778267338059,0.2699730009088884,15.32743921926082
350.0,48.633,21.833,6.393,5.927,1.7515732516967912,1.751566555746222,1.751566555746222,1.7515732516967912,1.8332330486385249,1.8332075694464685,1.8332075694464685,1.8332330486385249,0.9765446139424164,0.976531758835733,0.976531758835733,0.9765446139424164,0.2698498576238643,0.2698616707181976,0.2698616707181976,0.2698498576238643,15.31693567024376
350.0,48.708,15.42,5.196,3.249,1.751760594600224,1.7517554166630316,1.7517554166630316,1.751760594600224,1.8331726524232603,1.8331543264087848,1.8331543264087848,1.8331726524232603,0.9761365814328318,0.9761048315780388,0.9761048315780388,0.9761365814328318,0.2698082385613027,0.2698347476289254,0.2698347476289254,0.2698082385613027,15.313737320135276
350.0,48.867,84.972,6.076,5.495,1.749409482719585,1.7494040469310916,1.7494040469310916,1.749409482719585,1.8339684679987012,1.833948939111864,1.833948939111864,1.8339684679987012,0.9814662711301904,0.981462652233564,0.981462652233564,0.9814662711301904,0.2702938602424975,0.2702964859315728,0.2702964859315728,0.2702938602424975,15.348421471743976
350.0,48.879,10.426,2.766,3.318,1.751871402809592,1.751864949344615,1.751864949344615,1.751871402809592,1.8331511480563225,1.8331267442175925,1.8331267442175925,1.8331511480563225,0.9759300710655984,0.97584624813481,0.97584624813481,0.9759300710655984,0.2697735451674942,0.2698391639692981,0.2698391639692981,0.2697735451674942,15.311244662178986
350.0,48.899,21.578,2.601,2.656,1.751493838383012,1.7514903323221869,1.7514903323221869,1.751493838383012,1.833267939017152,1.8332577183253904,1.8332577183253904,1.833267939017152,0.9767469339807892,0.9767287968888072,0.9767287968888072,0.9767469339807892,0.2698733870249261,0.2698891678131681,0.2698891678131681,0.2698733870249261,15.316803176251447
350.0,49.265,54.44,6.101,3.343,1.7502889429292998,1.7502833871343637,1.7502833871343637,1.7502889429292998,1.8336972474929747,1.8336771036995676,1.8336771036995676,1.8336972474929747,0.9795034824843052,0.9794971229337448,0.9794971229337448,0.9795034824843052,0.2701320081701368,0.270137267595046,0.270137267595046,0.2701320081701368,15.333182316789484
350.0,49.682,25.094,5.775,3.061,1.7511245065203684,1.7511191493000602,1.7511191493000602,1.7511245065203684,1.833445914147825,1.8334264508142175,1.8334264508142175,1.833445914147825,0.9776522118180356,0.9776385956519033,0.9776385956519033,0.9776522118180356,0.2699784875364265,0.2699906611397834,0.2699906611397834,0.2699784875364265,15.318541003720656
350.0,49.788,46.383,2.923,6.494,1.75038589150162,1.7503804923340522,1.7503804923340522,1.75038589150162,1.833698902518932,1.833679621880624,1.833679621880624,1.833698902518932,0.9793297464330156,0.9793252672040615,0.9793252672040615,0.9793297464330156,0.2701333386657504,0.2701374790009507,0.2701374790009507,0.2701333386657504,15.329153863357472
350.0,50.234,11.502,4.018,5.628,1.7513964236281607,1.7513894761641438,1.7513894761641438,1.7513964236281607,1.8333959934129824,1.8333690128018891,1.8333690128018891,1.8333959934129824,0.9771128812644252,0.9770529847507352,0.9770529847507352,0.9771128812644252,0.2699281240095594,0.2699760018475638,0.2699760018475638,0.2699281240095594,15.311755244003464
350.0,50.324,99.063,6.349,6.208,1.748473824825088,1.748468871091443,1.748468871091443,1.748473824825088,1.8343880420666303,1.8343706137042224,1.8343706137042224,1.8343880420666303,0.9837336430105236,0.9837299557916228,0.9837299557916228,0.9837336430105236,0.2705383348037308,0.2705408739036686,0.2705408739036686,0.2705383348037308,15.355424854474222
350.0,50.382,57.985,4.833,4.946,1.749810549943809,1.749804709600845,1.749804709600845,1.749810549943809,1.8339336918471785,1.8339123162876632,1.8339123162876632,1.8339336918471785,0.9806903361544468,0.9806859789254904,0.9806859789254904,0.9806903361544468,0.27027127113615,0.2702749601659155,0.2702749601659155,0.27027127113615,15.334928246485664
350.0,50.392,81.157,4.822,5.275,1.7490422689214136,1.7490369124502867,1.7490369124502867,1.7490422689214136,1.8341964310388688,1.834177117300404,1.834177117300404,1.8341964310388688,0.9824409955273544,0.982437097172992,0.982437097172992,0.9824409955273544,0.2704261905615307,0.2704291099846666,0.2704291099846666,0.2704261905615307,15.346487856705918
350.0,50.525,80.664,5.942,5.468,1.7490152517840087,1.7490101089623913,1.7490101089623913,1.7490152517840087,1.834214078752749,1.8341958135279148,1.8341958135279148,1.834214078752749,0.98251422234525,0.982510537314543,0.982510537314543,0.98251422234525,0.2704368113394657,0.2704395823551352,0.2704395823551352,0.2704368113394657,15.346239148566072
350.0,50.596,98.162,4.998,3.557,1.7484158880789933,1.7484104446819115,1.7484104446819115,1.7484158880789933,1.8344279246451056,1.8344082438318323,1.8344082438318323,1.8344279246451056,0.9838912739636456,0.9838872914345804,0.9838872914345804,0.9838912739636456,0.2705604706433151,0.270563238512607,0.270563238512607,0.2705604706433151,15.354969879218707
350.0,50.621,20.392,5.258,5.486,1.7509753043015353,1.7509709138124792,1.7509709138124792,1.7509753043015353,1.8335542471593569,1.833539495121289,1.833539495121289,1.8335542471593569,0.9780763842702956,0.978056568880408,0.978056568880408,0.9780763842702956,0.2700414421986407,0.2700586392800454,0.2700586392800454,0.2700414421986407,15.31617887083042
350.0,50.643,73.307,5.879,6.302,1.7492197530980476,1.749214748901602,1.749214748901602,1.7492197530980476,1.8341510587237704,1.8341333750700652,1.8341333750700652,1.8341510587237704,0.9820582273760872,0.9820538152095722,0.9820538152095722,0.9820582273760872,0.2703998368847008,0.2704032610815888,0.2704032610815888,0.2703998368847008,15.34256637447614
350.0,50.726,40.201,4.818,3.395,1.7502866190384303,1.7502807717815454,1.7502807717815454,1.7502866190384303,1.8337955877226004,1.8337739460174407,1.8337739460174407,1.8337955877226004,0.9796404622412485,0.9796350232490348,0.9796350232490348,0.9796404622412485,0.2701886837721218,0.2701938283546981,0.2701938283546981,0.2701886837721218,15.326052560015665
350.0,50.882,41.985,4.285,4.838,1.7501771259668584,1.7501713565606387,1.7501713565606387,1.7501771259668584,1.8338425420878888,1.833821277280268,1.833821277280268,1.8338425420878888,0.9799040710538018,0.9798961122103212,0.9798961122103212,0.9799040710538018,0.2702156071292073,0.2702225205808228,0.2702225205808228,0.2702156071292073,15.326939197688164
350.0,50.956,81.191,4.673,2.643,1.7488587434458331,1.7488530838514569,1.7488530838514569,1.7488587434458331,1.8342985947575383,1.8342779173237875,1.8342779173237875,1.8342985947575383,0.9829105709211416,0.9829071969163022,0.9829071969163022,0.9829105709211416,0.2704851152705778,0.2704876198671377,0.2704876198671377,0.2704851152705778,15.34649361209366
350.0,50.985,10.805,2.992,6.146,1.7511755187553462,1.7511697509955892,1.7511697509955892,1.7511755187553462,1.833514975715776,1.833493674540042,1.833493674540042,1.833514975715776,0.9776859218016664,0.9776102927212876,0.9776102927212876,0.9776859218016664,0.2699945809211992,0.2700541710337863,0.2700541710337863,0.2699945809211992,15.311393182658252
350.0,51.052,17.687,5.224,6.329,1.7509262105443393,1.750919726651649,1.750919726651649,1.7509262105443393,1.8336042269525696,1.8335796836893032,1.8335796836893032,1.8336042269525696,0.9782336477917518,0.9782037086723518,0.9782037086723518,0.9782336477917518,0.2700640364849404,0.2700889524047704,0.2700889524047704,0.2700640364849404,15.314822421884918
350.0,51.053,38.734,5.88,4.697,1.7502291294574217,1.7502234437560729,1.7502234437560729,1.7502291294574217,1.8338361022442156,1.833815168992118,1.833815168992118,1.8338361022442156,0.9798011641443136,0.9797933870825338,0.9797933870825338,0.9798011641443136,0.2702117501237113,0.2702186933788462,0.2702186933788462,0.2702117501237113,15.32531513215178
350.0,51.256,70.082,3.521,4.092,1.749127813886037,1.7491225597675726,1.7491225597675726,1.749127813886037,1.8342245301767397,1.834205612804816,1.834205612804816,1.8342245301767397,0.9823225696818308,0.9823190632730198,0.9823190632730198,0.9823225696818308,0.270442234430227,0.2704450907726432,0.2704450907726432,0.270442234430227,15.340945453013536
350.0,51.45,80.037,3.771,5.649,1.748736490805124,1.7487313010702925,1.7487313010702925,1.748736490805124,1.8343728672250048,1.834354432959574,1.834354432959574,1.8343728672250048,0.9832338960295564,0.9832292978293338,0.9832292978293338,0.9832338960295564,0.2705282557445848,0.2705317091084793,0.2705317091084793,0.2705282557445848,15.345908412878211
350.0,51.673,11.454,4.933,5.388,1.7509305100866412,1.7509246751958845,1.7509246751958845,1.7509305100866412,1.833641767030356,1.8336197233177889,1.8336197233177889,1.833641767030356,0.9782961041204262,0.9782316165921532,0.9782316165921532,0.9782961041204262,0.2700736668868938,0.2701250413632148,0.2701250413632148,0.2700736668868938,15.31170324865349
350.0,52.028,57.44,3.442,4.559,1.7492949861656184,1.7492897163462549,1.7492897163462549,1.7492949861656184,1.8342184618681765,1.8341995265205209,1.8341995265205209,1.8342184618681765,0.9820107226327122,0.9820059117917512,0.9820059117917512,0.9820107226327122,0.2704376631625226,0.2704417769202027,0.2704417769202027,0.2704376631625226,15.334624120815135
350.0,52.282,61.033,5.346,3.967,1.7490939307392297,1.7490886926904472,1.7490886926904472,1.7490939307392297,1.834304785721472,1.8342861478209953,1.8342861478209953,1.834304785721472,0.9824916807187768,0.9824870087893204,0.9824870087893204,0.9824916807187768,0.2704880199783762,0.2704918894659181,0.2704918894659181,0.2704880199783762,15.336411542463646
350.0,52.402,31.008,3.688,4.475,1.7500470138463338,1.7500411383220889,1.7500411383220889,1.7500470138463338,1.8339875768040608,1.8339658329307456,1.8339658329307456,1.8339875768040608,0.9803360733160348,0.980326813331824,0.980326813331824,0.9803360733160348,0.2702991369013346,0.2703076367295552,0.2703076367295552,0.2702991369013346,15.321436577529006
350.0,52.505,17.382,5.701,4.591,1.7504634915418202,1.7504592930621783,1.7504592930621783,1.7504634915418202,1.8338487282139164,1.833834963501652,1.833834963501652,1.8338487282139164,0.9794095590238852,0.979377875706248,0.979377875706248,0.9794095590238852,0.2702108478374105,0.2702371187945931,0.2702371187945931,0.2702108478374105,15.314641821779093
350.0,52.515,70.491,5.958,3.753,1.7487066512352387,1.7487009291473854,1.7487009291473854,1.7487066512352387,1.8344564405835144,1.834435303807546,1.834435303807546,1.8344564405835144,0.983397078845052,0.9833926062148082,0.9833926062148082,0.983397078845052,0.2705752716997704,0.270578836400065,0.270578836400065,0.2705752716997704,15.341124615446311
350.0,52.516,42.266,4.598,3.259,1.7496383523114607,1.7496319144087231,1.7496319144087231,1.7496383523114607,1.8341359642035917,1.8341113262547943,1.8341113262547943,1.8341359642035917,0.9812741664708056,0.9812678828215136,0.9812678828215136,0.9812741664708056,0.2703867702678188,0.2703924865321268,0.2703924865321268,0.2703867702678188,15.327047681417854
350.0,52.769,54.396,4.243,5.855,1.7491553485350493,1.7491498602451825,1.7491498602451825,1.7491553485350493,1.834316751927332,1.8342967729756303,1.8342967729756303,1.834316751927332,0.982395065175828,0.982390070091442,0.982390070091442,0.982395065175828,0.2704941418355182,0.2704984514634132,0.2704984514634132,0.2704941418355182,15.3330915045969
350.0,52.773,70.238,5.37,3.523,1.748631556386706,1.748625518565579,1.748625518565579,1.748631556386706,1.8345006874945853,1.8344782141051852,1.8344782141051852,1.8345006874945853,0.9835911883038712,0.9835880888529734,0.9835880888529734,0.9835911883038712,0.2706009338296531,0.2706034405185949,0.2706034405185949,0.2706009338296531,15.340993166648188
350.0,53.002,43.835,5.209,5.469,1.749428136676247,1.749423293728602,1.749423293728602,1.749428136676247,1.8342365132537368,1.8342195162610468,1.8342195162610468,1.8342365132537368,0.981794541689738,0.9817869809013348,0.9817869809013348,0.981794541689738,0.2704469895691021,0.2704536214079278,0.2704536214079278,0.2704469895691021,15.327820269277948
350.0,53.111,46.461,3.343,2.693,1.7493061122297415,1.7493011649373391,1.7493011649373391,1.7493061122297415,1.8342859794730653,1.8342685131157384,1.8342685131157384,1.8342859794730653,0.9820821400758744,0.9820747521212027,0.9820747521212027,0.9820821400758744,0.270475848495589,0.2704822127160144,0.2704822127160144,0.270475848495589,15.329127648957426
350.0,53.597,10.025,4.526,5.709,1.7503534167921566,1.7503466978792863,1.7503466978792863,1.7503534167921566,1.8339645219612537,1.8339384582520777,1.8339384582520777,1.8339645219612537,0.9797870196517638,0.9796991596471284,0.9796991596471284,0.9797870196517638,0.2702536277618885,0.2703224411865384,0.2703224411865384,0.2702536277618885,15.310953466547362
350.0,53.649,90.776,5.985,5.283,1.7476706581590762,1.7476655055370922,1.7476655055370922,1.7476706581590762,1.8348972478475436,1.8348788233300808,1.8348788233300808,1.8348972478475436,0.985869005361857,0.9858654940764976,0.9858654940764976,0.985869005361857,0.2708294037339431,0.2708319699537247,0.2708319699537247,0.2708294037339431,15.351223172329805
350.0,53.687,18.773,4.467,5.444,1.7500332304444823,1.7500301250549022,1.7500301250549022,1.7500332304444823,1.8340697493887868,1.8340610277963845,1.8340610277963845,1.8340697493887868,0.9804862578437016,0.9804603063455828,0.9804603063455828,0.9804862578437016,0.2703441019877416,0.2703660233822115,0.2703660233822115,0.2703441019877416,15.315312019276949
350.0,53.742,86.841,5.945,6.13,1.7477705356815507,1.7477649246040754,1.7477649246040754,1.7477705356815507,1.8348691529633776,1.834848642245383,1.834848642245383,1.8348691529633776,0.9856482496311884,0.985645036404617,0.985645036404617,0.9856482496311884,0.2708128133043845,0.2708151810141157,0.2708151810141157,0.2708128133043845,15.349257614162166
350.0,53.774,83.93,4.887,5.377,1.7478561731494635,1.7478500007873203,1.7478500007873203,1.7478561731494635,1.8348423497543356,1.834818987376268,1.834818987376268,1.8348423497543356,0.9854550797348068,0.985452047939512,0.985452047939512,0.9854550797348068,0.2707967262318888,0.2707990290371661,0.2707990290371661,0.2707967262318888,15.347804578809027
350.0,54.003,30.565,3.763,5.026,1.7495419051392267,1.7495362103866372,1.7495362103866372,1.7495419051392267,1.8342662536961172,1.8342452900514208,1.8342452900514208,1.8342662536961172,0.9816262559124957,0.981616124266317,0.981616124266317,0.9816262559124957,0.2704613941018508,0.2704705787062593,0.2704705787062593,0.2704613941018508,15.321184044954244
350.0,54.387,46.715,4.856,5.353,1.7488839202327848,1.74887823960622,1.74887823960622,1.7488839202327848,1.8345200678498916,1.8344990480445753,1.8344990480445753,1.8345200678498916,0.9831575964702022,0.9831515235167556,0.9831515235167556,0.9831575964702022,0.2706104955912859,0.2706158938593221,0.2706158938593221,0.2706104955912859,15.329228874104448
350.0,54.437,75.04,4.533,5.333,1.747933585199949,1.7479278967770788,1.7479278967770788,1.747933585199949,1.8348583410262205,1.8348373048587288,1.8348373048587288,1.8348583410262205,0.9853346615387716,0.9853318740902476,0.9853318740902476,0.9853346615387716,0.2708064828280863,0.2708087386606123,0.2708087386606123,0.2708064828280863,15.34335612007546
350.0,54.441,81.852,4.992,3.251,1.7477078716958765,1.7477027038346962,1.7477027038346962,1.7477078716958765,1.8349378002649015,1.8349192126266445,1.8349192126266445,1.8349378002649015,0.9858530015360722,0.9858487655374276,0.9858487655374276,0.9858530015360722,0.2708519902334658,0.2708552212938326,0.2708552212938326,0.2708519902334658,15.346754386886028
350.0,54.444,62.181,4.171,3.26,1.748355003910001,1.7483499238979734,1.7483499238979734,1.748355003910001,1.8347078722798675,1.8346899115021025,1.8346899115021025,1.8347078722798675,0.9843704502681252,0.9843649173401556,0.9843649173401556,0.9843704502681252,0.2707199987906644,0.2707245162497228,0.2707245162497228,0.2707199987906644,15.336941398772922
350.0,54.485,45.322,4.711,5.804,1.748897693935329,1.7488927153873028,1.7488927153873028,1.748897693935329,1.8345198741267483,1.834502251607549,1.834502251607549,1.8345198741267483,0.9831341583203124,0.9831273953949814,0.9831273953949814,0.9831341583203124,0.2706110781135417,0.2706170675563607,0.2706170675563607,0.2706110781135417,15.328532596118183
350.0,54.53,57.499,5.213,2.905,1.748481363680104,1.7484765094819166,1.7484765094819166,1.748481363680104,1.8346684357620648,1.8346517392837016,1.8346517392837016,1.8346684357620648,0.9840888304298429,0.984082990281886,0.984082990281886,0.9840888304298429,0.270697557139236,0.270702391987914,0.270702391987914,0.270697557139236,15.334604220679148
350.0,54.761,83.663,2.946,4.794,1.7475445535791014,1.747538878197096,1.747538878197096,1.7475445535791014,1.8350191689002933,1.834998382590734,1.834998382590734,1.8350191689002933,0.9862562877823382,0.9862524971977396,0.9862524971977396,0.9862562877823382,0.2708978494437685,0.2709006901126575,0.2709006901126575,0.2708978494437685,15.347651438702227
350.0,54.896,73.589,2.515,4.847,1.7478330973210896,1.7478269364478751,1.7478269364478751,1.7478330973210896,1.834926517245708,1.834903360102079,1.834903360102079,1.834926517245708,0.985606392519846,0.9856021466772766,0.9856021466772766,0.985606392519846,0.2708440732384088,0.2708474122482099,0.2708474122482099,0.2708440732384088,15.342622894613177
350.0,54.975,79.916,2.739,5.823,1.7475986371899637,1.7475932579350677,1.7475932579350677,1.7475986371899637,1.835013595578052,1.834994160767934,1.834994160767934,1.835013595578052,0.9861499437252116,0.9861468175659724,0.9861468175659724,0.9861499437252116,0.2708952251306528,0.2708976521595651,0.2708976521595651,0.2708952251306528,15.345778076805674
350.0,55.104,93.256,5.169,5.234,1.7471173881052031,1.7471121977295567,1.7471121977295567,1.7471173881052031,1.835195198970457,1.8351765388019063,1.8351765388019063,1.835195198970457,0.9872679657389676,0.9872638192827676,0.9872638192827676,0.9872679657389676,0.2709981408719487,0.2710011593455393,0.2710011593455393,0.2709981408719487,15.352431404334633
350.0,55.328,89.411,5.766,6.281,1.7471715068165017,1.7471664051842768,1.7471664051842768,1.7471715068165017,1.8351907597834385,1.8351726844011576,1.8351726844011576,1.8351907597834385,0.9871627537599568,0.9871585663029764,0.9871585663029764,0.9871627537599568,0.2709956820839311,0.2709987337608486,0.2709987337608486,0.2709956820839311,15.350508560719552
350.0,55.391,18.122,2.988,3.794,1.7495021142845262,1.7494962848826716,1.7494962848826716,1.7495021142845262,1.834372495935772,1.8343504752722688,1.8343504752722688,1.834372495935772,0.9818419671932676,0.9818248800741496,0.9818248800741496,0.9818419671932676,0.2705193808588515,0.2705349210478494,0.2705349210478494,0.2705193808588515,15.314954301952408
350.0,55.443,99.258,4.544,5.123,1.7468105066995183,1.7468050665380133,1.7468050665380133,1.7468105066995183,1.8353306267841083,1.8353108558106268,1.8353108558106268,1.8353306267841083,0.9880044006110518,0.988000657562072,0.988000657562072,0.9880044006110518,0.2710742850672507,0.2710769103252518,0.2710769103252518,0.2710742850672507,15.355420145818655
350.0,55.53,80.296,2.923,3.008,1.747405785069644,1.7474006347143778,1.7474006347143778,1.747405785069644,1.835120141615252,1.8351019069128671,1.8351019069128671,1.835120141615252,0.9866412460572476,0.986637532841051,0.986637532841051,0.9866412460572476,0.2709557487274728,0.2709585521506231,0.2709585521506231,0.2709557487274728,15.345956337222836
350.0,55.934,17.309,3.818,3.965,1.7493521773016134,1.7493470486865983,1.7493470486865983,1.7493521773016134,1.8344587358892284,1.8344404113890889,1.8344404113890889,1.8344587358892284,0.9822308386491914,0.9822115679847327,0.9822115679847327,0.9822308386491914,0.2705693765106131,0.2705866253190543,0.2705866253190543,0.2705693765106131,15.314538459259111
350.0,56.0,82.731,3.636,3.8,1.7471732323857116,1.747167919512033,1.747167919512033,1.7471732323857116,1.835236664538734,1.8352174758970383,1.8352174758970383,1.835236664538734,0.9872168579385526,0.9872130823652344,0.9872130823652344,0.9872168579385526,0.2710213391868382,0.2710242145269889,0.2710242145269889,0.2710213391868382,15.347161644732797
350.0,56.09,42.958,3.404,6.228,1.7484548503589277,1.7484492595954626,1.7484492595954626,1.7484548503589277,1.8347847100243848,1.8347641217316404,1.8347641217316404,1.8347847100243848,0.98428659903124,0.984279281414334,0.984279281414334,0.98428659903124,0.2707620247130839,0.2707685359400402,0.2707685359400402,0.2707620247130839,15.327321840550953
350.0,56.259,63.075,3.66,2.918,1.7477362530010632,1.7477316236505525,1.7477316236505525,1.7477362530010632,1.8350496052183225,1.8350336861664007,1.8350336861664007,1.8350496052183225,0.9859455046237672,0.9859399326990008,0.9859399326990008,0.9859455046237672,0.2709154468735332,0.2709200032138799,0.2709200032138799,0.2709154468735332,15.337351219054844
350.0,56.268,44.524,5.294,5.228,1.748345161516331,1.748339392535616,1.748339392535616,1.748345161516331,1.8348360807352129,1.8348147958512688,1.8348147958512688,1.8348360807352129,0.9845527907230358,0.9845463874103892,0.9845463874103892,0.9845527907230358,0.2707915376411699,0.2707972759127677,0.2707972759127677,0.2707915376411699,15.328099477484292
350.0,56.304,92.449,5.29,2.767,1.7467547601177993,1.7467500230508368,1.7467500230508368,1.7467547601177993,1.8354082087879475,1.835391558483887,1.835391558483887,1.8354082087879475,0.9882058862799376,0.9882026863417231,0.9882026863417231,0.9882058862799376,0.2711189531423484,0.2711213390743717,0.2711213390743717,0.2711189531423484,15.35200479500556
350.0,56.434,39.973,4.208,2.56,1.7484415307998264,1.7484356944195434,1.7484356944195434,1.7484415307998264,1.83481330338105,1.8347917690015032,1.8347917690015032,1.83481330338105,0.9843482260920694,0.9843389645177512,0.9843389645177512,0.9843482260920694,0.2707772281856766,0.2707852578539884,0.2707852578539884,0.2707772281856766,15.325826513958946
350.0,56.618,94.212,5.447,3.447,1.74659535501841,1.7465898953783647,1.7465898953783647,1.74659535501841,1.8354897421620369,1.8354698259341324,1.8354698259341324,1.8354897421620369,0.988601449786074,0.9885978078195752,0.9885978078195752,0.988601449786074,0.2711637189670811,0.2711663477465634,0.2711663477465634,0.2711637189670811,15.352878230050376
350.0,56.726,38.754,5.691,4.892,1.748386418275793,1.7483815891038978,1.7483815891038978,1.748386418275793,1.8348498434928464,1.8348329537066543,1.8348329537066543,1.8348498434928464,0.9844976118966966,0.9844895225707504,0.9844895225707504,0.9844976118966966,0.270799827295143,0.2708070997543173,0.2708070997543173,0.270799827295143,15.32521308858066
350.0,56.816,67.592,5.329,3.362,1.74740697585733,1.7474015431845873,1.7474015431845873,1.74740697585733,1.835207995495124,1.8351881759086413,1.8351881759086413,1.835207995495124,0.9867499981749748,0.9867453727810184,0.9867453727810184,0.9867499981749748,0.2710044947743723,0.271008260751868,0.271008260751868,0.2710044947743723,15.339593181222796
350.0,57.046,19.644,4.397,2.739,1.748913444783018,1.748908165395361,1.748908165395361,1.748913444783018,1.8346865699384596,1.834667461419962,1.834667461419962,1.8346865699384596,0.983329636109436,0.983306016810174,0.983306016810174,0.983329636109436,0.2706990408530495,0.2707191812575995,0.2707191812575995,0.2706990408530495,15.315679799071926
350.0,57.051,66.308,6.044,2.968,1.7473729181833284,1.7473672740891557,1.7473672740891557,1.7473729181833284,1.8352367746166205,1.8352159691390504,1.8352159691390504,1.8352367746166205,0.9868484611956287,0.9868442164542516,0.9868442164542516,0.9868484611956287,0.271020634597061,0.2710241398081028,0.2710241398081028,0.271020634597061,15.33894765310434
350.0,57.572,67.464,5.037,5.0,1.7471652688931802,1.747160505422822,1.747160505422822,1.7471652688931802,1.8353452372298509,1.8353288247115864,1.8353288247115864,1.8353452372298509,0.9873698861123192,0.9873649000781292,0.9873649000781292,0.9873698861123192,0.271082782483848,0.2710868078433624,0.2710868078433624,0.271082782483848,15.339513755362086
350.0,57.747,91.381,2.601,4.564,1.7463214671915126,1.7463165166509156,1.7463165166509156,1.7463214671915126,1.8356667674777365,1.8356493271881116,1.8356493271881116,1.8356667674777365,0.9893293735748004,0.9893259213662524,0.9893259213662524,0.9893293735748004,0.2712635792174514,0.2712661074911899,0.2712661074911899,0.2712635792174514,15.351442810807292
350.0,57.748,60.135,3.899,3.066,1.747349398996896,1.7473440226068044,1.7473440226068044,1.747349398996896,1.835292056293636,1.8352726424678665,1.8352726424678665,1.835292056293636,0.9869620485032792,0.9869575448618598,0.9869575448618598,0.9869620485032792,0.2710520618944328,0.2710559094854032,0.2710559094854032,0.2710520618944328,15.33585486191492
350.0,57.778,97.965,5.892,5.713,1.746095551986986,1.7460902506907556,1.7460902506907556,1.746095551986986,1.8357536770944696,1.8357343942612565,1.8357343942612565,1.8357536770944696,0.9898544213306116,0.9898513285333292,0.9898513285333292,0.9898544213306116,0.2713115342518375,0.2713137570593709,0.2713137570593709,0.2713115342518375,15.354727897877272
350.0,57.84,81.511,4.786,2.534,1.7466161547418606,1.7466105455891232,1.7466105455891232,1.7466161547418606,1.8355665012117848,1.835545718546757,1.835545718546757,1.8355665012117848,0.988657756222466,0.9886545958835694,0.9886545958835694,0.988657756222466,0.2712066320412845,0.2712091103482525,0.2712091103482525,0.2712066320412845,15.346515945635227
350.0,57.943,32.891,4.231,5.494,1.7481842978242592,1.7481785526399187,1.7481785526399187,1.7481842978242592,1.8350061873838248,1.8349849599992647,1.8349849599992647,1.8350061873838248,0.985066288967038,0.9850575826931632,0.9850575826931632,0.985066288967038,0.2708873176562426,0.2708953489718563,0.2708953489718563,0.2708873176562426,15.322265726652727
350.0,58.129,48.899,4.652,3.813,1.747595599456225,1.747590641466576,1.747590641466576,1.747595599456225,1.8352278614445008,1.83521023778578,1.83521023778578,1.8352278614445008,0.986429016350981,0.9864235565872564,0.9864235565872564,0.986429016350981,0.2710158061617328,0.2710207209611595,0.2710207209611595,0.2710158061617328,15.330243522084722
350.0,58.154,50.404,2.974,2.785,1.7475382063851217,1.7475327597117585,1.7475327597117585,1.7475382063851217,1.835251581420605,1.835231718126775,1.835231718126775,1.835251581420605,0.9865629696368629,0.9865585813433424,0.9865585813433424,0.9865629696368629,0.2710289592839541,0.2710330298818596,0.2710330298818596,0.2710289592839541,15.33099360230572
350.0,58.377,54.755,5.514,5.166,1.747322394371588,1.747316817397132,1.747316817397132,1.747322394371588,1.8353450887033065,1.8353248894344507,1.8353248894344507,1.8353450887033065,0.9870781248030166,0.9870732808184705,0.9870732808184705,0.9870781248030166,0.2710815752589033,0.2710857802612964,0.2710857802612964,0.2710815752589033,15.333159314080964
350.0,58.38,13.637,3.766,3.458,1.748677487496869,1.748671684639021,1.748671684639021,1.748677487496869,1.8348603444491616,1.8348386258477167,1.8348386258477167,1.8348603444491616,0.983994013355404,0.9839493548748036,0.9839493548748036,0.983994013355404,0.2707897696594888,0.27082622107494,0.27082622107494,0.2707897696594888,15.312659467119204
350.0,58.508,94.068,4.922,4.618,1.745986299509228,1.7459814320661828,1.7459814320661828,1.745986299509228,1.83584327261825,1.8358263422108505,1.8358263422108505,1.83584327261825,0.9901682979582546,0.9901653317729604,0.9901653317729604,0.9901682979582546,0.2713622110169164,0.2713643407647362,0.2713643407647362,0.2713622110169164,15.35276821190566
350.0,58.601,46.779,2.54,5.553,1.7475118320075036,1.7475066852182082,1.7475066852182082,1.7475118320075036,1.83528985011292,1.8352716217139773,1.8352716217139773,1.83528985011292,0.9866611961563116,0.986656316116714,0.986656316116714,0.9866611961563116,0.2710512130015589,0.2710557543254659,0.2710557543254659,0.2710512130015589,15.32917688512226
350.0,58.642,81.239,4.521,6.067,1.746364390770164,1.746359484921857,1.746359484921857,1.746364390770164,1.8357124189513805,1.8356951668127088,1.8356951668127088,1.8357124189513805,0.9893060601953472,0.9893026063673734,0.9893026063673734,0.9893060601953472,0.2712890944970126,0.2712917848752871,0.2712917848752871,0.2712890944970126,15.346364421037446
350.0,58.675,32.11,3.625,6.081,1.747971483380265,1.7479664364452747,1.7479664364452747,1.7479714833802873,1.8351299303417772,1.8351117712547749,1.8351117712547749,1.8351299445177451,0.9856157212260473,0.9856060715259716,0.9856060715259716,0.9856157212260473,0.2709581486771493,0.2709669960471068,0.2709669960471068,0.2709581486771493,15.321861965011957
350.0,58.848,74.0,5.068,5.08,1.7465355723876863,1.746530233311006,1.746530233311006,1.7465355723876863,1.8356645708726993,1.8356452191465824,1.8356452191465824,1.8356645708726993,0.988928970926585,0.9889254429219118,0.9889254429219118,0.988928970926585,0.2712617613914884,0.2712646143435348,0.2712646143435348,0.2712617613914884,15.342748725412603
350.0,58.886,74.193,4.814,6.102,1.7465167317481058,1.7465115701264395,1.7465115701264395,1.7465167317481058,1.8356739101558224,1.835655346532348,1.835655346532348,1.8356739101558224,0.9889760171157806,0.9889716675263892,0.9889716675263892,0.9889760171157806,0.2712668195885368,0.2712702895653906,0.2712702895653906,0.2712668195885368,15.342844357606683
350.0,59.015,70.912,4.141,6.236,1.7465826768852628,1.746577535812604,1.746577535812604,1.7465826768852628,1.8356580500572035,1.8356396229967848,1.8356396229967848,1.8356580500572035,0.9888347265445256,0.988830175821877,0.988830175821877,0.9888347265445256,0.2712580796756645,0.2712617481517021,0.2712617481517021,0.2712580796756645,15.341204648734848
350.0,59.023,54.239,3.103,4.978,1.7471288298958754,1.7471241095429837,1.7471241095429837,1.7471288298958754,1.8354573417236124,1.8354409379712011,1.8354409379712011,1.8354573417236124,0.9875772668588207,0.9875718551368508,0.9875718551368508,0.9875772668588207,0.2711456447533257,0.2711503612517114,0.2711503612517114,0.2711456447533257,15.332888891271056
350.0,59.06,71.98,3.463,6.008,1.7465330490581676,1.746528018691238,1.746528018691238,1.7465330490581676,1.8356792677726377,1.8356613256055987,1.8356613256055987,1.8356792677726377,0.9889528663732507,0.9889483240128149,0.9889483240128149,0.9889528663732507,0.2712699965251448,0.2712736547155433,0.2712736547155433,0.2712699965251448,15.341736774613224
350.0,59.097,19.359,3.713,5.983,1.7482554048235848,1.7482493867101316,1.7482493867101316,1.7482554048235848,1.8350591878570732,1.8350365892824152,1.8350365892824152,1.8350591878570732,0.9850079528609854,0.9849879924791056,0.9849879924791056,0.9850079528609854,0.2709123496528813,0.2709298471903339,0.2709298471903339,0.2709123496528813,15.315497063753922
350.0,59.107,98.964,5.316,3.243,1.7456308080782053,1.7456257869266627,1.7456257869266627,1.7456308080782053,1.8360181539680351,1.8360001642218633,1.8360001642218633,1.8360181539680351,0.9910424732125406,0.9910386914877172,0.9910386914877172,0.9910424732125406,0.2714585811030362,0.2714613098572785,0.2714613098572785,0.2714585811030362,15.355199055600671
350.0,59.193,13.721,4.89,5.603,1.7484102741457304,1.7484034820549952,1.7484034820549952,1.7484102741457304,1.8350125026699051,1.8349856114334608,1.8349856114334608,1.8350125026699051,0.9846742282061104,0.9846313358725232,0.9846313358725232,0.9846742282061104,0.270875805303428,0.2709110121196803,0.2709110121196803,0.270875805303428,15.312685471890566
350.0,59.222,99.993,3.985,2.719,1.7455598323381434,1.7455548041145303,1.7455548041145303,1.7455598323381434,1.83605289127886,1.8360350665388476,1.8360350665388476,1.83605289127886,0.9912165528275236,0.9912132283588672,0.9912132283588672,0.9912165528275236,0.2714779441711354,0.2714803037608573,0.2714803037608573,0.2714779441711354,15.355710220354782
350.0,59.278,95.046,3.563,5.94,1.7457041318066095,1.7456988835212253,1.7456988835212253,1.7457041318066095,1.8360032338120464,1.8359840427786345,1.8359840427786345,1.8360032338120464,0.9908866145661146,0.9908841529473076,0.9908841529473076,0.9908866145661146,0.271450458507809,0.2714522944683981,0.2714522944683981,0.271450458507809,15.353240497833928
350.0,59.428,64.264,4.557,2.714,1.7466669640041053,1.7466620853595474,1.7466620853595474,1.7466669640041053,1.8356547821889355,1.8356375340722608,1.8356375340722608,1.8356547821889355,0.9886753927380646,0.9886699612643646,0.9886699612643646,0.9886753927380646,0.2712561945910275,0.2712606646307728,0.2712606646307728,0.2712561945910275,15.337880706535122
350.0,59.545,17.195,6.343,4.21,1.74818031470898,1.7481749599763128,1.7481749599763128,1.74818031470898,1.83511453055538,1.8350947188111095,1.8350947188111095,1.83511453055538,0.9852221405986522,0.9851920148299732,0.9851920148299732,0.9852221405986522,0.2709408120860863,0.2709661069407264,0.2709661069407264,0.2709408120860863,15.314409840743256
350.0,59.771,88.027,4.285,4.933,1.7457745029404674,1.745769533212456,1.745769533212456,1.7457745029404674,1.8360099599542816,1.8359922801712891,1.8359922801712891,1.8360099599542816,0.9907652259668835,0.9907614438369644,0.9907614438369644,0.9907652259668835,0.2714542908159425,0.2714571540253464,0.2714571540253464,0.2714542908159425,15.349728190608769
350.0,59.876,64.947,4.676,2.915,1.746499336522546,1.7464938623435051,1.7464938623430128,1.746499336522546,1.8357486801579583,1.8357287769830444,1.8357287622431608,1.8357486801579583,0.9890995503006348,0.9890955807349574,0.9890955807349574,0.9890995503006348,0.2713084905560563,0.271311836489561,0.271311836489561,0.2713084905560563,15.338211997956993
350.0,60.096,72.957,6.035,4.218,1.7461637890735906,1.746159024341149,1.746159024341149,1.7461637890735906,1.8358865598976293,1.835869952750796,1.835869952750796,1.8358865598976293,0.989892073147732,0.9898879970527324,0.9898879970527324,0.989892073147732,0.2713861185606851,0.2713894250728387,0.2713894250728387,0.2713861185606851,15.342203089690782
350.0,60.127,59.834,2.99,5.576,1.746585378061548,1.7465807630068806,1.7465807630068806,1.746585378061548,1.8357319620865291,1.8357160520674745,1.8357160520674745,1.8357319620865291,0.9889216419392414,0.9889168050827052,0.9889168050827052,0.9889216419392414,0.2712999347628179,0.2713040949472985,0.2713040949472985,0.2712999347628179,15.335657075892678
350.0,60.258,73.542,3.669,5.123,1.746092345237399,1.7460867869308891,1.7460867869308891,1.746092345237399,1.8359263866320912,1.8359059425670592,1.8359059425670592,1.8359263866320912,0.9900714238248338,0.9900677401311206,0.9900677401311206,0.9900714238248338,0.2714073171159099,0.2714103152291043,0.2714103152291043,0.2714073171159099,15.342491616485011
350.0,60.361,86.46,4.03,2.544,1.7456342944994636,1.7456291141999594,1.7456291141999594,1.7456342944994636,1.8361040499097685,1.8360853676065243,1.8360853676065243,1.8361040499097685,0.9911392826383754,0.9911361241959455,0.9911361241959455,0.9911392826383754,0.2715063208829403,0.2715087328618519,0.2715087328618519,0.2715063208829403,15.348934455471376
350.0,60.432,27.356,4.291,5.539,1.747555856542068,1.747551299250042,1.7475512992496822,1.747555856542068,1.8353974348256403,1.8353816667357288,1.8353816667335887,1.8353974348256403,0.9867182096927084,0.9867063465497652,0.9867063465497652,0.9867182096927084,0.2711092474024141,0.271120073701862,0.271120073701862,0.2711092474024141,15.319456736678136
350.0,60.596,32.656,3.503,2.619,1.7473280417205843,1.7473227651387688,1.7473227651387688,1.7473280417205843,1.835493292648269,1.8354741555808,1.8354741555808,1.835493292648269,0.9872542371790232,0.9872458769104658,0.9872458769104658,0.9872542371790232,0.2711637051022955,0.2711715614032761,0.2711715614032761,0.2711637051022955,15.322095353011555
350.0,60.914,89.384,4.201,5.342,1.745358042796211,1.7453532484597136,1.7453532484597136,1.745358042796211,1.8362457025765595,1.836228847956028,1.836228847956028,1.8362457025765595,0.991825404433854,0.991822084421419,0.991822084421419,0.991825404433854,0.2715848684350946,0.2715873968664139,0.2715873968664139,0.2715848684350946,15.350381999890852
350.0,60.971,60.05,5.713,4.851,1.746303875719347,1.7462988370520107,1.7462988370520107,1.746303875719347,1.835895405898912,1.8358776351797808,1.8358776351797808,1.835895405898912,0.9896428276303784,0.9896372875048056,0.9896372875048056,0.9896428276303784,0.2713902070241567,0.2713948465984439,0.2713948465984439,0.2713902070241567,15.335747483738478
350.0,61.048,25.874,2.896,5.062,1.7474044727607765,1.7473987481278652,1.7473987481278652,1.7474044727607765,1.835497247461449,1.8354758999623904,1.8354758999623904,1.835497247461449,0.9871190647076576,0.9871068545801396,0.9871068545801396,0.9871190647076576,0.271163753037759,0.2711749599342316,0.2711749599342316,0.271163753037759,15.31870543851835
350.0,61.117,11.9,5.149,6.39,1.7478431792780176,1.7478367762817737,1.7478367762817737,1.7478431792780176,1.835344330163879,1.8353196086621768,1.8353196086621768,1.835344330163879,0.9861420463991248,0.986083934154086,0.986083934154086,0.9861420463991248,0.2710590271167405,0.2711057553018151,0.2711057553018151,0.2710590271167405,15.311739133015488
350.0,61.155,76.056,3.436,5.321,1.7457173826663186,1.7457127813208744,1.7457127813208744,1.7457173826663186,1.8361260937212256,1.8361101138263185,1.8361101138263185,1.8361260937212256,0.9910129161828004,0.9910083736826912,0.9910083736826912,0.9910129161828004,0.2715189610337154,0.2715226030378885,0.2715226030378885,0.2715189610337154,15.343727325503112
350.0,61.249,50.285,3.229,4.501,1.746534377741636,1.7465292139109294,1.7465292139109294,1.746534377741636,1.835829209662845,1.8358105317628224,1.8358105317628224,1.835829209662845,0.9891349459433806,0.9891278593256408,0.9891278593256408,0.9891349459433806,0.2713526076025125,0.2713587297175873,0.2713587297175873,0.2713526076025125,15.330871939031464
350.0,61.256,54.537,2.566,5.212,1.7463923159961543,1.746387157334604,1.746387157334604,1.7463923159961543,1.835882403221089,1.83586382637138,1.83586382637138,1.835882403221089,0.9894624339539668,0.989457088434464,0.989457088434464,0.9894624339539668,0.2713828786355615,0.2713875789394734,0.2713875789394734,0.2713828786355615,15.332992196067424
350.0,61.41,13.911,6.315,3.834,1.7476802316067614,1.747675515881485,1.747675515881485,1.7476802316067614,1.8354188212879905,1.835402309489525,1.835402309489525,1.8354188212879905,0.9865315019454608,0.98648696241618,0.98648696241618,0.9865315019454608,0.2711085105838309,0.2711449049202699,0.2711449049202699,0.2711085105838309,15.312735501234831
350.0,61.461,66.252,3.307,3.689,1.7459400289007485,1.7459352790893794,1.7459352790893794,1.7459400289007485,1.8360640831934456,1.83604747229788,1.83604747229788,1.8360640831934456,0.990523467288466,0.9905187504849376,0.9905187504849376,0.990523467288466,0.2714845061869331,0.271488438856949,0.271488438856949,0.2714845061869331,15.338830906899812
350.0,61.469,95.561,5.909,3.677,1.7449751143437746,1.744969851040464,1.744969851040464,1.7449751143437746,1.8364310043063783,1.8364118608011804,1.8364118608011804,1.8364310043063783,0.9927606698448658,0.9927578460021462,0.9927578460021462,0.9927606698448658,0.2716861786958709,0.2716882741033395,0.2716882741033395,0.2716861786958709,15.353452778309986
350.0,61.487,76.032,5.421,4.23,1.745610248506336,1.74560512893632,1.74560512893632,1.745610248506336,1.8361908750240772,1.836172633026472,1.836172633026472,1.8361908750240772,0.9912889368205788,0.9912853010515716,0.9912853010515716,0.9912889368205788,0.2715544202891111,0.2715573353069396,0.2715573353069396,0.2715544202891111,15.343708896103363
350.0,61.581,58.954,4.508,5.774,1.7461410745976524,1.7461358119549333,1.7461358119549333,1.7461410745976524,1.8359984655227484,1.8359795890545811,1.8359795890545811,1.8359984655227484,0.9900697431017598,0.9900643692407124,0.9900643692407124,0.9900697431017598,0.2714473186272797,0.2714518744109559,0.2714518744109559,0.2714473186272797,15.335188830068104
350.0,61.63,24.841,3.881,4.859,1.747248470137084,1.7472429590695258,1.7472429590695258,1.747248470137084,1.835593140607243,1.835572867370982,1.835572867370982,1.835593140607243,0.9875269686554072,0.9875126132646416,0.9875126132646416,0.9875269686554072,0.2712171485962438,0.2712300161905189,0.2712300161905189,0.2712171485962438,15.31817892442675
350.0,61.776,38.042,4.954,5.41,1.7467661208520882,1.7467606206260944,1.7467606206260944,1.7467661208520882,1.835780416992925,1.83576032186712,1.83576032186712,1.835780416992925,0.988647045458556,0.9886363685207122,0.9886363685207122,0.988647045458556,0.2713236143558751,0.2713328403383941,0.2713328403383941,0.2713236143558751,15.324757026477387
350.0,61.783,33.404,3.756,3.133,1.7469160481516115,1.7469110639709216,1.7469110639709216,1.7469160481516115,1.8357242794389903,1.8357066406476508,1.8357066406476508,1.8357242794389903,0.9883020589654584,0.9882909486040148,0.9882909486040148,0.9883020589654584,0.2712927056420526,0.2713025441575095,0.2713025441575095,0.2712927056420526,15.322444558488035
350.0,61.844,54.751,3.056,3.086,1.7461937580777915,1.7461882355222005,1.7461882355222005,1.7461937580777915,1.8359976263903777,1.8359773531392647,1.8359773531392647,1.8359976263903777,0.9899704094285798,0.9899646054373368,0.9899646054373368,0.9899704094285798,0.2714463410706385,0.2714513384211193,0.2714513384211193,0.2714463410706385,15.333087336738105
350.0,61.846,56.706,5.579,4.853,1.746128629734944,1.7461235333469702,1.7461235333469702,1.746128629734944,1.8360211431717024,1.8360027646316872,1.8360027646316872,1.8360211431717024,0.9901199343497809,0.9901153798236754,0.9901153798236754,0.9901199343497809,0.271460298364934,0.271464364466159,0.271464364466159,0.271460298364934,15.334062115016655
350.0,62.08,11.485,3.19,6.104,1.7475422190542682,1.7475364049168214,1.7475364049168214,1.7475422190542682,1.8355172125634616,1.8354951586445964,1.8354951586445964,1.8355172125634616,0.986918095572618,0.9868480950566166,0.9868480950566166,0.986918095572618,0.2711528988199293,0.2712084576343962,0.2712084576343962,0.2711528988199293,15.31151325044824
350.0,62.302,84.98,5.845,2.895,1.7450513390230058,1.745046208606741,1.745046208606741,1.7450513390230058,1.8364595239599903,1.83644111603606,1.83644111603606,1.8364595239599903,0.992652251312064,0.9926492592772088,0.9926492592772088,0.992652251312064,0.2717022331791291,0.271704567741669,0.271704567741669,0.2717022331791291,15.348156181895776
350.0,62.321,54.062,2.925,3.771,1.7460611701106397,1.7460555275963086,1.7460555275963086,1.7460611701106397,1.8360803919273463,1.8360595118449805,1.8360595118449805,1.8360803919273463,0.9903163751154388,0.9903106865599692,0.9903106865599692,0.9903163751154388,0.2714921090355046,0.2714970430569311,0.2714970430569311,0.2714921090355046,15.332733703906694
350.0,62.528,19.592,3.378,4.743,1.7471282527429717,1.7471233342985495,1.7471233342985495,1.7471282527429717,1.835696796956592,1.8356793238529645,1.8356793238529645,1.835696796956592,0.9878793866385548,0.9878611315030495,0.9878611315030495,0.9878793866385548,0.2712744266309864,0.2712907164566532,0.2712907164566532,0.2712744266309864,15.315544746338254
350.0,62.631,85.023,3.993,5.009,1.7449428918140448,1.7449378285914767,1.7449378285914767,1.7449428918140448,1.8365235488441265,1.8365053927402195,1.8365053927402195,1.8365235488441265,0.9929316193376992,0.9929275029931174,0.9929275029931174,0.9929316193376992,0.271737058468012,0.2717402248608679,0.2717402248608679,0.271737058468012,15.348170692127209
350.0,62.696,68.481,5.247,3.775,1.7454650683043689,1.7454593573459452,1.7454593573459452,1.7454650683043689,1.836331116838154,1.8363099541540635,1.8363099541540635,1.836331116838154,0.99172583249887,0.9917223911300452,0.9917223911300452,0.99172583249887,0.2716310913322533,0.2716340320104392,0.2716340320104392,0.2716310913322533,15.33991724460562
350.0,62.988,57.674,3.184,6.266,1.7457246865335896,1.745719849016182,1.745719849016182,1.7457246865335896,1.8362508173368268,1.8362339210975105,1.8362339210975105,1.8362508173368268,0.9911485960142734,0.9911431668506632,0.9911431668506632,0.9911485960142734,0.2715874865746835,0.2715921271711673,0.2715921271711673,0.2715874865746835,15.334521662123588
350.0,63.102,46.129,3.471,6.218,1.7460675167162776,1.7460617378937069,1.7460617378937069,1.7460675167162776,1.8361322282015036,1.8361106041135853,1.8361106041135853,1.8361322282015036,0.9903663027976806,0.9903607557618804,0.9903607557618804,0.9903663027976806,0.2715206718134151,0.2715258299259957,0.2715258299259957,0.2715206718134151,15.32876216899608
350.0,63.187,45.287,6.432,4.982,1.746067404175868,1.7460622349710344,1.7460622349710344,1.746067404175868,1.8361364754838665,1.8361178599874508,1.8361178599874508,1.8361364754838665,0.9903732793615804,0.9903669469454504,0.9903669469454504,0.9903732793615804,0.2715236026369219,0.2715293526640468,0.2715293526640468,0.2715236026369219,15.328340844048228
350.0,63.336,27.604,4.23,4.116,1.7466005595494816,1.7465953619985757,1.7465953619985757,1.7466005595494816,1.8359477387856944,1.8359287682112515,1.8359287682112515,1.8359477387856944,0.9891580985367764,0.9891461493893008,0.9891461493893008,0.9891580985367764,0.2714166297068215,0.271427553402221,0.271427553402221,0.2714166297068215,15.31952185731486
350.0,63.477,39.92,3.951,6.183,1.746149535454364,1.74614383552716,1.74614383552716,1.746149535454364,1.8361271920998856,1.8361060193450909,1.8361060193450909,1.8361271920998856,0.9902087684840056,0.9902011285906642,0.9902011285906642,0.9902087684840056,0.2715172109062182,0.2715241642390524,0.2715241642390524,0.2715172109062182,15.325659109434367
350.0,63.489,26.697,2.515,5.512,1.746580961120298,1.7465750692988709,1.7465750692988709,1.746580961120298,1.83596712273756,1.8359448768347637,1.8359448768347637,1.83596712273756,0.9892160681435777,0.9892052330603593,0.9892052330603593,0.9892160681435777,0.2714269710213167,0.2714371252945878,0.2714371252945878,0.2714269710213167,15.319066540682304
350.0,63.49,80.897,6.235,6.082,1.7447983882386622,1.7447934426941496,1.7447934426941496,1.7447983882386622,1.8366388056623133,1.83662122180644,1.83662122180644,1.8366388056623133,0.9933377333798624,0.993333931164152,0.993333931164152,0.9933377333798624,0.2718003929383594,0.2718034055384348,0.2718034055384348,0.2718003929383594,15.34609505888861
350.0,63.663,36.25,3.622,4.232,1.7462092646807443,1.7462045575539302,1.7462045575539302,1.7462092646807443,1.8361148469681996,1.8360983859005555,1.8360983859005555,1.8361148469681996,0.9900858393600768,0.9900762765039036,0.9900762765039036,0.9900858393600768,0.2715110415407362,0.2715196174476443,0.2715196174476443,0.2715110415407362,15.323825522439892
350.0,63.897,50.862,6.057,3.254,1.745652626730004,1.7456471752971374,1.7456471752971374,1.745652626730004,1.836342199958796,1.836322231135209,1.836322231135209,1.836342199958796,0.991390849665246,0.991384799628536,0.991384799628536,0.991390849665246,0.27163700480853,0.2716423416981901,0.2716423416981901,0.27163700480853,15.331106223046994
350.0,64.099,37.692,5.405,2.73,1.7460198217221172,1.7460143535316188,1.7460143535316188,1.7460198217221172,1.8362178667867564,1.836197755622328,1.836197755622328,1.8362178667867564,0.9905594968208136,0.9905510557203412,0.9905510557203412,0.9905594968208136,0.2715674903704262,0.2715751691128511,0.2715751691128511,0.2715674903704262,15.324535362552403
350.0,64.588,78.901,6.172,3.095,1.7445062884504887,1.7445009781725072,1.7445009781725072,1.7445062884504887,1.836829097085215,1.836809752937737,1.836809752937737,1.836829097085215,0.9941071117707146,0.9941030217063946,0.9941030217063946,0.9941071117707146,0.2719036327032111,0.2719068894163674,0.2719068894163674,0.2719036327032111,15.345076693058306
350.0,64.626,66.353,4.344,5.658,1.7449054820374708,1.7449006209808384,1.7449006209808384,1.7449054820374708,1.836676522125652,1.836659595778095,1.836659595778095,1.836676522125652,0.99318170304239,0.9931772000216632,0.9931772000216632,0.99318170304239,0.2718213629983864,0.2718251032642007,0.2718251032642007,0.2718213629983864,15.338816595125506
350.0,64.831,78.659,2.619,3.15,1.7444343226203938,1.7444289724600217,1.7444289724600217,1.7444343226203938,1.836870505618191,1.8368516791570155,1.8368516791570155,1.836870505618191,0.9942932106349294,0.9942885184103324,0.9942885184103324,0.9942932106349294,0.2719275939267055,0.2719314048018852,0.2719314048018852,0.2719275939267055,15.344950790014275
350.0,64.861,42.927,6.093,5.318,1.745599073281326,1.745593498893773,1.745593498893773,1.745599073281326,1.8364296985875823,1.836409126459108,1.836409126459108,1.8364296985875823,0.9915938817370588,0.9915876780976188,0.9915876780976188,0.9915938817370588,0.2716849439285795,0.2716907075428929,0.2716907075428929,0.2716849439285795,15.327130050915232
350.0,65.307,39.229,5.388,4.151,1.74557435811654,1.745569858229955,1.745569858229955,1.74557435811654,1.836467196312708,1.8364515847162568,1.8364515847162568,1.836467196312708,0.9916875316478796,0.9916785170656268,0.9916785170656268,0.9916875316478796,0.2717059279108216,0.2717140035278023,0.2717140035278023,0.2717059279108216,15.32527728988848
350.0,65.309,12.8,2.626,3.567,1.7464423669328537,1.7464375014051527,1.7464375014051527,1.7464423669328537,1.836136255718937,1.8361188173824765,1.8361188173824765,1.836136255718937,0.989702959833659,0.9896492254972848,0.9896492254972848,0.989702959833659,0.2715082447768826,0.2715517051094074,0.2715517051094074,0.2715082447768826,15.312103149885836
350.0,65.423,75.333,5.307,3.177,1.744351207617212,1.744345964920449,1.744345964920449,1.744351207617212,1.836947547561922,1.8369285318429505,1.8369285318429505,1.836947547561922,0.9945354282559316,0.9945318443130154,0.9945318443130154,0.9945354282559316,0.2719684085334903,0.2719713679072138,0.2719713679072138,0.2719684085334903,15.34327963687009
350.0,65.499,54.259,3.945,2.744,1.745018062746997,1.7450131552235044,1.7450131552235044,1.745018062746997,1.83669430682062,1.8366768828437727,1.8366768828437727,1.83669430682062,0.9929918536141596,0.9929857243632418,0.9929857243632418,0.9929918536141596,0.2718305704375287,0.2718359126994232,0.2718359126994232,0.2718305704375287,15.332766818222098
350.0,65.954,83.478,3.825,2.964,1.743910695969786,1.7439058076810927,1.7439058076810927,1.743910695969786,1.8371560231559487,1.8371387186044783,1.8371387186044783,1.8371560231559487,0.9956049121471428,0.9956011913564132,0.9956011913564132,0.9956049121471428,0.2720813902950808,0.2720843160137522,0.2720843160137522,0.2720813902950808,15.34733170777316
350.0,66.197,85.253,4.451,3.401,1.7437734154451303,1.7437682221780246,1.7437682221780246,1.7437734154451303,1.8372278266991935,1.8372089681087864,1.8372089681087864,1.8372278266991935,0.9959451584626016,0.9959413885320382,0.9959413885320382,0.9959451584626016,0.2721196304274671,0.2721225883526276,0.2721225883526276,0.2721196304274671,15.348212086238712
350.0,66.2,23.115,3.169,5.93,1.7458130402875798,1.7458079399225912,1.7458079399225912,1.7458130402875798,1.8364396705475805,1.8364211374354735,1.8364211374354735,1.8364396705475805,0.9912127997121084,0.9911947884449896,0.9911947884449896,0.9912127997121084,0.2716867465851849,0.2717025694087317,0.2717025694087317,0.2716867465851849,15.317226422541513
350.0,66.22,52.536,5.339,3.566,1.7448396112638491,1.744834119699529,1.744834119699529,1.7448396112638491,1.836814523547067,1.8367942859964264,1.8367942859964264,1.836814523547067,0.9934650484964856,0.9934588789553072,0.9934588789553072,0.9934650484964856,0.2718955476064583,0.2719009375363857,0.2719009375363857,0.2718955476064583,15.331893475346773
350.0,66.356,82.49,3.659,6.168,1.7438121415420411,1.743807054727958,1.743807054727958,1.7438121415420411,1.837223421269448,1.837205257157571,1.837205257157571,1.837223421269448,0.9958676197716508,0.9958633217918036,0.9958633217918036,0.9958676197716508,0.2721173941361175,0.2721207386168567,0.2721207386168567,0.2721173941361175,15.346830577102796
350.0,66.501,53.172,2.507,3.081,1.7447191337745565,1.7447142041584984,1.7447142041584984,1.7447191337745565,1.8368510825493496,1.8368335983264976,1.8368335983264976,1.8368510825493496,0.9937538983214684,0.9937475639017505,0.9937475639017505,0.9937538983214684,0.2719296649552608,0.2719352013372233,0.2719352013372233,0.2719296649552608,15.33220447574362
350.0,66.664,25.091,4.912,5.426,1.7455974073738398,1.7455900712892398,1.7455900712892398,1.7455974073738398,1.8365595694730223,1.8365303480070276,1.8365303480070276,1.8365595694730223,0.9917493954236068,0.9917361915562262,0.9917361915562262,0.9917493954236068,0.2717514618132199,0.2717635327593363,0.2717635327593363,0.2717514618132199,15.318201468679646
350.0,66.67,77.482,2.752,5.717,1.7438738136955498,1.7438688845631416,1.7438688845631416,1.7438738136955498,1.8372208367688745,1.837203328142152,1.837203328142152,1.8372208367688745,0.9957486047809636,0.9957441431674042,0.9957441431674042,0.9957486047809636,0.2721163422582091,0.2721199195573227,0.2721199195573227,0.2721163422582091,15.34432575220144
350.0,66.716,45.128,4.415,4.962,1.744920358751708,1.7449154783134198,1.7449154783134198,1.744920358751708,1.8368163671609816,1.836799101415441,1.836799101415441,1.8368163671609816,0.9933176404009276,0.9933097768452022,0.9933097768452022,0.9933176404009276,0.2718969173360936,0.2719038505650621,0.2719038505650621,0.2718969173360936,15.328189050903188
350.0,66.725,85.836,3.003,3.487,1.7435822435261648,1.7435770246202622,1.7435770246202622,1.7435822435261648,1.8373404882147284,1.8373215479323664,1.8373215479323664,1.8373404882147284,0.9964337079157086,0.9964306505233452,0.9964306505233452,0.9964337079157086,0.2721805589901084,0.272182969827463,0.272182969827463,0.2721805589901084,15.348491913538943
350.0,67.102,36.236,4.367,4.379,1.7450868113331757,1.7450816811607488,1.7450816811607488,1.7450868113331757,1.836779533819323,1.8367610347516137,1.8367610347516137,1.836779533819323,0.9929624206244276,0.992954591933753,0.992954591933753,0.9929624206244276,0.2718767321183235,0.2718840784746781,0.2718840784746781,0.2718767321183235,15.323748395531023
350.0,67.207,46.719,3.743,3.382,1.7447079848411766,1.744702450930364,1.744702450930364,1.7447079848411766,1.836934210578526,1.8369139236409924,1.8369139236409924,1.836934210578526,0.9938507941732196,0.9938433588239356,0.9938433588239356,0.9938507941732196,0.2719604261619213,0.2719669430006439,0.2719669430006439,0.2719604261619213,15.328972467639636
350.0,67.316,42.424,6.494,5.841,1.7448132506807814,1.744808458610592,1.744808458610592,1.7448132506807814,1.836899050686626,1.8368820712066287,1.8368820712066287,1.836899050686626,0.9936140728276655,0.993606365695102,0.993606365695102,0.9936140728276655,0.2719422369164534,0.2719492029381179,0.2719492029381179,0.2719422369164534,15.326828762653369
350.0,67.568,62.396,4.431,3.989,1.744075659876955,1.744070406910908,1.744070406910908,1.744075659876955,1.8372054503256583,1.8371863945618403,1.8371863945618403,1.8372054503256583,0.9953496437969682,0.9953453227045737,0.9953453227045737,0.9953496437969682,0.2721083027881809,0.2721121022184629,0.2721121022184629,0.2721083027881809,15.33678244416155
350.0,67.685,37.35,2.781,5.655,1.7448596097838294,1.7448544610015944,1.7448544610015944,1.7448596097838294,1.8369077264926057,1.836889333138632,1.836889333138632,1.8369077264926057,0.9935366961922536,0.9935283743534666,0.9935283743534666,0.9935366961922536,0.2719464116837251,0.2719540267983631,0.2719540267983631,0.2719464116837251,15.324291588532756
350.0,67.783,64.45,4.701,5.747,1.743937623502362,1.7439328108028236,1.7439328108028236,1.743937623502362,1.8372738340443275,1.837256813379185,1.837256813379185,1.8372738340443275,0.9956884324680954,0.9956837429965254,0.9956837429965254,0.9956884324680954,0.2721454970374019,0.2721495269736057,0.2721495269736057,0.2721454970374019,15.33780213128648
350.0,67.855,46.927,5.66,4.494,1.7444890671044049,1.744484245009326,1.744484245009326,1.7444890671044049,1.8370628712854864,1.8370457995479967,1.8370457995479967,1.8370628712854864,0.9944108170707638,0.9944033796945604,0.9944033796945604,0.9944108170707638,0.2720310871367491,0.2720376474898322,0.2720376474898322,0.2720310871367491,15.329062974285124
350.0,67.896,37.908,5.968,3.547,1.7447720368385602,1.744767149732534,1.744767149732534,1.7447720368385602,1.8369557788475508,1.8369385575697057,1.8369385575697057,1.8369557788475508,0.9937567187709808,0.993748420913306,0.993748420913306,0.9937567187709808,0.2719728692155316,0.2719804417824319,0.2719804417824319,0.2719728692155316,15.324565443695636
350.0,67.96,76.371,3.677,5.202,1.7434891004561253,1.743484285473209,1.743484285473209,1.7434891004561253,1.837463405687529,1.8374464226912333,1.8374464226912333,1.837463405687529,0.9967493897212232,0.9967455687515056,0.9967455687515056,0.9967493897212232,0.2722473318624416,0.2722504677394383,0.2722504677394383,0.2722473318624416,15.343744478204842
350.0,68.445,44.584,3.202,3.439,1.7443735663116475,1.7443682944817156,1.7443682944817156,1.7443735663116475,1.837150316006419,1.837131082685672,1.837131082685672,1.837150316006419,0.9947270849651506,0.994719431826778,0.994719431826778,0.9947270849651506,0.2720778810008958,0.2720846954554301,0.2720846954554301,0.2720778810008958,15.327882533592948
350.0,68.502,60.264,5.809,2.709,1.7438401495333304,1.7438353505620807,1.7438353505620807,1.7438401495333304,1.8373623468361533,1.837345484871834,1.837345484871834,1.8373623468361533,0.995972775507091,0.9959676765198152,0.9959676765198152,0.995972775507091,0.2721934040294189,0.2721978161860689,0.2721978161860689,0.2721934040294189,15.335699751781188
350.0,68.557,98.305,4.88,5.096,1.7425763605164035,1.7425712513920442,1.7425712513920442,1.7425763605164035,1.8378720406215885,1.8378535232310664,1.8378535232310664,1.8378720406215885,0.998934925552524,0.9989320759113912,0.9989320759113912,0.998934925552524,0.2724643759245837,0.2724665143679386,0.2724665143679386,0.2724643759245837,15.354675393475349
350.0,68.643,28.327,5.725,2.766,1.7448425331645414,1.7448377208660244,1.7448377208660244,1.7448425331645414,1.8369801769518053,1.836963188047501,1.836963188047501,1.8369801769518053,0.9936551067368244,0.993641023393715,0.993641023393715,0.9936551067368244,0.2719842504923108,0.2719967332208397,0.2719967332208397,0.2719842504923108,15.319774179577536
350.0,68.646,29.365,3.552,3.153,1.7448074326280882,1.7448023376151824,1.7448023376151824,1.7448074326280882,1.836994744503412,1.836976255289108,1.836976255289108,1.836994744503412,0.9937365654158352,0.9937236810601964,0.9937236810601964,0.9937365654158352,0.2719922188089303,0.2720037530364143,0.2720037530364143,0.2719922188089303,15.320291409469268
350.0,68.869,69.298,3.085,4.682,1.7434241075987416,1.7434190971524857,1.7434190971524857,1.7434241075987416,1.837553660070088,1.8375357752074568,1.8375357752074568,1.837553660070088,0.9969731952719536,0.9969693371080284,0.9969693371080284,0.9969731952719536,0.272295950060243,0.2722992144873417,0.2722992144873417,0.272295950060243,15.340197961949384
350.0,69.084,18.57,4.436,6.207,1.7450199182927209,1.7450133261079672,1.7450133261079672,1.7450199182927209,1.836946844671829,1.8369210154248,1.8369210154248,1.836946844671829,0.9932839814878724,0.9932628885048584,0.9932628885048584,0.9932839814878724,0.2719611834787951,0.2719797810633776,0.2719797810633776,0.2719611834787951,15.314901838935572
350.0,69.182,91.559,2.655,5.446,1.7425890655026255,1.7425845351491505,1.7425845351491505,1.7425890655026255,1.8378950025337937,1.8378790990898013,1.8378790990898013,1.8378950025337937,0.9989466710031896,0.998942965458052,0.998942965458052,0.9989466710031896,0.272484408698773,0.272487171525132,0.272487171525132,0.272484408698773,15.351296073187218
350.0,69.246,61.235,6.443,6.268,1.7435653746374404,1.7435601736344328,1.7435601736344328,1.7435653746374404,1.8375247129483117,1.8375059043878823,1.8375059043878823,1.8375247129483117,0.9966730489990672,0.9966689494625796,0.9966689494625796,0.9966730489990672,0.2722804050803588,0.27228406072719,0.27228406072719,0.2722804050803588,15.33616877559567
350.0,69.304,57.975,4.314,4.588,1.7436531737249024,1.7436483131613785,1.7436483131613785,1.7436531737249024,1.8374930728614427,1.8374757303848308,1.8374757303848308,1.8374930728614427,0.9964724428748571,0.9964675423129106,0.9964675423129106,0.9964724428748571,0.2722636670241935,0.2722680423302777,0.2722680423302777,0.2722636670241935,15.334541523536398
350.0,69.435,56.902,5.156,3.283,1.743645423381584,1.7436403317013751,1.7436403317013751,1.743645423381584,1.83750605603049,1.837487767055985,1.837487767055985,1.83750605603049,0.9965013615037032,0.9964962001590628,0.9964962001590628,0.9965013615037032,0.272270311929582,0.2722748762361066,0.2722748762361066,0.272270311929582,15.33400413291511
350.0,69.709,44.844,4.099,2.538,1.7439511088778854,1.743946743306834,1.743946743306834,1.7439511088778854,1.837402316131128,1.8373874080828445,1.8373874080828445,1.837402316131128,0.9958095309147116,0.9958024706338852,0.9958024706338852,0.9958095309147116,0.2722153126292726,0.2722217138277582,0.2722217138277582,0.2722153126292726,15.327985642146288
350.0,69.743,59.538,3.747,6.153,1.74345853118616,1.7434532416146593,1.7434532416146593,1.74345853118616,1.8376025657452009,1.837583307534695,1.837583307534695,1.8376025657452009,0.9969621778246855,0.996957484882673,0.996957484882673,0.9969621778246855,0.272321863174703,0.2723260143347603,0.2723260143347603,0.272321863174703,15.335311983403324
350.0,69.832,90.202,6.335,6.007,1.7424248131878026,1.742420298980216,1.742420298980216,1.7424248131878026,1.8380226259784709,1.8380070267660231,1.8380070267660231,1.8380226259784709,0.9993906486276966,0.9993861355215036,0.9993861355215036,0.9993906486276966,0.2725450474040386,0.2725484997396443,0.2725484997396443,0.2725450474040386,15.350605670974575
350.0,69.854,75.678,4.52,4.625,1.7428935375240024,1.7428882796919545,1.7428882796919545,1.7428935375240024,1.83783667732695,1.8378174519526205,1.8378174519526205,1.83783667732695,0.9982929371052084,0.9982890359934457,0.9982890359934457,0.9982929371052084,0.2724463399987227,0.272449574547718,0.272449574547718,0.2724463399987227,15.343359334738723
350.0,70.203,57.352,6.154,6.175,1.7433798728258507,1.7433745299521917,1.7433745299521917,1.7433798728258507,1.8376664235704807,1.8376468475011047,1.8376468475011047,1.8376664235704807,0.9971817911253148,0.9971774841923068,0.9971774841923068,0.9971817911253148,0.2723562446174936,0.2723601974642833,0.2723601974642833,0.2723562446174936,15.334212460359948
350.0,70.227,30.448,4.306,6.128,1.7442544598287817,1.7442495694884794,1.7442495694884794,1.7442544598287817,1.8373205022458785,1.837303015520929,1.837303015520929,1.8373205022458785,0.9951466575089272,0.9951342880069184,0.9951342880069184,0.9951466575089272,0.2721690178643114,0.2721801081719988,0.2721801081719988,0.2721690178643114,15.32079874764282
350.0,70.289,95.377,5.162,3.238,1.7421066224682842,1.7421020308930435,1.7421020308930435,1.7421066224682842,1.8381850659954213,1.8381692788602668,1.8381692788602668,1.8381850659954213,1.0001739217600794,1.0001704278363526,1.0001704278363526,1.0001739217600794,0.2726309791929392,0.2726335932444672,0.2726335932444672,0.2726309791929392,15.35317798949785
350.0,70.313,67.507,5.172,2.886,1.7430106919075627,1.7430058543066227,1.7430058543066227,1.7430106919075627,1.8378209303685096,1.8378037795302793,1.8378037795302793,1.8378209303685096,0.9980539522720616,0.9980495087434804,0.9980495087434804,0.9980539522720616,0.2724387952771151,0.2724425824852199,0.2724425824852199,0.2724387952771151,15.339274327113838
350.0,70.369,54.297,4.963,3.878,1.7434252721938746,1.743420398763047,1.743420398763047,1.7434252721938746,1.837658849702672,1.837641629009356,1.837641629009356,1.837658849702672,0.9970890042433816,0.9970829546392416,0.9970829546392416,0.9970890042433816,0.2723523144517041,0.2723576162413465,0.2723576162413465,0.2723523144517041,15.332685424596644
350.0,70.522,58.878,4.478,2.551,1.743225041756315,1.7432207345029984,1.7432207345029984,1.743225041756315,1.8377482071411189,1.83773365840614,1.83773365840614,1.8377482071411189,0.9975684252411304,0.9975625841241352,0.9975625841241352,0.9975684252411304,0.2724006581449511,0.2724056863015806,0.2724056863015806,0.2724006581449511,15.334966813616004
350.0,70.878,83.527,3.921,6.249,1.7423017944403718,1.7422970689056192,1.7422970689056192,1.7423017944403718,1.8381477537436808,1.8381311730910856,1.8381311730910856,1.8381477537436808,0.9997605824891492,0.9997570449792348,0.9997570449792348,0.9997605824891492,0.272611859850183,0.2726146937463472,0.2726146937463472,0.272611859850183,15.347253082477668
350.0,71.038,16.483,4.464,4.179,1.7444468467079617,1.7444427050146825,1.7444427050146825,1.7444468467079617,1.8372991490543649,1.837285201869036,1.837285201869036,1.8372991490543649,0.994774047792346,0.9947363801984564,0.9947363801984564,0.994774047792346,0.2721495335290063,0.2721806303335877,0.2721806303335877,0.2721495335290063,15.313821381820189
350.0,71.045,27.759,4.791,5.483,1.7440749757900265,1.744069787561623,1.744069787561623,1.7440749757900265,1.8374491082877704,1.8374302014985295,1.8374302014985295,1.8374491082877704,0.9956294483882956,0.9956160472702524,0.9956160472702524,0.9956294483882956,0.2722376768954379,0.2722497318307246,0.2722497318307246,0.2722376768954379,15.319441137692982
350.0,71.25,51.582,3.661,5.674,1.7432260999363096,1.7432211974628735,1.7432211974628735,1.7432260999363096,1.8378007523509212,1.837783257337397,1.837783257337397,1.8378007523509212,0.9976235162831883,0.9976169754137628,0.9976169754137628,0.9976235162831883,0.2724280732304449,0.2724338409713208,0.2724338409713208,0.2724280732304449,15.331313247271725
350.0,71.807,46.656,4.454,3.666,1.7432051279559675,1.7432004501691405,1.7432004501691405,1.7432051279559675,1.8378479356627448,1.8378315690254707,1.8378315690254707,1.8378479356627448,0.9977154727476432,0.9977088899194904,0.9977088899194904,0.9977154727476432,0.2724537626560811,0.2724597570596859,0.2724597570596859,0.2724537626560811,15.328845755650816
350.0,72.122,68.425,4.839,4.796,1.7423889952533569,1.7423840861092794,1.7423840861092794,1.7423889952533569,1.8382012741896665,1.838183705190774,1.838183705190774,1.8382012741896665,0.9996521813670656,0.9996475849834828,0.9996475849834828,0.9996521813670656,0.27264056077704,0.2726444768787235,0.2726444768787235,0.27264056077704,15.339694114213833
350.0,72.285,76.618,4.39,3.262,1.7420675914258046,1.7420628431345813,1.7420628431345813,1.7420675914258046,1.838344095691744,1.8383273157975664,1.8383273157975664,1.838344095691744,1.0004198713629755,1.000415720349188,1.000415720349188,1.0004198713629755,0.2727157455362535,0.2727191629678756,0.2727191629678756,0.2727157455362535,15.343777161700102
350.0,72.307,89.56,3.225,4.835,1.7416373462882715,1.741632474713311,1.741632474713311,1.7416373462882715,1.838523167752592,1.838505661499087,1.838505661499087,1.838523167752592,1.0014342517694512,1.0014313928513134,1.0014313928513134,1.0014342517694512,0.2728093347278454,0.2728116339851822,0.2728116339851822,0.2728093347278454,15.35023296490534
350.0,72.401,83.889,5.241,2.645,1.741792161287286,1.7417873568127025,1.7417873568127025,1.741792161287286,1.838465779319663,1.8384488046158496,1.8384488046158496,1.838465779319663,1.0010771620255925,1.0010730436494388,1.0010730436494388,1.0010771620255925,0.272779244918754,0.2727825165013294,0.2727825165013294,0.272779244918754,15.347401926902435
350.0,72.459,63.098,6.177,3.547,1.7424528094972935,1.742448474507186,1.742448474507186,1.7424528094972935,1.8381978877770704,1.838183056120672,1.838183056120672,1.8381978877770704,0.999527751362055,0.999522808305956,0.999522808305956,0.999527751362055,0.2726396659705815,0.2726439578732761,0.2726439578732761,0.2726396659705815,15.33703017653268
350.0,72.562,83.157,2.812,6.427,1.7417616653253185,1.741757014465481,1.741757014465481,1.7417616653253185,1.838483476890072,1.8384668765790448,1.8384668765790448,1.838483476890072,1.0011581749828455,1.0011540441916016,1.0011540441916016,1.0011581749828455,0.2727915780024264,0.2727948252895056,0.2727948252895056,0.2727915780024264,15.347033311423848
350.0,72.995,58.652,5.671,4.295,1.7424234052439025,1.7424184281321102,1.7424184281321102,1.7424234052439025,1.8382496610867904,1.83823180425443,1.83823180425443,1.8382496610867904,0.9996380976846883,0.9996340357212228,0.9996340357212228,0.9996380976846883,0.2726668461705781,0.2726705996722383,0.2726705996722383,0.2726668461705781,15.334802086070813
350.0,73.151,40.102,5.546,4.612,1.7429794978414077,1.7429749996421189,1.7429749996421189,1.7429794978414077,1.838033379684328,1.8380179258077392,1.8380179258077392,1.838033379684328,0.9983474843530624,0.9983393231523872,0.9983393231523872,0.9983474843530624,0.2725524836473984,0.2725599036785742,0.2725599036785742,0.2725524836473984,15.325549909792777
350.0,73.165,39.062,3.203,4.157,1.7430090395719369,1.7430041897575097,1.7430041897575097,1.7430090395719369,1.8380222712962409,1.8380049439666024,1.8380049439666024,1.8380222712962409,0.9982794387489654,0.9982708746487604,0.9982708746487604,0.9982794387489654,0.2725464731718171,0.2725543278796085,0.2725543278796085,0.2725464731718171,15.325031073550813
350.0,73.22,54.462,2.645,5.037,1.7424819180205875,1.7424766152979587,1.7424766152979587,1.7424819180205875,1.8382230094209049,1.8382035504301248,1.8382035504301248,1.8382230094209049,0.9995098448361291,0.9995040240485484,0.9995040240485484,0.9995098448361291,0.2726610891021528,0.2726662135535948,0.2726662135535948,0.2726610891021528,15.332708087929378
350.0,73.246,38.781,2.92,2.517,1.7429921430296476,1.7429870134745862,1.7429870134745862,1.7429921430296476,1.8380360802294688,1.838017395127048,1.838017395127048,1.8380360802294688,0.9983255541012908,0.9983174607773057,0.9983174607773057,0.9983255541012908,0.2725534640886124,0.2725608681617751,0.2725608681617751,0.2725534640886124,15.324889573589315
350.0,73.353,70.4,4.108,5.299,1.7419216091989012,1.7419168921597608,1.7419168921597608,1.7419216091989012,1.8384802346055324,1.8384636482090049,1.8384636482090049,1.8384802346055324,1.0008446178481667,1.000840704785946,1.000840704785946,1.0008446178481667,0.2727880523181379,0.2727914236022574,0.2727914236022574,0.2727880523181379,15.3406532286282
350.0,73.406,63.817,4.029,4.316,1.7421195742608762,1.7421147320899566,1.7421147320899566,1.7421195742608762,1.8384031580004636,1.838385770323265,1.838385770323265,1.8384031580004636,1.000383295382234,1.00037911014238,1.00037911014238,1.000383295382234,0.2727475692473658,0.2727513039979988,0.2727513039979988,0.2727475692473658,15.337368857820652
350.0,73.574,67.551,3.572,4.266,1.7419424449789676,1.7419379364547156,1.7419379364547156,1.7419424449789676,1.8384869079517827,1.8384714298584892,1.8384714298584892,1.8384869079517827,1.0008126010646627,1.0008077975153171,1.0008077975153171,1.0008126010646627,0.2727917176041789,0.272795784726468,0.272795784726468,0.2727917176041789,15.339227687783763
350.0,73.796,42.185,5.76,6.476,1.7427002525999953,1.7426951502731085,1.7426951502731085,1.7427002525999953,1.8381939193296024,1.8381753869102149,1.8381753869102149,1.8381939193296024,0.9990514655453708,0.9990437348835935,0.9990437348835935,0.9990514655453708,0.2726368853275524,0.2726439320214104,0.2726439320214104,0.2726368853275524,15.326574793169131
350.0,74.16,84.918,3.304,4.932,1.7411831725265587,1.7411779948063777,1.7411779948063777,1.7411831725265587,1.838846079125924,1.8388271272778165,1.8388271272778165,1.838846079125924,1.0026472914372082,1.0026438139898075,1.0026438139898075,1.0026472914372082,0.2729781131578754,0.2729809157324424,0.2729809157324424,0.2729781131578754,15.347877674542776
350.0,74.376,81.426,5.049,6.291,1.7412261564372555,1.741221659095519,1.741221659095519,1.7412261564372555,1.838841826414008,1.8388262380160896,1.8388262380160896,1.838841826414008,1.0025616921780187,1.0025572511382246,1.0025572511382246,1.0025616921780187,0.272976691919601,0.2729802733161024,0.2729802733161024,0.272976691919601,15.346131206790856
350.0,74.645,82.791,3.95,4.118,1.741093880676838,1.7410888653572458,1.7410888653572458,1.741093880676838,1.8389180038949604,1.8389000040784167,1.8389000040784167,1.8389180038949604,1.0028945356027337,1.0028911252062571,1.0028911252062571,1.0028945356027337,0.2730160144415692,0.2730188043553948,0.2730188043553948,0.2730160144415692,15.346806520504186
350.0,74.817,33.394,6.434,4.902,1.742653535876184,1.7426486221984214,1.7426486221984214,1.742653535876184,1.8382849311937817,1.838267262824116,1.838267262824116,1.8382849311937817,0.9992381091144512,0.999230756684716,0.999230756684716,0.9992381091144512,0.2726858593966394,0.2726931157964163,0.2726931157964163,0.2726858593966394,15.322171362392968
350.0,74.869,35.764,5.188,5.176,1.7425587181708797,1.742553961979646,1.742553961979646,1.7425587181708797,1.83832673351761,1.838309980956028,1.838309980956028,1.83832673351761,0.9994654025766154,0.9994555467270816,0.9994555467270816,0.9994654025766154,0.2727072138095364,0.2727161381243513,0.2727161381243513,0.2727072138095364,15.323351350347416
350.0,74.878,12.659,5.071,3.803,1.7433131503258752,1.7433083280852355,1.7433083280852355,1.7433131503258752,1.8380212252842252,1.8380039661953151,1.8380039661953151,1.8380212252842252,0.9977220803715408,0.9976674876760874,0.9976674876760874,0.9977220803715408,0.2725294000335082,0.2725735857982007,0.2725735857982007,0.2725294000335082,15.311836318051524
350.0,74.908,63.507,3.22,5.747,1.741637699711634,1.7416327823508098,1.7416327823508098,1.741637699711634,1.8387088722770997,1.8386913377694571,1.8386913377694571,1.8387088722770997,1.0016313077079844,1.0016262311721733,1.0016262311721733,1.0016313077079844,0.2729081961791767,0.2729125551345257,0.2729125551345257,0.2729081961791767,15.337182844820491
350.0,75.017,43.127,3.384,5.627,1.7422690598437305,1.7422640402853822,1.7422640402853822,1.7422690598437305,1.838456771202232,1.8384387590269449,1.8384387590269449,1.838456771202232,1.0001540276072969,1.0001499556601283,1.0001499556601283,1.0001540276072969,0.2727771259867866,0.2727814365139026,0.2727814365139026,0.2727771259867866,15.327018741806512
350.0,75.217,98.047,3.54,5.263,1.7404085702356211,1.74040384194718,1.74040384194718,1.7404085702356211,1.8392478795453784,1.8392311392320912,1.8392311392320912,1.8392478795453784,1.004559182594054,1.0045556601608747,1.0045556601608747,1.004559182594054,0.2731862721385276,0.2731889620536047,0.2731889620536047,0.2731862721385276,15.35440546263553
350.0,75.287,84.867,3.427,4.689,1.740815688080281,1.7408109005418524,1.7408109005418524,1.740815688080281,1.839080728046596,1.8390637582878568,1.8390637582878568,1.839080728046596,1.0036003038467134,1.0035965686667854,1.0035965686667854,1.0036003038467134,0.2731006650951116,0.2731036777765654,0.2731036777765654,0.2731006650951116,15.34782837196701
350.0,75.31,74.688,4.736,4.113,1.7411409361800918,1.7411358829695662,1.7411358829695662,1.7411409361800918,1.8389462392970048,1.8389279647522128,1.8389279647522128,1.8389462392970048,1.0028331142664553,1.0028297850376404,1.0028297850376404,1.0028331142664553,0.2730313693044673,0.2730342550461941,0.2730342550461941,0.2730313693044673,15.342750686790348
350.0,75.326,65.041,4.621,5.08,1.741450746717499,1.7414457771514278,1.7414457771514278,1.741450746717499,1.838817451776935,1.8387997310952744,1.8387997310952744,1.838817451776935,1.002103503074348,1.002099028493217,1.002099028493217,1.002103503074348,0.2729647373208984,0.2729686322662541,0.2729686322662541,0.2729647373208984,15.337938960979695
350.0,75.545,85.8,3.801,6.083,1.7407009339984607,1.740696171830339,1.740696171830339,1.7407009339984607,1.839147626536086,1.839130820731345,1.839130820731345,1.839147626536086,1.00389112656636,1.0038871167353038,1.0038871167353038,1.00389112656636,0.2731352792257932,0.2731384800540608,0.2731384800540608,0.2731352792257932,15.348288601480451
350.0,75.606,56.095,4.06,2.601,1.7416513106376792,1.7416468934423373,1.7416468934423373,1.7416513106376792,1.8387525794171773,1.8387374619672172,1.8387374619672172,1.8387525794171773,1.0016516830019662,1.0016459453459206,1.0016459453459206,1.0016516830019662,0.2729317130625166,0.2729367783565724,0.2729367783565724,0.2729317130625166,15.333471743413735
350.0,75.84,69.176,3.218,2.679,1.741147036281546,1.7411424974145282,1.7411424974145282,1.741147036281546,1.8389801798334344,1.838964422921449,1.838964422921449,1.8389801798334344,1.002858480531242,1.002853253845068,1.002853253845068,1.002858480531242,0.2730496345598411,0.2730539711536155,0.2730539711536155,0.2730496345598411,15.33999029505553
350.0,75.987,80.41,5.991,5.833,1.7407320236904154,1.7407270356368507,1.7407270356368507,1.7407320236904154,1.8391673277127245,1.8391494322797688,1.8391494322797688,1.8391673277127245,1.0038507766894185,1.0038469908419445,1.0038469908419445,1.0038507766894185,0.2731456931177397,0.2731488028258023,0.2731488028258023,0.2731456931177397,15.345590389379824
350.0,76.026,45.133,6.09,4.398,1.7418725784433386,1.7418675744329877,1.7418675744329877,1.7418725784433386,1.8386922701183013,1.8386742852198492,1.8386742852198492,1.8386922701183013,1.0011636083490216,1.0011561701113667,1.0011561701113667,1.0011636083490216,0.2728995393137379,0.2729062477659606,0.2729062477659606,0.2728995393137379,15.327997424494985
350.0,76.089,63.287,5.457,6.45,1.7412579383736335,1.7412534162769373,1.7412534162769373,1.7412579383736335,1.8389516655572653,1.8389359771914828,1.8389359771914828,1.8389516655572653,1.0026149408356797,1.0026102229215363,1.0026102229215363,1.0026149408356797,0.2730353701978138,0.2730395158078727,0.2730395158078727,0.2730353701978138,15.337047806227242
350.0,76.198,16.394,5.62,4.172,1.7427581522784117,1.7427517055012982,1.7427517055012982,1.7427581522784117,1.838343911086073,1.8383187358811628,1.8383187358811628,1.838343911086073,0.999111336010533,0.9990786340801572,0.9990786340801572,0.999111336010533,0.2727064345140377,0.2727339605325322,0.2727339605325322,0.2727064345140377,15.313669943282394
350.0,76.314,47.942,5.39,2.959,1.7416856680090154,1.741681520529087,1.741681520529087,1.7416856680090154,1.8387882982329824,1.8387744300565407,1.8387744300565407,1.8387882982329824,1.0016236401994147,1.001617237191911,1.001617237191911,1.0016236401994147,0.2729510671077626,0.2729569178935666,0.2729569178935666,0.2729510671077626,15.329391985159216
350.0,76.519,25.596,5.187,5.853,1.7423503178347448,1.7423450774639098,1.7423450774639098,1.7423503178347448,1.8385308122967052,1.8385115105154453,1.8385115105154453,1.8385308122967052,1.0000802080065356,1.000068234201508,1.000068234201508,1.0000802080065356,0.2728138687230521,0.2728251290934337,0.2728251290934337,0.2728138687230521,15.318248903855308
350.0,76.864,75.318,2.706,3.399,1.740606209585572,1.7406013826288178,1.7406013826288178,1.740606209585572,1.8392654441757217,1.8392483298911757,1.8392483298911757,1.8392654441757217,1.0042052862259088,1.0042003270579172,1.0042003270579172,1.0042052862259088,0.2732049401472357,0.2732090119124262,0.2732090119124262,0.2732049401472357,15.343031773282185
350.0,76.982,85.042,3.273,3.798,1.7402547536119508,1.7402500624593642,1.7402500624593642,1.7402547536119508,1.839440826020736,1.8394243556425347,1.8394243556425347,1.839440826020736,1.0050546437166432,1.0050505314790437,1.0050505314790437,1.0050546437166432,0.2732872599691806,0.2732905318355496,0.2732905318355496,0.2732872599691806,15.34787930135241
350.0,77.093,93.327,5.132,4.825,1.7399480333207131,1.739943695554523,1.739943695554523,1.7399480333207131,1.8395797284991584,1.8395649096085016,1.8395649096085016,1.8395797284991584,1.0057904809715223,1.0057867539373184,1.0057867539373184,1.0057904809715223,0.2733584252421064,0.2733613320020749,0.2733613320020749,0.2733584252421064,15.35201040095537
350.0,77.116,74.392,5.139,2.662,1.7405586867011156,1.7405539257893765,1.7405539257893765,1.7405586867011156,1.8393215400923053,1.83930482988249,1.83930482988249,1.8393215400923053,1.004344402947321,1.0043403403595628,1.0043403403595628,1.004344402947321,0.2732264161681292,0.2732298286246032,0.2732298286246032,0.2732264161681292,15.342564133198527
350.0,77.219,93.905,6.26,4.544,1.7398881370087456,1.7398833545157757,1.7398833545157757,1.7398881370087456,1.8396158865456516,1.8395989695212591,1.8395989695212591,1.8396158865456516,1.0059424893960147,1.0059390547488978,1.0059390547488978,1.0059424893960147,0.2733765119698798,0.2733791708143243,0.2733791708143243,0.2733765119698798,15.352296072870349
350.0,77.258,58.376,5.198,5.915,1.7410350011198388,1.7410305394369816,1.7410305394369816,1.7410350011198388,1.83912944249354,1.8391140819316525,1.8391140819316525,1.83912944249354,1.003228687514352,1.0032228505124718,1.0032228505124718,1.003228687514352,0.273127905128494,0.273133001599689,0.273133001599689,0.273127905128494,15.334573878265877
350.0,77.272,51.252,4.872,3.523,1.7412634021419997,1.741258408912744,1.741258408912744,1.7412634021419997,1.839035666193012,1.839017711801728,1.839017711801728,1.839035666193012,1.0026913882773805,1.0026847409510795,1.0026847409510795,1.0026913882773805,0.2730787892455232,0.2730847015045928,0.2730847015045928,0.2730787892455232,15.33102154906028
350.0,77.39,85.113,3.47,6.391,1.7401189704319977,1.7401141536107798,1.7401141536107798,1.7401189704319977,1.83952915183858,1.8395121147246736,1.8395121147246736,1.83952915183858,1.0054069054302122,1.005403132493199,1.005403132493199,1.0054069054302122,0.27333260981369,0.2733356405066338,0.2733356405066338,0.27333260981369,15.347906311006652
350.0,77.779,82.215,5.708,6.002,1.7400856869720294,1.740081222327901,1.740081222327901,1.7400856869720294,1.8395707968316424,1.839555554224206,1.839555554224206,1.8395707968316424,1.0055143381488847,1.0055100095833596,1.0055100095833596,1.0055143381488847,0.2733545834318352,0.2733580509657687,0.2733580509657687,0.2733545834318352,15.346452021622094
350.0,77.969,82.528,6.309,3.089,1.740013575578108,1.740008533958972,1.740008533958972,1.740013575578108,1.8396171250878008,1.8395989469295464,1.8395989469295464,1.8396171250878008,1.0056995730388982,1.005696348255494,1.005696348255494,1.0056995730388982,0.2733780516906365,0.2733807204833292,0.2733807204833292,0.2733780516906365,15.346604181087963
350.0,77.99,11.617,4.203,3.851,1.7423248051849185,1.7423200519335078,1.7423200519335078,1.7423248051849185,1.8386440979285457,1.8386270879226183,1.8386270879226183,1.8386440979285457,1.0002751138869383,1.0002102026534474,1.0002102026534474,1.0002751138869383,0.2728551098412841,0.2729071405450322,0.2729071405450322,0.2728551098412841,15.311251632569808
350.0,78.15,42.489,5.483,3.644,1.7412618695351971,1.7412569681864971,1.7412569681864971,1.7412618695351971,1.839099054610441,1.8390814833828453,1.8390814833828453,1.839099054610441,1.002760000764676,1.0027525833127553,1.0027525833127553,1.002760000764676,0.273112307282622,0.27311914049825,0.27311914049825,0.273112307282622,15.326634488592788
350.0,78.167,19.17,3.692,5.765,1.7420192237281722,1.7420145116875307,1.7420145116875307,1.7420192237281722,1.8387831677465116,1.8387662760095536,1.8387662760095536,1.8387831677465116,1.0009829230690372,1.0009641062693588,1.0009641062693588,1.0009829230690372,0.2729448759707092,0.2729618675700234,0.2729618675700234,0.2729448759707092,15.3150117218106
350.0,78.318,66.305,3.066,4.708,1.7404280189769554,1.7404234194755306,1.7404234194755306,1.7404280189769554,1.8394630377403896,1.83944679658174,1.83944679658174,1.8394630377403896,1.0047419828280206,1.004737028423025,1.004737028423025,1.0047419828280206,0.2733004645363529,0.2733046845163011,0.2733046845163011,0.2733004645363529,15.33850567013448
350.0,78.56,25.264,2.711,2.504,1.7416858825733366,1.7416815814000322,1.7416815814000322,1.7416858825733366,1.838932164122472,1.8389171477249469,1.8389171477249469,1.838932164122472,1.001786357425528,1.0017702831069453,1.0017702831069453,1.001786357425528,0.2730317158225938,0.2730460604988532,0.2730460604988532,0.2730317158225938,15.318040269753697
350.0,78.593,37.004,5.467,3.666,1.7412954901235274,1.7412910672793438,1.7412910672793438,1.7412954901235274,1.8391153946395615,1.8391001147419224,1.8391001147419224,1.8391153946395615,1.0027131463843957,1.0027046696755169,1.0027046696755169,1.0027131463843957,0.2731214295578495,0.2731293463633316,0.2731293463633316,0.2731214295578495,15.323890733982587
350.0,78.774,96.839,6.16,5.565,1.7392833252117657,1.7392784477746668,1.7392784477746668,1.7392833252117657,1.8399915695162992,1.8399742628594888,1.8399742628594888,1.8399915695162992,1.0074950629057604,1.0074917746879797,1.0074917746879797,1.0074950629057604,0.2735685580003397,0.273571085655685,0.273571085655685,0.2735685580003397,15.353726399434583
350.0,78.804,51.153,2.843,3.807,1.7407585128302665,1.7407537704813325,1.7407537704813325,1.7407585128302665,1.8393387429056536,1.8393218491304288,1.8393218491304288,1.8393387429056536,1.0039863723667328,1.003980949078776,1.003980949078776,1.0039863723667328,0.2732458038122507,0.273250844457168,0.273250844457168,0.2732458038122507,15.330940177618295
350.0,78.815,30.372,5.294,5.812,1.7414394977270695,1.7414344552348762,1.7414344552348762,1.7414394977270695,1.8390724195625048,1.8390539787527875,1.8390539787527875,1.8390724195625048,1.0023913919513223,1.0023812208886234,1.0023812208886234,1.0023913919513223,0.273098115086195,0.2731077127088884,0.2731077127088884,0.273098115086195,15.320580412833412
350.0,78.865,53.388,3.539,4.381,1.7406707793328915,1.7406659012791037,1.7406659012791037,1.7406707793328915,1.8394005386272976,1.839382980654753,1.839382980654753,1.8394005386272976,1.0042078905426033,1.0042027189590552,1.0042027189590552,1.0042078905426033,0.2732685872563637,0.2732733749201766,0.2732733749201766,0.2732685872563637,15.332052533879834
350.0,79.009,56.361,2.623,3.599,1.7405219953214566,1.740517167870732,1.740517167870732,1.7405219953214566,1.8394579353989935,1.8394407436335685,1.8394407436335685,1.8394579353989935,1.0045630189989974,1.004557715593614,1.004557715593614,1.0045630189989974,0.2733053039423677,0.273310086635889,0.273310086635889,0.2733053039423677,15.333532467886627
350.0,79.278,63.947,6.108,5.833,1.7401901709031282,1.7401854171082036,1.7401854171082036,1.7401901709031282,1.8396353905814145,1.8396185746235407,1.8396185746235407,1.8396353905814145,1.0053761630086795,1.0053712406966762,1.0053712406966762,1.0053761630086795,0.2733890346930214,0.2733933390457816,0.2733933390457816,0.2733890346930214,15.337308685002505
350.0,79.322,70.239,5.88,3.564,1.739970432754623,1.7399658535339677,1.7399658535339677,1.739970432754623,1.839732764303628,1.839716859982069,1.839716859982069,1.839732764303628,1.0059007985042363,1.00589565870341,1.00589565870341,1.0059007985042363,0.2734385662026627,0.273442882409804,0.273442882409804,0.2734385662026627,15.340445501033733
350.0,79.34,46.257,5.337,6.436,1.7407476276722955,1.7407427183090267,1.7407427183090267,1.7407476276722955,1.8394022755641135,1.8393847647861072,1.8393847647861072,1.8394022755641135,1.0040622812634374,1.0040542590381216,1.0040542590381216,1.0040622812634374,0.2732690231980649,0.2732761360443623,0.2732761360443623,0.2732690231980649,15.328487254160857
350.0,79.372,96.442,3.34,5.24,1.739100032917722,1.7390952510105728,1.7390952510105728,1.739100032917722,1.840114849851824,1.8400979295776432,1.8400979295776432,1.840114849851824,1.007975037033234,1.0079714427167368,1.0079714427167368,1.007975037033234,0.2736315858677447,0.2736343704830853,0.2736343704830853,0.2736315858677447,15.353515227628172
350.0,79.387,11.98,3.651,5.393,1.7418539401627768,1.7418485256866612,1.7418485256866612,1.7418539401627768,1.838940622747696,1.8389202969722729,1.8389202969722729,1.838940622747696,1.0014837109754973,1.0014216019972977,1.0014216019972977,1.0014837109754973,0.2730106477095666,0.2730605712637867,0.2730605712637867,0.2730106477095666,15.311403008222957
350.0,79.515,62.456,3.859,6.042,1.740161054136259,1.7401563665386304,1.7401563665386304,1.740161054136259,1.8396650436770976,1.8396485031552336,1.8396485031552336,1.8396650436770976,1.0054621194435422,1.0054577809519136,1.0054577809519136,1.0054621194435422,0.2734046826549148,0.2734085963526722,0.2734085963526722,0.2734046826549148,15.336560225301254
350.0,79.619,19.557,4.999,3.966,1.7415269059291305,1.741526176754226,1.741526176754226,1.7415269059291305,1.8390813734666247,1.8390845658986956,1.8390845658986956,1.8390813734666247,1.0022513120845575,1.002216188939283,1.002216188939283,1.0022513120845575,0.2730998441713703,0.2731287323100005,0.2731287323100005,0.2730998441713703,15.31517337382768
350.0,80.09,21.343,5.08,3.574,1.741315861582272,1.741310782251587,1.741310782251587,1.741315861582272,1.8392157262697135,1.839197144652633,1.839197144652633,1.8392157262697135,1.0027806478867276,1.0027610319954414,1.0027610319954414,1.0027806478867276,0.2731697038525821,0.2731870504550749,0.2731870504550749,0.2731697038525821,15.316053269295494
350.0,80.249,28.182,2.818,4.498,1.741034975021307,1.7410302924773962,1.7410302924773962,1.741034975021307,1.8393274253726424,1.8393107295335591,1.8393107295335591,1.8393274253726424,1.0034434941651893,1.003429430661584,1.003429430661584,1.0034434941651893,0.2732376798241217,0.2732502890581314,0.2732502890581314,0.2732376798241217,15.31945866306843
350.0,80.277,60.55,3.908,6.388,1.7399730991508526,1.739968513807788,1.739968513807788,1.7399730991508526,1.8398009228704808,1.839784761913684,1.839784761913684,1.8398009228704808,1.005963375269602,1.0059581083572593,1.0059581083572593,1.005963375269602,0.2734744394427958,0.2734791182963234,0.2734791182963234,0.2734744394427958,15.335593679237974
350.0,80.318,27.493,6.286,5.209,1.7410398229195727,1.7410346094721665,1.7410346094721665,1.7410398229195727,1.8393492525852555,1.8393299896501472,1.8393299896501472,1.8393492525852555,1.0034457010439313,1.003432086093918,1.003432086093918,1.0034457010439313,0.2732405631250005,0.2732529307227438,0.2732529307227438,0.2732405631250005,15.319113434565574
350.0,80.335,45.506,2.625,4.706,1.7404411341352757,1.740436520188484,1.740436520188484,1.7404411341352757,1.8395889093720177,1.8395725500216569,1.8395725500216569,1.8395889093720177,1.004851400392611,1.0048451306278854,1.0048451306278854,1.004851400392611,0.2733731843459694,0.2733791112188946,0.2733791112188946,0.2733731843459694,15.328092337425916
350.0,80.363,46.141,4.498,3.698,1.740415244826921,1.7404105351546106,1.7404105351546106,1.740415244826921,1.839617381645064,1.8396007519701767,1.8396007519701767,1.839617381645064,1.004921890916132,1.00491556150229,1.00491556150229,1.004921890916132,0.2733809178983944,0.2733868229637114,0.2733868229637114,0.2733809178983944,15.328407387484464
350.0,80.734,47.899,4.401,3.918,1.740235866969342,1.7402313684252202,1.7402313684252202,1.740235866969342,1.8397206441816043,1.8397050131201245,1.8397050131201245,1.8397206441816043,1.0053738335522222,1.005366693993626,1.005366693993626,1.0053738335522222,0.2734338711535904,0.2734403073291323,0.2734403073291323,0.2734338711535904,15.32927603882983
350.0,80.763,64.649,5.906,4.544,1.7396796649806991,1.739674924646848,1.739674924646848,1.7396796649806991,1.8399638335405375,1.8399469670976327,1.8399469670976327,1.8399638335405375,1.0066956359226804,1.0066903768593511,1.0066903768593511,1.0066956359226804,0.2735572557773142,0.2735618320237807,0.2735618320237807,0.2735572557773142,15.337626735756022
350.0,81.226,41.07,3.615,3.095,1.740297187590882,1.7402922840473811,1.7402922840473811,1.740297187590882,1.839730903290751,1.8397131584105064,1.8397131584105064,1.839730903290751,1.005265196464433,1.0052562125877946,1.0052562125877946,1.005265196464433,0.2734386209226779,0.2734466798052933,0.2734466798052933,0.2734386209226779,15.325861460897055
350.0,81.417,87.84,3.536,5.712,1.7387091539483308,1.738704649143361,1.738704649143361,1.7387091539483308,1.8404350602110968,1.840419407460713,1.840419407460713,1.8404350602110968,1.0090532235222456,1.009049650512809,1.009049650512809,1.0090532235222456,0.273795995945227,0.2737988990424265,0.2737988990424265,0.273795995945227,15.34917935027843
350.0,81.545,48.551,4.977,2.699,1.7399478570389453,1.7399433980122667,1.7399433980122667,1.7399478570389453,1.839903584434656,1.839888144432652,1.839888144432652,1.839903584434656,1.0061145294504608,1.0061085098961642,1.0061085098961642,1.0061145294504608,0.2735281513309949,0.2735337528092947,0.2735337528092947,0.2735281513309949,15.329583407577536
350.0,81.759,90.097,2.944,3.102,1.7385184370877798,1.7385140671940091,1.7385140671940091,1.7385184370877798,1.8405258001856688,1.8405107221266463,1.8405107221266463,1.8405258001856688,1.0095240658890108,1.0095204159156812,1.0095204159156812,1.0095240658890108,0.2738499527330863,0.2738528602888463,0.2738528602888463,0.2738499527330863,15.350298064621452
350.0,82.238,53.106,4.174,5.863,1.7395715857786933,1.7395667168086302,1.7395667168086302,1.7395715857786933,1.8401185219159153,1.8401009400322987,1.8401009400322987,1.8401185219159153,1.007058360341868,1.0070520684589697,1.0070520684589697,1.007058360341868,0.2736369514050148,0.2736426156587323,0.2736426156587323,0.2736369514050148,15.331839547555424
350.0,82.397,27.892,5.84,5.053,1.7403423585579787,1.74033751524463,1.74033751524463,1.7403423585579787,1.8397959943250275,1.8397786111082013,1.8397786111082013,1.8397959943250275,1.0052440840813102,1.0052305615502808,1.0052305615502808,1.0052440840813102,0.273471533622317,0.2734838115313849,0.2734838115313849,0.273471533622317,15.319268007263782
350.0,82.408,45.305,4.349,5.724,1.7397702804925694,1.7397653860445823,1.7397653860445823,1.7397702804925694,1.8400442523572285,1.840026730573053,1.840026730573053,1.8400442523572285,1.0065975767172135,1.0065924671547133,1.0065924671547133,1.0065975767172135,0.2736003042665062,0.2736053501192092,0.2736053501192092,0.2736003042665062,15.32794698146374
350.0,82.465,95.63,2.847,4.231,1.7381075655047171,1.7381030254829364,1.7381030254829364,1.7381075655047171,1.8407635388844483,1.8407476616271372,1.8407476616271372,1.8407635388844483,1.0105580553388436,1.0105551635689478,1.0105551635689478,1.0105580553388436,0.2739683360251225,0.2739706070924989,0.2739706070924989,0.2739683360251225,15.353043114876415
350.0,82.72,14.199,3.991,4.123,1.7406837047768553,1.740678943843186,1.740678943843186,1.7406837047768553,1.83967230071387,1.839655122749216,1.839655122749216,1.83967230071387,1.0044744656439568,1.0044300355593592,1.0044300355593592,1.0044744656439568,0.2733974968850302,0.2734340697671934,0.2734340697671934,0.2733974968850302,15.312437548551676
350.0,82.82,38.184,5.484,3.886,1.7398669232000308,1.739862767485752,1.739862767485752,1.7398669232000308,1.8400302321608637,1.8400161284866623,1.8400161284866623,1.8400302321608637,1.0063990553323627,1.0063885135004822,1.0063885135004822,1.0063990553323627,0.2735926854671191,0.2736021013517295,0.2736021013517295,0.2735926854671191,15.324388183352188
350.0,82.954,68.75,5.496,5.933,1.738826365670442,1.7388215289290916,1.7388215289290916,1.738826365670442,1.8404980554968564,1.8404807139054948,1.8404807139054948,1.8404980554968564,1.0088836031847328,1.008878350889488,1.008878350889488,1.0088836031847328,0.2738285749039943,0.273833065132617,0.273833065132617,0.2738285749039943,15.339624517451975
350.0,83.027,98.413,4.048,3.032,1.73783682805023,1.7378323877418316,1.7378323877418316,1.73783682805023,1.840943792646276,1.8409283590525236,1.8409283590525236,1.840943792646276,1.0112547067873536,1.0112516234907467,1.0112516234907467,1.0112547067873536,0.2740510319850919,0.2740534780936931,0.2740534780936931,0.2740510319850919,15.354418426869891
350.0,83.216,12.862,5.741,2.825,1.7405639067902825,1.7405589430450308,1.7405589430450308,1.7405639067902825,1.839759823638744,1.839741636684981,1.839741636684981,1.839759823638744,1.0047987258727096,1.0047432656064756,1.0047432656064756,1.0047987258727096,0.2734383209748371,0.2734832617836637,0.2734832617836637,0.2734383209748371,15.311760738518943
350.0,83.477,66.998,3.77,3.438,1.7387112709295942,1.7387067338870017,1.7387067338870017,1.7387112709295942,1.8405865348466757,1.8405706348112447,1.8405706348112447,1.8405865348466757,1.0091939947612985,1.0091900631739876,1.0091900631739876,1.0091939947612985,0.2738744574781326,0.2738780070985288,0.2738780070985288,0.2738744574781326,15.338739122653656
350.0,83.65,27.074,3.426,3.943,1.7399565577632568,1.7399519427297256,1.7399519427297256,1.7399565577632568,1.840052409877348,1.8400361400351453,1.8400361400351453,1.840052409877348,1.006248042234863,1.006232198126934,1.006232198126934,1.006248042234863,0.2736025977723892,0.2736166848487708,0.2736166848487708,0.2736025977723892,15.31883331062176
350.0,83.731,10.071,5.014,2.984,1.7404855617481998,1.7404804088408663,1.7404804088408663,1.7404855617481998,1.839830994167118,1.839811918587012,1.839811918587012,1.839830994167118,1.005043048036928,1.00494289936352,1.00494289936352,1.005043048036928,0.2734583518955536,0.2735366992453976,0.2735366992453976,0.2734583518955536,15.310358779159332
350.0,83.931,87.785,6.048,3.15,1.7378855183873372,1.7378811370064633,1.7378811370064633,1.7378855183873372,1.8409883328218837,1.840973179966412,1.840973179966412,1.8409883328218837,1.0112009512424185,1.0111971837584313,1.0111971837584313,1.0112009512424185,0.2740746464993966,0.2740777248603406,0.2740777248603406,0.2740746464993966,15.349096705657248
350.0,84.006,41.872,3.641,5.673,1.7393561117488598,1.739351607214086,1.739351607214086,1.7393561117488598,1.8403394876728496,1.840323743378701,1.840323743378701,1.8403394876728496,1.007695521004193,1.0076872954172866,1.0076872954172866,1.007695521004193,0.2737508700382441,0.2737584092381872,0.2737584092381872,0.2737508700382441,15.326200738840084
350.0,84.006,87.407,5.88,6.457,1.7378732819775946,1.7378685528829223,1.7378685528829223,1.7378732819775946,1.8410004826967696,1.8409836763030751,1.8409836763030751,1.8410004826967696,1.011235647154716,1.0112326777346947,1.0112326777346947,1.011235647154716,0.2740806166714308,0.2740831106637826,0.2740831106637826,0.2740806166714308,15.348906452947018
350.0,84.062,61.471,6.067,4.309,1.7386989633538092,1.7386943050280514,1.7386943050280514,1.7386989633538092,1.8406352332396132,1.8406189075308304,1.8406189075308304,1.8406352332396132,1.009264975689235,1.009259981587194,1.009259981587194,1.009264975689235,0.2738992017846274,0.2739036482878309,0.2739036482878309,0.2738992017846274,15.335970506237768
350.0,84.087,81.284,3.434,3.676,1.7380455875800414,1.738041033443778,1.738041033443778,1.7380455875800414,1.840928060335833,1.8409120811088209,1.8409120811088209,1.840928060335833,1.0108280406409862,1.010824755331504,1.010824755331504,1.0108280406409862,0.2740453173862861,0.2740481470627161,0.2740481470627161,0.2740453173862861,15.345850908245485
350.0,84.107,21.251,6.403,6.096,1.7399960477272058,1.7399913927547002,1.7399913927547002,1.7399960477272058,1.8400687426676143,1.8400522558997623,1.8400522558997623,1.8400687426676143,1.0061879607077715,1.006169609923226,1.006169609923226,1.0061879607077715,0.2736103137364355,0.2736267827964188,0.2736267827964188,0.2736103137364355,15.315921560030253
350.0,84.125,76.8,5.597,6.238,1.738179310931069,1.7381748930109062,1.7381748930109062,1.738179310931069,1.8408708328808432,1.840855608759694,1.840855608759694,1.8408708328808432,1.010511014592076,1.0105065262202837,1.0105065262202837,1.010511014592076,0.2740166715127084,0.274020433660104,0.274020433660104,0.2740166715127084,15.34361355303652
350.0,84.151,69.849,5.075,3.005,1.7383969289672865,1.7383923038555038,1.7383923038555038,1.7383969289672865,1.8407760562834323,1.840759763517612,1.840759763517612,1.8407760562834323,1.0099925193967878,1.0099879835387984,1.0099879835387984,1.0099925193967878,0.2739695166104629,0.2739734507219042,0.2739734507219042,0.2739695166104629,15.340146592196396
350.0,84.197,33.797,4.711,2.679,1.739557230734186,1.7395523615530328,1.7395523615530328,1.739557230734186,1.8402673527104896,1.8402498176384772,1.8402498176384772,1.8402673527104896,1.0072330904415434,1.007221752696239,1.007221752696239,1.0072330904415434,0.2737128452250816,0.2737231096394239,0.2737231096394239,0.2737128452250816,15.322171799497603
350.0,84.243,59.523,6.246,2.932,1.7387027791160885,1.7386983553912312,1.7386983553912312,1.7387027791160885,1.8406459743572543,1.8406306847171885,1.8406306847171885,1.8406459743572543,1.0092684163916965,1.0092626042817432,1.0092626042817432,1.0092684163916965,0.2739048940249652,0.2739100160843102,0.2739100160843102,0.2739048940249652,15.334995377431838
350.0,84.681,59.441,5.939,5.678,1.7385612973077642,1.7385568275624343,1.7385568275624343,1.7385612973077642,1.8407413282531335,1.8407257415626364,1.8407257415626364,1.8407413282531335,1.0096369266290417,1.0096310054071809,1.0096310054071809,1.0096369266290417,0.2739528726239004,0.2739581179334288,0.2739581179334288,0.2739528726239004,15.33494496758218
350.0,84.717,68.967,6.322,5.409,1.7382392969716438,1.7382348314859974,1.7382348314859974,1.7382392969716438,1.8408878186276971,1.8408721661549488,1.8408721661549488,1.8408878186276971,1.010408685451794,1.0104039402988174,1.0104039402988174,1.010408685451794,0.2740259622216302,0.2740301211918622,0.2740301211918622,0.2740259622216302,15.339694427439923
350.0,84.918,23.719,2.674,5.313,1.739644641747906,1.739640137393211,1.739640137393211,1.739644641747906,1.8402668227607244,1.840251135680352,1.840251135680352,1.8402668227607244,1.0070705581673078,1.0070566916834751,1.0070566916834751,1.0070705581673078,0.2737190362389711,0.2737319401410895,0.2737319401410895,0.2737190362389711,15.317134325466416
350.0,85.278,83.804,3.976,3.237,1.7375723138315,1.7375680072680242,1.7375680072680242,1.7375723138315,1.8412293784693472,1.84121450484096,1.84121450484096,1.8412293784693472,1.0120454418699072,1.0120413379296769,1.0120413379296769,1.0120454418699072,0.2741958142364646,0.2741992404996612,0.2741992404996612,0.2741958142364646,15.347081359469575
350.0,85.367,81.929,4.257,5.151,1.7376041279712735,1.7375993714000888,1.7375993714000888,1.7376041279712735,1.8412227857319368,1.8412058125119888,1.8412058125119888,1.8412227857319368,1.0119753717758628,1.0119720609464873,1.0119720609464873,1.0119753717758628,0.2741925133818927,0.2741953656379216,0.2741953656379216,0.2741925133818927,15.346144395222783
350.0,85.397,65.954,5.516,4.262,1.73811395943861,1.738109121040816,1.738109121040816,1.73811395943861,1.8409951369032924,1.84097765707566,1.84097765707566,1.8409951369032924,1.0107559120002916,1.0107515079808445,1.0107515079808445,1.0107559120002916,0.2740799523620988,0.2740839249604147,0.2740839249604147,0.2740799523620988,15.33817696257557
350.0,85.417,11.302,5.27,4.062,1.7398897264518112,1.7398842510555663,1.7398842510555663,1.7398897264518112,1.840211629064909,1.840191090709991,1.840191090709991,1.840211629064909,1.0065602946869916,1.006486385247167,1.006486385247167,1.0065602946869916,0.2736625063498582,0.2737212914616949,0.2737212914616949,0.2736625063498582,15.310936126744862
350.0,85.541,64.39,3.825,3.963,1.7381172359790324,1.7381127221890778,1.7381127221890778,1.7381172359790324,1.8410032700447247,1.8409873108461172,1.8409873108461172,1.8410032700447247,1.0107574439112734,1.0107530762627417,1.0107530762627417,1.0107574439112734,0.2740846858715633,0.2740886669934476,0.2740886669934476,0.2740846858715633,15.337393906360363
350.0,85.816,71.365,4.878,6.259,1.7377999282269216,1.7377957000379178,1.7377957000379178,1.7377999282269216,1.8411660583676048,1.8411515297147685,1.8411515297147685,1.8411660583676048,1.011536569028876,1.0115317004529232,1.0115317004529232,1.011536569028876,0.2741654990821327,0.2741697089264791,0.2741697089264791,0.2741654990821327,15.34086581139146
350.0,85.934,30.648,2.845,4.293,1.73908315222142,1.7390785995471958,1.7390785995471958,1.73908315222142,1.840585432827298,1.8405693719931104,1.8405693719931104,1.840585432827298,1.008473885123867,1.0084627443717848,1.0084627443717848,1.008473885123867,0.2738822404152373,0.273892601484268,0.273892601484268,0.2738822404152373,15.320565136270677
350.0,85.989,53.531,3.553,3.441,1.7383235122174652,1.738319039156661,1.738319039156661,1.7383235122174652,1.840943591244094,1.840927996464408,1.840927996464408,1.840943591244094,1.0102950497232386,1.0102900830032353,1.0102900830032353,1.0102950497232386,0.2740558493971662,0.2740605580646998,0.2740605580646998,0.2740558493971662,15.331969590941483
350.0,86.041,47.985,3.163,3.456,1.7384797709791828,1.7384749785132088,1.7384749785132088,1.7384797709791828,1.8408500491625337,1.8408328729894032,1.8408328729894032,1.8408500491625337,1.0099126532199802,1.0099058009310573,1.0099058009310573,1.0099126532199802,0.2740206750897434,0.2740269359967501,0.2740269359967501,0.2740206750897434,15.329203779810944
350.0,86.149,66.698,4.75,5.61,1.7378419461951633,1.737837713012409,1.737837713012409,1.7378419461951633,1.841171518996908,1.8411570307116352,1.8411570307116352,1.841171518996908,1.0114587703072166,1.0114535117136536,1.0114535117136536,1.0114587703072166,0.2741687585960601,0.2741733408910255,0.2741733408910255,0.2741687585960601,15.33853146771467
350.0,86.174,89.051,2.808,2.61,1.7371032490923262,1.7370986966188522,1.7370986966188522,1.7371032490923262,1.841495010443952,1.8414787857489887,1.8414787857489887,1.841495010443952,1.0132266333568276,1.0132235009470378,1.0132235009470378,1.0132266333568276,0.2743341793358921,0.2743368122843396,0.2743368122843396,0.2743341793358921,15.349679512479662
350.0,86.187,24.282,4.886,5.35,1.739211808090606,1.7392067528735715,1.7392067528735715,1.739211808090606,1.8405645627570768,1.8405461289539076,1.8405461289539076,1.8405645627570768,1.008195299776124,1.0081800351266943,1.0081800351266943,1.008195299776124,0.2738630252589521,0.273876935564201,0.273876935564201,0.2738630252589521,15.317386778473995
350.0,86.577,53.28,6.086,4.969,1.7381378717957514,1.738133308560356,1.738133308560356,1.7381378717957514,1.841070563127016,1.841054576745804,1.841054576745804,1.841070563127016,1.0107802482983008,1.0107739472699069,1.0107739472699069,1.0107802482983008,0.2741190490437525,0.2741247223753261,0.2741247223753261,0.2741190490437525,15.331831732147783
350.0,86.924,86.596,6.294,3.738,1.7369402089707469,1.7369357685212763,1.7369357685212763,1.7369402089707469,1.8416402311557745,1.8416243253932687,1.8416243253932687,1.8416402311557745,1.0136771924809027,1.0136731678615607,1.0136731678615607,1.0136771924809027,0.2744001257974505,0.2744033870964984,0.2744033870964984,0.2744001257974505,15.348437774573952
350.0,87.011,65.634,3.439,3.804,1.7375928855664702,1.737588575379914,1.737588575379914,1.7375928855664702,1.8413482165325603,1.8413331382844509,1.8413331382844509,1.8413482165325603,1.012114745928413,1.01210964117991,1.01210964117991,1.012114745928413,0.2742572249227707,0.274261760788136,0.274261760788136,0.2742572249227707,15.337981754771286
350.0,87.566,21.601,4.872,4.285,1.7388445018916296,1.7388397210984152,1.7388397210984152,1.7388445018916296,1.8408270620968945,1.8408097996305124,1.8408097996305124,1.8408270620968945,1.009164160552904,1.0091493767959865,1.0091493767959865,1.009164160552904,0.2739965855482673,0.2740104442388902,0.2740104442388902,0.2739965855482673,15.316020541108958
350.0,87.638,56.827,4.324,4.261,1.7376731292326466,1.73766861239485,1.73766861239485,1.7376731292326466,1.841358635604772,1.8413428464594384,1.8413428464594384,1.841358635604772,1.011965091373463,1.0119598265879206,1.0119598265879206,1.011965091373463,0.2742632965533571,0.2742681238911439,0.2742681238911439,0.2742632965533571,15.333576764062686
350.0,87.639,18.373,3.372,6.263,1.738922459337766,1.7389184556978123,1.7389184556978123,1.738922459337766,1.8407856789017407,1.8407718839252163,1.8407718839252163,1.8407856789017407,1.0089826019018606,1.008957475816492,1.008957475816492,1.0089826019018606,0.2739774844970012,0.2739992452132361,0.2739992452132361,0.2739774844970012,15.31441059263445
350.0,87.76,43.929,5.608,3.562,1.738052729892679,1.7380479008638372,1.7380479008638372,1.738052729892679,1.841196691501504,1.841179227335073,1.841179227335073,1.841196691501504,1.0110650332642035,1.0110582247469615,1.0110582247469615,1.0110650332642035,0.274182884526196,0.2741893489531591,0.2741893489531591,0.274182884526196,15.327144055754934
350.0,88.284,56.734,4.315,4.645,1.7374633492142266,1.7374587565042223,1.7374587565042223,1.7374633492142266,1.841502328897572,1.8414861211262912,1.8414861211262912,1.841502328897572,1.0125124073795224,1.0125067194557704,1.0125067194557704,1.0125124073795224,0.2743346360051183,0.2743397919336852,0.2743397919336852,0.2743346360051183,15.333516150001325
350.0,88.62,46.247,4.725,4.767,1.7376934544502578,1.737689317549312,1.737689317549312,1.7376934544502578,1.8414211210593967,1.841406973178059,1.841406973178059,1.8414211210593967,1.0119828130101294,1.0119761825057747,1.0119761825057747,1.0119828130101294,0.274295667354057,0.2743019212526935,0.2743019212526935,0.274295667354057,15.328281019546775
350.0,89.035,60.074,6.017,5.509,1.737107166491093,1.7371027576078624,1.7371027576078624,1.737107166491093,1.84172052570886,1.84170511769706,1.84170511769706,1.84172052570886,1.0134178700559229,1.0134127830133617,1.0134127830133617,1.0134178700559229,0.2744431379262299,0.2744477995655506,0.2744477995655506,0.2744431379262299,15.335164753556736
350.0,89.06,95.416,4.137,5.26,1.7359513186473443,1.735947028024358,1.735947028024358,1.7359513186473443,1.8422584406239555,1.8422430122908096,1.8422430122908096,1.8422584406239555,1.016205993167668,1.0162027381356125,1.0162027381356125,1.016205993167668,0.2747045776275627,0.2747072106787756,0.2747072106787756,0.2747045776275627,15.352789692844611
350.0,89.241,25.02,4.027,5.616,1.7381802039373195,1.7381752810760638,1.7381752810760638,1.7381802039373195,1.8412481932261244,1.8412301109767952,1.8412301109767952,1.8412481932261244,1.0108637692717553,1.0108492851805195,1.0108492851805195,1.0108637692717553,0.2742078418937935,0.2742211717109314,0.2742211717109314,0.2742078418937935,15.317687959714757
350.0,89.474,19.434,3.879,6.163,1.7382841133626683,1.7382808385343247,1.7382808385343247,1.7382841133626683,1.8412126609862032,1.8412027197584848,1.8412027197584848,1.8412126609862032,1.010634024154922,1.01060816336231,1.01060816336231,1.010634024154922,0.2741889283839306,0.2742112628181939,0.2742112628181939,0.2741889283839306,15.314899111594285
350.0,89.75,51.176,5.803,6.128,1.7371607406161351,1.7371559893523771,1.7371559893523771,1.7371607406161351,1.8417500495931003,1.8417328532736064,1.8417328532736064,1.8417500495931003,1.0133375829648572,1.0133317712333183,1.0133317712333183,1.0133375829648572,0.2744582415610284,0.2744637277581663,0.2744637277581663,0.2744582415610284,15.330712946265775
350.0,89.796,80.361,5.533,4.56,1.7361973562054571,1.7361932985732171,1.7361932985732171,1.7361973562054571,1.842197487538607,1.84218342185096,1.84218342185096,1.842197487538607,1.01565980337594,1.0156558245554224,1.0156558245554224,1.01565980337594,0.2746769842345478,0.2746803694697663,0.2746803694697663,0.2746769842345478,15.345264146543157
350.0,89.819,98.992,4.541,4.494,1.7355854459430051,1.735580957532435,1.735580957532435,1.7355854459430051,1.842486868725484,1.8424712884298513,1.8424712884298513,1.842486868725484,1.0171415822207812,1.0171385004424671,1.0171385004424671,1.0171415822207812,0.274816411512078,0.2748189606922588,0.2748189606922588,0.274816411512078,15.354556887568078
350.0,89.913,87.673,4.159,4.329,1.7359214767852271,1.7359176209889144,1.7359176209889144,1.7359214767852271,1.842334700868573,1.8423218600247493,1.8423218600247493,1.842334700868573,1.0163339835757996,1.0163302517919166,1.0163302517919166,1.0163339835757996,0.2747437713230577,0.2747468980941446,0.2747468980941446,0.2747437713230577,15.348908380217994
350.0,90.209,68.837,4.856,4.598,1.736435571662108,1.7364308637631165,1.7364308637631165,1.73643557166228,1.8421187725889223,1.842101928140029,1.842101928140029,1.8421187734808504,1.0151130770938306,1.0151085089996064,1.0151085089996064,1.0151130770938306,0.2746390249857834,0.2746430601026086,0.2746430601026086,0.2746390249857834,15.339508087033686
350.0,90.413,62.096,3.018,4.15,1.7365828571635311,1.7365785291139542,1.7365785291139542,1.7365828571635311,1.8420491728908177,1.8420339979147424,1.8420339979147424,1.8420491728908177,1.0147638539507042,1.0147586906364057,1.0147586906364057,1.0147638539507042,0.2746123626117159,0.2746170178482163,0.2746170178482163,0.2746123626117159,15.336142672004325
350.0,90.419,61.474,3.328,5.55,1.7365976912579435,1.7365931925307552,1.7365931925307552,1.7365976912579435,1.8420281601786377,1.8420126683746203,1.8420126683746203,1.8420281601786377,1.0147212044741885,1.0147158870207522,1.0147158870207522,1.0147212044741885,0.2746081291556257,0.2746130881511025,0.2746130881511025,0.2746081291556257,15.335832290838184
350.0,90.421,73.682,6.469,5.239,1.736208030691498,1.7362035602583097,1.7362035602583097,1.736208030691498,1.8422392739183129,1.8422238653759375,1.8422238653759375,1.8422392739183129,1.0156755106096182,1.0156710615425526,1.0156710615425526,1.0156755106096182,0.2746983216747746,0.2747022567398576,0.2747022567398576,0.2746983216747746,15.341919267574596
350.0,90.575,77.838,2.724,3.146,1.7360199736614803,1.736015231411835,1.736015231411835,1.7360199736614803,1.84232890357498,1.8423126485459291,1.8423126485459291,1.84232890357498,1.0161355940028036,1.0161320438942756,1.0161320438942756,1.0161355940028036,0.2747461741324265,0.2747495219975285,0.2747495219975285,0.2747461741324265,15.343989208100036
350.0,90.672,12.972,2.845,4.845,1.7380961811807705,1.738091768652872,1.738091768652872,1.7380961811807705,1.8413759352893937,1.841360236235673,1.841360236235673,1.8413759352893937,1.0111723633673242,1.0111198163598645,1.0111198163598645,1.0111723633673242,0.2742653828191225,0.2743082480779973,0.2743082480779973,0.2742653828191225,15.311654015300762
350.0,90.71,85.474,5.19,6.413,1.735730339465407,1.7357251908179614,1.7357251908179614,1.735730339465407,1.8424852269079437,1.8424671214967816,1.8424671214967816,1.8424852269079437,1.016849146969104,1.0168454634414672,1.0168454634414672,1.016849146969104,0.2748174220909722,0.274820812220961,0.274820812220961,0.2748174220909722,15.34779355882147
350.0,90.823,74.646,2.601,6.217,1.7360435267630645,1.736039450168782,1.736039450168782,1.7360435267630645,1.8423429902575752,1.842329055912841,1.842329055912841,1.8423429902575752,1.0160989356782733,1.016094625084222,1.016094625084222,1.0160989356782733,0.274750580896321,0.2747543496568938,0.2747543496568938,0.274750580896321,15.342392592873802
350.0,90.99,34.121,5.757,3.469,1.737306098710386,1.7373010238206217,1.7373010238206217,1.737306098710386,1.8417736882041944,1.8417559376100965,1.8417559376100965,1.8417736882041944,1.0130728883641935,1.0130611010533497,1.0130611010533497,1.0130728883641935,0.2744704608560712,0.2744813414395401,0.2744813414395401,0.2744704608560712,15.32218472674997
350.0,91.082,17.103,4.238,5.122,1.7378293620069778,1.7378246772803054,1.7378246772804868,1.7378293620069778,1.8415391942381012,1.8415236716478256,1.841523671648944,1.8415391942381012,1.0118346160749685,1.0118000604571278,1.0118000604571278,1.0118346160749685,0.2743480368611799,0.2743772353799078,0.2743772353799078,0.2743480368611799,15.31370248497929
350.0,91.192,69.307,4.601,5.808,1.7360961340788943,1.7360905618017644,1.7360905618017644,1.7360961340788943,1.8423497694938933,1.8423301120838915,1.8423301120838915,1.8423497694938933,1.0159961020090846,1.0159925157407583,1.0159925157407583,1.0159961020090846,0.2747532291887189,0.2747568739904585,0.2747568739904585,0.2747532291887189,15.33972043887842
350.0,91.194,11.734,3.715,3.697,1.7379672855551582,1.7379618847251168,1.7379618847251168,1.7379672855551582,1.8414854436529104,1.8414667511417624,1.8414667511417624,1.8414854436529104,1.011528346793146,1.0114615170860024,1.0114615170860024,1.011528346793146,0.2743093266085274,0.2743632347575731,0.2743632347575731,0.2743093266085274,15.311025131438878
350.0,91.569,16.876,6.304,4.655,1.7376759609961294,1.7376704784261447,1.7376704784261447,1.7376759609961294,1.8416454058610867,1.841626567114213,1.841626567114213,1.8416454058610867,1.012236533493155,1.0121978457999332,1.0121978457999332,1.012236533493155,0.2743991566753048,0.2744316577580899,0.2744316577580899,0.2743991566753048,15.313578579886226
350.0,91.629,35.128,3.924,4.402,1.737062376024059,1.7370564092083625,1.7370564092083625,1.737062376024059,1.8419332167964049,1.8419121903886777,1.8419121903886777,1.8419332167964049,1.0136992096116395,1.013689993972147,1.013689993972147,1.0136992096116395,0.2745502434638162,0.2745593709916035,0.2745593709916035,0.2745502434638162,15.322672327967322
350.0,91.657,75.276,4.877,5.814,1.7357488408739306,1.7357430126636104,1.7357430126636104,1.7357488408739306,1.8425463848611987,1.8425262528403463,1.8425262528403463,1.8425463848611987,1.0168654499225809,1.0168619790025772,1.0168619790025772,1.0168654499225809,0.2748493792149284,0.2748530331295213,0.2748530331295213,0.2748493792149284,15.342686454406522
350.0,92.127,52.927,3.671,4.509,1.736319179649474,1.7363128229763751,1.7363128229763751,1.736319179649474,1.842314653388652,1.842292776678168,1.842292776678168,1.842314653388652,1.015518930363231,1.0155145160200054,1.0155145160200054,1.015518930363231,0.2747381820711484,0.2747431807542885,0.2747431807542885,0.2747381820711484,15.33153311581112
350.0,92.141,89.071,5.917,6.139,1.73514149630613,1.7351364113333847,1.7351364113333847,1.73514149630613,1.8428683356148825,1.8428507011666648,1.8428507011666648,1.8428683356148825,1.0183671236871747,1.0183640935064318,1.0183640935064318,1.0183671236871747,0.2750057839809454,0.2750087004369802,0.2750087004369802,0.2750057839809454,15.349555802850144
350.0,92.336,70.813,3.086,6.062,1.735665593768194,1.73565996087979,1.73565996087979,1.735665593768194,1.842621368026228,1.8426021296549933,1.8426021296549933,1.842621368026228,1.0171042932329937,1.0170995175170123,1.0170995175170123,1.0171042932329937,0.274892732934122,0.2748973976117824,0.2748973976117824,0.274892732934122,15.340446048253472
350.0,92.342,71.98,4.997,5.432,1.735629366094849,1.7356236505383782,1.7356236505383782,1.735629366094849,1.8426526458244965,1.8426332063693884,1.8426332063693884,1.8426526458244965,1.0171980370008915,1.0171949324225902,1.0171949324225902,1.0171980370008915,0.2749027232169117,0.2749061625516497,0.2749061625516497,0.2749027232169117,15.341027356977172
350.0,92.367,75.428,5.913,2.842,1.73550945632546,1.7355035743235536,1.7355035743235536,1.73550945632546,1.842712385296437,1.8426918229656903,1.8426918229656903,1.842712385296437,1.017490579993272,1.0174873628888654,1.0174873628888654,1.017490579993272,0.274930907121614,0.2749342977362581,0.2749342977362581,0.274930907121614,15.342746452201633
350.0,92.587,86.03,3.783,5.812,1.7350924787894173,1.7350873180854858,1.7350873180854858,1.7350924787894173,1.8429245862002808,1.8429064111001443,1.8429064111001443,1.8429245862002808,1.0185142515920234,1.0185114113001694,1.0185114113001694,1.0185142515920234,0.275034071831428,0.2750368913314235,0.2750368913314235,0.275034071831428,15.348028851291
350.0,92.852,46.155,6.353,6.304,1.7362994473747215,1.7362933399946925,1.7362933399946925,1.7362994473747215,1.842375872865021,1.842355559419422,1.842355559419422,1.842375872865021,1.015612969666043,1.0156076189479677,1.0156076189479677,1.015612969666043,0.274769758346034,0.2747757519092061,0.2747757519092061,0.274769758346034,15.328141003347156
350.0,92.948,11.629,4.87,2.656,1.7373909670347034,1.737383171764711,1.737383171764711,1.7373909670347034,1.841878586219283,1.8418508470342667,1.8418508470342667,1.841878586219283,1.0130255788318283,1.012957210208556,1.012957210208556,1.0130255788318283,0.2745038131509247,0.274559495171416,0.274559495171416,0.2745038131509247,15.310933833535316
350.0,92.963,61.364,3.649,6.03,1.735769006394734,1.735762973587954,1.735762973587954,1.735769006394734,1.8426330937903848,1.8426127837420156,1.8426127837420156,1.8426330937903848,1.0169009367914414,1.0168962563882682,1.0168962563882682,1.0169009367914414,0.2748941856445118,0.2748991154047826,0.2748991154047826,0.2748941856445118,15.335720311932247
350.0,92.992,89.043,5.424,4.467,1.7348617208144848,1.7348568571592806,1.7348568571592806,1.7348617208144848,1.8430662196831424,1.8430490934631272,1.8430490934631272,1.8430662196831424,1.0191012514553222,1.0190979120092605,1.0190979120092605,1.0191012514553222,0.2751020422441503,0.2751050521274454,0.2751050521274454,0.2751020422441503,15.349522670857278
350.0,93.092,35.201,3.309,4.977,1.7365724638258682,1.7365661110879302,1.7365661110879302,1.7365724638258682,1.8422523192431532,1.8422301711118385,1.8422301711118385,1.8422523192431532,1.014965669068309,1.0149558172801845,1.0149558172801845,1.014965669068309,0.2747145838949856,0.2747244495300834,0.2747244495300834,0.2747145838949856,15.322676289563152
350.0,93.125,32.102,6.154,5.117,1.7366662769042305,1.7366590827063415,1.7366590827063415,1.7366662769042305,1.84222644960616,1.8422019325198769,1.8422019325198769,1.84222644960616,1.0147500503800568,1.0147391794067948,1.0147391794067948,1.0147500503800568,0.2746953028526172,0.2747062140765056,0.2747062140765056,0.2746953028526172,15.3211308039218
350.0,93.177,16.482,6.228,3.052,1.737156990779272,1.7371494014837383,1.7371494014837383,1.737156990779272,1.8420027885516457,1.8419765256614409,1.8419765256614409,1.8420027885516457,1.0135851677286694,1.0135505744139373,1.0135505744139373,1.0135851677286694,0.274577729623851,0.2746077589222297,0.2746077589222297,0.274577729623851,15.313346749195729
350.0,93.311,13.022,5.464,4.756,1.7372252216556732,1.7372174504146307,1.7372174504146307,1.7372252216556732,1.8419807993772976,1.8419537001846933,1.8419537001846933,1.8419807993772976,1.0134414346003868,1.013383481376372,1.013383481376372,1.0134414346003868,0.2745586220337172,0.2746064762863232,0.2746064762863232,0.2745586220337172,15.311620217138753
350.0,93.371,47.038,3.712,5.045,1.7360994101199878,1.7360925696493184,1.7360925696493184,1.7360994101199878,1.8425096260424243,1.8424858954204208,1.8424858954204208,1.8425096260424243,1.0161299142518876,1.0161243336514023,1.0161243336514023,1.0161299142518876,0.2748346572731719,0.2748408782188606,0.2748408782188606,0.2748346572731719,15.328569402577276
350.0,93.406,59.918,3.41,5.863,1.7356630521786585,1.7356573423852708,1.7356573423852708,1.7356630521786585,1.8426916916918687,1.8426717247016868,1.8426717247016868,1.8426916916918687,1.0171730228585287,1.0171688555296985,1.0171688555296985,1.0171730228585287,0.2749337015582498,0.2749381486666532,0.2749381486666532,0.2749337015582498,15.33498958574193
350.0,93.623,37.038,4.659,2.931,1.7363408634095905,1.736334282135223,1.736334282135223,1.7363408634095905,1.8424143814749012,1.8423918602153893,1.8423918602153893,1.8424143814749012,1.0155645539209712,1.0155559969850547,1.0155559969850547,1.0155645539209712,0.2747885132603873,0.2747974010190821,0.2747974010190821,0.2747885132603873,15.323579468885727
350.0,93.73,56.977,2.816,5.691,1.735655112183132,1.7356500945806232,1.7356500945806232,1.735655112183132,1.842733076960425,1.842716264471908,1.842716264471908,1.842733076960425,1.01722119345272,1.0172155808743328,1.0172155808743328,1.01722119345272,0.2749482592170003,0.2749537715332865,0.2749537715332865,0.2749482592170003,15.333517158294097
350.0,93.746,86.713,6.163,5.197,1.7346888399410565,1.734684033091794,1.734684033091794,1.7346888399410565,1.8432066913264535,1.8431902154134707,1.8431902154134707,1.8432066913264535,1.0195698260557216,1.0195667083380195,1.0195667083380195,1.0195698260557216,0.2751704670959699,0.2751734071221888,0.2751734071221888,0.2751704670959699,15.348343399095432
350.0,93.906,84.174,4.046,5.872,1.734717923620752,1.734712992084376,1.734712992084376,1.734717923620752,1.8432044088871633,1.8431870981850953,1.8431870981850953,1.8432044088871633,1.0195093503959445,1.0195054986288288,1.0195054986288288,1.0195093503959445,0.2751696663147558,0.2751731894002897,0.2751731894002897,0.2751696663147558,15.347073164001229
350.0,93.992,55.146,4.693,3.409,1.735630743467239,1.7356252087910873,1.7356252087910873,1.735630743467239,1.84277485959436,1.8427555293589188,1.8427555293589188,1.84277485959436,1.0173001584964263,1.01729657225217,1.01729657225217,1.0173001584964263,0.2749652271574085,0.2749693754324179,0.2749693754324179,0.2749652271574085,15.332597099491592
350.0,94.093,36.942,4.09,5.114,1.7361883725558538,1.7361813490900129,1.7361813490900129,1.7361883725558538,1.8425200722992312,1.8424953416887673,1.8424953416887673,1.8425200722992312,1.01596162822543,1.015954024840291,1.015954024840291,1.01596162822543,0.274841168237165,0.2748492811690949,0.2748492811690949,0.274841168237165,15.323521505805113
350.0,94.375,62.183,2.65,4.641,1.7352760853413471,1.7352706366705253,1.7352706366705253,1.7352760853413471,1.8429732652414623,1.8429546483167183,1.8429546483167183,1.8429732652414623,1.0181865282208,1.0181819263584218,1.0181819263584218,1.0181865282208,0.2750600225957468,0.275064729997051,0.275064729997051,0.2750600225957468,15.336098306213245
350.0,94.424,37.248,3.535,5.912,1.7360607340471566,1.7360542043623304,1.7360542043623304,1.7360607340471566,1.8425728698603308,1.8425501959352049,1.8425501959352049,1.8425728698603308,1.0162754089609614,1.01626697051182,1.01626697051182,1.0162754089609614,0.2748801583988141,0.2748889144453145,0.2748889144453145,0.2748801583988141,15.3236666451682
350.0,94.436,86.311,4.45,2.662,1.7344744898176647,1.7344699766031049,1.7344699766031049,1.7344744898176647,1.8433640015958996,1.8433482901017757,1.8433482901017757,1.8433640015958996,1.0201360331524656,1.0201326300457734,1.0201326300457734,1.0201360331524656,0.27524590611939,0.2752490495889873,0.2752490495889873,0.27524590611939,15.348126980380613
350.0,94.917,90.426,5.462,3.513,1.7341836071531882,1.7341796141581585,1.7341796141581585,1.7341836071531882,1.8435436553818083,1.8435300720750545,1.8435300720750545,1.8435436553818083,1.0208760475264125,1.0208727646803804,1.0208727646803804,1.0208760475264125,0.2753311581877873,0.2753340478664497,0.2753340478664497,0.2753311581877873,15.350168671523315
350.0,94.963,83.301,4.458,4.689,1.7343982812710887,1.7343940703112626,1.7343940703112626,1.7343982812710887,1.8434418195842728,1.8434272219024377,1.8434272219024377,1.8434418195842728,1.0203553979859308,1.0203516893604805,1.0203516893604805,1.0203553979859308,0.2752834846061931,0.2752868999860947,0.2752868999860947,0.2752834846061931,15.346614141090956
350.0,94.963,98.69,4.21,5.021,1.7339009729070125,1.7338971122777962,1.7338971122777962,1.7339009729070125,1.8436853013710277,1.8436720970317544,1.8436720970317544,1.8436853013710277,1.0215687769073858,1.0215654658516158,1.0215654658516158,1.0215687769073858,0.2753978555346647,0.2754005885555212,0.2754005885555212,0.2753978555346647,15.354289651900002
350.0,95.239,49.69,5.856,6.129,1.7353949387300254,1.7353900544999423,1.7353900544999423,1.7353949387300254,1.8429783750456887,1.8429616129330408,1.8429616129330408,1.8429783750456887,1.0179500771318908,1.0179446538189243,1.0179446538189243,1.0179500771318908,0.2750656694279344,0.2750711899559048,0.2750711899559048,0.2750656694279344,15.329849611264049
350.0,95.399,68.99,6.319,6.349,1.7347176079006217,1.7347132761657322,1.7347132761657322,1.7347176079006217,1.843318385865228,1.843303714885044,1.843303714885044,1.843318385865228,1.0196049137220304,1.0196008789536437,1.0196008789536437,1.0196049137220304,0.275226906734028,0.2752308042020532,0.2752308042020532,0.275226906734028,15.339467874436254
350.0,95.474,71.26,5.931,5.675,1.734619347449164,1.7346149180586523,1.7346149180586523,1.734619347449164,1.8433729499209823,1.8433576754532577,1.8433576754532577,1.8433729499209823,1.0198493021076525,1.019845249964882,1.019845249964882,1.0198493021076525,0.2752523377937793,0.2752561934104978,0.2752561934104978,0.2752523377937793,15.340597845314008
350.0,95.518,73.833,3.912,3.74,1.734521834691371,1.734517706632889,1.734517706632889,1.734521834691371,1.8434232715986527,1.8434094773800689,1.8434094773800689,1.8434232715986527,1.0200896901811378,1.0200848878663578,1.0200848878663578,1.0200896901811378,0.2752760511419094,0.2752803699271064,0.2752803699271064,0.2752760511419094,15.341879660727937
350.0,95.655,56.397,5.036,3.977,1.7350405666638624,1.735035991769662,1.735035991769662,1.7350405666638624,1.843180573552671,1.8431649924448448,1.8431649924448448,1.843180573552671,1.0188364060202872,1.0188306556400204,1.0188306556400204,1.0188364060202872,0.2751621984222441,0.2751677217603455,0.2751677217603455,0.2751621984222441,15.333183027053217
350.0,95.914,12.293,6.104,5.116,1.7363865736541109,1.7363800864315084,1.7363800864315084,1.7363865736541109,1.842560390364468,1.8425375818170175,1.8425375818170175,1.842560390364468,1.0156256400401809,1.0155631126504838,1.0155631126504838,1.0156256400401809,0.2748444415888946,0.2748954997336423,0.2748954997336423,0.2748444415888946,15.31119892446624
350.0,95.958,83.197,4.33,6.273,1.734074141286819,1.7340700408390386,1.7340700408390386,1.734074141286819,1.8436770686242323,1.8436626080395773,1.8436626080395773,1.8436770686242323,1.0212088195479,1.0212047654661225,1.0212047654661225,1.0212088195479,0.2753959456993223,0.2753994954238963,0.2753994954238963,0.2753959456993223,15.346539103102812
350.0,96.08,62.982,2.626,5.088,1.734687693712169,1.7346824688454237,1.7346824688454237,1.734687693712169,1.843387746344053,1.84336933545466,1.84336933545466,1.843387746344053,1.0197246459203593,1.0197195206048109,1.0197195206048109,1.0197246459203593,0.2752593891905009,0.2752643798383492,0.2752643798383492,0.2752593891905009,15.336458631407504
350.0,96.46,23.472,5.977,2.717,1.7358422050093671,1.7358365389626529,1.7358365389626529,1.7358422050093671,1.8428576696622112,1.842837158058992,1.842837158058992,1.8428576696622112,1.0169513958852407,1.0169329671683225,1.0169329671683225,1.0169513958852407,0.2750053625583362,0.2750221699648861,0.2750221699648861,0.2750053625583362,15.31675596283874
350.0,96.462,44.533,2.921,5.588,1.7351557995824622,1.735150691556081,1.735150691556081,1.7351557995824622,1.8431753600104857,1.8431580880514256,1.8431580880514256,1.8431753600104857,1.018604874766696,1.0185955819348214,1.0185955819348214,1.018604874766696,0.2751645181393374,0.27517320772343,0.27517320772343,0.2751645181393374,15.327252735481874
350.0,96.559,26.284,4.767,3.849,1.7357183179233686,1.7357130385941315,1.7357130385941315,1.7357183179233686,1.8429238229841975,1.8429049486974485,1.8429049486974485,1.8429238229841975,1.0172559827851468,1.017239705164383,1.017239705164383,1.0172559827851468,0.2750381442414113,0.2750530417813238,0.2750530417813238,0.2750381442414113,15.31815503416237
350.0,97.123,15.07,3.903,4.921,1.73589545842367,1.7358896875164471,1.7358896875164471,1.73589545842367,1.8428804185276204,1.842859515496654,1.842859515496654,1.8428804185276204,1.0168760452015442,1.016832554203993,1.016832554203993,1.0168760452015442,0.2750087908202639,0.2750450243318329,0.2750450243318329,0.2750087908202639,15.312555261268692
350.0,97.157,95.266,3.901,2.707,1.7332879132408574,1.733284158565479,1.733284158565479,1.7332879132408574,1.8441529270192545,1.8441400936809793,1.8441400936809793,1.8441529270192545,1.0232029619449927,1.0231995648308168,1.0231995648308168,1.0232029619449927,0.2756230274182552,0.2756259394377629,0.2756259394377629,0.2756230274182552,15.352531612042014
350.0,97.567,40.702,4.279,3.404,1.7349178199960462,1.7349129571027175,1.7349129571027175,1.7349178199960462,1.8433871044553127,1.843369687657612,1.843369687657612,1.8433871044553127,1.0192562416213933,1.0192486305094983,1.0192486305094983,1.0192562416213933,0.2752625668609279,0.2752700922132988,0.2752700922132988,0.2752625668609279,15.325317148787711
350.0,97.77,54.724,5.514,5.567,1.7343971501921482,1.7343930534027938,1.7343930534027938,1.7343971501921482,1.8436570383565003,1.8436424853299005,1.8436424853299005,1.8436570383565003,1.0205345661727243,1.0205289870141534,1.0205289870141534,1.0205345661727243,0.2753905204580748,0.2753958460172729,0.2753958460172729,0.2753905204580748,15.33230152945195
350.0,97.778,31.119,5.128,2.896,1.7351587523021017,1.7351539465898975,1.7351539465898975,1.7351587523021017,1.8432859313434973,1.843269190570889,1.843269190570889,1.8432859313434973,1.0186860521392893,1.018674878128252,1.018674878128252,1.0186860521392893,0.2752141131615121,0.2752248058270969,0.2752248058270969,0.2752141131615121,15.320536640224258
350.0,98.238,69.637,4.842,4.218,1.7337595513788098,1.7337558176887986,1.7337558176887986,1.7337595513788098,1.8440038512647596,1.8439911536290992,1.8439911536290992,1.8440038512647596,1.0221169379433117,1.022112446754194,1.022112446754194,1.0221169379433117,0.275555341464008,0.2755594635021304,0.2755594635021304,0.275555341464008,15.33972531345734
350.0,98.28,31.907,2.865,5.367,1.7349649595507988,1.7349600243276933,1.7349600243276933,1.7349649595507988,1.8434096009675816,1.8433933351286125,1.8433933351286125,1.8434096009675816,1.0191846808078466,1.0191738941930353,1.0191738941930353,1.0191846808078466,0.2752769938693163,0.2752875278675752,0.2752875278675752,0.2752769938693163,15.320919346215716
350.0,98.305,16.214,5.471,4.97,1.7354676354640306,1.735462000279715,1.735462000279715,1.7354676354640306,1.8431770146962587,1.843156637367849,1.843156637367849,1.8431770146962587,1.0179842244536643,1.0179449188372942,1.0179449188372942,1.0179842244536643,0.2751528588394034,0.2751858216754149,0.2751858216754149,0.2751528588394034,15.313098669091668
350.0,98.4,87.837,5.916,3.365,1.7331178780716752,1.7331139013994323,1.7331139013994323,1.7331178780716752,1.8443347221880757,1.8443207949820084,1.8443207949820084,1.8443347221880757,1.0236966006354469,1.0236926743584922,1.0236926743584922,1.0236966006354469,0.2757099314598596,0.275713358495533,0.275713358495533,0.2757099314598596,15.348797461899796
350.0,98.406,81.42,5.521,2.89,1.7333233732685411,1.7333194755584405,1.7333194755584405,1.7333233732685411,1.8442327743232236,1.8442193987516928,1.8442193987516928,1.8442327743232236,1.0231936933537868,1.0231895703926563,1.0231895703926563,1.0231936933537868,0.2756625659506991,0.2756661946058511,0.2756661946058511,0.2756625659506991,15.345596904863012
350.0,98.653,62.238,4.659,5.443,1.733861844672748,1.7338578617359572,1.7338578617359572,1.733861844672748,1.8439858094692527,1.8439720262345092,1.8439720262345092,1.8439858094692527,1.0218932665770666,1.0218880175642573,1.0218880175642573,1.0218932665770666,0.2755474193314242,0.275552255230271,0.275552255230271,0.2755474193314242,15.33602732950246
350.0,98.833,49.595,3.065,3.217,1.7342081884900735,1.734204155719668,1.734204155719668,1.7342081884900735,1.843816822245281,1.8438027467206783,1.8438027467206783,1.843816822245281,1.0210543001142685,1.0210483875178582,1.0210483875178582,1.0210543001142685,0.2754734254608852,0.2754791612435229,0.2754791612435229,0.2754734254608852,15.329721389592796
350.0,98.965,86.021,2.684,5.778,1.7329905329921187,1.7329864727152084,1.7329864727152084,1.7329905329921187,1.8444441026154157,1.8444298138357504,1.8444298138357504,1.8444441026154157,1.0240463379228582,1.024042599966522,1.024042599966522,1.0240463379228582,0.2757612225755706,0.2757644821886798,0.2757644821886798,0.2757612225755706,15.347881277888966
350.0,99.141,33.459,5.668,6.119,1.7346324234976087,1.734628670495579,1.734628670495579,1.7346324234976087,1.8436453823298269,1.8436325560476308,1.8436325560476308,1.8436453823298269,1.0200490219405238,1.0200373578969617,1.0200373578969617,1.0200490219405238,0.2753864091641631,0.2753971695129249,0.2753971695129249,0.2753864091641631,15.321671797858626
350.0,99.244,46.155,4.627,4.205,1.7341870248442943,1.734183088177468,1.734183088177468,1.7341870248442943,1.8438708044612568,1.8438570514579928,1.8438570514579928,1.8438708044612568,1.021137279695552,1.0211296543566908,1.0211296543566908,1.021137279695552,0.2754941655134456,0.2755013210978757,0.2755013210978757,0.2754941655134456,15.327996704725722
350.0,99.315,90.753,4.902,5.506,1.7327218173386902,1.732718040564649,1.732718040564649,1.7327218173386902,1.8446023181290676,1.8445894627889448,1.8445894627889448,1.8446023181290676,1.0247229782921528,1.0247192073050184,1.0247192073050184,1.0247229782921528,0.2758368365286623,0.2758400740583077,0.2758400740583077,0.2758368365286623,15.350230771527604
350.0,99.319,72.261,4.042,5.142,1.7333177497096202,1.7333133724822385,1.7333133724822385,1.7333177497096202,1.8443064689618012,1.844290828651396,1.844290828651396,1.8443064689618012,1.0232633338667092,1.0232591623746554,1.0232591623746554,1.0232633338667092,0.2756988528834173,0.2757026920272504,0.2757026920272504,0.2756988528834173,15.341008901546216
350.0,99.398,87.773,5.715,5.338,1.7327907024292135,1.7327868322060338,1.7327868322060338,1.7327907024292135,1.8445744361612733,1.844561179517264,1.844561179517264,1.8445744361612733,1.0245587703580603,1.0245555425213495,1.0245555425213495,1.0245587703580603,0.2758242433170444,0.2758271328423521,0.2758271328423521,0.2758242433170444,15.34874266698845
350.0,99.796,38.222,5.449,2.791,1.734261095468965,1.7342571186241968,1.7342571186241968,1.734261095468965,1.8438765954107368,1.843862586838377,1.843862586838377,1.8438765954107368,1.0209910138961316,1.0209823035468033,1.0209823035468033,1.0209910138961316,0.2754977165944571,0.2755060690562512,0.2755060690562512,0.2754977165944571,15.32403021738872
400.0,10.037,45.006,5.423,3.683,1.6541473873610737,1.6540870895547588,1.6540870895547588,1.6541473873610737,2.6398808766442925,2.6396080870155894,2.6396080870155894,2.6398808766442925,1.6755614862142227,1.6754552748711165,1.6754552748711165,1.6755614862142227,0.4339203377566532,0.4339345751985778,0.4339345751985778,0.4339203377566532,20.021016353065463
400.0,10.132,65.669,4.376,6.287,1.6536196855343668,1.6535575081861342,1.6535575081861342,1.6536196855343668,2.641665036998396,2.6413811132144955,2.6413811132144955,2.641665036998396,1.6780416221691397,1.67793707988177,1.67793707988177,1.6780416221691397,0.4343412790996084,0.4343512690279247,0.4343512690279247,0.4343412790996084,20.03447533450767
400.0,10.212,29.414,6.339,5.348,1.654479263133023,1.6544168813873574,1.6544168813873574,1.654479263133023,2.638831476063924,2.6385457385300297,2.6385457385300297,2.638831476063924,1.6738421423854966,1.673733554908042,1.673733554908042,1.6738421423854966,0.4336713458961435,0.4336903787192559,0.4336903787192559,0.4336713458961435,20.010856931650103
400.0,10.213,90.099,4.252,3.625,1.6530053337228134,1.6529437227492896,1.6529437227492896,1.6530053337228134,2.6437392453357806,2.643459294875707,2.643459294875707,2.6437392453357806,1.680962496009274,1.6808581170570185,1.6808581170570185,1.680962496009274,0.4348303227049581,0.4348383737276679,0.4348383737276679,0.4348303227049581,20.050395643823794
400.0,10.388,39.707,3.045,5.893,1.65417944852015,1.6541160739196807,1.6541160739196807,1.65417944852015,2.639865040090311,2.6395730508848487,2.6395730508848487,2.639865040090311,1.6751519902941023,1.675046960269266,1.675046960269266,1.6751519902941023,0.4339185979363151,0.4339311968900466,0.4339311968900466,0.4339185979363151,20.017555003727967
400.0,10.412,75.818,3.543,4.485,1.6532948762065929,1.6532335957407387,1.6532335957407387,1.6532948762065929,2.642807314365487,2.642529281915581,2.642529281915581,2.642807314365487,1.6794040490506548,1.679299520593589,1.679299520593589,1.6794040490506548,0.4346133207168224,0.4346224765346296,0.4346224765346296,0.4346133207168224,20.041081407076124
400.0,10.498,64.617,3.492,3.368,1.6535419759905272,1.6534810687417114,1.6534810687417114,1.6535419759905272,2.6419967749639306,2.641720906318568,2.641720906318568,2.6419967749639306,1.678140649016309,1.6780355053684826,1.6780355053684826,1.678140649016309,0.4344233057708691,0.4344341626941488,0.4344341626941488,0.4344233057708691,20.03378007363464
400.0,10.504,81.028,6.301,5.673,1.6531433405740743,1.653082074390207,1.653082074390207,1.6531433405740743,2.643335368509843,2.643057506142508,2.643057506142508,2.643335368509843,1.6800720651792285,1.6799675107074457,1.6799675107074457,1.6800720651792285,0.4347383256750651,0.4347471382226349,0.4347471382226349,0.4347383256750651,20.044474783105155
400.0,10.643,14.753,4.644,2.845,1.6547181690706707,1.6546519792178458,1.6546519792178458,1.6547181690706707,2.6381559657478517,2.637846523114283,2.637846523114283,2.6381559657478517,1.6726332865053222,1.6725102159566554,1.6725102159566554,1.6726332865053222,0.4335023472499859,0.4335444456034713,0.4335444456034713,0.4335023472499859,20.001300243026343
400.0,10.647,75.505,3.654,5.803,1.653237198820655,1.6531755110485564,1.6531755110485564,1.653237198820655,2.6430531492657328,2.642772615264539,2.642772615264539,2.6430531492657328,1.6795096717069466,1.6794050670184455,1.6794050670184455,1.6795096717069466,0.4346729804025666,0.434682214296285,0.434682214296285,0.4346729804025666,20.040870934938464
400.0,10.722,22.223,5.456,5.023,1.6545117213342684,1.6544489640813935,1.6544489640813935,1.6545117213342684,2.638835919592684,2.6385476741555967,2.6385476741555967,2.638835919592684,1.6733089461450037,1.6731965134899622,1.6731965134899622,1.6733089461450037,0.4336739413451154,0.4336992251339054,0.4336992251339054,0.4336739413451154,20.00616137562996
400.0,10.762,31.67,3.386,5.959,1.6542698044525397,1.654207686456344,1.654207686456344,1.6542698044525397,2.639639767306166,2.639356035610701,2.639356035610701,2.639639767306166,1.6744370645149178,1.6743291761067125,1.6743291761067125,1.6744370645149178,0.4338678398369853,0.4338852919151123,0.4338852919151123,0.4338678398369853,20.01231139997412
400.0,10.888,34.876,3.395,4.688,1.6541567012219185,1.6540939611382526,1.6540939611382526,1.6541567012219185,2.6400443007626904,2.6397566013731817,2.6397566013731817,2.6400443007626904,1.6748879292558052,1.6747814211591483,1.6747814211591483,1.6748879292558052,0.4339649046935919,0.4339799417901501,0.4339799417901501,0.4339649046935919,20.014396095760087
400.0,11.126,52.601,4.677,3.746,1.6536583869410462,1.653596973665384,1.653596973665384,1.6536583869410462,2.641745183884556,2.6414664215572934,2.6414664215572934,2.641745183884556,1.6771097425197976,1.677004386010627,1.677004386010627,1.6771097425197976,0.4343695451435566,0.4343813464991426,0.4343813464991426,0.4343695451435566,20.025934357476253
400.0,11.128,82.18,6.323,2.866,1.6529417555945582,1.6528799519671316,1.6528799519671316,1.6529417555945582,2.6441505476713307,2.6438691607346203,2.6438691607346203,2.6441505476713307,1.6805870005881378,1.6804824949807449,1.6804824949807449,1.6805870005881378,0.4349353813224439,0.434943889065829,0.434943889065829,0.4349353813224439,20.045209029261628
400.0,11.154,11.448,5.917,4.139,1.654653386941488,1.6545912307940267,1.6545912307940267,1.654653386941488,2.6384590677320574,2.6381754182965302,2.6381754182965302,2.6384590677320574,1.6727201270119183,1.6725707869791957,1.6725707869791957,1.6727201270119183,0.4335609534342991,0.43364455301677,0.43364455301677,0.4335609534342991,19.999134948651307
400.0,11.247,44.385,3.317,6.136,1.6538242365734908,1.653762696831523,1.653762696831523,1.6538242365734908,2.6412192862366157,2.6409393814768043,2.6409393814768043,2.6412192862366157,1.676218806715636,1.6761131269725178,1.6761131269725178,1.676218806715636,0.4342465159200031,0.4342594237242584,0.4342594237242584,0.4342465159200031,20.020579172350946
400.0,11.346,67.24,3.055,5.671,1.6532426845172403,1.653180092284759,1.653180092284759,1.6532426845172403,2.643189158772589,2.6429030836450798,2.6429030836450798,2.643189158772589,1.678961859031155,1.6788578100232558,1.6788578100232558,1.678961859031155,0.4347113857851542,0.4347199964368471,0.4347199964368471,0.4347113857851542,20.035466258093106
400.0,11.356,70.879,2.847,2.637,1.6531516133468205,1.6530894041508963,1.6530894041508963,1.6531516133468205,2.6434951240610878,2.643211756156598,2.643211756156598,2.6434951240610878,1.6793959115184764,1.679291741427054,1.679291741427054,1.6793959115184764,0.434783643406275,0.434792153429531,0.434792153429531,0.434783643406275,20.03783745183172
400.0,11.483,34.906,5.993,5.03,1.653988471884159,1.65392683995988,1.65392683995988,1.653988471884159,2.6407241682746045,2.640443701937932,2.640443701937932,2.6407241682746045,1.675251085276499,1.6751433641736897,1.6751433641736897,1.675251085276499,0.4341305252332758,0.4341472689426814,0.4341472689426814,0.4341305252332758,20.0143998439908
400.0,11.504,12.535,2.66,5.528,1.6545305071498866,1.6544634920626855,1.6544634920626855,1.6545305071498866,2.6389617783184622,2.6386470716106905,2.6386470716106905,2.6389617783184622,1.6730035135398054,1.6728643934596226,1.6728643934596226,1.6730035135398054,0.4336871865088971,0.4337544009788922,0.4337544009788922,0.4336871865088971,19.999833790325088
400.0,11.584,38.877,3.149,5.874,1.6538639079157094,1.6538017226928163,1.6538017226928163,1.6538639079157094,2.6411622753668675,2.640878113136767,2.640878113136767,2.6411622753668675,1.6757766797623308,1.6756706703716275,1.6756706703716275,1.6757766797623308,0.434235560896608,0.4342492375771162,0.4342492375771162,0.434235560896608,20.016983499590054
400.0,11.608,43.095,3.842,5.718,1.653755114343874,1.6536921991238551,1.6536921991238551,1.653755114343874,2.64153335700166,2.6412449136413354,2.6412449136413354,2.64153335700166,1.6762854664362492,1.6761803453150828,1.6761803453150828,1.6762854664362492,0.4343233118584826,0.4343352342256723,0.4343352342256723,0.4343233118584826,20.019729683359326
400.0,11.669,22.727,4.451,4.4,1.6542332606007657,1.6541705988564506,1.6541705988564506,1.6542332606007657,2.639957454482269,2.6396704216750555,2.6396704216750555,2.639957454482269,1.6739381918094247,1.6738259294333282,1.6738259294333282,1.6739381918094247,0.4339474710689492,0.4339720162707111,0.4339720162707111,0.4339474710689492,20.0064646919238
400.0,11.688,35.089,3.877,3.418,1.653926090784105,1.653865587809929,1.653865587809929,1.653926090784105,2.640969578743784,2.640696332670339,2.640696332670339,2.640969578743784,1.6753959370127167,1.6752882939976292,1.6752882939976292,1.6753959370127167,0.4341911953692719,0.4342076601761695,0.4342076601761695,0.4341911953692719,20.014513015771144
400.0,11.823,63.122,5.176,3.187,1.6532085277101063,1.6531471721399211,1.6531471721399211,1.6532085277101063,2.643399840434524,2.6431215748479056,2.6431215748479056,2.643399840434524,1.6787675872068122,1.6786626093472206,1.6786626093472206,1.6787675872068122,0.4347656421523644,0.4347758260587774,0.4347758260587774,0.4347656421523644,20.032770013239308
400.0,11.945,87.594,3.743,4.616,1.6525838744011463,1.6525221293411652,1.6525221293411652,1.6525838744011463,2.645534594760218,2.645254455124204,2.645254455124204,2.645534594760218,1.6817215587944807,1.6816164259949704,1.6816164259949704,1.6817215587944807,0.435267816329725,0.4352765645494108,0.4352765645494108,0.435267816329725,20.048715561504235
400.0,11.992,53.584,3.8,5.743,1.6533929549116642,1.6533306204243317,1.6533306204243317,1.6533929549116642,2.6428218938068557,2.642537395776793,2.642537395776793,2.6428218938068557,1.6777487871672216,1.6776439289454157,1.6776439289454157,1.6777487871672216,0.4346307532731009,0.4346413464262462,0.4346413464262462,0.4346307532731009,20.02655173322675
400.0,12.072,19.057,6.434,3.172,1.654210007312639,1.6541465144655558,1.6541465144655558,1.654210007312639,2.6401243844018927,2.639832415093807,2.639832415093807,2.6401243844018927,1.67379739782771,1.6736799678790857,1.6736799678790857,1.67379739782771,0.4339861041613565,0.4340187102028364,0.4340187102028364,0.4339861041613565,20.00406425864727
400.0,12.169,32.808,3.594,5.301,1.6538475393481131,1.6537853413228352,1.6537853413228352,1.6538475393481131,2.641341926473636,2.6410580031615214,2.6410580031615214,2.641341926473636,1.6754188797286824,1.6753112563923391,1.6753112563923391,1.6754188797286824,0.4342821519473829,0.4342985467084484,0.4342985467084484,0.4342821519473829,20.01301498001885
400.0,12.202,43.328,6.381,4.465,1.6535830124807915,1.653520443685116,1.653520443685116,1.6535830124807915,2.6422323605044893,2.641946298615354,2.641946298615354,2.6422323605044893,1.6766719634510874,1.6765664220123084,1.6765664220123084,1.6766719634510874,0.4344933819150553,0.4345057036159716,0.4345057036159716,0.4344933819150553,20.019865368863385
400.0,12.449,45.901,3.968,6.116,1.653451285348592,1.6533890568081029,1.6533890568081029,1.653451285348592,2.6427236331031208,2.642439932210316,2.642439932210316,2.6427236331031208,1.6771235674433065,1.6770179453022749,1.6770179453022749,1.6771235674433065,0.4346114667519739,0.4346236706959052,0.4346236706959052,0.4346114667519739,20.02153469041
400.0,12.454,13.796,3.136,5.37,1.6542328076189312,1.654166034581194,1.654166034581194,1.6542328076189312,2.640146505998878,2.6398339966186577,2.6398339966186577,2.640146505998878,1.673658379835286,1.6735338744348027,1.6735338744348027,1.673658379835286,0.433987262837018,0.4340306059486143,0.4340306059486143,0.433987262837018,20.000629420521143
400.0,12.493,68.954,4.977,5.707,1.652881179338738,1.652819130448692,1.652819130448692,1.652881179338738,2.6446478747132907,2.6443656667029125,2.6443656667029125,2.6446478747132907,1.6798597356360303,1.6797547190787825,1.6797547190787825,1.6798597356360303,0.435064742724588,0.4350743268941414,0.4350743268941414,0.435064742724588,20.036552513816268
400.0,12.518,98.173,4.583,4.118,1.652170381217786,1.6521086424888156,1.6521086424888156,1.652170381217786,2.6470619925403844,2.6467826274776463,2.6467826274776463,2.6470619925403844,1.6833178500229635,1.6832123107623664,1.6832123107623664,1.6833178500229635,0.4356313570568685,0.4356398753161417,0.4356398753161417,0.4356313570568685,20.05559685428316
400.0,12.574,73.334,2.656,3.092,1.6527524016674748,1.6526914698578965,1.6526914698578965,1.6527524016674748,2.645095204595605,2.644819886722192,2.644819886722192,2.645095204595605,1.680424707037916,1.6803190817837643,1.6803190817837643,1.680424707037916,0.4351708055644618,0.4351810988270317,0.4351810988270317,0.4351708055644618,20.03940432339427
400.0,12.689,11.924,4.019,6.024,1.6542103603259406,1.6541477313343775,1.6541477313343775,1.6542103603259406,2.640251014605512,2.63996466576766,2.63996466576766,2.640251014605512,1.6736776551547214,1.6735328064872543,1.6735328064872543,1.6736776551547214,0.434001047908015,0.4340767813260171,0.4340767813260171,0.434001047908015,19.999404471686805
400.0,12.929,64.101,4.72,4.971,1.6528768557193705,1.6528149498812583,1.6528149498812583,1.6528768557193705,2.6447550014080194,2.6444739229459104,2.6444739229459104,2.6447550014080194,1.6795534965564214,1.6794481788726725,1.6794481788726725,1.6795534965564214,0.4350939499198476,0.4351041466147049,0.4351041466147049,0.4350939499198476,20.03337824904522
400.0,13.005,69.774,3.426,2.802,1.6527185696806628,1.6526569803424491,1.6526569803424491,1.6527185696806628,2.6453045165621485,2.645025656041037,2.645025656041037,2.6453045165621485,1.6802674586640447,1.680161997935457,1.680161997935457,1.6802674586640447,0.4352238414625251,0.4352338385368378,0.4352338385368378,0.4352238414625251,20.03707240663845
400.0,13.123,51.325,6.113,3.6,1.653130897436628,1.6530699771717023,1.6530699771717023,1.653130897436628,2.643936236824453,2.643661209437188,2.643661209437188,2.643936236824453,1.6781692042409682,1.6780633896731596,1.6780633896731596,1.6781692042409682,0.43490376843115,0.4349156115013675,0.4349156115013675,0.43490376843115,20.025049215315615
400.0,13.149,98.96,3.446,2.965,1.6519762743978608,1.651915126861509,1.651915126861509,1.6519762743978608,2.647856667956574,2.6475812357560806,2.6475812357560806,2.647856667956574,1.6837960511268788,1.6836898746105438,1.6836898746105438,1.6837960511268788,0.4358236099177761,0.435832878628043,0.435832878628043,0.4358236099177761,20.05609296439097
400.0,13.187,25.552,4.666,5.432,1.6537385998234513,1.6536761752510325,1.6536761752510325,1.6537385998234513,2.641922788580331,2.6416381137149854,2.6416381137149854,2.641922788580331,1.675183911662894,1.6750729266906796,1.6750729266906796,1.675183911662894,0.4344258286654312,0.4344475467302719,0.4344475467302719,0.4344258286654312,20.008262839654197
400.0,13.368,88.819,5.647,5.839,1.652159191996561,1.6520973073474827,1.6520973073474827,1.652159191996561,2.6472828644101263,2.6470023753368457,2.6470023753368457,2.6472828644101263,1.6827329313521118,1.682627587114686,1.682627587114686,1.6827329313521118,0.4356913135260012,0.4356997901121464,0.4356997901121464,0.4356913135260012,20.04947560533876
400.0,13.51,53.125,5.129,5.439,1.6529799475093956,1.6529176579354694,1.6529176579354694,1.6529799475093956,2.6445335413805884,2.6442497488199495,2.6442497488199495,2.6445335413805884,1.67861578761885,1.6785095878736431,1.6785095878736431,1.67861578761885,0.4350464119365733,0.4350586440826385,0.4350586440826385,0.4350464119365733,20.02621193075008
400.0,13.515,83.668,5.824,3.724,1.6522423474889312,1.6521799875715335,1.6521799875715335,1.6522423474889312,2.6470334866834864,2.6467497993107894,2.6467497993107894,2.6470334866834864,1.6822152514885609,1.6821097794974185,1.6821097794974185,1.6822152514885609,0.4356337418702457,0.4356427388525544,0.4356427388525544,0.4356337418702457,20.04611405943545
400.0,13.538,66.458,3.795,5.27,1.6526503008230071,1.6525880866162783,1.6525880866162783,1.6526503008230071,2.6456525548931764,2.645369636852984,2.645369636852984,2.6456525548931764,1.6802013880837356,1.6800956620179957,1.6800956620179957,1.6802013880837356,0.4353099130619516,0.4353204185763549,0.4353204185763549,0.4353099130619516,20.034897305238765
400.0,13.596,83.456,4.814,2.832,1.652224848309453,1.652162719048872,1.652162719048872,1.652224848309453,2.6471092911377414,2.646827063650282,2.646827063650282,2.6471092911377414,1.6822394328459995,1.6821342430073083,1.6821342430073083,1.6822394328459995,0.435652697061365,0.4356612207793328,0.4356612207793328,0.435652697061365,20.04597374872117
400.0,13.608,71.668,6.256,5.985,1.6525051646980762,1.6524432096206247,1.6524432096206247,1.6525051646980762,2.6461580359251733,2.64587694312152,2.64587694312152,2.6461580359251733,1.6808572310809238,1.680751941587724,1.680751941587724,1.6808572310809238,0.4354297617186206,0.4354391802821371,0.4354391802821371,0.4354297617186206,20.03829034358137
400.0,13.847,25.396,2.935,5.885,1.6535578847712,1.653494472029629,1.653494472029629,1.6535578847712,2.642671293519109,2.642380242424613,2.642380242424613,2.642671293519109,1.6755639038340513,1.675453392909127,1.675453392909127,1.6755639038340513,0.4346077723441154,0.4346285313373443,0.4346285313373443,0.4346077723441154,20.008143972424968
400.0,13.894,56.455,2.908,3.291,1.6527923784578489,1.6527303657057637,1.6527303657057637,1.6527923784578489,2.6452469023469507,2.6449654787725088,2.6449654787725088,2.6452469023469507,1.6792402419548964,1.679134271217951,1.679134271217951,1.6792402419548964,0.4352180743261269,0.4352294753386943,0.4352294753386943,0.4352180743261269,20.028370839947975
400.0,13.92,43.165,6.073,3.45,1.6531060705851044,1.6530444837418052,1.6530444837418052,1.6531060705851044,2.6441926905913498,2.643913326852276,2.643913326852276,2.6441926905913498,1.6776929931505973,1.677586757512593,1.677586757512593,1.6776929931505973,0.4349707443583191,0.4349835881675359,0.4349835881675359,0.4349707443583191,20.01971327205628
400.0,14.011,27.978,5.671,3.684,1.6534478492144418,1.6533878654908865,1.6533878654908865,1.6534478492144418,2.6430576304828977,2.642788385754676,2.642788385754676,2.6430576304828977,1.675966116721708,1.6758547330055795,1.6758547330055795,1.675966116721708,0.4347019856766564,0.434723967068677,0.434723967068677,0.4347019856766564,20.009820386196623
400.0,14.06,23.014,5.416,4.611,1.6535549161319467,1.6534942187456128,1.6534942187456128,1.6535549161319467,2.642713516411649,2.642439730813244,2.642439730813244,2.642713516411649,1.6754142113324888,1.675300031262068,1.675300031262068,1.6754142113324888,0.4346188660667847,0.4346454590172265,0.4346454590172265,0.4346188660667847,20.00658725411383
400.0,14.154,86.552,2.747,6.479,1.6519952389461552,1.6519338528663037,1.6519338528663037,1.6519952389461552,2.6480080578907343,2.647730987953218,2.647730987953218,2.6480080578907343,1.6829451844557213,1.6828392127315646,1.6828392127315646,1.6829451844557213,0.4358687131539409,0.4358780508307913,0.4358780508307913,0.4358687131539409,20.047976215189266
400.0,14.34,82.21,3.315,5.821,1.652048401174084,1.6519862407901134,1.6519862407901134,1.6520484011742105,2.647869543833599,2.647587596708374,2.647587596708374,2.647869542621996,1.6825456533006724,1.6824401261819044,1.6824401261819044,1.6825456533006724,0.4358378133314185,0.4358466618118754,0.4358466618118754,0.4358378133314185,20.04514087330017
400.0,14.597,49.635,3.029,5.609,1.65276057122678,1.65269919951736,1.65269919951736,1.65276057122678,2.645500774268112,2.645223324747382,2.645223324747382,2.645500774268112,1.6788647344503458,1.6787579971291235,1.6787579971291235,1.6788647344503458,0.4352842289888707,0.4352971255176689,0.4352971255176689,0.4352842289888707,20.023908683780775
400.0,14.632,29.935,4.626,4.718,1.6532278427874167,1.653165139647914,1.653165139647914,1.6532278427874167,2.64394026196067,2.643654288195828,2.643654288195828,2.64394026196067,1.6765710122396142,1.67646107566271,1.67646107566271,1.6765710122396142,0.434914552256865,0.4349338242436454,0.4349338242436454,0.434914552256865,20.011077892714894
400.0,14.72,81.261,4.011,4.364,1.6519661411152533,1.651902877701584,1.651902877701584,1.6519661411152533,2.6482372463471435,2.6479487389666003,2.6479487389666003,2.6482372463471435,1.6826655472522043,1.6825604653057955,1.6825604653057955,1.6826655472522043,0.4359272475821846,0.4359352179256615,0.4359352179256615,0.4359272475821846,20.044512002567423
400.0,14.775,51.035,2.752,4.686,1.6526774457936186,1.6526155624171988,1.6526155624171988,1.6526774457928994,2.6458224599051814,2.645541598838963,2.645541598838963,2.6458224599005145,1.6791373311695268,1.6790307761227268,1.6790307761227268,1.6791373311695268,0.4353611620261833,0.435373609122745,0.435373609122745,0.4353611620261833,20.024815478685028
400.0,14.813,65.929,4.068,4.834,1.6523085671974074,1.6522460204068687,1.6522460204068687,1.6523085671974074,2.6470857258455256,2.646801286041668,2.646801286041668,2.6470857258455256,1.6809138196678666,1.680808351586834,1.680808351586834,1.6809138196678666,0.4356583371050786,0.435667962235471,0.435667962235471,0.4356583371050786,20.03451770070442
400.0,15.022,34.219,6.114,3.347,1.6530148193636047,1.6529530321068704,1.6529530321068704,1.6530148193636047,2.6447353134805685,2.644454995923632,2.644454995923632,2.6447353134805685,1.677309617405873,1.677201102190824,1.677201102190824,1.677309617405873,0.4351067694343148,0.4351234310255008,0.4351234310255008,0.4351067694343148,20.013857405556976
400.0,15.035,60.577,3.859,3.715,1.652375067773854,1.6523133193385626,1.6523133193385626,1.652375067773854,2.6469027653944845,2.64662300986088,2.64662300986088,2.6469027653944845,1.6804186026885088,1.680312637101932,1.680312637101932,1.6804186026885088,0.4356177031784833,0.4356284336801242,0.4356284336801242,0.4356177031784833,20.031024566526487
400.0,15.065,34.247,3.24,2.982,1.653002279059056,1.6529397335896927,1.6529397335896927,1.653002279059056,2.644790456814841,2.6445056355651326,2.6445056355651326,2.644790456814841,1.6773393699874264,1.6772310521482654,1.6772310521482654,1.6773393699874264,0.4351197988334965,0.4351360663046575,0.4351360663046575,0.4351197988334965,20.013874487228847
400.0,15.076,50.699,5.466,5.717,1.652602299286732,1.652539402111319,1.652539402111319,1.652602299286732,2.6461460351574875,2.6458591926749797,2.6458591926749797,2.6461460351574875,1.6792799773073903,1.6791742425628062,1.6791742425628062,1.6792799773073903,0.4354399263759632,0.4354509128391386,0.4354509128391386,0.4354399263759632,20.02458879640465
400.0,15.133,68.217,5.392,2.81,1.6521639969677038,1.652102458406297,1.652102458406297,1.6521639969677038,2.64764135601978,2.647363353541361,2.647363353541361,2.64764135601978,1.68137858319949,1.6812728898380116,1.6812728898380116,1.68137858319949,0.4357922532495223,0.4358019442596566,0.4358019442596566,0.4357922532495223,20.036000343985847
400.0,15.173,16.664,5.828,5.002,1.6533992420325447,1.6533343896687158,1.6533343896687158,1.6533992420325447,2.643491367734444,2.6431914437738206,2.6431914437738206,2.643491367734444,1.6755048463830786,1.6753834164339216,1.6753834164339216,1.6755048463830786,0.4348038470650576,0.434841388586769,0.434841388586769,0.4348038470650576,20.002423436244563
400.0,15.249,57.778,3.646,4.119,1.6523832508423786,1.652320542639838,1.652320542639838,1.6523832508423786,2.6469251506126024,2.646639401656711,2.646639401656711,2.6469251506126024,1.680218832038865,1.6801136184479015,1.6801136184479015,1.680218832038865,0.4356249176910615,0.4356345416133242,0.4356345416133242,0.4356249176910615,20.02919561859235
400.0,15.273,41.442,6.277,3.998,1.652770007228983,1.65270826000707,1.65270826000707,1.652770007228983,2.6456146239055944,2.645334900719563,2.645334900719563,2.6456146239055944,1.6783111968859652,1.6782035465695735,1.6782035465695735,1.6783111968859652,0.4353164082098131,0.435331048326047,0.435331048326047,0.4353164082098131,20.018554248526108
400.0,15.304,42.157,3.938,4.838,1.6527446165246906,1.6526820936920728,1.6526820936920728,1.6527446165246906,2.6457107638130006,2.6454262269084454,2.6454262269084454,2.6457107638130006,1.6784136960633114,1.67830632542671,1.67830632542671,1.6784136960633114,0.4353389003457439,0.4353530589545752,0.4353530589545752,0.4353389003457439,20.019019022345752
400.0,15.42,90.474,2.505,2.545,1.6515506422182953,1.65148881746176,1.65148881746176,1.6515506422182953,2.649804077498671,2.6495246370712926,2.6495246370712926,2.649804077498671,1.6841810992766495,1.684075045962817,1.684075045962817,1.6841810992766495,0.4363011688556728,0.4363099530673324,0.4363099530673324,0.4363011688556728,20.05049812018079
400.0,15.46,32.574,5.884,3.445,1.6529323309887631,1.652870236184101,1.652870236184101,1.6529323309887631,2.6451080474320174,2.64482610736024,2.64482610736024,2.6451080474320174,1.677381741040742,1.6772729509612625,1.6772729509612625,1.677381741040742,0.4351980984261888,0.435215065861305,0.435215065861305,0.4351980984261888,20.01277414759952
400.0,15.577,81.68,2.83,6.137,1.651717893887322,1.6516558996671278,1.6516558996671278,1.651717893887322,2.6492640257303885,2.6489836059580782,2.6489836059580782,2.6492640257303885,1.6832379415478629,1.6831321224235878,1.6831321224235878,1.6832379415478629,0.4361763238046464,0.4361851636167689,0.4361851636167689,0.4361763238046464,20.04476134208015
400.0,15.695,37.962,6.262,4.56,1.652736605178201,1.6526741407578185,1.6526741407578185,1.652736605178201,2.64582080484116,2.6455365320577475,2.6455365320577475,2.64582080484116,1.6781576358240495,1.6780499997326408,1.6780499997326408,1.6781576358240495,0.435368280610437,0.4353830155744727,0.4353830155744727,0.435368280610437,20.01627655049099
400.0,15.773,22.573,2.698,5.828,1.6530864930780371,1.6530245933350587,1.6530245933350587,1.6530864930780371,2.644654129114546,2.6443731817021123,2.6443731817021123,2.644654129114546,1.6763979275481466,1.67628385456317,1.67628385456317,1.6763979275481466,0.4350905555492069,0.4351162739120586,0.4351162739120586,0.4350905555492069,20.006253787987127
400.0,15.79,18.821,4.54,6.313,1.6531722702341112,1.6531111777084415,1.6531111777084415,1.6531722702341112,2.644365269616724,2.6440895897467023,2.6440895897467023,2.644365269616724,1.6760317161838207,1.675911299795796,1.675911299795796,1.6760317161838207,0.4350185844371655,0.4350544184757219,0.4350544184757219,0.4350185844371655,20.003810850879496
400.0,15.815,85.044,5.19,4.167,1.651571610194167,1.6515090226690348,1.6515090226690348,1.651571610194167,2.649820121707052,2.64953589079939,2.64953589079939,2.649820121707052,1.6837808106946597,1.683674853186397,1.683674853186397,1.6837808106946597,0.4363082367619851,0.4363170405067722,0.4363170405067722,0.4363082367619851,20.04694773273977
400.0,15.938,47.429,4.479,5.587,1.6524406409255905,1.6523779744063267,1.6523779744063267,1.6524406409255905,2.646876409689026,2.6465913150636906,2.6465913150636906,2.646876409689026,1.679419194867396,1.679312279697733,1.679312279697733,1.679419194867396,0.4356187815778658,0.435631570526503,0.435631570526503,0.4356187815778658,20.022435103561072
400.0,16.235,25.535,4.199,5.598,1.6528858510092834,1.6528238468176966,1.6528238468176966,1.6528858510092834,2.6454290013672894,2.6451476464062305,2.6451476464062305,2.6454290013672894,1.677025099590352,1.676912561774203,1.676912561774203,1.677025099590352,0.4352780012103245,0.4353010206406536,0.4353010206406536,0.4352780012103245,20.008169969663676
400.0,16.46,21.237,3.312,4.146,1.6529262687988866,1.6528654606615614,1.6528654606615614,1.6529262687988866,2.6453345519399267,2.645060530058995,2.645060530058995,2.6453345519399267,1.6766573853751685,1.6765409171662384,1.6765409171662384,1.6766573853751685,0.4352558023842874,0.4352851216053523,0.4352851216053523,0.4352558023842874,20.0053651849813
400.0,16.504,22.595,5.359,2.541,1.6528817802407898,1.6528198049224707,1.6528198049224707,1.6528817802407898,2.645499435527776,2.6452187291507268,2.6452187291507268,2.645499435527776,1.6768429088762329,1.6767282867321147,1.6767282867321147,1.6768429088762329,0.4352955861768769,0.4353218740912111,0.4353218740912111,0.4352955861768769,20.00624831224244
400.0,16.557,49.72,6.24,3.397,1.652213412686632,1.652150174931431,1.652150174931431,1.652213412686632,2.647783656692863,2.6474954674560385,2.6474954674560385,2.647783656692863,1.6800650444929417,1.6799587132564853,1.6799587132564853,1.6800650444929417,0.4358375441762537,0.4358489626877574,0.4358489626877574,0.4358375441762537,20.023910417012488
400.0,16.575,57.439,3.128,5.072,1.6520225662319692,1.6519599549645163,1.6519599549645163,1.6520225662319692,2.6484356366002006,2.6481510905483687,2.6481510905483687,2.6484356366002006,1.6809861305228353,1.680879534578422,1.680879534578422,1.6809861305228353,0.4359906971998313,0.436002110561545,0.436002110561545,0.4359906971998313,20.028938622187567
400.0,16.683,82.834,3.122,4.737,1.6513838511833157,1.651321856630342,1.651321856630342,1.6513838511833157,2.6506482764948327,2.650368343174775,2.650368343174775,2.6506482764948327,1.6840501461286228,1.683943754373982,1.683943754373982,1.6840501461286228,0.436510561077715,0.4365198521577654,0.4365198521577654,0.436510561077715,20.04548331892316
400.0,16.819,32.787,4.292,2.684,1.6525472445989344,1.6524859938076435,1.6524859938076435,1.6525472445989344,2.646694155089232,2.646418078968608,2.646418078968608,2.646694155089232,1.678231039121594,1.6781213839101246,1.6781213839101246,1.678231039121594,0.4355833547195497,0.4356011832202919,0.4356011832202919,0.4355833547195497,20.01287574918341
400.0,16.887,48.005,4.954,3.51,1.6521620750317605,1.6521003283625613,1.6521003283625613,1.6521620750317605,2.648021322199123,2.6477425759687128,2.6477425759687128,2.648021322199123,1.680064006077086,1.6799567046042072,1.6799567046042072,1.680064006077086,0.4358967453617854,0.4359097136576362,0.4359097136576362,0.4358967453617854,20.022784548171632
400.0,17.085,59.698,4.845,3.321,1.6518265982496738,1.6517641489404595,1.6517641489404595,1.6518265982496738,2.649213492101376,2.6489303899761345,2.6489303899761345,2.649213492101376,1.6815630681397,1.6814564393881066,1.6814564393881066,1.6815630681397,0.4361779838599635,0.4361890426752309,0.4361890426752309,0.4361779838599635,20.030395878832863
400.0,17.092,41.409,3.697,2.555,1.6522640775114208,1.6522015210149277,1.6522015210149277,1.6522640775114208,2.6477211984304807,2.6474369492423526,2.6474369492423526,2.6477211984304807,1.6794116078230106,1.6793035630082027,1.6793035630082027,1.6794116078230106,0.435827088003618,0.4358416813989326,0.4358416813989326,0.435827088003618,20.01848305624686
400.0,17.129,73.692,2.59,3.201,1.651478852948006,1.6514169677377493,1.6514169677377493,1.651478852948006,2.650415248243112,2.650136184190619,2.650136184190619,2.650415248243112,1.6832424060590438,1.6831360218269895,1.6831360218269895,1.6832424060590438,0.4364604335421684,0.4364700970485085,0.4364700970485085,0.4364604335421684,20.039513173505185
400.0,17.149,81.696,2.996,6.169,1.6512825278120562,1.6512195273905472,1.6512195273905472,1.6512825278120562,2.651102174640276,2.65081611265065,2.65081611265065,2.651102174640276,1.6842004990505297,1.68409431022389,1.68409431022389,1.6842004990505297,0.4366206720454224,0.4366295290935882,0.4366295290935882,0.4366206720454224,20.044728289138835
400.0,17.16,50.419,3.671,6.462,1.6520292508514227,1.6519655509226354,1.6519655509226354,1.6520292508514227,2.6485417225272294,2.648250969133484,2.648250969133484,2.6485417225272294,1.6805137149713354,1.680407492239488,1.680407492239488,1.6805137149713354,0.4360207717669041,0.4360317659364635,0.4360317659364635,0.4360207717669041,20.024349535573084
400.0,17.306,34.058,5.524,4.367,1.6523813570439678,1.652319029487911,1.652319029487911,1.6523813570439678,2.6473662147906287,2.6470838683155,2.6470838683155,2.6473662147906287,1.6786762406401738,1.6785667934977095,1.6785667934977095,1.6786762406401738,0.4357450406703479,0.4357622166707455,0.4357622166707455,0.4357450406703479,20.013690643608676
400.0,17.577,61.668,5.532,5.851,1.6516426407929667,1.6515806639136683,1.6515806639136683,1.6516426407929667,2.649946862969589,2.649667172590933,2.649667172590933,2.649946862969589,1.6820952166080885,1.6819888731936503,1.6819888731936503,1.6820952166080885,0.4363550618421169,0.4363653162197791,0.4363653162197791,0.4363550618421169,20.031666001838065
400.0,17.605,22.631,3.056,6.159,1.652573573469316,1.6525108753557207,1.6525108753557207,1.652573573469316,2.646778942436669,2.646493735537059,2.646493735537059,2.646778942436669,1.6775145000207727,1.6773996488572438,1.6773996488572438,1.6775145000207727,0.4356056716372354,0.4356318918798741,0.4356318918798741,0.4356056716372354,20.006242189882453
400.0,17.646,49.512,4.106,3.096,1.6519147713233509,1.6518528621665922,1.6518528621665922,1.6519147713233509,2.6490279327456654,2.6487482370165627,2.6487482370165627,2.6490279327456654,1.6807036233786703,1.6805960684550492,1.6805960684550492,1.6807036233786703,0.4361395496785751,0.4361525769510036,0.4361525769510036,0.4361395496785751,20.023744851720704
400.0,17.986,83.905,6.355,3.94,1.6509980052379267,1.6509355569210893,1.6509355569215227,1.6509980052379267,2.6522619358518567,2.651979636534755,2.6519796606716417,2.6522619358518567,1.6849740908207644,1.6848675302109943,1.6848675302109943,1.6849740908207644,0.4369000766846606,0.4369090628448164,0.4369090628448164,0.4369000766846606,20.04614513019675
400.0,18.012,83.148,3.473,5.089,1.6510089827465233,1.6509460690433524,1.6509460690433524,1.6510089827465233,2.6522314142829155,2.6519457829339066,2.6519457829339066,2.6522314142829155,1.6849001900796683,1.6847942274133008,1.6847942274133008,1.6849001900796683,0.4368932728887939,0.4369014171289963,0.4369014171289963,0.4368932728887939,20.045650726953493
400.0,18.049,52.843,3.672,3.265,1.6517228297524542,1.651661248405637,1.651661248405637,1.6517228297524542,2.6497694621465384,2.649491824496653,2.649491824496653,2.6497694621465384,1.6813415129614764,1.6812344758441145,1.6812344758441145,1.6813415129614764,0.4363177090863712,0.4363295741593974,0.4363295741593974,0.4363177090863712,20.02590373171916
400.0,18.051,73.46,3.398,4.988,1.6512292920648228,1.6511667588681496,1.6511667588681496,1.6512292920648228,2.6514748443757754,2.651191818190488,2.651191818190488,2.6514748443757754,1.6837782724683372,1.6836716904939422,1.6836716904939422,1.6837782724683372,0.4367165736907402,0.4367262516602695,0.4367262516602695,0.4367165736907402,20.039335814875507
400.0,18.058,54.626,4.253,2.955,1.6516782617485497,1.651615376061046,1.651615376061046,1.6516782617485497,2.6499308294086075,2.6496455319716734,2.6496455319716734,2.6499308294086075,1.6815573837812947,1.681450645515684,1.681450645515684,1.6815573837812947,0.4363549640486827,0.4363661167927152,0.4363661167927152,0.4363549640486827,20.02706518900357
400.0,18.254,18.566,3.27,5.423,1.6524897616752292,1.6524285700866936,1.6524285700866936,1.6524897616752292,2.6471929952445485,2.646917928976018,2.646917928976018,2.6471929952445485,1.6775099959152808,1.6773886256415471,1.6773886256415471,1.6775099959152808,0.4357052067274576,0.4357414802154632,0.4357414802154632,0.4357052067274576,20.00357795793549
400.0,18.257,90.63,5.059,3.689,1.6507625509659858,1.650700333619198,1.650700333619198,1.6507625509659858,2.653137172266192,2.6528566265605886,2.6528566265605886,2.653137172266192,1.6859371071860196,1.6858303524794105,1.6858303524794105,1.6859371071860196,0.4371072587837393,0.4371160480473189,0.4371160480473189,0.4371072587837393,20.050520969068828
400.0,18.321,82.78,4.915,3.051,1.6509323253093051,1.6508695898503274,1.6508695898503274,1.6509323253093051,2.652562266545301,2.6522783456137757,2.6522783456137757,2.652562266545301,1.6850460644832148,1.684939550478654,1.684939550478654,1.6850460644832148,0.436973344301161,0.4369822020690812,0.4369822020690812,0.436973344301161,20.045402438004583
400.0,18.388,98.133,3.226,5.101,1.6505480850103742,1.6504857445191972,1.6504857445191972,1.6505480850103742,2.653912797850277,2.6536316465714864,2.6536316465714864,2.653912797850277,1.6869063277137517,1.686799334612264,1.686799334612264,1.6869063277137517,0.4372894440032844,0.4372980959353562,0.4372980959353562,0.4372894440032844,20.05540867370514
400.0,18.432,25.923,2.954,3.207,1.6522637219789715,1.6522007736292204,1.6522007736292204,1.6522637219789715,2.6480075470597724,2.647721419387861,2.647721419387861,2.6480075470597724,1.6784028451822626,1.678289668715869,1.678289668715869,1.6784028451822626,0.4359028546435516,0.4359259624412396,0.4359259624412396,0.4359028546435516,20.00836254556711
400.0,18.583,16.543,4.479,5.034,1.652447789617389,1.6523842306951806,1.6523842306951806,1.652447789617389,2.647416399760748,2.6471265365002936,2.6471265365002936,2.647416399760748,1.6775661311005243,1.6774441181328037,1.6774441181328037,1.6775661311005243,0.435758685375276,0.435795707794592,0.435795707794592,0.435758685375276,20.002252194756096
400.0,18.64,96.362,5.265,3.785,1.6505208034741587,1.650457803093501,1.650457803093501,1.6505208034741587,2.654064596030296,2.653779149677953,2.653779149677953,2.654064596030296,1.686851251596006,1.6867446039614435,1.6867446039614435,1.686851251596006,0.437327116040078,0.4373352568729535,0.4373352568729535,0.437327116040078,20.054246914599
400.0,18.652,71.408,2.805,4.494,1.6511118051707612,1.6510495478223344,1.6510495478223344,1.6511118051707612,2.652007482040894,2.651726453644015,2.651726453644015,2.652007482040894,1.6839030875447554,1.683796431538308,1.683796431538308,1.6839030875447554,0.4368470689671309,0.436856783480058,0.436856783480058,0.4368470689671309,20.03798217835866
400.0,18.667,39.718,5.441,2.806,1.6518665038786626,1.6518039407174625,1.6518039407174625,1.6518665038786626,2.649411971220013,2.6491286751314878,2.6491286751314878,2.649411971220013,1.6801696232112304,1.6800610960550195,1.6800610960550195,1.6801696232112304,0.4362381132728849,0.4362529193611779,0.4362529193611779,0.4362381132728849,20.01733847762702
400.0,18.667,68.891,5.584,3.008,1.651167688143724,1.6511053741350616,1.6511053741350616,1.651167688143724,2.6518171855526425,2.6515359775009895,2.6515359775009895,2.6518171855526425,1.683614902529342,1.6835078864669182,1.6835078864669182,1.683614902529342,0.4368024599707776,0.436812854377341,0.436812854377341,0.4368024599707776,20.03634199041492
400.0,18.697,51.583,5.911,5.847,1.6515740078616452,1.6515105533203025,1.6515105533203025,1.6515740078616452,2.650427481045489,2.6501386739380166,2.6501386739380166,2.650427481045489,1.6815878280320813,1.6814808809583957,1.6814808809583957,1.6815878280320813,0.4364767302562112,0.436488239363001,0.436488239363001,0.4364767302562112,20.02506564038425
400.0,18.852,58.185,2.556,4.265,1.6513727873118642,1.6513096009976784,1.6513096009976784,1.6513727873118642,2.651152153037882,2.6508653983788357,2.6508653983788357,2.651152153037882,1.6824622056555436,1.6823554495308497,1.6823554495308497,1.6824622056555436,0.4366482142421997,0.4366588595010298,0.4366588595010298,0.4366482142421997,20.02936170446067
400.0,18.956,68.905,4.142,4.662,1.65108710150792,1.6510253059572686,1.6510253059572686,1.65108710150792,2.652155594485258,2.6518775665482024,2.6518775665482024,2.652155594485258,1.6837933645439267,1.683686352785255,1.683686352785255,1.6837933645439267,0.4368846669828483,0.4368949980871925,0.4368949980871925,0.4368846669828483,20.036342983955095
400.0,18.971,26.28,4.943,4.39,1.6521048588569232,1.6520421064424702,1.6520421064424702,1.6521048588569232,2.648662600180044,2.6483776168989723,2.6483776168989723,2.648662600180044,1.678771668397756,1.678659401828609,1.678659401828609,1.678771668397756,0.4360623785741489,0.4360837810602799,0.4360837810602799,0.4360623785741489,20.008580169773072
400.0,19.019,26.18,4.093,2.754,1.6520937958619544,1.652030878876829,1.652030878876829,1.6520937958619544,2.6487109788044485,2.6484254898784,2.6484254898784,2.6487109788044485,1.6787900988337476,1.6786763973391483,1.6786763973391483,1.6787900988337476,0.436073007018163,0.4360966599188477,0.4360966599188477,0.436073007018163,20.008513642365248
400.0,19.039,57.735,6.453,3.722,1.6513310352447923,1.6512690042755849,1.6512690042755849,1.6513310352447923,2.65133004398348,2.6510500919849216,2.6510500919849216,2.65133004398348,1.6825234715682085,1.682416230672575,1.682416230672575,1.6825234715682085,0.436692008429646,0.4367034658144162,0.4367034658144162,0.436692008429646,20.029063459015376
400.0,19.236,14.784,3.416,6.427,1.6523070001479674,1.65224544572741,1.65224544572741,1.6523070001479674,2.6480235099470417,2.647746820896447,2.647746820896447,2.6480235099470417,1.677843840019404,1.677709396612494,1.677709396612494,1.677843840019404,0.4358989981927868,0.4359555148764508,0.4359555148764508,0.4358989981927868,20.00108920530185
400.0,19.265,11.134,4.115,4.401,1.6523885680867394,1.652323641654136,1.652323641654136,1.6523885680867394,2.6477687361995845,2.6474705651806887,2.6474705651806887,2.6477687361995845,1.677609808294836,1.6774576076094625,1.6774576076094625,1.677609808294836,0.4358232627796199,0.4359076085046187,0.4359076085046187,0.4358232627796199,19.99871310073796
400.0,19.399,43.409,2.526,3.384,1.6515740049678993,1.6515120366557567,1.6515120366557567,1.6515740049678993,2.6505684794809494,2.650289341968082,2.650289341968082,2.6505684794809494,1.6810516699180822,1.6809428031304894,1.6809428031304894,1.6810516699180822,0.4365160746471239,0.4365309687295986,0.4365309687295986,0.4365160746471239,20.01972210831627
400.0,19.61,71.04,4.998,4.243,1.6508551380958405,1.6507933763416196,1.6507933763416196,1.6508551380958405,2.65309852149094,2.6528204348167135,2.6528204348167135,2.65309852149094,1.684446118778444,1.6843389701625309,1.6843389701625309,1.684446118778444,0.4371112459745472,0.4371214716259861,0.4371214716259861,0.4371112459745472,20.03771600631731
400.0,19.636,95.72,5.495,6.482,1.65026174072805,1.650198549076,1.650198549076,1.65026174072805,2.6551832933430872,2.654897036019945,2.654897036019945,2.6551832933430872,1.6873867399147509,1.6872798850927015,1.6872798850927015,1.6873867399147509,0.437597607412863,0.4376057497003956,0.4376057497003956,0.437597607412863,20.05380010405247
400.0,19.678,29.774,3.54,2.876,1.651823975049552,1.6517612377718514,1.6517612377718514,1.651823975049552,2.649772159570333,2.6494878607022354,2.6494878607022354,2.649772159570333,1.6796130561430047,1.6795016017968876,1.6795016017968876,1.6796130561430047,0.436329749431438,0.4363494393059586,0.4363494393059586,0.436329749431438,20.01083587181297
400.0,19.737,79.015,5.66,6.431,1.6506303383574492,1.6505682509384254,1.6505682509384254,1.6506303383574492,2.65390989095522,2.6536306954299094,2.6536306954299094,2.65390989095522,1.6854685086557104,1.6853610095081444,1.6853610095081444,1.6854685086557104,0.4373016446777625,0.4373117483673368,0.4373117483673368,0.4373016446777625,20.042909110831744
400.0,19.815,69.596,5.562,4.148,1.6508338981880877,1.650770082013994,1.650770082013994,1.6508338981880877,2.653225734757548,2.6529349605901493,2.6529349605901493,2.653225734757548,1.6844002497092156,1.6842938600102413,1.6842938600102413,1.6844002497092156,0.4371420604268107,0.4371510856239211,0.4371510856239211,0.4371420604268107,20.036769262830568
400.0,19.817,61.953,2.621,3.842,1.6510141010135633,1.6509530886077324,1.6509530886077324,1.6510141010135633,2.6525863188304344,2.6523133387401,2.6523133387401,2.6525863188304344,1.683498047894294,1.6833900725553408,1.6833900725553408,1.683498047894294,0.4369935036902423,0.4370055152125295,0.4370055152125295,0.4369935036902423,20.03178974804852
400.0,19.839,77.026,4.349,5.84,1.6506498076863707,1.6505873760394636,1.6505873760394636,1.6506498076863707,2.6538649225820574,2.653583584904108,2.653583584904108,2.6538649225820574,1.6852949811219735,1.6851876220872646,1.6851876220872646,1.6852949811219735,0.4372919812288949,0.4373019627547915,0.4373019627547915,0.4372919812288949,20.041610155188565
400.0,19.908,63.358,4.884,5.719,1.6509562382456031,1.65089359345371,1.65089359345371,1.6509562382456031,2.6528142722622468,2.6525311378387197,2.6525311378387197,2.6528142722622468,1.6837194920862693,1.6836121832222768,1.6836121832222768,1.6837194920862693,0.4370470085526302,0.437057833399281,0.437057833399281,0.4370470085526302,20.032702329557843
400.0,19.911,15.454,3.89,5.628,1.6521040751921463,1.65203966504903,1.65203966504903,1.6521040751921463,2.648871373700939,2.6485766762162544,2.6485766762162544,2.648871373700939,1.6782980400529688,1.6781719952922864,1.6781719952922864,1.6782980400529688,0.4361087573655514,0.436151548783515,0.436151548783515,0.4361087573655514,20.001506824746105
400.0,20.052,64.165,5.795,2.883,1.6508971322019317,1.6508347414081443,1.6508347414081443,1.6508971322019317,2.653048839897975,2.6527674196845643,2.6527674196845643,2.653048839897975,1.6839028238640148,1.6837956065747242,1.6837956065747242,1.6839028238640148,0.4371034723968969,0.437114043958689,0.437114043958689,0.4371034723968969,20.03322436218308
400.0,20.11,18.161,2.979,3.773,1.6519823487949217,1.6519200309231037,1.6519200309231037,1.6519823487949217,2.6493194804824447,2.6490377627139186,2.6490377627139186,2.6493194804824447,1.678610320529207,1.6784894542912854,1.6784894542912854,1.678610320529207,0.4362210465236673,0.4362557198171244,0.4362557198171244,0.4362210465236673,20.003263481898568
400.0,20.118,43.599,2.964,4.924,1.6513699407891922,1.651307837919729,1.651307837919729,1.6513699407891922,2.651423792975488,2.6511437844219,2.6511437844219,2.651423792975488,1.6815121298961069,1.6814031903979072,1.6814031903979072,1.6815121298961069,0.4367229492339372,0.4367376557055826,0.4367376557055826,0.4367229492339372,20.019826275845105
400.0,20.139,95.507,4.497,3.582,1.650128167245693,1.6500652933504052,1.6500652933504052,1.6501281672454813,2.655757627486345,2.6554737591065884,2.6554737591065884,2.655757627484916,1.6876708734425632,1.687563760570027,1.687563760570027,1.6876708734425632,0.437736535707022,0.4377448623345029,0.4377448623345029,0.437736535707022,20.05364761281205
400.0,20.306,18.435,4.524,3.243,1.65192120358315,1.651858631095136,1.651858631095136,1.65192120358315,2.6495707265578408,2.6492878009272456,2.6492878009272456,2.6495707265578408,1.678749915517696,1.6786279308556935,1.6786279308556935,1.678749915517696,0.4362807485711836,0.4363171428133507,0.4363171428133507,0.4362807485711836,20.00343642262101
400.0,20.335,89.304,4.46,5.218,1.6502209049538543,1.6501587687160002,1.6501587687160002,1.6502209049538543,2.6554691411566567,2.6551898779320187,2.6551898779320187,2.6554691411566567,1.687055340045336,1.6869477585718102,1.6869477585718102,1.687055340045336,0.4376712937784425,0.4376807268854727,0.4376807268854727,0.4376712937784425,20.04959842296034
400.0,20.346,21.762,5.926,6.042,1.6518311215369257,1.651766673817792,1.651766673817792,1.6518311215369257,2.64989723109608,2.649602190462769,2.649602190462769,2.64989723109608,1.6790754736206277,1.6789608800048192,1.6789608800048192,1.6790754736206277,0.4363618606131863,0.4363865234799659,0.4363865234799659,0.4363618606131863,20.00560131662651
400.0,20.399,71.398,4.438,5.842,1.6506293317936316,1.6505660587559736,1.6505660587559736,1.6506293317936316,2.654058824998344,2.6537723373488564,2.6537723373488564,2.654058824998344,1.6849716377086117,1.6848644466705427,1.6848644466705427,1.6849716377086117,0.4373422136372406,0.4373520629330784,0.4373520629330784,0.4373422136372406,20.037927322149223
400.0,20.439,50.44,3.869,3.442,1.6511179108013398,1.651054827177842,1.651054827177842,1.6511179108013398,2.6523680537621375,2.652082152344544,2.652082152344544,2.6523680537621375,1.6825160509610977,1.6824080346817678,1.6824080346817678,1.6825160509610977,0.4369468895982221,0.4369595173857505,0.4369595173857505,0.4369468895982221,20.02427253893263
400.0,20.501,80.646,5.598,5.449,1.6503806376750931,1.6503183743497345,1.6503183743497345,1.6503806376750931,2.654944649039554,2.654664445230269,2.654664445230269,2.654944649039554,1.686130455274617,1.6860231387406992,1.6860231387406992,1.686130455274617,0.4375506291715783,0.4375601011435253,0.4375601011435253,0.4375506291715783,20.04395094555216
400.0,20.563,88.095,5.5,2.71,1.6501869345292397,1.6501241996405676,1.6501241996405676,1.6501869345292397,2.65563948547378,2.655356083071463,2.655356083071463,2.65563948547378,1.6870518452690706,1.686944798313846,1.686944798313846,1.6870518452690706,0.4377131812777014,0.4377217894029273,0.4377217894029273,0.4377131812777014,20.048803610254712
400.0,20.691,68.958,2.726,2.601,1.650607029363653,1.6505431108435904,1.6505431108435904,1.650607029363653,2.654201438615186,2.6539103146437735,2.6539103146437735,2.654201438615186,1.6848611662711193,1.6847544372202552,1.6847544372202552,1.6848611662711193,0.4373781102969869,0.4373873879428085,0.4373873879428085,0.4373781102969869,20.03632924960819
400.0,20.773,30.134,5.676,6.392,1.6515106333233396,1.6514483493554293,1.6514483493554293,1.6515106333233396,2.6510773121706475,2.650796313087291,2.650796313087291,2.6510773121706475,1.680321724242564,1.6802100599337064,1.6802100599337064,1.680321724242564,0.4366459700884569,0.4366655484652494,0.4366655484652494,0.4366459700884569,20.01103972507744
400.0,20.846,89.535,4.571,2.728,1.6500749057313648,1.6500120031335708,1.6500120031335708,1.6500749057313648,2.656093500536916,2.655809680321867,2.655809680321867,2.656093500536916,1.687396880736984,1.6872895052441903,1.6872895052441903,1.687396880736984,0.4378215639152831,0.4378304299763777,0.4378304299763777,0.4378215639152831,20.049734513705392
400.0,21.018,71.45,3.015,3.934,1.6504567307176563,1.6503942671321228,1.6503942671321228,1.6504567307176563,2.654788331817704,2.654506932707468,2.654506932707468,2.654788331817704,1.6853570728483858,1.685249816715942,1.685249816715942,1.6853570728483858,0.4375190328007273,0.4375287925137096,0.4375287925137096,0.4375190328007273,20.037943575049432
400.0,21.315,16.948,4.514,5.102,1.65167552353151,1.651614086952119,1.651614086952119,1.65167552353151,2.6506203095832026,2.650344978958897,2.650344978958897,2.6506203095832026,1.6792597054178375,1.6791347927704563,1.6791347927704563,1.6792597054178375,0.4365348454621258,0.4365753268427951,0.4365753268427951,0.4365348454621258,20.002440823056848
400.0,21.366,99.731,5.322,4.954,1.649690402594133,1.649628199693972,1.649628199693972,1.649690402594133,2.657556548193283,2.657277717150304,2.657277717150304,2.657556548193283,1.688928088074646,1.6888196105332334,1.6888196105332334,1.688928088074646,0.4381673702140891,0.4381771386210552,0.4381771386210552,0.4381673702140891,20.05636635148648
400.0,21.433,36.195,4.375,5.291,1.6511822281489177,1.651120024129466,1.651120024129466,1.6511822281489177,2.6523498710606175,2.65206961330487,2.65206961330487,2.6523498710606175,1.6814394915952082,1.6813291029124524,1.6813291029124524,1.6814394915952082,0.4369510096537156,0.4369679780340671,0.4369679780340671,0.4369510096537156,20.014967944827347
400.0,21.482,61.044,4.269,3.971,1.6505762179693124,1.6505130938756354,1.6505130938756354,1.6505762179693124,2.6544716491682614,2.654186100143303,2.654186100143303,2.6544716491682614,1.6844086718830011,1.6843013967860607,1.6843013967860607,1.6844086718830011,0.4374490829493041,0.4374593960469745,0.4374593960469745,0.4374490829493041,20.031150650381317
400.0,21.551,40.814,5.027,3.101,1.6510387130936748,1.6509771697174105,1.6509771697174105,1.6510387130936748,2.652868907382585,2.652592738589961,2.652592738589961,2.652868907382585,1.682057531783396,1.6819476482136502,1.6819476482136502,1.682057531783396,0.437074319144096,0.4370902032661546,0.4370902032661546,0.437074319144096,20.017972127902464
400.0,21.601,70.619,5.174,2.993,1.6503159563462575,1.6502526473881178,1.6502526473881178,1.6503159563462575,2.655408756255024,2.6551222017151703,2.6551222017151703,2.655408756255024,1.6856163272682565,1.685508854814785,1.685508854814785,1.6856163272682565,0.4376686861189694,0.4376786187414465,0.4376786187414465,0.4376686861189694,20.03738583666456
400.0,21.644,79.079,4.653,5.307,1.6501031243008553,1.650040159697176,1.650040159697176,1.6501031243008553,2.6561630775312013,2.6558789220105505,2.6558789220105505,2.6561630775312013,1.686646185650253,1.6865386784833118,1.6865386784833118,1.686646185650253,0.4378453424667149,0.4378547773380582,0.4378547773380582,0.4378453424667149,20.042897836052383
400.0,21.665,73.109,4.277,6.27,1.6502394885329592,1.6501753851112098,1.6501753851112098,1.6502394885329592,2.6556942331165967,2.6554031103076223,2.6554031103076223,2.6556942331165967,1.6859508287764071,1.6858438214998566,1.6858438214998566,1.6859508287764071,0.4377357648719129,0.4377447341529184,0.4377447341529184,0.4377357648719129,20.03900676198848
400.0,21.702,41.567,4.303,2.888,1.650979748696604,1.650916605115307,1.650916605115307,1.650979748696604,2.6531132033636324,2.6528273496153614,2.6528273496153614,2.6531132033636324,1.6822386002502108,1.6821290283310033,1.6821290283310033,1.6822386002502108,0.437131982951013,0.4371472140626511,0.4371472140626511,0.437131982951013,20.018458929502543
400.0,21.714,56.51,3.341,5.672,1.6506202398362635,1.6505567563021133,1.6505567563021133,1.6506202398362635,2.6543686911397475,2.654080928808888,2.654080928808888,2.6543686911397475,1.6840138216525196,1.6839061763030987,1.6839061763030987,1.6840138216525196,0.437426709088154,0.4374378446328742,0.4374378446328742,0.437426709088154,20.028190878892893
400.0,21.73,36.466,5.99,4.355,1.651093501389174,1.6510308095799462,1.6510308095799462,1.651093501389174,2.652722188112848,2.6524390735279373,2.6524390735279373,2.652722188112848,1.681653100883988,1.6815424186755534,1.6815424186755534,1.681653100883988,0.4370403144811143,0.4370576604204664,0.4370576604204664,0.4370403144811143,20.015136430135744
400.0,21.973,55.177,5.523,5.588,1.6505799858778236,1.6505171546470057,1.6505171546470057,1.6505799858778236,2.654560839451437,2.654277257743761,2.654277257743761,2.654560839451437,1.6840145929982773,1.6839070394957607,1.6839070394957607,1.6840145929982773,0.4374746286096514,0.437485607455568,0.437485607455568,0.4374746286096514,20.02731525076884
400.0,21.986,87.89,5.564,4.853,1.649800424368994,1.6497372145093372,1.6497372145093372,1.649800424368994,2.657303155609609,2.65701810876028,2.65701810876028,2.657303155609609,1.6879023702942515,1.6877948903251856,1.6877948903251856,1.6879023702942515,0.438114403130285,0.438123074113908,0.438123074113908,0.438114403130285,20.0486296361676
400.0,22.016,90.905,3.8,3.646,1.649720669734276,1.6496575940918723,1.6496575940918723,1.649720669734276,2.657591039853193,2.6573063788813363,2.6573063788813363,2.657591039853193,1.6882792704297327,1.6881718632018887,1.6881718632018887,1.6882792704297327,0.4381818531558863,0.4381902807122277,0.4381902807122277,0.4381818531558863,20.050594505279825
400.0,22.13,56.552,4.25,5.576,1.6505037304662948,1.650440984391396,1.650440984391396,1.6505037304662948,2.6548593133535,2.654576304470211,2.654576304470211,2.6548593133535,1.6842738699173163,1.6841657231077465,1.6841657231077465,1.6842738699173163,0.437545447718638,0.4375572389786697,0.4375572389786697,0.437545447718638,20.028206407631934
400.0,22.132,15.129,6.342,2.791,1.65149202605713,1.6514302996149894,1.6514302996149894,1.65149202605713,2.6514248099933777,2.6511477417944858,2.6511477417944858,2.6514248099933777,1.6796304355672955,1.6794999053322288,1.6794999053322288,1.6796304355672955,0.4367263982021496,0.4367754192835339,0.4367754192835339,0.4367263982021496,20.00123471918096
400.0,22.243,10.853,4.434,4.358,1.6515656765236963,1.6514998064169777,1.6514998064169777,1.6515656765236963,2.6512150665489584,2.6509121726507887,2.6509121726507887,2.6512150665489584,1.6794045924469765,1.6792492345876786,1.6792492345876786,1.6794045924469765,0.4366560258489635,0.4367440682294989,0.4367440682294989,0.4366560258489635,19.99844797319842
400.0,22.283,41.497,4.486,2.989,1.6508199808698223,1.6507576501135102,1.6507576501135102,1.6508199808698223,2.653786248594305,2.653505639400957,2.653505639400957,2.653786248594305,1.6825851470237905,1.6824754953282433,1.6824754953282433,1.6825851470237905,0.4372953980449134,0.4373105420159654,0.4373105420159654,0.4372953980449134,20.018397229054745
400.0,22.421,76.735,5.978,6.235,1.6499444869199975,1.6498817072382823,1.6498817072382823,1.6499444869199975,2.65688464719494,2.656601752872084,2.656601752872084,2.65688464719494,1.686845525308299,1.6867377305474427,1.6867377305474427,1.686845525308299,0.4380210050317708,0.4380308009599733,0.4380308009599733,0.4380210050317708,20.041347618569866
400.0,22.46,39.703,3.226,4.689,1.650813900333064,1.650751256616214,1.650751256616214,1.650813900333064,2.653846120608052,2.6535635996386526,2.6535635996386526,2.653846120608052,1.682481381549235,1.6823708362189365,1.6823708362189365,1.682481381549235,0.4373101577384686,0.437326771406281,0.437326771406281,0.4373101577384686,20.017223727790896
400.0,22.472,72.677,3.876,3.432,1.6500272966697414,1.6499633928026352,1.6499633928026352,1.6500272966697414,2.6566087085697774,2.6563191090366014,2.6563191090366014,2.6566087085697774,1.6863946827685876,1.6862872701318634,1.6862872701318634,1.6863946827685876,0.4379567403769191,0.4379660635621278,0.4379660635621278,0.4379567403769191,20.03870195652155
400.0,22.63,31.325,6.084,6.448,1.6509673121582824,1.6509034056759722,1.6509034056759722,1.6509673121582824,2.65335449029154,2.6530640931898057,2.6530640931898057,2.65335449029154,1.6815944941314862,1.68148281409349,1.68148281409349,1.6815944941314862,0.4371951665467611,0.437213999850157,0.437213999850157,0.4371951665467611,20.011763903475416
400.0,22.686,68.806,2.958,5.51,1.6500591213865945,1.6499965454697687,1.6499965454697687,1.6500591213865945,2.6565349310816586,2.6562534273988248,2.6562534273988248,2.6565349310816586,1.6860676400259844,1.6859594629595211,1.6859594629595211,1.6860676400259844,0.4379419427317878,0.4379527238990719,0.4379527238990719,0.4379419427317878,20.03617414064505
400.0,22.815,24.62,6.463,2.547,1.651075881921894,1.651012105762998,1.651012105762998,1.651075881921894,2.6530165877046223,2.6527265415182355,2.6527265415182355,2.6530165877046223,1.6809158476418655,1.6808017985550745,1.6808017985550745,1.6809158476418655,0.4371162259336703,0.4371390528586923,0.4371390528586923,0.4371162259336703,20.0073933101277
400.0,22.834,85.838,2.661,4.976,1.649615804000266,1.649552055486308,1.649552055486308,1.649615804000266,2.658137311247816,2.6578488885567517,2.6578488885567517,2.658137311247816,1.6881809134905603,1.6880731950226735,1.6880731950226735,1.6881809134905603,0.4383164287862705,0.4383253203845261,0.4383253203845261,0.4383164287862705,20.047268286541733
400.0,22.867,81.59,6.18,3.76,1.6497072836884632,1.6496438404352554,1.6496438404352554,1.6497072836884632,2.6578193841426607,2.6575327297186124,2.6575327297186124,2.6578193841426607,1.6876960286971967,1.6875882924576238,1.6875882924576238,1.6876960286971967,0.4382428314261544,0.4382519720218108,0.4382519720218108,0.4382428314261544,20.0444990712677
400.0,23.022,46.19,5.123,5.079,1.6505037316579034,1.650440711954864,1.650440711954864,1.6505037316579034,2.655048095401311,2.6547633585855364,2.6547633585855364,2.655048095401311,1.6835927419757006,1.6834837982528092,1.6834837982528092,1.6835927419757006,0.4375972620226294,0.4376107136591241,0.4376107136591241,0.4375972620226294,20.02143215510136
400.0,23.151,81.891,3.45,2.596,1.6496221669133548,1.6495583526931363,1.6495583526931363,1.6496221669133548,2.6581820727669245,2.657893026242847,2.657893026242847,2.6581820727669245,1.6879066740661317,1.6877988452267878,1.6877988452267878,1.6879066740661317,0.4383297305932583,0.4383389602526363,0.4383389602526363,0.4383297305932583,20.044687476938638
400.0,23.196,64.606,3.342,3.37,1.6500185148605575,1.6499555150277785,1.6499555150277785,1.6500185148605575,2.656787052821328,2.6565028145523826,2.6565028145523826,2.656787052821328,1.685881542661855,1.685773832703056,1.685773832703056,1.685881542661855,0.4380056765574508,0.43801585412757,0.43801585412757,0.4380056765574508,20.03342322966041
400.0,23.204,23.65,4.584,3.894,1.650990516136252,1.650928024515363,1.650928024515363,1.650990516136252,2.6533877765798013,2.6531066078230805,2.6531066078230805,2.6533877765798013,1.6810390441741971,1.68092317391695,1.68092317391695,1.6810390441741971,0.4372063399347404,0.4372318879708551,0.4372318879708551,0.4372063399347404,20.0067509912834
400.0,23.344,26.642,4.615,6.445,1.6508807491301538,1.6508174867389167,1.6508174867389167,1.6508807491301538,2.6538020828555267,2.653515886859463,2.653515886859463,2.6538020828555267,1.6814771328254678,1.6813634067544487,1.6813634067544487,1.6814771328254678,0.4373055437343449,0.4373275344006284,0.4373275344006284,0.4373055437343449,20.00869511816988
400.0,23.344,92.082,6.42,4.357,1.6493275339946647,1.649265394785953,1.649265394785953,1.6493275339946647,2.6592602476876994,2.6589823903604457,2.6589823903604457,2.6592602476876994,1.6892380477989604,1.6891293269686636,1.6891293269686636,1.6892380477989604,0.4385833378112735,0.4385931909433022,0.4385931909433022,0.4385833378112735,20.05132348108175
400.0,23.417,41.81,4.05,3.566,1.6504986261672627,1.6504359888293183,1.6504359888293183,1.6504986261672627,2.6551470872818324,2.654865049095786,2.654865049095786,2.6551470872818324,1.6833159717112738,1.6832058510437913,1.6832058510437913,1.6833159717112738,0.4376235394502596,0.4376390025711647,0.4376390025711647,0.4376235394502596,20.018568946267848
400.0,23.522,49.432,4.926,4.954,1.6502888551374917,1.6502253042115045,1.6502253042115045,1.6502888551374917,2.6559079215334784,2.655620043452008,2.655620043452008,2.6559079215334784,1.6842824859111278,1.6841738577911165,1.6841738577911165,1.6842824859111278,0.4378026384950883,0.4378151633803805,0.4378151633803805,0.4378026384950883,20.023529993880526
400.0,23.659,38.303,5.961,4.807,1.6505150588729969,1.6504527561372253,1.6504527561372253,1.6505150588729969,2.655138674413035,2.6548587180376417,2.6548587180376417,2.655138674413035,1.6830485293088997,1.682938059286162,1.682938059286162,1.6830485293088997,0.437623891375723,0.4376400164874747,0.4376400164874747,0.437623891375723,20.016278253807968
400.0,23.698,14.886,4.596,3.682,1.6510625085470296,1.651000382652969,1.651000382652969,1.6510625085470296,2.6532398877904715,2.6529611118750607,2.6529611118750607,2.6532398877904715,1.6805716786831986,1.6804373974706388,1.6804373974706388,1.6805716786831986,0.4371626826359154,0.437217098432131,0.437217098432131,0.4371626826359154,20.001032957392464
400.0,23.804,93.821,5.956,3.513,1.6491608523784762,1.649097777486472,1.649097777486472,1.6491608523784762,2.659955684340969,2.65967179455022,2.65967179455022,2.659955684340969,1.689728373225166,1.6896203015353155,1.6896203015353155,1.689728373225166,0.4387494455286372,0.4387580794575087,0.4387580794575087,0.4387494455286372,20.052444443982967
400.0,23.817,74.361,2.913,2.978,1.6496164282311716,1.649553514146073,1.649553514146073,1.6496164282311716,2.658337634498124,2.6580545667394864,2.6580545667394864,2.658337634498124,1.68742190183729,1.6873138569258856,1.6873138569258856,1.68742190183729,0.4383729719503537,0.4383827562101705,0.4383827562101705,0.4383729719503537,20.039761178635683
400.0,23.855,89.971,2.822,4.937,1.6492374205126763,1.6491746975250237,1.6491746975250237,1.6492374205126763,2.6596913090266865,2.659409505044604,2.659409505044604,2.6596913090266865,1.6893014917011626,1.6891933353080677,1.6891933353080677,1.6893014917011626,0.4386885995211524,0.4386975858033976,0.4386975858033976,0.4386885995211524,20.049933139600288
400.0,23.875,22.763,6.057,2.695,1.650825297386483,1.6507632118171192,1.6507632118171192,1.650825297386483,2.6541009145230983,2.6538223582505203,2.6538223582505203,2.6541009145230983,1.6813441190064171,1.6812269442744898,1.6812269442744898,1.6813441190064171,0.4373786771839013,0.4374060866176823,0.4374060866176823,0.4373786771839013,20.006155097586586
400.0,23.933,52.458,5.537,5.0,1.6501030220727042,1.6500402583872071,1.6500402583872071,1.6501030220727042,2.656643305669225,2.6563611140338543,2.6563611140338543,2.656643305669225,1.684893777774903,1.68478456116647,1.68478456116647,1.684893777774903,0.4379783303273495,0.437991376003479,0.437991376003479,0.4379783303273495,20.025489533644265
400.0,23.97,88.374,4.297,4.895,1.6492438516888877,1.6491806157212836,1.6491806157212836,1.6492438516888877,2.659695280861816,2.6594107201170165,2.6594107201170165,2.659695280861816,1.6891822408499424,1.6890742021557512,1.6890742021557512,1.6891822408499424,0.4386904182225204,0.4386992101510644,0.4386992101510644,0.4386904182225204,20.048888801536147
400.0,23.983,37.484,5.581,3.237,1.6504454716212278,1.650381649853626,1.650381649853626,1.6504454716212278,2.655457417715024,2.655167918990688,2.655167918990688,2.655457417715024,1.6831497391271777,1.6830398001581628,1.6830398001581628,1.6831497391271777,0.4377007213516827,0.4377159576268635,0.4377159576268635,0.4377007213516827,20.015735841270985
400.0,24.097,84.367,3.14,5.765,1.6493032871689988,1.649239968673202,1.649239968673202,1.6493032871689988,2.659510749869761,2.65922548119144,2.65922548119144,2.659510749869761,1.688784392660745,1.688676143128062,1.688676143128062,1.688784392660745,0.4386484541980086,0.4386578014403265,0.4386578014403265,0.4386484541980086,20.046274156977034
400.0,24.203,20.055,5.914,6.017,1.6507990453465853,1.650736499844115,1.650736499844115,1.6507990453465853,2.6542629353961846,2.6539815713967414,2.6539815713967414,2.6542629353961846,1.6812455062036715,1.6811233792752305,1.6811233792752305,1.6812455062036715,0.4374155961492936,0.4374506626369875,0.4374506626369875,0.4374155961492936,20.004383335518156
400.0,24.338,58.598,4.528,3.348,1.6498458115451902,1.6497830438487044,1.6497830438487044,1.6498458115451902,2.6576348156327168,2.657352586353624,2.657352586353624,2.6576348156327168,1.6858705145981097,1.6857616157776965,1.6857616157776965,1.6858705145981097,0.4382136305988634,0.4382256350891134,0.4382256350891134,0.4382136305988634,20.02947732029463
400.0,24.485,15.272,2.64,2.89,1.650835011506176,1.65077249226603,1.65077249226603,1.650835011506176,2.654196638050856,2.653915786027973,2.653915786027973,2.654196638050856,1.681081765404289,1.6809449691201952,1.6809449691201952,1.681081765404289,0.4373914901987293,0.4374497031978724,0.4374497031978724,0.4373914901987293,20.001262049638648
400.0,24.493,39.399,5.713,5.422,1.6502586245906783,1.6501954197047184,1.6501954197047184,1.6502586245906783,2.6562158923196826,2.655930657574335,2.655930657574335,2.6562158923196826,1.6836887420211533,1.683578648807317,1.683578648807317,1.6836887420211533,0.4378830184244672,0.4378981310444021,0.4378981310444021,0.4378830184244672,20.016968723324386
400.0,24.514,72.867,6.218,5.359,1.6494601966417484,1.6493969995413793,1.6493969995413793,1.6494601966417484,2.659039617014713,2.6587550253242584,2.6587550253242584,2.659039617014713,1.6876733022480546,1.687565034343558,1.687565034343558,1.6876733022480546,0.4385428648054314,0.4385527962385175,0.4385527962385175,0.4385428648054314,20.03876808605245
400.0,24.524,89.526,5.737,6.335,1.6490651351407468,1.6490011329666034,1.6490011329666034,1.6490651351407468,2.6604527720415825,2.660163696428064,2.660163696428064,2.6604527720415825,1.6896609694758329,1.6895530270507186,1.6895530270507186,1.6896609694758329,0.4388716492963512,0.438879977348899,0.438879977348899,0.4388716492963512,20.04962395456243
400.0,24.544,51.831,5.308,5.781,1.6499494589315142,1.6498865903192952,1.6498865903192952,1.6499494589315142,2.657312226759399,2.657029369751749,2.657029369751749,2.657312226759399,1.68519366658153,1.685084407185919,1.685084407185919,1.68519366658153,0.4381400951677574,0.4381530721912019,0.4381530721912019,0.4381400951677574,20.025063302316845
400.0,24.577,93.963,3.913,4.88,1.64894587095892,1.6488824359903351,1.6488824359903351,1.64894587095892,2.660887330098997,2.660601643262397,2.660601643262397,2.660887330098997,1.6902222634039177,1.6901139214229208,1.6901139214229208,1.6902222634039177,0.4389733246320706,0.4389820446728833,0.4389820446728833,0.4389733246320706,20.05251492989165
400.0,24.615,42.02,5.406,6.195,1.6501629784912497,1.6500993621808464,1.6500993621808464,1.6501629784912497,2.6565796899149694,2.656291950299727,2.656291950299727,2.6565796899149694,1.6840736394382545,1.6839643366732548,1.6839643366732548,1.6840736394382545,0.4379693789735542,0.4379829709625344,0.4379829709625344,0.4379693789735542,20.01867192925449
400.0,24.621,47.546,2.878,4.303,1.6500304130872552,1.6499662380645534,1.6499662380645534,1.6500304130872552,2.6570498195847856,2.6567584595502662,2.6567584595502662,2.6570498195847856,1.6847324481820851,1.6846236187030703,1.6846236187030703,1.6847324481820851,0.4380789940050283,0.4380915533466436,0.4380915533466436,0.4380789940050283,20.02227061163339
400.0,24.647,52.164,2.915,6.155,1.6499129028710853,1.6498501356332058,1.6498501356332058,1.6499129028710853,2.65746227114087,2.657180299118243,2.657180299118243,2.65746227114087,1.6852969486887546,1.685187484169377,1.685187484169377,1.6852969486887546,0.4381760392612457,0.4381892241401094,0.4381892241401094,0.4381760392612457,20.02527753793776
400.0,24.842,29.669,5.805,6.464,1.6503940289670131,1.6503299010967971,1.6503299010967971,1.6503940289670131,2.655818722050399,2.655527712837487,2.655527712837487,2.655818722050399,1.6827497692394802,1.6826377923924531,1.6826377923924531,1.6827497692394802,0.4377916127236341,0.4378100940712403,0.4378100940712403,0.4377916127236341,20.010623762841007
400.0,24.847,52.743,2.639,4.643,1.6498444493242996,1.6497811768650388,1.6497811768650388,1.6498444493242996,2.65774831655886,2.6574629398124547,2.6574629398124547,2.65774831655886,1.685487658146362,1.685378938390188,1.685378938390188,1.685487658146362,0.4382448132394001,0.438256713272807,0.438256713272807,0.4382448132394001,20.02564907736489
400.0,24.953,49.078,5.766,5.262,1.6499020618225462,1.6498389581168873,1.6498389581168873,1.6499020618225462,2.657566536435912,2.6572825826591298,2.6572825826591298,2.657566536435912,1.6851177874769503,1.685008658381678,1.685008658381678,1.6851177874769503,0.4382032823018478,0.4382160388746093,0.4382160388746093,0.4382032823018478,20.02325866264972
400.0,25.042,33.078,6.203,4.429,1.650257037046897,1.6501936897871323,1.6501936897871323,1.650257037046897,2.6563367950818355,2.656050827095352,2.656050827095352,2.6563367950818355,1.6832764509134577,1.6831645061049865,1.6831645061049865,1.6832764509134577,0.437914998657569,0.4379332175156445,0.4379332175156445,0.437914998657569,20.01283724639831
400.0,25.081,48.62,2.827,6.183,1.649877582256832,1.6498140869054057,1.6498140869054057,1.649877582256832,2.6576816491234,2.657394661898909,2.657394661898909,2.6576816491234,1.6851423049493188,1.6850332180205232,1.6850332180205232,1.6851423049493188,0.4382310457254902,0.4382437586084824,0.4382437586084824,0.4382310457254902,20.022956935657493
400.0,25.329,66.324,5.711,4.805,1.6493903356260966,1.6493272774822707,1.6493272774822707,1.6493903356260966,2.6594572999185107,2.6591733026506215,2.6591733026506215,2.6594572999185107,1.6873974497517046,1.6872885336177164,1.6872885336177164,1.6873974497517046,0.4386475687324534,0.4386587553072318,0.4386587553072318,0.4386475687324534,20.034482049720065
400.0,25.368,54.694,4.136,3.531,1.6496544648311489,1.6495913869179422,1.6495913869179422,1.6496544648311489,2.658528545893454,2.6582447344044327,2.6582447344044327,2.658528545893454,1.6860397181926707,1.6859304449686587,1.6859304449686587,1.6860397181926707,0.4384313806339616,0.4384438695487593,0.4384438695487593,0.4384313806339616,20.02690472777188
400.0,25.376,81.695,2.633,5.958,1.6490154780605706,1.648951866431844,1.648951866431844,1.6490154780605706,2.6608070470149574,2.660520299103699,2.660520299103699,2.6608070470149574,1.689254897536544,1.6891463013452197,1.6891463013452197,1.689254897536544,0.4389620819258691,0.4389716520847624,0.4389716520847624,0.4389620819258691,20.044495946941897
400.0,25.428,84.194,5.44,5.174,1.648941962450015,1.6488788648945791,1.6488788648945791,1.648941962450015,2.66107817350411,2.660794787772916,2.660794787772916,2.66107817350411,1.6895850737454674,1.6894761171060382,1.6894761171060382,1.6895850737454674,0.4390257780092058,0.4390357580755646,0.4390357580755646,0.4390257780092058,20.04612334114313
400.0,25.552,10.425,6.448,5.891,1.650655893553726,1.6505910088599,1.6505910088599,1.650655893553726,2.6550557827520804,2.6547605316592815,2.6547605316592815,2.6550557827520804,1.6813999464249505,1.6812361671643328,1.6812361671643328,1.6813999464249505,0.4375798108807584,0.4376797611232066,0.4376797611232066,0.4375798108807584,19.998077020027797
400.0,25.58,77.392,3.177,3.02,1.6490604462050356,1.648997214637434,1.648997214637434,1.6490604462050356,2.6606867026966587,2.660401962352339,2.660401962352339,2.6606867026966587,1.6888685842230506,1.6887601190472863,1.6887601190472863,1.6888685842230506,0.4389363938832071,0.4389460515183613,0.4389460515183613,0.4389363938832071,20.04168611869729
400.0,25.615,23.129,4.676,3.641,1.6503347445144547,1.650272296281704,1.650272296281704,1.6503347445144547,2.6561797661145508,2.6558997664318102,2.6558997664318102,2.6561797661145508,1.6824499705906046,1.6823326806493066,1.6823326806493066,1.6824499705906046,0.4378804999010966,0.4379073372470345,0.4379073372470345,0.4378804999010966,20.006344524805115
400.0,25.761,63.406,3.384,6.283,1.6493407271765803,1.6492770339504172,1.6492770339504172,1.6493407271765803,2.659727532281984,2.659440332110509,2.659440332110509,2.659727532281984,1.6873164761806962,1.6872076870455142,1.6872076870455142,1.6873164761806962,0.4387144401282757,0.4387253103072719,0.4387253103072719,0.4387144401282757,20.032568619038123
400.0,25.831,64.567,6.101,5.031,1.6492939598186382,1.6492306218125743,1.6492306218125743,1.6492939598186382,2.6599069513849005,2.6596219066613966,2.6596219066613966,2.6599069513849005,1.6874976616872783,1.687388555904337,1.687388555904337,1.6874976616872783,0.4387568369957587,0.4387681838906656,0.4387681838906656,0.4387568369957587,20.03332302856385
400.0,25.863,33.759,4.398,2.888,1.6500143608505375,1.649950510155779,1.649950510155779,1.6500143608505375,2.6573642561231385,2.6570754718686254,2.6570754718686254,2.6573642561231385,1.6838591180787297,1.683748057545586,1.683748057545586,1.6838591180787297,0.438162885187979,0.4381793215374401,0.4381793215374401,0.438162885187979,20.013257856309004
400.0,25.874,96.406,5.352,3.306,1.648533467316069,1.648469883928498,1.648469883928498,1.648533467316069,2.6626406099234874,2.662354785450816,2.662354785450816,2.6626406099234874,1.6913154999140725,1.6912066065394016,1.6912066065394016,1.6913154999140725,0.4393931192873793,0.4394020219669113,0.4394020219669113,0.4393931192873793,20.054070225328815
400.0,25.94,44.166,4.402,3.375,1.6497459033684718,1.6496827941687633,1.6496827941687633,1.6497459033684718,2.6583242696156377,2.6580400693859367,2.6580400693859367,2.6583242696156377,1.6851414550131605,1.6850306977355272,1.6850306977355272,1.6851414550131605,0.4383880922820523,0.4384034662653315,0.4384034662653315,0.4383880922820523,20.02003194180092
400.0,25.942,30.965,5.626,5.833,1.6500582221540234,1.649995240033442,1.649995240033442,1.6500582221540234,2.6572220495976264,2.656938682362618,2.656938682362618,2.6572220495976264,1.6835777540158374,1.683464108047834,1.683464108047834,1.6835777540158374,0.4381290782987324,0.4381497969362725,0.4381497969362725,0.4381290782987324,20.01143660477677
400.0,25.996,54.829,3.71,6.293,1.6494784120499582,1.6494149389580133,1.6494149389580133,1.6494784120499582,2.6592857078102567,2.6589996213205933,2.6589996213205933,2.6592857078102567,1.6864418361697493,1.6863324280696823,1.6863324280696823,1.6864418361697493,0.4386134742940683,0.4386258982368052,0.4386258982368052,0.4386134742940683,20.026975105226267
400.0,26.019,81.174,4.546,5.759,1.6488511668820998,1.648787555545292,1.648787555545292,1.6488511668820998,2.661529552747089,2.6612428539398447,2.6612428539398447,2.661529552747089,1.6895899134966488,1.6894815649667068,1.6894815649667068,1.6895899134966488,0.4391365921341921,0.4391456047288269,0.4391456047288269,0.4391365921341921,20.044138419878905
400.0,26.033,66.114,2.525,3.47,1.6492014817378218,1.6491390885779968,1.6491390885779968,1.6492014817378218,2.660274061001336,2.6599951881056283,2.6599951881056283,2.660274061001336,1.6878061847710102,1.6876967754124588,1.6876967754124588,1.6878061847710102,0.4388447240376251,0.4388563578625279,0.4388563578625279,0.4388447240376251,20.03432514288682
400.0,26.039,51.04,4.393,5.254,1.6495560081260805,1.6494931154471897,1.6494931154471897,1.6495560081260805,2.659017042271952,2.658734577028815,2.658734577028815,2.659017042271952,1.6860179673469102,1.685908401932135,1.685908401932135,1.6860179673469102,0.4385515550991809,0.4385645081597554,0.4385645081597554,0.4385515550991809,20.024506214314695
400.0,26.097,81.136,3.31,4.098,1.648830860603833,1.6487671602081106,1.6487671602081106,1.648830860603833,2.6616191861024494,2.661332186776227,2.661332186776227,2.6616191861024494,1.6896335323855225,1.6895247392488262,1.6895247392488262,1.6896335323855225,0.4391577941111308,0.4391674559039926,0.4391674559039926,0.4391577941111308,20.04411122002944
400.0,26.217,48.485,3.73,3.646,1.6495670363711823,1.649504616212008,1.649504616212008,1.6495670363711823,2.6590119580562668,2.6587326784518246,2.6587326784518246,2.6590119580562668,1.6858239232781598,1.6857140812823963,1.6857140812823963,1.6858239232781598,0.4385523054048995,0.4385657579210039,0.4385657579210039,0.4385523054048995,20.02283673358408
400.0,26.384,64.279,5.295,4.722,1.649148906337614,1.6490850583854642,1.6490850583854642,1.649148906337614,2.660542284412559,2.660254145258557,2.660254145258557,2.660542284412559,1.6878037671607184,1.6876953586170236,1.6876953586170236,1.6878037671607184,0.4389102581865502,0.4389203021028472,0.4389203021028472,0.4389102581865502,20.03311960339695
400.0,26.434,85.064,4.27,5.758,1.6486463448815192,1.6485827037051517,1.6485827037051517,1.6486463448815192,2.6623519223292256,2.6620654506486296,2.6620654506486296,2.6623519223292256,1.6903093910327032,1.6902006932182378,1.6902006932182378,1.6903093910327032,0.4393315593369998,0.4393406713967889,0.4393406713967889,0.4393315593369998,20.046661160889208
400.0,26.556,47.507,5.28,3.54,1.6494971421200817,1.649433899673301,1.649433899673301,1.6494971421200817,2.6593352903255134,2.65905046171186,2.65905046171186,2.6593352903255134,1.6859163602259692,1.6858060766173877,1.6858060766173877,1.6859163602259692,0.4386298544432204,0.4386440024601921,0.4386440024601921,0.4386298544432204,20.02219043626711
400.0,26.579,27.714,4.556,5.913,1.6499596927069495,1.6498962124269136,1.6498962124269136,1.6499596927069495,2.657704431349233,2.657417814473271,2.657417814473271,2.657704431349233,1.6835815158645115,1.6834684617980038,1.6834684617980038,1.6835815158645115,0.4382478457890255,0.4382674972902754,0.4382674972902754,0.4382478457890255,20.00930179335922
400.0,26.606,43.419,5.247,5.893,1.6495803085918272,1.6495168337186443,1.6495168337186443,1.6495803085918272,2.6590516488943545,2.658765399163673,2.658765399163673,2.6590516488943545,1.6854610791937996,1.6853506726448346,1.6853506726448346,1.6854610791937996,0.4385640192706825,0.4385786030645835,0.4385786030645835,0.4385640192706825,20.019526816447037
400.0,26.618,58.81,3.103,2.699,1.6492133228954986,1.649149805753074,1.649149805753074,1.6492133228954986,2.6603595284462576,2.6600734514330835,2.6600734514330835,2.6603595284462576,1.6872976219116482,1.6871885815786851,1.6871885815786851,1.6872976219116482,0.4388697389426318,0.4388810863928214,0.4388810863928214,0.4388697389426318,20.029549990661184
400.0,26.637,99.374,4.573,4.565,1.6482549885557571,1.6481918691511204,1.6481918691511204,1.6482549885557571,2.6638033616938874,2.6635207942685386,2.6635207942685386,2.6638033616938874,1.6921425877257,1.6920331832605409,1.6920331832605409,1.6921425877257,0.4396706271075809,0.4396798782204767,0.4396798782204767,0.4396706271075809,20.05598247644628
400.0,26.795,10.688,2.667,5.553,1.6503056042009472,1.650239488812915,1.650239488812915,1.6503056042009472,2.6565459337234607,2.6562436073509823,2.6562436073509823,2.6565459337234607,1.6821787889745168,1.682017903101194,1.682017903101194,1.6821787889745168,0.4379410037317871,0.4380359521047037,0.4380359521047037,0.4379410037317871,19.998213850286582
400.0,26.849,86.773,3.414,2.645,1.6484924117905737,1.6484290414697007,1.6484290414697007,1.6484924117905737,2.662991704271377,2.6627071288302124,2.6627071288302124,2.662991704271377,1.690770087716452,1.6906611136984069,1.6906611136984069,1.690770087716452,0.4394842459323004,0.4394935541986078,0.4394935541986078,0.4394842459323004,20.047763356957685
400.0,27.063,60.44,3.398,4.748,1.6490522132084426,1.6489896219907572,1.6489896219907572,1.6490522132084426,2.661022844554524,2.660743083179691,2.660743083179691,2.661022844554524,1.6877657684081688,1.687655974757455,1.687655974757455,1.6877657684081688,0.4390285261061957,0.4390407630684926,0.4390407630684926,0.4390285261061957,20.03059925052687
400.0,27.071,63.089,4.612,5.093,1.648987977307793,1.6489246273401763,1.6489246273401763,1.648987977307793,2.6612575861751546,2.660972778210495,2.660972778210495,2.6612575861751546,1.6880855906980352,1.6879764178312682,1.6879764178312682,1.6880855906980352,0.4390831420695673,0.4390942209153294,0.4390942209153294,0.4390831420695673,20.032324825688804
400.0,27.136,69.082,4.333,5.675,1.6488292772095776,1.6487656968099569,1.6487656968099569,1.6488292772095776,2.6618414591963013,2.6615553287294,2.6615553287294,2.6618414591963013,1.688839098112273,1.6887302250851095,1.6887302250851095,1.688839098112273,0.4392196022608476,0.439229787837532,0.439229787837532,0.4392196022608476,20.03622686873484
400.0,27.152,31.469,6.033,3.527,1.64971253138185,1.6496486870108087,1.6496486870108087,1.64971253138185,2.658698716802306,2.6584101418923,2.6584101418923,2.658698716802306,1.6843787654674132,1.6842653865348634,1.6842653865348634,1.6843787654674132,0.4384845344100465,0.4385043279990765,0.4385043279990765,0.4384845344100465,20.01173042703387
400.0,27.191,63.773,6.476,5.918,1.648939190476673,1.648875539137664,1.648875539137664,1.648939190476673,2.6614590228561728,2.6611724062140887,2.6611724062140887,2.6614590228561728,1.688240770871567,1.6881317082491216,1.6881317082491216,1.688240770871567,0.439131006610251,0.4391418370908401,0.4391418370908401,0.439131006610251,20.03276720038145
400.0,27.196,66.48,3.154,4.003,1.6488735443633595,1.6488110475127116,1.6488110475127116,1.6488735443633595,2.661689373255772,2.66141027030375,2.66141027030375,2.661689373255772,1.688566277417754,1.6884567733292903,1.6884567733292903,1.688566277417754,0.4391851712635452,0.4391964790486281,0.4391964790486281,0.4391851712635452,20.03452966899212
400.0,27.232,53.906,5.954,4.077,1.6491599945577315,1.64909710321926,1.64909710321926,1.6491599945577315,2.6606741197058525,2.6603921561721857,2.6603921561721857,2.6606741197058525,1.6870921474339655,1.68698226646099,1.68698226646099,1.6870921474339655,0.438948712331342,0.4389615036232529,0.4389615036232529,0.438948712331342,20.02633838775425
400.0,27.236,81.638,6.448,6.363,1.648507569105892,1.6484431017838266,1.6484431017838266,1.648507569105892,2.663023186161277,2.662732069219086,2.662732069219086,2.663023186161277,1.690396738701828,1.6902879918936191,1.6902879918936191,1.690396738701828,0.4394947680770716,0.4395038611178638,0.4395038611178638,0.4394947680770716,20.044405429763177
400.0,27.366,50.341,2.67,4.256,1.6492073317114493,1.649143986346831,1.649143986346831,1.6492073317114493,2.6605356797034467,2.6602508082626213,2.6602508082626213,2.6605356797034467,1.686750815746734,1.6866410640754277,1.6866410640754277,1.686750815746734,0.4389175484960275,0.4389303334387184,0.4389303334387184,0.4389175484960275,20.024012889469013
400.0,27.743,10.687,3.752,3.25,1.65004322747526,1.649977075177344,1.649977075177344,1.65004322747526,2.657666141671934,2.657363861548766,2.657363861548766,2.657666141671934,1.6827605653461175,1.6825987139870215,1.6825987139870215,1.6827605653461175,0.4382106256236891,0.4383066645750913,0.4383066645750913,0.4382106256236891,19.998186033625714
400.0,27.776,79.315,4.365,3.391,1.6484136145327526,1.6483501744348896,1.6483501744348896,1.6484136145327526,2.663469147489023,2.66318446078089,2.66318446078089,2.663469147489023,1.6904538085976606,1.6903446347863782,1.6903446347863782,1.6904538085976606,0.4396040319824972,0.4396137965108349,0.4396137965108349,0.4396040319824972,20.042875850686396
400.0,27.936,59.212,2.856,3.762,1.6488419045038707,1.6487784567962551,1.6487784567962551,1.6488419045038707,2.6619614915308025,2.6616766728449406,2.6616766728449406,2.6619614915308025,1.6881572950695654,1.6880473467890136,1.6880473467890136,1.6881572950695654,0.43925459865506,0.439266841819848,0.439266841819848,0.43925459865506,20.029774689834255
400.0,27.961,82.497,5.22,6.404,1.6482889194415051,1.648224552111909,1.648224552111909,1.6482889194415051,2.6639629017168738,2.66367272076258,2.66367272076258,2.6639629017168738,1.6909480320729915,1.6908386021714266,1.6908386021714266,1.6909480320729915,0.4397196838918875,0.439729527549922,0.439729527549922,0.4397196838918875,20.04494443094344
400.0,27.988,73.621,5.721,3.154,1.6484890847928495,1.6484257091430696,1.6484257091430696,1.6484890847928495,2.6632406756030016,2.662956314960913,2.662956314960913,2.6632406756030016,1.6899058152109767,1.6897966368325117,1.6897966368325117,1.6899058152109767,0.4395530777589974,0.439563105694106,0.439563105694106,0.4395530777589974,20.039159607644567
400.0,28.043,48.121,4.488,3.861,1.6490735346079126,1.6490100612185534,1.6490100612185534,1.6490735346079126,2.6611544906109934,2.660868814299964,2.660868814299964,2.6611544906109934,1.6869033740315085,1.6867931297297003,1.6867931297297003,1.6869033740315085,0.4390676151501856,0.4390810962679028,0.4390810962679028,0.4390676151501856,20.02254773201524
400.0,28.489,90.272,5.258,5.736,1.6479623507443308,1.6478986050921267,1.6478986050921267,1.6479623507443308,2.665253944071778,2.664967720870135,2.664967720870135,2.665253944071778,1.692203422240888,1.6920941820834885,1.6920941820834885,1.692203422240888,0.4400251257304184,0.4400340259825766,0.4400340259825766,0.4400251257304184,20.04999604573181
400.0,28.513,56.83,5.293,5.637,1.6487392331129391,1.6486760700855485,1.6486760700855485,1.6487392331129391,2.6624488760503326,2.6621655049440824,2.6621655049440824,2.6624488760503326,1.688229584501458,1.68811979902926,1.68811979902926,1.688229584501458,0.4393737721297049,0.439385758674987,0.439385758674987,0.4393737721297049,20.02820658628758
400.0,28.573,32.719,3.617,3.341,1.6492902676979586,1.6492279039197697,1.6492279039197697,1.6492902676979586,2.66048631822266,2.660207787597603,2.660207787597603,2.66048631822266,1.6853996167324965,1.6852861985619203,1.6852861985619203,1.6853996167324965,0.4389156826406669,0.4389348761767727,0.4389348761767727,0.4389156826406669,20.012503315162103
400.0,28.67,27.683,6.3,4.403,1.6493833502055997,1.6493194192146,1.6493194192146,1.6493833502055997,2.660182666658913,2.6598943635320507,2.6598943635320507,2.660182666658913,1.6848609139406625,1.684746444922094,1.684746444922094,1.6848609139406625,0.4388440393888475,0.4388650799590741,0.4388650799590741,0.4388440393888475,20.009222375259675
400.0,28.75,16.617,2.912,5.125,1.6496232268715871,1.6495589241412096,1.6495589241412096,1.6496232268715871,2.659349537846567,2.659058900414466,2.659058900414466,2.659349537846567,1.683789116480714,1.6836617766769215,1.6836617766769215,1.683789116480714,0.4386408571837938,0.4386822433280728,0.4386822433280728,0.4386408571837938,20.00201714427408
400.0,28.777,41.855,5.333,3.969,1.6490194348188694,1.6489557268432329,1.6489557268432329,1.6490194348188694,2.6615014854736816,2.6612148190696225,2.6612148190696225,2.6615014854736816,1.6866098826580966,1.6864990170336127,1.6864990170336127,1.6866098826580966,0.4391548821922637,0.4391694256513518,0.4391694256513518,0.4391548821922637,20.01844588024235
400.0,28.803,92.649,6.341,4.969,1.647820891326516,1.6477578190822957,1.6477578190822957,1.647820891326516,2.665830484684196,2.6655487211130895,2.6655487211130895,2.665830484684196,1.6926822580665333,1.6925723083808126,1.6925723083808126,1.6926822580665333,0.4401618977122725,0.4401716553448286,0.4401716553448286,0.4401618977122725,20.051536103674096
400.0,28.955,49.118,4.309,5.852,1.6487992337559787,1.6487361471252735,1.6487361471252735,1.6487992337559787,2.6623252256987744,2.662042612960308,2.662042612960308,2.6623252256987744,1.687584111905348,1.687473325914971,1.687473325914971,1.687584111905348,0.4393486069259252,0.4393625112633898,0.4393625112633898,0.4393486069259252,20.02317078011346
400.0,28.974,68.388,4.268,6.382,1.6483416312145769,1.6482785083318665,1.6482785083318665,1.6483416312145769,2.663976854097215,2.6636945496938647,2.6636945496938647,2.663976854097215,1.6898915858754442,1.6897817334487153,1.6897817334487153,1.6898915858754442,0.4397333790407443,0.4397444422569984,0.4397444422569984,0.4397333790407443,20.035722186154395
400.0,29.187,88.491,3.892,4.917,1.647813787485188,1.6477495704199203,1.6477495704199203,1.647813787485188,2.6659420902400988,2.6656529875315407,2.6656529875315407,2.6659420902400988,1.6924231672780634,1.6923137676402864,1.6923137676402864,1.6924231672780634,0.4401911217356585,0.4402001332498582,0.4402001332498582,0.4401911217356585,20.048814767663952
400.0,29.241,18.001,6.144,2.934,1.649454609150507,1.649390964197476,1.649390964197476,1.6494546091506712,2.6600463409706974,2.6597598480360647,2.6597598480360647,2.660046316652108,1.6841899174069386,1.6840643060653473,1.6840643060653473,1.6841899174069386,0.4388095949052259,0.4388481471889941,0.4388481471889941,0.4388095949052259,20.002903663503805
400.0,29.522,23.424,3.899,3.686,1.6492497413762222,1.6491846732911248,1.6491846732911248,1.6492497413762222,2.6608410788998347,2.660545945564403,2.660545945564403,2.6608410788998347,1.6848789433572402,1.6847613955318064,1.6847613955318064,1.6848789433572402,0.4390023900599308,0.4390281126813448,0.4390281126813448,0.4390023900599308,20.006425722715804
400.0,29.586,78.038,4.996,3.449,1.647949077222484,1.6478847090062922,1.6478847090062922,1.647949077222484,2.6655330618509683,2.665243611125225,2.665243611125225,2.6655330618509683,1.6914217625971104,1.691312123693636,1.691312123693636,1.6914217625971104,0.4400999506211611,0.4401097364600691,0.4401097364600691,0.4400999506211611,20.041991260669896
400.0,29.739,82.289,6.156,4.247,1.647807829054318,1.647743645612442,1.647743645612442,1.647807829054318,2.666078360838682,2.6657895290360454,2.6657895290360454,2.666078360838682,1.6920246305692863,1.6919149137247158,1.6919149137247158,1.6920246305692863,0.4402279012947372,0.4402375953638206,0.4402375953638206,0.4402279012947372,20.044756880417207
400.0,29.79,33.03,4.147,6.257,1.6489487663579427,1.648884944694355,1.648884944694518,1.6489487663579427,2.6619657402466483,2.6616787861141247,2.6616788091831918,2.6619657402466483,1.686184406889088,1.6860711314676051,1.6860711314676051,1.686184406889088,0.4392707647739119,0.4392892110828882,0.4392892110828882,0.4392707647739119,20.012671333234724
400.0,29.816,70.272,4.05,5.486,1.6480670712137775,1.6480037451159797,1.6480037451159797,1.6480670712137775,2.6651473296146655,2.664863879467104,2.664863879467104,2.6651473296146655,1.6906374524850647,1.6905274275691502,1.6905274275691502,1.6906374524850647,0.4400130370505006,0.4400239582047239,0.4400239582047239,0.4400130370505006,20.036924668925863
400.0,29.959,65.77,3.382,3.393,1.6481334894108777,1.6480702417860689,1.6480702417860689,1.6481334894108777,2.6649355156761194,2.664652589302588,2.664652589302588,2.6649355156761194,1.6901882129131054,1.6900779603553475,1.6900779603553475,1.6901882129131054,0.4399651314895368,0.4399766748780686,0.4399766748780686,0.4399651314895368,20.03398782327454
400.0,30.038,29.11,4.81,4.459,1.6489725484256268,1.6489092037258055,1.6489092037258055,1.6489725484256268,2.661929708888071,2.6616456492794183,2.6616456492794183,2.661929708888071,1.685871526601538,1.6857564011011903,1.6857564011011903,1.685871526601538,0.4392636807309103,0.4392852249808393,0.4392852249808393,0.4392636807309103,20.01011265508584
400.0,30.084,14.249,3.249,6.428,1.6493102464075018,1.6492473212995773,1.6492473212995773,1.6493102464075018,2.6607317756791304,2.66045054485536,2.66045054485536,2.6607317756791304,1.684441777975241,1.6843089143798515,1.6843089143798515,1.684441777975241,0.4389724476324382,0.4390219300497612,0.4390219300497612,0.4389724476324382,20.00043768730934
400.0,30.108,90.34,4.408,3.184,1.6475195303215613,1.647455367023014,1.647455367023014,1.6475195303215613,2.6672075984080155,2.666919416372251,2.666919416372251,2.6672075984080155,1.693216082316832,1.6931061396054266,1.6931061396054266,1.693216082316832,0.4404932545080135,0.4405026318350908,0.4405026318350908,0.4404932545080135,20.049992650427253
400.0,30.141,75.868,4.046,5.281,1.647848052193565,1.6477836681159126,1.6477836681159126,1.647848052193565,2.6660158766044377,2.6657260133529777,2.6657260133529777,2.6660158766044377,1.691506591564648,1.6913968660252787,1.6913968660252787,1.691506591564648,0.4402172408029874,0.4402271752831847,0.4402271752831847,0.4402172408029874,20.040561281655243
400.0,30.304,18.561,4.041,3.72,1.6491480781414043,1.649084451848832,1.649084451848832,1.6491480781414043,2.6613586137538,2.6610728691530805,2.6610728691530805,2.6613586137538,1.6848847533455114,1.6847597669556784,1.6847597669556784,1.6848847533455114,0.4391258446372431,0.4391629401805659,0.4391629401805659,0.4391258446372431,20.00323800893953
400.0,30.323,61.905,2.737,2.922,1.648124819247538,1.648060596002264,1.648060596002264,1.648124819247538,2.665047222921865,2.6647582837610746,2.6647582837610746,2.665047222921865,1.6899520771106684,1.68984190666375,1.68984190666375,1.6899520771106684,0.4399939665447925,0.440005499168837,0.440005499168837,0.4399939665447925,20.031459578648864
400.0,30.342,23.963,3.602,5.302,1.6490102984665027,1.6489467733221157,1.6489467733221157,1.6490102984665027,2.661858431463722,2.6615736196303166,2.6615736196303166,2.661858431463722,1.6854472251908523,1.6853290766285556,1.6853290766285556,1.6854472251908523,0.4392476978595339,0.4392740198909133,0.4392740198909133,0.4392476978595339,20.00675296295866
400.0,30.397,13.06,4.17,6.153,1.649251590763144,1.6491895565876242,1.6491895565876242,1.649251590763144,2.6610006842642,2.6607253871605483,2.6607253871605483,2.6610006842642,1.684553753901894,1.6844100622544524,1.6844100622544524,1.684553753901894,0.4390302524517315,0.4390967500090345,0.4390967500090345,0.4390302524517315,19.99965515057825
400.0,30.511,14.384,4.45,4.452,1.6491908499697756,1.6491250382901916,1.6491250382901916,1.6491908499697756,2.6612600678128446,2.6609609312108127,2.6609609312108127,2.6612600678128446,1.6847153211167107,1.684580252768802,1.684580252768802,1.6847153211167107,0.4390956953475153,0.4391483924463978,0.4391483924463978,0.4390956953475153,20.000513513729416
400.0,30.521,35.779,5.469,5.129,1.6486827475395591,1.6486195826620509,1.6486195826620509,1.6486827475395591,2.663068115486312,2.662785263806866,2.662785263806866,2.663068115486312,1.6869610255657896,1.6868485367747692,1.6868485367747692,1.6869610255657896,0.4395351481082114,0.4395520606776023,0.4395520606776023,0.4395351481082114,20.014439927845576
400.0,30.615,12.399,3.756,2.973,1.6492071246004754,1.6491449077129956,1.6491449077129956,1.6492071246004754,2.6612053648476754,2.660929026990016,2.660929026990016,2.6612053648476754,1.6846427678444178,1.6844942680902777,1.6844942680902777,1.6846427678444178,0.4390761038094094,0.4391500650706728,0.4391500650706728,0.4390761038094094,19.9992186188626
400.0,30.794,10.323,6.24,6.094,1.6492086581123673,1.6491428330474405,1.6491428330474405,1.6492086581123673,2.661255254563604,2.6609562278703014,2.6609562278703014,2.661255254563604,1.6846129197441844,1.6844445327141502,1.6844445327141502,1.6846129197441844,0.4390712420521983,0.4391763853766532,0.4391763853766532,0.4390712420521983,19.997862740188864
400.0,30.882,27.944,5.43,3.861,1.6487677052037044,1.6487044674895373,1.6487044674895373,1.6487677052037044,2.6628381930369107,2.66255483629286,2.66255483629286,2.6628381930369107,1.6862522510199065,1.686136347706539,1.686136347706539,1.6862522510199065,0.4394825606665864,0.4395050810839499,0.4395050810839499,0.4394825606665864,20.009328944394028
400.0,30.968,53.233,3.763,4.901,1.6481505880038323,1.6480874156962764,1.6480874156962764,1.6481505880038323,2.665082077077909,2.664799800842798,2.664799800842798,2.665082077077909,1.689316815013581,1.6892055999003568,1.6892055999003568,1.689316815013581,0.4400082764902123,0.4400218468021804,0.4400218468021804,0.4400082764902123,20.025792713523057
400.0,30.994,59.669,3.185,4.474,1.647993352357909,1.6479294984325843,1.6479294984325843,1.647993352357909,2.6656616167581872,2.665375194644028,2.665375194644028,2.6656616167581872,1.6901001680793233,1.689989914343198,1.689989914343198,1.6901001680793233,0.4401433168253923,0.4401548724996871,0.4401548724996871,0.4401433168253923,20.029983528811336
400.0,31.114,66.999,3.69,3.906,1.647789331695,1.647724971700984,1.647724971700984,1.647789331695,2.6664316894935243,2.6661426747897874,2.6661426747897874,2.6664316894935243,1.6910502779794792,1.6909402275573606,1.6909402275573606,1.6910502779794792,0.4403230250753437,0.4403336310067649,0.4403336310067649,0.4403230250753437,20.03475510925934
400.0,31.167,81.691,5.933,6.236,1.6474321747462572,1.647368079048261,1.647368079048261,1.6474321747462572,2.6677467962794488,2.66745910493779,2.66745910493779,2.6677467962794488,1.6928391861725882,1.6927295086068097,1.6927295086068097,1.6928391861725882,0.4406288335148974,0.4406379869186255,0.4406379869186255,0.4406288335148974,20.044325331204178
400.0,31.2,79.779,5.919,2.576,1.6474679303773,1.6474035629195445,1.6474035629195445,1.6474679303773,2.667623607183422,2.6673339539036744,2.6673339539036744,2.667623607183422,1.69263066072533,1.692520899593228,1.692520899593228,1.69263066072533,0.4406003032298829,0.4406097366826716,0.4406097366826716,0.4406003032298829,20.043078669791853
400.0,31.298,22.014,4.441,5.572,1.6487931057533831,1.6487294001745667,1.6487294001745667,1.6487931057533831,2.6628350082946244,2.662549423981885,2.662549423981885,2.6628350082946244,1.6858044389398197,1.6856831402576833,1.6856831402576833,1.6858044389398197,0.4394814943860712,0.4395125003236279,0.4395125003236279,0.4394814943860712,20.00545720303095
400.0,31.422,51.206,3.142,3.305,1.6480743080848312,1.648010243935789,1.648010243935789,1.6480743080848312,2.6654572098913145,2.6651694571787687,2.6651694571787687,2.6654572098913145,1.6893551919624543,1.689243963269751,1.689243963269751,1.6893551919624543,0.4400991253226024,0.4401126402421899,0.4401126402421899,0.4400991253226024,20.02445921384385
400.0,31.493,51.008,5.615,4.258,1.648058837524753,1.6479958519762723,1.6479958519762723,1.648058837524753,2.665522866745489,2.665242123874068,2.665242123874068,2.665522866745489,1.6893759422914196,1.6892644388531075,1.6892644388531075,1.6893759422914196,0.4401156384446533,0.4401295652107395,0.4401295652107395,0.4401156384446533,20.024328212591858
400.0,31.523,24.028,5.104,5.75,1.6486834762823546,1.648620501128118,1.648620501128118,1.6486834762823546,2.6632718525938563,2.6629908162041107,2.6629908162041107,2.6632718525938563,1.6861814355796323,1.6860629113482803,1.6860629113482803,1.6861814355796323,0.4395878786361262,0.4396143637687955,0.4396143637687955,0.4395878786361262,20.006761331285247
400.0,31.573,83.197,5.506,3.172,1.6472870238503146,1.6472221711753472,1.6472221711753472,1.6472870238503146,2.668367400193774,2.668075518445041,2.668075518445041,2.668367400193774,1.693271577456424,1.693161699688036,1.693161699688036,1.693271577456424,0.4407759775931665,0.4407850833131586,0.4407850833131586,0.4407759775931665,20.04529547948016
400.0,31.7,27.246,3.485,5.391,1.6485594601793792,1.6484959625434763,1.6484959625434763,1.6485594601793792,2.663757588613178,2.6634729796616297,2.6634729796616297,2.663757588613178,1.6866728127391797,1.6865563812348945,1.6865563812348945,1.6866728127391797,0.4397035689214138,0.4397266592156525,0.4397266592156525,0.4397035689214138,20.008851161241868
400.0,31.747,52.402,6.279,3.107,1.6479573481376582,1.6478929127205164,1.6478929127205164,1.6479573481376582,2.6659512681682287,2.665661342663032,2.665661342663032,2.6659512681682287,1.6896993723712876,1.6895881810912032,1.6895881810912032,1.6896993723712876,0.4402166971095313,0.4402299652194252,0.4402299652194252,0.4402166971095313,20.02522901658942
400.0,31.797,30.998,5.426,4.26,1.6484449436809154,1.648380786432014,1.648380786432014,1.6484449436809154,2.664193558120626,2.6639053093970357,2.6639053093970357,2.664193558120626,1.6871790520636758,1.6870642329607604,1.6870642329607604,1.6871790520636758,0.43980664234479,0.4398269008793848,0.4398269008793848,0.43980664234479,20.011290546946945
400.0,31.854,73.227,5.091,5.986,1.6474419161360263,1.6473781493786956,1.6473781493786956,1.6474419161360263,2.667851624280732,2.6675662156257007,2.6675662156257007,2.667851624280732,1.6922535271329684,1.6921428415480753,1.6921428415480753,1.6922535271329684,0.440659307845561,0.4406703275738442,0.4406703275738442,0.440659307845561,20.038790881019345
400.0,31.882,38.776,4.484,3.464,1.6482394559189648,1.6481753311038398,1.6481753311038398,1.6482394559189648,2.664954072968845,2.66466612008299,2.66466612008299,2.664954072968845,1.6881572725651788,1.6880444038702542,1.6880444038702542,1.6881572725651788,0.4399855295006962,0.4400022484605993,0.4400022484605993,0.4399855295006962,20.01635188861704
400.0,31.955,44.684,2.677,3.978,1.6480811322234912,1.64801635113264,1.64801635113264,1.6480811322234912,2.665546215036135,2.6652543010268475,2.6652543010268475,2.665546215036135,1.6889068516298509,1.6887955948627285,1.6887955948627285,1.6889068516298509,0.4401245134208653,0.4401382423574672,0.4401382423574672,0.4401245134208653,20.020196911239008
400.0,32.011,56.068,3.923,5.244,1.647799559213474,1.647735348751496,1.647735348751496,1.647799559213474,2.6665785369317523,2.666290343596698,2.666290343596698,2.6665785369317523,1.6902996960948096,1.6901887773181807,1.6901887773181807,1.6902996960948096,0.4403652397496106,0.4403776633768762,0.4403776633768762,0.4403652397496106,20.02760865700871
400.0,32.072,49.003,3.288,4.562,1.64794824229265,1.6478835153697682,1.6478835153697682,1.64794824229265,2.6660526043375623,2.665760897844152,2.665760897844152,2.6660526043375623,1.6894938512550173,1.6893829904487925,1.6893829904487925,1.6894938512550173,0.4402434497774517,0.4402562671701222,0.4402562671701222,0.4402434497774517,20.023005938260507
400.0,32.086,64.606,3.171,3.643,1.647579884391407,1.6475155117662297,1.6475155117662297,1.647579884391407,2.6673973151003323,2.6671081094096984,2.6671081094096984,2.6673973151003323,1.6913663354584592,1.6912557277076028,1.6912557277076028,1.6913663354584592,0.4405558977690405,0.4405672626842335,0.4405672626842335,0.4405558977690405,20.033167754482413
400.0,32.135,66.329,2.875,5.821,1.647525747159066,1.6474622027437678,1.6474622027437678,1.647525747159066,2.6676015272959632,2.6673175799414053,2.6673175799414053,2.6676015272959632,1.6916031058037166,1.6914924957339963,1.6914924957339963,1.6916031058037166,0.4406043125559041,0.4406155813953946,0.4406155813953946,0.4406043125559041,20.03428862226334
400.0,32.271,34.088,5.036,5.389,1.6482424919900152,1.6481785571051806,1.6481785571051806,1.6482424919900152,2.6650223099817087,2.6647353854217375,2.6647353854217375,2.6650223099817087,1.6878390456936068,1.6877246798335872,1.6877246798335872,1.6878390456936068,0.4400041277021684,0.4400233468718011,0.4400233468718011,0.4400041277021684,20.0132884444563
400.0,32.286,50.118,6.059,4.36,1.6478632148154178,1.647799179723712,1.647799179723712,1.6478632148154178,2.6664026548782847,2.666115429500433,2.666115429500433,2.6664026548782847,1.6897596339029164,1.6896483123523012,1.6896483123523012,1.6897596339029164,0.440326882909988,0.4403403357857172,0.4403403357857172,0.440326882909988,20.02372568314113
400.0,32.388,59.642,5.791,5.44,1.6476128376428458,1.647548801938452,1.647548801938452,1.6476128376428458,2.6673377592196617,2.6670504189483744,2.6670504189483744,2.6673377592196617,1.6909605138954216,1.6908498869580642,1.6908498869580642,1.6909605138954216,0.4405452300169577,0.4405568916498218,0.4405568916498218,0.4405452300169577,20.029925515118112
400.0,32.459,52.864,5.413,6.361,1.6477517079197308,1.647687744804389,1.647687744804389,1.6477517079197308,2.666844418511744,2.666557540649824,2.666557540649824,2.666844418511744,1.6901946611523329,1.6900832160028352,1.6900832160028352,1.6901946611523329,0.4404309351229524,0.4404443647962502,0.4404443647962502,0.4404309351229524,20.025509052174776
400.0,32.556,24.688,4.85,5.275,1.6483857410107643,1.6483198164133286,1.6483198164133286,1.6483857410107643,2.664573008679352,2.6642738469823266,2.6642738469823266,2.664573008679352,1.6868951323882753,1.686778249859515,1.686778249859515,1.6868951323882753,0.4398993175296918,0.4399227917911324,0.4399227917911324,0.4398993175296918,20.007160958475552
400.0,32.74,61.906,2.959,3.239,1.6474641514947228,1.6473998141960793,1.6473998141960793,1.6474641514947228,2.6679557807620253,2.6676668226232323,2.6676668226232323,2.6679557807620253,1.6914492739499898,1.6913383998433202,1.6913383998433202,1.6914492739499898,0.4406915311972644,0.4407032916981219,0.4407032916981219,0.4406915311972644,20.03138947776214
400.0,33.187,21.721,5.246,4.762,1.6482810627971043,1.648217198495362,1.648217198495362,1.6482810627971043,2.665070982291004,2.6647849005172843,2.6647849005172843,2.665070982291004,1.6869317250639717,1.6868110230715636,1.6868110230715636,1.6869317250639717,0.4400196639926527,0.4400490002380078,0.4400490002380078,0.4400196639926527,20.00521140832456
400.0,33.203,78.673,4.893,3.922,1.646948111989246,1.6468840500745965,1.6468840500745965,1.646948111989246,2.669948329782649,2.6696615686652474,2.6696615686652474,2.669948329782649,1.6937433412524467,1.69363251410776,1.69363251410776,1.6937433412524467,0.4411578229530959,0.4411682079825534,0.4411682079825534,0.4411578229530959,20.042299032766483
400.0,33.209,96.94,6.424,6.383,1.6465240938096464,1.6464589650960868,1.6464589650960868,1.6465240938096464,2.6715261059330206,2.67123320506477,2.67123320506477,2.6715261059330206,1.6959367393043137,1.695826149193386,1.695826149193386,1.6959367393043137,0.4415223860951866,0.4415311929764267,0.4415311929764267,0.4415223860951866,20.05420298948593
400.0,33.278,27.028,2.701,3.147,1.6481315728415893,1.6480675312701407,1.6480675312701407,1.6481315728415893,2.6656319915637288,2.6653445766862567,2.6653445766862567,2.6656319915637288,1.687619487518932,1.687502855188448,1.687502855188448,1.687619487518932,0.4401536661421259,0.4401764666882871,0.4401764666882871,0.4401536661421259,20.00866341939064
400.0,33.424,56.445,3.088,5.256,1.6474046851171549,1.647340376150992,1.647340376150992,1.6474046851171549,2.6683147354157883,2.668026388449436,2.668026388449436,2.6683147354157883,1.6912204444636425,1.6911093061220053,1.6911093061220053,1.6912204444636425,0.4407812332521175,0.4407935258778471,0.4407935258778471,0.4407812332521175,20.02781251431916
400.0,33.459,35.545,5.795,5.62,1.6478836751218937,1.6478180091904475,1.6478180091904475,1.6478836751218937,2.6665778914449447,2.666280747310702,2.666280747310702,2.6665778914449447,1.6887452249413804,1.6886327351996755,1.6886327351996755,1.6887452249413804,0.4403769525954487,0.4403926609399367,0.4403926609399367,0.4403769525954487,20.01420269150285
400.0,33.463,84.317,5.009,6.488,1.6467468214289225,1.6466824008830552,1.6466824008830552,1.6467468214289225,2.6707486544521903,2.6704600396333102,2.6704600396333102,2.6707486544521903,1.69458157086992,1.6944706255608106,1.6944706255608106,1.69458157086992,0.4413452500130746,0.441355343300762,0.441355343300762,0.4413452500130746,20.04596892282125
400.0,33.599,21.473,5.968,3.913,1.648173810856847,1.6481099617256958,1.6481099617256958,1.648173810856847,2.6655442967209413,2.6652584042763285,2.6652584042763285,2.6655442967209413,1.6871563107553549,1.6870351674879935,1.6870351674879935,1.6871563107553549,0.4401332065119587,0.440163076204622,0.440163076204622,0.4401332065119587,20.005038697624293
400.0,33.611,88.645,6.336,4.507,1.6466064998565255,1.6465417439797807,1.6465417439797807,1.6466064998565255,2.671301453047041,2.6710106212525884,2.6710106212525884,2.671301453047041,1.6951928102567215,1.6950822130203491,1.6950822130203491,1.6951928102567215,0.4414745979755868,0.4414838207432638,0.4414838207432638,0.4414745979755868,20.04878540857506
400.0,33.656,33.644,5.315,6.407,1.6478731656790764,1.6478094283854596,1.6478094283854596,1.6478731656790764,2.6666473052667325,2.6663627019903973,2.6663627019903973,2.6666473052667325,1.6886412879308776,1.6885265463153132,1.6885265463153132,1.6886412879308776,0.440394659165183,0.4404139369134634,0.4404139369134634,0.440394659165183,20.012959449946408
400.0,33.663,70.689,5.093,5.057,1.6470080343577955,1.6469442364649611,1.6469442364649611,1.6470080343577955,2.6698205528319154,2.6695358884274767,2.6695358884274767,2.6698205528319154,1.6930735338958405,1.692962201828706,1.692962201828706,1.6930735338958405,0.4411326159185343,0.4411440906529146,0.4411440906529146,0.4411326159185343,20.037083841894564
400.0,33.753,28.58,2.525,5.314,1.6479654948123328,1.6479009391076482,1.6479009391076482,1.6479654948123328,2.666335546024023,2.6660451454321654,2.6660451454321654,2.666335546024023,1.6880972406427497,1.6879808937092493,1.6879808937092493,1.6880972406427497,0.4403213488584008,0.4403435001198129,0.4403435001198129,0.4403213488584008,20.00965968925654
400.0,33.827,15.653,6.277,6.283,1.6482478937696572,1.6481835693993987,1.6481835693993987,1.6482478937696572,2.66532539024895,2.665036530000209,2.665036530000209,2.66532539024895,1.6868515059731006,1.6867181350249951,1.6867181350249951,1.6868515059731006,0.4400750231003265,0.4401238758096103,0.4401238758096103,0.4400750231003265,20.00124380192784
400.0,33.933,99.491,2.525,5.561,1.6462685489044684,1.6462041968013097,1.6462041968013097,1.6462685489044684,2.6726238708785712,2.6723363361413663,2.6723363361413663,2.6726238708785712,1.696695321529434,1.6965841919415028,1.6965841919415028,1.696695321529434,0.4417834656661328,0.4417926557404433,0.4417926557404433,0.4417834656661328,20.055844358986565
400.0,34.043,43.861,2.558,5.415,1.6475290928877968,1.6474642727694258,1.6474642727694258,1.6475290928877968,2.667988728243329,2.6676968541290567,2.6676968541290567,2.667988728243329,1.690099724736418,1.6899881841870863,1.6899881841870863,1.690099724736418,0.4407110440783743,0.4407245652925515,0.4407245652925515,0.4407110440783743,20.01959952758335
400.0,34.132,76.863,2.743,6.109,1.6467379803728073,1.6466733298866223,1.6466733298866223,1.6467379803728073,2.670920007992128,2.6706303358028056,2.6706303358028056,2.670920007992128,1.6941041949515754,1.6939931983397976,1.6939931983397976,1.6941041949515754,0.4413913274354276,0.4414016646051451,0.4414016646051451,0.4413913274354276,20.04109237635877
400.0,34.189,76.84,3.422,2.733,1.64672252072575,1.6466586224119133,1.6466586224119133,1.6467225207255145,2.6709852006206214,2.670699984395001,2.670699984395001,2.6709851760030983,1.694137324818284,1.6940259555493864,1.6940259555493864,1.694137324818284,0.4414071897353273,0.4414181434116145,0.4414181434116145,0.4414071897353273,20.04107603885681
400.0,34.209,17.755,4.312,4.179,1.6480941498945094,1.648028926464577,1.648028926464577,1.6480941498945094,2.66596531061024,2.665671034780848,2.665671034780848,2.66596531061024,1.6872374915082622,1.6871095501074933,1.6871095501074933,1.6872374915082622,0.4402307873020652,0.4402709903297379,0.4402709903297379,0.4402307873020652,20.002600671366125
400.0,34.224,68.531,5.108,3.705,1.6469055409097748,1.646841822724196,1.646841822724196,1.6469055409097264,2.6703139813326846,2.67002977166448,2.67002977166448,2.670313981332316,1.693163330603361,1.6930520971442802,1.6930520971442802,1.693163330603361,0.4412524329545992,0.4412637225537606,0.4412637225537606,0.4412524329545992,20.035661784135435
400.0,34.281,86.736,3.39,6.029,1.6464688803429874,1.646404133749256,1.646404133749256,1.6464688803429874,2.6719511579453488,2.6716609298649243,2.6716609298649243,2.6719511579453488,1.6953816894084683,1.6952706612150945,1.6952706612150945,1.6953816894084683,0.4416311253613016,0.4416408891404119,0.4416408891404119,0.4416311253613016,20.04752149727528
400.0,34.29,47.205,3.489,5.055,1.6473834942861665,1.6473192117067914,1.6473192117067914,1.6473834942861665,2.668569950498744,2.6682818928223355,2.6682818928223355,2.668569950498744,1.6906527280676005,1.69054011876376,1.69054011876376,1.6906527280676005,0.4408477355007904,0.4408626209720762,0.4408626209720762,0.4408477355007904,20.021769674749343
400.0,34.336,74.729,4.001,4.099,1.6467318271260285,1.6466670821966432,1.6466670821966432,1.6467318271260285,2.6709857576567755,2.670695298188567,2.670695298188567,2.6709857576567755,1.693975790916341,1.69386496010572,1.69386496010572,1.693975790916341,0.4414085566175722,0.4414187260826417,0.4414187260826417,0.4414085566175722,20.039696033003388
400.0,34.44,56.35,6.466,5.035,1.6471299803816422,1.6470653446295485,1.6470653446295485,1.6471299803816422,2.669534925201475,2.6692450886819072,2.6692450886819072,2.669534925201475,1.6918391470067462,1.691727938585096,1.691727938585096,1.6918391470067462,0.4410735969968109,0.4410855380602678,0.4410855380602678,0.4410735969968109,20.027720556470417
400.0,34.607,46.656,5.57,5.141,1.6473093478815062,1.6472456877806063,1.6472456877806063,1.6473093478815062,2.668904738977917,2.6686204630200763,2.6686204630200763,2.668904738977917,1.6907838197682057,1.6906711146369116,1.6906711146369116,1.6907838197682057,0.4409287080491208,0.4409437471486302,0.4409437471486302,0.4409287080491208,20.021403003282035
400.0,34.65,18.128,4.746,3.262,1.647964861546342,1.647898711844999,1.647898711844999,1.647964861546342,2.6665301742007514,2.666230173232548,2.666230173232548,2.6665301742007514,1.6875363538983863,1.6874106374341065,1.6874106374341065,1.6875363538983863,0.4403671857980486,0.4404037344934436,0.4404037344934436,0.4403671857980486,20.002830609218307
400.0,34.674,59.112,5.044,2.741,1.6470018125381234,1.646937713672458,1.646937713672458,1.6470018125381234,2.6700532702467568,2.6697667343346327,2.6697667343346327,2.6700532702467568,1.692315372467344,1.692203509418065,1.692203509418065,1.692315372467344,0.4411957142584372,0.4412084608010832,0.4412084608010832,0.4411957142584372,20.02951296794788
400.0,34.675,57.219,3.931,3.028,1.647046119372381,1.646981004571713,1.646981004571713,1.647046119372381,2.669894787560533,2.669601663572483,2.669601663572483,2.669894787560533,1.6920886895744678,1.691977504591118,1.691977504591118,1.6920886895744678,0.4411588136720581,0.4411706416248589,0.4411706416248589,0.4411588136720581,20.028280209469862
400.0,34.833,41.636,5.885,4.021,1.647365420978108,1.6473002809859858,1.6473002809859858,1.647365420978108,2.6687526974055835,2.6684591224587484,2.6684591224587484,2.6687526974055835,1.6903229984324195,1.690210736411556,1.690210736411556,1.6903229984324195,0.4408949799745981,0.4409095206546639,0.4409095206546639,0.4408949799745981,20.018127801634623
400.0,34.838,60.359,6.445,5.954,1.6469282835755736,1.646864141760379,1.646864141760379,1.6469282835755736,2.6703582936982815,2.670071523295848,2.670071523295848,2.6703582936982815,1.6925661859412404,1.692454639286718,1.692454639286718,1.6925661859412404,0.4412681594913652,0.4412802565979416,0.4412802565979416,0.4412681594913652,20.03032058433516
400.0,35.006,10.887,3.549,5.415,1.648036656637004,1.6479710161657777,1.6479710161657777,1.648036656637004,2.6663400585186303,2.66604377359364,2.66604377359364,2.6663400585186303,1.6872490716167807,1.6870867080922234,1.6870867080922234,1.6872490716167807,0.4402985542180458,0.4403924506194448,0.4403924506194448,0.4402985542180458,19.998107856940784
400.0,35.066,28.722,5.33,4.758,1.6476026215492392,1.6475377491860443,1.6475377491860443,1.6476026215492392,2.667930272753379,2.6676385244521192,2.6676385244521192,2.667930272753379,1.688925607559111,1.6888095381049717,1.6888095381049717,1.688925607559111,0.4407040249850727,0.4407251057932369,0.4407251057932369,0.4407040249850727,20.009713551885447
400.0,35.095,81.626,5.186,3.458,1.6463661398285403,1.6463018606289337,1.6463018606289337,1.6463661398285403,2.6724985950929168,2.672211417848484,2.672211417848484,2.6724985950929168,1.6952756204276007,1.6951642460525165,1.6951642460525165,1.6952756204276007,0.4417657534134936,0.441776098111754,0.441776098111754,0.4417657534134936,20.04416712453431
400.0,35.099,11.492,4.072,2.773,1.6479976062996538,1.6479305944358629,1.6479305944358629,1.6479976062996538,2.666507865088421,2.666202834868307,2.666202834868307,2.666507865088421,1.6873469281113591,1.6871919596778784,1.6871919596778784,1.6873469281113591,0.4403431994448368,0.4404253521022603,0.4404253521022603,0.4403431994448368,19.99849902295604
400.0,35.17,15.587,2.88,3.532,1.6478814677945215,1.647815963571823,1.647815963571823,1.6478814677945215,2.6669374622526267,2.6666419299835007,2.6666419299835007,2.6669374622526267,1.6876766627293516,1.6875449902620303,1.6875449902620303,1.6876766627293516,0.4404626955205171,0.4405083196691185,0.4405083196691185,0.4404626955205171,20.00116230911424
400.0,35.232,36.716,6.483,5.617,1.6473703560518629,1.6473065427262463,1.6473065427262463,1.6473703560518629,2.6688094817062566,2.668524586448368,2.668524586448368,2.6688094817062566,1.6899826499771042,1.6898685343054105,1.6898685343054105,1.6899826499771042,0.4409116094426052,0.440929234658036,0.440929234658036,0.4409116094426052,20.01491289445767
400.0,35.235,33.642,3.219,5.962,1.6474413247986717,1.6473773821356488,1.6473773821356488,1.6474413247986717,2.668550510372912,2.668264794305345,2.668264794305345,2.668550510372912,1.6896172395620186,1.6895023458166387,1.6895023458166387,1.6896172395620186,0.4408509569845363,0.4408699529413348,0.4408699529413348,0.4408509569845363,20.01291169344216
400.0,35.383,36.197,5.582,3.752,1.647341596793941,1.6472769300060282,1.6472769300060282,1.647341596793941,2.668950495851776,2.668660203843548,2.668660203843548,2.668950495851776,1.6900139769740008,1.6899002651778092,1.6899002651778092,1.6900139769740008,0.44094546688297,0.4409623710093155,0.4409623710093155,0.44094546688297,20.014570387818992
400.0,35.408,61.361,6.119,2.654,1.6467501772439486,1.6466852670379275,1.6466852670379275,1.6467501772439486,2.671138444933038,2.670846943742041,2.670846943742041,2.671138444933038,1.6930404523245273,1.6929293500719422,1.6929293500719422,1.6930404523245273,0.441454055979491,0.4414651819417478,0.4414651819417478,0.441454055979491,20.03095594677756
400.0,35.451,98.5,3.861,3.824,1.6458809608349647,1.6458158301292822,1.6458158301292822,1.6458809608349647,2.6743918141420333,2.6740996431805883,2.6740996431805883,2.6743918141420333,1.697525206398316,1.6974139321859372,1.6974139321859372,1.697525206398316,0.4422061151536261,0.4422150825603748,0.4422150825603748,0.4422061151536261,20.055152820204864
400.0,35.505,21.104,3.792,4.136,1.6476603687782083,1.6475954580348526,1.6475954580348526,1.6476603687782083,2.667809236117197,2.667517343064568,2.667517343064568,2.667809236117197,1.6882895948341914,1.6881664681244004,1.6881664681244004,1.6882895948341914,0.4406748896096861,0.4407071158405006,0.4407071158405006,0.4406748896096861,20.004742877619087
400.0,35.569,87.846,2.88,6.372,1.6460944768046872,1.6460293990317023,1.6460293990317023,1.6460944768046872,2.6736145835004628,2.6733229948892534,2.6733229948892534,2.6736145835004628,1.6963182483674044,1.696207170093087,1.696207170093087,1.6963182483674044,0.4420280569284849,0.4420372486999225,0.4420372486999225,0.4420280569284849,20.048206188488894
400.0,35.724,15.117,3.177,4.503,1.647741743164114,1.6476742600486325,1.6476742600486325,1.647741743164114,2.667570072394958,2.667262605734064,2.667262605734064,2.667570072394958,1.6879884772871088,1.6878503620945235,1.6878503620945235,1.6879884772871088,0.4406083245276779,0.44066390270169,0.44066390270169,0.4406083245276779,20.000840261326264
400.0,35.728,62.181,4.805,5.133,1.646644510000159,1.646579212581187,1.646579212581187,1.646644510000159,2.671598061298988,2.6713042155996325,2.6713042155996325,2.671598061298988,1.693337543619915,1.693226176670958,1.693226176670958,1.693337543619915,0.4415629981862462,0.4415743756574324,0.4415743756574324,0.4415629981862462,20.03148033652759
400.0,35.802,16.956,4.7,4.115,1.64767663666011,1.6476103182391135,1.6476103182391135,1.64767663666011,2.6678183652918137,2.6675178919153586,2.6675178919153586,2.6678183652918137,1.6881669070830505,1.6880366686154162,1.6880366686154162,1.6881669070830505,0.4406735524350124,0.4407167247209191,0.4407167247209191,0.4406735524350124,20.002034573138666
400.0,35.841,40.497,2.956,4.624,1.6471165507001138,1.6470519799676853,1.6470519799676853,1.6471165507001138,2.6698716641735687,2.6695822972131613,2.6695822972131613,2.6698716641735687,1.6908117972499923,1.690698267020473,1.690698267020473,1.6908117972499923,0.4411634849790558,0.4411796475219464,0.4411796475219464,0.4411634849790558,20.017356538113408
400.0,35.957,73.25,3.467,2.67,1.646326114747224,1.6462612085987487,1.6462612085987487,1.646326114747224,2.6728277030121537,2.6725366796424823,2.6725366796424823,2.6728277030121537,1.694807736247689,1.6946962672018422,1.6946962672018422,1.694807736247689,0.4418497631324417,0.4418604958969669,0.4418604958969669,0.4418497631324417,20.03868448806525
400.0,36.318,35.987,3.31,5.75,1.6470913229652488,1.647026299374408,1.647026299374408,1.6470913229652488,2.670064567614584,2.6697725357657816,2.6697725357657816,2.670064567614584,1.6905686330334808,1.6904540328691846,1.6904540328691846,1.6905686330334808,0.4412116696836729,0.4412296379275462,0.4412296379275462,0.4412116696836729,20.014406341632277
400.0,36.379,68.138,4.545,5.458,1.6463296168323078,1.6462645716456945,1.6462645716456945,1.6463296168323078,2.672901905127464,2.6726104967693507,2.6726104967693507,2.672901905127464,1.6944577917882568,1.6943460274064934,1.6943460274064934,1.6944577917882568,0.4418708230855685,0.4418821272540385,0.4418821272540385,0.4418708230855685,20.035341317104344
400.0,36.666,66.094,3.415,4.169,1.6462988879087093,1.6462339901795664,1.6462339901795664,1.6462988879087093,2.673074580725743,2.672783605586079,2.672783605586079,2.673074580725743,1.694390967023528,1.6942796279739536,1.6942796279739536,1.694390967023528,0.4419139098444308,0.4419246195250737,0.4419246195250737,0.4419139098444308,20.0340015572705
400.0,36.729,39.198,4.016,2.559,1.6469043449947234,1.6468401719180707,1.6468401719180707,1.6469043449947234,2.6708348399446717,2.670548301117984,2.670548301117984,2.6708348399446717,1.6912075757081575,1.6910929593986197,1.6910929593986197,1.6912075757081575,0.4413945571113065,0.4414122196859815,0.4414122196859815,0.4413945571113065,20.01648443500624
400.0,36.873,31.695,5.319,4.052,1.6470392610810558,1.6469752438798186,1.6469752438798186,1.6470392610810558,2.670365149348965,2.6700792074754696,2.6700792074754696,2.670365149348965,1.690399442723194,1.6902831736271375,1.6902831736271375,1.690399442723194,0.4412860741301027,0.4413067406531636,0.4413067406531636,0.4412860741301027,20.01159571846521
400.0,36.895,44.19,3.184,3.57,1.6467438597759088,1.6466786820620014,1.6466786820620014,1.6467438597759088,2.6714681042511903,2.671175696976344,2.671175696976344,2.6714681042511903,1.6919075904094851,1.6917948357780537,1.6917948357780537,1.6919075904094851,0.4415434716467855,0.4415577494418654,0.4415577494418654,0.4415434716467855,20.019729974057228
400.0,36.923,32.344,4.585,3.206,1.6470110064460302,1.646946168438701,1.646946168438701,1.6470110064460302,2.670483792001592,2.6701930252233668,2.6701930252233668,2.670483792001592,1.6905074621902174,1.690392469511396,1.690392469511396,1.6905074621902174,0.4413144867260103,0.4413330093044331,0.4413330093044331,0.4413144867260103,20.012017172525447
400.0,37.055,78.798,6.489,2.935,1.6459003163053618,1.645835659695292,1.645835659695292,1.6459003163053618,2.6746457563810804,2.674357189262602,2.674357189262602,2.6746457563810804,1.696159851372525,1.6960479570116418,1.6960479570116418,1.696159851372525,0.4422804717723222,0.4422910237131409,0.4422910237131409,0.4422804717723222,20.04226616161251
400.0,37.314,66.039,2.886,5.679,1.646124674857616,1.6460589746690857,1.6460589746690857,1.646124674857616,2.6738621756850134,2.6735665038341923,2.6735665038341923,2.6738621756850134,1.6947885085247083,1.694676937249172,1.694676937249172,1.6947885085247083,0.4421015383597937,0.4421123510705309,0.4421123510705309,0.4421015383597937,20.033946409153053
400.0,37.336,74.815,5.657,4.727,1.645916100396602,1.6458511981289925,1.6458511981289925,1.645916100396602,2.6746453526490965,2.674354781006755,2.674354781006755,2.6746453526490965,1.6958564116626105,1.6957448531852222,1.6957448531852222,1.6958564116626105,0.4422831614870422,0.4422933875870688,0.4422933875870688,0.4422831614870422,20.039662565254524
400.0,37.448,85.049,5.844,4.245,1.645650480292851,1.6455854578418798,1.6455854578418798,1.645650480292851,2.6756679458217523,2.6753769907356624,2.6753769907356624,2.6756679458217523,1.6971566956385364,1.6970448592166545,1.6970448592166545,1.6971566956385364,0.4425200309811269,0.4425299815384734,0.4425299815384734,0.4425200309811269,20.046327045509813
400.0,37.514,97.669,3.899,4.602,1.6453434846188353,1.6452779914129494,1.6452779914129494,1.6453434846188353,2.676844368127659,2.6765512238354385,2.6765512238354385,2.676844368127659,1.6987166795258617,1.6986048531069382,1.6986048531069382,1.6987166795258617,0.442791797920827,0.442800807790266,0.442800807790266,0.442791797920827,20.054549913164024
400.0,37.737,41.917,3.021,6.449,1.6465670253681317,1.646502225686301,1.646502225686301,1.6465670253681317,2.672294591529668,2.672004756103186,2.672004756103186,2.672294591529668,1.6921589057154294,1.692045151962675,1.692045151962675,1.6921589057154294,0.4417423682809419,0.4417580493893306,0.4417580493893306,0.4417423682809419,20.01822510422058
400.0,37.739,64.077,3.847,6.003,1.646054730705068,1.6459893336839737,1.6459893336839737,1.646054730705068,2.674209833381048,2.6739166296265453,2.6739166296265453,2.674209833381048,1.6948180014087484,1.6947058355799314,1.6947058355799314,1.6948180014087484,0.4421857954326509,0.4421974992315539,0.4421974992315539,0.4421857954326509,20.03265596124067
400.0,37.797,23.59,5.248,3.719,1.646975638361382,1.6469115265020484,1.6469115265020484,1.646975638361382,2.6707891327206426,2.670503689447315,2.670503689447315,2.6707891327206426,1.6900038273417606,1.6898827360553492,1.6898827360553492,1.6900038273417606,0.4413896865605346,0.4414177797302285,0.4414177797302285,0.4413896865605346,20.00629331674567
400.0,37.918,22.625,5.881,3.017,1.646965803899153,1.6468995870220693,1.6468995870220693,1.646965803899153,2.670860863613471,2.6705616741572147,2.6705616741572147,2.670860863613471,1.6899636573595984,1.6898425958634893,1.6898425958634893,1.6899636573595984,0.441405913363471,0.4414340137864337,0.4414340137864337,0.441405913363471,20.005661349531696
400.0,38.03,48.631,4.56,6.182,1.6463323717004872,1.6462670440880127,1.6462670440880127,1.6463323717004872,2.673230823019269,2.6729376338391546,2.6729376338391546,2.673230823019269,1.6931453637870657,1.6930327852082965,1.6930327852082965,1.6931453637870657,0.4419621755695014,0.4419754617987207,0.4419754617987207,0.4419621755695014,20.022588202268537
400.0,38.098,88.649,5.476,3.156,1.6453923681916207,1.6453272053970247,1.6453272053970247,1.6453923681916207,2.676776712006183,2.6764853815722183,2.6764853815722183,2.676776712006183,1.6979968337321223,1.6978848140483027,1.6978848140483027,1.6979968337321223,0.4427820400736944,0.4427917316173792,0.4427917316173792,0.4427820400736944,20.04865362670955
400.0,38.139,85.665,3.537,4.195,1.6454501391736631,1.6453843325079556,1.6453843325079556,1.6454501391736631,2.676569763434515,2.6762744047157123,2.6762744047157123,2.676569763434515,1.697663015616136,1.6975512764047462,1.6975512764047462,1.697663015616136,0.4427344745088694,0.4427438939411381,0.4427438939411381,0.4427344745088694,20.04670780499417
400.0,38.152,52.208,3.156,4.237,1.6462163252851785,1.6461510820034193,1.6461510820034193,1.6462163252853468,2.6736887529699893,2.6733960395224527,2.6733960395224527,2.6736887296736755,1.693650865034724,1.693538348176592,1.693538348176592,1.693650865034724,0.4420692489457716,0.4420822297267507,0.4420822297267507,0.4420692489457716,20.024913149383696
400.0,38.16,62.563,4.28,5.778,1.6459751519651524,1.645910530326642,1.645910530326642,1.6459751519651524,2.6745901532286025,2.6743017293669085,2.6743017293669085,2.6745901532286025,1.6948986123874905,1.6947862740676922,1.6947862740676922,1.6948986123874905,0.4422781652510504,0.4422901139580786,0.4422901139580786,0.4422781652510504,20.031657069773072
400.0,38.378,20.175,3.238,6.072,1.646896571653082,1.6468321242345625,1.6468321242345625,1.646896571653082,2.67120172698575,2.670914149584376,2.670914149584376,2.67120172698575,1.6899960049077762,1.6898718560119996,1.6898718560119996,1.6899960049077762,0.4414883688855869,0.441520969922447,0.441520969922447,0.4414883688855869,20.00405321741609
400.0,38.448,24.311,6.218,4.68,1.6467816717161583,1.6467165535594954,1.6467165535594954,1.6467816717161583,2.671644643497607,2.6713529685578825,2.6713529685578825,2.671644643497607,1.6904936257194154,1.6903732027725265,1.6903732027725265,1.6904936257194154,0.4415937641999077,0.4416205432902053,0.4416205432902053,0.4415937641999077,20.006743285051
400.0,38.48,55.181,5.051,2.582,1.6460587665798796,1.64599381886908,1.64599381886908,1.6460587665798796,2.6743437016289366,2.6740529510997177,2.6740529510997177,2.6743437016289366,1.694211513032406,1.6940990479065128,1.6940990479065128,1.694211513032406,0.4422240107452143,0.442236582730361,0.442236582730361,0.4422240107452143,20.02683947560373
400.0,38.485,64.515,5.657,6.254,1.6458421804836891,1.6457770992979042,1.6457770992979042,1.6458421804836891,2.6751582913011904,2.6748671445576564,2.6748671445576564,2.6751582913011904,1.6953360812893472,1.6952240970112826,1.6952240970112826,1.6953360812893472,0.442412520088463,0.4424236093023229,0.4424236093023229,0.442412520088463,20.03291859342417
400.0,38.684,12.175,6.223,2.961,1.646999412900009,1.6469336687406937,1.6469336687406937,1.646999412900009,2.6708911138681866,2.6705955034040287,2.6705955034040287,2.6708911138681866,1.6896172547060009,1.689465643175089,1.689465643175089,1.6896172547060009,0.4413974099401147,0.4414729549114074,0.4414729549114074,0.4413974099401147,19.998838437343807
400.0,38.824,54.576,5.017,4.712,1.6459794807413477,1.6459144919976216,1.6459144919976216,1.6459794807413477,2.6747111715064054,2.6744207843911583,2.6744207843911583,2.6747111715064054,1.6943533415460343,1.694240747139674,1.694240747139674,1.6943533415460343,0.4423122248471044,0.4423248195611749,0.4423248195611749,0.4423122248471044,20.026435739952188
400.0,38.829,77.06,4.685,2.695,1.6454609156042466,1.6453959520726418,1.6453959520726418,1.6454609156042466,2.676665360494808,2.6763753132557984,2.6763753132557984,2.676665360494808,1.6970593525860025,1.6969467590426175,1.6969467590426175,1.6970593525860025,0.442763256913864,0.4427743364252194,0.4427743364252194,0.442763256913864,20.041080231310826
400.0,38.954,85.78,3.783,4.248,1.6452272101183292,1.6451619813607608,1.6451619813607608,1.6452272101183292,2.677578213760547,2.677286715316244,2.677286715316244,2.677578213760547,1.6981877100281983,1.6980754890326202,1.6980754890326202,1.6981877100281983,0.4429750933910035,0.4429849663110443,0.4429849663110443,0.4429750933910035,20.046757974598467
400.0,39.133,67.209,2.876,5.685,1.6456050159229978,1.6455397653105004,1.6455397653105004,1.6456050159229978,2.6761846763381425,2.675892484251263,2.675892484251263,2.6761846763381425,1.6960644876591209,1.695952155275649,1.695952155275649,1.6960644876591209,0.4426553171194939,0.4426665788478159,0.4426665788478159,0.4426553171194939,20.03465373086372
400.0,39.219,90.588,4.952,5.411,1.645045927256932,1.644980627128266,1.644980627128266,1.645045927256932,2.678322517698411,2.678030793921006,2.678030793921006,2.678322517698411,1.698933019295203,1.6988206406690909,1.6988206406690909,1.698933019295203,0.4431490420429822,0.4431587780333957,0.4431587780333957,0.4431490420429822,20.04988289018536
400.0,39.258,94.32,4.056,3.886,1.644950263420049,1.6448848234994593,1.6448848234994593,1.644950263420049,2.678695430660979,2.678403023139723,2.678403023139723,2.678695430660979,1.6994071340534782,1.6992948099047045,1.6992948099047045,1.6994071340534782,0.4432353314353438,0.4432446796443385,0.4432446796443385,0.4432353314353438,20.05231422736174
400.0,39.385,29.356,6.101,3.092,1.6464098264404223,1.6463440228713713,1.6463440228713713,1.6464098264404223,2.6732200766792373,2.6729239926622124,2.6729239926622124,2.6732200766792373,1.6916783029819555,1.6915609485627567,1.6915609485627567,1.6916783029819555,0.4419689956715505,0.4419904540479897,0.4419904540479897,0.4419689956715505,20.009999231692543
400.0,39.502,86.846,5.316,4.523,1.6450553100498218,1.6449897169515282,1.6449897169515282,1.6450553100498218,2.678345741169148,2.6780524170959032,2.6780524170959032,2.678345741169148,1.6986597028402537,1.6985473646456803,1.6985473646456803,1.6986597028402537,0.4431570716562233,0.4431668282323797,0.4431668282323797,0.4431570716562233,20.04743579233411
400.0,39.544,65.004,2.645,4.154,1.6455445786128635,1.6454795381992784,1.6454795381992784,1.6455445786128635,2.6764955868808418,2.676205081299736,2.676205081299736,2.6764955868808418,1.696055949943357,1.6959433139968585,1.6959433139968585,1.696055949943357,0.4427310347126455,0.4427427305212152,0.4427427305212152,0.4427310347126455,20.03320533062687
400.0,39.684,47.055,4.676,3.291,1.6459190626503324,1.6458546791178348,1.6458546791178348,1.6459190626503324,2.6751104710575797,2.674823827987028,2.674823827987028,2.6751104710575797,1.693987132192473,1.6938732723573964,1.6938732723573964,1.693987132192473,0.4424122577943016,0.4424270932634565,0.4424270932634565,0.4424122577943016,20.02151212008803
400.0,39.817,59.469,5.94,2.658,1.6455976700245794,1.6455327692477664,1.6455327692477664,1.6455976700245794,2.676349970536272,2.6760603346292786,2.6760603346292786,2.676349970536272,1.6955612410020553,1.6954484197518307,1.6954484197518307,1.6955612410020553,0.4427000870910524,0.4427123881511936,0.4427123881511936,0.4427000870910524,20.02959185347241
400.0,39.89,40.934,5.153,3.972,1.646005086541093,1.6459393495231804,1.6459393495231804,1.646005086541093,2.6748356176234167,2.6745405340322854,2.6745405340322854,2.6748356176234167,1.6933801032108553,1.693265933484999,1.693265933484999,1.6933801032108553,0.4423496546502204,0.4423652702937765,0.4423652702937765,0.4423496546502204,20.01752051846321
400.0,39.974,60.162,4.045,3.967,1.645539319966492,1.6454741001355735,1.6454741001355735,1.645539319966492,2.676603958127411,2.676312365783895,2.676312365783895,2.676603958127411,1.695742770091618,1.6956301976599422,1.6956301976599422,1.695742770091618,0.4427602042902265,0.4427719761631699,0.4427719761631699,0.4427602042902265,20.03003861157904
400.0,40.155,27.962,2.965,5.255,1.646232560627592,1.646166913885,1.646166913885,1.646232560627592,2.6740371636809104,2.6737423501142783,2.6737423501142783,2.6740371636809104,1.691989187917049,1.691872122068968,1.691872122068968,1.691989187917049,0.4421657538988384,0.4421865307009279,0.4421865307009279,0.4421657538988384,20.00906869553938
400.0,40.176,64.488,3.182,5.252,1.6453857158305447,1.645319874101986,1.645319874101986,1.6453857158305447,2.677229255108605,2.6769339224293285,2.6769339224293285,2.677229255108605,1.6963894841285616,1.696276770975916,1.696276770975916,1.6963894841285616,0.4429058592808568,0.4429174710688162,0.4429174710688162,0.4429058592808568,20.03284980508917
400.0,40.23,31.592,5.087,2.623,1.646128132031754,1.646062842863412,1.646062842863412,1.646128132031754,2.674441880641739,2.674149579633722,2.674149579633722,2.674441880641739,1.6924715221915667,1.6923548239951605,1.6923548239951605,1.6924715221915667,0.4422604602412603,0.4422804582035144,0.4422804582035144,0.4422604602412603,20.01142891557345
400.0,40.338,41.616,3.285,4.779,1.6458672235579663,1.6458025774465923,1.6458025774465923,1.6458672235579663,2.675439101878435,2.675150947757823,2.675150947757823,2.675439101878435,1.6937413339571936,1.6936269550632062,1.6936269550632062,1.6937413339571936,0.4424940112621598,0.4425097282794948,0.4425097282794948,0.4424940112621598,20.017951660528087
400.0,40.464,74.063,5.348,3.278,1.6450885830344966,1.6450228098256567,1.6450228098256567,1.6450885830344966,2.678415895097216,2.6781216195276727,2.6781216195276727,2.678415895097216,1.6977223825764227,1.697609997887267,1.697609997887267,1.6977223825764227,0.4431826007146268,0.4431928898146199,0.4431928898146199,0.4431826007146268,20.039078274837347
400.0,40.604,96.467,5.048,2.951,1.6445393276558062,1.644473609313175,1.644473609313175,1.6445393276558062,2.680543334751297,2.680249790783388,2.680249790783388,2.680543334751297,1.7005121077083447,1.7003995149438969,1.7003995149438969,1.7005121077083447,0.4436737880917537,0.4436828935751163,0.4436828935751163,0.4436737880917537,20.05367200673085
400.0,40.647,56.097,4.083,6.07,1.645451025865366,1.645385141658976,1.645385141658976,1.645451025865366,2.677077640020824,2.676781670231104,2.676781670231104,2.677077640020824,1.6956743046291964,1.6955611004101274,1.6955611004101274,1.6956743046291964,0.4428750426657332,0.442887919017343,0.442887919017343,0.4428750426657332,20.027371000292447
400.0,40.659,45.422,3.656,4.063,1.645692901524037,1.645627596125088,1.645627596125088,1.645692901524037,2.6761639063846787,2.6758718308871274,2.6758718308871274,2.6761639063846787,1.6943988232447078,1.6942842730374374,1.6942842730374374,1.6943988232447078,0.4426638260362622,0.4426794483339489,0.4426794483339489,0.4426638260362622,20.02041977999001
400.0,40.703,37.34,4.445,3.931,1.6458674062274197,1.6458017102540925,1.6458017102540925,1.6458674062274197,2.675517900198463,2.6752232802199205,2.6752232802199205,2.675517900198463,1.6934550173757472,1.693340172643284,1.693340172643284,1.6934550173757472,0.4425146772584452,0.4425312604046322,0.4425312604046322,0.4425146772584452,20.01515681875776
400.0,40.864,49.401,4.147,4.026,1.6455459129423249,1.6454804869391948,1.6454804869391948,1.6455459129423249,2.676760892203761,2.676467952075906,2.676467952075906,2.676760892203761,1.695004794140902,1.6948909038193742,1.6948909038193742,1.695004794140902,0.442803936573295,0.4428182557951478,0.4428182557951478,0.442803936573295,20.02300410606252
400.0,40.894,50.38,3.402,6.474,1.6455152191305458,1.6454503415892705,1.6454503415892705,1.6455152191305458,2.6768802353010943,2.676590983968218,2.676590983968218,2.6768802353010943,1.695140765918968,1.695027153167942,1.695027153167942,1.695140765918968,0.4428324055862133,0.442846158685257,0.442846158685257,0.4428324055862133,20.02364079147563
400.0,40.957,67.378,5.922,5.523,1.6451081973346235,1.645043114089454,1.645043114089454,1.6451081973346235,2.6784377797992533,2.678147515711744,2.678147515711744,2.6784377797992533,1.6972261938584448,1.697113272222308,1.697113272222308,1.6972261938584448,0.4431925260820595,0.4432039647432299,0.4432039647432299,0.4431925260820595,20.034709082793725
400.0,41.086,95.157,2.98,4.897,1.6444396636117486,1.6443738939444963,1.6443738939444963,1.6444396636117486,2.6810243523355872,2.6807305471167235,2.6807305471167235,2.6810243523355872,1.700657095421944,1.7005445269529176,1.7005445269529176,1.700657095421944,0.4437892314325069,0.4437982331483592,0.4437982331483592,0.4437892314325069,20.05280364654913
400.0,41.087,94.081,6.075,4.735,1.644464076700096,1.6443979849459034,1.6443979849459034,1.644464076700096,2.6809325700355533,2.6806364177186075,2.6806364177186075,2.6809325700355533,1.7005278020403845,1.7004150486645593,1.7004150486645593,1.7005278020403845,0.4437676918720015,0.4437770799677746,0.4437770799677746,0.4437676918720015,20.052102115577323
400.0,41.177,87.165,2.567,4.893,1.6445972697165927,1.6445316514703627,1.6445316514703627,1.6445972697165927,2.680437122715808,2.680144045629129,2.680144045629129,2.680437122715808,1.6997494015615275,1.699636792322082,1.699636792322082,1.6997494015615275,0.4436550443816929,0.4436645885100429,0.4436645885100429,0.4436550443816929,20.047592663003037
400.0,41.275,86.491,5.981,4.977,1.6445861832632338,1.6445206478589214,1.6445206478589214,1.6445861832632338,2.6804991801751994,2.6802066147220494,2.6802066147220494,2.6804991801751994,1.699729837421719,1.6996171044604549,1.6996171044604549,1.699729837421719,0.4436702441099026,0.4436800117652998,0.4436800117652998,0.4436702441099026,20.047150494045
400.0,41.405,76.595,3.543,6.138,1.6447769803278922,1.6447115037133664,1.6447115037133664,1.6447769803278922,2.6797945813510915,2.6795024845612394,2.6795024845612394,2.6797945813510915,1.6986178579006768,1.6985046933945898,1.6985046933945898,1.6986178579006768,0.443509051258648,0.4435200525251226,0.4435200525251226,0.443509051258648,20.040699247164035
400.0,41.424,36.76,3.484,6.204,1.6456851545860538,1.6456194646985507,1.6456194646985507,1.6456851545860538,2.676350108422508,2.6760555580704906,2.6760555580704906,2.676350108422508,1.6938346961493331,1.6937196573134228,1.6937196573134228,1.6938346961493331,0.4427136686033245,0.4427303213251213,0.4427303213251213,0.4427136686033245,20.014757337346335
400.0,41.446,30.065,6.012,2.657,1.645832825022377,1.6457678309924064,1.6457678309924064,1.645832825022377,2.6757951078342237,2.675505342008312,2.675505342008312,2.6757951078342237,1.6930463281520112,1.6929274409331072,1.6929274409331072,1.6930463281520112,0.4425834082974696,0.4426064558856819,0.4426064558856819,0.4425834082974696,20.010398946767523
400.0,41.472,90.025,3.794,6.183,1.6444527534183797,1.644387234095493,1.644387234095493,1.6444527534183797,2.6810516048355377,2.680759297818363,2.680759297818363,2.6810516048355377,1.700280345244262,1.7001673691929382,1.7001673691929382,1.700280345244262,0.4437991671872657,0.4438089762492644,0.4438089762492644,0.4437991671872657,20.049447602308938
400.0,41.508,48.19,3.211,2.593,1.645399259692644,1.6453342417182164,1.6453342417182164,1.645399259692644,2.677444087494385,2.6771543863085254,2.6771543863085254,2.677444087494385,1.695261571548303,1.695146970649665,1.695146970649665,1.695261571548303,0.4429676682033837,0.4429828812845739,0.4429828812845739,0.4429676682033837,20.022195882922937
400.0,41.569,46.03,3.34,6.016,1.645432634494782,1.645367189181639,1.645367189181639,1.645432634494782,2.677332355276972,2.677039998084666,2.677039998084666,2.677332355276972,1.695039684519003,1.6949252573388711,1.6949252573388711,1.695039684519003,0.442942340570641,0.4429573802568552,0.4429573802568552,0.442942340570641,20.020788409687576
400.0,41.611,38.76,4.291,2.913,1.6455885197943592,1.6455228079443007,1.6455228079443007,1.6455885197943592,2.676752591864086,2.676458226573533,2.676458226573533,2.676752591864086,1.6941917711289805,1.6940763993648182,1.6940763993648182,1.6941917711289805,0.4428080963579457,0.442825094927965,0.442825094927965,0.4428080963579457,20.01605334091612
400.0,41.736,83.895,5.302,4.845,1.6445217675058943,1.6444560278504374,1.6444560278504374,1.6445217675058943,2.680841078789906,2.680547628583556,2.680547628583556,2.680841078789906,1.69970574610174,1.6995928565987874,1.6995928565987874,1.69970574610174,0.4437532725153722,0.4437632171064741,0.4437632171064741,0.4437532725153722,20.04544507192714
400.0,41.996,33.276,5.577,5.129,1.6456098590644597,1.6455445620583111,1.6455445620583111,1.6456098590644597,2.676748108156202,2.6764564890415894,2.6764564890415894,2.676748108156202,1.69377414106913,1.6936567259135415,1.6936567259135415,1.69377414106913,0.4428095720092092,0.4428300070381891,0.4428300070381891,0.4428095720092092,20.01247232687273
400.0,42.258,49.333,4.98,5.496,1.645170738295832,1.6451047700499046,1.6451047700499046,1.645170738295832,2.678468107107144,2.678172577139109,2.678172577139109,2.678468107107144,1.6958676437799551,1.6957534536334418,1.6957534536334418,1.6958676437799551,0.443210717889529,0.4432249343465146,0.4432249343465146,0.443210717889529,20.022918142118723
400.0,42.266,13.496,3.07,5.546,1.6459916357815103,1.6459277936712642,1.6459277936712642,1.6459916357815103,2.6753592177049015,2.675077098247284,2.675077098247284,2.6753592177049015,1.6919396083852998,1.6917947927960268,1.6917947927960268,1.6919396083852998,0.4424721134031586,0.4425354727224256,0.4425354727224256,0.4424721134031586,19.999591380770077
400.0,42.292,25.251,5.224,4.528,1.6457144557739103,1.6456488345025766,1.6456488345034157,1.6457144557739103,2.676415151532072,2.6761212866879527,2.676121285291738,2.676415151532072,1.6929949273306524,1.692875138044928,1.692875138044928,1.6929949273306524,0.44273370405645,0.4427580446388151,0.4427580446388151,0.44273370405645,20.007240127095493
400.0,42.413,73.046,6.035,2.536,1.6445870558168072,1.6445210707671478,1.6445210707671478,1.6445870558168072,2.6807283914437123,2.6804332248797205,2.6804332248797205,2.6807283914437123,1.6988216431165164,1.6987085169685678,1.6987085169685678,1.6988216431165164,0.443733659052265,0.4437444788345901,0.4437444788345901,0.443733659052265,20.03835639476707
400.0,42.42,32.722,6.143,3.828,1.6455079926850913,1.6454426472712669,1.6454426472712669,1.6455079926850913,2.6772186945016783,2.676927410916444,2.676927410916444,2.6772186945016783,1.6939712977687331,1.693853897287786,1.693853897287786,1.6939712977687331,0.4429223770004926,0.4429425328150321,0.4429425328150321,0.4429223770004926,20.012098905104985
400.0,42.637,10.724,4.447,5.335,1.6459561824069266,1.6458899806901062,1.6458899806901062,1.6459561824069266,2.6755793809755937,2.6752825273927425,2.6752825273927425,2.6755793809755937,1.6919794531315693,1.691811028589303,1.691811028589303,1.6919794531315693,0.4425063948574398,0.4426068261557433,0.4426068261557433,0.4425063948574398,19.99777676639367
400.0,42.655,61.589,6.391,6.404,1.6447829022070817,1.6447174797848667,1.6447174797848667,1.6447829022070817,2.680024513988453,2.679732469022867,2.679732469022867,2.680024513988453,1.6975922476526768,1.6974787856803748,1.6974787856803748,1.6975922476526768,0.4435741042145943,0.4435861919543775,0.4435861919543775,0.4435741042145943,20.030886847976664
400.0,42.735,84.825,3.621,3.974,1.6442324053313608,1.6441662830871178,1.6441662830871178,1.6442324053313608,2.6821595945615737,2.6818641383303774,2.6818641383303774,2.6821595945615737,1.7004465457904816,1.7003330472110565,1.7003330472110565,1.7004465457904816,0.4440657620840654,0.4440762100701404,0.4440762100701404,0.4440657620840654,20.04602073097168
400.0,42.775,25.786,2.932,5.227,1.645571205913692,1.6455057560807336,1.6455057560807336,1.645571205913692,2.677052698156832,2.676760410061997,2.676760410061997,2.677052698156832,1.6933604863653238,1.693239596020877,1.693239596020877,1.6933604863653238,0.4428848381066403,0.4429106066734682,0.4429106066734682,0.4428848381066403,20.00757365520154
400.0,42.833,19.674,6.036,5.658,1.6456963825120323,1.6456303400730192,1.6456303400730192,1.6456963825120323,2.676595043977932,2.676298980052798,2.676298980052798,2.676595043977932,1.6927363179937502,1.69260968072272,1.69260968072272,1.6927363179937502,0.442775160066855,0.4428099691454667,0.4428099691454667,0.442775160066855,20.003594523763528
400.0,42.863,89.747,4.792,3.81,1.6440859098842493,1.6440201750422423,1.6440201750422423,1.6440859098842493,2.6827493635171837,2.6824560738250187,2.6824560738250187,2.6827493635171837,1.7011219780550313,1.7010086289652842,1.7010086289652842,1.7011219780550313,0.4442029316339768,0.4442129007671726,0.4442129007671726,0.4442029316339768,20.049223403306936
400.0,42.891,62.389,5.773,3.83,1.6447009182626693,1.6446356440122016,1.6446356440122016,1.6447009182626693,2.6803852261742365,2.6800944818672283,2.6800944818672283,2.6803852261742365,1.6978368343776715,1.6977231404901936,1.6977231404901936,1.6978368343776715,0.4436594550705914,0.4436717401084756,0.4436717401084756,0.4436594550705914,20.031400361160635
400.0,42.92,49.627,4.985,3.519,1.6449850181975434,1.644919152597518,1.644919152597518,1.6449850181975434,2.67930813312224,2.6790132903478865,2.6790132903478865,2.67930813312224,1.696317132779054,1.696202955254804,1.696202955254804,1.696317132779054,0.4434108611566871,0.443424853937095,0.443424853937095,0.4434108611566871,20.023088966114788
400.0,43.1,38.781,5.571,5.573,1.6451849815335504,1.6451189149675716,1.6451189149675716,1.6451849815335504,2.6785843569370003,2.6782884237540605,2.6782884237540605,2.6785843569370003,1.695124212152758,1.6950086589289004,1.6950086589289004,1.695124212152758,0.4432447482314403,0.4432614560257334,0.4432614560257334,0.4432447482314403,20.01602257495996
400.0,43.185,73.718,5.966,5.933,1.6443638674031325,1.6442984294671954,1.6442984294671954,1.6443638674031325,2.681739774898652,2.6814483263622866,2.6814483263622866,2.681739774898652,1.699387615165404,1.6992743088578532,1.6992743088578532,1.699387615165404,0.4439742700387968,0.4439850423612029,0.4439850423612029,0.4439742700387968,20.038770572108486
400.0,43.283,62.998,3.471,2.969,1.644581666899392,1.6445160687470133,1.6445160687470133,1.644581666899392,2.6809235599812284,2.6806309891621214,2.6806309891621214,2.6809235599812284,1.698155986373441,1.6980424049417535,1.6980424049417535,1.698155986373441,0.443787102164693,0.4437990030641567,0.4437990030641567,0.443787102164693,20.03178486513864
400.0,43.287,39.207,5.53,2.824,1.6451241235779686,1.6450590926585749,1.6450590926585749,1.6451241235780898,2.6788484934232577,2.678559070531047,2.678559070531047,2.678848515399606,1.6952926550178238,1.6951764968462322,1.6951764968462322,1.6952926550178238,0.4433077059254342,0.4433253022341124,0.4433253022341124,0.4433077059254342,20.01629361819784
400.0,43.328,56.965,5.043,5.041,1.6447072232863418,1.6446415044732718,1.6446415044732718,1.6447072232863418,2.6804516331840715,2.6801582378191093,2.6801582378191093,2.6804516331840715,1.6974567782981291,1.6973428481849753,1.6973428481849753,1.6974567782981291,0.4436785765039759,0.4436914264468714,0.4436914264468714,0.4436785765039759,20.027854497238373
400.0,43.35,63.118,3.114,4.577,1.6445610611078303,1.6444952920721667,1.6444952920721667,1.6445610611078303,2.681016581109458,2.680722968534194,2.680722968534194,2.681016581109458,1.6982121446050935,1.6980986787093868,1.6980986787093868,1.6982121446050935,0.4438091557795961,0.4438208360900105,0.4438208360900105,0.4438091557795961,20.031861047548933
400.0,43.386,16.077,4.9,2.669,1.6456289334849754,1.6455629971311303,1.6455629971311303,1.6456289334849754,2.6769605244944508,2.6766654180485254,2.6766654180485254,2.6769605244944508,1.6928221740681253,1.6926880711862733,1.6926880711862733,1.6928221740681253,0.4428593737470962,0.4429056330723679,0.4429056330723679,0.4428593737470962,20.001236869467903
400.0,43.425,91.646,5.775,6.264,1.643892489173974,1.643826233351836,1.643826233351836,1.643892489173974,2.6836151618841515,2.6833189469345733,2.6833189469345733,2.6836151618841515,1.7017055469215994,1.701592421573406,1.701592421573406,1.7017055469215994,0.4444073557700131,0.4444165805572492,0.4444165805572492,0.4444073557700131,20.05044341293037
400.0,43.472,13.972,2.924,3.892,1.6456554473272254,1.6455871349473532,1.6455871349473532,1.6456554473272254,2.67688982905827,2.6765798793932083,2.6765798793932083,2.67688982905827,1.6927237042169885,1.692584734630996,1.692584734630996,1.6927237042169885,0.4428385801411862,0.4428921650022516,0.4428921650022516,0.4428385801411862,19.99986500762258
400.0,43.506,68.782,2.587,3.742,1.6443896073400774,1.6443244669074268,1.6443244669074268,1.6443896073400774,2.6817043383831467,2.681414797464247,2.681414797464247,2.6817043383831467,1.698994118593594,1.698880176430423,1.698880176430423,1.698994118593594,0.4439689957098377,0.4439810047027545,0.4439810047027545,0.4439689957098377,20.03554506865232
400.0,43.538,36.998,4.828,3.712,1.64510751445769,1.6450415432587695,1.6450415432587695,1.64510751445769,2.678967113590145,2.678671941681295,2.678671941681295,2.678967113590145,1.6951831066071024,1.695067130395299,1.695067130395299,1.6951831066071024,0.4433370057008945,0.4433543039698956,0.4433543039698956,0.4433370057008945,20.014848066621752
400.0,43.595,79.461,2.721,4.647,1.6441234521735515,1.644057368273154,1.644057368273154,1.6441234521735515,2.68275350306926,2.6824581464446866,2.6824581464446866,2.68275350306926,1.7003391553958571,1.7002257943095445,1.7002257943095445,1.7003391553958571,0.4442109409623322,0.4442212774232287,0.4442212774232287,0.4442109409623322,20.04249927317977
400.0,43.652,31.535,5.179,4.491,1.6452012084402967,1.6451363403400967,1.6451363403400967,1.6452012084402967,2.6786279674924427,2.6783401024351847,2.6783401024351847,2.6786279674924427,1.6945978558700792,1.6944799776486643,1.6944799776486643,1.6945978558700792,0.4432594372204752,0.4432799133536709,0.4432799133536709,0.4432594372204752,20.011288572295104
400.0,43.669,88.816,4.444,5.454,1.6438911524346544,1.6438252024850912,1.6438252024850912,1.6438911524346544,2.6836680498961645,2.6833736976007416,2.6833736976007416,2.6836680498961645,1.7015170752303472,1.701403681222958,1.701403681222958,1.7015170752303472,0.4444219285111713,0.4444316639078974,0.4444316639078974,0.4444219285111713,20.048591922815707
400.0,43.713,76.843,4.423,5.141,1.6441511198242362,1.6440851468748987,1.6440851468748987,1.6441511198242362,2.6826702844194243,2.6823761052591104,2.6823761052591104,2.6826702844194243,1.7000975516132135,1.6999839536108037,1.6999839536108037,1.7000975516132135,0.4441929347366995,0.4442037059332361,0.4442037059332361,0.4441929347366995,20.040789856975007
400.0,43.883,93.02,2.897,5.705,1.643738776870648,1.6436728070991098,1.6436728070991098,1.643738776870648,2.6843035637838675,2.6840095983289576,2.6840095983289576,2.6843035637838675,1.7021606257430122,1.7020467116651132,1.7020467116651132,1.7021606257430122,0.4445696819593359,0.4445798400102186,0.4445798400102186,0.4445696819593359,20.051325062055724
400.0,44.079,51.624,2.825,2.839,1.6446265341738122,1.644561467937328,1.644561467937328,1.6446265341738122,2.6809093537251814,2.680620224659001,2.680620224659001,2.6809093537251814,1.6972836955142694,1.6971687245528593,1.6971687245528593,1.6972836955142694,0.4437909699151947,0.4438055920634002,0.4438055920634002,0.4437909699151947,20.02435362579477
400.0,44.133,77.711,5.526,4.604,1.6440188671583351,1.643952748054737,1.643952748054737,1.6440188671583351,2.6832673498883968,2.6829718866733367,2.6829718866733367,2.6832673498883968,1.700466431472056,1.7003527736464568,1.7003527736464568,1.700466431472056,0.4443341220442807,0.4443448323211371,0.4443448323211371,0.4443341220442807,20.04134247334528
400.0,44.217,36.451,4.615,4.172,1.6449361539477807,1.6448708791408002,1.6448708791408002,1.6449361539477807,2.6797539334056615,2.6794632789220256,2.6794632789220256,2.6797539334056615,1.6955421826242276,1.6954254495853616,1.6954254495853616,1.6955421826242276,0.4435248456603899,0.4435431198239099,0.4435431198239099,0.4435248456603899,20.01447157679773
400.0,44.322,70.876,2.7,5.122,1.6441231012629225,1.6440575357981997,1.6440575357981997,1.6441231012629225,2.6828995035498844,2.682607699217412,2.682607699217412,2.6828995035498844,1.6997595050151932,1.6996455825982348,1.6996455825982348,1.6997595050151932,0.4442516455153282,0.4442631597924491,0.4442631597924491,0.4442516455153282,20.03688447814397
400.0,44.324,40.919,5.468,4.941,1.6448051885580948,1.6447395873794242,1.6447395873794242,1.6448051885580948,2.6802769866692566,2.6799844650424065,2.6799844650424065,2.6802769866692566,1.696147151266802,1.696031096751465,1.696031096751465,1.696147151266802,0.4436466228438327,0.4436635670963309,0.4436635670963309,0.4436466228438327,20.01737707861779
400.0,44.333,63.777,4.783,4.639,1.6442815949926193,1.6442157488483171,1.6442157488483171,1.6442815949926193,2.682291103466823,2.68199740104105,2.68199740104105,2.682291103466823,1.698909167906947,1.6987951453110632,1.6987951453110632,1.698909167906947,0.4441115887121921,0.4441237300777686,0.4441237300777686,0.4441115887121921,20.03226009354101
400.0,44.533,93.005,2.744,5.976,1.6435652802626044,1.6434990134084502,1.6434990134084502,1.6435652802626044,2.685111984286603,2.6848164800765795,2.6848164800765795,2.685111984286603,1.70256912445161,1.7024551143619182,1.7024551143619182,1.70256912445161,0.4447615605334703,0.4447715727537721,0.4447715727537721,0.4447615605334703,20.05129504052266
400.0,44.586,72.304,4.147,5.214,1.6440202132101476,1.6439540997821265,1.6439540997821265,1.6440202132101476,2.683353305114492,2.683058254723625,2.683058254723625,2.683353305114492,1.700097429115779,1.6999839941677133,1.6999839941677133,1.700097429115779,0.4443585948638782,0.4443691033247844,0.4443691033247844,0.4443585948638782,20.037806075082425
400.0,44.719,45.195,6.345,5.691,1.6446013756698854,1.6445350524279183,1.6445350524279183,1.6446013756698854,2.6811405679772724,2.6808436202701453,2.6808436202701453,2.6811405679772724,1.6969093807445652,1.696794127984636,1.696794127984636,1.6969093807445652,0.443849441660997,0.4438646756984998,0.4438646756984998,0.443849441660997,20.020148599740036
400.0,44.734,91.022,5.191,5.879,1.6435564579912558,1.643490208322239,1.643490208322239,1.6435564579912558,2.6851877303889284,2.6848925735092326,2.6848925735092326,2.6851877303889284,1.7024560191642215,1.702341786068523,1.702341786068523,1.7024560191642215,0.4447807733950883,0.444791154619837,0.444791154619837,0.4447807733950883,20.04999632184644
400.0,44.773,50.531,4.051,5.808,1.6444647215648247,1.6443991974841814,1.6443991974841814,1.6444647215648247,2.6816722093998595,2.681380259667256,2.681380259667256,2.6816722093998595,1.6975868613642735,1.6974716073948075,1.6974716073948075,1.6975868613642735,0.4439728261954754,0.4439877307190606,0.4439877307190606,0.4439728261954754,20.023621252876456
400.0,44.773,83.35,3.247,3.831,1.6437194696178972,1.6436535028914805,1.6436535028914805,1.6437194696178972,2.6845581311552986,2.6842643375745605,2.6842643375745605,2.6845581311552986,1.7015515968939816,1.701437665200214,1.701437665200214,1.7015515968939816,0.4446370052905984,0.4446474574933555,0.4446474574933555,0.4446370052905984,20.044996399955323
400.0,45.025,21.257,4.073,4.468,1.645066060643646,1.6450000334738013,1.6450000334735204,1.645066060643646,2.6794249017221072,2.6791298015186498,2.6791298015162672,2.6794249017221072,1.6942223878846188,1.6940969395503538,1.6940969395503538,1.6942223878846188,0.4434500409913941,0.4434821314755014,0.4434821314755014,0.4434500409913941,20.00455822034277
400.0,45.035,90.15,3.384,3.395,1.643495806814436,1.643429478731992,1.643429478731992,1.643495806814436,2.6854852596836665,2.6851892885846387,2.6851892885846387,2.6854852596836665,1.702540135729081,1.7024258620208632,1.7024258620208632,1.702540135729081,0.4448519230513021,0.4448623849901407,0.4448623849901407,0.4448519230513021,20.049419037975373
400.0,45.12,71.109,3.381,3.974,1.6439042843328793,1.6438378675495915,1.6438378675495915,1.6439042843328793,2.683912506601471,2.683615823403167,2.683615823403167,2.683912506601471,1.7002894179425485,1.7001752372227503,1.7001752372227503,1.7002894179425485,0.4444915871187988,0.4445031199906514,0.4445031199906514,0.4444915871187988,20.03701096976317
400.0,45.335,62.299,4.276,5.461,1.6440461955939527,1.6439800181001438,1.6439800181001438,1.6440461955939527,2.6834041749890374,2.683108770076404,2.683108770076404,2.6834041749890374,1.6993602701324866,1.699246067214892,1.699246067214892,1.6993602701324866,0.444377064814194,0.4443891936691197,0.4443891936691197,0.444377064814194,20.031267060971608
400.0,45.514,61.556,4.126,3.1,1.6440152990849737,1.6439488193903409,1.6439488193903409,1.6440152990849737,2.683561252306032,2.6832640602223825,2.6832640602223825,2.683561252306032,1.6993825743323716,1.6992685100381977,1.6992685100381977,1.6993825743323716,0.444414840700557,0.4444267049076897,0.4444267049076897,0.444414840700557,20.03077735032695
400.0,45.551,24.112,4.895,2.985,1.6448581626535324,1.6447923445378825,1.6447923445378825,1.6448581626535324,2.6803220831936088,2.680028387361117,2.680028387361117,2.6803220831936088,1.6948919185318212,1.6947697329110225,1.6947697329110225,1.6948919185318212,0.4436644478313742,0.4436912779251877,0.4436912779251877,0.4436644478313742,20.00639976139915
400.0,45.641,61.707,3.513,4.905,1.6439774134364675,1.643911203895692,1.643911203895692,1.6439774134364675,2.6837321371112624,2.68343645614876,2.68343645614876,2.6837321371112624,1.6994810661217377,1.6993669722317253,1.6993669722317253,1.6994810661217377,0.4444555204495639,0.4444673989167153,0.4444673989167153,0.4444555204495639,20.030871512417168
400.0,45.684,62.899,2.51,3.242,1.643939070536092,1.643872923861312,1.643872923861312,1.643939070536092,2.6838894139308103,2.683594631194468,2.683594631194468,2.6838894139308103,1.699652164552699,1.699537247137786,1.699537247137786,1.699652164552699,0.4444915273929627,0.4445045486193354,0.4445045486193354,0.4444915273929627,20.031646634067755
400.0,45.705,15.434,3.84,4.303,1.6450159340954071,1.6449489796311596,1.6449489796311596,1.6450159340954071,2.67975729104225,2.6794569691148555,2.6794569691148555,2.67975729104225,1.6942259274047349,1.694089926808479,1.694089926808479,1.6942259274047349,0.4435247467417605,0.4435730945191244,0.4435730945191244,0.4435247467417605,20.000748808511148
400.0,45.835,94.828,5.371,4.936,1.6431765897234791,1.6431101846614262,1.6431101846614262,1.6431765897234791,2.686897115122641,2.6866014265501255,2.6866014265501255,2.686897115122641,1.7036123922866897,1.7034982548595023,1.7034982548595023,1.7036123922866897,0.4451840206177094,0.4451935256273313,0.4451935256273313,0.4451840206177094,20.052442351210047
400.0,46.026,33.453,4.269,5.061,1.6445166542858294,1.6444507648123357,1.6444507648123357,1.6445166542858294,2.6817266429249305,2.6814327808298186,2.6814327808298186,2.6817266429249305,1.6963132704066686,1.6961952536647722,1.6961952536647722,1.6963132704066686,0.4439954446292206,0.4440152064122596,0.4440152064122596,0.4439954446292206,20.01246487703432
400.0,46.089,48.846,3.226,4.79,1.6441490297304615,1.644083660717529,1.644083660717529,1.6441490297304615,2.6831533839849206,2.6828630329213814,2.6828630329213814,2.6831533839849206,1.6982089913064482,1.6980934652968187,1.6980934652968187,1.6982089913064482,0.4443264168413576,0.4443413101662662,0.4443413101662662,0.4443264168413576,20.0224833364319
400.0,46.118,78.579,6.496,3.432,1.6434676433478586,1.643401413523895,1.643401413523895,1.6434676433478586,2.685812716682077,2.68551795873878,2.68551795873878,2.685812716682077,1.7018224962172877,1.7017080464737484,1.7017080464737484,1.7018224962172877,0.4449379038963881,0.444948878024793,0.444948878024793,0.4449379038963881,20.04184646866922
400.0,46.195,70.07,4.27,2.951,1.6436394936531145,1.6435730617043458,1.6435730617043458,1.6436394936531145,2.685158469291775,2.6848621306619305,2.6848621306619305,2.685158469291775,1.700841005705068,1.700726994253393,1.700726994253393,1.700841005705068,0.444788632569235,0.4447994804067682,0.4447994804067682,0.444788632569235,20.03630109627618
400.0,46.224,26.435,2.784,4.724,1.6446236627962805,1.644557551612457,1.644557551612457,1.6446236627962805,2.6813567366208964,2.6810616315164766,2.6810616315164766,2.6813567366208964,1.695591818824194,1.6954710363046943,1.6954710363046943,1.695591818824194,0.443910080685768,0.4439344098584759,0.4439344098584759,0.443910080685768,20.007891144961985
400.0,46.258,45.64,4.839,6.045,1.6441770101720417,1.6441106344172651,1.6441106344172651,1.6441770101720417,2.683084350745733,2.682787949010591,2.682787949010591,2.683084350745733,1.697927987788248,1.6978124138794657,1.6978124138794657,1.697927987788248,0.4443115176427714,0.4443265925515977,0.4443265925515977,0.4443115176427714,20.020391005513964
400.0,46.406,84.889,5.843,4.061,1.6432483209247704,1.6431820365800605,1.6431820365800605,1.6432483209247704,2.6867299561809257,2.6864348053497835,2.6864348053497835,2.6867299561809257,1.7027685363184262,1.7026538979353294,1.7026538979353294,1.7027685363184262,0.4451509901036823,0.4451617653424582,0.4451617653424582,0.4451509901036823,20.045948215430958
400.0,46.451,85.927,3.89,2.742,1.643212844287721,1.6431466452127068,1.6431466452127068,1.643212844287721,2.6868776706422173,2.686583484750981,2.686583484750981,2.6868776706422173,1.7029227953671044,1.7028082013500965,1.7028082013500965,1.7029227953671044,0.4451855205975601,0.4451960511906363,0.4451960511906363,0.4451855205975601,20.0466232048146
400.0,46.549,88.975,4.309,3.816,1.6431183190797525,1.643051314200068,1.643051314200068,1.6431183190797525,2.6872727808527888,2.68697393625654,2.68697393625654,2.6872727808527888,1.7033543143745449,1.703239819749249,1.703239819749249,1.7033543143745449,0.4452766816131758,0.445286741728808,0.445286741728808,0.4452766816131758,20.048605853804496
400.0,46.63,47.564,5.326,5.229,1.6440329405313567,1.64396690481357,1.64396690481357,1.6440329405313567,2.6837149636379687,2.683420812223457,2.683420812223457,2.6837149636379687,1.6983943488992217,1.6982785697164506,1.6982785697164506,1.6983943488992217,0.4444601992320788,0.444475361958,0.444475361958,0.4444601992320788,20.02163175955036
400.0,46.709,82.724,4.863,3.593,1.643216388437983,1.6431497090639535,1.6431497090639535,1.643216388437983,2.686918114812267,2.686620871717412,2.686620871717412,2.686918114812267,1.7026975517980658,1.7025832092359323,1.7025832092359323,1.7026975517980658,0.4451971813230819,0.4452074633272632,0.4452074633272632,0.4451971813230819,20.044528423140825
400.0,46.766,45.241,6.495,5.002,1.6440493366567672,1.6439831066406976,1.6439831066406976,1.6440493366567672,2.683679342309933,2.6833839252406695,2.6833839252406695,2.683679342309933,1.6981988817788267,1.6980831410139186,1.6980831410139186,1.6981988817788267,0.4444532708514348,0.4444684496090367,0.4444684496090367,0.4444532708514348,20.02011569414337
400.0,46.77,77.436,4.091,6.137,1.6433192382622392,1.6432530588603902,1.6432530588603902,1.6433192382622392,2.686524423746558,2.6862298457083518,2.6862298457083518,2.686524423746558,1.702095059750077,1.7019807381919327,1.7019807381919327,1.702095059750077,0.4451077751426331,0.4451183944254242,0.4451183944254242,0.4451077751426331,20.0410812341806
400.0,46.832,58.699,2.595,3.068,1.6437259506846722,1.643660389015816,1.643660389015816,1.6437259506846722,2.684945252036784,2.6846543757235146,2.6846543757235146,2.684945252036784,1.6998667517734791,1.6997519132155343,1.6997519132155343,1.6998667517734791,0.4447459430349205,0.4447586856385298,0.4447586856385298,0.4447459430349205,20.02887630959344
400.0,46.844,94.591,2.685,4.235,1.6429133498793436,1.642846274422216,1.642846274422216,1.6429133498793436,2.688139894312125,2.687840482109899,2.687840482109899,2.688139894312125,1.7042219157213732,1.7041075708416051,1.7041075708416051,1.7042219157213732,0.4454784489714495,0.445487832524383,0.445487832524383,0.4454784489714495,20.052256586708925
400.0,46.899,74.457,4.401,6.001,1.6433520174463825,1.6432856519403245,1.6432856519403245,1.6433520174463825,2.6864224171669058,2.6861269786834647,2.6861269786834647,2.6864224171669058,1.7018158073341307,1.701701259480472,1.701701259480472,1.7018158073341307,0.4450854007828144,0.4450965226861613,0.4450965226861613,0.4450854007828144,20.03913661396876
400.0,47.039,48.237,3.157,5.861,1.643907828690618,1.6438418553232286,1.6438418553232286,1.643907828690618,2.6842814969857827,2.6839876407840766,2.6839876407840766,2.6842814969857827,1.6987324211867405,1.6986164667736952,1.6986164667736952,1.6987324211867405,0.4445943212344886,0.4446095471056431,0.4446095471056431,0.4445943212344886,20.02205726435962
400.0,47.109,84.455,3.133,5.735,1.643070530316378,1.6430039258636238,1.6430039258636238,1.643070530316378,2.687571141390265,2.687274588523056,2.687274588523056,2.687571141390265,1.703160352323123,1.7030456249196515,1.7030456249196515,1.703160352323123,0.4453507222058562,0.4453613037064795,0.4453613037064795,0.4453507222058562,20.045643563830787
400.0,47.134,66.894,5.604,3.805,1.6434602614844185,1.6433934802081749,1.6433934802081749,1.6434602614844185,2.686048165578652,2.685749966157806,2.685749966157806,2.686048165578652,1.7010481935873825,1.7009336402906097,1.7009336402906097,1.7010481935873825,0.4450015524143224,0.4450131056771149,0.4450131056771149,0.4450015524143224,20.03420379241771
400.0,47.289,84.975,6.414,6.062,1.6430106186375526,1.6429445071690731,1.6429445071690731,1.6430106186375526,2.6878403416601,2.6875469527980997,2.6875469527980997,2.6878403416601,1.7033370997198358,1.7032221968693986,1.7032221968693986,1.7033370997198358,0.445414471150389,0.4454252212642617,0.4454252212642617,0.445414471150389,20.04597686579984
400.0,47.318,81.424,4.508,3.034,1.6430831166624913,1.6430164913134524,1.6430164913137086,1.6430831166624913,2.687563549766941,2.6872666451364147,2.6872666451391245,2.687563549766941,1.702924617190842,1.7028100385447829,1.7028100385447829,1.702924617190842,0.4453511269266146,0.4453616332627574,0.4453616332627574,0.4453511269266146,20.04366201093075
400.0,47.366,58.111,2.723,5.351,1.643596611640186,1.6435298491656885,1.6435298491656885,1.643596611640186,2.685561785621867,2.6852632859379484,2.6852632859379484,2.685561785621867,1.700131648751212,1.7000169983605062,1.7000169983605062,1.700131648751212,0.4448921210209255,0.4449043759414741,0.4449043759414741,0.4448921210209255,20.028476946542035
400.0,47.398,50.595,6.151,5.397,1.6437582915905715,1.6436919231822869,1.6436919231822869,1.6437582915905715,2.6849365966016143,2.684640764784956,2.684640764784956,2.6849365966016143,1.6992426502634008,1.6991274073582594,1.6991274073582594,1.6992426502634008,0.4447486944563937,0.4447623968323195,0.4447623968323195,0.4447486944563937,20.02358181422516
400.0,47.436,27.822,3.185,4.019,1.644265519431148,1.644198957025602,1.644198957025602,1.644265519431148,2.682979832320507,2.6826823559139803,2.6826823559139803,2.682979832320507,1.696517706779317,1.6963973543679285,1.6963973543679285,1.696517706779317,0.4442954122389908,0.4443185080203359,0.4443185080203359,0.4442954122389908,20.00875685427551
400.0,47.511,13.627,5.597,5.491,1.6445693946182198,1.6445017491426848,1.6445017491426848,1.6445693946182198,2.681831151095738,2.6815267051118994,2.6815267051118994,2.681831151095738,1.695230540005798,1.6950834597235205,1.6950834597235205,1.695230540005798,0.4440108721029518,0.4440758127374022,0.4440758127374022,0.4440108721029518,19.999517537938928
400.0,47.525,99.799,6.037,2.607,1.64261506053351,1.642548002086108,1.642548002086108,1.64261506053351,2.6894563832668648,2.6891577562731577,2.6891577562731577,2.6894563832668648,1.7052859559336906,1.7051709997053943,1.7051709997053943,1.7052859559336906,0.4457865084154654,0.4457961998587864,0.4457961998587864,0.4457865084154654,20.05562820639701
400.0,47.901,50.146,3.982,2.785,1.6436334681967213,1.6435673609040853,1.6435673609040853,1.6436334681967213,2.68552230723602,2.6852282494820394,2.6852282494820394,2.68552230723602,1.6995050045676543,1.699388986304993,1.699388986304993,1.6995050045676543,0.4448877653115038,0.4449025113698691,0.4449025113698691,0.4448877653115038,20.023273738353968
400.0,47.934,71.905,4.752,5.513,1.6431335345734122,1.6430664441431944,1.6430664441431944,1.6431335345734122,2.6874913411715027,2.6871917667263774,2.6871917667263774,2.6874913411715027,1.7021597769956347,1.7020449863486211,1.7020449863486211,1.7021597769956347,0.4453402407776895,0.4453513985714267,0.4453513985714267,0.4453402407776895,20.037442272445453
400.0,47.999,66.802,5.835,4.393,1.6432307357002347,1.6431643269653742,1.6431643269653742,1.6432307357002347,2.687118857670357,2.6868234280693377,2.6868234280693377,2.687118857670357,1.7015829655987096,1.70146782539995,1.70146782539995,1.7015829655987096,0.4452556529948761,0.445267727804008,0.445267727804008,0.4452556529948761,20.034116585463327
400.0,48.076,38.746,4.043,6.262,1.643845071146529,1.6437784810251723,1.6437784810251723,1.643845071146529,2.6847359956631123,2.6844388388547906,2.6844388388547906,2.6847359956631123,1.698237205497357,1.698120102916441,1.698120102916441,1.698237205497357,0.4447077589432147,0.4447249309046923,0.4447249309046923,0.4447077589432147,20.015846910422027
400.0,48.142,54.486,4.694,4.417,1.6434707004465403,1.6434043199519723,1.6434043199519723,1.6434707004465403,2.6862076634108605,2.685911865900768,2.685911865900768,2.6862076634108605,1.7001820151987703,1.7000662286803352,1.7000662286803352,1.7001820151987703,0.445047418357274,0.4450614069884429,0.4450614069884429,0.445047418357274,20.02609225855052
400.0,48.265,58.065,4.886,6.006,1.6433571962038416,1.6432900522906924,1.6432900522906924,1.6433571962038416,2.6866801186154485,2.686379851760415,2.686379851760415,2.6866801186154485,1.7006925791872822,1.7005774004045158,1.7005774004045158,1.7006925791872822,0.4451570488453341,0.4451697308467828,0.4451697308467828,0.4451570488453341,20.028418746458478
400.0,48.4,67.205,2.923,2.729,1.6431143793125396,1.6430482297291562,1.6430482297291562,1.6431143793125396,2.6876548450574367,2.687361032670386,2.687361032670386,2.6876548450574367,1.70188482556987,1.7017694781480532,1.7017694781480532,1.70188482556987,0.4453825658456502,0.4453948310937098,0.4453948310937098,0.4453825658456502,20.03436624376425
400.0,48.801,49.228,2.669,5.985,1.643413327775617,1.6433464290162487,1.6433464290162487,1.643413327775617,2.6865659833439497,2.6862673845059373,2.6862673845059373,2.6865659833439497,1.6999604514456608,1.6998445866483127,1.6998445866483127,1.6999604514456608,0.4451358671367413,0.4451499877528886,0.4451499877528886,0.4451358671367413,20.022647687437168
400.0,48.832,41.301,4.012,5.435,1.6435842111255312,1.643517691674032,1.643517691674032,1.6435842111255312,2.685901954829143,2.685605593834152,2.685605593834152,2.685901954829143,1.6990212090139534,1.6989039890482425,1.6989039890482425,1.6990212090139534,0.4449829866126175,0.4449998352719241,0.4449998352719241,0.4449829866126175,20.017486830404174
400.0,48.897,14.809,6.262,2.525,1.6441693115194995,1.644100459269089,1.644100459269089,1.6441693115194995,2.6836557976211144,2.683344626863444,2.683344626863444,2.6836557976211144,1.6961845918087073,1.6960435299160073,1.6960435299160073,1.6961845918087073,0.4444480797110578,0.4445028853532567,0.4445028853532567,0.4444480797110578,20.00024386402589
400.0,48.988,68.816,5.428,3.869,1.642921814991311,1.6428546907007875,1.6428546907007875,1.642921814991311,2.688536068670498,2.68823646297466,2.68823646297466,2.688536068670498,1.7024508477665947,1.7023358844719825,1.7023358844719825,1.7024508477665947,0.4455900841536409,0.4456013192842182,0.4456013192842182,0.4455900841536409,20.0353969492053
400.0,49.043,72.133,4.237,5.612,1.6428324235167404,1.6427651935331775,1.6427651935331775,1.6428324235167404,2.6889000112448125,2.688600065556364,2.688600065556364,2.6889000112448125,1.7028883557945946,1.7027730000116232,1.7027730000116232,1.7028883557945946,0.4456737354043082,0.4456853298586245,0.4456853298586245,0.4456737354043082,20.037555756345053
400.0,49.084,17.101,3.181,3.136,1.6440656800015014,1.643998938357947,1.643998938357947,1.6440656800015014,2.6840830045286803,2.683784850633019,2.683784850633019,2.6840830045286803,1.6964667593726317,1.696334253092969,1.696334253092969,1.6964667593726317,0.4445561510445402,0.4445975872405656,0.4445975872405656,0.4445561510445402,20.001729434495893
400.0,49.125,45.973,5.532,5.012,1.6434001418632125,1.6433331414498258,1.6433331414498258,1.6434001418632125,2.686682987047853,2.6863836110932264,2.6863836110932264,2.686682987047853,1.699770843747968,1.699654376250325,1.699654376250325,1.699770843747968,0.445165353267897,0.445180555987164,0.445180555987164,0.445165353267897,20.0205187435136
400.0,49.16,20.801,4.62,3.02,1.6439607992556815,1.643894556140422,1.643894556140422,1.6439607992556815,2.684501433006795,2.684206687469416,2.684206687469416,2.684501433006795,1.6967853622271136,1.6966569602857893,1.6966569602857893,1.6967853622271136,0.4446564232569317,0.4446914835926915,0.4446914835926915,0.4446564232569317,20.004134639517737
400.0,49.171,44.809,3.13,4.972,1.6434142588501957,1.6433473388704951,1.6433473388704951,1.6434142588501957,2.6866364049739264,2.686337996861988,2.686337996861988,2.6866364049739264,1.6996586584992703,1.6995421015367411,1.6995421015367411,1.6996586584992703,0.4451551771591787,0.445170537014223,0.445170537014223,0.4451551771591787,20.01975942719146
400.0,49.175,34.414,5.266,4.697,1.6436487418989385,1.6435812416843223,1.6435812416843223,1.6436487418989385,2.6857241750046823,2.6854212234111223,2.6854212234111223,2.6857241750046823,1.698404092720463,1.698285896565819,1.698285896565819,1.698404092720463,0.4449440643721761,0.4449627700394238,0.4449627700394238,0.4449440643721761,20.01299272270867
400.0,49.373,93.69,5.934,5.8,1.6422609312162708,1.6421937519682746,1.6421937519682746,1.6422609312162708,2.69123486958327,2.6909356952253853,2.6909356952253853,2.69123486958327,1.7057157972527028,1.7056004412108958,1.7056004412108958,1.7057157972527028,0.4462117922567326,0.4462217610131282,0.4462217610131282,0.4462117922567326,20.051589139772886
400.0,49.378,29.55,5.039,3.281,1.6437038444038243,1.6436374870098154,1.6436374870098154,1.6437038444038243,2.685544032219904,2.6852487461041656,2.6852487461041656,2.685544032219904,1.6979451861029489,1.6978237693651217,1.6978237693651217,1.6979451861029489,0.4449031245883404,0.4449270545838911,0.4449270545838911,0.4449031245883404,20.009821578767024
400.0,49.642,44.824,5.492,3.852,1.6432878165573312,1.6432207612313563,1.6432207612313563,1.6432878165573312,2.687225930822009,2.6869267243401547,2.6869267243401547,2.687225930822009,1.6999569534233328,1.699840292976942,1.699840292976942,1.6999569534233328,0.4452949337899883,0.4453102860814323,0.4453102860814323,0.4452949337899883,20.01975451949295
400.0,49.676,49.236,5.22,3.407,1.64317870582719,1.6431122693196838,1.6431122693196838,1.64317870582719,2.687657983751136,2.6873630284622507,2.6873630284622507,2.687657983751136,1.7005130014221006,1.7003964272030183,1.7003964272030183,1.7005130014221006,0.4453949224629622,0.4454097873813718,0.4454097873813718,0.4453949224629622,20.022625719300443
400.0,49.847,39.549,4.867,5.065,1.6433519015423048,1.643285211913199,1.643285211913199,1.6433519015423048,2.687014041483861,2.6867172387463283,2.6867172387463283,2.687014041483861,1.6994481831328505,1.6993301742489202,1.6993301742489202,1.6994481831328505,0.4452475860045871,0.4452653197911231,0.4452653197911231,0.4452475860045871,20.016314650726216
400.0,49.924,62.318,6.225,3.227,1.6428180561310246,1.6427513145049015,1.6427513145049015,1.6428180561310246,2.6891302058720856,2.688833486387008,2.688833486387008,2.6891302058720856,1.7022545491421286,1.7021387139277653,1.7021387139277653,1.7022545491421286,0.4457352026218359,0.4457478880928386,0.4457478880928386,0.4457352026218359,20.031136195900668
400.0,50.003,56.186,3.26,4.409,1.642934970555324,1.6428680377883331,1.6428680377883331,1.642934970555324,2.68868522675096,2.6883872159236613,2.6883872159236613,2.68868522675096,1.7015609614749023,1.7014450779543029,1.7014450779543029,1.7015609614749023,0.4456338304284709,0.4456470088856035,0.4456470088856035,0.4456338304284709,20.027140461918982
400.0,50.031,93.278,4.797,4.025,1.642096053344064,1.642028226251553,1.642028226251553,1.642096053344064,2.692028012127972,2.69172533863078,2.69172533863078,2.692028012127972,1.7060830449449969,1.7059675830975425,1.7059675830975425,1.7060830449449969,0.4463993847156481,0.4464092196940661,0.4464092196940661,0.4463993847156481,20.051299866421832
400.0,50.052,82.253,5.656,4.115,1.6423369157656371,1.6422693209445418,1.6422693209445418,1.6423369157656371,2.691069576529356,2.6907681232220857,2.6907681232220857,2.691069576529356,1.704755872108611,1.7046405923953205,1.7046405923953205,1.704755872108611,0.4461805664973536,0.4461908282722812,0.4461908282722812,0.4461805664973536,20.044116046746
400.0,50.07,92.383,3.734,4.969,1.642105405207806,1.6420378964009716,1.6420378964009716,1.642105405207806,2.691996949614809,2.6916962036691583,2.6916962036691583,2.691996949614809,1.7059993241830194,1.7058837225333154,1.7058837225333154,1.7059993241830194,0.4463927821726648,0.4464028729672218,0.4464028729672218,0.4463927821726648,20.050715333409133
400.0,50.128,59.448,2.857,6.156,1.6428286168446884,1.6427609832850305,1.6427609832850305,1.6428286168446884,2.689134208789574,2.688831927839011,2.688831927839011,2.689134208789574,1.7020353683031753,1.701919722375476,1.701919722375476,1.7020353683031753,0.4457376753860503,0.4457501483457221,0.4457501483457221,0.4457376753860503,20.029260760213653
400.0,50.244,61.237,3.28,3.941,1.6427570591174068,1.6426902240756631,1.6426902240756631,1.6427570591174068,2.6894355090574718,2.68913839084178,2.68913839084178,2.6894355090574718,1.7023254298227093,1.702209835272407,1.702209835272407,1.7023254298227093,0.4458084983820334,0.445820731658149,0.445820731658149,0.4458084983820334,20.030422139048955
400.0,50.37,80.595,4.838,5.086,1.6422894137895856,1.6422219265023774,1.6422219265023774,1.6422894137895856,2.6913217224058648,2.691020810866903,2.691020810866903,2.6913217224058648,1.7047561397699138,1.7046406679287205,1.7046406679287205,1.7047561397699138,0.4462413408656082,0.4462519378255959,0.4462519378255959,0.4462413408656082,20.04302600024996
400.0,50.448,77.254,4.15,5.159,1.6423438363233052,1.6422759605562034,1.6422759605562034,1.6423438363233052,2.6911221983748455,2.690819321311955,2.690819321311955,2.6911221983748455,1.7043993726171394,1.704283700131362,1.704283700131362,1.7043993726171394,0.4461960916670894,0.4462071155770495,0.4462071155770495,0.4461960916670894,20.040846939400225
400.0,50.513,92.586,2.965,3.889,1.641983592700666,1.6419157202306462,1.6419157202306462,1.641983592700666,2.6925748265263,2.692271810200236,2.692271810200236,2.6925748265263,1.7063052163134709,1.70618974013979,1.70618974013979,1.7063052163134709,0.4465292235882972,0.446538947336689,0.446538947336689,0.4465292235882972,20.05083329655368
400.0,50.651,27.72,6.432,6.388,1.643403764819627,1.6433369537865306,1.6433369537865306,1.643403764819627,2.6869715694202028,2.686674263852266,2.686674263852266,2.6869715694202028,1.6985243647694364,1.6984021261904343,1.6984021261904343,1.6985243647694364,0.4452426045001527,0.4452672297608563,0.4452672297608563,0.4452426045001527,20.008590501590675
400.0,50.676,43.575,4.213,4.01,1.6430393571527098,1.642972099482154,1.642972099482154,1.6430393571527098,2.688409626096653,2.6881095367082186,2.6881095367082186,2.688409626096653,1.70045763864213,1.7003405243118763,1.7003405243118763,1.70045763864213,0.4455761701957554,0.4455918775166232,0.4455918775166232,0.4455761701957554,20.01890902906912
400.0,50.77,32.629,4.62,3.636,1.6432611419390757,1.643193860086302,1.643193860086302,1.6432611419390757,2.687556706558465,2.6872559922711394,2.6872559922711394,2.687556706558465,1.6991919566981974,1.6990729592027238,1.6990729592027238,1.6991919566981974,0.4453800701127791,0.4453993734881845,0.4453993734881845,0.4453800701127791,20.011781648240095
400.0,50.803,44.884,3.533,4.689,1.642975628845424,1.642908845500506,1.642908845500506,1.642975628845424,2.68868359542825,2.6883866371133878,2.6883866371133878,2.68868359542825,1.7006966075674208,1.7005793189115563,1.7005793189115563,1.7006966075674208,0.4456404463322315,0.4456563129672316,0.4456563129672316,0.4456404463322315,20.01975776634377
400.0,50.88,23.328,5.851,4.961,1.6434420549074564,1.6433747901579054,1.6433747901579054,1.6434420549074564,2.6868695199592376,2.6865690313480446,2.6865690313480446,2.6868695199592376,1.6981375146804412,1.698012474251508,1.698012474251508,1.6981375146804412,0.4452189757529245,0.4452480961441417,0.4452480961441417,0.4452189757529245,20.005725560710648
400.0,50.925,18.231,3.299,3.735,1.6435452220183824,1.643478427953269,1.643478427953269,1.6435452220183824,2.686473015334132,2.6861756629091813,2.6861756629091813,2.686473015334132,1.697708535402911,1.6975753507199196,1.6975753507199196,1.697708535402911,0.4451227269185267,0.4451644273319387,0.4451644273319387,0.4451227269185267,20.00240768477821
400.0,50.974,87.633,3.436,4.734,1.6419719528402843,1.6419044735083574,1.6419044735083574,1.6419719528402843,2.6927112377137217,2.6924109668165888,2.6924109668165888,2.6927112377137217,1.7059951020444928,1.7058792401048588,1.7058792401048588,1.7059951020444928,0.4465650510509088,0.4465754612228769,0.4465754612228769,0.4465650510509088,20.04759178945147
400.0,51.065,25.658,4.361,5.727,1.6433395958534684,1.6432723043627142,1.6432723043627142,1.6433395958534684,2.6873074988891323,2.687006925047178,2.687006925047178,2.6873074988891323,1.698535683194775,1.6984119605814936,1.6984119605814936,1.698535683194775,0.445322252762318,0.4453491616491054,0.4453491616491054,0.445322252762318,20.007236095083197
400.0,51.078,45.013,4.273,4.045,1.642899123019799,1.6428325765456029,1.6428325765456029,1.642899123019799,2.689038672365683,2.6887435213497057,2.6887435213497057,2.689038672365683,1.7008858109323453,1.700768183087365,1.700768183087365,1.7008858109323453,0.4457245179336132,0.445740749265149,0.445740749265149,0.4457245179336132,20.019832578071608
400.0,51.161,25.545,3.985,5.718,1.6433161997582555,1.643249600786186,1.643249600786186,1.6433161997582555,2.687414884289684,2.687119026176243,2.687119026176243,2.687414884289684,1.698582354424926,1.6984583352281342,1.6984583352281342,1.698582354424926,0.4453481689089258,0.445375446320215,0.445375446320215,0.4453481689089258,20.007159627274238
400.0,51.424,21.195,3.676,5.942,1.643344361764936,1.643277277398561,1.643277277398561,1.643344361764936,2.687359096686352,2.6870602038691804,2.6870602038691804,2.687359096686352,1.698239502920839,1.6981115877977102,1.6981115877977102,1.698239502920839,0.4453347811308007,0.4453680244885491,0.4453680244885491,0.4453347811308007,20.004320888827728
400.0,51.452,50.547,3.722,3.037,1.642674871299507,1.6426082874161252,1.6426082874161252,1.642674871299507,2.6899999418028124,2.6897046238865028,2.6897046238865028,2.6899999418028124,1.7017925789357031,1.701675525121523,1.701675525121523,1.7017925789357031,0.4459488913479191,0.4459636609474877,0.4459636609474877,0.4459488913479191,20.02342381554866
400.0,51.47,86.947,3.716,3.971,1.6418559167250897,1.6417881250033648,1.6417881250033648,1.6418559167250897,2.693276527988533,2.692974816208543,2.692974816208543,2.693276527988533,1.7062266369231889,1.7061106290205164,1.7061106290205164,1.7062266369231889,0.4466990255768527,0.4467094635746131,0.4467094635746131,0.4466990255768527,20.04712880423972
400.0,51.478,28.355,2.677,3.027,1.6431677922545709,1.6431009757203776,1.6431009757203323,1.6431677922545709,2.6880611875470093,2.6877639779955143,2.687763976516343,2.6880611875470093,1.6991212010726215,1.698999253779636,1.698999253779636,1.6991212010726215,0.4455009317246725,0.4455248069211704,0.4455248069211704,0.4455009317246725,20.008977872340868
400.0,51.596,56.279,5.138,4.554,1.6425078080871112,1.6424411085246549,1.6424411085246549,1.6425078080871112,2.690692248026314,2.6903959390143424,2.6903959390143424,2.690692248026314,1.7025789687979964,1.7024624431171425,1.7024624431171425,1.7025789687979964,0.446109137882576,0.4461226672834351,0.4461226672834351,0.446109137882576,20.02715054183649
400.0,51.673,19.417,4.755,3.217,1.6433177669029142,1.643250603720016,1.643250603720016,1.6433177669029142,2.6875129830846287,2.6872136453964126,2.6872136453964126,2.6875129830846287,1.6982667066093382,1.6981355814170125,1.6981355814170125,1.6982667066093382,0.445370093132252,0.4454082697685919,0.4454082697685919,0.445370093132252,20.003155875416034
400.0,51.774,84.201,5.386,5.93,1.6418365255846603,1.6417685710866567,1.6417685710866567,1.6418365255846603,2.693416139160861,2.693113201331275,2.693113201331275,2.693416139160861,1.7060859015124894,1.7059700063923169,1.7059700063923169,1.7060859015124894,0.4467339263129649,0.4467442517044443,0.4467442517044443,0.4467339263129649,20.045330543033597
400.0,51.8,91.675,5.383,2.727,1.6416629580531856,1.6415954810503626,1.6415954810503626,1.6416629580531856,2.6941168985630304,2.693817173507226,2.693817173507226,2.6941168985630304,1.707012152931507,1.7068962679258812,1.7068962679258812,1.707012152931507,0.4468947146839699,0.4469045605741767,0.4469045605741767,0.4468947146839699,20.050198668313215
400.0,51.816,58.301,5.147,3.736,1.6424042974381137,1.6423367147720571,1.6423367147720571,1.6424042974381137,2.6911518581264997,2.6908504716197874,2.6908504716197874,2.6911518581264997,1.7029634484015417,1.7028473518646572,1.7028473518646572,1.7029634484015417,0.4462163407786271,0.4462288854020159,0.4462288854020159,0.4462163407786271,20.028460690526256
400.0,51.859,55.943,6.076,2.973,1.64244579224622,1.6423782862247216,1.6423782862247216,1.64244579224622,2.690995077463412,2.6906942060551975,2.6906942060551975,2.690995077463412,1.7027043685755696,1.7025878377907802,1.7025878377907802,1.7027043685755696,0.4461805747842016,0.4461939719057033,0.4461939719057033,0.4461805747842016,20.026923915378195
400.0,52.16,96.971,4.706,3.97,1.6414502453292967,1.6413821782803308,1.6413821782803308,1.6414502453292967,2.6950503416067955,2.694747025463139,2.694747025463139,2.6950503416067955,1.7078868666014224,1.7077707015821535,1.7077707015821535,1.7078868666014224,0.4471109743321443,0.4471207200149269,0.4471207200149269,0.4471109743321443,20.05363817943168
400.0,52.172,57.21,2.765,3.996,1.642334263083033,1.6422661210757858,1.6422661210757858,1.642334263083033,2.691504344446668,2.6911995530904567,2.6911995530904567,2.691504344446668,1.7030563169661013,1.7029400680919553,1.7029400680919553,1.7030563169661013,0.4463000782968846,0.4463127643856414,0.4463127643856414,0.4463000782968846,20.02773945459641
400.0,52.186,50.711,2.833,5.88,1.642476325532488,1.6424080872644389,1.6424080872644389,1.642476325532488,2.6909422476277856,2.6906369716541128,2.6906369716541128,2.6909422476277856,1.7022762262378317,1.7021594096739652,1.7021594096739652,1.7022762262378317,0.4461710714359996,0.4461850559633003,0.4461850559633003,0.4461710714359996,20.023507370973025
400.0,52.344,21.152,4.294,4.827,1.6430984592044218,1.643031581891896,1.643031581891896,1.6430984592044218,2.6885060631077318,2.688209103660544,2.688209103660544,2.6885060631077318,1.6988178384489974,1.698688648191514,1.698688648191514,1.6988178384489974,0.4456061769773469,0.4456410046008783,0.4456410046008783,0.4456061769773469,20.004263871322493
400.0,52.379,54.379,5.272,4.968,1.6423423955622398,1.6422747847670516,1.6422747847670516,1.6423423955622398,2.691509964997708,2.6912088169118524,2.6912088169118524,2.691509964997708,1.702843291296548,1.7027267862727966,1.7027267862727966,1.702843291296548,0.4463036396294111,0.4463168346144827,0.4463168346144827,0.4463036396294111,20.025888915426822
400.0,52.381,29.874,4.408,5.932,1.6428919199197016,1.6428251551918354,1.6428251551918354,1.6428919199197016,2.689326668434101,2.689029919433346,2.689029919433346,2.689326668434101,1.6998738342998136,1.699751940461126,1.699751940461126,1.6998738342998136,0.445800048995434,0.4458233719655799,0.4458233719655799,0.445800048995434,20.00993859514918
400.0,52.384,39.038,3.358,3.228,1.6426852719348504,1.6426177017528814,1.6426177017528814,1.6426852719349183,2.6901485649041845,2.6898470720501284,2.6898470720501284,2.6901485649049475,1.7009854600993073,1.700867045449218,1.700867045449218,1.7009854600993073,0.4459904605316127,0.4460078226390423,0.4460078226390423,0.4459904605316127,20.015902497579567
400.0,52.391,20.003,4.929,3.768,1.6431120863086393,1.6430447002616784,1.6430447002616784,1.6431120863086393,2.6884641540586838,2.688163686638771,2.688163686638771,2.6884641540586838,1.6987620052898218,1.6986333422618307,1.6986333422618307,1.6987620052898218,0.4455971207088355,0.4456311175506688,0.4456311175506688,0.4455971207088355,20.003514638452575
400.0,52.456,55.241,4.674,5.8,1.6423025010225565,1.642235092846399,1.6422350928466871,1.6423025010225565,2.6916833826599094,2.6913835633269487,2.6913835648307707,2.6916833826599094,1.7029967748970734,1.7028802877591491,1.7028802877591491,1.7029967748970734,0.4463442773339239,0.4463573255802182,0.4463573255802182,0.4463442773339239,20.02644805706785
400.0,52.612,29.414,3.827,4.386,1.6428410898078876,1.6427734943620829,1.6427734943620829,1.6428410898078876,2.6895773190872743,2.689275806453012,2.689275806453012,2.6895773190872743,1.6999630355771684,1.699841655931884,1.699841655931884,1.6999630355771684,0.4458596506884067,0.4458820416901004,0.4458820416901004,0.4458596506884067,20.00963144372639
400.0,52.719,72.496,4.83,3.244,1.6418469024600155,1.6417792451138011,1.6417792451138011,1.6418469024600155,2.6935604082001112,2.6932594809936408,2.6932594809936408,2.6935604082001112,1.705261799895049,1.7051451789147722,1.7051451789147722,1.705261799895049,0.446776000269724,0.4467879282074418,0.4467879282074418,0.446776000269724,20.0376757355187
400.0,52.733,83.111,3.166,2.97,1.6416068957536782,1.641539031706582,1.641539031706582,1.6416068957536782,2.694530305995477,2.6942286268927846,2.6942286268927846,2.694530305995477,1.7065624943092743,1.7064463422289091,1.7064463422289091,1.7065624943092743,0.4469981264673585,0.4470084856678859,0.4470084856678859,0.4469981264673585,20.04458919778724
400.0,52.841,36.327,4.557,4.607,1.6426243761104644,1.6425567129325964,1.6425567129325964,1.6426243761104644,2.6904806999155557,2.690178897016821,2.690178897016821,2.6904806999155557,1.7009448395210702,1.7008260964424473,1.7008260964424473,1.7009448395210702,0.4460708495900196,0.4460885895951513,0.4460885895951513,0.4460708495900196,20.014123585585576
400.0,52.932,30.546,3.46,6.498,1.64272979267997,1.6426626707498817,1.6426626707498817,1.64272979267997,2.690078263712499,2.6897798278571656,2.6897798278571656,2.690078263712499,1.7003021438763106,1.7001807168756549,1.7001807168756549,1.7003021438763106,0.4459779118964417,0.4460002092060501,0.4460002092060501,0.4459779118964417,20.01035784300896
400.0,52.938,64.189,3.302,4.371,1.6419745365312008,1.641906541706367,1.641906541706367,1.6419745365312008,2.6930931121467827,2.6927900073130533,2.6927900073130533,2.6930931121467827,1.704389675208774,1.704273172125773,1.704273172125773,1.704389675208774,0.4466711841205716,0.4466834029513787,0.4466834029513787,0.4466711841205716,20.032259144740323
400.0,52.95,34.014,6.193,4.041,1.6426473485653272,1.6425796121621168,1.6425796121621168,1.6426473485653272,2.6904119445540484,2.690110052123861,2.690110052123861,2.6904119445540484,1.7007337115524983,1.700613572481791,1.700613572481791,1.7007337115524983,0.4460550865921648,0.4460750949515064,0.4460750949515064,0.4460550865921648,20.012614723085928
400.0,53.082,46.188,3.662,3.071,1.6423388461997122,1.642270953098628,1.642270953098628,1.6423388461997122,2.691664611183356,2.6913618252163487,2.6913618252163487,2.691664611183356,1.7022936960770805,1.7021761761067609,1.7021761761067609,1.7022936960770805,0.4463450833296739,0.4463601792473492,0.4463601792473492,0.4463450833296739,20.02053427564319
400.0,53.137,59.906,3.427,3.301,1.6420171127318892,1.6419496266663312,1.6419496266663312,1.6420171127318892,2.6929588259919472,2.692658885410294,2.692658885410294,2.6929588259919472,1.7039949740805975,1.703878216595229,1.703878216595229,1.7039949740805975,0.4466426333848248,0.4466554995240478,0.4466554995240478,0.4466426333848248,20.02946384930009
400.0,53.192,65.574,4.318,4.777,1.6418760469602165,1.6418084367298258,1.6418084367298258,1.641876046960394,2.6935362799205698,2.6932360079151563,2.6932360079151563,2.6935363020925407,1.7047191858338762,1.704602512776748,1.704602512776748,1.7047191858338762,0.4467752591223484,0.446787525603774,0.446787525603774,0.4467752591223484,20.033152845022688
400.0,53.215,73.466,4.248,4.301,1.6416938705857669,1.6416260301933734,1.6416260301933734,1.6416938705857669,2.694275153126882,2.693972901328225,2.693972901328225,2.694275153126882,1.7056944773573202,1.7055783336258206,1.7055783336258206,1.7056944773573202,0.4469445467970452,0.446955480220545,0.446955480220545,0.4469445467970452,20.03829177209804
400.0,53.354,73.754,3.388,6.148,1.6416505620208923,1.6415827367726328,1.6415827367726328,1.6416505620208923,2.6944766812797885,2.6941748166106287,2.6941748166106287,2.6944766812797885,1.7058180400132426,1.7057015530622412,1.7057015530622412,1.7058180400132426,0.4469917923409827,0.447003160065744,0.447003160065744,0.4469917923409827,20.038474768850712
400.0,53.374,48.33,6.371,3.566,1.6422131346177773,1.6421456385063815,1.6421456385063815,1.6422131346180422,2.6922217454157567,2.6919218800328504,2.6919218800328504,2.692221723266742,1.7027384453941614,1.7026204148919803,1.7026204148919803,1.7027384453941614,0.4464754000299779,0.4464910061760941,0.4464910061760941,0.4464754000299779,20.02191968559269
400.0,53.38,29.394,3.104,5.336,1.6426356745479886,1.6425691939321525,1.6425691939321525,1.6426356745479886,2.6905366106062893,2.690242174117328,2.690242174117328,2.6905366106062893,1.7004450415107055,1.7003235961614376,1.7003235961614376,1.7004450415107055,0.4460877804310408,0.4461099959106277,0.4461099959106277,0.4460877804310408,20.0095944119886
400.0,53.381,81.324,4.913,3.489,1.641475180948914,1.641407084745225,1.641407084745225,1.641475180948914,2.695191220774386,2.694888096400697,2.694888096400697,2.695191220774386,1.706757089883386,1.7066406105242864,1.7066406105242864,1.706757089883386,0.4471551995204474,0.4471659425262175,0.4471659425262175,0.4471551995204474,20.043404405415775
400.0,53.466,31.982,6.45,5.342,1.6425547534790763,1.6424876153808412,1.6424876153808412,1.6425547534790763,2.690877871848301,2.6905798008577926,2.6905798008577926,2.690877871848301,1.700813638594459,1.7006924176190366,1.7006924176190366,1.700813638594459,0.4461665585053307,0.4461881695967828,0.4461881695967828,0.4461665585053307,20.011276157260404
400.0,53.556,43.231,2.607,2.904,1.6422787445666616,1.6422111512442112,1.6422111512442112,1.6422787445666616,2.6919965930941694,2.6916958178465524,2.6916958178465524,2.6919965930941694,1.7022344240042455,1.7021164717078483,1.7021164717078483,1.7022344240042455,0.4464256792874801,0.4464414260013141,0.4464414260013141,0.4464256792874801,20.018594291409496
400.0,53.557,13.219,3.483,6.186,1.6429540439338275,1.6428842445048335,1.6428842445048335,1.6429540439338275,2.6893301529404323,2.689015075543454,2.689015075543454,2.6893301529404323,1.6990061300771808,1.6988572499418009,1.6988572499418009,1.6990061300771808,0.4457900935707161,0.4458550891559018,0.4458550891559018,0.4457900935707161,19.999063952650246
400.0,53.644,66.314,5.037,6.411,1.6417398197694346,1.6416719323986912,1.6416719323986912,1.6417398197694346,2.694175106347651,2.6938729860503474,2.6938729860503474,2.694175106347651,1.705096086766006,1.7049792570242832,1.7049792570242832,1.705096086766006,0.446925460682761,0.4469377227680284,0.4469377227680284,0.446925460682761,20.03362035945604
400.0,53.649,68.266,3.415,4.307,1.6416948567529055,1.6416269059831632,1.6416269059831632,1.6416948567529055,2.6943572679222174,2.694054928460572,2.694054928460572,2.6943572679222174,1.70533715739216,1.7052203029870086,1.7052203029870086,1.70533715739216,0.4469671050728211,0.4469792889620322,0.4469792889620322,0.4469671050728211,20.034890868684805
400.0,53.83,35.996,6.19,3.55,1.6423679023909583,1.6423005834891424,1.6423005834891424,1.6423679023909583,2.691693697985955,2.6913943187490417,2.6913943187490417,2.691693697985955,1.7015295878988337,1.7014094871850898,1.7014094871850898,1.7015295878988337,0.446357576629442,0.4463771276609633,0.4463771276609633,0.446357576629442,20.01387670797573
400.0,53.921,16.885,4.81,6.356,1.6427733484010023,1.6427052157975883,1.6427052157975883,1.6427733484010023,2.6901070034123027,2.6898027719274986,2.6898027719274986,2.6901070034123027,1.6995016537824523,1.6993641832687372,1.6993641832687372,1.6995016537824523,0.4459816532799651,0.4460287059998414,0.4460287059998414,0.4459816532799651,20.001438294542552
400.0,53.975,53.04,6.312,3.624,1.6419478874797724,1.6418803162098603,1.6418803162098603,1.6419478874797724,2.6934022804086344,2.6931020725404644,2.6931020725404644,2.6934022804086344,1.7036914017060645,1.703573996077575,1.703573996077575,1.7036914017060645,0.4467518694974471,0.4467659147245268,0.4467659147245268,0.4467518694974471,20.024966476877225
400.0,54.173,41.475,3.408,6.407,1.6421538620811005,1.6420863490299271,1.6420863490299271,1.6421538620811005,2.692616803475014,2.6923170253882582,2.6923170253882582,2.692616803475014,1.702411643116404,1.7022927486314092,1.7022927486314092,1.702411643116404,0.4465730986767263,0.446590178658959,0.446590178658959,0.4465730986767263,20.017431747423576
400.0,54.217,56.99,5.192,4.438,1.641795627962524,1.6417278082540143,1.6417278082540143,1.641795627962524,2.6940632832523854,2.693762204241448,2.693762204241448,2.6940632832523854,1.704325358960236,1.7042080113708329,1.7042080113708329,1.704325358960236,0.4469053634565088,0.446918828396995,0.446918828396995,0.4469053634565088,20.027530563389966
400.0,54.265,82.872,5.489,3.799,1.6412070827891634,1.6411392402539164,1.6411392402539164,1.6412070827891634,2.6964511604475345,2.6961503922854053,2.6961503922854053,2.6964511604475345,1.7075087817232817,1.7073916316494802,1.7073916316494802,1.7075087817232817,0.4474515050729544,0.447462781011175,0.447462781011175,0.4474515050729544,20.044384727643575
400.0,54.398,47.266,5.977,2.635,1.6419644672896865,1.641896789158083,1.641896789158083,1.6419644672896865,2.6934203429226247,2.6931194710104966,2.6931194710104966,2.6934203429226247,1.7032577279693677,1.703139889467544,1.703139889467544,1.7032577279693677,0.4467597987671556,0.4467747556219662,0.4467747556219662,0.4467597987671556,20.0211941647562
400.0,54.422,75.201,4.676,3.728,1.6413358394923048,1.6412679470475198,1.6412679470475198,1.6413358394923048,2.695960564758816,2.6956590978106845,2.6956590978106845,2.695960564758816,1.7066734787761375,1.706556698429626,1.706556698429626,1.7066734787761375,0.4473412638735681,0.4473524578938744,0.4473524578938744,0.4473412638735681,20.039383148002397
400.0,54.487,94.497,4.088,4.716,1.6408911543354938,1.640822769849667,1.640822769849667,1.6408911543354938,2.6977847119478997,2.6974806755663767,2.6974806755663767,2.6977847119478997,1.709069210499076,1.7089522604762262,1.7089522604762262,1.709069210499076,0.4477578071436139,0.4477679142370539,0.4477679142370539,0.4477578071436139,20.051950798502567
400.0,54.743,80.469,2.76,5.983,1.6411343995761627,1.6410660384444755,1.6410660384444755,1.6411343995761627,2.696844173619007,2.6965400751203723,2.6965400751203723,2.696844173619007,1.7075200515739335,1.7074033575870768,1.7074033575870768,1.7075200515739335,0.4475459661287253,0.4475564875790111,0.4475564875790111,0.4475459661287253,20.042804142916157
400.0,54.803,84.077,4.15,4.8,1.6410387471101036,1.6409703317544857,1.6409703317544857,1.6410387471101036,2.69724528047408,2.696940985845212,2.696940985845212,2.69724528047408,1.70799816119348,1.7078814152140502,1.7078814152140502,1.70799816119348,0.447638042642622,0.4476483541466907,0.4476483541466907,0.447638042642622,20.04515209274922
400.0,54.961,38.095,2.927,3.58,1.6420196962226214,1.6419522035729477,1.6419522035729477,1.6420196962226214,2.693308702286189,2.693009367324748,2.693009367324748,2.693308702286189,1.7024997897467669,1.7023803673607931,1.7023803673607931,1.7024997897467669,0.4467388952238683,0.4467566632300146,0.4467566632300146,0.4467388952238683,20.015206985607406
400.0,54.977,95.17,5.815,4.683,1.64074722637804,1.6406790136271725,1.6406790136271725,1.64074722637804,2.698468881160786,2.698166180764725,2.698166180764725,2.698468881160786,1.7094640539109662,1.709347167469863,1.709347167469863,1.7094640539109662,0.4479189789578759,0.4479287122667083,0.4479287122667083,0.4479189789578759,20.052373783556398
400.0,54.978,44.204,4.065,4.421,1.6418789483096183,1.6418110197666556,1.6418110197666556,1.6418789483096183,2.693879131170528,2.6935769451185867,2.6935769451185867,2.693879131170528,1.7032529732567474,1.7031342109194154,1.7031342109194154,1.7032529732567474,0.4468696274838778,0.4468859699057009,0.4468859699057009,0.4468696274838778,20.0191828180074
400.0,54.982,55.095,3.705,5.84,1.641634984797972,1.6415668170821427,1.6415668170821427,1.641634984797972,2.6948626328103478,2.694559433606852,2.694559433606852,2.6948626328103478,1.7045803264367885,1.7044626468209083,1.7044626468209083,1.7045803264367885,0.4470951966533914,0.4471089906964347,0.4471089906964347,0.4470951966533914,20.02627207858052
400.0,55.0,19.305,5.299,6.112,1.6424305436876423,1.6423623163670118,1.6423623163670118,1.6424305436876423,2.691679547067237,2.6913749088589607,2.6913749088589607,2.691679547067237,1.7003601672217128,1.70022965619112,1.70022965619112,1.7003601672217128,0.4463577962937899,0.4463934619024588,0.4463934619024588,0.4463577962937899,20.002978495457548
400.0,55.143,43.844,6.469,5.566,1.6418428953626605,1.6417751404414105,1.6417751404414105,1.6418428953626605,2.694054963871476,2.693754093323599,2.693754093323599,2.694054963871476,1.7033138357824804,1.7031951794266085,1.7031951794266085,1.7033138357824804,0.4469117519663494,0.4469278419763011,0.4469278419763011,0.4469117519663494,20.0189429912922
400.0,55.161,78.474,3.292,3.796,1.641068304520766,1.641000039993051,1.641000039993051,1.641068304520766,2.697194842069321,2.6968914526077628,2.6968914526077628,2.697194842069321,1.707542911658472,1.707425815177595,1.707425815177595,1.707542911658472,0.4476299448141407,0.447641067101254,0.447641067101254,0.4476299448141407,20.04149121446847
400.0,55.212,79.641,3.921,4.92,1.641029233083255,1.6409605484908922,1.6409605484908922,1.641029233083255,2.6973660387339065,2.697060087424222,2.697060087424222,2.6973660387339065,1.70771761812557,1.7076005600815505,1.7076005600815505,1.70771761812557,0.4476692673396846,0.4476802176478367,0.4476802176478367,0.4476692673396846,20.04224944166483
400.0,55.215,37.424,2.828,3.161,1.641967316382407,1.6418992189313386,1.6418992189313386,1.641967316382407,2.693571757171456,2.693268193256682,2.693268193256682,2.693571757171456,1.7025791995787385,1.7024596049631229,1.7024596049631229,1.7025791995787385,0.4468009284079576,0.4468189998701262,0.4468189998701262,0.4468009284079576,20.014762318768557
400.0,55.226,10.162,2.916,6.286,1.6425758327001243,1.6425072358938042,1.6425072358938042,1.6425758327001243,2.6911495752998724,2.6908433082220578,2.6908433082220578,2.6911495752998724,1.6998515847462583,1.6996678810751793,1.6996678810751793,1.6998515847462583,0.4461972756306786,0.4463161457982219,0.4463161457982219,0.4461972756306786,19.997022927019117
400.0,55.309,26.546,3.094,5.268,1.6421858664002376,1.6421179620100923,1.6421179620100923,1.6421858664002376,2.6927145160693366,2.6924122706193225,2.6924122706193225,2.6927145160693366,1.701318467126278,1.7011934656736745,1.7011934656736745,1.701318467126278,0.4466018727928106,0.4466288954366408,0.4466288954366408,0.4466018727928106,20.00767979481961
400.0,55.436,54.013,3.883,3.002,1.6415389091487862,1.641470709522742,1.641470709522742,1.6415389091487862,2.695339546820557,2.6950361033927384,2.6950361033927384,2.695339546820557,1.7047360636021385,1.7046186437343172,1.7046186437343172,1.7047360636021385,0.4472088548443745,0.447222177607053,0.447222177607053,0.4472088548443745,20.02555319595476
400.0,55.518,77.89,4.029,4.59,1.6409872204999516,1.6409185136274167,1.6409185136274167,1.6409872204999516,2.697597547479301,2.6972913109989447,2.6972913109989447,2.697597547479301,1.7076989504142683,1.7075819289547811,1.7075819289547811,1.7076989504142683,0.4477251471045183,0.4477360636949581,0.4477360636949581,0.4477251471045183,20.041098755521524
400.0,55.723,95.256,3.32,4.5,1.6405493680645526,1.64048077306424,1.64048077306424,1.6405493680645526,2.6994293234115294,2.699124585814299,2.699124585814299,2.6994293234115294,1.7099511573687998,1.709833980789304,1.709833980789304,1.7099511573687998,0.4481449791149358,0.4481548380845819,0.4481548380845819,0.4481449791149358,20.052405317953237
400.0,55.938,35.062,3.668,3.238,1.6418277971219135,1.6417601746159676,1.6417601746159676,1.6418277971219135,2.694271214127307,2.693971427295448,2.693971427295448,2.694271214127307,1.7027498688016205,1.7026289486279578,1.7026289486279578,1.7027498688016205,0.4469674974810036,0.4469873985988673,0.4469873985988673,0.4469674974810036,20.013201926576333
400.0,55.995,43.582,3.975,4.91,1.6416226838583474,1.6415549471679016,1.6415549471679016,1.6416226838583474,2.6951090986178645,2.6948087707950736,2.6948087707950736,2.6951090986178645,1.7038218365734568,1.7037027714434088,1.7037027714434088,1.7038218365734568,0.4471608764749406,0.4471772837494486,0.4471772837494486,0.4471608764749406,20.018745321336567
400.0,56.102,83.423,5.319,4.744,1.640710577326194,1.6406423715302072,1.6406423715302072,1.640710577326194,2.698840636717359,2.698538160784782,2.698538160784782,2.698840636717359,1.7087475517269153,1.708629899160198,1.708629899160198,1.7087475517269153,0.4480144633952,0.4480257217291141,0.4480257217291141,0.4480144633952,20.044684364966336
400.0,56.226,96.91,3.782,5.51,1.640380610918587,1.6403119955220258,1.6403119955220258,1.640380610918587,2.7002223270800805,2.699917549533643,2.699917549533643,2.7002223270800805,1.7104752542767403,1.710358023023984,1.710358023023984,1.7104752542767403,0.448330704408393,0.4483403350851193,0.4483403350851193,0.448330704408393,20.05346669742216
400.0,56.263,59.852,4.468,4.227,1.6411901497030594,1.641121615346064,1.641121615346064,1.6411901497030594,2.696917217650701,2.69661193115007,2.69661193115007,2.696917217650701,1.7059736893321025,1.70585573494281,1.70585573494281,1.7059736893321025,0.4475767146908973,0.4475901297573136,0.4475901297573136,0.4475767146908973,20.02932823406391
400.0,56.296,50.412,5.27,3.891,1.641390955037936,1.6413228247974108,1.6413228247974108,1.641390955037936,2.6961067503431053,2.6958040730720207,2.6958040730720207,2.6961067503431053,1.7048443266896072,1.7047259336273692,1.7047259336273692,1.7048443266896072,0.4473920150789181,0.4474067400714376,0.4474067400714376,0.4473920150789181,20.023181608824025
400.0,56.456,59.921,6.172,2.819,1.6411375396857213,1.6410696562222713,1.6410696562222713,1.6411375396857213,2.6971658014880124,2.6968651220822832,2.6968651220822832,2.6971658014880124,1.706104475280937,1.7059863219141256,1.7059863219141256,1.706104475280937,0.447635786728789,0.4476493170041605,0.4476493170041605,0.447635786728789,20.029366987223177
400.0,56.487,95.56,3.393,3.344,1.6403419883893493,1.6402735235394257,1.6402735235394257,1.6403419883893493,2.7004324774908306,2.7001288300348283,2.7001288300348283,2.7004324774908306,1.710476853743695,1.7103590785656462,1.7103590785656462,1.710476853743695,0.4483809002383266,0.4483913256271414,0.4483913256271414,0.4483809002383266,20.052578473561848
400.0,56.566,17.097,2.69,6.347,1.6420629368793629,1.6419939541228163,1.6419939541228163,1.6420629368793629,2.6934584906791885,2.6931497834518643,2.6931497834518643,2.6934584906791885,1.7011910260938827,1.7010541163143658,1.7010541163143658,1.7011910260938827,0.4467750345491679,0.4468200525006466,0.4468200525006466,0.4467750345491679,20.00149186771543
400.0,56.63,93.315,3.988,4.263,1.6403539192809835,1.6402849892001978,1.6402849892001978,1.6403539192809835,2.700413542446809,2.700107095887991,2.700107095887991,2.700413542446809,1.7102938768695393,1.7101764014138372,1.7101764014138372,1.7102938768695393,0.4483779653567039,0.4483880043382333,0.4483880043382333,0.4483779653567039,20.051110845369195
400.0,56.878,95.763,4.24,4.806,1.6402349653206094,1.64016611527976,1.64016611527976,1.6402349653206094,2.7009526479356167,2.700646778775998,2.700646778775998,2.7009526479356167,1.7107518990083492,1.710634434924036,1.710634434924036,1.7107518990083492,0.4485033533623356,0.4485130684969868,0.4485130684969868,0.4485033533623356,20.05269752059366
400.0,56.908,16.875,6.428,4.267,1.6419760394291725,1.6419086078441547,1.6419086078441547,1.6419760394291725,2.6938660717710663,2.693567663269038,2.693567663269038,2.6938660717710663,1.7013919080827202,1.7012540737637738,1.7012540737637738,1.7013919080827202,0.4468720762555065,0.4469184219288431,0.4469184219288431,0.4468720762555065,20.00133651511391
400.0,56.995,12.992,6.457,2.763,1.6420401945786611,1.6419719855010515,1.6419719855010515,1.6420401945786611,2.6936303801148487,2.6933272113321567,2.6933272113321567,2.6936303801148487,1.701165622299634,1.701013267964941,1.701013267964941,1.701165622299634,0.4468074292514389,0.4468761915254378,0.4468761915254378,0.4468074292514389,19.998807875945182
400.0,57.003,57.652,3.903,4.841,1.6410431864714448,1.6409752622659697,1.6409752622659697,1.6410431864714448,2.697657491002956,2.697356631650455,2.697356631650455,2.697657491002956,1.706176174906198,1.7060575909187918,1.7060575909187918,1.706176174906198,0.4477530649216361,0.4477672681973074,0.4477672681973074,0.4477530649216361,20.02787218058617
400.0,57.093,15.153,5.574,3.789,1.6419671729616607,1.641895922707441,1.641895922707441,1.6419671729616607,2.69395788297206,2.693635900866607,2.693635900866607,2.69395788297206,1.701388902919166,1.7012359858168822,1.7012359858168822,1.701388902919166,0.4468803385324241,0.4469505265285025,0.4469505265285025,0.4468803385324241,20.00021057146484
400.0,57.119,58.154,3.692,5.538,1.6410017011766311,1.6409332909029553,1.6409332909029553,1.6410017011766311,2.6978513227407204,2.6975474936679853,2.6975474936679853,2.6978513227407204,1.7063107103145985,1.7061925768318345,1.7061925768318345,1.7063107103145985,0.4477985023605527,0.4478118825450853,0.4478118825450853,0.4477985023605527,20.028194701135472
400.0,57.151,11.189,3.943,4.804,1.6420398483296592,1.641969991040764,1.641969991040764,1.6420398483296592,2.693670679361968,2.693357232512997,2.693357232512997,2.693670679361968,1.7011381156524332,1.7009701986104178,1.7009701986104178,1.7011381156524332,0.4468048906168493,0.4468980394699261,0.4468980394699261,0.4468048906168493,19.99763013334347
400.0,57.198,29.627,2.574,4.409,1.641614541423586,1.6415460199220098,1.6415460199220098,1.641614541423586,2.695381777633631,2.695076535392571,2.695076535392571,2.695381777633631,1.702887996206368,1.702764801353869,1.702764801353869,1.702887996206368,0.4472315479114374,0.4472547378815215,0.4472547378815215,0.4472315479114374,20.009624489799645
400.0,57.263,57.202,4.549,4.45,1.6409845362456572,1.6409160414889508,1.6409160414889508,1.6409845362456572,2.697950034404572,2.6976454459844854,2.6976454459844854,2.697950034404572,1.7062869172964124,1.7061685087125298,1.7061685087125298,1.7062869172964124,0.447822163058785,0.4478360026013777,0.4478360026013777,0.447822163058785,20.02757042901483
400.0,57.332,25.496,4.05,5.427,1.6416713290176137,1.6416027914384073,1.6416027914384073,1.6416713290176137,2.695179252160369,2.6948736860010425,2.6948736860010425,2.695179252160369,1.7024707918086397,1.7023445758441258,1.7023445758441258,1.7024707918086397,0.4471842612978392,0.4472123303311905,0.4472123303311905,0.4471842612978392,20.00693180578969
400.0,57.396,25.516,3.129,5.662,1.6416536288324175,1.6415855262401515,1.6415855262401515,1.6416536288324175,2.69526050594068,2.6949580186357904,2.6949580186357904,2.69526050594068,1.7025137338948058,1.7023876126977526,1.7023876126977526,1.7025137338948058,0.4472039094993609,0.447231780571605,0.447231780571605,0.4472039094993609,20.006943109074896
400.0,57.564,86.303,2.553,4.577,1.6402632031585005,1.6401936774087151,1.6401936774087151,1.6402632031585005,2.700974357269915,2.7006639304760487,2.7006639304760487,2.700974357269915,1.7100335827378086,1.70991621935755,1.70991621935755,1.7100335827378086,0.4485147324452319,0.4485247142904683,0.4485247142904683,0.4485147324452319,20.04651255950353
400.0,57.566,53.657,3.47,3.119,1.6409828363030694,1.6409148716007818,1.6409148716007818,1.6409828363030694,2.6980136640455408,2.697712984891315,2.697712984891315,2.6980136640455408,1.7060474593126038,1.7059284897964666,1.7059284897964666,1.7060474593126038,0.4478397345449373,0.4478545394450336,0.4478545394450336,0.4478397345449373,20.025252451269616
400.0,57.605,37.234,5.52,3.401,1.6413372259484076,1.6412688863879503,1.6412688863879503,1.6413372259484076,2.696581849308338,2.696277924997581,2.696277924997581,2.696581849308338,1.7040707782373037,1.7039502322338338,1.7039502322338338,1.7040707782373037,0.4475117995550231,0.4475302799985537,0.4475302799985537,0.4475117995550231,20.014561670142463
400.0,57.605,55.64,3.082,3.736,1.6409291085699949,1.640860542155903,1.640860542155903,1.6409291085699949,2.698243454132141,2.6979387212076147,2.6979387212076147,2.698243454132141,1.706313256245276,1.7061951189937783,1.7061951189937783,1.706313256245276,0.4478927424096486,0.4479060842702912,0.4479060842702912,0.4478927424096486,20.02654249202924
400.0,57.606,23.663,3.185,4.139,1.6416390338359117,1.6415711710976852,1.6415711710976852,1.6416390338363256,2.695359777441388,2.6950587458632462,2.6950587458632462,2.69535980115519,1.7024220155941627,1.7022942236890932,1.7022942236890932,1.7024220155941627,0.4472275872479776,0.4472580258390003,0.4472580258390003,0.4472275872479776,20.005731153582907
400.0,57.776,58.492,4.396,4.438,1.6408206110343069,1.6407520479538,1.6407520479538,1.6408206110343069,2.6987201620783856,2.6984155423743146,2.6984155423743146,2.6987201620783856,1.7067706571732864,1.7066524245405992,1.7066524245405992,1.7067706571732864,0.4480031194080433,0.4480163383016833,0.4480163383016833,0.4480031194080433,20.028393241624137
400.0,57.796,56.744,6.118,3.24,1.6408538676276978,1.6407856331418018,1.640785633141371,1.6408538676276978,2.6985866064103874,2.6982840734750613,2.698284075019345,2.6985866064103874,1.7065702509641456,1.706451760770917,1.706451760770917,1.7065702509641456,0.447972890105784,0.4479866409317212,0.4479866409317212,0.447972890105784,20.027255125992973
400.0,58.225,36.604,2.73,5.718,1.6411869084875057,1.6411186758536678,1.6411186758536678,1.6411869084875057,2.697312791312547,2.6970100861070327,2.6970100861070327,2.697312791312547,1.7043879425798614,1.7042667381942411,1.7042667381942411,1.7043879425798614,0.4476844991067413,0.4477037299631623,0.4477037299631623,0.4476844991067413,20.01413159826548
400.0,58.364,94.692,3.317,2.788,1.63986889331729,1.6397999100387484,1.6397999100387484,1.63986889331729,2.7027617844148053,2.7024556034175533,2.7024556034175533,2.7027617844148053,1.711573227440538,1.7114550536247786,1.7114550536247786,1.711573227440538,0.4489295521020307,0.4489398800971446,0.4489398800971446,0.4489295521020307,20.051951313094985
400.0,58.636,31.895,5.973,3.753,1.6411829145107044,1.6411144295496614,1.6411144295496614,1.6411829145107044,2.6974108386950344,2.697106574467271,2.697106574467271,2.6974108386950344,1.7040750477696869,1.7039528731644369,1.7039528731644369,1.7040750477696869,0.4477100968250255,0.4477309139701615,0.4477309139701615,0.4477100968250255,20.0110537318663
400.0,58.852,66.079,5.042,5.795,1.64036956563477,1.6403010129480533,1.6403010129480533,1.64036956563477,2.7007822013030114,2.70047874303991,2.70047874303991,2.7007822013030114,1.7083838115579453,1.708265144864158,1.708265144864158,1.7083838115579453,0.4484837143343694,0.4484965612144993,0.4484965612144993,0.4484837143343694,20.033298732287854
400.0,58.903,38.451,5.46,3.59,1.6409669550986827,1.640898299197017,1.640898299197017,1.6409669550986827,2.69834317629034,2.698038573563432,2.698038573563432,2.69834317629034,1.705043293361313,1.7049225460538333,1.7049225460538333,1.705043293361313,0.447926527323411,0.4479445589474963,0.4479445589474963,0.447926527323411,20.015312069099146
400.0,59.046,63.844,2.593,5.474,1.640368090831689,1.6402991419962212,1.6402991419962212,1.640368090831689,2.700828123193776,2.7005221644511375,2.7005221644511375,2.700828123193776,1.7082341482432204,1.7081154749980196,1.7081154749980196,1.7082341482432204,0.4484958409130959,0.4485087622959678,0.4485087622959678,0.4484958409130959,20.031837266042523
400.0,59.204,45.134,6.097,6.448,1.6407392159763017,1.6406706182825512,1.6406706182825512,1.6407392159763017,2.6993324285024194,2.6990282365166336,2.6990282365166336,2.6993324285024194,1.7060502678131484,1.7059301486677363,1.7059301486677363,1.7060502678131484,0.4481556483689256,0.4481721451102417,0.4481721451102417,0.4481556483689256,20.01965164556284
400.0,59.224,92.67,3.308,3.953,1.639688409034705,1.6396189733372988,1.6396189733372988,1.639688409034705,2.703683508982128,2.7033748276258462,2.7033748276258462,2.703683508982128,1.7118767147282148,1.7117582805558131,1.7117582805558131,1.7118767147282148,0.4491474411603809,0.4491579061880954,0.4491579061880954,0.4491474411603809,20.05060569641742
400.0,59.281,57.67,3.936,4.012,1.640442354738209,1.640373203209772,1.640373203209772,1.640442354738209,2.7005687980507456,2.700261296694772,2.700261296694772,2.7005687980507456,1.7076296266304922,1.707510719588654,1.707510719588654,1.7076296266304922,0.4484387593247718,0.4484524515927426,0.4484524515927426,0.4484387593247718,20.02780955208585
400.0,59.339,74.964,4.776,4.425,1.6400464414717006,1.6399774021919953,1.6399774021919953,1.6400464414717006,2.702214957753811,2.701908545412087,2.701908545412087,2.702214957753811,1.7097812532537298,1.7096630575003489,1.7096630575003489,1.7097812532537298,0.4488149124645683,0.448826184234929,0.448826184234929,0.4488149124645683,20.039068747434957
400.0,59.342,89.12,4.864,6.184,1.6397352866906136,1.6396659792968524,1.6396659792968524,1.6397352866906136,2.703510490499636,2.7032030754746494,2.7032030754746494,2.703510490499636,1.7115173373388013,1.7113986238320982,1.7113986238320982,1.7115173373388013,0.4491092252144377,0.4491202608647204,0.4491202608647204,0.4491092252144377,20.048289368126937
400.0,59.564,11.441,2.86,6.191,1.6413918795516127,1.6413228659206387,1.6413228659206387,1.6413918795516127,2.6967476761640885,2.696440354620099,2.696440354620099,2.6967476761640885,1.702689207185485,1.7025197600645317,1.7025197600645317,1.702689207185485,0.4475315093771108,0.4476260299530495,0.4476260299530495,0.4475315093771108,19.997716657953124
400.0,59.574,39.523,4.485,3.388,1.6407658704773942,1.6406972106764948,1.6406972106764948,1.6407658704773942,2.699295762581752,2.698990966511599,2.698990966511599,2.699295762581752,1.7056008069070343,1.7054796951081506,1.7054796951081506,1.7056008069070343,0.4481501487038013,0.4481684491745362,0.4481684491745362,0.4481501487038013,20.015987268377607
400.0,59.783,59.568,3.568,6.172,1.6402684147312017,1.6401995964227678,1.6401995964227678,1.6402684147312017,2.7013824010022365,2.701077289271776,2.701077289271776,2.7013824010022365,1.7081815366498536,1.7080628643196225,1.7080628643196225,1.7081815366498536,0.4486295657935507,0.4486425016502,0.4486425016502,0.4486295657935507,20.029028884177297
400.0,59.787,47.635,5.306,2.775,1.640530205596624,1.6404618679652323,1.6404618679652323,1.640530205596624,2.700302078739943,2.699999888423224,2.699999888423224,2.700302078739943,1.7067264726749638,1.7066064460424055,1.7066064460424055,1.7067264726749638,0.4483827824203554,0.4483987425549385,0.4483987425549385,0.4483827824203554,20.021260935720942
400.0,59.846,62.158,4.201,6.136,1.640194730990305,1.6401256794007404,1.6401256794007404,1.640194730990305,2.701700701221171,2.7013942313007737,2.7013942313007737,2.701700701221171,1.7085391064139208,1.7084204386757014,1.7084204386757014,1.7085391064139208,0.4487025422951301,0.4487152401418977,0.4487152401418977,0.4487025422951301,20.03071317194308
400.0,60.029,68.937,4.106,2.617,1.6399977565095087,1.6399287107979184,1.6399287107979184,1.6399977565095087,2.702551447185313,2.702245453864896,2.702245453864896,2.702551447185313,1.7094852722997596,1.7093662563700276,1.7093662563700276,1.7094852722997596,0.4488978733915324,0.4489105228136299,0.4489105228136299,0.4488978733915324,20.035120880813285
400.0,60.261,53.995,5.868,3.541,1.6402654141026174,1.6401964044508828,1.6401964044508828,1.6402654141026174,2.701488857345925,2.701182614109063,2.701182614109063,2.701488857345925,1.7078057973016936,1.7076861976492634,1.7076861976492634,1.7078057973016936,0.4486577642755286,0.4486723763162291,0.4486723763162291,0.4486577642755286,20.02538477179776
400.0,60.412,37.001,5.654,2.545,1.6406003554404187,1.6405315950300847,1.6405315950300847,1.6406003554404187,2.7001379620465675,2.699833084525032,2.699833084525032,2.7001379620465675,1.705826895728219,1.7057047920181718,1.7057047920181718,1.705826895728219,0.4483497920750887,0.44836941129593,0.44836941129593,0.4483497920750887,20.014318846980448
400.0,60.427,64.088,3.341,5.013,1.6399996773918288,1.6399307622489272,1.6399307622489272,1.6399996773918288,2.7026205398203933,2.7023149793797168,2.7023149793797168,2.7026205398203933,1.7091463719644873,1.7090273489573724,1.7090273489573724,1.7091463719644873,0.4489175912386234,0.4489305342627861,0.4489305342627861,0.4489175912386234,20.031950873369325
400.0,60.54,29.373,4.041,4.277,1.6407350634685602,1.640666497583371,1.640666497583371,1.6407350634685602,2.699609242316793,2.699305340279389,2.699305340279389,2.699609242316793,1.7049779673236207,1.7048539455728238,1.7048539455728238,1.7049779673236207,0.4482292607226423,0.4482522563184508,0.4482522563184508,0.4482292607226423,20.00935126342872
400.0,60.715,21.626,2.59,4.368,1.6408603610874082,1.6407913227370168,1.6407913227370168,1.6408603610874417,2.699132265749648,2.698825650903776,2.698825650903776,2.6991322673000626,1.7041622123962217,1.7040319562177293,1.7040319562177293,1.7041622123962217,0.448117511486378,0.4481502523315117,0.4481502523315117,0.448117511486378,20.00430560598636
400.0,60.85,33.284,3.694,4.196,1.640567101063179,1.6404979314451429,1.6404979314451429,1.640567101063179,2.7003617773010538,2.700054758591912,2.700054758591912,2.7003617773010538,1.7056522150175273,1.70552920853668,1.70552920853668,1.7056522150175273,0.4484042987176594,0.4484252824686544,0.4484252824686544,0.4484042987176594,20.01188598166892
400.0,60.925,45.271,6.308,3.144,1.6402829396106042,1.6402138444165983,1.6402138444165983,1.6402829396106042,2.7015458984109695,2.70123926039478,2.70123926039478,2.7015458984109695,1.7071628925579316,1.7070427080720856,1.7070427080720856,1.7071628925579316,0.4486769438128074,0.4486927846593,0.4486927846593,0.4486769438128074,20.019684884685493
400.0,60.981,41.684,5.058,3.09,1.6403471925610555,1.640278152493975,1.640278152493975,1.6403471925610555,2.7012915354563605,2.7009850844106285,2.7009850844106285,2.7012915354563605,1.706760667094385,1.706639617105672,1.706639617105672,1.706760667094385,0.448618946125473,0.4486363531649607,0.4486363531649607,0.448618946125473,20.017348392299198
400.0,60.997,81.437,3.826,3.821,1.6394704425239304,1.6394007903963506,1.6394007903963506,1.6394704425239304,2.7049408524525886,2.7046314335028048,2.7046314335028048,2.7049408524525886,1.7116369562599256,1.71151839460574,1.71151839460574,1.7116369562599256,0.4494510764260475,0.4494617398283664,0.4494617398283664,0.4494510764260475,20.043229859423462
400.0,61.044,60.413,6.123,5.545,1.639918509305028,1.6398494013787832,1.6398494013787832,1.639918509305028,2.70307864788842,2.70277256042752,2.70277256042752,2.70307864788842,1.7090912941870398,1.7089718468923574,1.7089718468923574,1.7090912941870398,0.4490277070463797,0.4490411847449734,0.4490411847449734,0.4490277070463797,20.02953722671138
400.0,61.076,92.29,3.877,3.209,1.6392131193993442,1.6391431249088697,1.6391431249088697,1.6392131193993442,2.7060384680747025,2.7057273063807306,2.7057273063807306,2.7060384680747025,1.7130195647097353,1.7129008794261058,1.7129008794261058,1.7130195647097353,0.4497010278632636,0.4497110281128993,0.4497110281128993,0.4497010278632636,20.050296195105247
400.0,61.181,53.855,4.37,5.509,1.6400264620273814,1.63995737873725,1.63995737873725,1.6400264620273814,2.702656815943471,2.7023505825622025,2.7023505825622025,2.702656815943471,1.70837667665445,1.7082565910326346,1.7082565910326346,1.70837667665445,0.4489325491020497,0.448947535788469,0.448947535788469,0.4489325491020497,20.025263801818888
400.0,61.227,67.7,6.498,6.184,1.639710490083592,1.6396416016628037,1.6396416016628037,1.639710490083592,2.7039788173586894,2.7036740175275398,2.7036740175275398,2.7039788173586894,1.7101007834355058,1.7099816433466788,1.7099816433466788,1.7101007834355058,0.4492347252546407,0.4492471357985139,0.4492471357985139,0.4492347252546407,20.034275895428785
400.0,61.281,34.414,6.221,2.682,1.6404283243602873,1.6403594906137058,1.6403594906137058,1.6404283243602873,2.701014486106154,2.700709123165919,2.700709123165919,2.701014486106154,1.7060643357168987,1.705941478613674,1.705941478613674,1.7060643357168987,0.4485575731451578,0.4485781981054556,0.4485781981054556,0.4485575731451578,20.012607059818787
400.0,61.357,46.577,4.206,2.682,1.64014038362882,1.64007141477621,1.64007141477621,1.64014038362882,2.7022186811224564,2.701913202330441,2.701913202330441,2.7022186811224564,1.70759857002495,1.7074779833559648,1.7074779833559648,1.70759857002495,0.4488343099635047,0.4488504696253162,0.4488504696253162,0.4488343099635047,20.02052006337003
400.0,61.364,28.084,6.224,6.249,1.6405464297995007,1.640477010577613,1.640477010577613,1.6405464297995007,2.700547491131483,2.700238648498488,2.700238648498488,2.700547491131483,1.7053449401811072,1.7052199965904828,1.7052199965904828,1.7053449401811072,0.4484501227186467,0.4484742232546641,0.4484742232546641,0.4484501227186467,20.00848556089865
400.0,61.374,62.642,2.85,3.275,1.6397832454009198,1.6397139870781412,1.6397139870781412,1.6397832454009198,2.703706006145,2.703398938665626,2.703398938665626,2.703706006145,1.7095750411788255,1.7094553232552667,1.7094553232552667,1.7095750411788255,0.4491734127354538,0.4491870475272191,0.4491870475272191,0.4491734127354538,20.03097767344977
400.0,61.394,78.683,5.557,3.946,1.6394269570151967,1.6393573765374545,1.6393573765374545,1.6394269570151967,2.705199693157011,2.70489092939798,2.70489092939798,2.705199693157011,1.7115536600066923,1.711434759648757,1.711434759648757,1.7115536600066923,0.4495137398630041,0.4495248962193868,0.4495248962193868,0.4495137398630041,20.04142252099081
400.0,61.487,80.005,4.421,3.727,1.639373999651626,1.6393040884512329,1.6393040884512329,1.639373999651626,2.7054413069641754,2.7051306087133016,2.7051306087133016,2.7054413069641754,1.7117752903384238,1.7116563689891957,1.7116563689891957,1.7117752903384238,0.4495693712928579,0.4495804041583942,0.4495804041583942,0.4495693712928579,20.04228033161543
400.0,61.598,88.084,6.107,5.152,1.6391685372583844,1.6390989497685249,1.6390989497685249,1.6391685372583844,2.706324583313183,2.706016082190843,2.706016082190843,2.706324583313183,1.7128382410997132,1.7127193804585517,1.7127193804585517,1.7128382410997132,0.4497714826486268,0.4497818335787004,0.4497818335787004,0.4497714826486268,20.047538773974157
400.0,61.621,29.065,5.241,5.2,1.6404571676537527,1.6403875619631771,1.6403875619631771,1.6404571676537527,2.7009654838811468,2.7006558832159704,2.7006558832159704,2.7009654838811468,1.7056277627494991,1.7055035049698737,1.7055035049698737,1.7056277627494991,0.4485483768490597,0.4485712002977592,0.4485712002977592,0.4485483768490597,20.00911542409001
400.0,61.655,68.694,2.528,3.637,1.6395770947821344,1.6395075902225027,1.6395075902225027,1.6395770947821344,2.704621602318084,2.7043132789465525,2.7043132789465525,2.704621602318084,1.7104963225167993,1.710377039380648,1.710377039380648,1.7104963225167993,0.4493847245432284,0.4493970756574874,0.4493970756574874,0.4493847245432284,20.034908962201843
400.0,61.884,86.695,3.481,3.798,1.6391239214869762,1.6390547037495484,1.6390547037495484,1.6391239214869762,2.706566656788381,2.7062608753167874,2.7062608753167874,2.706566656788381,1.712852248987112,1.7127327657857925,1.7127327657857925,1.712852248987112,0.4498291576398909,0.4498404418984983,0.4498404418984983,0.4498291576398909,20.04662466959748
400.0,61.888,18.599,3.692,2.615,1.6406173180273698,1.6405483631090587,1.6405483631090587,1.6406173180273698,2.7003560266068902,2.700050273193776,2.700050273193776,2.7003560266068902,1.7046871893015214,1.7045498058128654,1.7045498058128654,1.7046871893015214,0.448402731245668,0.4484462375094096,0.4484462375094096,0.448402731245668,20.002297532524672
400.0,62.126,83.793,5.415,4.554,1.6391242612433743,1.6390544900148534,1.6390544900148534,1.6391242612433743,2.706614303281636,2.706304837301492,2.706304837301492,2.706614303281636,1.7126511389412555,1.7125319583149743,1.7125319583149743,1.7126511389412555,0.4498422885692448,0.4498531860823047,0.4498531860823047,0.4498422885692448,20.04472650453093
400.0,62.199,61.57,3.803,3.55,1.6395904374936268,1.6395213129230837,1.6395213129230837,1.6395904374936268,2.704669497102011,2.7043633543115546,2.7043633543115546,2.704669497102011,1.7099717691702967,1.709851847902933,1.709851847902933,1.7099717691702967,0.4494007797832775,0.4494145006070427,0.4494145006070427,0.4494007797832775,20.030252495607986
400.0,62.204,89.016,5.918,3.898,1.6389902665407798,1.6389207724533124,1.6389207724533124,1.6389902665407798,2.7071936393686915,2.706886186636518,2.706886186636518,2.7071936393686915,1.713342625550304,1.7132231452974642,1.7132231452974642,1.713342625550304,0.4499745824058322,0.4499855739225422,0.4499855739225422,0.4499745824058322,20.04812631124188
400.0,62.225,62.427,4.548,4.519,1.6395648135312804,1.6394955537832256,1.6394955537832256,1.6395648135312804,2.704782087370108,2.7044750840330978,2.7044750840330978,2.704782087370108,1.7100934828262695,1.7099738966507183,1.7099738966507183,1.7100934828262695,0.4494268397164971,0.4494399295562734,0.4494399295562734,0.4494268397164971,20.030809688582945
400.0,62.441,53.772,2.888,4.614,1.6396979229034192,1.6396285269536426,1.6396285269536426,1.6396979229034192,2.7042689065194008,2.703961018048019,2.703961018048019,2.7042689065194008,1.7091712681507196,1.7090513898029185,1.7090513898029185,1.7091712681507196,0.449312007085108,0.449326049716656,0.449326049716656,0.449312007085108,20.02516843850752
400.0,62.59,16.008,6.15,2.861,1.6404890503071037,1.640420484723015,1.640420484723015,1.6404890503071037,2.7010166735970014,2.700713465180983,2.700713465180983,2.7010166735970014,1.7049425347367608,1.7048018509418843,1.7048018509418843,1.7049425347367608,0.4485582573343243,0.448606415048774,0.448606415048774,0.4485582573343243,20.00058928869658
400.0,62.593,23.307,2.873,2.76,1.6403273569345698,1.6402585166787451,1.6402585166787451,1.6403273569345698,2.701684794904318,2.701379968120975,2.701379968120975,2.701684794904318,1.7055452675438256,1.7054159160447135,1.7054159160447135,1.7055452675438256,0.4487186830397251,0.448749282637888,0.448749282637888,0.4487186830397251,20.005337297801884
400.0,62.789,55.224,4.109,4.953,1.6395751889676968,1.6395051986198608,1.6395051986198608,1.6395751889676968,2.7048520000272664,2.704540788753935,2.704540788753935,2.7048520000272664,1.7095719597917345,1.7094519832906607,1.7094519832906607,1.7095719597917345,0.4494476433882241,0.4494615638032596,0.4494615638032596,0.4494476433882241,20.026102017655383
400.0,62.946,65.044,4.877,3.912,1.6393189078988482,1.6392498786079834,1.6392498786079834,1.6393189078988482,2.7059506632372194,2.705645784517319,2.705645784517319,2.7059506632372194,1.7108763858396656,1.7107565074944815,1.7107565074944815,1.7108763858396656,0.4496997393827319,0.4497127666942232,0.4497127666942232,0.4496997393827319,20.03248959658619
400.0,63.04,47.771,6.149,5.501,1.6396722109941535,1.639602749416905,1.639602749416905,1.6396722109941535,2.7044925658505137,2.704184613807169,2.704184613807169,2.7044925658505137,1.7088201496520712,1.7086993260793624,1.7086993260793624,1.7088201496520712,0.4493681555550637,0.4493838528566478,0.4493838528566478,0.4493681555550637,20.02124184346819
400.0,63.077,46.541,3.431,4.596,1.6396896013362112,1.6396201558501664,1.6396201558501664,1.6396896013362112,2.704427142367373,2.70411933946289,2.70411933946289,2.704427142367373,1.7086933235089867,1.7085716394097532,1.7085716394097532,1.7086933235089867,0.4493529485072986,0.4493701410411876,0.4493701410411876,0.4493529485072986,20.02044075689261
400.0,63.099,45.783,3.958,3.031,1.6397001605446246,1.6396308161517976,1.6396308161517976,1.6397001605446246,2.704386734018609,2.70407901073206,2.70407901073206,2.704386734018609,1.70861462113085,1.7084935771276872,1.7084935771276872,1.70861462113085,0.4493445323705259,0.4493607468039194,0.4493607468039194,0.4493445323705259,20.019946266389823
400.0,63.134,11.778,5.304,4.086,1.6404393386200056,1.6403699582916107,1.6403699582916107,1.6404393386200056,2.701331397035996,2.7010237920373603,2.7010237920373603,2.701331397035996,1.7049865687744046,1.7048192295501436,1.7048192295501436,1.7049865687744046,0.4486142444426879,0.4487038274376534,0.4487038274376534,0.4486142444426879,19.99782008146437
400.0,63.222,82.185,4.323,3.811,1.6388737298171083,1.6388039355080544,1.6388039355080544,1.6388737298171083,2.707884553887672,2.70757522613914,2.70757522613914,2.707884553887672,1.7131581384257184,1.7130383596123389,1.7130383596123389,1.7131581384257184,0.4501413085486976,0.4501528371166101,0.4501528371166101,0.4501413085486976,20.043642652537773
400.0,63.285,83.46,6.188,6.436,1.6388297726670122,1.638759707305924,1.638759707305924,1.6388297726670122,2.708084532272853,2.70777376048895,2.70777376048895,2.708084532272853,1.7133552810383814,1.7132358281823894,1.7132358281823894,1.7133552810383814,0.4501874569710991,0.4501982719339051,0.4501982719339051,0.4501874569710991,20.044471283752447
400.0,63.42,42.927,4.412,3.471,1.6396786639344267,1.6396093101343792,1.6396093101343792,1.6396786639344267,2.704538067295931,2.704230828677383,2.704230828677383,2.704538067295931,1.7084698530205713,1.7083485273505676,1.7083485273505676,1.7084698530205713,0.4493820621848312,0.44939871443333,0.44939871443333,0.4493820621848312,20.018076895190177
400.0,63.438,83.639,2.828,4.417,1.6387856624022947,1.6387159622368954,1.6387159622368954,1.6387856624022947,2.7082987502018727,2.707990404228399,2.707990404228399,2.7082987502018727,1.7134762339235274,1.7133565372154402,1.7133565372154402,1.7134762339235274,0.45023771619211,0.4502488613746194,0.4502488613746194,0.45023771619211,20.044582903148687
400.0,63.445,24.79,3.182,2.545,1.6400702006604675,1.6400015626072766,1.6400015626072766,1.6400702006600625,2.702911131054142,2.702608513518551,2.702608513518551,2.7029111294746846,1.7062691999843689,1.7061398474522114,1.7061398474522114,1.7062691999843689,0.4490066517638347,0.4490368308409619,0.4490368308409619,0.4490066517638347,20.006274034078768
400.0,63.676,62.942,4.171,3.793,1.6391739231695692,1.6391047051504124,1.6391047051504124,1.6391739231695692,2.7067022598554487,2.706396777301156,2.706396777301156,2.7067022598554487,1.7110872567865485,1.710967025470007,1.710967025470007,1.7110872567865485,0.4498775308038303,0.4498908923528861,0.4498908923528861,0.4498775308038303,20.031096646473653
400.0,63.677,69.626,5.926,3.991,1.639028050368037,1.638958844466099,1.638958844466099,1.639028050368037,2.707316992443056,2.7070112126396086,2.7070112126396086,2.707316992443056,1.7119081514906136,1.7117878807556073,1.7117878807556073,1.7119081514906136,0.4500170704118107,0.4500300806299917,0.4500300806299917,0.4500170704118107,20.035449184454404
400.0,63.68,92.618,3.35,5.675,1.6385282871503368,1.638458098661786,1.638458098661786,1.6385282871503368,2.709441949115901,2.709130563663422,2.709130563663422,2.709441949115901,1.7147363376181222,1.714616413474214,1.714616413474214,1.7147363376181222,0.4504989847680662,0.4505097760994645,0.4505097760994645,0.4504989847680662,20.050423108904845
400.0,63.845,72.665,4.843,4.474,1.6389185002738993,1.6388485198121354,1.6388485198121354,1.6389185002738993,2.707816304443712,2.7075060133985684,2.7075060133985684,2.707816304443712,1.712389077058707,1.7122692974674567,1.7122692974674567,1.712389077058707,0.4501320435006121,0.4501439093155018,0.4501439093155018,0.4501320435006121,20.037422205806948
400.0,64.046,93.042,5.894,2.878,1.638424261950321,1.638353748341949,1.638353748341949,1.638424261950321,2.7099570788592806,2.7096441401377955,2.7096441401377955,2.7099570788592806,1.715024146356651,1.7149044033858043,1.7149044033858043,1.715024146356651,0.4506195275649436,0.4506297941399608,0.4506297941399608,0.4506195275649436,20.050686719318527
400.0,64.115,57.567,3.92,3.379,1.6391768194100993,1.63910695064975,1.63910695064975,1.6391768194100993,2.706778321421848,2.7064688113409323,2.7064688113409323,2.706778321421848,1.7107093060075944,1.710588924525117,1.710588924525117,1.7107093060075944,0.4498986739355704,0.4499124403792531,0.4499124403792531,0.4498986739355704,20.02758302040336
400.0,64.156,74.899,6.4,2.999,1.6387888179865513,1.6387190893595982,1.6387190893595982,1.6387888179865513,2.708424579659363,2.7081160417276213,2.7081160417276213,2.708424579659363,1.712863675605874,1.7127435689004653,1.7127435689004653,1.712863675605874,0.4502731737420777,0.450285255902462,0.450285255902462,0.4502731737420777,20.038866087308328
400.0,64.201,96.59,4.145,6.312,1.6383071808389793,1.6382369448076783,1.6382369448076783,1.6383071808389793,2.710485864419613,2.710174865221868,2.710174865221868,2.710485864419613,1.7155612693313014,1.7154409811429816,1.7154409811429816,1.7155612693313014,0.4507407616031405,0.450751575801661,0.450751575801661,0.4507407616031405,20.05299263546607
400.0,64.228,93.774,6.142,5.612,1.6383610676805096,1.6382906791381269,1.6382906791381269,1.6383610676805096,2.7102615739599334,2.7099492036454995,2.7099492036454995,2.7102615739599334,1.715231886669598,1.7151120053402509,1.7151120053402509,1.715231886669598,0.4506903575771509,0.4507007397557997,0.4507007397557997,0.4506903575771509,20.05115734242449
400.0,64.292,93.213,3.331,2.626,1.6383564656439775,1.6382862373128184,1.6382862373128184,1.6383564656439775,2.7102925213810223,2.709981472293865,2.709981472293865,2.7102925213810223,1.71520432952458,1.7150842813431704,1.7150842813431704,1.71520432952458,0.450698060022997,0.4507086748730921,0.4507086748730921,0.450698060022997,20.05078982822043
400.0,64.315,42.427,6.051,3.996,1.6394548361463046,1.6393854468078253,1.6393854468078253,1.6394548361463046,2.70564686684814,2.705339571608929,2.705339571608929,2.70564686684814,1.7089814894444426,1.708859659026805,1.708859659026805,1.7089814894444426,0.4496427047836112,0.4496598701071349,0.4496598701071349,0.4496427047836112,20.017721629752412
400.0,64.355,25.31,5.771,3.137,1.639819711364846,1.6397499453805469,1.6397499453805469,1.639819711364846,2.7041332792187527,2.703823707243835,2.703823707243835,2.7041332792187527,1.7069136825958084,1.7067846611552435,1.7067846611552435,1.7069136825958084,0.4492932876433249,0.4493225935566674,0.4493225935566674,0.4492932876433249,20.006582486283527
400.0,64.381,85.301,2.52,5.197,1.6385046249839776,1.6384345225201826,1.6384345225201826,1.6385046249839776,2.7096764524521006,2.7093661183269,2.7093661183269,2.7096764524521006,1.7142878316349244,1.7141677203973629,1.7141677203973629,1.7142878316349244,0.4505594206122103,0.450570556240205,0.450570556240205,0.4505594206122103,20.04563380044585
400.0,64.508,99.299,4.217,4.079,1.6381690565439309,1.6380987495996393,1.6380987495996393,1.6381690565439309,2.7111364289026803,2.710824875707968,2.710824875707968,2.7111364289026803,1.716093047142952,1.7159730765962304,1.7159730765962304,1.716093047142952,0.4508915374089843,0.4509015327632496,0.4509015327632496,0.4508915374089843,20.054747464160386
400.0,64.555,71.525,4.708,4.632,1.638758166609262,1.6386885411589447,1.6386885411589447,1.638758166609262,2.708630628483081,2.7083231643781405,2.7083231643781405,2.708630628483081,1.7127055706186751,1.7125853855098137,1.7125853855098137,1.7127055706186751,0.4503240476113608,0.4503362651127402,0.4503362651127402,0.4503240476113608,20.03665603341128
400.0,64.613,59.176,5.275,5.081,1.6390115883586591,1.6389418991749778,1.6389418991749778,1.6390115883586591,2.70756977398704,2.7072615517448844,2.7072615517448844,2.70756977398704,1.711226272122969,1.7111057061070174,1.7111057061070174,1.711226272122969,0.4500834522432623,0.4500971762383752,0.4500971762383752,0.4500834522432623,20.0286138527064
400.0,64.667,91.83,5.36,3.236,1.6382892637297028,1.6382189653466364,1.6382189653466364,1.6382892637297028,2.710652481791766,2.710341361026534,2.710341361026534,2.710652481791766,1.7152759317355195,1.715155517850555,1.715155517850555,1.7152759317355195,0.4507831802723809,0.4507942670921361,0.4507942670921361,0.4507831802723809,20.049876526951056
400.0,64.717,64.254,2.747,6.386,1.6388737758685232,1.6388043045528362,1.6388043045528362,1.6388737758685232,2.708170295648454,2.707863678466857,2.707863678466857,2.708170295648454,1.7119165472550697,1.711795991124596,1.711795991124596,1.7119165472550697,0.4502211147676105,0.450234388670697,0.450234388670697,0.4502211147676105,20.03191590021641
400.0,64.802,53.167,6.403,4.653,1.639093460867569,1.6390231138402651,1.6390231138402651,1.639093460867569,2.707264476349005,2.7069521329152417,2.7069521329152417,2.707264476349005,1.7106101618586247,1.7104893696902663,1.7104893696902663,1.7106101618586247,0.4500154016139379,0.4500298185987682,0.4500298185987682,0.4500154016139379,20.024695787701447
400.0,64.943,49.957,5.739,4.809,1.6391265825066708,1.639056618317819,1.639056618317819,1.6391265825066708,2.7071494248192542,2.706839254567804,2.706839254567804,2.7071494248192542,1.7103062505303006,1.71018491982916,1.71018491982916,1.7103062505303006,0.4499904886527148,0.450005980666815,0.450005980666815,0.4499904886527148,20.02260135225931
400.0,65.172,87.596,5.144,5.08,1.6382496136224538,1.6381793963416418,1.6381793963416418,1.6382496136224538,2.7109188840296667,2.7106079826848872,2.7106079826848872,2.7109188840296667,1.7150804909180106,1.714960244330059,1.714960244330059,1.7150804909180106,0.4508488259421682,0.4508597886336114,0.4508597886336114,0.4508488259421682,20.047100934452843
400.0,65.173,76.574,3.302,6.075,1.6384880403107764,1.6384179824803955,1.6384179824803955,1.6384880403107764,2.709899858040148,2.709590055980115,2.709590055980115,2.709899858040148,1.7137239741510546,1.7136038353347445,1.7136038353347445,1.7137239741510546,0.4506180307955059,0.4506295428086926,0.4506295428086926,0.4506180307955059,20.039922849028205
400.0,65.242,17.682,3.699,3.662,1.6397540608866077,1.6396841168015983,1.6396841168015983,1.6397540608866077,2.704577567467852,2.7042670906238087,2.7042670906238087,2.704577567467852,1.7067616858418118,1.7066231940667913,1.7066231940667913,1.7067616858418118,0.449396288505851,0.44943982215531,0.44943982215531,0.449396288505851,20.001591211575683
400.0,65.282,86.928,5.518,4.458,1.6382356924220445,1.6381654508423658,1.6381654508423658,1.6382356924220445,2.710999693589426,2.7106886533941674,2.7106886533941674,2.710999693589426,1.7150687681578656,1.714948690459806,1.714948690459806,1.7150687681578656,0.4508683791921592,0.4508790508050684,0.4508790508050684,0.4508683791921592,20.046662685461826
400.0,65.411,21.346,6.47,4.303,1.6396292410603628,1.6395596742272427,1.6395596742272427,1.6396292410603628,2.7051286099865703,2.704820641884905,2.704820641884905,2.7051286099865703,1.7071416740210186,1.7070089007153606,1.7070089007153606,1.7071416740210186,0.44952778377919,0.4495624145114829,0.4495624145114829,0.44952778377919,20.003968688666266
400.0,65.469,15.708,3.639,3.108,1.6397387985041325,1.6396670196463394,1.6396670196463394,1.6397387985041325,2.7046952508669206,2.7043731544749527,2.7043731544749527,2.7046952508669206,1.7067615906811802,1.7066173313052917,1.7066173313052917,1.7067615906811802,0.4494195515331718,0.4494720037195218,0.4494720037195218,0.4494195515331718,20.000299517326344
400.0,65.55,24.151,4.199,4.194,1.6395315124064065,1.6394616005476434,1.6394616005476434,1.6395315124064065,2.7055661645377707,2.7052560097624734,2.7052560097624734,2.7055661645377707,1.707534791162512,1.707404211171466,1.707404211171466,1.707534791162512,0.4496299107099185,0.4496611002063474,0.4496611002063474,0.4496299107099185,20.00578873888515
400.0,65.555,27.257,4.359,4.686,1.639462244537109,1.6393920650876117,1.6393920650876117,1.639462244537109,2.7058579125136655,2.7055460359317784,2.7055460359317784,2.7058579125136655,1.707916987107533,1.7077901110606213,1.7077901110606213,1.707916987107533,0.4496989129667285,0.4497242310106249,0.4497242310106249,0.4496989129667285,20.00780926382028
400.0,65.559,52.022,3.448,3.266,1.6389204852181245,1.6388506211887444,1.6388506211887444,1.6389204852181245,2.7081378497862967,2.707828909241542,2.707828909241542,2.7081378497862967,1.7109552861978286,1.7108342831580523,1.7108342831580523,1.7109552861978286,0.4502215521167645,0.4502360659984667,0.4502360659984667,0.4502215521167645,20.02392527257805
400.0,65.569,85.693,5.071,6.129,1.6381879256832703,1.6381177771730664,1.6381177771730664,1.6381879256832703,2.711258671906219,2.7109488141710867,2.7109488141710867,2.711258671906219,1.7151019964272152,1.7149814714659606,1.7149814714659606,1.7151019964272152,0.4509297923696334,0.4509410824012501,0.4509410824012501,0.4509297923696334,20.045848346990944
400.0,65.579,78.081,5.908,3.445,1.6383497957802673,1.6382796346599768,1.6382796346599768,1.6383497957802673,2.710568654159488,2.710258324977178,2.710258324977178,2.710568654159488,1.7141715951456318,1.7140512145234943,1.7140512145234943,1.7141715951456318,0.4507735279755459,0.4507851503614962,0.4507851503614962,0.4507735279755459,20.04089053728491
400.0,65.592,12.353,6.184,5.526,1.6397795670186113,1.6397086885975372,1.6397086885975372,1.6397795670189337,2.70454430732941,2.704228596641567,2.704228596641567,2.7045443073320614,1.7065978719235624,1.7064355705134997,1.7064355705134997,1.7065978719235624,0.4493733412023115,0.4494537829846738,0.4494537829846738,0.4493733412023115,19.99811300585689
400.0,65.595,37.594,3.557,3.065,1.6392254861986089,1.63915582851235,1.63915582851235,1.6392254861986089,2.7068569902615365,2.7065487769469883,2.7065487769469883,2.7068569902615365,1.7092089815913882,1.7090850266378477,1.7090850266378477,1.7092089815913882,0.4499288451133524,0.4499490510884484,0.4499490510884484,0.4499288451133524,20.01453409644692
400.0,65.706,62.955,3.418,3.7,1.6386444971873368,1.6385745465619628,1.6385745465619628,1.6386444971873368,2.7093359373333783,2.7090267532275663,2.7090267532275663,2.7093359373333783,1.7123930177677669,1.7122719292247603,1.7122719292247603,1.7123930177677669,0.4504948464889829,0.4505086248901549,0.4505086248901549,0.4504948464889829,20.03103736522336
400.0,65.73,92.592,3.928,4.007,1.637997695930096,1.6379269787894706,1.6379269787894706,1.637997695930096,2.712109544587708,2.7117963673909142,2.7117963673909142,2.712109544587708,1.7160558891271211,1.7159354617431073,1.7159354617431073,1.7160558891271211,0.4511238923576662,0.4511344697160066,0.4511344697160066,0.4511238923576662,20.0503367688478
400.0,65.774,37.702,3.618,4.953,1.6391763319659205,1.6391064547683922,1.6391064547683922,1.6391763319659205,2.707099051396981,2.7067898578598517,2.7067898578598517,2.707099051396981,1.7093369500519964,1.709213051601701,1.709213051601701,1.7093369500519964,0.4499855926325516,0.4500056188609907,0.4500056188609907,0.4499855926325516,20.01459881722249
400.0,65.787,21.453,4.644,3.307,1.6395282434481049,1.6394584062643711,1.6394584062643711,1.6395282434481049,2.705624691147462,2.7053150905448446,2.7053150905448446,2.705624691147462,1.7073908034909786,1.7072580843740732,1.7072580843740732,1.7073908034909786,0.4496442105439554,0.4496785471878832,0.4496785471878832,0.4496442105439554,20.00402633561385
400.0,65.806,25.038,2.708,5.591,1.639444637084332,1.6393748162476558,1.6393748162476558,1.639444637084332,2.7059781965539176,2.7056685615411338,2.7056685615411338,2.7059781965539176,1.7078071371742487,1.7076774230777052,1.7076774230777052,1.7078071371742487,0.4497268996767832,0.4497566109063458,0.4497566109063458,0.4497268996767832,20.00635738963723
400.0,65.814,21.937,5.631,3.358,1.639510472294656,1.6394408872294226,1.6394408872294226,1.639510472294656,2.7057028790395474,2.7053951355811887,2.7053951355811887,2.7057028790395474,1.7074444041387544,1.707311693538393,1.707311693538393,1.7074444041387544,0.4496624352973118,0.4496967427698451,0.4496967427698451,0.4496624352973118,20.004340188339675
400.0,65.885,30.46,2.856,3.923,1.639305342150819,1.6392355707787456,1.6392355707787456,1.639305342150819,2.7065768427015566,2.70626789644135,2.70626789644135,2.7065768427015566,1.7085207610173758,1.7083945077745395,1.7083945077745395,1.7085207610173758,0.4498664053279116,0.4498904737668051,0.4498904737668051,0.4498664053279116,20.009882474081557
400.0,66.008,34.372,5.772,5.597,1.6391877433303992,1.6391181662956635,1.6391181662956635,1.6391877433303992,2.7070947468241955,2.706787096506575,2.706787096506575,2.7070947468241955,1.7090780937630574,1.708954086746722,1.708954086746722,1.7090780937630574,0.4499870937222461,0.4500073519781377,0.4500073519781377,0.4499870937222461,20.012423848437425
400.0,66.161,77.923,4.909,5.058,1.6382023389325353,1.6381321243272335,1.6381321243272335,1.6382023389325353,2.7113113286800528,2.7110008755057824,2.7110008755057824,2.7113113286800528,1.7145271458244598,1.7144062584812785,1.7144062584812785,1.7145271458244598,0.4509473417347595,0.4509595383604912,0.4509595383604912,0.4509473417347595,20.0407682381232
400.0,66.303,30.146,3.102,6.357,1.6392028573455475,1.6391329691544156,1.6391329691544156,1.6392028573455475,2.707089047582432,2.706779315309705,2.706779315309705,2.707089047582432,1.7087499405043431,1.7086231159835985,1.7086231159835985,1.7087499405043431,0.4499863853427986,0.4500112273620363,0.4500112273620363,0.4499863853427986,20.009664434608567
400.0,66.327,40.542,3.423,4.991,1.638969914567337,1.6389000500951143,1.6389000500951143,1.638969914567337,2.7080759308622486,2.7077666119821857,2.7077666119821857,2.7080759308622486,1.7100391890022049,1.7099160757593352,1.7099160757593352,1.7100391890022049,0.4502135473158674,0.4502319364221578,0.4502319364221578,0.4502135473158674,20.01642831774953
400.0,66.468,70.347,4.152,4.139,1.6382863884733796,1.6382161715705013,1.6382161715705013,1.6382863884733796,2.711010496467354,2.710700220626857,2.710700220626857,2.711010496467354,1.7137924310176338,1.713671625538371,1.713671625538371,1.7137924310176338,0.4508823867350623,0.4508947918460892,0.4508947918460892,0.4508823867350623,20.03582443622656
400.0,66.524,31.959,3.142,2.674,1.6391056591696014,1.6390352359496452,1.6390352359496452,1.6391056591696014,2.7075436727091597,2.7072309220290864,2.7072309220290864,2.7075436727091597,1.7091132455173976,1.7089879958520289,1.7089879958520289,1.7091132455173976,0.4500927590793166,0.4501148424467492,0.4501148424467492,0.4500927590793166,20.010836419176904
400.0,66.617,54.965,2.952,5.875,1.6385808943043991,1.6385107577068627,1.6385107577068627,1.6385808943043991,2.7097819515705384,2.709471884158771,2.709471884158771,2.7097819515705384,1.7119963546591204,1.711874565613278,1.711874565613278,1.7119963546591204,0.4506045703519026,0.4506196636566385,0.4506196636566385,0.4506045703519026,20.025805025127017
400.0,66.63,32.624,5.09,3.385,1.6390635451213658,1.6389932549728714,1.6389932549728714,1.6390635451213658,2.707740588756821,2.7074290325144075,2.7074290325144075,2.707740588756821,1.7092624546469743,1.7091368614551885,1.7091368614551885,1.7092624546469743,0.4501383879461127,0.4501609463908076,0.4501609463908076,0.4501383879461127,20.0112654216402
400.0,66.791,51.266,2.699,5.918,1.6386158117611067,1.6385458480618385,1.6385458480618385,1.6386158117611067,2.709665574985181,2.70935645743534,2.70935645743534,2.709665574985181,1.7116534648156212,1.7115314272785054,1.7115314272785054,1.7116534648156212,0.4505799096063825,0.4505955255865826,0.4505955255865826,0.4505799096063825,20.02339205146164
400.0,66.833,61.151,6.133,2.848,1.6383906234465564,1.6383202352606423,1.6383202352606423,1.6383906234465564,2.7106352670775764,2.7103236254686456,2.7103236254686456,2.7106352670775764,1.7128958499918132,1.7127746657497465,1.7127746657497465,1.7128958499918132,0.4508005796404542,0.4508141377357456,0.4508141377357456,0.4508005796404542,20.0298247170263
400.0,66.98,92.179,5.415,5.36,1.6376833623002889,1.6376124807503385,1.6376124807503385,1.6376833623002889,2.7137051602977738,2.7133911515424463,2.7133911515424463,2.7137051602977738,1.7168131976992975,1.716692355047701,1.716692355047701,1.7168131976992975,0.4514975091517449,0.4515082425177913,0.4515082425177913,0.4514975091517449,20.05002472742871
400.0,67.007,15.14,2.934,5.938,1.63934684618627,1.6392759641625698,1.6392759641625698,1.63934684618627,2.7066240875294105,2.7063083406339175,2.7063083406339175,2.7066240875294105,1.7077061345647246,1.7075579995275223,1.7075579995275223,1.7077061345647246,0.4498712641972825,0.4499290732055284,0.4499290732055284,0.4498712641972825,19.999878915174804
400.0,67.012,80.273,3.802,4.46,1.6379314630163977,1.637860539386909,1.637860539386909,1.6379314630163977,2.7126415294265467,2.7123270850535044,2.7123270850535044,2.7126415294265467,1.7153654602679362,1.7152449485245376,1.7152449485245376,1.7153654602679362,0.45125721174909,0.4512682166686884,0.4512682166686884,0.45125721174909,20.0422691501311
400.0,67.066,28.657,5.301,3.201,1.6390362386695292,1.638965533272142,1.638965533272142,1.6390362386695292,2.7079413679132656,2.707627080717532,2.707627080717532,2.7079413679132656,1.7090554311920183,1.70892830269268,1.70892830269268,1.7090554311920183,0.4501869500204081,0.4502118649659027,0.4502118649659027,0.4501869500204081,20.008670409970165
400.0,67.109,51.891,4.399,5.337,1.6385200258575754,1.638449085319816,1.638449085319816,1.6385200258575754,2.710139707224086,2.7098249392701943,2.7098249392701943,2.710139707224086,1.7119345609582326,1.7118125179451182,1.7118125179451182,1.7119345609582326,0.4506899801529921,0.4507053684398976,0.4507053684398976,0.4506899801529921,20.02378796720161
400.0,67.16,70.129,3.791,5.425,1.638111621011112,1.6380411260156666,1.6380411260156666,1.638111621011112,2.7118929422711653,2.711580787749962,2.711580787749962,2.7118929422711653,1.7142115419378992,1.7140905018045725,1.7140905018045725,1.7142115419378992,0.4510889622351244,0.4511015411997473,0.4511015411997473,0.4510889622351244,20.035658534179884
400.0,67.279,12.774,2.984,5.468,1.6393276282992677,1.6392560778293457,1.6392560778293457,1.6393276282995966,2.7067609360257983,2.70644153390704,2.70644153390704,2.7067609615606902,1.7077090364395595,1.7075484847839444,1.7075484847839444,1.7077090364395595,0.449895068256425,0.4499721523529882,0.4499721523529882,0.449895068256425,19.998331407560705
400.0,67.319,46.944,4.998,4.352,1.6385721864535667,1.6385015292033411,1.6385015292033411,1.6385721864535667,2.709956081690942,2.709642679627834,2.709642679627834,2.709956081690942,1.7114620495406931,1.711339692109386,1.711339692109386,1.7114620495406931,0.4506503629928946,0.4506666172199635,0.4506666172199635,0.4506503629928946,20.02056083155172
400.0,67.359,72.261,3.102,3.372,1.6380140849514544,1.637943697617566,1.637943697617566,1.6380140849517026,2.7123492515496217,2.712038169838753,2.712038169838753,2.712349254824972,1.7146022748632448,1.7144810746309165,1.7144810746309165,1.7146022748632448,0.4511943662446787,0.4512069024125544,0.4512069024125544,0.4511943662446787,20.037040026638504
400.0,67.394,62.755,3.478,3.775,1.6382103387954692,1.6381395733726514,1.6381395733726514,1.6382103387954692,2.7115161022158083,2.7112021827893207,2.7112021827893207,2.7115161022158083,1.7134544855534737,1.7133334402137468,1.7133334402137468,1.7134544855534737,0.4510057380656433,0.4510187636111441,0.4510187636111441,0.4510057380656433,20.030849730445613
400.0,67.415,60.281,5.895,4.297,1.6382584487659764,1.6381877162804026,1.6381877162804026,1.6382584487659764,2.7113137883729728,2.7109999212470126,2.7109999212470126,2.7113137883729728,1.7131635292315737,1.7130419306958955,1.7130419306958955,1.7131635292315737,0.4509596536036357,0.4509737417560856,0.4509737417560856,0.4509596536036357,20.02923866454265
400.0,67.538,51.379,4.428,3.996,1.6384189505502464,1.638348864101124,1.638348864101124,1.6384189505502464,2.7106477667578783,2.710338184096647,2.710338184096647,2.7106477667578783,1.7121473816818866,1.7120253337960123,1.7120253337960123,1.7121473816818866,0.4508100834484741,0.4508254434094557,0.4508254434094557,0.4508100834484741,20.023439707411622
400.0,67.827,56.045,3.456,4.368,1.6382427570504812,1.638172455644039,1.638172455644039,1.6382427570504812,2.711457413069408,2.711146410843716,2.711146410843716,2.711457413069408,1.7129075685193755,1.712785918371991,1.712785918371991,1.7129075685193755,0.4509966716451921,0.4510109725244737,0.4510109725244737,0.4509966716451921,20.026467262553165
400.0,67.966,22.717,6.199,4.295,1.6389299174360736,1.6388595330186757,1.6388595330186757,1.6389299174360736,2.708560688872962,2.7082486692976024,2.7082486692976024,2.708560688872962,1.7089048179948327,1.708773148013684,1.708773148013684,1.7089048179948327,0.4503335275993541,0.4503653353744699,0.4503653353744699,0.4503335275993541,20.004775359125787
400.0,68.09,11.61,3.967,5.513,1.6391401402039638,1.6390694248119908,1.6390694248119908,1.6391401402039638,2.707699640032919,2.707385911827584,2.707385911827584,2.707699640032919,1.708146502762438,1.7079757242407618,1.7079757242407618,1.708146502762438,0.4501091961084293,0.4502018170030261,0.4502018170030261,0.4501091961084293,19.99754679953504
400.0,68.284,64.012,3.927,4.851,1.637952325863821,1.637881767668077,1.637881767668077,1.637952325863821,2.71279246624551,2.712480482802664,2.712480482802664,2.71279246624551,1.7141827803737546,1.7140612567185347,1.7140612567185347,1.7141827803737546,0.4513037980076118,0.4513170058689165,0.4513170058689165,0.4513037980076118,20.031638002852112
400.0,68.396,86.132,4.16,5.328,1.6374475157537096,1.63737630310604,1.63737630310604,1.6374475157537096,2.7149995213999247,2.714683475512485,2.714683475512485,2.7149995213999247,1.7169837394588665,1.7168628331649942,1.7168628331649942,1.7169837394588665,0.4518045400338793,0.4518152030034593,0.4518152030034593,0.4518045400338793,20.04603802507872
400.0,68.461,91.079,6.485,5.832,1.6373247898524934,1.6372536986119686,1.6372536986119686,1.6373247898524934,2.7155446525668774,2.7152300699587246,2.7152300699587246,2.7155446525668774,1.7176367023265469,1.7175152387418084,1.7175152387418084,1.7176367023265469,0.4519282434491069,0.4519393610252995,0.4519393610252995,0.4519282434491069,20.049257844638195
400.0,68.533,94.769,3.493,2.941,1.6372271764355932,1.637155983501313,1.637155983501313,1.6372271764355932,2.7159841293555105,2.7156690065845415,2.7156690065845415,2.7159841293555105,1.718139407920834,1.7180180329226402,1.7180180329226402,1.718139407920834,0.4520283825904299,0.4520390643368134,0.4520390643368134,0.4520283825904299,20.0516585969488
400.0,68.562,59.737,2.957,6.182,1.6379722558995895,1.6379016906969968,1.6379016906969968,1.6379722558995895,2.7127597960814143,2.7124475189391357,2.7124475189391357,2.7127597960814143,1.713836060443557,1.7137140240841453,1.7137140240841453,1.713836060443557,0.4512987858717517,0.4513130580477463,0.4513130580477463,0.4512987858717517,20.028845301437396
400.0,68.8,11.885,3.019,4.731,1.6389482012516308,1.638877005929446,1.638877005929446,1.6389482012516308,2.708646947359885,2.708330292702499,2.708330292702499,2.708646947359885,1.7086219770779003,1.7084540367847243,1.7084540367847243,1.7086219770779003,0.4503333466831699,0.4504212145754534,0.4504212145754534,0.4503333466831699,19.997702363976924
400.0,68.947,53.286,3.626,6.057,1.6380117266789185,1.6379411752061646,1.6379411752061646,1.6380117266784706,2.7126633168094485,2.7123513888941604,2.7123513888941604,2.7126633184457507,1.71328928853563,1.7131672695176576,1.7131672695176576,1.71328928853563,0.451280898998567,0.451295387353478,0.451295387353478,0.451280898998567,20.024633763641518
400.0,69.078,54.891,3.424,5.731,1.6379432512360754,1.637872652353448,1.637872652353448,1.6379432512360754,2.712983158130088,2.7126712741144727,2.7126712741144727,2.712983158130088,1.7135712646635213,1.7134491106300662,1.7134491106300662,1.7135712646635213,0.451354559864163,0.4513690809880852,0.4513690809880852,0.451354559864163,20.025673810085628
400.0,69.097,99.837,5.056,6.095,1.6369735850698717,1.6369025444208871,1.6369025444208871,1.6369735850698717,2.7171992467572035,2.716885630986686,2.716885630986686,2.7171992467572035,1.7191324058076287,1.7190105226734775,1.7190105226734775,1.7191324058076287,0.452308596985207,0.4523194185793934,0.4523194185793934,0.452308596985207,20.0549412447991
400.0,69.144,54.148,5.924,5.297,1.6379418699943276,1.6378714898943292,1.6378714898943292,1.6379418699943276,2.7130006185041964,2.712690084054856,2.712690084054856,2.7130006185041964,1.7135227566464142,1.713400489487834,1.713400489487834,1.7135227566464142,0.451359258416931,0.4513739784230511,0.4513739784230511,0.451359258416931,20.02518759802837
400.0,69.245,89.115,4.452,6.159,1.6371649354162412,1.6370936016632391,1.6370936016632391,1.6371649354162412,2.716392525168964,2.7160766944234878,2.7160766944234878,2.716392525168964,1.7179023147421848,1.7177808485966046,1.7177808485966046,1.7179023147421848,0.4521278025800065,0.4521386841806681,0.4521386841806681,0.4521278025800065,20.047951594819505
400.0,69.473,14.91,5.529,4.594,1.6387066006951054,1.6386354000299022,1.6386354000299022,1.6387066006951054,2.7097987211930903,2.7094824058257374,2.7094824058257374,2.7097987211930903,1.7092739105909522,1.70912178400385,1.70912178400385,1.7092739105909522,0.4506136668322764,0.4506766669704309,0.4506766669704309,0.4506136668322764,19.99964685898162
400.0,69.474,38.968,5.211,4.689,1.6381841954379726,1.6381133656785485,1.6381133656785485,1.6381841954379726,2.71202471374112,2.7117110223975684,2.7117110223975684,2.71202471374112,1.7118671636341527,1.7117428070808234,1.7117428070808234,1.7118671636341527,0.4511395760799988,0.4511585377631572,0.4511585377631572,0.4511395760799988,20.015297486784053
400.0,69.474,73.222,3.891,2.893,1.6374466451574927,1.6373749988108912,1.6373749988108912,1.6374466451574927,2.715210773665393,2.714892258299725,2.714892258299725,2.715210773665393,1.7160872392516238,1.7159659355393455,1.7159659355393455,1.7160872392516238,0.4518626966705207,0.451874437440581,0.451874437440581,0.4518626966705207,20.03759347003096
400.0,69.498,19.9,2.879,6.231,1.63859152675873,1.638520150779532,1.638520150779532,1.63859152675873,2.710292616498715,2.7099748450064207,2.7099748450064207,2.710292616498715,1.7096584869024178,1.709522021185828,1.709522021185828,1.7096584869024178,0.4507378065956935,0.4507763024944472,0.4507763024944472,0.4507378065956935,20.00289192464483
400.0,69.549,15.756,6.361,2.624,1.638668879131408,1.6385963948563311,1.6385963948563311,1.638668879131408,2.7099802801926067,2.709655850213899,2.709655850213899,2.7099802801926067,1.7093828377033076,1.7092388255319133,1.7092388255319133,1.7093828377033076,0.4506611141095016,0.4507111293785663,0.4507111293785663,0.4506611141095016,20.000194809613216
400.0,69.558,22.92,4.089,5.106,1.63851026959906,1.638439076708847,1.638439076708847,1.63851026959906,2.71064929803464,2.710332651966145,2.710332651966145,2.71064929803464,1.70995043646901,1.709817703159648,1.709817703159648,1.70995043646901,0.4508220817400795,0.4508548400877726,0.4508548400877726,0.4508220817400795,20.004853865935583
400.0,69.594,53.431,4.571,6.438,1.6378407969307878,1.6377703217844937,1.6377703217844937,1.6378407969307878,2.71352144652386,2.713210305706991,2.713210305706991,2.71352144652386,1.7137241091402362,1.713601617385508,1.713601617385508,1.7137241091402362,0.4514814987334915,0.4514964883311519,0.4514964883311519,0.4514814987334915,20.02470583464487
400.0,69.644,11.831,4.116,4.415,1.6387291751725426,1.638657599890872,1.638657599890872,1.6387291751725426,2.709737565538071,2.7094191848960976,2.7094191848960976,2.709737565538071,1.7091607301090528,1.7089904707455332,1.7089904707455332,1.7091607301090528,0.4505873002392569,0.4506784459808749,0.4506784459808749,0.4505873002392569,19.99763861968413
400.0,69.682,84.546,5.395,4.329,1.6371500416561673,1.6370788962034606,1.6370788962034606,1.6371500416561673,2.7165392513227005,2.7162247436646103,2.7162247436646103,2.7165392513227005,1.7176209954588095,1.7174991900093732,1.7174991900093732,1.7176209954588095,0.4521653249513637,0.4521768697486196,0.4521768697486196,0.4521653249513637,20.0449609644706
400.0,69.696,79.461,6.275,3.818,1.6372552368423028,1.6371841116618726,1.6371841116618726,1.6372552368423028,2.7160831397049794,2.715768665763212,2.715768665763212,2.7160831397049794,1.717001886331893,1.7168802154113971,1.7168802154113971,1.717001886331893,0.4520624527552574,0.452074143169935,0.452074143169935,0.4520624527552574,20.041648862968025
400.0,69.988,30.679,3.298,5.921,1.6382298939281896,1.6381593779037005,1.6381593779037005,1.6382298939280977,2.711924471823798,2.711612975858212,2.711612975858212,2.7119244718226283,1.7111782527343715,1.7110511545570957,1.7110511545570957,1.7111782527343715,0.4511203031687806,0.4511437332008415,0.4511437332008415,0.4511203031687806,20.00988735956296
400.0,70.14,58.674,5.665,2.672,1.6375864057040674,1.6375159534930244,1.6375159534930244,1.6375864057040674,2.7147252584143,2.7144149392316215,2.7144149392316215,2.7147252584143,1.714723454416283,1.714600798409303,1.714600798409303,1.714723454416283,0.4517594826440907,0.4517740439031711,0.4517740439031711,0.4517594826440907,20.028099521781787
400.0,70.148,28.72,5.64,4.707,1.6382306039633163,1.6381598902101715,1.6381598902101715,1.6382306039633163,2.7119533464660086,2.7116404242271535,2.7116404242271535,2.7119533464660086,1.7110411475226277,1.710912525718608,1.710912525718608,1.7110411475226277,0.451127121199064,0.4511529970548031,0.4511529970548031,0.451127121199064,20.0086070712636
400.0,70.196,56.448,3.235,6.479,1.6376199218895129,1.6375491610253967,1.6375491610253967,1.6376199218895129,2.714591906426069,2.714279401470184,2.714279401470184,2.714591906426069,1.7144848274507982,1.7143623491461693,1.7143623491461693,1.7144848274507982,0.4517297869524364,0.4517442221164719,0.4517442221164719,0.4517297869524364,20.02664895908681
400.0,70.449,81.974,3.957,5.44,1.6370075641634074,1.6369365140238763,1.6369365140238763,1.6370075641634074,2.7173076335439976,2.71699425998808,2.71699425998808,2.7173076335439976,1.7178004304232646,1.7176782728286466,1.7176782728286466,1.7178004304232646,0.4523466692355326,0.4523585820336636,0.4523585820336636,0.4523466692355326,20.04325932663188
400.0,70.483,52.167,2.557,3.153,1.6376376365846226,1.637566782879903,1.637566782879903,1.6376376365846226,2.7145694029669483,2.714256297318221,2.714256297318221,2.7145694029669483,1.7141426265903,1.7140196188313317,1.7140196188313317,1.7141426265903,0.4517272016262888,0.451742668081308,0.451742668081308,0.4517272016262888,20.02385298572111
400.0,70.63,97.516,3.616,5.745,1.6366297553196745,1.6365582699220107,1.6365582699220107,1.6366297553196745,2.7190041338700683,2.718688446817636,2.718688446817636,2.7190041338700683,1.7198411892540482,1.7197189207266843,1.7197189207266843,1.7198411892540482,0.4527314047906889,0.4527422878425925,0.4527422878425925,0.4527314047906889,20.05337590136008
400.0,70.707,51.822,4.869,3.872,1.6375872171806676,1.63751634783271,1.63751634783271,1.6375872171806676,2.7148310767973447,2.714517958559031,2.714517958559031,2.7148310767973447,1.7142442447356858,1.7141215515932278,1.7141215515932278,1.7142442447356858,0.4517888501599042,0.4518037695459872,0.4518037695459872,0.4517888501599042,20.02362091416898
400.0,70.748,60.656,5.414,5.905,1.6373869561009615,1.6373159184508963,1.6373159184508963,1.6373869561009615,2.715708806437332,2.715394886985415,2.715394886985415,2.715708806437332,1.7153607169709786,1.7152379653944778,1.7152379653944778,1.7153607169709786,0.4519876818540994,0.4520020309136776,0.4520020309136776,0.4519876818540994,20.02936946611026
400.0,70.776,58.797,3.873,3.765,1.6374197939268968,1.6373485636899827,1.6373485636899827,1.6374197939268968,2.715572452640232,2.7152573533534374,2.7152573533534374,2.715572452640232,1.7151491226086906,1.7150264779561233,1.7150264779561233,1.7151491226086906,0.4519570923576305,0.4519713716452179,0.4519713716452179,0.4519570923576305,20.02815809454517
400.0,70.927,66.192,5.447,5.07,1.6372222421625084,1.6371511384154815,1.6371511384154815,1.6372222421625084,2.716460431068758,2.716146496426882,2.716146496426882,2.716460431068758,1.7161595004595993,1.7160370846985324,1.7160370846985324,1.7161595004595993,0.4521597715163525,0.4521730092167468,0.4521730092167468,0.4521597715163525,20.032966892195777
400.0,71.041,64.178,4.438,4.282,1.6372359153207798,1.6371649122207887,1.6371649122207887,1.6372359153207798,2.7164220730818345,2.7161085002573904,2.7161085002573904,2.7164220730818345,1.7159845896475614,1.7158621624938164,1.7158621624938164,1.7159845896475614,0.4521522739927067,0.4521656453435153,0.4521656453435153,0.4521522739927067,20.031652149448227
400.0,71.055,12.882,6.261,2.569,1.6383378160937043,1.6382664665382487,1.6382664665382487,1.6383378160937043,2.7116701764234574,2.711353390360331,2.711353390360331,2.7116701764234574,1.710143613578322,1.7099819242577885,1.7099819242577885,1.710143613578322,0.4510466699607934,0.4511237702228393,0.4511237702228393,0.4510466699607934,19.998274834427896
400.0,71.266,54.863,4.701,3.289,1.6373774312204648,1.6373061478049022,1.6373061478049022,1.6373774312204648,2.715849634631291,2.715533689389721,2.715533689389721,2.715849634631291,1.7149807749080617,1.7148576596133318,1.7148576596133318,1.7149807749080617,0.4520242988608188,0.4520394456496951,0.4520394456496951,0.4520242988608188,20.02558089222476
400.0,71.268,87.489,4.779,6.035,1.6366798167694268,1.6366081165828636,1.6366081165828636,1.6366798167694268,2.7189055369162825,2.7185880827657565,2.7185880827657565,2.7189055369162825,1.719013879610373,1.7188916377862773,1.7188916377862773,1.719013879610373,0.4527154370503144,0.452726757684869,0.452726757684869,0.4527154370503144,20.04682261822948
400.0,71.343,90.842,2.897,4.483,1.6365890207627762,1.636517227212989,1.636517227212989,1.6365890207627762,2.719320291579294,2.7190028992485646,2.7190028992485646,2.719320291579294,1.7194783143624066,1.7193560688429603,1.7193560688429603,1.7194783143624066,0.4528099284526396,0.4528209330382661,0.4528209330382661,0.4528099284526396,20.04900399895408
400.0,71.467,54.407,2.62,5.856,1.6373354488783367,1.637264133814905,1.637264133814905,1.6373354488783367,2.7160702116411946,2.715754438878865,2.715754438878865,2.7160702116411946,1.7150540709432884,1.7149309929449696,1.7149309929449696,1.7150540709432884,0.4520763522653292,0.4520912789117194,0.4520912789117194,0.4520763522653292,20.025276936656464
400.0,71.51,37.763,2.593,5.997,1.637681582644156,1.6376107927340893,1.6376107927340893,1.637681582644156,2.7145732896590737,2.7142604853000294,2.7142604853000294,2.7145732896590737,1.713029807362513,1.71290482579299,1.71290482579299,1.713029807362513,0.4517370365792205,0.4517561716717057,0.4517561716717057,0.4517370365792205,20.01444462570133
400.0,71.551,71.711,6.253,5.224,1.6369432244130675,1.636872016410137,1.636872016410137,1.6369432244130675,2.7177992695737654,2.717484739518598,2.717484739518598,2.7177992695737654,1.7172458786482332,1.7171238836566642,1.7171238836566642,1.7172458786482332,0.4524689597926828,0.4524809326950933,0.4524809326950933,0.4524689597926828,20.03653815800526
400.0,71.634,67.804,5.597,2.917,1.637005523713147,1.6369341460864453,1.6369341460864453,1.637005523713147,2.717542425999425,2.717226676515167,2.717226676515167,2.717542425999425,1.716816473188224,1.7166941340961228,1.7166941340961228,1.716816473188224,0.452411376426078,0.4524241283697616,0.4524241283697616,0.452411376426078,20.03399177575392
400.0,71.704,22.941,3.496,2.91,1.6379513378594408,1.6378799520094058,1.6378799520094058,1.6379513378594408,2.7134504003953577,2.713133615255305,2.713133615255305,2.7134504003953577,1.711331087454275,1.7111984549237436,1.7111984549237436,1.711331087454275,0.4514786166547371,0.4515102199550501,0.4515102199550501,0.4514786166547371,20.004794569720183
400.0,71.731,64.201,3.091,3.782,1.6370577564928743,1.636986058688068,1.636986058688068,1.6370577564928743,2.7173332875976093,2.7170160455879024,2.7170160455879024,2.7173332875976093,1.7164341497907551,1.7163114083275297,1.7163114083275297,1.7164341497907551,0.452364703275199,0.4523782602484723,0.4523782602484723,0.452364703275199,20.03164287939913
400.0,71.781,81.9,5.731,5.756,1.6366670782492947,1.6365952506683277,1.6365952506683277,1.6366670782492947,2.7190593333136244,2.7187412009344656,2.7187412009344656,2.7190593333136244,1.718655386399312,1.7185334415356064,1.7185334415356064,1.718655386399312,0.4527555800183221,0.4527666015879465,0.4527666015879465,0.4527555800183221,20.043165011120998
400.0,71.796,41.798,4.491,5.783,1.6375208996105493,1.6374501333344391,1.6374501333344391,1.6375208996105493,2.715323561891124,2.715011347800981,2.715011347800981,2.715323561891124,1.7137113141739937,1.71358632789576,1.71358632789576,1.7137113141739937,0.4519096981585124,0.4519284122756336,0.4519284122756336,0.4519096981585124,20.017059868527102
400.0,71.819,18.442,5.621,5.047,1.6380186533907966,1.637947277459724,1.637947277459724,1.6380186533907966,2.713182514759224,2.71286611751234,2.71286611751234,2.713182514759224,1.7110449964535102,1.7109047051117887,1.7109047051117887,1.7110449964535102,0.4514134795216923,0.4514569169744699,0.4514569169744699,0.4514134795216923,20.00186472821927
400.0,71.822,36.371,4.732,4.622,1.6376310406656662,1.6375596532222092,1.6375596532222092,1.6376310406656662,2.714854620218333,2.7145384930824314,2.7145384930824314,2.714854620218333,1.713059754505279,1.7129336868161404,1.7129336868161404,1.713059754505279,0.451802611123135,0.4518233720265507,0.4518233720265507,0.451802611123135,20.013527889444028
400.0,71.859,25.385,4.465,4.456,1.6378581895858328,1.6377866770585967,1.6377866770585967,1.6378581895858328,2.71388140968304,2.713564274657653,2.713564274657653,2.71388140968304,1.7117319276829677,1.7116009104938392,1.7116009104938392,1.7117319276829677,0.4515789092932875,0.4516079084295935,0.4516079084295935,0.4515789092932875,20.00637966569109
400.0,71.939,75.196,5.121,5.856,1.636769131907626,1.6366977147565862,1.6366977147565862,1.636769131907626,2.7186377602845666,2.718322436773275,2.718322436773275,2.7186377602845666,1.7179286950596302,1.7178062746426102,1.7178062746426102,1.7179286950596302,0.4526619317932392,0.452674095465672,0.452674095465672,0.4526619317932392,20.03879425958353
400.0,71.958,83.341,3.698,5.966,1.6365909091113793,1.6365191241379626,1.6365191241379626,1.6365909091113793,2.7194283887580952,2.719110846955331,2.719110846955331,2.7194283887580952,1.7189491577222886,1.7188265511345315,1.7188265511345315,1.7189491577222886,0.4528402734125933,0.4528521333418313,0.4528521333418313,0.4528402734125933,20.04409692485559
400.0,71.97,48.857,4.466,5.535,1.6373244423521096,1.6372532686164394,1.6372532686164394,1.6373244423521096,2.7162127037948345,2.7158978656517414,2.7158978656517414,2.7162127037948345,1.7146943510013153,1.7145704833140545,1.7145704833140545,1.7146943510013153,0.4521131193323179,0.4521295165157768,0.4521295165157768,0.4521131193323179,20.02164724257867
400.0,72.051,34.705,4.214,3.462,1.6376074393026854,1.6375365738249368,1.6375365738249368,1.6376074393026854,2.714997403069511,2.714684704735342,2.714684704735342,2.714997403069511,1.7130017532687372,1.7128754357854974,1.7128754357854974,1.7130017532687372,0.451837481871527,0.4518585383643097,0.4518585383643097,0.451837481871527,20.01243592138088
400.0,72.115,60.166,6.251,6.273,1.6370450328037134,1.6369736580624228,1.6369736580624228,1.6370450328037134,2.717460420545029,2.717144954832743,2.717144954832743,2.717460420545029,1.7161840811788285,1.7160611135112276,1.7160611135112276,1.7161840811788285,0.4523972824851338,0.452411348030814,0.452411348030814,0.4523972824851338,20.02900305941889
400.0,72.383,77.984,5.729,4.034,1.636595845434119,1.6365241218314055,1.6365241218314055,1.636595845434119,2.7194865089917046,2.71916935852128,2.71916935852128,2.7194865089917046,1.718561939889777,1.7184392476800263,1.7184392476800263,1.718561939889777,0.4528577108582412,0.4528698870600739,0.4528698870600739,0.4528577108582412,20.04059377602022
400.0,72.456,81.974,2.694,3.151,1.6364921895875164,1.636420497314393,1.636420497314393,1.6364921895875164,2.719957655189193,2.719640922882105,2.719640922882105,2.719957655189193,1.7191034339033755,1.7189810031294526,1.7189810031294526,1.7191034339033755,0.452965092875762,0.4529765361896505,0.4529765361896505,0.452965092875762,20.043189903256543
400.0,72.53,17.613,4.671,2.935,1.6378519828845652,1.6377801888045251,1.6377801888045251,1.6378519828845652,2.714036601880733,2.7137176889299925,2.7137176889299925,2.714036601880733,1.7114423695937075,1.7112992664561582,1.7112992664561582,1.7114423695937075,0.4516116330151103,0.4516591385400688,0.4516591385400688,0.4516116330151103,20.00130137670141
400.0,72.538,30.912,3.251,3.867,1.6375630851201923,1.6374919796382226,1.6374919796382226,1.6375630851201923,2.7152828039519004,2.7149688410869848,2.7149688410869848,2.7152828039519004,1.7128485324224276,1.7127204679708996,1.7127204679708996,1.7128485324224276,0.4519055413466593,0.4519292983812962,0.4519292983812962,0.4519055413466593,20.009951677559403
400.0,72.563,93.209,2.868,5.883,1.6362265610330398,1.6361543964184522,1.6361543964184522,1.6362265610330398,2.7211573386064343,2.720837751579148,2.720837751579148,2.7211573386064343,1.7205648256624344,1.7204424703445873,1.7204424703445873,1.7205648256624344,0.4532365758520342,0.4532471419851964,0.4532471419851964,0.4532365758520342,20.05050296878144
400.0,72.641,56.44,2.506,2.929,1.6369889252711352,1.6369175899437092,1.6369175899437092,1.6369889252711352,2.717805569693589,2.7174901445901547,2.7174901445901547,2.717805569693589,1.71606524867525,1.7159413325659023,1.7159413325659023,1.71606524867525,0.4524800160278608,0.4524953525327147,0.4524953525327147,0.4524800160278608,20.02655958693837
400.0,72.79,95.905,6.18,5.123,1.6361110800917236,1.6360392343973458,1.6360392343973458,1.6361110800917236,2.7217121005085487,2.721394659283741,2.721394659283741,2.7217121005085487,1.7210475644450451,1.7209248085700632,1.7209248085700632,1.7210475644450451,0.4533639232989005,0.4533748403470286,0.4533748403470286,0.4533639232989005,20.052251203394487
400.0,72.868,94.418,3.548,6.382,1.6361224912783732,1.6360509930411542,1.6360509930411546,1.6361224912783732,2.721674421664488,2.721359322438768,2.7213593224388326,2.721674421664488,1.720913916549628,1.7207912296155166,1.7207912296155166,1.720913916549628,0.4533565595125239,0.4533673831387577,0.4533673831387577,0.4533565595125239,20.051279853045028
400.0,72.891,91.502,4.687,4.118,1.6361787585906675,1.636106629045291,1.636106629045291,1.6361787585906675,2.721431347224652,2.7211122797323317,2.7211122797323317,2.721431347224652,1.7205669938055494,1.720444393508062,1.720444393508062,1.7205669938055494,0.453301601283556,0.4533124901732513,0.4533124901732513,0.453301601283556,20.04937964630968
400.0,72.959,57.451,2.717,5.255,1.6368856770025957,1.636813984964827,1.636813984964827,1.6368856770025957,2.7183196314104907,2.7180022734639477,2.7180022734639477,2.7183196314104907,1.7163953620670058,1.7162720241122984,1.7162720241122984,1.7163953620670058,0.452599551545601,0.452613983014867,0.452613983014867,0.452599551545601,20.027206306063977
400.0,72.968,36.206,4.229,3.342,1.637337960521321,1.637266630040551,1.637266630040551,1.637337960521321,2.716343281455668,2.7160279465586,2.7160279465586,2.716343281455668,1.7137784770723454,1.7136525234561435,1.7136525234561435,1.7137784770723454,0.4521511699716123,0.4521711885034378,0.4521711885034378,0.4521511699716123,20.01338117052494
400.0,73.017,28.802,2.914,5.366,1.637484287761955,1.6374133378952191,1.6374133378952191,1.637484287761955,2.7157141890552485,2.7154012360593245,2.7154012360593245,2.7157141890552485,1.712897867955671,1.7127681676234163,1.7127681676234163,1.712897867955671,0.4520068274043049,0.4520331341254396,0.4520331341254396,0.4520068274043049,20.008562835587536
400.0,73.096,45.49,4.981,5.335,1.6371057759737888,1.6370346862672338,1.6370346862672338,1.6371057759735363,2.7173784839873947,2.7170647259740224,2.7170647259740224,2.7173784856552,1.7150066434615214,1.71488212944117,1.71488212944117,1.7150066434615214,0.4523877162694433,0.4524049025435468,0.4524049025435468,0.4523877162694433,20.01941786616588
400.0,73.207,95.316,3.186,4.458,1.636017256436092,1.635945037526359,1.635945037526359,1.636017256436092,2.722211016752417,2.721891460729105,2.721891460729105,2.722211016752417,1.7212461007252045,1.721123460492487,1.721123460492487,1.7212461007252045,0.4534805490182322,0.4534911038865541,0.4534911038865541,0.4534805490182322,20.05185279588256
400.0,73.437,22.542,5.077,5.27,1.6375101220532946,1.6374387547656464,1.637438754765308,1.6375101220532946,2.715683482948458,2.7153679636525005,2.7153679636490855,2.715683482948458,1.7123983995979832,1.7122640629909247,1.7122640629909247,1.7123983995979832,0.4520004508627907,0.4520339442282037,0.4520339442282037,0.4520004508627907,20.00447594240986
400.0,73.446,24.956,4.569,5.859,1.6374557651950892,1.6373846780778556,1.6373846780778556,1.6374557651950892,2.715919260306236,2.7156054081191803,2.7156054081191803,2.715919260306236,1.712701236437956,1.7125689517263956,1.7125689517263956,1.712701236437956,0.4520555793042188,0.4520858199056301,0.4520858199056301,0.4520555793042188,20.00604618162799
400.0,73.484,78.776,5.747,3.058,1.6362969269617145,1.6362249736344454,1.6362249736344454,1.6362969269615149,2.7210173445337364,2.7206991209037774,2.7206991209037774,2.7210173687602888,1.7193750484407495,1.719252371857486,1.719252371857486,1.7193750484407495,0.4532142992776392,0.4532259522611816,0.4532259522611816,0.4532142992776392,20.041071690085506
400.0,73.579,90.777,5.551,5.612,1.6360183602745906,1.6359462368276527,1.6359462368276527,1.6360183602745906,2.7222756129025023,2.7219566460682767,2.7219566460682767,2.7222756129025023,1.72092504402388,1.7208022698152043,1.7208022698152043,1.72092504402388,0.4534988755917998,0.4535097678246771,0.4535097678246771,0.4534988755917998,20.048882995746983
400.0,73.581,68.263,4.078,2.861,1.6364952671196182,1.6364236839315691,1.6364236839315691,1.6364952671196182,2.7201558168472126,2.7198394593178055,2.7198394593178055,2.7201558168472126,1.7181361239178827,1.718013034637884,1.718013034637884,1.7181361239178827,0.4530207287878643,0.4530337818785831,0.4530337818785831,0.4530207287878643,20.034223158559374
400.0,73.613,87.743,5.959,4.413,1.6360738259207006,1.6360019023063963,1.6360019023063963,1.6360738259207006,2.722033753465244,2.7217162697735384,2.7217162697735384,2.722033753465244,1.7205709981315769,1.720447964937353,1.720447964937353,1.7205709981315769,0.4534446496282005,0.4534561527952024,0.4534561527952024,0.4534446496282005,20.046906108010337
400.0,73.725,97.626,2.684,6.22,1.635835894787354,1.6357641868679595,1.6357641868679595,1.635835894787354,2.7231154870490744,2.7227997673959727,2.7227997673959727,2.7231154870490744,1.7218710960237753,1.721747794231774,1.721747794231774,1.7218710960237753,0.4536897317638551,0.4537008341074645,0.4537008341074645,0.4536897317638551,20.05333935554607
400.0,73.777,20.46,4.299,4.336,1.6374667470237287,1.637395502676844,1.637395502676844,1.6374667470237287,2.71593467408803,2.7156200721907027,2.7156200721907027,2.71593467408803,1.7124609607356645,1.7123230422958906,1.7123230422958906,1.7124609607356645,0.4520581909534073,0.4520970492669498,0.4520970492669498,0.4520581909534073,20.00311004317689
400.0,73.823,38.144,4.621,4.463,1.6370755019413132,1.6370041354845453,1.6370041354845453,1.6370755019413132,2.7176489998699536,2.7173341479106163,2.7173341479106163,2.7176489998699536,1.714570237026224,1.7144436986635416,1.7144436986635416,1.714570237026224,0.4524546085417567,0.4524750597083051,0.4524750597083051,0.4524546085417567,20.014613089804037
400.0,73.881,15.928,6.489,6.258,1.6375374964291127,1.637465754428768,1.637465754428768,1.6375374964291127,2.7156503330523774,2.7153324407473938,2.7153324407473938,2.7156503330523774,1.71219174178033,1.7120403828895243,1.7120403828895243,1.71219174178033,0.4519842963841928,0.4520441111639558,0.4520441111639558,0.4519842963841928,20.000159242121832
400.0,73.976,17.258,5.792,3.93,1.6374839003718609,1.6374129261592425,1.6374129261592425,1.6374839003718609,2.715896435353196,2.7155835523128355,2.7155835523128355,2.715896435353196,1.712350139289475,1.712206082456854,1.712206082456854,1.712350139289475,0.4520471529612675,0.4520954768632533,0.4520954768632533,0.4520471529612675,20.001021089665816
400.0,74.094,88.146,3.911,4.185,1.6359424035163077,1.6358703203482283,1.6358703203482283,1.6359424035163077,2.7227112066947097,2.722393156421246,2.722393156421246,2.7227112066947097,1.7209346652827708,1.7208113916961414,1.7208113916961414,1.7209346652827708,0.4536020873439105,0.4536136472718042,0.4536136472718042,0.4536020873439105,20.047151760064363
400.0,74.141,71.923,4.169,3.872,1.6362741443305755,1.6362019708361026,1.6362019708361026,1.6362741443305755,2.721243967406977,2.72092466758624,2.72092466758624,2.721243967406977,1.7189534290203592,1.7188305444312757,1.7188305444312757,1.7189534290203592,0.4532718467811428,0.4532839771505075,0.4532839771505075,0.4532718467811428,20.036586393404697
400.0,74.218,99.645,3.664,5.29,1.6356679658085054,1.635595916125964,1.635595916125964,1.6356679658085054,2.7239636348454286,2.723645858476417,2.723645858476417,2.7239636348454286,1.7224432783997987,1.722320131719645,1.722320131719645,1.7224432783997987,0.4538856728777434,0.4538962221885139,0.4538962221885139,0.4538856728777434,20.05463719375606
400.0,74.298,75.825,2.515,3.81,1.6361510941333397,1.6360793457321006,1.6360793457321006,1.6361510941333397,2.7218190084139837,2.7215028732666857,2.7215028732666857,2.7218190084139837,1.7195394637487282,1.7194161186720067,1.7194161186720067,1.7195394637487282,0.4534030154237215,0.4534154613657146,0.4534154613657146,0.4534030154237215,20.039121466961543
400.0,74.551,45.415,5.021,5.682,1.6367328774202037,1.6366609396220466,1.6366609396220466,1.6367328774202037,2.7192918189866218,2.7189734121328137,2.7189734121328137,2.7192918189866218,1.7159385696039502,1.715813705926058,1.715813705926058,1.7159385696039502,0.4528340004798298,0.4528510393755205,0.4528510393755205,0.4528340004798298,20.01931834134361
400.0,74.599,73.154,2.87,5.455,1.6361305092380702,1.636058600643405,1.636058600643405,1.6361305092380702,2.7219654205709936,2.7216480644800174,2.7216480644800174,2.7219654205709936,1.719403922394508,1.7192805023023785,1.7192805023023785,1.719403922394508,0.4534391597829665,0.4534517896221761,0.4534517896221761,0.4534391597829665,20.03737163859399
400.0,74.702,12.497,4.563,3.927,1.6373986050097982,1.6373269380254676,1.6373269380254676,1.6373986050097982,2.716407000808412,2.716090463718497,2.716090463718497,2.716407000808412,1.71246938914634,1.7123035853893689,1.7123035853893689,1.71246938914634,0.4521529166899633,0.4522347128138424,0.4522347128138424,0.4521529166899633,19.997899490042112
400.0,74.732,38.238,2.638,4.016,1.6368389443763172,1.6367673709226591,1.6367673709226591,1.6368389443763172,2.71885602852897,2.718540016992778,2.718540016992778,2.71885602852897,1.7151696479084393,1.7150433267836085,1.7150433267836085,1.7151696479084393,0.4527367372761395,0.4527564218472766,0.4527564218472766,0.4527367372761395,20.014642066825704
400.0,74.749,12.389,3.889,6.474,1.6373885742908263,1.6373169595852048,1.6373169595852048,1.6373885742908263,2.7164595432057697,2.7161430133617657,2.7161430133617657,2.7164595432057697,1.712493641080158,1.7123244631893455,1.7123244631893455,1.712493641080158,0.4521625374990824,0.4522498113896746,0.4522498113896746,0.4521625374990824,19.99782787462781
400.0,74.754,98.475,3.111,4.091,1.6355563594116789,1.6354838883325054,1.6354838883325054,1.6355563594116789,2.724567277515171,2.724247059230734,2.724247059230734,2.724567277515171,1.7226478360991475,1.7225243767848155,1.7225243767848155,1.7226478360991475,0.4540266846467546,0.4540375220924179,0.4540375220924179,0.4540266846467546,20.05385535966177
400.0,74.818,39.595,5.938,5.983,1.6367881177949488,1.636716426265168,1.636716426265168,1.6367881177950632,2.71909763768355,2.718781008089216,2.718781008089216,2.7190976635468087,1.7153922896108185,1.715266699073048,1.715266699073048,1.7153922896108185,0.452792550204418,0.4528109549888972,0.4528109549888972,0.452792550204418,20.015521970380096
400.0,74.917,18.631,4.952,2.872,1.6372108160409962,1.6371395695028652,1.6371395695028652,1.6372108160409962,2.717262575398762,2.7169484553839105,2.7169484553839105,2.717262575398762,1.7130618835318427,1.7129200386387755,1.7129200386387755,1.7130618835318427,0.4523671574086897,0.4524115990110548,0.4524115990110548,0.4523671574086897,20.00188141934788
400.0,75.067,93.169,3.215,6.183,1.6355882100843029,1.635515894524613,1.635515894524613,1.6355882100843029,2.724481553710114,2.724162763560668,2.724162763560668,2.724481553710114,1.722193389067609,1.7220698391408538,1.7220698391408538,1.722193389067609,0.4540107305129657,0.4540219283090232,0.4540219283090232,0.4540107305129657,20.05038887399185
400.0,75.152,37.542,3.371,6.192,1.636745869083441,1.6366743236773686,1.6366743236773686,1.636745869083441,2.7193451769977375,2.7190293196737056,2.7190293196737056,2.7193451769977375,1.7153550482827975,1.7152282841888271,1.7152282841888271,1.7153550482827975,0.4528510048869551,0.452871285644563,0.452871285644563,0.4528510048869551,20.014175136401512
400.0,75.455,18.145,5.903,3.132,1.6370820420718424,1.6370109414658365,1.6370109414658365,1.6370820420718424,2.7179247765949484,2.7176118448358424,2.7176118448358424,2.7179247765949484,1.713373816282053,1.7132309026330723,1.7132309026330723,1.713373816282053,0.4525215990287458,0.4525674961315149,0.4525674961315149,0.4525215990287458,20.00154665915077
400.0,75.517,12.379,5.608,5.357,1.6371903219490913,1.6371179746265003,1.6371179746265003,1.6371903219490913,2.71747067282316,2.717150061368135,2.717150061368135,2.71747067282316,1.7129881507501283,1.7128219485688545,1.7128219485688545,1.7129881507501283,0.4524009267670954,0.4524829957969656,0.4524829957969656,0.4524009267670954,19.99779504615664
400.0,75.651,38.037,3.503,4.468,1.6366067829793738,1.636535246107604,1.636535246107604,1.6366067829793738,2.7200516772394017,2.7197363890464614,2.7197363890464614,2.7200516772394017,1.7157394254298646,1.7156129539235452,1.7156129539235452,1.7157394254298646,0.4530158955523347,0.4530354024193069,0.4530354024193069,0.4530158955523347,20.01447999512444
400.0,75.691,20.775,4.645,3.737,1.6369649695713908,1.6368934253442804,1.6368934253442804,1.6369649695713908,2.7184839517317885,2.718167942451736,2.718167942451736,2.7184839517317885,1.713723354190151,1.713586457337237,1.713586457337237,1.713723354190151,0.4526545643256296,0.4526909146427679,0.4526909146427679,0.4526545643256296,20.00324966240786
400.0,75.769,59.806,4.209,4.51,1.6361141604045233,1.6360422193654316,1.6360422193654316,1.6361141604045233,2.722258850304676,2.7219415191824488,2.7219415191824488,2.722258850304676,1.7185101482228256,1.7183857745873294,1.7183857745873294,1.7185101482228256,0.4535164042137731,0.4535310485569406,0.4535310485569406,0.4535164042137731,20.028641472698123
400.0,75.786,51.912,5.767,3.659,1.636277442425049,1.6362050450094063,1.6362050450094063,1.636277442425049,2.7215384147400123,2.721218059066042,2.721218059066042,2.7215384147400123,1.7175433429270013,1.7174186232161612,1.7174186232161612,1.7175433429270013,0.4533535000999073,0.4533692898604511,0.4533692898604511,0.4533535000999073,20.02350308987569
400.0,75.817,72.183,5.777,4.298,1.635839891958777,1.6357678330264034,1.6357678330264034,1.635839891958777,2.723492322041949,2.7231743451531734,2.7231743451531734,2.723492322041949,1.7200760732981764,1.7199523890548627,1.7199523890548627,1.7200760732981764,0.4537954183026965,0.4538080535502288,0.4538080535502288,0.4537954183026965,20.03669651428936
400.0,75.897,86.567,5.138,5.638,1.6355160688107873,1.6354437856734756,1.6354437856734756,1.6355160688107873,2.7249625197092637,2.724643980440369,2.724643980440369,2.7249625197092637,1.721914905962984,1.7217910764422868,1.7217910764422868,1.721914905962984,0.454127265478823,0.4541389536098214,0.4541389536098214,0.454127265478823,20.04605963625461
400.0,75.936,64.641,4.912,5.778,1.6359689172968137,1.6358967085977676,1.6358967085977676,1.6359689172968137,2.7229385895357194,2.72262004656657,2.72262004656657,2.7229385895357194,1.7192185139432847,1.7190944096629983,1.7190944096629983,1.7192185139432847,0.4536714845919828,0.4536852124855653,0.4536852124855653,0.4536714845919828,20.031782494273425
400.0,75.944,50.731,6.12,6.039,1.6362618979505754,1.6361895376678457,1.6361895376678457,1.6362618979505754,2.7216365787086234,2.7213162200995207,2.7213162200995207,2.7216365787086234,1.7174994046659775,1.7173752568033114,1.7173752568033114,1.7174994046659775,0.4533777185071017,0.4533926135629554,0.4533926135629554,0.4533777185071017,20.02272942429617
400.0,75.996,24.699,5.135,3.588,1.6368027440535773,1.6367309953286489,1.6367309953286489,1.6368027440535773,2.719254008695557,2.718937478048831,2.718937478048831,2.719254008695557,1.7143157993151863,1.7141822449242174,1.7141822449242174,1.7143157993151863,0.4528339082823398,0.4528649333547502,0.4528649333547502,0.4528339082823398,20.005791394446533
400.0,76.013,38.57,5.543,4.185,1.6365025309587786,1.6364307844079145,1.6364307844079145,1.6365025309587786,2.720580448285087,2.720263982325332,2.720263982325332,2.720580448285087,1.7160396002063871,1.7159128042066587,1.7159128042066587,1.7160396002063871,0.4531385480203598,0.4531583913435284,0.4531583913435284,0.4531385480203598,20.01481375442536
400.0,76.029,86.138,3.283,5.401,1.6354914289260702,1.6354190926593588,1.6354190926593588,1.6354914289260702,2.7250979030702305,2.724778608211223,2.724778608211223,2.7250979030702305,1.7219476245479295,1.7218240302058176,1.7218240302058176,1.7219476245479295,0.4541592367390375,0.4541705856983948,0.4541705856983948,0.4541592367390375,20.045775225745828
400.0,76.101,26.051,3.905,4.709,1.636746668335463,1.6366749198217334,1.6366749198217334,1.636746668335463,2.7195201688049777,2.7192037303343226,2.7192037303343226,2.7195201688049777,1.7145507517104115,1.714418220327783,1.714418220327783,1.7145507517104115,0.4528958560908995,0.4529251972755976,0.4529251972755976,0.4528958560908995,20.006666932653967
400.0,76.117,82.064,4.391,3.238,1.635554993862908,1.6354824985657306,1.6354824985657306,1.635554993862908,2.7248294786162943,2.7245093854998568,2.7245093854998568,2.7248294786162943,1.7214989673616374,1.7213750047711447,1.7213750047711447,1.7214989673616374,0.4540992847369898,0.454111436527309,0.454111436527309,0.4540992847369898,20.043119430037173
400.0,76.183,63.84,2.777,2.551,1.635922747232422,1.6358504138730203,1.6358504138730203,1.635922747232422,2.7231915240499425,2.7228715807358848,2.7228715807358848,2.7231915240499425,1.71927988552163,1.719155825720592,1.719155825720592,1.71927988552163,0.4537309632943716,0.45374453667423,0.45374453667423,0.4537309632943716,20.031253023009256
400.0,76.321,58.003,4.195,6.161,1.6360109270743035,1.6359387712412516,1.6359387712412516,1.6360109270743035,2.7228229988659405,2.722504840034796,2.722504840034796,2.7228229988659405,1.7186461786987013,1.7185212601296391,1.7185212601296391,1.7186461786987013,0.4536487400962026,0.4536641025715208,0.4536641025715208,0.4536487400962026,20.027448625973843
400.0,76.338,13.232,6.238,5.276,1.6369600421762145,1.6368873204812016,1.6368873204812016,1.6369600421762145,2.7186328756495945,2.7183103240335043,2.7183103240335043,2.7186328756495945,1.7135825464137104,1.7134196427909962,1.7134196427909962,1.7135825464137104,0.4526741682145712,0.4527508124013142,0.4527508124013142,0.4526741682145712,19.9983212888502
400.0,76.417,38.812,4.151,3.568,1.6363938639067988,1.6363213170235318,1.6363213170235318,1.6363938639067988,2.721140888348825,2.7208193661552458,2.7208193661552458,2.721140888348825,1.7163312909596862,1.716204933344504,1.716204933344504,1.7163312909596862,0.45326890425011,0.4532878631754623,0.4532878631754623,0.45326890425011,20.014957462462142
400.0,76.53,15.238,4.831,6.267,1.636867490391975,1.6367949746171508,1.6367949746171508,1.636867490391975,2.7190731596995024,2.718751862488662,2.718751862488662,2.7190731596995024,1.7138524428930184,1.7137027970400946,1.7137027970400946,1.7138524428930184,0.4527860226999195,0.4528417491808781,0.4528417491808781,0.4527860226999195,19.9996190029739
400.0,76.696,20.73,5.578,4.424,1.636707117219543,1.6366348798870112,1.6366348798870112,1.636707117219543,2.7198078458177912,2.7194884999951854,2.7194884999951854,2.7198078458177912,1.7143721668831469,1.7142334953425566,1.7142334953425566,1.7143721668831469,0.4529620368576258,0.4530006625412489,0.4530006625412489,0.4529620368576258,20.003185222055937
400.0,76.73,41.179,2.948,2.731,1.636262803234953,1.636191107704153,1.636191107704153,1.636262803234953,2.721775769773347,2.721459989363908,2.721459989363908,2.721775769773347,1.7168273845121989,1.7167007013811464,1.7167007013811464,1.7168273845121989,0.4534157612353932,0.4534348610707297,0.4534348610707297,0.4534157612353932,20.016486082575057
400.0,76.781,41.575,2.9,2.94,1.6362413516280805,1.6361690467690333,1.6361690467690333,1.6362413516280805,2.721883163833005,2.7215633218994,2.7215633218994,2.721883163833005,1.7169098872828126,1.716783390145187,1.716783390145187,1.7169098872828126,0.4534402744769019,0.4534589740766122,0.4534589740766122,0.4534402744769019,20.01674245758225
400.0,76.786,19.858,2.53,2.532,1.6367023459151515,1.6366306664764478,1.6366306664764478,1.6367023459151515,2.719843654079216,2.7195268512974526,2.7195268512974526,2.719843654079216,1.7143644295894471,1.7142257048619176,1.7142257048619176,1.7143644295894471,0.4529714530385998,0.4530097622223701,0.4530097622223701,0.4529714530385998,20.00261513886589
400.0,76.814,91.53,5.277,4.475,1.6351785986128828,1.6351059515841313,1.6351059515841313,1.6351785986128828,2.726659755624281,2.7263393348150995,2.7263393348150995,2.726659755624281,1.7231315366400275,1.723007435485708,1.723007435485708,1.7231315366400275,0.454518294699527,0.4545296750474548,0.4545296750474548,0.454518294699527,20.049259109256077
400.0,76.87,58.053,3.026,6.417,1.6358694574900716,1.6357973806502766,1.6357973806502766,1.6358694574900716,2.72355623688264,2.7232391908271003,2.7232391908271003,2.72355623688264,1.7190090761945167,1.7188842578087902,1.7188842578087902,1.7190090761945167,0.4538198996900705,0.4538347839824911,0.4538347839824911,0.4538198996900705,20.02746150473561
400.0,76.951,93.319,3.465,3.654,1.6351063874270926,1.6350338279337353,1.6350338279337353,1.6351063874270926,2.7270123388163854,2.726692763532655,2.726692763532655,2.7270123388163854,1.7234434367167246,1.7233193802058908,1.7233193802058908,1.7234434367167246,0.4545991741320822,0.4546102448798884,0.4546102448798884,0.4545991741320822,20.050419109415262
400.0,76.98,11.287,3.681,6.241,1.6368363028545738,1.6367628992223449,1.6367628992223449,1.6368363028545738,2.7192995918065783,2.7189731991415336,2.7189731991415336,2.7192995918065783,1.713858860713184,1.7136797236554513,1.7136797236554513,1.713858860713184,0.4528182617074803,0.4529199308196448,0.4529199308196448,0.4528182617074803,19.99703454475964
400.0,77.035,99.174,5.342,5.945,1.6349626938270303,1.6348896258751646,1.6348896258751646,1.6349626938270303,2.727683546807767,2.727360656279455,2.727360656279455,2.727683546807767,1.724227052250254,1.7241032847431272,1.7241032847431272,1.724227052250254,0.4547508437254573,0.4547610575973442,0.4547610575973442,0.4547508437254573,20.054229928625507
400.0,77.043,60.112,6.472,6.281,1.635781667460484,1.6357094781019803,1.6357094781019803,1.635781667460484,2.723982638043016,2.7236646361614776,2.7236646361614776,2.723982638043016,1.7193773187731978,1.7192526849875072,1.7192526849875072,1.7193773187731978,0.4539177367959804,0.4539321089018426,0.4539321089018426,0.4539177367959804,20.028795717353557
400.0,77.234,30.932,6.281,4.83,1.636351479211498,1.6362791157315968,1.6362791157315968,1.636351479211498,2.7214798982435635,2.7211597506122343,2.7211597506122343,2.7214798982435635,1.715886466941322,1.7157568717400788,1.7157568717400788,1.715886466941322,0.4533514387542186,0.4533755536808469,0.4533755536808469,0.4533514387542186,20.009802304951283
400.0,77.359,48.856,5.164,5.717,1.6359391392613585,1.6358666981072656,1.6358666981072656,1.6359391392613585,2.723338581548794,2.723018374621316,2.723018374621316,2.723338581548794,1.7181866173346332,1.7180613533467246,1.7180613533467246,1.7181866173346332,0.4537750586810902,0.4537911976101849,0.4537911976101849,0.4537750586810902,20.021459714442425
400.0,77.37,61.401,2.835,4.854,1.6356709642721965,1.6355987346472098,1.6355987346472098,1.6356709642721965,2.7245399269083515,2.72422134980774,2.72422134980774,2.7245399269083515,1.7197500834550925,1.7196255618503211,1.7196255618503211,1.7197500834550925,0.4540467725908184,0.4540606037103628,0.4540606037103628,0.4540467725908184,20.029623401892568
400.0,77.558,89.434,5.735,3.963,1.6350339683234003,1.6349610707822486,1.6349610707822486,1.6350339683234003,2.727455950195467,2.727134155711948,2.727134155711948,2.727455950195467,1.7233570566304914,1.7232329380316067,1.7232329380316067,1.7233570566304914,0.4547048802306081,0.4547160885839699,0.4547160885839699,0.4547048802306081,20.047867549944527
400.0,77.619,62.582,5.05,4.188,1.6355827071434073,1.6355100874696973,1.6355100874696973,1.6355827071434073,2.724985347049027,2.724664406457443,2.724664406457443,2.724985347049027,1.7200586170047545,1.719934561104946,1.719934561104946,1.7200586170047545,0.4541495991461003,0.4541626669998504,0.4541626669998504,0.4541495991461003,20.030382972222476
400.0,77.664,35.282,5.838,3.651,1.63614862136028,1.6360761091367224,1.6360761091367224,1.63614862136028,2.722462088169371,2.722141558414103,2.722141558414103,2.722462088169371,1.7167038589352757,1.7165756418449256,1.7165756418449256,1.7167038589352757,0.45357832217619,0.4535998103742318,0.4535998103742318,0.45357832217619,20.012617086761274
400.0,77.671,73.517,4.544,4.086,1.635339278515482,1.6352664742819647,1.6352664742819647,1.635339278515482,2.726093109531364,2.7257716169984554,2.7257716169984554,2.726093109531364,1.7214512508656616,1.72132698861913,1.72132698861913,1.7214512508656616,0.4543993260132879,0.4544118494125893,0.4544118494125893,0.4543993260132879,20.037499216832927
400.0,77.698,92.539,3.526,5.609,1.6349331757455303,1.6348607772346166,1.6348607772346166,1.6349331757455303,2.7279377825011606,2.7276194628413815,2.7276194628413815,2.7279377825011606,1.7238355550960545,1.7237109422750674,1.7237109422750674,1.7238355550960545,0.4548146889985764,0.4548263830009494,0.4548263830009494,0.4548146889985764,20.049884600393653
400.0,77.871,69.152,5.41,5.218,1.6353802381202918,1.6353073754880656,1.6353073754880656,1.6353802381202918,2.72594607386462,2.7256242383944107,2.7256242383944107,2.72594607386462,1.7210393068984673,1.720915067529563,1.720915067529563,1.7210393068984673,0.4543682281792068,0.4543809744073503,0.4543809744073503,0.4543682281792068,20.034650942776416
400.0,77.941,81.481,6.168,5.789,1.6351034796617114,1.6350303564272033,1.6350303564272033,1.6351034796617114,2.727213077643839,2.726889669257533,2.726889669257533,2.727213077643839,1.7226182242864525,1.7224940187254538,1.7224940187254538,1.7226182242864525,0.4546539168667661,0.4546656561512993,0.4546656561512993,0.4546539168667661,20.04267488905415
400.0,78.083,17.294,3.181,4.716,1.6364234475021586,1.6363505605838853,1.6363505605838853,1.6364234475021586,2.7213214976978586,2.7209981076052863,2.7209981076052863,2.7213214976978586,1.7150142702234954,1.7148689543274116,1.7148689543274116,1.7150142702234954,0.4533123752024337,0.453360785575946,0.453360785575946,0.4533123752024337,20.00090235295727
400.0,78.145,66.437,5.537,6.303,1.6353675134542918,1.635295045311696,1.635295045311696,1.635367513454295,2.726051788976234,2.725732381151566,2.725732381151566,2.7260518115752728,1.7208805490238757,1.7207555647861523,1.7207555647861523,1.7208805490238757,0.4543945403344937,0.4544085163037361,0.4544085163037361,0.4543945403344937,20.032873933721245
400.0,78.15,98.363,3.601,2.608,1.6346972940515654,1.6346239282960937,1.6346239282960937,1.6346972940515654,2.729103337075534,2.7287788108348523,2.7287788108348523,2.729103337075534,1.7248574466931317,1.7247330396248293,1.7247330396248293,1.7248574466931317,0.4550808326758568,0.4550916229315379,0.4550916229315379,0.4550808326758568,20.053661491105903
400.0,78.16,27.415,4.249,5.195,1.6361883861204314,1.6361158763765178,1.6361158763765178,1.6361883861204314,2.722377136472675,2.7220566156825226,2.7220566156825226,2.722377136472675,1.716052650761764,1.715919913768837,1.715919913768837,1.716052650761764,0.4535608289992673,0.4535895626120551,0.4535895626120551,0.4535608289992673,20.00748218564844
400.0,78.206,84.663,5.149,4.502,1.6349695339109716,1.6348963786980433,1.6348963786980433,1.6349695339109716,2.727870673286666,2.7275471615444418,2.7275471615444418,2.727870673286666,1.723187448578869,1.7230632873881908,1.7230632873881908,1.723187448578869,0.4548046014451985,0.454815942401047,0.454815942401047,0.4548046014451985,20.044737686816195
400.0,78.219,15.035,2.757,5.61,1.636436652373026,1.636363739725294,1.636363739725294,1.636436652373026,2.721288477251911,2.7209652293778137,2.7209652293778137,2.721288477251911,1.7149336611072732,1.7147824511561716,1.7147824511561716,1.7149336611072732,0.4533019353151047,0.453359320255124,0.453359320255124,0.4533019353151047,19.99942874293604
400.0,78.259,59.589,3.587,4.381,1.6354825814934395,1.6354101176469322,1.6354101176469322,1.6354825814934395,2.7255537698342494,2.725234132923531,2.725234132923531,2.7255537698342494,1.72010413290502,1.7199790493861826,1.7199790493861826,1.72010413290502,0.4542834794441719,0.4542981277236717,0.4542981277236717,0.4542834794441719,20.028412126954727
400.0,78.276,95.513,4.193,4.688,1.6347248111941013,1.6346518279325657,1.6346518279325657,1.6347248111941013,2.728998822515297,2.7286767912292325,2.7286767912292325,2.728998822515297,1.724584661083986,1.7244603562189993,1.7244603562189993,1.724584661083986,0.455058976126619,0.4550697623055299,0.4550697623055299,0.455058976126619,20.05180099933135
400.0,78.36,28.818,3.828,5.922,1.6361072579334728,1.6360345972281385,1.6360345972281385,1.6361072579334728,2.722775746191388,2.7224543973242312,2.7224543973242312,2.722775746191388,1.7163555552386462,1.7162243464245843,1.7162243464245843,1.7163555552386462,0.4536538554347518,0.4536800201184743,0.4536800201184743,0.4536538554347518,20.00838751555166
400.0,78.5,76.788,3.662,5.822,1.6350600323047513,1.6349870568072484,1.6349870568072484,1.6350600323047513,2.727512855734689,2.7271907253650194,2.7271907253650194,2.727512855734689,1.7223993516733924,1.72227486236898,1.72227486236898,1.7223993516733924,0.4547270283928225,0.4547392955217414,0.4547392955217414,0.4547270283928225,20.039599102529063
400.0,78.631,58.154,4.533,4.56,1.6354180837118937,1.6353453829944005,1.6353453829944005,1.6354180837118937,2.7259151243756365,2.725594159356702,2.725594159356702,2.7259151243756365,1.7201684493649478,1.7200432378137125,1.7200432378137125,1.7201684493649478,0.4543683649831706,0.4543831723302038,0.4543831723302038,0.4543683649831706,20.02746500993658
400.0,78.639,77.498,6.236,3.047,1.6350098372464623,1.6349368660488788,1.6349368660488788,1.6350098372464623,2.727766454727144,2.7274444331379626,2.7274444331379626,2.727766454727144,1.722578588959454,1.7224540798924883,1.7224540798924883,1.722578588959454,0.4547854936101929,0.4547976859583837,0.4547976859583837,0.4547854936101929,20.04005679920232
400.0,78.882,95.003,3.715,6.454,1.634582548037696,1.6345090232681228,1.6345090232681228,1.634582548037696,2.7297654724223928,2.7294402336591115,2.7294402336591115,2.7297654724223928,1.7249182382919406,1.724793917058384,1.724793917058384,1.7249182382919406,0.4552371376138157,0.4552476896248365,0.4552476896248365,0.4552371376138157,20.05144651031143
400.0,79.056,53.122,4.995,6.358,1.635415736807338,1.635342685740086,1.635342685740086,1.635415736807338,2.726006199779416,2.725683521977844,2.725683521977844,2.726006199779416,1.7198206629743908,1.7196954403265812,1.7196954403265812,1.7198206629743908,0.4543930970284383,0.4544079812623327,0.4544079812623327,0.4543930970284383,20.024175356626248
400.0,79.17,60.516,4.848,3.458,1.6352311684362388,1.6351582382395926,1.6351582382395926,1.6352311684362388,2.7268612967739623,2.7265394781316514,2.7265394781316514,2.7268612967739623,1.7208137844766025,1.7206886179320593,1.7206886179320593,1.7208137844766025,0.4545867924598966,0.4546010223919835,0.4546010223919835,0.4545867924598966,20.02898318673423
400.0,79.181,62.6,2.796,4.549,1.6351844128191857,1.6351116595764434,1.6351116595764434,1.6351844128191857,2.727072048563985,2.7267510244578554,2.7267510244578554,2.727072048563985,1.7210798098786526,1.72095488817411,1.72095488817411,1.7210798098786526,0.454634771207819,0.4546484786295711,0.4546484786295711,0.454634771207819,20.030339437656007
400.0,79.244,32.757,4.546,3.555,1.6357973113118034,1.6357249601645194,1.6357249601645194,1.6357973113118034,2.7243223411376167,2.72400367699666,2.72400367699666,2.7243223411376167,1.7174164951475268,1.717287254006636,1.717287254006636,1.7174164951475268,0.4540132197282123,0.454035674942326,0.454035674942326,0.4540132197282123,20.010918631740577
400.0,79.318,26.201,5.432,6.488,1.635916989454135,1.6358446442572978,1.6358446442572978,1.635916989454135,2.7238001927515527,2.7234812555122745,2.7234812555122745,2.7238001927515527,1.716653388237558,1.7165199623183591,1.7165199623183591,1.716653388237558,0.4538931632546011,0.4539224523869458,0.4539224523869458,0.4538931632546011,20.006651825628964
400.0,79.358,80.349,5.324,4.236,1.6347679807979874,1.634694819573825,1.634694819573825,1.6347679807979874,2.729003382277189,2.728680880836788,2.728680880836788,2.729003382277189,1.7234042358048745,1.7232794000272753,1.7232794000272753,1.7234042358048745,0.4550706750460796,0.4550827964846235,0.4550827964846235,0.4550706750460796,20.041887553533336
400.0,79.368,54.679,5.993,5.481,1.6353032662349745,1.6352306427475487,1.6352306427475487,1.6353032662349745,2.7265700406148325,2.7262502971063767,2.7262502971063767,2.7265700406148325,1.7202178991272286,1.7200920247721443,1.7200920247721443,1.7202178991272286,0.4545229927162692,0.4545386341058388,0.4545386341058388,0.4545229927162692,20.02517759452765
400.0,79.381,76.747,3.059,3.661,1.6348373859228709,1.6347641459190951,1.6347641459190951,1.6348373859228709,2.728690600344824,2.7283672985081977,2.7283672985081977,2.728690600344824,1.7229706116551535,1.7228461692970467,1.7228461692970467,1.7229706116551535,0.4550008680524417,0.4550126718897816,0.4550126718897816,0.4550008680524417,20.039541277786373
400.0,79.502,42.971,3.38,3.48,1.6355157273558798,1.6354429149397087,1.6354429149397087,1.6355157273558798,2.7256356957556527,2.7253138411668334,2.7253138411668334,2.7256356957556527,1.718850851598538,1.7187238706438372,1.7187238706438372,1.718850851598538,0.4543130391979001,0.4543313793013506,0.4543313793013506,0.4543130391979001,20.017554506430848
400.0,79.603,51.596,6.087,3.897,1.635308374932199,1.6352357948198273,1.6352357948198273,1.635308374932199,2.726589704115059,2.726270053018988,2.726270053018988,2.726589704115059,1.7199872577409538,1.7198615868149767,1.7198615868149767,1.7199872577409538,0.4545299980708388,0.4545454734645798,0.4545454734645798,0.4545299980708388,20.023162803789432
400.0,79.758,38.335,5.894,2.746,1.635548189208268,1.6354755179768734,1.6354755179768734,1.635548189208268,2.725537348646088,2.72521659996918,2.72521659996918,2.725537348646088,1.7184422840618956,1.7183142416063388,1.7183142416063388,1.7184422840618956,0.4542927428939967,0.454312859137095,0.454312859137095,0.4542927428939967,20.014529623562797
400.0,79.87,65.239,5.639,3.363,1.6349542317237251,1.634881058601642,1.634881058601642,1.6349542317237251,2.7282494106987536,2.727926346288089,2.727926346288089,2.7282494106987536,1.7218582809200402,1.7217333709686653,1.7217333709686653,1.7218582809200402,0.4549063072143012,0.4549194183960148,0.4549194183960148,0.4549063072143012,20.03203259816676
400.0,79.918,35.925,3.156,4.776,1.6355582433478328,1.6354853901504531,1.6354853901504531,1.6355582433478328,2.7255224750555427,2.725200860487187,2.725200860487187,2.7255224750555427,1.7182475421663357,1.71811880418863,1.71811880418863,1.7182475421663357,0.4542904470760536,0.4543116845905863,0.4543116845905863,0.4542904470760536,20.012956156727142
400.0,80.103,42.622,6.078,2.682,1.6353697779721763,1.635296932054628,1.635296932054628,1.6353697779721763,2.726406493242513,2.726085175447733,2.726085175447733,2.726406493242513,1.7191992421255788,1.7190719928108162,1.7190719928108162,1.7191992421255788,0.4544924775157622,0.4545108610999195,0.4545108610999195,0.4544924775157622,20.01730644393052
400.0,80.151,43.233,4.823,4.095,1.6353446924973152,1.635271792353648,1.635271792353648,1.6353446924973152,2.726529033439343,2.7262073901644848,2.7262073901644848,2.726529033439343,1.7193063681799725,1.7191792968362734,1.7191792968362734,1.7193063681799725,0.4545206643104186,0.4545386804661951,0.4545386804661951,0.4545206643104186,20.01770194809888
400.0,80.153,36.388,2.535,6.105,1.6354883369348292,1.635416089981958,1.635416089981958,1.6354883369348292,2.7258795198133687,2.7255616272413734,2.7255616272413734,2.7258795198133687,1.718458262292181,1.7183294754070255,1.7183294754070255,1.718458262292181,0.4543733999006441,0.4543944496201182,0.4543944496201182,0.4543733999006441,20.013248916434687
400.0,80.155,35.847,6.084,3.258,1.635498954890351,1.6354265085077284,1.6354265085077284,1.635498954890351,2.72583129413078,2.725512148283196,2.725512148283196,2.72583129413078,1.718392552438753,1.718263661574248,1.718263661574248,1.718392552438753,0.4543625710536924,0.4543839204256701,0.4543839204256701,0.4543625710536924,20.012896883715158
400.0,80.291,86.713,2.648,4.263,1.6343993812781148,1.6343259320120356,1.6343259320120356,1.6343993812781148,2.730869170249724,2.7305454269464007,2.7305454269464007,2.730869170249724,1.724809760250313,1.7246845407245714,1.7246845407245714,1.724809760250313,0.4554988290105479,0.4555106067358535,0.4555106067358535,0.4554988290105479,20.04599760737244
400.0,80.296,54.398,5.897,4.625,1.6350733996652829,1.6350000474231725,1.6350000474231725,1.6350733996652829,2.727786919185386,2.727463250397019,2.727463250397019,2.727786919185386,1.7207883818333447,1.720662181913978,1.720662181913978,1.7207883818333447,0.4548056029143722,0.4548213209188079,0.4548213209188079,0.4548056029143722,20.02496185095908
400.0,80.386,82.658,5.848,2.706,1.634459754162734,1.6343862854018147,1.6343862854018147,1.634459754162734,2.7306070614722584,2.730282961005512,2.730282961005512,2.7306070614722584,1.724365759850588,1.7242407626139915,1.7242407626139915,1.724365759850588,0.4554412750590389,0.455453029257088,0.455453029257088,0.4554412750590389,20.043353989042533
400.0,80.438,29.002,5.635,6.464,1.6355711456427202,1.6354987299566253,1.6354987299566253,1.6355711456427202,2.7255581519172,2.7252395694240654,2.7252395694240654,2.7255581519172,1.717728275702934,1.7175954900968224,1.7175954900968224,1.717728275702934,0.4543010749368726,0.4543287604550974,0.4543287604550974,0.4543010749368726,20.008434108715047
400.0,80.499,57.572,5.296,4.024,1.63495512293944,1.634882033184594,1.634882033184594,1.63495512293944,2.728360872837365,2.7280385017430104,2.7280385017430104,2.728360872837365,1.7213153611859129,1.7211897392868414,1.7211897392868414,1.7213153611859129,0.4549373354294561,0.4549518667705236,0.4549518667705236,0.4549373354294561,20.0270195885408
400.0,80.528,22.492,3.875,6.436,1.6356855429802557,1.635613390972526,1.635613390972526,1.6356855429802557,2.7250596979273354,2.7247427249334035,2.7247427249334035,2.7250596979273354,1.7169972716760753,1.7168592167051029,1.7168592167051029,1.7169972716760753,0.454186074575252,0.4542220016396077,0.4542220016396077,0.454186074575252,20.004196810308574
400.0,80.565,90.161,5.745,6.363,1.634258442221824,1.6341846377993257,1.6341846377993257,1.634258442221824,2.731568993056088,2.7312427398584997,2.7312427398584997,2.731568993056088,1.7254194499347848,1.7252945461209064,1.7252945461209064,1.7254194499347848,0.455658942654207,0.4556699557554131,0.4556699557554131,0.455658942654207,20.04823293692893
400.0,80.821,96.809,6.352,3.248,1.634055804274822,1.6339822105591797,1.6339822105591797,1.634055804274822,2.732551967019118,2.7322274993978706,2.7322274993978706,2.732551967019118,1.7264179058613394,1.7262925868166032,1.7262925868166032,1.7264179058613394,0.4558820791651777,0.4558931453899809,0.4558931453899809,0.4558820791651777,20.05255295040695
400.0,80.832,73.643,4.305,3.238,1.6345347847878853,1.6344616120374251,1.6344616120374251,1.6345347847878853,2.730343125841616,2.7300207431447383,2.7300207431447383,2.730343125841616,1.7235342605380382,1.7234089045659713,1.7234089045659713,1.7235342605380382,0.4553864826215676,0.4553992787184402,0.4553992787184402,0.4553864826215676,20.0374686457214
400.0,80.887,24.655,2.951,5.833,1.6355484065471084,1.6354752572090046,1.6354752572090046,1.6355484065471084,2.7257471808035545,2.7254238219828983,2.7254238219828983,2.7257471808035545,1.7174816496660688,1.717346263233366,1.717346263233366,1.7174816496660688,0.4543458696358508,0.4543774554510433,0.4543774554510433,0.4543458696358508,20.005590618324216
400.0,81.227,72.68,4.289,5.812,1.6344550550353611,1.634381826826104,1.634381826826104,1.6344550550353611,2.7307825618935206,2.73046052924047,2.73046052924047,2.7307825618935206,1.7236731422908973,1.7235473731346838,1.7235473731346838,1.7236731422908973,0.4554889689946571,0.4555022242397574,0.4555022242397574,0.4554889689946571,20.03682706742029
400.0,81.355,69.607,3.904,5.745,1.6344865549987135,1.634413315951449,1.634413315951449,1.6344865549987135,2.730660958998796,2.730338134804805,2.730338134804805,2.730660958998796,1.7233740813421108,1.7232483468321833,1.7232483468321833,1.7233740813421108,0.4554628947790531,0.4554763946756712,0.4554763946756712,0.4554628947790531,20.03482199556132
400.0,81.4,46.801,4.644,3.173,1.6349520369926582,1.634878871834005,1.634878871834005,1.6349520369926582,2.7285412017679342,2.7282185277509807,2.7282185277509807,2.7285412017679342,1.7205637975922206,1.7204371603079809,1.7204371603079809,1.7205637975922206,0.4549863164740749,0.4550028171257058,0.4550028171257058,0.4549863164740749,20.01997885666815
400.0,81.587,62.179,4.937,5.866,1.63458284457406,1.6345096559272791,1.6345096559272791,1.63458284457406,2.7302616362935868,2.729939279528608,2.729939279528608,2.7302616362935868,1.7226002715298576,1.722474371092125,1.722474371092125,1.7226002715298576,0.4553755223069482,0.455389688957881,0.455389688957881,0.4553755223069482,20.029979073696225
400.0,81.714,70.377,2.627,3.911,1.6343801074314697,1.634306536779207,1.634306536779207,1.6343801074314697,2.731221373875447,2.73089680320323,2.73089680320323,2.731221373875447,1.723705926620872,1.723580242490918,1.723580242490918,1.723705926620872,0.4555920748163753,0.4556050790573308,0.4556050790573308,0.4555920748163753,20.035310863853056
400.0,81.781,75.224,4.958,5.042,1.6342619576153767,1.634188547658737,1.634188547658737,1.6342619576153767,2.731774438887615,2.731451028605256,2.731451028605256,2.731774438887615,1.7243541472807125,1.724228396238377,1.724228396238377,1.7243541472807125,0.4557172529900931,0.4557301205155644,0.4557301205155644,0.4557172529900931,20.038463368523733
400.0,81.905,24.392,3.958,3.634,1.6352940632204918,1.635220936278917,1.635220936278917,1.6352940632204918,2.7270819524338665,2.7267590063885776,2.7267590063885776,2.7270819524338665,1.7181106283184036,1.717975175204656,1.717975175204656,1.7181106283184036,0.4546566389723797,0.454687970917663,0.454687970917663,0.4546566389723797,20.005383569195136
400.0,81.949,11.602,4.343,5.963,1.6355522283045645,1.63547948154294,1.63547948154294,1.6355522283045645,2.7259235618753,2.7256033830348554,2.7256033830348554,2.7259235618753,1.7171125148086934,1.7169330090873096,1.7169330090873096,1.7171125148086934,0.4543630437967944,0.4544630338254735,0.4544630338254735,0.4543630437967944,19.997064776338828
400.0,82.0,76.079,3.292,4.188,1.634188823252829,1.6341158001646954,1.6341158001646954,1.634188823252829,2.732149350120432,2.731828815128761,2.731828815128761,2.732149350120432,1.7246041844278857,1.724478313323576,1.724478313323576,1.7246041844278857,0.4558039758007912,0.4558168568463416,0.4558168568463416,0.4558039758007912,20.03901176021977
400.0,82.198,96.965,4.168,4.348,1.633706491340384,1.6336323654320066,1.6336323654320066,1.633706491340384,2.7344308707219014,2.734103507927286,2.734103507927286,2.7344308707219014,1.7273437384866237,1.7272183260057925,1.7272183260057925,1.7273437384866237,0.4563173631529207,0.4563279537464284,0.4563279537464284,0.4563173631529207,20.052604436507192
400.0,82.201,13.078,3.988,4.619,1.6354569863733417,1.6353833366594452,1.6353833366594452,1.6354569863733417,2.726403655472521,2.7260775761136484,2.7260775761136484,2.726403655472521,1.7173830945428046,1.717217016525484,1.717217016525484,1.7173830945428046,0.4544834907030459,0.4545623080692882,0.4545623080692882,0.4544834907030459,19.99801626006403
400.0,82.31,64.908,3.223,5.891,1.6343432856805065,1.6342694566280318,1.6342694566280318,1.6343432856805065,2.731498852777501,2.731172912579535,2.731172912579535,2.731498852777501,1.7234140007026346,1.7232882645787506,1.7232882645787506,1.7234140007026346,0.4556605846035269,0.4556739149081034,0.4556739149081034,0.4556605846035269,20.031729108880928
400.0,82.367,78.63,6.425,5.262,1.634043804160492,1.6339699189613754,1.6339699189613754,1.634043804160492,2.7328931575911604,2.7325671917343675,2.7325671917343675,2.7328931575911604,1.7251634250642534,1.72503777374139,1.72503777374139,1.7251634250642534,0.4559741665897833,0.4559863143502364,0.4559863143502364,0.4559741665897833,20.040659347968976
400.0,82.412,19.521,3.118,3.073,1.6352671283700708,1.635193823317954,1.635193823317954,1.6352671283700708,2.7272967299706155,2.7269724262308257,2.7269724262308257,2.7272967299706155,1.7180011747051096,1.7178590537279386,1.7178590537279386,1.7180011747051096,0.454705343025858,0.4547465876784422,0.4547465876784422,0.454705343025858,20.002197967753144
400.0,82.448,31.801,2.965,5.139,1.63499991552712,1.6349266245280916,1.6349266245280916,1.6349999155269228,2.728514463196227,2.7281914052673555,2.7281914052673555,2.728514463193299,1.7193837534971654,1.7192527655456202,1.7192527655456202,1.7193837534971654,0.4549880022816316,0.4550116843123993,0.4550116843123993,0.4549880022816316,20.010182958921497
400.0,82.479,56.153,5.979,4.183,1.6344828041970485,1.6344095049624865,1.6344095049624865,1.6344828041970485,2.7308853473498718,2.730562578390532,2.730562578390532,2.7308853473498718,1.7224334204991103,1.722306818020667,1.722306818020667,1.7224334204991103,0.455524179346489,0.4555394916659923,0.4555394916659923,0.455524179346489,20.026024981992418
400.0,82.487,74.461,2.889,3.469,1.6340998114106744,1.634026261907649,1.634026261907649,1.6340998114106744,2.7326538561952365,2.7323298831779907,2.7323298831779907,2.7326538561952365,1.724722251201587,1.7245962176086338,1.7245962176086338,1.724722251201587,0.4559216499230699,0.4559346373437028,0.4559346373437028,0.4559216499230699,20.0379412095488
400.0,82.668,20.978,3.664,4.481,1.6351713865210065,1.635098058914686,1.635098058914686,1.6351713865210065,2.727778354455153,2.727454752662112,2.727454752662112,2.727778354455153,1.718278761236941,1.7181383083190294,1.7181383083190294,1.718278761236941,0.4548174013138346,0.454856096647985,0.454856096647985,0.4548174013138346,20.003136196962444
400.0,82.748,59.335,3.487,3.652,1.6343484659188623,1.6342751745639934,1.6342751745639934,1.6343484659188623,2.7315523956182095,2.7312301149443154,2.7312301149443154,2.7315523956182095,1.723006195629922,1.722879541704816,1.722879541704816,1.723006195629922,0.4556768089320283,0.4556917630772145,0.4556917630772145,0.4556768089320283,20.028085999895534
400.0,82.752,71.226,3.58,4.94,1.6341002485023,1.6340262937456755,1.6340262937456755,1.6341002485023,2.7327024946220857,2.7323760635174135,2.7323760635174135,2.7327024946220857,1.7244923040526223,1.7243666312851251,1.7243666312851251,1.7244923040526223,0.4559353405190282,0.4559478664794739,0.4559478664794739,0.4559353405190282,20.03582546354413
400.0,82.87,72.1,5.369,2.791,1.6340522514578515,1.6339787399783725,1.6339787399783725,1.6340522514578515,2.732944230269509,2.7326206738304952,2.7326206738304952,2.732944230269509,1.7246790388004418,1.7245525610188317,1.7245525610188317,1.7246790388004418,0.4559904220700397,0.4560041517203573,0.4560041517203573,0.4559904220700397,20.036390176921294
400.0,83.234,76.702,5.726,5.644,1.6338650810348805,1.6337914665509845,1.6337914665509845,1.6338650810348805,2.7338796539179464,2.733555658229,2.733555658229,2.7338796539179464,1.725492944003831,1.7253666858126313,1.7253666858126313,1.725492944003831,0.4562041693191681,0.4562170199390756,0.4562170199390756,0.4562041693191681,20.039372963405288
400.0,83.241,43.14,6.033,4.014,1.634561477923902,1.6344880447706536,1.6344880447706536,1.634561477923902,2.7306647301454143,2.730341445246232,2.730341445246232,2.7306647301454143,1.7213111557243146,1.7211827557286568,1.7211827557286568,1.7213111557243146,0.4554810329718138,0.4554996911477951,0.4554996911477951,0.4554810329718138,20.01753050329155
400.0,83.261,78.567,3.689,5.75,1.6338198168351712,1.6337462391553752,1.6337462391553752,1.6338198168351712,2.734094893290912,2.7337711625037877,2.7337711625037877,2.734094893290912,1.7257433768168462,1.725617022272918,1.725617022272918,1.7257433768168462,0.4562526741444997,0.4562655309204689,0.4562655309204689,0.4562526741444997,20.040585846890774
400.0,83.288,68.936,4.779,5.003,1.6340126598179845,1.633938954752869,1.633938954752869,1.6340126598179845,2.733204902603686,2.7328801814818244,2.7328801814818244,2.733204902603686,1.7245581680455186,1.7244318187659584,1.7244318187659584,1.7245581680455186,0.456053217940082,0.4560667401709516,0.4560667401709516,0.456053217940082,20.034315570758164
400.0,83.313,74.512,4.339,3.702,1.6338908228602012,1.6338171141548328,1.6338171141548328,1.6338908228602012,2.733775538982831,2.733451021471358,2.733451021471358,2.733775538982831,1.7252708810528146,1.725144647238528,1.725144647238528,1.7252708810528146,0.4561815664763699,0.456194485950945,0.456194485950945,0.4561815664763699,20.037944153097985
400.0,83.342,22.172,4.807,3.547,1.634974588126977,1.6349013351740531,1.6349013351740531,1.634974588126977,2.728795231891957,2.728472368248596,2.728472368248596,2.728795231891957,1.7188099451140564,1.718670511023207,1.718670511023207,1.7188099451140564,0.4550538006564623,0.4550905846957997,0.4550905846957997,0.4550538006564623,20.003888411849776
400.0,83.462,23.616,5.975,4.854,1.63491381622322,1.63484024745615,1.63484024745615,1.63491381622322,2.7290956905933603,2.728770977351193,2.728770977351193,2.7290956905933603,1.7190291897591754,1.7188913924796207,1.7188913924796207,1.7190291897591754,0.4551235204229048,0.4551577996015954,0.4551577996015954,0.4551235204229048,20.004823306947337
400.0,83.462,47.336,2.727,4.391,1.6344181945602894,1.634344456224482,1.634344456224482,1.6344181945602894,2.731367077408673,2.731041590576794,2.731041590576794,2.731367077408673,1.721978689088422,1.7218508609451078,1.7218508609451078,1.721978689088422,0.4556409828823888,0.455658375943625,0.455658375943625,0.4556409828823888,20.02025277110164
400.0,83.673,51.5,5.036,4.193,1.6342777182948287,1.634204426626239,1.634204426626239,1.6342777182948287,2.73204818024038,2.731725868216736,2.731725868216736,2.73204818024038,1.7226353016978797,1.7225079835493853,1.7225079835493853,1.7226353016978797,0.4557970557874624,0.4558132865172997,0.4558132865172997,0.4557970557874624,20.022954159094795
400.0,83.674,76.745,5.238,5.772,1.6337536895918603,1.6336796827916715,1.6336796827916715,1.6337536895918603,2.734481018031188,2.734154526673379,2.734154526673379,2.734481018031188,1.725787607349268,1.725661366467724,1.725661366467724,1.725787607349268,0.4563432800145304,0.4563559434130561,0.4563559434130561,0.4563432800145304,20.039384726581453
400.0,83.755,83.732,3.212,2.828,1.6335888457123595,1.6335147272779482,1.6335147272779482,1.6335888457123595,2.7352646012411594,2.734937462138612,2.734937462138612,2.7352646012411594,1.7267144162206016,1.72658846465454,1.72658846465454,1.7267144162206016,0.4565200409269339,0.4565317264258045,0.4565317264258045,0.4565200409269339,20.043930283794925
400.0,83.834,72.336,5.891,4.365,1.6338045411056648,1.6337309056738687,1.6337309056738687,1.6338045411056648,2.734271310274628,2.73394735465275,2.73394735465275,2.734271310274628,1.7253416734134708,1.7252154840717653,1.7252154840717653,1.7253416734134708,0.4562982450561256,0.4563110411381514,0.4563110411381514,0.4562982450561256,20.036508590495465
400.0,83.948,65.984,5.604,3.24,1.6339077312174104,1.6338335174348495,1.6338335174348495,1.6339077312174104,2.733815673595773,2.733487988691841,2.733487988691841,2.733815673595773,1.7246232054320552,1.7244967063335466,1.7244967063335466,1.7246232054320552,0.4561965643901365,0.4562102537266226,0.4562102537266226,0.4561965643901365,20.03236960241424
400.0,84.028,67.148,5.757,4.753,1.6338633007849936,1.6337893466758686,1.6337893466758686,1.6338633007849936,2.734035335111628,2.7337091905885686,2.7337091905885686,2.734035335111628,1.7248210318208812,1.7246947808255575,1.7246947808255575,1.7248210318208812,0.4562470128396565,0.4562602370149676,0.4562602370149676,0.4562470128396565,20.03312447506155
400.0,84.075,67.864,6.408,6.416,1.6338366806150313,1.6337626137450236,1.6337626137450236,1.6338366806150313,2.7341679920759763,2.733841357051305,2.733841357051305,2.7341679920759763,1.7249414766433486,1.724814955722231,1.724814955722231,1.7249414766433486,0.4562769962010734,0.4562905638157719,0.4562905638157719,0.4562769962010734,20.03358922828337
400.0,84.159,18.561,6.213,4.765,1.6348422269719065,1.6347687178757444,1.6347687178757444,1.6348422269720575,2.729548885692465,2.729224785657405,2.729224785657405,2.7295489100778054,1.7190711421410447,1.71892585888404,1.71892585888404,1.7190711421410447,0.4552271489931717,0.4552726412272518,0.4552726412272518,0.4552271489931717,20.0015114499892
400.0,84.194,75.14,2.672,2.706,1.6336564423890287,1.6335823432972334,1.6335823432972334,1.6336564423890287,2.735032364110887,2.7347059264532088,2.7347059264532088,2.735032364110887,1.7259293924848311,1.7258029536374249,1.7258029536374249,1.7259293924848311,0.4564718401338741,0.4564846319305593,0.4564846319305593,0.4564718401338741,20.03832061278517
400.0,84.335,96.661,4.176,5.512,1.6331774728230135,1.6331032696341297,1.6331032696341297,1.6331774728230135,2.7373028003812148,2.7369761344478327,2.7369761344478327,2.7373028003812148,1.7287152228362963,1.7285886519258342,1.7285886519258342,1.7287152228362963,0.4569821252860069,0.4569935211002836,0.4569935211002836,0.4569821252860069,20.05232810352588
400.0,84.609,55.332,3.264,2.668,1.6339617632782448,1.6338876769345594,1.6338876769345594,1.6339617632782448,2.7336832642852174,2.73335642233465,2.73335642233465,2.7336832642852174,1.7237274542619363,1.7236000734593029,1.7236000734593029,1.7237274542619363,0.4561731492127367,0.4561888530093454,0.4561888530093454,0.4561731492127367,20.025413901250296
400.0,84.611,47.575,2.593,4.648,1.6341230811270662,1.6340491051845103,1.6340491051845103,1.6341230811270662,2.7329413361907657,2.7326148505486034,2.7326148505486034,2.7329413361907657,1.7227607033395618,1.722632837384562,1.722632837384562,1.7227607033395618,0.4560058621115248,0.4560227011176861,0.4560227011176861,0.4560058621115248,20.020366959055558
400.0,84.697,74.169,5.261,4.679,1.6335499333877128,1.6334760086847733,1.6334760086847733,1.6335499333877128,2.7356184975530438,2.7352932334892253,2.7352932334892253,2.7356184975530438,1.7261382709885225,1.726011859283917,1.726011859283917,1.7261382709885225,0.4566088392202807,0.456621430024859,0.456621430024859,0.4566088392202807,20.037670439946663
400.0,84.709,15.564,5.526,6.255,1.6347651885113377,1.634691928330939,1.634691928330939,1.6347651885113377,2.729999752203448,2.7296775263564808,2.7296775263564808,2.729999752203448,1.719205085969732,1.7190512362258956,1.7190512362258956,1.719205085969732,0.4553278120510689,0.4553863609856949,0.4553863609856949,0.4553278120510689,19.99954226715265
400.0,84.733,94.475,3.189,5.864,1.6331228326693337,1.6330484279523083,1.6330484279523083,1.6331228326693337,2.7376329733449025,2.7373053155210534,2.7373053155210534,2.7376329733449025,1.7287042660917944,1.72857775836114,1.72857775836114,1.7287042660917944,0.4570603137825631,0.4570714001697575,0.4570714001697575,0.4570603137825631,20.05088985559748
400.0,84.764,87.566,5.496,5.413,1.6332569938305386,1.6331829827046564,1.6331829827046564,1.6332569938305386,2.737005437384387,2.736679642685295,2.736679642685295,2.737005437384387,1.7278592937931687,1.727732584139885,1.727732584139885,1.7278592937931687,0.4569199601313377,0.4569320481921938,0.4569320481921938,0.4569199601313377,20.046389915243285
400.0,84.801,89.267,3.44,5.073,1.6332130276647707,1.6331386792636524,1.6331386792636524,1.6332130276647707,2.737220640119012,2.7368931257729803,2.7368931257729803,2.737220640119012,1.728096315159734,1.7279697296735743,1.7279697296735743,1.728096315159734,0.4569684953671024,0.4569801850120525,0.4569801850120525,0.4569684953671024,20.047495643851807
400.0,84.83,26.467,5.551,3.735,1.634506700484842,1.634432835877488,1.634432835877488,1.634506700484842,2.731209013169941,2.7308831351741727,2.7308831351741727,2.731209013169941,1.720275615245259,1.7201408060682493,1.7201408060682493,1.720275615245259,0.4556145478766693,0.4556434035775537,0.4556434035775537,0.4556145478766693,20.00662781288308
400.0,84.843,53.141,4.683,5.334,1.6339479150182443,1.6338745375954336,1.6338745375954336,1.6339479150182443,2.733787176289787,2.7334649072624657,2.7334649072624657,2.733787176289787,1.7236076912935006,1.7234797390005143,1.7234797390005143,1.7236076912935006,0.4561988606711618,0.4562154329824428,0.4562154329824428,0.4561988606711618,20.02397997488872
400.0,84.859,89.765,3.789,3.559,1.6331882984993629,1.633113821407394,1.633113821407394,1.6331882984993629,2.7373485844612824,2.737020549937089,2.737020549937089,2.7373485844612824,1.7281970366783874,1.7280706195308635,1.7280706195308635,1.7281970366783874,0.4569978137209515,0.4570091472787795,0.4570091472787795,0.4569978137209515,20.047817636373175
400.0,84.873,14.309,5.838,3.026,1.6347502529637017,1.6346758527398877,1.6346758527398877,1.6347502529637017,2.7301043469243207,2.729775134898526,2.729775134898526,2.7301043469243207,1.7192202916175972,1.719058805399715,1.719058805399715,1.7192202916175972,0.4553462917881705,0.4554167512303966,0.4554167512303966,0.4553462917881705,19.998720847612194
400.0,84.971,45.641,3.64,5.606,1.6340717058518437,1.6339979282786652,1.6339979282786652,1.6340717058518437,2.7332381973696984,2.7329136061331143,2.7329136061331143,2.7332381973696984,1.722755152451218,1.7226266767831355,1.7226266767831355,1.722755152451218,0.4560764752498791,0.456094269694583,0.456094269694583,0.4560764752498791,20.019094791937
400.0,85.084,42.081,5.808,5.11,1.6341172846070855,1.6340431385471077,1.6340431385471077,1.6341172846070855,2.733050539118652,2.7327232670294563,2.7327232670294563,2.733050539118652,1.7223855119592089,1.7222563362258465,1.7222563362258465,1.7223855119592089,0.4560346130938898,0.4560537189475381,0.4560537189475381,0.4560346130938898,20.016774889576343
400.0,85.098,63.766,4.308,3.562,1.6336641241985057,1.6335899301488532,1.6335899301488532,1.6336641241985057,2.735159675207546,2.7348326760226627,2.7348326760226627,2.735159675207546,1.7251020224039049,1.7249748761760106,1.7249748761760106,1.7251020224039049,0.4565093493156393,0.4565236894441971,0.4565236894441971,0.4565093493156393,20.03088422661738
400.0,85.192,77.256,3.454,6.248,1.633362193310662,1.6332880245691996,1.6332880245691996,1.633362193310662,2.7365893999324458,2.7362625865278063,2.7362625865278063,2.7365893999324458,1.7268503416592422,1.7267237219785323,1.7267237219785323,1.7268503416592422,0.4568311752687658,0.4568436855482375,0.4568436855482375,0.4568311752687658,20.03966146144096
400.0,85.314,94.764,5.687,6.094,1.6329721344644554,1.6328973150487511,1.6328973150487511,1.6329721344644554,2.738454288767436,2.7381239234905657,2.7381239234905657,2.738454288767436,1.7291239148094149,1.7289974917248856,1.7289974917248856,1.7291239148094149,0.4572497470229116,0.457260566867533,0.457260566867533,0.4572497470229116,20.051056678993348
400.0,85.328,45.514,5.581,2.939,1.6339843267803182,1.6339102700809216,1.6339102700809216,1.6339843267803182,2.73371090885034,2.7333846004732347,2.7333846004732347,2.73371090885034,1.722973722949689,1.7228450287318788,1.7228450287318788,1.722973722949689,0.4561857424066973,0.4562037265460456,0.4562037265460456,0.4561857424066973,20.018999361517317
400.0,85.382,46.353,3.025,5.83,1.633952909873436,1.633878966912207,1.633878966912207,1.633952909873436,2.7338632561869907,2.733537578850492,2.733537578850492,2.7338632561869907,1.723114072743728,1.7229857245097373,1.7229857245097373,1.723114072743728,0.4562210472179839,0.4562384319372062,0.4562384319372062,0.4562210472179839,20.019543652178164
400.0,85.388,65.961,5.962,5.045,1.6335458684508557,1.6334716198531094,1.6334716198531094,1.6335458684508557,2.735764819037949,2.7354373707975106,2.7354373707975106,2.735764819037949,1.7255669970954353,1.725439867388554,1.725439867388554,1.7255669970954353,0.4566479669061745,0.4566619816965559,0.4566619816965559,0.4566479669061745,20.032302415792056
400.0,85.462,78.086,6.453,5.579,1.633277273011804,1.63320317877972,1.63320317877972,1.633277273011804,2.7370376062684327,2.7367119454586923,2.7367119454586923,2.7370376062684327,1.7271329022890105,1.727005696525998,1.727005696525998,1.7271329022890105,0.4569340285519358,0.4569472034721633,0.4569472034721633,0.4569340285519358,20.04019175605697
400.0,85.516,72.7,3.97,6.365,1.633374795834306,1.6333005248761971,1.6333005248761971,1.633374795834306,2.736590164286756,2.7362630449978527,2.7362630449978527,2.736590164286756,1.726494113685173,1.7263672243692028,1.7263672243692028,1.726494113685173,0.4568344267658675,0.4568475143739446,0.4568475143739446,0.4568344267658675,20.03668423722733
400.0,85.582,17.908,3.097,4.269,1.6344946512972494,1.6344206944762811,1.6344206944762811,1.6344946512972494,2.731400048433093,2.7310737366526685,2.7310737366526685,2.731400048433093,1.7199530963327594,1.7198056351251418,1.7198056351251418,1.7199530963327594,0.4556558190892304,0.4557041061141703,0.4557041061141703,0.4556558190892304,20.00103543368952
400.0,85.761,59.286,4.085,5.25,1.633590242143256,1.6335158438239474,1.6335158438239474,1.633590242143256,2.735626610764157,2.735298420965977,2.735298420965977,2.735626610764157,1.7249776915176795,1.724850088480506,1.724850088480506,1.7249776915176795,0.4566203731435903,0.4566354105435146,0.4566354105435146,0.4566203731435903,20.02794472202333
400.0,85.984,70.674,3.355,6.273,1.633298940915449,1.633224758196733,1.633224758196733,1.633298940915449,2.7370297415399807,2.736703401009647,2.736703401009647,2.7370297415399807,1.726549031106258,1.726421826339606,1.726421826339606,1.726549031106258,0.4569376746162194,0.4569511571217406,0.4569511571217406,0.4569376746162194,20.035347827083488
400.0,86.019,42.413,3.523,4.418,1.6338743282024686,1.633800251167832,1.633800251167832,1.6338743282024686,2.7343467554905083,2.73402014042551,2.73402014042551,2.7343467554905083,1.72303953832894,1.7229104486783675,1.7229104486783675,1.72303953832894,0.4563351772150084,0.4563537190324593,0.4563537190324593,0.4563351772150084,20.01695688563598
400.0,86.116,56.382,5.082,2.65,1.63356092806633,1.6334867146462624,1.6334867146462624,1.63356092806633,2.735826913306504,2.7355003714742927,2.7355003714742927,2.735826913306504,1.7248481488257044,1.7247200708557813,1.7247200708557813,1.7248481488257044,0.4566687247927222,0.4566845848716482,0.4566845848716482,0.4566687247927222,20.026042047578983
400.0,86.222,26.028,6.413,4.358,1.6341632852813484,1.6340892420126265,1.6340892420126265,1.6341632852813484,2.7330444236966573,2.732717947980947,2.732717947980947,2.7330444236966573,1.7211311722837028,1.7209948957109051,1.7209948957109051,1.7211311722837028,0.4560397178478723,0.4560702687775286,0.4560702687775286,0.4560397178478723,20.006292245861985
400.0,86.364,85.972,4.418,2.543,1.6328901119504269,1.6328153327559545,1.6328153327559545,1.6328901119504269,2.739032830119189,2.7387031719705623,2.7387031719705623,2.739032830119189,1.7287158423257614,1.7285886065735014,1.7285886065735014,1.7287158423257614,0.4573895556402955,0.4574017988182272,0.4574017988182272,0.4573895556402955,20.045292524719795
400.0,86.368,52.187,5.021,3.524,1.633584242652265,1.6335100356190144,1.6335100356190144,1.633584242652265,2.7357633987627468,2.7354365982853683,2.7354365982853683,2.7357633987627468,1.7244892219700194,1.7243610369812874,1.7243610369812874,1.7244892219700194,0.4566569933862341,0.4566732173274596,0.4566732173274596,0.4566569933862341,20.023303128120784
400.0,86.396,81.224,6.149,3.562,1.6329792611697826,1.6329047790875164,1.6329047790875164,1.6329792611697826,2.738615135610956,2.7382869925625455,2.7382869925625455,2.738615135610956,1.7281419011175516,1.728014850296666,1.728014850296666,1.7281419011175516,0.4572966940592083,0.4573090168476562,0.4573090168476562,0.4572966940592083,20.04220046762549
400.0,86.435,71.631,4.97,3.265,1.6331664497175902,1.633092297332325,1.633092297332325,1.6331664497175902,2.737736848853584,2.7374107854373784,2.7374107854373784,2.737736848853584,1.7269660508481797,1.7268386497492887,1.7268386497492887,1.7269660508481797,0.457100441013185,0.4571139441730746,0.4571139441730746,0.457100441013185,20.03595460929604
400.0,86.443,99.759,4.004,5.096,1.6325881855192397,1.6325135863100368,1.6325135863100368,1.6325881855192397,2.740481716446252,2.7401535786601063,2.7401535786601063,2.740481716446252,1.7304982558769173,1.7303708351788638,1.7303708351788638,1.7304982558769173,0.4577144925614986,0.4577259879721924,0.4577259879721924,0.4577144925614986,20.054267350947423
400.0,86.496,11.353,3.163,2.618,1.634399615662734,1.6343253768222528,1.6343253768222528,1.634399615662734,2.732004841152023,2.731676483319199,2.731676483319199,2.732004841152023,1.7200673567563618,1.7198831463634952,1.7198831463634952,1.7200673567563618,0.4557725653489548,0.4558775650919541,0.4558775650919541,0.4557725653489548,19.99674008459281
400.0,86.604,69.237,6.247,4.186,1.6331736795767045,1.6330991199417006,1.6330991199417006,1.6331736795767045,2.737735117164636,2.7374065110000934,2.7374065110000934,2.737735117164636,1.7267770970761602,1.726649818994633,1.726649818994633,1.7267770970761602,0.45710163424906,0.4571150298140308,0.4571150298140308,0.45710163424906,20.034389487083956
400.0,86.647,16.262,5.004,2.512,1.6342588417220456,1.6341849078199169,1.6341849078199169,1.6342588417220456,2.732679802721071,2.7323539790851923,2.7323539790851923,2.732679802721071,1.7205293327547215,1.720373353513709,1.720373353513709,1.7205293327547215,0.455947471568406,0.4560085910799272,0.4560085910799272,0.455947471568406,19.99992635631824
400.0,86.717,80.191,5.2,6.333,1.632920430751128,1.6328458016208185,1.6328458016208185,1.632920430751128,2.7389525220539928,2.738623428870432,2.738623428870432,2.7389525220539928,1.7282241165150092,1.7280969577958514,1.7280969577958514,1.7282241165150092,0.4573753116989922,0.4573877668719389,0.4573877668719389,0.4573753116989922,20.041515997912867
400.0,86.733,99.902,2.506,3.9,1.6325096983886744,1.6324347615265713,1.6324347615265713,1.6325096983886744,2.740877197711308,2.7405469562199567,2.7405469562199567,2.740877197711308,1.730712127175018,1.7305849235207889,1.7305849235207889,1.730712127175018,0.4578083521807765,0.4578193187442948,0.4578193187442948,0.4578083521807765,20.054350442097025
400.0,86.763,66.382,5.296,3.562,1.6331924307891452,1.633118052267519,1.633118052267519,1.6331924307891452,2.7376745991351434,2.737347493372374,2.737347493372374,2.7376745991351434,1.7265248255659058,1.7263971477749596,1.7263971477749596,1.7265248255659058,0.4570895840498183,0.4571037375848608,0.4571037375848608,0.4570895840498183,20.032525908963034
400.0,86.799,55.405,3.095,4.44,1.6334091298500504,1.6333346732180762,1.6333346732180762,1.6334091298500504,2.7366602717210182,2.736331674941355,2.736331674941355,2.7366602717210182,1.7251755074802575,1.7250474893088987,1.7250474893088987,1.7251755074802575,0.4568625638869968,0.4568781574551117,0.4568781574551117,0.4568625638869968,20.025380991501542
400.0,87.122,58.665,4.715,4.497,1.633261137552855,1.6331868619841263,1.6331868619841263,1.633261137552855,2.737415695815624,2.737089155006533,2.737089155006533,2.737415695815624,1.7257956110567565,1.7256676276175884,1.7256676276175884,1.7257956110567565,0.4570351440352734,0.4570501960593209,0.4570501960593209,0.4570351440352734,20.027490384578588
400.0,87.147,73.691,2.761,3.793,1.6329465257670788,1.6328718591208653,1.6328718591208653,1.6329465257670788,2.738909134284876,2.738580265243119,2.738580265243119,2.738909134284876,1.7276936445344786,1.727566328686305,1.727566328686305,1.7276936445344786,0.4573697196109202,0.4573826155420208,0.4573826155420208,0.4573697196109202,20.037268793194716
400.0,87.148,67.627,2.657,3.141,1.63307098017034,1.6329965724444735,1.6329965724444735,1.63307098017034,2.738321425419332,2.737994324366888,2.737994324366888,2.738321425419332,1.7269345233802285,1.7268070119912613,1.7268070119912613,1.7269345233802285,0.4572380529325384,0.4572516582305724,0.4572516582305724,0.4572380529325384,20.033322483568103
400.0,87.196,93.835,5.624,6.264,1.6325220292614198,1.632447034245804,1.632447034245804,1.6325220292614198,2.7409363159620264,2.740605817135677,2.740605817135677,2.7409363159620264,1.7302529676275114,1.7301254561447064,1.7301254561447064,1.7302529676275114,0.4578227159603385,0.4578343706556669,0.4578343706556669,0.4578227159603385,20.05038140247265
400.0,87.227,93.816,5.371,3.965,1.632514549623978,1.6324399438081747,1.6324399438081747,1.632514549623978,2.7409755240119797,2.74064752954782,2.74064752954782,2.7409755240119797,1.730270943299982,1.730143618361034,1.730143618361034,1.730270943299982,0.4578320415098349,0.4578433939361562,0.4578433939361562,0.4578320415098349,20.050367770432768
400.0,87.26,43.182,4.248,4.884,1.6335456338729748,1.6334716663217472,1.6334716663217472,1.6335456338729748,2.736104024691763,2.7357788131756062,2.7357788131756062,2.736104024691763,1.7239504715159666,1.7238210446141469,1.7238210446141469,1.7239504715159666,0.4567417706474482,0.4567601796464373,0.4567601796464373,0.4567417706474482,20.017412034506663
400.0,87.363,59.787,5.901,4.235,1.6331775176293812,1.6331032621192652,1.6331032621192652,1.6331775176293812,2.737852554046048,2.737525578591648,2.737525578591648,2.737852554046048,1.7260946831096775,1.7259667547480138,1.7259667547480138,1.7260946831096775,0.4571354289701704,0.457150299361437,0.457150299361437,0.4571354289701704,20.028211426247168
400.0,87.547,64.096,3.495,5.368,1.633043141996961,1.6329686989058845,1.6329686989058845,1.633043141996961,2.7385205993329857,2.738192811066918,2.738192811066918,2.7385205993329857,1.7267550605092106,1.7266271354448812,1.7266271354448812,1.7267550605092106,0.457286818885282,0.4573012511214156,0.4573012511214156,0.457286818885282,20.031009183278226
400.0,87.548,86.691,4.572,4.544,1.632580138870204,1.6325054965062822,1.6325054965062822,1.632580138870204,2.740720467445045,2.7403922830121648,2.7403922830121648,2.740720467445045,1.7295887802455827,1.729461468713576,1.729461468713576,1.7295887802455827,0.457779409188287,0.457791125202175,0.457791125202175,0.457779409188287,20.045716510601117
400.0,87.64,53.729,5.897,4.689,1.6332328221246648,1.6331584436072974,1.6331584436072974,1.6332328221246648,2.7376428149888343,2.7373153546581106,2.7373153546581106,2.7376428149888343,1.7255190210871405,1.7253905908058729,1.7253905908058729,1.7255190210871405,0.4570908749391077,0.4571068300651532,0.4571068300651532,0.4570908749391077,20.024259575491048
400.0,87.866,98.289,5.71,2.616,1.6322650029535068,1.6321897254725135,1.6321897254725135,1.6322650029535068,2.7422893018309185,2.741957549355521,2.741957549355521,2.7422893018309185,1.7312561623920633,1.7311287083038485,1.7311287083038485,1.7312561623920633,0.4581256914193402,0.4581366072376899,0.4581366072376899,0.4581256914193402,20.053256609924357
400.0,87.879,11.752,6.262,2.513,1.6340410134708998,1.6339666379909965,1.6339666379909965,1.6340410134708998,2.733912005673792,2.7335840283768102,2.7335840283768102,2.733912005673792,1.7210032020962114,1.720822587630236,1.720822587630236,1.7210032020962114,0.4562174837689481,0.4563163362874784,0.4563163362874784,0.4562174837689481,19.996949301901356
400.0,87.881,70.932,4.836,6.097,1.632819608334224,1.6327447975563194,1.6327447975563194,1.632819608334224,2.739642231678407,2.739312702535237,2.739312702535237,2.739642231678407,1.7278320417410822,1.7277044287177057,1.7277044287177057,1.7278320417410822,0.4575413109469329,0.4575545014437582,0.4575545014437582,0.4575413109469329,20.035445599550435
400.0,88.152,91.972,4.518,5.362,1.6323222665865846,1.6322472898435794,1.6322472898435794,1.6323222665865846,2.742064452837581,2.741734498686209,2.741734498686209,2.742064452837581,1.7306522939497706,1.730524713330971,1.730524713330971,1.7306522939497706,0.4580797526152193,0.4580911873328376,0.4580911873328376,0.4580797526152193,20.049132231133047
400.0,88.203,92.438,2.942,4.711,1.632300512027164,1.6322251157697527,1.6322251157697527,1.632300512027164,2.7421821264644843,2.74184969962267,2.74184969962267,2.7421821264644843,1.7307447799223077,1.7306173621513523,1.7306173621513523,1.7307447799223077,0.4581057401723758,0.4581167824052214,0.4581167824052214,0.4581057401723758,20.04943428322644
400.0,88.619,71.556,3.034,5.957,1.632622640422417,1.6325478693342923,1.6325478693342923,1.632622640422417,2.740713208973008,2.7403843659439286,2.7403843659439286,2.740713208973008,1.7283984855189136,1.7282703747334112,1.7282703747334112,1.7283984855189136,0.4577880680513285,0.4578016327601242,0.4578016327601242,0.4577880680513285,20.035824647106452
400.0,88.799,16.639,5.308,3.251,1.6337076125159975,1.633632661600176,1.633632661600176,1.6337076125159975,2.7356310478192336,2.7353000356983017,2.7353000356983017,2.7356310478192336,1.721968605379124,1.7218174133795094,1.7218174133795094,1.721968605379124,0.4566348414970689,0.4566872108652554,0.4566872108652554,0.4566348414970689,20.000093258398735
400.0,89.134,15.904,3.837,6.434,1.6336374968915646,1.6335637091546418,1.6335637091546418,1.6336374968915646,2.7360101512514055,2.7356866883244213,2.7356866883244213,2.7360101512514055,1.722135173521182,1.72197848551776,1.72197848551776,1.722135173521182,0.4567200005236402,0.4567808664490616,0.4567808664490616,0.4567200005236402,19.999603116505853
400.0,89.196,99.45,4.534,5.881,1.6319118704598357,1.6318364246226007,1.6318364246226007,1.6319118704598357,2.7442310119312348,2.7438987752747455,2.7438987752747455,2.7442310119312348,1.732285098659601,1.7321571742839237,1.7321571742839237,1.732285098659601,0.4585638969479449,0.4585748598367576,0.4585748598367576,0.4585638969479449,20.05396261229048
400.0,89.478,67.963,4.449,4.692,1.6324822312548493,1.6324070513218267,1.6324070513218267,1.6324822312548493,2.7415386370587838,2.741207501605572,2.741207501605572,2.7415386370587838,1.7285146686231714,1.728386530218002,1.728386530218002,1.7285146686231714,0.457978571875668,0.4579919887672367,0.4579919887672367,0.457978571875668,20.03345353593412
400.0,89.495,41.604,3.712,2.524,1.6330176269870167,1.6329427679203237,1.6329427679203237,1.6330176269870167,2.738994532202641,2.7386648276882,2.7386648276882,2.738994532202641,1.7252224018503768,1.7250918971465126,1.7250918971465126,1.7252224018503768,0.4574108662252542,0.4574299983802833,0.4574299983802833,0.4574108662252542,20.01630294231617
400.0,89.509,94.721,5.289,5.638,1.6319301654727647,1.6318548146442668,1.6318548146442668,1.6319301654727647,2.7441988571576608,2.743867360572655,2.743867360572655,2.7441988571576608,1.7318983257706193,1.7317701596769457,1.7317701596769457,1.7318983257706193,0.4585601375938196,0.4585716677650006,0.4585716677650006,0.4585601375938196,20.05087155522635
400.0,89.522,75.304,2.873,5.899,1.632321630960649,1.6322466316872044,1.6322466316872044,1.632321630960649,2.7423171139291926,2.7419873665450294,2.7419873665450294,2.7423171139291926,1.7294660769918655,1.729337940380552,1.729337940380552,1.7294660769918655,0.458149113653902,0.4581619327998792,0.4581619327998792,0.458149113653902,20.038229954949383
400.0,89.592,74.295,6.068,5.024,1.6323246942513687,1.6322495070987293,1.6322495070987293,1.6323246942513687,2.7423129279197807,2.741981978995496,2.741981978995496,2.7423129279197807,1.7293851105910998,1.729256921530538,1.729256921530538,1.7293851105910998,0.4581490692791435,0.458162049418012,0.458162049418012,0.4581490692791435,20.037570478159687
400.0,89.707,54.913,5.953,5.255,1.632691364593014,1.6326167379465233,1.6326167379465233,1.632691364593014,2.740579231481067,2.740251368630939,2.740251368630939,2.740579231481067,1.7270297994490311,1.72690051221218,1.72690051221218,1.7270297994490311,0.4577686649746075,0.4577848735870973,0.4577848735870973,0.4577686649746075,20.02495362865676
400.0,89.72,90.886,5.52,3.48,1.6319557479414373,1.631880321281435,1.631880321281435,1.6319557479414373,2.7441131039290574,2.7437812842530738,2.7437812842530738,2.7441131039290574,1.7315557370533985,1.7314275180435603,1.7314275180435603,1.7315557370533985,0.4585436671851965,0.4585553945840129,0.4585553945840129,0.4585436671851965,20.048366506598864
400.0,89.76,56.562,5.051,6.046,1.6326448472821289,1.632569817153694,1.632569817153694,1.6326448472821289,2.740812330291739,2.740481834942544,2.740481834942544,2.740812330291739,1.7272705533383033,1.7271419015516123,1.7271419015516123,1.7272705533383033,0.4578215258030559,0.4578366120922077,0.4578366120922077,0.4578215258030559,20.02602411338684
400.0,89.762,77.703,3.054,6.441,1.6322129770620044,1.6321379456475724,1.6321379456475724,1.6322129770620044,2.7428799119538345,2.742550155649607,2.742550155649607,2.7428799119538345,1.729926283216186,1.729797968955154,1.729797968955154,1.729926283216186,0.4582747389066376,0.4582875810445877,0.4582875810445877,0.4582747389066376,20.03978256036636
400.0,89.918,61.37,6.28,6.303,1.6325070909973567,1.6324322749523876,1.6324322749523876,1.6325070909973567,2.7414969052990563,2.7411681018024923,2.7411681018024923,2.7414969052990563,1.727978128283958,1.7278494230637869,1.7278494230637869,1.727978128283958,0.4579739965941291,0.4579886233383977,0.4579886233383977,0.4579739965941291,20.0291466071724
400.0,90.05,92.76,2.666,3.641,1.631834254309526,1.6317587222138406,1.6317587222138406,1.631834254309526,2.744743918411888,2.744411270056946,2.744411270056946,2.744743918411888,1.7320135594827732,1.731884720512926,1.731884720512926,1.7320135594827732,0.4586862439102885,0.4586982337337181,0.4586982337337181,0.4586862439102885,20.04957510190163
400.0,90.093,14.649,3.576,4.3,1.6334223777314758,1.6333479037680003,1.6333479037680003,1.6334223777314758,2.7371942171887227,2.736867158968277,2.736867158968277,2.7371942171887227,1.722671491643832,1.7225101868507209,1.7225101868507209,1.722671491643832,0.4569911519270371,0.4570587209104005,0.4570587209104005,0.4569911519270371,19.9987518052332
400.0,90.105,30.268,3.714,3.58,1.6330977138503364,1.633022805295726,1.633022805295726,1.6330977138503364,2.7387258719940824,2.738395761114059,2.738395761114059,2.7387258719940824,1.7242062465864234,1.724071685375266,1.724071685375266,1.7242062465864234,0.4573539618642814,0.457379820554404,0.457379820554404,0.4573539618642814,20.008907206503515
400.0,90.193,32.66,4.832,5.602,1.6330264909783645,1.6329516442044163,1.6329516442044163,1.6330264909783645,2.7390779396858664,2.7387479575251774,2.7387479575251774,2.7390779396858664,1.7245627108699813,1.7244296845658942,1.7244296845658942,1.7245627108699813,0.457434778880257,0.4574581271556444,0.4574581271556444,0.457434778880257,20.010459718192152
400.0,90.218,47.509,5.532,4.615,1.6327154560808432,1.6326406972750918,1.6326406972750918,1.6327154560808432,2.7405572467114685,2.7402287966737404,2.7402287966737404,2.7405572467114685,1.7264386161778829,1.7263088947949958,1.7263088947949958,1.7264386161778829,0.4577686697452176,0.4577857746408036,0.4577857746408036,0.4577686697452176,20.020117342084724
400.0,90.227,82.824,6.017,2.657,1.6319934031911032,1.6319182920810211,1.6319182920810211,1.6319934031911032,2.7440201239264574,2.7436901379709253,2.7436901379709253,2.7440201239264574,1.7308782401760143,1.7307499914135709,1.7307499914135709,1.7308782401760143,0.4585290235459943,0.4585412000681157,0.4585412000681157,0.4585290235459943,20.043098984186855
400.0,90.238,89.273,4.023,2.707,1.631859935747069,1.6317847082390422,1.6317847082390422,1.631859935747069,2.7446676519017945,2.7443368234507464,2.7443368234507464,2.7446676519017945,1.7316968061166975,1.7315685173437605,1.7315685173437605,1.7316968061166975,0.4586704287273508,0.4586822115456277,0.4586822115456277,0.4586704287273508,20.047296852098157
400.0,90.32,38.332,4.974,3.798,1.632878156617946,1.6328032393354317,1.6328032393354317,1.632878156617946,2.739803790427568,2.7394739379955304,2.7394739379955304,2.739803790427568,1.725356418679214,1.7252249049722874,1.7252249049722874,1.725356418679214,0.4575996299442251,0.4576202051007055,0.4576202051007055,0.4575996299442251,20.014144127656
400.0,90.387,56.471,4.05,5.876,1.632490188287084,1.63241520063887,1.63241520063887,1.632490188287084,2.741662288874677,2.7413323100588407,2.7413323100588407,2.741662288874677,1.7276737188110918,1.7275443138819293,1.7275443138819293,1.7276737188110918,0.4580145524719136,0.4580304628650755,0.4580304628650755,0.4580145524719136,20.025941563969408
400.0,90.504,86.863,4.276,3.269,1.6318430835770026,1.6317676689820726,1.6317676689820726,1.6318430835770026,2.744798276879783,2.7444665899936607,2.7444665899936607,2.744798276879783,1.7315702177604462,1.7314417330427232,1.7314417330427232,1.7315702177604462,0.4587015866532264,0.4587136702825006,0.4587136702825006,0.4587015866532264,20.04571745588925
400.0,90.533,96.194,2.694,2.817,1.631646165434104,1.6315705143694377,1.6315705143694377,1.631646165434104,2.7457500991761594,2.7454173171448444,2.7454173171448444,2.7457500991761594,1.7327659794668446,1.7326376527383922,1.7326376527383922,1.7327659794668446,0.4589106196880549,0.4589217736362546,0.4589217736362546,0.4589106196880549,20.05179288809901
400.0,90.64,10.17,2.576,3.913,1.6333748992164958,1.6332995869112557,1.6332995869112557,1.6333748992164958,2.7374958239347924,2.7371639651353266,2.7371639651353266,2.7374958239347924,1.722711811889457,1.7225065114279785,1.7225065114279785,1.722711811889457,0.4570320133345423,0.457168237651735,0.457168237651735,0.4570320133345423,19.995820633392192
400.0,90.661,85.561,4.16,3.673,1.6318306610743278,1.6317552022013977,1.6317552022013977,1.6318306610743278,2.744886549070104,2.7445543205444385,2.7445543205444385,2.744886549070104,1.7315104338758542,1.7313819326597633,1.7313819326597633,1.7315104338758542,0.4587224806351882,0.4587346493890256,0.4587346493890256,0.4587224806351882,20.044864362374263
400.0,90.762,50.436,4.677,4.248,1.6325200271067974,1.6324446899087917,1.6324446899087917,1.6325200271067974,2.7415889017795103,2.741257003921009,2.741257003921009,2.7415889017795103,1.7271647121548497,1.7270347701529642,1.7270347701529642,1.7271647121548497,0.4580019609469046,0.45801893193663,0.45801893193663,0.4580019609469046,20.02200148574899
400.0,90.831,93.225,4.472,5.14,1.6316334730748965,1.631558228518928,1.631558228518928,1.6316334730748965,2.745873220063677,2.745542601361168,2.745542601361168,2.745873220063677,1.7325884975157733,1.732459656368989,1.732459656368989,1.7325884975157733,0.4589395659478646,0.458951684035358,0.458951684035358,0.4589395659478646,20.04984700443156
400.0,90.931,96.598,2.944,4.601,1.6315409901816669,1.6314655486812268,1.6314655486812268,1.6315409901816669,2.746344544192317,2.7460134145789814,2.7460134145789814,2.746344544192317,1.7330803056040152,1.732951373909846,1.732951373909846,1.7330803056040152,0.4590431570389487,0.4590550032162128,0.4590550032162128,0.4590431570389487,20.052040086491232
400.0,90.933,25.63,3.145,4.395,1.632985437246083,1.632910634187119,1.632910634187119,1.632985437246083,2.7394051738294776,2.739076104026827,2.739076104026827,2.7394051738294776,1.72417191665431,1.7240331935518227,1.7240331935518227,1.72417191665431,0.4575114309772022,0.4575435270032204,0.4575435270032204,0.4575114309772022,20.005861041775336
400.0,91.0,37.904,4.434,4.502,1.6327166681940604,1.6326419607548526,1.6326419607548526,1.6327166681940604,2.740690823548615,2.740362706306044,2.740362706306044,2.740690823548615,1.725751400860035,1.7256184759871656,1.7256184759871656,1.725751400860035,0.4578041861899739,0.4578267131993287,0.4578267131993287,0.4578041861899739,20.01384041683315
400.0,91.053,56.919,2.55,3.723,1.632313469094003,1.6322383950557422,1.6322383950557422,1.632313469094003,2.7426123671213025,2.7422823961869893,2.7422823961869893,2.7426123671213025,1.728172927961778,1.7280437322437987,1.7280437322437987,1.728172927961778,0.4582310669985727,0.4582463386572268,0.4582463386572268,0.4582310669985727,20.02620952782117
400.0,91.08,86.421,5.692,6.041,1.631709499121592,1.6316343009754692,1.6316343009754692,1.631709499121592,2.74554747017414,2.74521772011778,2.74521772011778,2.74554747017414,1.7318971396215057,1.7317681410997166,1.7317681410997166,1.7318971396215057,0.458871188644939,0.4588838530363956,0.4588838530363956,0.458871188644939,20.045407828262917
400.0,91.158,20.613,4.951,4.25,1.633031763967932,1.6329571679312045,1.6329571679312045,1.633031763967932,2.739224249099265,2.7388961032139685,2.7388961032139685,2.739224249099265,1.7238251904070363,1.7236804116722932,1.7236804116722932,1.7238251904070363,0.4574689938745234,0.4575104953432343,0.4575104953432343,0.4574689938745234,20.002589793675707
400.0,91.248,27.214,6.033,4.94,1.632873913983498,1.632799002669476,1.632799002669476,1.632873913983498,2.739989379180236,2.739659955284463,2.739659955284463,2.739989379180236,1.7245766585383846,1.7244398629238629,1.7244398629238629,1.7245766585383846,0.4576468745189815,0.4576758239025715,0.4576758239025715,0.4576468745189815,20.006879348031937
400.0,91.378,24.077,3.439,2.678,1.6329053011044374,1.6328310822306402,1.6328310822306402,1.6329053011044374,2.7398591173604174,2.7395337035501157,2.7395337035501157,2.7398591173604174,1.724270743484947,1.7241300643254545,1.7241300643254545,1.724270743484947,0.4576167939294582,0.4576516781002504,0.4576516781002504,0.4576167939294582,20.004834727152467
400.0,91.383,87.259,4.814,5.295,1.631617770772776,1.6315423738711394,1.6315423738711394,1.631617770772776,2.7460487662223865,2.7457177371632917,2.7457177371632917,2.7460487662223865,1.732204015030239,1.7320751901149902,1.7320751901149902,1.732204015030239,0.4589838934090596,0.4589960412115845,0.4589960412115845,0.4589838934090596,20.045942532597895
400.0,91.453,27.311,5.633,2.986,1.632820483826833,1.6327456105598932,1.6327456105598932,1.632820483826833,2.74027920133978,2.7399500431877564,2.7399500431877564,2.74027920133978,1.7247236784248314,1.7245872206636947,1.7245872206636947,1.7247236784248314,0.4577141650802498,0.4577424257711577,0.4577424257711577,0.4577141650802498,20.00693471031331
400.0,91.466,54.508,4.975,3.977,1.632261602874297,1.6321863345511365,1.6321863345511365,1.632261602874297,2.742951611385461,2.742620314203128,2.742620314203128,2.742951611385461,1.7281406186411987,1.7280107199890806,1.7280107199890806,1.7281406186411987,0.4583075360242115,0.4583238465840923,0.4583238465840923,0.4583075360242115,20.02462398538688
400.0,91.541,35.178,3.301,2.628,1.6326373515471413,1.6325622697202316,1.6325622697202316,1.6326373515471413,2.741166538207356,2.740836311837092,2.740836311837092,2.741166538207356,1.7257668370574644,1.7256329366195415,1.7256329366195415,1.7257668370574644,0.457915270606816,0.4579390853988901,0.4579390853988901,0.457915270606816,20.01204701072594
400.0,91.606,31.654,3.094,3.459,1.63269361004697,1.6326185216673283,1.6326185216673283,1.63269361004697,2.740911925463862,2.74058125683581,2.74058125683581,2.740911925463862,1.7253675134947766,1.7252331104253102,1.7252331104253102,1.7253675134947766,0.4578584461762224,0.457883232147416,0.457883232147416,0.4578584461762224,20.00975334044777
400.0,91.781,57.372,5.289,6.308,1.6321248926266627,1.6320498219748876,1.6320498219748876,1.6321248926266627,2.743664199288361,2.7433345028104656,2.7433345028104656,2.743664199288361,1.728708708053906,1.7285790154792693,1.7285790154792693,1.728708708053906,0.4584669873757136,0.4584825936901653,0.4584825936901653,0.4584669873757136,20.026475674966942
400.0,91.872,91.526,3.497,5.265,1.6314109725803347,1.6313350409538765,1.6313350409538765,1.6314109725803347,2.7471454650842086,2.7468110673737365,2.7468110673737365,2.7471454650842086,1.7330670712527882,1.732938207816522,1.732938207816522,1.7330670712527882,0.4592282649283557,0.4592397965943053,0.4592397965943053,0.4592282649283557,20.048701242256225
400.0,91.926,86.052,5.622,5.004,1.6315083619292583,1.6314323404281028,1.6314323404281028,1.6315083619292583,2.7466819654309043,2.746346884635586,2.746346884635586,2.7466819654309043,1.7324128469192694,1.7322841001612783,1.7322841001612783,1.7324128469192694,0.4591275187242308,0.4591394409830397,0.4591394409830397,0.4591275187242308,20.045135827224183
400.0,91.939,19.549,6.369,4.909,1.6328582526606623,1.632782942920415,1.632782942920415,1.6328582526606623,2.7401894223692755,2.7398573593632105,2.7398573593632105,2.7401894223692755,1.7242588414380409,1.724112769734503,1.724112769734503,1.7242588414380409,0.4576916848604685,0.4577347176977819,0.4577347176977819,0.4576916848604685,20.00186965091833
400.0,91.989,46.859,3.39,6.147,1.6322872289420909,1.6322120369755853,1.6322120369755853,1.6322872289420909,2.74292101089221,2.7425904488922583,2.7425904488922583,2.74292101089221,1.7275262690241977,1.7273953454099564,1.7273953454099564,1.7275262690241977,0.45830589222019,0.4583240225972246,0.4583240225972246,0.45830589222019,20.01962831514571
400.0,92.074,70.278,3.144,5.201,1.631790639045155,1.6317152509128292,1.6317152509128292,1.631790639045155,2.74533352713346,2.7450023365988447,2.7450023365988447,2.74533352713346,1.730525111756978,1.7303957934675025,1.7303957934675025,1.730525111756978,0.4588347350125007,0.4588486069472017,0.4588486069472017,0.4588347350125007,20.03486282602773
400.0,92.085,40.067,3.009,4.606,1.632402183333734,1.6323267249532616,1.6323267249532616,1.632402183333734,2.7423909530718875,2.742058448122493,2.742058448122493,2.7423909530718875,1.7267375214425802,1.7266059974128547,1.7266059974128547,1.7267375214425802,0.458190165558985,0.4582096548566944,0.4582096548566944,0.458190165558985,20.01520695791635
400.0,92.092,56.259,5.282,5.319,1.6320705005435283,1.631994779467666,1.631994779467666,1.6320705005435283,2.743985173190256,2.7436518165332338,2.7436518165332338,2.743985173190256,1.728774805160196,1.7286452564009045,1.7286452564009045,1.728774805160196,0.4585402146283962,0.4585554686080292,0.4585554686080292,0.4585402146283962,20.025740061441265
400.0,92.109,14.847,4.916,2.654,1.6329124631989431,1.6328367018425358,1.6328367018425358,1.6329124631989431,2.739965365839438,2.739630947559424,2.739630947559424,2.739965365839438,1.7240144351992504,1.7238546207077867,1.7238546207077867,1.7240144351992504,0.4576326571517662,0.457696937407314,0.457696937407314,0.4576326571517662,19.99880606055276
400.0,92.201,47.29,6.494,5.273,1.6322258831183758,1.6321505627063082,1.6321505627063082,1.6322258831183758,2.7432545363259617,2.7429235255368583,2.7429235255368583,2.7432545363259617,1.7277203638421357,1.7275892383334683,1.7275892383334683,1.7277203638421357,0.4583807839116662,0.4583991519471985,0.4583991519471985,0.4583807839116662,20.01990083394132
400.0,92.291,77.009,3.344,6.399,1.6316005051250362,1.6315249481053355,1.6315249481053355,1.6316005051250362,2.7462946413001985,2.745962888543884,2.745962888543884,2.7462946413001985,1.7315167911964962,1.7313876313362873,1.7313876313362873,1.7315167911964962,0.4590471256046528,0.4590600898597259,0.4590600898597259,0.4590471256046528,20.039235669406104
400.0,92.371,71.568,4.693,4.419,1.6316909559549595,1.6316151874567668,1.6316151874567668,1.6316909559549595,2.745871253142483,2.745537878080606,2.745537878080606,2.745871253142483,1.730884647673277,1.73075565977941,1.73075565977941,1.730884647673277,0.4589554450601781,0.4589685904566387,0.4589685904566387,0.4589554450601781,20.035691383653425
400.0,92.465,55.188,6.378,5.893,1.6319996403385608,1.6319239956174558,1.6319239956174558,1.6319996403385608,2.744392463142894,2.7440595325173125,2.7440595325173125,2.744392463142894,1.7288870706897472,1.728756907534147,1.728756907534147,1.7288870706897472,0.4586327615586116,0.458648915107262,0.458648915107262,0.4586327615586116,20.02502915070515
400.0,92.476,71.288,3.381,4.637,1.6316705278402477,1.6315949774506744,1.6315949774506744,1.6316705278402477,2.745987208518884,2.7456551753516867,2.7456551753516867,2.745987208518884,1.7309190994318773,1.730789713482234,1.730789713482234,1.7309190994318773,0.4589817936901526,0.4589955124972773,0.4589955124972773,0.4589817936901526,20.035504652250683
400.0,92.501,59.081,4.656,5.785,1.6319116650966097,1.6318358863898992,1.6318358863898992,1.6319116650966097,2.744824967530924,2.7444910635346607,2.7444910635346607,2.744824967530924,1.7294002524843748,1.729270776786338,1.729270776786338,1.7294002524843748,0.4587280104395479,0.4587428036702222,0.4587428036702222,0.4587280104395479,20.02756020911175
400.0,92.631,25.415,5.27,3.251,1.6325648635210503,1.6324896749540168,1.6324896749540168,1.6325648635210503,2.741707006166473,2.7413760927702118,2.7413760927702118,2.741707006166473,1.725262277306466,1.7251238314643331,1.7251238314643331,1.725262277306466,0.4580417952488545,0.4580725644714278,0.4580725644714278,0.4580417952488545,20.00565800993761
400.0,92.995,17.824,3.834,3.951,1.6326290073412684,1.6325541414776903,1.6325541414776903,1.6326290073412684,2.7414641884946978,2.74113588652526,2.74113588652526,2.7414641884946978,1.724825540813249,1.7246739155338833,1.7246739155338833,1.724825540813249,0.457983196448965,0.458034103623176,0.458034103623176,0.457983196448965,20.000708276624547
400.0,93.047,54.448,4.622,3.784,1.6318701461047402,1.6317947544274705,1.6317947544274705,1.6318701461047402,2.7451203807400795,2.744789481736957,2.744789481736957,2.7451203807400795,1.7291794447488211,1.7290489481578084,1.7290489481578084,1.7291794447488211,0.4587979926943311,0.4588144017029126,0.4588144017029126,0.4587979926943311,20.02452533034721
400.0,93.072,73.845,2.722,5.452,1.6314685115845298,1.6313928528694073,1.6313928528694073,1.6314685115845298,2.7470492235072554,2.746716284029928,2.746716284029928,2.7470492235072554,1.7316403843865031,1.7315111939556271,1.7315111939556271,1.7316403843865031,0.4592228391251528,0.4592356190568099,0.4592356190568099,0.4592228391251528,20.037147356948807
400.0,93.096,41.157,5.749,4.342,1.632128012931112,1.6320525544641322,1.6320525544641322,1.632128012931112,2.7438845596581327,2.7435524080078806,2.7435524080078806,2.7438845596581327,1.72754196931921,1.7274098256671504,1.7274098256671504,1.72754196931921,0.4585272396907385,0.4585472181486937,0.4585472181486937,0.4585272396907385,20.0158776415598
400.0,93.099,11.262,3.391,3.905,1.6327379357086222,1.6326618807080018,1.6326618807080018,1.6327379357086222,2.7409709230337147,2.740634538219218,2.740634538219218,2.7409709230337147,1.724406173625174,1.724215840026306,1.724215840026306,1.724406173625174,0.457843981478546,0.4579555319008202,0.4579555319008202,0.457843981478546,19.996439047989227
400.0,93.138,87.808,4.279,5.601,1.631174134310056,1.6310985179603876,1.6310985179603876,1.631174134310056,2.7485303723960617,2.7481986518321344,2.7481986518321344,2.7485303723960617,1.7334409897237542,1.7333115485744175,1.7333115485744175,1.7334409897237542,0.4595435896401243,0.4595558778467654,0.4595558778467654,0.4595435896401243,20.046233048118268
400.0,93.205,97.552,3.196,2.858,1.630962469645951,1.630886095767784,1.630886095767784,1.630962469645951,2.7495887836495774,2.749252908349488,2.749252908349488,2.7495887836495774,1.734715607115284,1.7345861504020588,1.7345861504020588,1.734715607115284,0.4597744575868095,0.4597859240223988,0.4597859240223988,0.4597744575868095,20.052574768525123
400.0,93.271,91.376,3.526,5.545,1.6310698067288034,1.6309935790363823,1.6309935790363823,1.6310698067288034,2.749068911989337,2.748733193727656,2.748733193727656,2.749068911989337,1.7339799575054358,1.7338506396140023,1.7338506396140023,1.7339799575054358,0.4596622567167766,0.4596738932904142,0.4596738932904142,0.4596622567167766,20.04855041537659
400.0,93.339,74.193,6.453,4.008,1.6313987380039745,1.6313230503791092,1.6313230503791092,1.6313987380039745,2.7474659481423127,2.747133586843857,2.747133586843857,2.7474659481423127,1.7318582392942137,1.7317285713326147,1.7317285713326147,1.7318582392942137,0.4593134562508737,0.4593269956848299,0.4593269956848299,0.4593134562508737,20.037362851857875
400.0,93.429,42.062,3.98,4.361,1.6320266693021732,1.6319511725631812,1.6319511725631812,1.6320266693021732,2.744431411879769,2.744099255138712,2.744099255138712,2.744431411879769,1.727876019104737,1.7277441138914544,1.7277441138914544,1.727876019104737,0.4586505789350021,0.4586699544050219,0.4586699544050219,0.4586505789350021,20.01645414005904
400.0,93.431,45.038,3.906,4.214,1.63196566338581,1.6318903199173511,1.6318903199173511,1.63196566338581,2.7447256512196807,2.7443946023649555,2.7443946023649555,2.7447256512196807,1.728251044875893,1.7281196695725698,1.7281196695725698,1.728251044875893,0.4587153378031123,0.4587337078754363,0.4587337078754363,0.4587153378031123,20.018389382283477
400.0,93.441,34.064,4.995,6.011,1.632186273715632,1.6321111468664402,1.6321111468664402,1.632186273715632,2.7436638303875736,2.7433345795237187,2.7433345795237187,2.7436638303875736,1.7268805623353929,1.7267460767385852,1.7267460767385852,1.7268805623353929,0.4584813639922176,0.4585051564779728,0.4585051564779728,0.4584813639922176,20.011251747139287
400.0,93.45,93.357,5.015,3.833,1.6309861784386226,1.6309100531978156,1.6309100531978156,1.6309861784386226,2.749512589082271,2.7491781444123427,2.7491781444123427,2.749512589082271,1.7343492964023537,1.7342196532156362,1.7342196532156362,1.7343492964023537,0.4597606195869605,0.4597726472430775,0.4597726472430775,0.4597606195869605,20.04983343794771
400.0,93.489,17.988,5.98,2.575,1.632502688122584,1.6324268886870326,1.6324268886870326,1.632502688122584,2.742159751567179,2.741825569361414,2.741825569361414,2.742159751567179,1.725163423106474,1.7250140303615182,1.7250140303615182,1.725163423106474,0.458141728430075,0.4581888340037722,0.4581888340037722,0.458141728430075,20.000796992123902
400.0,93.55,63.021,5.151,6.051,1.6315722188052493,1.6314965211729535,1.6314965211729535,1.6315722188052493,2.7466576720783418,2.7463248180338784,2.7463248180338784,2.7466576720783418,1.7305911164786016,1.7304613860457376,1.7304613860457376,1.7305911164786016,0.4591393059624716,0.45915370634084,0.45915370634084,0.4591393059624716,20.030084376489565
400.0,93.566,48.645,6.149,3.135,1.6318589625824795,1.631783579804847,1.631783579804847,1.6318589625824795,2.7452663800694377,2.744935208097232,2.744935208097232,2.7452663800694377,1.7287939484878152,1.728662814500863,1.728662814500863,1.7287939484878152,0.458834931942289,0.4588526546400364,0.4588526546400364,0.458834931942289,20.02073068420165
400.0,93.662,50.867,4.493,2.942,1.6317902933083008,1.6317145785453886,1.6317145785453886,1.6317902933083008,2.7456180414533917,2.7452851301375616,2.7452851301375616,2.7456180414533917,1.7291368756894974,1.7290059718913244,1.7290059718913244,1.7291368756894974,0.4589127417502781,0.4589298392972439,0.4589298392972439,0.4589127417502781,20.022172646726343
400.0,93.724,64.895,4.664,3.066,1.6314913626725245,1.6314155839332578,1.6314155839332578,1.6314913626725245,2.7470827177414163,2.7467499798562494,2.7467499798562494,2.7470827177414163,1.7309428863082743,1.7308127665561326,1.7308127665561326,1.7309428863082743,0.4592336470908765,0.4592483839290537,0.4592483839290537,0.4592336470908765,20.03129685697232
400.0,93.926,81.81,4.259,4.389,1.6311008746652722,1.6310248846375603,1.6310248846375603,1.6311008746652722,2.7490317622480336,2.748698266363217,2.748698266363217,2.7490317622480336,1.7332096183226695,1.7330796052676274,1.7330796052676274,1.7332096183226695,0.459660847665673,0.4596740162214756,0.4596740162214756,0.459660847665673,20.042298513936373
400.0,93.938,67.984,4.932,6.48,1.631376159484463,1.6313002966911945,1.6313002966911945,1.631376159484463,2.7476832456202223,2.747350161908515,2.747350161908515,2.7476832456202223,1.7314740461512743,1.731344284674932,1.731344284674932,1.7314740461512743,0.4593672326298523,0.4593810370460079,0.4593810370460079,0.4593672326298523,20.033298975237333
400.0,93.998,40.732,3.566,5.004,1.6319121294906571,1.6318369188739243,1.6318369188739243,1.6319121294906571,2.7450837981903637,2.7447537075460797,2.7447537075460797,2.7450837981903637,1.728085610408865,1.7279531006967828,1.7279531006967828,1.728085610408865,0.4587990351726099,0.4588190284487966,0.4588190284487966,0.4587990351726099,20.01556723774692
400.0,94.139,86.075,3.12,4.249,1.630963223213843,1.6308868269076866,1.6308868269076866,1.630963223213843,2.749751781011855,2.749415701844917,2.749415701844917,2.749751781011855,1.7338900176840109,1.7337602480585566,1.7337602480585566,1.7338900176840109,0.4598197964246686,0.4598321162706803,0.4598321162706803,0.4598197964246686,20.045066528668144
400.0,94.173,96.716,5.359,4.042,1.630741802041494,1.6306651135374108,1.6306651135374108,1.630741802041494,2.7508513406579964,2.7505137131051427,2.7505137131051427,2.7508513406579964,1.735256013662806,1.7351263427800476,1.7351263427800476,1.735256013662806,0.460059775401002,0.4600711869975127,0.4600711869975127,0.460059775401002,20.05199253286905
400.0,94.199,62.933,5.589,5.528,1.6314135064731157,1.6313377198162404,1.6313377198162404,1.6314135064731157,2.7475467645637983,2.7472138761097047,2.7472138761097047,2.7475467645637983,1.7310115857557224,1.730881085587479,1.730881085587479,1.7310115857557224,0.4593397227466745,0.4593549858792583,0.4593549858792583,0.4593397227466745,20.030002411536582
400.0,94.199,63.19,5.291,3.283,1.6314083344026873,1.6313326349505477,1.6313326349505477,1.6314083344026873,2.7475713564759334,2.7472390246495126,2.7472390246495126,2.7475713564759334,1.731043556633236,1.730913413065584,1.730913413065584,1.731043556633236,0.4593454303769729,0.4593601174425668,0.4593601174425668,0.4593454303769729,20.03016917257616
400.0,94.259,76.14,3.673,2.857,1.6311328042872253,1.631056724938192,1.631056724938192,1.6311328042872253,2.748931718740279,2.7485975827302758,2.7485975827302758,2.748931718740279,1.732715610286102,1.7325858557456617,1.7325858557456617,1.732715610286102,0.4596429596031968,0.4596560657582171,0.4596560657582171,0.4596429596031968,20.038595030207983
400.0,94.448,31.713,4.665,5.065,1.6319840178417009,1.6319082020701643,1.6319082020701643,1.6319840178417009,2.7448208006142503,2.7444871534687687,2.7444871534687687,2.7448208006142503,1.7272508325648346,1.7271150893146514,1.7271150893146514,1.7272508325648346,0.4587434952078987,0.4587689687378452,0.4587689687378452,0.4587434952078987,20.00968497719888
400.0,94.637,25.679,6.047,6.482,1.632059286038875,1.6319843171509731,1.6319843171509731,1.632059286038875,2.744485818014732,2.7441572069027296,2.7441572069027296,2.744485818014732,1.7266188368874382,1.7264790236406666,1.7264790236406666,1.7266188368874382,0.4586699075654535,0.4587019321155574,0.4587019321155574,0.4586699075654535,20.00575397144039
400.0,94.809,83.478,4.055,4.218,1.6308504563969584,1.6307739853390717,1.6307739853390717,1.6308504563969584,2.7504242290318035,2.750088028522089,2.750088028522089,2.7504242290318035,1.7340087856813124,1.73387886902763,1.73387886902763,1.7340087856813124,0.4599737211078937,0.459986173172582,0.459986173172582,0.4599737211078937,20.04334957065345
400.0,94.827,20.393,3.862,4.834,1.6321198336712013,1.6320442777308626,1.6320442777308626,1.6321198336712013,2.7442310268001,2.7438989705228694,2.7438989705228694,2.7442310268001,1.7262336694826277,1.7260867010977874,1.7260867010977874,1.7262336694826277,0.4586107897442607,0.4586536353071914,0.4586536353071914,0.4586107897442607,20.002309989968975
400.0,94.835,50.367,4.004,2.506,1.6315098314468377,1.6314342176783296,1.6314342176783296,1.6315098314468377,2.7471876347439457,2.7468556892842524,2.7468556892842524,2.7471876347439457,1.7298514541183458,1.7297203595313786,1.7297203595313786,1.7298514541183458,0.4592679644566015,0.459284844517683,0.459284844517683,0.4592679644566015,20.02180304875099
400.0,94.911,31.74,5.349,3.453,1.6318679914213765,1.6317926228848263,1.6317926228848263,1.6318679914213765,2.74546016233552,2.7451296221833426,2.7451296221833426,2.74546016233552,1.7275608893422152,1.7274244758958992,1.7274244758958992,1.7275608893422152,0.4588879479475998,0.4589142789800276,0.4589142789800276,0.4588879479475998,20.00968482869747
400.0,94.921,78.669,5.933,4.974,1.6309192626350653,1.6308432704638776,1.6308432704638776,1.6309192626350653,2.750101974812313,2.7497686520964124,2.7497686520964124,2.750101974812313,1.7334759670459043,1.7333460028639962,1.7333460028639962,1.7334759670459043,0.4599049414151329,0.4599177658844034,0.4599177658844034,0.4599049414151329,20.040215586951923
400.0,94.971,55.204,6.24,2.781,1.6313787989801316,1.631303035735428,1.631303035735428,1.6313787989801316,2.7478525591825465,2.747520358723626,2.747520358723626,2.7478525591825465,1.7305504948420198,1.730419733656178,1.730419733656178,1.7305504948420198,0.4594146810929483,0.4594305306683489,0.4594305306683489,0.4594146810929483,20.024944172699744
400.0,95.086,67.081,2.939,5.527,1.6311121363106222,1.631035593405515,1.631035593405515,1.6311121363106222,2.7491884897999146,2.7488514258353747,2.7488514258353747,2.7491884897999146,1.732123693041187,1.7319939218895768,1.7319939218895768,1.732123693041187,0.4597069228782913,0.4597203649718782,0.4597203649718782,0.4597069228782913,20.032668057742004
400.0,95.096,68.343,5.996,3.718,1.6310834051781469,1.6310074521647588,1.6310074521647588,1.6310834051781469,2.7493239531191063,2.7489909563974093,2.7489909563974093,2.7493239531191063,1.732290050745216,1.7321595273878787,1.7321595273878787,1.732290050745216,0.4597369165275226,0.4597513138618907,0.4597513138618907,0.4597369165275226,20.0334885020368
400.0,95.133,57.225,2.8,5.582,1.6312954843029015,1.631219759799525,1.631219759799525,1.6312954843029015,2.748266699438543,2.7479340149712823,2.7479340149712823,2.748266699438543,1.7309164030910216,1.7307849806807665,1.7307849806807665,1.7309164030910216,0.4595085493994887,0.4595247889495202,0.4595247889495202,0.4595085493994887,20.026253510559563
400.0,95.181,80.471,6.373,5.444,1.6308194933130784,1.6307429589536546,1.6307429589536546,1.6308194933130784,2.7506434428658735,2.7503063949365054,2.7503063949365054,2.7506434428658735,1.733876831854458,1.7337469008605866,1.7337469008605866,1.733876831854458,0.460025343834198,0.4600379108761294,0.4600379108761294,0.460025343834198,20.04137846101424
400.0,95.261,91.522,5.871,5.943,1.6305791544458972,1.63050234832242,1.63050234832242,1.6305791544458972,2.7518505826620423,2.751512405237127,2.751512405237127,2.7518505826620423,1.7353263102743175,1.7351963144974234,1.7351963144974234,1.7353263102743175,0.4602888758845186,0.4603006789368775,0.4603006789368775,0.4602888758845186,20.048569453540928
400.0,95.33,95.503,5.94,2.944,1.6304825226005502,1.6304059908688342,1.6304059908688342,1.6304825226005502,2.752342226262393,2.752006103689735,2.752006103689735,2.752342226262393,1.7358763705129538,1.7357462215976749,1.7357462215976749,1.7358763705129538,0.4603967555067304,0.4604084299050709,0.4604084299050709,0.4603967555067304,20.051157735443013
400.0,95.403,66.953,5.047,5.676,1.6310359086978736,1.6309597606368442,1.6309597606368442,1.6310359086978736,2.749612985648119,2.7492785453198296,2.7492785453198296,2.749612985648119,1.7323188003473686,1.7321883206317177,1.7321883206317177,1.7323188003473686,0.4598031191361859,0.45981741164932,0.45981741164932,0.4598031191361859,20.032572048615208
400.0,95.515,25.649,2.511,4.045,1.6318416955798467,1.6317657496554374,1.6317657496554374,1.6318416955798467,2.7456958801095155,2.745361668767136,2.745361668767136,2.7456958801095155,1.7271980600022112,1.727058547040358,1.727058547040358,1.7271980600022112,0.4589433977048845,0.4589743649019135,0.4589743649019135,0.4589433977048845,20.005702705101807
400.0,95.52,41.087,4.708,2.912,1.631528218904859,1.6314521499302015,1.6314521499302015,1.631528218904859,2.7472214723407014,2.746886600870829,2.746886600870829,2.7472214723407014,1.7291377053684127,1.7290049619974672,1.7290049619974672,1.7291377053684127,0.4592811577794128,0.4593009695263541,0.4593009695263541,0.4592811577794128,20.015740425247163
400.0,95.541,93.589,2.603,3.294,1.6304682619354478,1.6303916289842375,1.6303916289842375,1.6304682619354478,2.752442806653868,2.7521062709507045,2.7521062709507045,2.752442806653868,1.7357779570224865,1.7356477897295433,1.7356477897295433,1.7357779570224865,0.460421582723733,0.4604333589432894,0.4604333589432894,0.460421582723733,20.049905146947044
400.0,95.56,88.649,3.157,6.371,1.630563305142804,1.6304868188901624,1.6304868188901624,1.630563305142804,2.7519823828230927,2.7516459645328295,2.7516459645328295,2.7519823828230927,1.7351631290521377,1.7350330291269764,1.7350330291269764,1.7351631290521377,0.4603207179630251,0.4603327243044895,0.4603327243044895,0.4603207179630251,20.046687075588498
400.0,95.617,17.002,5.329,6.43,1.6319921768342884,1.6319163965626304,1.6319163965626304,1.6319921768342884,2.744987503711944,2.7446541471660035,2.7446541471660035,2.744987503711944,1.7264973760702815,1.7263441796252406,1.7263441796252406,1.7264973760702815,0.4587798106371912,0.4588318183998185,0.4588318183998185,0.4587798106371912,20.000075630166556
400.0,95.726,20.528,3.952,3.59,1.6318934475189093,1.6318174652233983,1.6318174652233586,1.6318934475189093,2.745484169164592,2.7451497376771608,2.745149737678028,2.745484169164592,1.726840032497615,1.7266935623672053,1.7266935623672053,1.726840032497615,0.4588943555723696,0.4589359068989493,0.4589359068989493,0.4588943555723696,20.002363970255548
400.0,95.915,42.031,5.864,3.696,1.6314112905307276,1.6313351607669393,1.6313351607669393,1.6314112905307276,2.747861451348928,2.7475268242655773,2.7475268242655773,2.747861451348928,1.7295191644825323,1.729385871103822,1.729385871103822,1.7295191644825323,0.4594246757565217,0.4594450338414696,0.4594450338414696,0.4594246757565217,20.016339371225065
400.0,95.996,22.774,3.032,6.398,1.6317809451184024,1.6317052182745782,1.6317052182745782,1.6317809451184024,2.746078220728521,2.7457450866354347,2.7457450866354347,2.746078220728521,1.727192266886586,1.7270490689154503,1.7270490689154503,1.727192266886586,0.4590292597151066,0.4590654624659457,0.4590654624659457,0.4590292597151066,20.00381418741736
400.0,96.031,17.179,5.925,4.522,1.63188560788305,1.6318097868259618,1.6318097868259618,1.63188560788305,2.7455750013409803,2.745241851664937,2.745241851664937,2.7455750013409803,1.7267867689336136,1.7266310793498794,1.7266310793498794,1.7267867689336136,0.4589105941474139,0.4589664004086748,0.4589664004086748,0.4589105941474139,20.00017538557512
400.0,96.039,64.198,3.785,6.272,1.6309347953858389,1.6308583878097864,1.6308583878097864,1.6309347953858389,2.750223975691802,2.749888270739551,2.749888270739551,2.750223975691802,1.7323947440109286,1.7322639996522662,1.7322639996522662,1.7323947440109286,0.4599428661256701,0.4599574811624921,0.4599574811624921,0.4599428661256701,20.030755465335385
400.0,96.321,40.216,2.941,5.354,1.6313479517981075,1.6312719633003263,1.6312719633003263,1.6313479517981075,2.7482459741808274,2.747912361566605,2.747912361566605,2.7482459741808274,1.729560258755355,1.729426568865991,1.729426568865991,1.729560258755355,0.459512308728925,0.4595331464033923,0.4595331464033923,0.459512308728925,20.01514383532858
400.0,96.524,53.279,2.81,5.228,1.6310311542867286,1.6309550475155434,1.6309550475155434,1.6310311542867286,2.749800492873873,2.7494667297873887,2.7494667297873887,2.749800492873873,1.7313439604124023,1.7312122861342745,1.7312122861342745,1.7313439604124023,0.4598585616314132,0.4598749865167861,0.4598749865167861,0.4598585616314132,20.02363335173338
400.0,96.527,78.604,3.183,2.909,1.6305272278562244,1.6304504123005428,1.6304504123005428,1.6305272278564835,2.7523336048633817,2.7519955944761687,2.7519955944761687,2.7523336010694317,1.7345392721790962,1.73440887607095,1.73440887607095,1.7345392721790962,0.460407319991652,0.4604200240172144,0.4604200240172144,0.460407319991652,20.04011102312194
400.0,96.537,89.921,5.024,3.157,1.6302989428611283,1.630222361902674,1.630222361902674,1.6302989428611283,2.753470086195751,2.753134136962684,2.753134136962684,2.753470086195751,1.7359769791473452,1.7358464022470974,1.7358464022470974,1.7359769791473452,0.4606550083966621,0.4606671765743323,0.4606671765743323,0.4606550083966621,20.047477211469907
400.0,96.569,64.787,4.764,4.677,1.6307928457169316,1.6307161607697431,1.6307161607697431,1.6307928457169316,2.751020277270592,2.750683116016469,2.750683116016469,2.751020277270592,1.7328221684579916,1.73269118039743,1.73269118039743,1.7328221684579916,0.4601216843403161,0.4601363595457884,0.4601363595457884,0.4601216843403161,20.031117826745948
400.0,96.585,38.743,6.483,2.923,1.6313122440285197,1.6312361892485792,1.6312361892485792,1.6313122440285197,2.7484634903316607,2.748129840444561,2.748129840444561,2.7484634903316607,1.7295492016498228,1.7294151473460837,1.7294151473460837,1.7295492016498228,0.4595627808025896,0.4595841196381366,0.4595841196381366,0.4595627808025896,20.01417573023792
400.0,96.6,56.578,6.425,6.087,1.6309499030732073,1.6308734369760045,1.6308734369760045,1.6309499030732073,2.7502486079830075,2.7499125599489034,2.7499125599489034,2.7502486079830075,1.7318063734650897,1.7316751374691193,1.7316751374691193,1.7318063734650897,0.4599538805477326,0.4599695146462317,0.4599695146462317,0.4599538805477326,20.025775786941285
400.0,96.707,64.113,4.561,5.05,1.6307726694412192,1.6306960403377382,1.6306960403377382,1.6307726694412192,2.7511442504110466,2.750807474391133,2.750807474391133,2.7511442504110466,1.7328285907111167,1.7326973580484808,1.7326973580484808,1.7328285907111167,0.4601500109852911,0.4601650457176357,0.4601650457176357,0.4601500109852911,20.03067454637448
400.0,96.713,36.101,3.173,3.944,1.631334145796378,1.6312581239085473,1.6312581239085473,1.631334145796378,2.7483813524633294,2.74804749740364,2.74804749740364,2.7483813524633294,1.7293019740999878,1.729166723344702,1.729166723344702,1.7293019740999878,0.4595450927463157,0.459568364441786,0.459568364441786,0.4595450927463157,20.012452606199684
400.0,96.82,95.221,4.993,6.077,1.6301244761793552,1.6300477541095597,1.6300477541095597,1.6301244761793552,2.7543955022316844,2.754058939825067,2.754058939825067,2.7543955022316844,1.736838114269514,1.7367071552361062,1.7367071552361062,1.736838114269514,0.4608589592923213,0.4608712061921525,0.4608712061921525,0.4608589592923213,20.05091645497226
400.0,96.897,25.98,4.978,3.453,1.6314929724312717,1.6314163748979902,1.6314163748979902,1.6314929724312717,2.747638464512211,2.7473010312740604,2.7473010312740604,2.747638464512211,1.7281516230327127,1.7280110017080883,1.7280110017080883,1.7281516230327127,0.4593809434070638,0.4594129876591631,0.4594129876591631,0.4593809434070638,20.00586413900018
400.0,97.138,69.852,4.996,4.025,1.630552185171969,1.6304749600386257,1.6304749600386257,1.630552185171969,2.752316673569388,2.7519762699519945,2.7519762699519945,2.752316673569388,1.733841047717933,1.7337105336248315,1.7337105336248315,1.733841047717933,0.4604101611841233,0.4604234269009502,0.4604234269009502,0.4604101611841233,20.034391821180083
400.0,97.346,37.658,3.908,3.374,1.63114609378608,1.6310698050350825,1.6310698050350825,1.63114609378608,2.749412001848943,2.7490770719595226,2.7490770719595226,2.749412001848943,1.7299178702627198,1.729783487777955,1.729783487777955,1.7299178702627198,0.4597775106303699,0.4597990464861233,0.4597990464861233,0.4597775106303699,20.0134406616019
400.0,97.363,17.764,4.238,4.59,1.6315433601941338,1.63146675402926,1.63146675402926,1.6315433601941338,2.747473900533044,2.7471366486626287,2.7471366486626287,2.747473900533044,1.727714904038623,1.7275618473918195,1.7275618473918195,1.727714904038623,0.4593410916952226,0.4593920393606236,0.4593920393606236,0.4593410916952226,20.00050510309953
400.0,97.382,74.585,2.939,3.558,1.6303980801166726,1.6303213987921097,1.6303213987921097,1.6303980801166726,2.7531271225875478,2.752791114347327,2.752791114347327,2.7531271225875478,1.7346028516312868,1.7344721289120073,1.7344721289120073,1.7346028516312868,0.4605889071139224,0.4606024140404719,0.4606024140404719,0.4605889071139224,20.037462611630016
400.0,97.416,57.667,5.915,4.021,1.630727553606793,1.6306508535344038,1.6306508535344038,1.630727553606793,2.7514914201046965,2.7511542830067257,2.7511542830067257,2.7514914201046965,1.7324871049385548,1.7323553869040451,1.7323553869040451,1.7324871049385548,0.4602329406723315,0.4602488783500963,0.4602488783500963,0.4602329406723315,20.02645295731465
400.0,97.444,66.069,6.364,4.686,1.6305525851011653,1.6304759122563746,1.6304759122563746,1.6305525851011653,2.752365220598634,2.7520285056929805,2.7520285056929805,2.752365220598634,1.7335671629159108,1.7334358947520612,1.7334358947520612,1.7335671629159108,0.4604238490321698,0.4604384283370568,0.4604384283370568,0.4604238490321698,20.0319180871376
400.0,97.474,49.404,3.191,5.377,1.6308789779771116,1.6308027313323052,1.6308027313323052,1.6308789779771116,2.750752616862292,2.7504184509490734,2.7504184509490734,2.750752616862292,1.7314833720649498,1.731350406547496,1.731350406547496,1.7314833720649498,0.4600718006107482,0.4600902268085551,0.4600902268085551,0.4600718006107482,20.021075454172028
400.0,97.546,80.738,3.641,4.318,1.6302352147522874,1.6301585664313851,1.6301585664313851,1.6302352147522874,2.7539661481288777,2.7536296534752207,2.7536296534752207,2.7539661481288777,1.7354901221880663,1.7353590933382064,1.7353590933382064,1.7354901221880663,0.4607735295759525,0.460786565629978,0.460786565629978,0.4607735295759525,20.04146069605156
400.0,97.625,34.832,4.885,3.356,1.6311341096686611,1.6310579136059713,1.6310579136059713,1.6311341096686611,2.7495198325142503,2.749185768007791,2.749185768007791,2.7495198325142503,1.7297476538067431,1.7296117284120125,1.7296117284120125,1.7297476538067431,0.4598029098515112,0.4598268301665522,0.4598268301665522,0.4598029098515112,20.01159234396905
400.0,97.661,98.656,6.191,4.22,1.6298520022799556,1.6297748853470977,1.6297748853470977,1.6298520022799556,2.7559223701301416,2.7555837732142145,2.7555837732142145,2.7559223701301416,1.7378365614630435,1.7377055066736682,1.7377055066736682,1.7378365614630435,0.4611983879648638,0.4612100665486889,0.4612100665486889,0.4611983879648638,20.05312020217188
400.0,97.662,42.707,4.653,3.635,1.6309665845236476,1.6308904053114122,1.6308904053114122,1.6309665845236476,2.7503509296406867,2.75001692725652,2.75001692725652,2.7503509296406867,1.730764384943869,1.7306306505093976,1.7306306505093976,1.730764384943869,0.4599860201030922,0.4600060890971155,0.4600060890971155,0.4599860201030922,20.016712054053443
400.0,97.689,40.241,4.8,2.832,1.6310096652476556,1.6309331915623289,1.6309331915623289,1.6310096652478043,2.7501446818042217,2.749808831699873,2.749808831699873,2.7501446818070607,1.730471112677489,1.730337297560022,1.730337297560022,1.730471112677489,0.4599411464223294,0.4599614881854073,0.4599614881854073,0.4599411464223294,20.015107143363892
400.0,98.0,99.446,6.296,6.18,1.6297539761952349,1.629676608116326,1.629676608116326,1.6297539761952349,2.7564937408689887,2.756153514198367,2.756153514198367,2.7564937408689887,1.7381645565231445,1.7380333814240303,1.7380333814240303,1.7381645565231445,0.4613226516449767,0.4613343035047569,0.4613343035047569,0.4613226516449767,20.05362094070096
400.0,98.162,60.988,4.088,5.024,1.630478086402677,1.6304011970944958,1.6304011970944958,1.630478086402677,2.752862325760861,2.752524193139987,2.752524193139987,2.752862325760861,1.7334041033512382,1.7332727767264358,1.7332727767264358,1.7334041033512382,0.4605396948015884,0.4605544011212761,0.4605544011212761,0.4605396948015884,20.028584353826016
400.0,98.347,42.563,5.644,2.592,1.6308011848063455,1.630724481627819,1.630724481627819,1.6308011848063455,2.751289783635934,2.7509528162925374,2.7509528162925374,2.751289783635934,1.7312014656957533,1.7310674597718836,1.7310674597718836,1.7312014656957533,0.4601974421947189,0.460217567603632,0.460217567603632,0.4601974421947189,20.016592435676674
400.0,98.412,81.84,3.272,2.656,1.630002659299039,1.6299253750606832,1.6299253750606832,1.630002659299039,2.755290700013343,2.754951024130571,2.754951024130571,2.755290700013343,1.7362093131058365,1.7360779767296308,1.7360779767296308,1.7362093131058365,0.4610701716559514,0.4610830917233503,0.4610830917233503,0.4610701716559514,20.04214435351819
400.0,98.423,24.657,5.526,3.741,1.6311419603464756,1.6310659253512343,1.6310659253512343,1.6311419603464756,2.749619541280953,2.749286567918393,2.749286567918393,2.749619541280953,1.7289964678078584,1.7288546055446927,1.7288546055446927,1.7289964678078584,0.459829082135691,0.4598622218110756,0.4598622218110756,0.459829082135691,20.004945639760056
400.0,98.509,89.76,5.66,3.152,1.6298220364919624,1.629744666669762,1.629744666669762,1.6298220364919624,2.7562304658816994,2.7558905060366725,2.7558905060366725,2.7562304658816994,1.737277401097025,1.7371461131596926,1.7371461131596926,1.737277401097025,0.461272611156299,0.4612848717991313,0.4612848717991313,0.461272611156299,20.047295216401363
400.0,98.613,14.539,6.269,2.894,1.6312996150417252,1.6312222396436735,1.6312222396436735,1.6312996150417252,2.748887788620113,2.7485459409155464,2.7485459409155464,2.748887788620113,1.7283005165055405,1.7281344332034572,1.7281344332034572,1.7283005165055405,0.4596525709557893,0.4597229468513131,0.4597229468513131,0.4596525709557893,19.99836081659501
400.0,98.662,37.442,2.502,3.81,1.6308272714359822,1.6307506527640805,1.6307506527640805,1.6308272714359822,2.7512240593646218,2.750887994511007,2.750887994511007,2.7512240593646218,1.7307674816579486,1.7306320949749967,1.7306320949749967,1.7307674816579486,0.4601846744857342,0.4602070540491843,0.4602070540491843,0.4601846744857342,20.01325127283121
400.0,98.795,72.268,5.267,5.253,1.6300989253762683,1.6300219350376668,1.6300219350376668,1.6300989253762683,2.75486983744375,2.754531927842607,2.754531927842607,2.75486983744375,1.735253262813246,1.73512202080764,1.73512202080764,1.735253262813246,0.4609832978630494,0.46099664954149,0.46099664954149,0.4609832978630494,20.03589946236583
400.0,98.844,86.323,6.321,3.169,1.629808504068348,1.6297312622914382,1.6297312622914382,1.629808504068348,2.756360041995578,2.756020441499204,2.756020441499204,2.756360041995578,1.7370663573073666,1.7369350005737678,1.7369350005737678,1.7370663573073666,0.4613036634502779,0.4613161922792857,0.4613161922792857,0.4613036634502779,20.04504467816824
400.0,98.875,66.136,4.903,5.093,1.6302012363662914,1.6301241374958984,1.6301241374958984,1.6302012363662914,2.75437156120764,2.7540328364555138,2.7540328364555138,2.75437156120764,1.73453130521787,1.7343996231780172,1.7343996231780172,1.73453130521787,0.4608753712461709,0.4608898838490481,0.4608898838490481,0.4608753712461709,20.031906360268128
400.0,99.198,43.598,3.67,5.735,1.630571662918366,1.63049446492569,1.63049446492569,1.630571662918366,2.7525788580483534,2.752239021056139,2.752239021056139,2.7525788580483534,1.7318983198072684,1.7317643677625898,1.7317643677625898,1.7318983198072684,0.4604871567199945,0.4605065970905623,0.4605065970905623,0.4604871567199945,20.017232953918803
400.0,99.268,47.673,5.289,5.444,1.630473068842051,1.6303960072728878,1.6303960072728878,1.630473068842051,2.7530812999513095,2.752742578914064,2.752742578914064,2.7530812999513095,1.732459416018859,1.73232603472159,1.73232603472159,1.732459416018859,0.4605976952129451,0.4606160625828965,0.4606160625828965,0.4605976952129451,20.019880538104385
400.0,99.344,18.016,4.216,4.907,1.6310485472347225,1.63097132044717,1.63097132044717,1.6310485472347225,2.750244983598898,2.749904730357139,2.749904730357139,2.750244983598898,1.7290508667542404,1.7288989116122513,1.7288989116122513,1.7290508667542404,0.4599673260512242,0.4600155228643707,0.4600155228643707,0.4599673260512242,20.000593386513415
400.0,99.492,27.925,6.331,3.341,1.6308129213033038,1.6307362838685264,1.6307362838685264,1.6308129213033038,2.75143097226812,2.75109432050606,2.75109432050606,2.75143097226812,1.7301175571529277,1.729978049222639,1.729978049222639,1.7301175571529277,0.4602366147143929,0.4602655035926571,0.4602655035926571,0.4602366147143929,20.007029352198415
400.0,99.576,53.811,5.031,2.535,1.6302753261538077,1.630198199186702,1.630198199186702,1.6302753261538077,2.7541222304656614,2.753783371055964,2.753783371055964,2.7541222304656614,1.7334400779271544,1.7333075938042333,1.7333075938042333,1.7334400779271544,0.4608281656745587,0.4608445022078521,0.4608445022078521,0.4608281656745587,20.023860468195394
400.0,99.719,32.386,6.375,6.195,1.6306676742703816,1.630591093926416,1.630591093926416,1.6306676742703816,2.7521889393015586,2.751852936191983,2.751852936191983,2.7521889393015586,1.7308306362236463,1.7306928306433127,1.7306928306433127,1.7308306362236463,0.4604053904235678,0.460431398527205,0.460431398527205,0.4604053904235678,20.00992092607453
400.0,99.749,19.509,3.972,3.462,1.630918543479421,1.630841814234727,1.630841814234727,1.6309185434792752,2.750953577889188,2.750616364287761,2.750616364287761,2.750953554967245,1.7294348935277153,1.7292862945609886,1.7292862945609886,1.7294348935277153,0.4601288803316442,0.4601716576388,0.4601716576388,0.4601288803316442,20.00154834555889
400.0,99.893,46.778,5.001,5.353,1.6303375251337868,1.6302605749599142,1.6302605749599142,1.6303375251337868,2.753865314299347,2.7535276089109275,2.7535276089109275,2.753865314299347,1.7327632781484228,1.732629943120778,1.732629943120778,1.7327632781484228,0.4607752307610522,0.4607932501265015,0.4607932501265015,0.4607752307610522,20.01927361720673
400.0,99.893,58.096,2.869,3.013,1.6301088389816685,1.6300316438824511,1.6300316438824511,1.6301088389816685,2.754977754137897,2.7546391482928567,2.7546391482928567,2.754977754137897,1.7341983779783463,1.7340658431610143,1.7340658431610143,1.7341983779783463,0.4610208384388232,0.4610368723988463,0.4610368723988463,0.4610208384388232,20.02663665486252
400.0,99.951,73.375,3.637,3.896,1.6297953135572352,1.6297179715724512,1.6297179715724512,1.6297953135572352,2.7566256379278795,2.756285786195419,2.756285786195419,2.7566256379278795,1.7361678292774387,1.7360359118868065,1.7360359118868065,1.7361678292774387,0.4613717404438349,0.4613854499455584,0.4613854499455584,0.4613717404438349,20.036574694014888
400.0,99.958,11.548,3.282,5.122,1.6310274287850823,1.6309501718179995,1.6309501718179995,1.6310274287850823,2.7504587663926645,2.750118767003086,2.750118767003086,2.7504587663926645,1.7289743238114734,1.7287846638190556,1.7287846638190556,1.7289743238114734,0.4599914738429204,0.4600976883130397,0.4600976883130397,0.4599914738429204,19.99636544561165
400.0,99.993,20.48,3.093,2.756,1.6308394605033347,1.6307625381133308,1.6307625381133308,1.6308394605033347,2.7513920478979985,2.7510540706429727,2.7510540706429727,2.7513920478979985,1.7296737799952742,1.7295247440740904,1.7295247440740904,1.7296737799952742,0.4602260787894185,0.4602694779672197,0.4602694779672197,0.4602260787894185,20.002170570937423
