Vout,ronp,rons,vfp,vfs,rm,sw_p1,sw_p2,sw_p3,sw_p4,cond_p1,cond_p2,cond_p3,cond_p4,sw_s1,sw_s2,sw_s3,sw_s4,cond_s1,cond_s2,cond_s3,cond_s4,core_t1
300.0,5.028,25.091,3.671,4.93,1835.399,3.260392698621463,3.2604162773711103,3.2604162773711103,3.260392698621463,7.704000801023209,7.704057036411713,7.704057036411713,7.704000801023209,1.208040437250521,1.2078695593693152,1.2078695593693152,1.208040437250521,1.1618027090678604,1.1623553764164944,1.1623553764164944,1.1618027090678604,3.0501565293092985
300.0,5.035,55.178,5.266,5.887,4388.279,3.2500632990310216,3.250127139396185,3.250127139396185,3.2500632990310216,7.685970501200701,7.686141380386917,7.686141380386917,7.685970501200701,1.2081595029745622,1.2080817469589658,1.2080817469589658,1.2081595029745622,1.161364134671484,1.1616187849868136,1.1616187849868136,1.161364134671484,1.278234639612835
300.0,5.055,80.843,6.147,5.35,2016.383,3.2552284388992705,3.2553021368516863,3.2553021368516863,3.2552284388992705,7.717320477286262,7.717514975309687,7.717514975309687,7.717320477286262,1.2117543904958796,1.2116972555391583,1.2116972555391583,1.2117543904958796,1.1647480571288853,1.16493610491536,1.16493610491536,1.1647480571288853,2.786221249420592
300.0,5.087,37.06,4.111,4.589,3925.051,3.252022467065293,3.2520705844714177,3.2520705844714177,3.252022467065293,7.682900741306558,7.683039542400275,7.683039542400275,7.682900741306558,1.207066822266307,1.2069537629683096,1.2069537629683096,1.207066822266307,1.1605401311043209,1.1609073662960896,1.1609073662960896,1.1605401311043209,1.427442350313055
300.0,5.096,27.219,6.154,5.454,2008.066,3.259005131746663,3.259035908652076,3.259035908652076,3.259005131746663,7.700880389532995,7.700957228180925,7.700957228180925,7.700880389532995,1.2079335890785006,1.20777746755586,1.20777746755586,1.2079335890785006,1.1616592368021887,1.1621650234120942,1.1621650234120942,1.1616592368021887,2.7882767753091566
300.0,5.1,30.291,2.577,2.692,2249.356,3.2574037748207743,3.257441839181535,3.257441839181535,3.2574037748207743,7.697232201036134,7.697329285140887,7.697329285140887,7.697232201036134,1.2078090809229156,1.207669956406028,1.207669956406028,1.2078090809229156,1.161478840845761,1.1619305854471584,1.1619305854471584,1.161478840845761,2.489685057320339
300.0,5.149,16.458,6.26,3.574,1686.03,3.2622256590783385,3.262203365110953,3.262203365110953,3.2622256590783385,7.706014591012267,7.705942192948259,7.705942192948259,7.706014591012267,1.2078578862239673,1.2075758375596937,1.2075758375596937,1.2078578862239673,1.1615803335010002,1.162483510208575,1.162483510208575,1.1615803335010002,3.3185203562636554
300.0,5.166,61.517,3.211,2.81,1762.571,3.258380678602967,3.2584490626026668,3.2584490626026668,3.258380678602967,7.717846082173015,7.7180292161916,7.7180292161916,7.717846082173015,1.2108805522167,1.2108088837443374,1.2108088837443374,1.2108805522167,1.1642370002840223,1.1644719186404575,1.1644719186404575,1.1642370002840223,3.1834934780850355
300.0,5.187,58.794,4.356,4.26,4290.047,3.249890677919563,3.2499570513419784,3.2499570513419784,3.249890677919563,7.688143949735432,7.688321691431786,7.688321691431786,7.688143949735432,1.2085553478177071,1.2084817162665995,1.2084817162665995,1.2085553478177071,1.1617149128344908,1.161956258945304,1.161956258945304,1.1617149128344908,1.307796209814098
300.0,5.204,61.348,2.785,3.696,3832.557,3.2504266320303574,3.250494344529696,3.250494344529696,3.2504266320303574,7.691408711629104,7.6915882200888435,7.6915882200888435,7.691408711629104,1.2089291607589476,1.208858132985799,1.208858132985799,1.2089291607589476,1.1620694070373725,1.1623025086197143,1.1623025086197143,1.1620694070373725,1.4641356568965913
300.0,5.238,25.245,4.153,5.461,2097.11,3.2585495475681228,3.2585762500617714,3.2585762500617714,3.2585495475681228,7.6990069524194995,7.699072052884362,7.699072052884362,7.6990069524194995,1.207756064357289,1.2075866845338343,1.2075866845338343,1.207756064357289,1.1614801082350732,1.1620280554420872,1.1620280554420872,1.1614801082350732,2.669552835013046
300.0,5.24,98.052,2.505,3.792,923.674,3.269345585327988,3.2694238946829555,3.2694238946829555,3.269345585327988,7.7748788777254,7.775091306472558,7.775091306472558,7.7748788777254,1.216920705002599,1.2168701567641842,1.2168701567641842,1.216920705002599,1.1701133154632926,1.1702793718819064,1.1702793718819064,1.1701133154632926,6.088245613087322
300.0,5.269,63.367,5.681,5.208,1660.561,3.25912516651882,3.259194842680421,3.259194842680421,3.25912516651882,7.721865706465496,7.722051320528817,7.722051320528817,7.721865706465496,1.211307000884864,1.2112370258915248,1.2112370258915248,1.211307000884864,1.1646659090907985,1.164895463614853,1.164895463614853,1.1646659090907985,3.3794252477472413
300.0,5.293,64.759,2.895,4.073,4823.73,3.248766789824614,3.248836155645429,3.248836155645429,3.248766789824614,7.688194800770712,7.688377028137133,7.688377028137133,7.688194800770712,1.2088925152268843,1.208824849573572,1.208824849573572,1.2088925152268843,1.1619457394444608,1.1621680651109498,1.1621680651109498,1.1619457394444608,1.1635469607519071
300.0,5.326,17.135,3.621,3.925,452.126,3.3042968521519063,3.30428560175303,3.30428560175303,3.3042968521519063,7.84804038263116,7.847998799170925,7.847998799170925,7.84804038263116,1.2184033196823791,1.2181206240210043,1.2181206240210043,1.2184033196823791,1.1734189297907434,1.1743234357245202,1.1743234357245202,1.1734189297907434,12.371889526749149
300.0,5.331,84.12,3.119,6.189,2923.611,3.2509057156997967,3.250980327725752,3.250980327725752,3.2509057156997967,7.706093610655862,7.706291804425888,7.706291804425888,7.706093610655862,1.2111898104280436,1.211134670353476,1.211134670353476,1.2111898104280436,1.1640295945113774,1.1642110712178786,1.1642110712178786,1.1640295945113774,1.9220655494172525
300.0,5.341,74.116,5.946,5.23,1426.534,3.260937501573064,3.261011242853157,3.261011242853157,3.260937501573064,7.734173104308947,7.7343662160362845,7.7343662160362845,7.734173104308947,1.2127732804943545,1.212711654012958,1.212711654012958,1.2127732804943545,1.166043794201728,1.1662465605302752,1.1662465605302752,1.166043794201728,3.936425956147119
300.0,5.341,94.996,2.965,3.985,833.501,3.2725927486387567,3.272671270361036,3.272671270361036,3.2725927486387567,7.784590804845585,7.784803482010152,7.784803482010152,7.784590804845585,1.217520441158995,1.2174684726866418,1.2174684726866418,1.217520441158995,1.1708659176198373,1.171036648364689,1.171036648364689,1.1708659176198373,6.745442074952313
300.0,5.361,32.037,2.605,4.173,1003.557,3.2715042658735274,3.271549274192387,3.271549274192387,3.2715042658735274,7.746585161668867,7.746704164742412,7.746704164742412,7.746585161668867,1.2116388553076187,1.2115048740639351,1.2115048740639351,1.2116388553076187,1.165706152843668,1.1661411161571047,1.1661411161571047,1.165706152843668,5.580355093567549
300.0,5.363,73.221,2.543,2.628,1768.98,3.2574557745487533,3.257528979273495,3.257528979273495,3.257455774548756,7.722166069463075,7.722357633614301,7.722357633614301,7.722166069470398,1.2118505259761538,1.2117885969855569,1.2117885969855569,1.2118505259761538,1.165033152732968,1.165236921123601,1.165236921123601,1.165033152732968,3.174294028405181
300.0,5.374,19.033,5.979,6.213,3454.011,3.2541148307521053,3.2541159934648727,3.2541159934648727,3.2541148307521053,7.68152445276497,7.6815179321495215,7.6815179321495215,7.68152445276497,1.2062321131260196,1.205998928175286,1.205998928175286,1.2062321131260196,1.1598104211077076,1.160560091202911,1.160560091202911,1.1598104211077076,1.6202354117769893
300.0,5.395,31.051,5.13,5.389,1292.296,3.2657772581988467,3.2658203560748915,3.2658203560748915,3.2657772581988467,7.727089233874554,7.727201515305059,7.727201515305059,7.727089233874554,1.2101649359918307,1.2100276749505785,1.2100276749505785,1.2101649359918307,1.1640758392815955,1.16452146385481,1.16452146385481,1.1640758392815955,4.3334356646734
300.0,5.423,83.026,5.806,4.746,3867.403,3.2487793888133774,3.2488537553015706,3.2488537553015706,3.2487793888133774,7.698875238926923,7.699073572814621,7.699073572814621,7.698875238926923,1.21063596430845,1.2105803973967144,1.2105803973967144,1.21063596430845,1.1634369651614327,1.1636197785632847,1.1636197785632847,1.1634369651614327,1.4529273445612223
300.0,5.43,87.555,3.682,3.952,3515.446,3.249137095684444,3.2492122234426213,3.2492122234426213,3.249137095684444,7.702574581280758,7.7027760584135985,7.7027760584135985,7.702574581280758,1.211136984324347,1.2110835612744348,1.2110835612744348,1.211136984324347,1.1638828406568245,1.1640585767013558,1.1640585767013558,1.1638828406568245,1.5988404037135693
300.0,5.458,54.902,3.668,6.215,2975.779,3.252737097321213,3.252803098029134,3.252803098029134,3.252737097321213,7.696895156843546,7.697071933941795,7.697071933941795,7.696895156843546,1.2091137726638654,1.2090352972871388,1.2090352972871388,1.2091137726638654,1.1624163616741106,1.1626733809032963,1.1626733809032963,1.1624163616741106,1.8848782398240955
300.0,5.512,57.212,2.957,5.339,4571.921,3.2495159756000787,3.2495830947179485,3.2495830947179485,3.2495159756000787,7.687693769683792,7.687871766062962,7.687871766062962,7.687693769683792,1.2085655916688578,1.2084902472930046,1.2084902472930046,1.2085655916688578,1.1617533921349648,1.1620004804879986,1.1620004804879986,1.1617533921349648,1.2270362552926175
300.0,5.537,76.636,3.262,3.694,3728.617,3.249433936111278,3.249507497542013,3.249507497542013,3.249433936111278,7.698154347700867,7.698348402238274,7.698348402238274,7.698154347700867,1.210308504640168,1.2102493621501986,1.2102493621501986,1.210308504640168,1.1632258428470694,1.1634204860235875,1.1634204860235875,1.1632258428470694,1.5063918254168371
300.0,5.539,18.622,3.706,3.547,3081.143,3.254989043888803,3.254990433341296,3.254990433341296,3.254989043888803,7.685055177406027,7.685049230363399,7.685049230363399,7.685055177406027,1.206538533367567,1.206298783982654,1.206298783982654,1.206538533367567,1.1601409485991894,1.1609112909125403,1.1609112909125403,1.1601409485991894,1.81624379434158
300.0,5.624,74.877,5.037,6.162,2578.671,3.2526355931906634,3.2527093365540427,3.2527093365540427,3.2526355931906634,7.708317895502252,7.70851243326709,7.70851243326709,7.708317895502252,1.2110061087860406,1.2109455918333278,1.2109455918333278,1.2110061087860406,1.1640430461527695,1.1642421580847593,1.1642421580847593,1.1640430461527695,2.1778647455555027
300.0,5.645,92.029,6.331,5.876,4142.129,3.247635557202171,3.247711483640127,3.247711483640127,3.247635557202171,7.701114273884738,7.701320066326978,7.701320066326978,7.701114273884738,1.2113318827263957,1.2112804503033625,1.2112804503033625,1.2113318827263957,1.163982609208312,1.1641516774540412,1.1641516774540412,1.163982609208312,1.3573310761647166
300.0,5.646,36.692,4.82,3.211,3135.812,3.2535080580568576,3.2535597807172474,3.2535597807172474,3.2535080580568576,7.690499692235393,7.690652996091044,7.690652996091044,7.690499692235393,1.2078221671183351,1.2077074566344908,1.2077074566344908,1.2078221671183351,1.1613663588273146,1.161738502229462,1.161738502229462,1.1613663588273146,1.7866210108241842
300.0,5.662,41.369,5.807,3.846,2271.478,3.2563149839004466,3.256372012631733,3.256372012631733,3.2563149839004466,7.70248620957549,7.702655846834923,7.702655846834923,7.70248620957549,1.2089425873544428,1.2088399458809995,1.2088399458809995,1.2089425873544428,1.1625163316071163,1.1628495532546623,1.1628495532546623,1.1625163316071163,2.4671348842014598
300.0,5.678,86.627,4.524,2.879,2719.691,3.2512845966585373,3.251360301619997,3.251360301619997,3.2512845966585373,7.710504421275199,7.710708989041859,7.710708989041859,7.710504421275199,1.2117705547580249,1.2117164906871611,1.2117164906871611,1.2117705547580249,1.1646051257293926,1.1647827873209051,1.1647827873209051,1.1646051257293926,2.0664793327176527
300.0,5.707,16.321,6.148,5.179,2536.012,3.2569000345958528,3.2568875937707165,3.2568875937707165,3.2569000345958528,7.691021432537936,7.690976908678903,7.690976908678903,7.691021432537936,1.2069497895227064,1.206666552410137,1.206666552410137,1.2069497895227064,1.1605575181033123,1.161464518834584,1.161464518834584,1.1605575181033123,2.206297383532249
300.0,5.708,31.883,5.676,5.649,2926.224,3.2544172565080425,3.254463264264549,3.254463264264549,3.2544172565080425,7.691237718554935,7.691363981858544,7.691363981858544,7.691237718554935,1.2076684486975515,1.2075366175458957,1.2075366175458957,1.2076684486975515,1.1612799158425475,1.1617078096230364,1.1617078096230364,1.1612799158425475,1.9139926005207049
300.0,5.711,70.491,6.192,6.435,2084.679,3.2552997218265443,3.2553729627758528,3.2553729627758528,3.2552997218265443,7.715256143501861,7.715448657085181,7.715448657085181,7.715256143501861,1.2113349560539115,1.2112712211077914,1.2112712211077914,1.2113349560539115,1.1645136969010703,1.1647233001877753,1.1647233001877753,1.1645136969010703,2.6931399244336807
300.0,5.748,47.026,4.309,4.759,1877.503,3.2582866361579432,3.2583495246095704,3.2583495246095704,3.2582866361579432,7.7125899413492975,7.712763999747059,7.712763999747059,7.7125899413492975,1.2099980559269967,1.209906995894926,1.209906995894926,1.2099980559269967,1.1635676258513832,1.1638646946195903,1.1638646946195903,1.1635676258513832,2.9858507884513337
300.0,5.751,99.26,5.153,5.781,2166.98,3.252842269922452,3.252919725868687,3.252919725868687,3.252842269922452,7.72299023905505,7.723200631548883,7.723200631548883,7.72299023905505,1.213348176463042,1.2132991589311253,1.2132991589311253,1.213348176463042,1.1660509313924825,1.1662120778629574,1.1662120778629574,1.1660509313924825,2.5955775684646847
300.0,5.757,71.251,3.128,4.938,2958.626,3.2515467140030374,3.25161987723602,3.25161987723602,3.2515467140030374,7.70338496300297,7.703576926484595,7.703576926484595,7.70338496300297,1.2105116466821946,1.210448784219632,1.210448784219632,1.2105116466821946,1.1635762662436242,1.163783105223246,1.163783105223246,1.1635762662436242,1.897753370941737
300.0,5.801,82.644,4.951,3.863,4944.221,3.2472134344600243,3.247288321829058,3.247288321829058,3.2472134344600243,7.695379208850283,7.695580915517602,7.695580915517602,7.695379208850283,1.2104997281193728,1.2104439945412495,1.2104439945412495,1.2104997281193728,1.1632837190962662,1.1634669305236776,1.1634669305236776,1.1632837190962662,1.1364625788642548
300.0,5.802,43.636,2.625,4.755,452.563,3.3023768853302338,3.3024412796524687,3.3024412796524687,3.3023768853302338,7.858587987086007,7.858778190278406,7.858778190278406,7.858587987086007,1.2205817556802945,1.2204778137773833,1.2204778137773833,1.2205817556802945,1.1755798883041222,1.1759169110314731,1.1759169110314731,1.1755798883041222,12.380522696471663
300.0,5.837,79.788,3.601,4.828,3884.033,3.248834482070238,3.2489092300967166,3.2489092300967166,3.248834482070238,7.6994119564328365,7.699611453648753,7.699611453648753,7.6994119564328365,1.2106700871220817,1.2106127410794978,1.2106127410794978,1.2106700871220817,1.1635424725634569,1.1637310950788171,1.1637310950788171,1.1635424725634569,1.4463948561750612
300.0,5.881,11.664,3.344,3.025,1581.736,3.26334370222607,3.263274066793368,3.263274066793368,3.2633437022260705,7.710840619928047,7.710636682640211,7.710636682640211,7.710840619935434,1.2083295051204404,1.207878738336303,1.207878738336303,1.2083295051204404,1.1618478275441575,1.1632788361264608,1.1632788361264608,1.1618478275441575,3.5361663962050427
300.0,5.932,87.219,3.844,4.918,321.137,3.3236929614673008,3.3237775998031625,3.3237775998031625,3.3236929614673008,7.955043993359975,7.955275265234911,7.955275265234911,7.955043993359975,1.2297784714156763,1.229719005296647,1.229719005296647,1.2297784714156763,1.1851357259990272,1.1853305828061227,1.1853305828061227,1.1851357259990272,17.492086682031655
300.0,5.946,44.14,6.29,5.077,563.637,3.2908418752254165,3.290906428100171,3.290906428100171,3.2908418752254165,7.820901640360297,7.821088071267024,7.821088071267024,7.820901640360297,1.2179040752948953,1.2178028818049804,1.2178028818049804,1.2179040752948953,1.1725142813749192,1.1728430251419932,1.1728430251419932,1.1725142813749192,9.941850201171698
300.0,5.946,51.918,3.062,4.791,3087.432,3.2524620336065047,3.25252870110564,3.25252870110564,3.2524620336065047,7.696846716896137,7.697021805372606,7.697021805372606,7.696846716896137,1.209146003524141,1.2090636051661623,1.2090636051661623,1.209146003524141,1.1625057801803638,1.162775848759001,1.162775848759001,1.1625057801803638,1.8163524174468149
300.0,5.951,18.896,3.292,4.196,3950.425,3.2529766373151405,3.252985700777471,3.252985700777471,3.2529766373151405,7.6805960484536255,7.68061177319763,7.68061177319763,7.6805960484536255,1.2063731227336134,1.2061380498125174,1.2061380498125174,1.2063731227336134,1.1599485762449993,1.160704224044064,1.160704224044064,1.1599485762449993,1.416611762206761
300.0,5.965,75.03,4.679,4.263,1805.078,3.256839406216526,3.256914371929428,3.256914371929428,3.256839406216526,7.724177431413926,7.724377514129546,7.724377514129546,7.724177431413926,1.2123135997508745,1.2122527283021856,1.2122527283021856,1.2123135997508745,1.1654892350545505,1.165689299924051,1.165689299924051,1.1654892350545505,3.1111293397941573
300.0,5.999,29.205,5.916,6.193,1970.98,3.2587917098604877,3.258835755007707,3.258835755007707,3.2587917098604877,7.705852444474343,7.705968684072881,7.705968684072881,7.705852444474343,1.2087325677746146,1.2085873560985074,1.2085873560985074,1.2087325677746146,1.1624928228400768,1.1629637756890918,1.1629637756890918,1.1624928228400768,2.841029095575329
300.0,6.029,90.745,2.66,3.592,2900.343,3.250288275286992,3.25036499090639,3.25036499090639,3.250288275286992,7.711234847086023,7.7114430011420545,7.7114430011420545,7.711234847086023,1.2121604786473883,1.2121082878768294,1.2121082878768294,1.2121604786473883,1.164928054876352,1.165099592789374,1.165099592789374,1.164928054876352,1.9382605153739516
300.0,6.04,72.3,4.214,6.399,4609.979,3.2482316909929727,3.2483052993646195,3.2483052993646195,3.2482316909929727,7.694349285264739,7.694545925929817,7.694545925929817,7.694349285264739,1.2100002338433875,1.2099382713817708,1.2099382713817708,1.2100002338433875,1.162973676745758,1.1631772692439089,1.1631772692439089,1.162973676745758,1.2180527792592704
300.0,6.075,41.397,6.441,4.266,1558.49,3.2613983859685627,3.261458295679465,3.261458295679465,3.2613983859685627,7.721571311357571,7.721746525908346,7.721746525908346,7.721571311357571,1.2105101130694813,1.210406780819406,1.210406780819406,1.2105101130694813,1.1642482993768442,1.1645839528310873,1.1645839528310873,1.1642482993768442,3.595650427690948
300.0,6.075,82.022,5.303,5.505,1780.257,3.2565274324831215,3.2566037738226647,3.2566037738226647,3.2565274324831215,7.727528517851581,7.72773451741327,7.72773451741327,7.727528517851581,1.212948914843706,1.2128920990623098,1.2128920990623098,1.212948914843706,1.166025015706874,1.166211705029772,1.166211705029772,1.166025015706874,3.1558864358128305
300.0,6.077,59.924,3.006,3.04,3326.459,3.2512540532656256,3.251324762644905,3.251324762644905,3.2512540532656256,7.697860888237712,7.698043804163286,7.698043804163286,7.697860888237712,1.2096633782209811,1.2095908436627063,1.2095908436627063,1.2096633782209811,1.1628928906943772,1.1631313537574728,1.1631313537574728,1.1628928906943772,1.686692026874539
300.0,6.081,66.279,3.608,3.994,1900.143,3.2566791440155,3.2567523825694447,3.2567523825694447,3.2566791440155,7.719451054867307,7.719643503669594,7.719643503669594,7.719451054867307,1.2115754270620096,1.2115082157401933,1.2115082157401933,1.2115754270620096,1.164872885268488,1.1650938046307886,1.1650938046307886,1.164872885268488,2.9538488364827127
300.0,6.088,21.925,5.022,5.09,3902.715,3.2527857703499725,3.252810479474773,3.252810479474773,3.2527857703499725,7.6823133114878255,7.682373089729632,7.682373089729632,7.6823133114878255,1.2066845328605502,1.2064872120719363,1.2064872120719363,1.2066845328605502,1.1602923374130685,1.160928858876053,1.160928858876053,1.1602923374130685,1.4341990279066288
300.0,6.109,10.019,3.234,5.818,1896.74,3.2606810618013653,3.260578372697021,3.260578372697021,3.2606810618013653,7.702211693828794,7.701916753179978,7.701916753179978,7.702211693828794,1.2077472305174457,1.2071831490004985,1.2071831490004985,1.2077472305174457,1.1609967251981317,1.1627811898748153,1.1627811898748153,1.1609967251981317,2.948623709201068
300.0,6.109,14.883,4.857,2.801,4656.607,3.25222796390255,3.252209303466006,3.252209303466006,3.25222796390255,7.676714735981748,7.676653158647246,7.676653158647246,7.676714735981748,1.2059834435780734,1.2056660036200912,1.2056660036200912,1.2059834435780734,1.1594402944742828,1.160454650355491,1.160454650355491,1.1594402944742828,1.2014780199783337
300.0,6.129,94.118,6.263,4.43,3689.91,3.248100270420683,3.2481772510940328,3.2481772510940328,3.248100270420683,7.706292986676774,7.706501953341665,7.706501953341665,7.706292986676774,1.2119999408033169,1.2119492939440464,1.2119492939440464,1.2119999408033169,1.164661830707191,1.1648283412268243,1.1648283412268243,1.164661830707191,1.5238533635242868
300.0,6.133,87.246,5.86,3.051,2415.631,3.2522975104180105,3.252374181861024,3.252374181861024,3.2522975104180105,7.71656098648773,7.7167689810815165,7.7167689810815165,7.71656098648773,1.2124195031829248,1.2123655895028118,1.2123655895028118,1.2124195031829248,1.1653015266810227,1.1654786835233737,1.1654786835233737,1.1653015266810227,2.326634012883217
300.0,6.139,18.559,3.159,3.049,3747.466,3.2532869816401577,3.2532966952779887,3.2532966952779887,3.2532869816401577,7.682407515471722,7.682425171150811,7.682425171150811,7.682407515471722,1.2065637843824997,1.2063233626865697,1.2063233626865697,1.2065637843824997,1.1601511758947372,1.1609236477089533,1.1609236477089533,1.1601511758947372,1.4932912044169186
300.0,6.148,58.845,4.567,5.377,2946.434,3.2523115882208296,3.252382222718229,3.252382222718229,3.2523115882208296,7.701160422642138,7.701343527758084,7.701343527758084,7.701160422642138,1.209881084274923,1.2098072927608547,1.2098072927608547,1.209881084274923,1.163158177106944,1.1634006456791293,1.1634006456791293,1.163158177106944,1.9040910685866816
300.0,6.156,58.491,6.198,2.919,490.716,3.296798499513399,3.29687371044153,3.29687371044153,3.296798499513399,7.849850292691021,7.850048632742102,7.850048632742102,7.849850292691021,1.2208007375066967,1.2207218155540676,1.2207218155540676,1.2208007375066967,1.1754806871639991,1.1757392965023066,1.1757392965023066,1.1754806871639991,11.428917450343643
300.0,6.202,64.849,3.785,2.682,4075.807,3.24943315985586,3.24950547294537,3.24950547294537,3.24943315985586,7.695117634557981,7.695307650985091,7.695307650985091,7.695117634557981,1.209749802920116,1.2096820034472562,1.2096820034472562,1.209749802920116,1.1628691065898238,1.1630920182110542,1.1630920182110542,1.1628691065898238,1.377027563718464
300.0,6.204,72.938,4.906,4.402,3696.407,3.249524508776746,3.2495987585055297,3.2495987585055297,3.249524508776746,7.699851789541929,7.700049803354049,7.700049803354049,7.699851789541929,1.2105006473245954,1.2104389877623436,1.2104389877623436,1.2105006473245954,1.1635102845394925,1.1637129734828262,1.1637129734828262,1.1635102845394925,1.519135993430538
300.0,6.217,10.434,4.527,3.981,4722.952,3.252461678536691,3.2523736884835737,3.2523736884835737,3.252461678536691,7.675600827393179,7.6753468446584305,7.6753468446584305,7.675600827393179,1.2058171482585551,1.205292030557272,1.205292030557272,1.2058171482585551,1.1589273668216913,1.1605906720281698,1.1605906720281698,1.1589273668216913,1.1842634479475027
300.0,6.224,82.587,4.511,4.564,1287.213,3.2620631499348245,3.262140400311581,3.262140400311581,3.2620631499348245,7.747090294370085,7.7473003195288275,7.7473003195288275,7.747090294370085,1.2144755645985708,1.214418570485242,1.214418570485242,1.2144755645985708,1.1677193028485544,1.167906395769135,1.167906395769135,1.1677193028485544,4.364655090484265
300.0,6.261,60.849,4.453,4.408,2543.03,3.253532788733852,3.253604538275636,3.253604538275636,3.253532788733852,7.706905401215856,7.707092317935661,7.707092317935661,7.706905401215856,1.2104470870777462,1.210375203076846,1.210375203076846,1.2104470870777462,1.1637381132307087,1.1639743579894497,1.1639743579894497,1.1637381132307087,2.2063902507771376
300.0,6.263,27.325,5.257,2.731,3370.023,3.2533813766954656,3.253423256814869,3.253423256814869,3.2533813766954656,7.688137804094534,7.688246326487845,7.688246326487845,7.688137804094534,1.2074299950117602,1.2072752246355476,1.2072752246355476,1.2074299950117602,1.161066178334362,1.161567782501445,1.161567782501445,1.161066178334362,1.66144837429814
300.0,6.271,48.105,5.384,3.763,4960.332,3.249447113421876,3.2495126560724055,3.2495126560724055,3.249447113421876,7.686377132860662,7.68654800881888,7.68654800881888,7.686377132860662,1.2083046606872594,1.2082167277890448,1.2082167277890448,1.2083046606872594,1.161647408165403,1.161935479048798,1.161935479048798,1.161647408165403,1.1302849086165203
300.0,6.274,96.464,3.612,3.647,1877.561,3.2547217548221936,3.2547998691273903,3.2547998691273903,3.2547217548221936,7.73042740152596,7.7306398329830595,7.7306398329830595,7.73042740152596,1.2139541550662982,1.2139039501852729,1.2139039501852729,1.2139541550662982,1.1667855224565276,1.1669505476290185,1.1669505476290185,1.1667855224565276,2.995066986011234
300.0,6.293,79.83,3.106,4.033,443.097,3.3012126246175506,3.3012940806528817,3.3012940806528817,3.3012126246175506,7.877139684714782,7.877361256765915,7.877361256765915,7.877139684714782,1.22389365056358,1.2238319134811984,1.2238319134811984,1.22389365056358,1.178496861822056,1.1786992728214425,1.1786992728214425,1.178496861822056,12.673640558154686
300.0,6.294,56.792,4.582,5.48,2299.179,3.254886669919915,3.2549571647619597,3.2549571647619597,3.254886669919915,7.709374302905226,7.709557864961291,7.709557864961291,7.709374302905226,1.2104425689658815,1.2103661564463737,1.2103661564463737,1.2104425689658815,1.163826842464761,1.164077714052498,1.164077714052498,1.163826842464761,2.4397533983044206
300.0,6.311,33.069,6.196,4.244,1161.457,3.2675979636876957,3.2676506838973047,3.2676506838973047,3.2675979636876957,7.738934034014042,7.739086316095122,7.739086316095122,7.738934034014042,1.211478904487692,1.2113491531596552,1.2113491531596552,1.211478904487692,1.1654824419960563,1.1659029410990078,1.1659029410990078,1.1654824419960563,4.822023231603587
300.0,6.318,49.015,3.592,5.671,1703.539,3.2593700264014847,3.259437264720795,3.259437264720795,3.2593700264014847,7.720206290712096,7.720382128626198,7.720382128626198,7.720206290712096,1.2108709864320764,1.2107833323474917,1.2107833323474917,1.2108709864320764,1.164480481531887,1.1647675524348875,1.1647675524348875,1.164480481531887,3.2910966148758254
300.0,6.352,30.769,4.684,4.01,3089.087,3.25380370161273,3.2538521992344256,3.2538521992344256,3.25380370161273,7.69186543705273,7.692001702059365,7.692001702059365,7.69186543705273,1.2079026890916629,1.2077656999816448,1.2077656999816448,1.2079026890916629,1.1615382207170688,1.1619823761283607,1.1619823761283607,1.1615382207170688,1.8129307344768968
300.0,6.359,41.241,6.03,2.534,2871.792,3.253697608928245,3.253758251013303,3.253758251013303,3.253697608928245,7.697251823322113,7.697424523534645,7.697424523534645,7.697251823322113,1.2088090812412535,1.208706513518664,1.208706513518664,1.2088090812412535,1.1623504589631033,1.1626841576968594,1.1626841576968594,1.1623504589631033,1.9513916991262603
300.0,6.363,90.344,5.412,4.568,3684.774,3.2482917352857346,3.2483686556591027,3.2483686556591027,3.2482917352857346,7.706066627566734,7.706275332660183,7.706275332660183,7.706066627566734,1.2118830375799752,1.2118307971559883,1.2118307971559883,1.2118830375799752,1.1646187217830208,1.1647904554666737,1.1647904554666737,1.1646187217830208,1.5256037975144214
300.0,6.4,14.557,2.981,2.979,2798.212,3.255828443704599,3.2558116306743403,3.2558116306743403,3.255828443704599,7.690015935933613,7.689959512746428,7.689959512746428,7.690015935933613,1.207067848154131,1.2067394235483646,1.2067394235483646,1.207067848154131,1.1606170909759417,1.1616657719500705,1.1616657719500705,1.1606170909759417,1.9993162292609383
300.0,6.411,37.09,3.522,3.154,4669.45,3.2505004503492034,3.250556693165777,3.250556693165777,3.2505004503492034,7.684595884944104,7.684763746669264,7.684763746669264,7.684595884944104,1.2076894069688653,1.2075760419888413,1.2075760419888413,1.2076894069688653,1.1611892500410457,1.161556998637201,1.161556998637201,1.1611892500410457,1.1998514492193104
300.0,6.428,24.471,4.439,5.454,3873.914,3.2525295646018866,3.252565733799932,3.252565733799932,3.2525295646018866,7.684580947811741,7.684673102863267,7.684673102863267,7.684580947811741,1.2070951428269336,1.2069207281267222,1.2069207281267222,1.2070951428269336,1.1607210335633145,1.1612850377274817,1.1612850377274817,1.1607210335633145,1.4450819542281144
300.0,6.428,60.778,5.27,6.237,2528.6,3.253539663936468,3.2536117262918096,3.2536117262918096,3.253539663936468,7.707743082046778,7.707932850114728,7.707932850114728,7.707743082046778,1.2105681300606506,1.2104960887985392,1.2104960887985392,1.2105681300606506,1.1638697719444953,1.1641063569312042,1.1641063569312042,1.1638697719444953,2.218961097751449
300.0,6.438,47.5,4.204,3.169,2065.231,3.2567625998118395,3.2568291873587327,3.2568291873587327,3.2567625998118395,7.711292965717645,7.711465999688057,7.711465999688057,7.711292965717645,1.210182625315964,1.2100927548633933,1.2100927548633933,1.210182625315964,1.163743011990093,1.1640373362180756,1.1640373362180756,1.163743011990093,2.7144960442358523
300.0,6.497,46.988,4.25,5.068,2647.01,3.254014916229321,3.2540811347873206,3.2540811347873206,3.25401491622932,7.702151549348766,7.702323485056702,7.702323485056702,7.702151549348702,1.2095031153637874,1.2094126776373797,1.2094126776373797,1.2095031153637874,1.162996204152893,1.1632923995793116,1.1632923995793116,1.162996204152893,2.11785331429748
300.0,6.503,90.124,4.879,5.939,4765.28,3.246656607518375,3.246733496131691,3.246733496131691,3.246656607518375,7.701211010839231,7.701419673047795,7.701419673047795,7.701211010839231,1.211565154879943,1.2115129288610418,1.2115129288610418,1.211565154879943,1.1642655322399833,1.1644372243432464,1.1644372243432464,1.1642655322399833,1.179672637692364
300.0,6.521,68.176,3.326,3.627,4597.817,3.2483685841640164,3.2484422858430007,3.2484422858430007,3.2483685841640164,7.695021625773715,7.69521786681167,7.69521786681167,7.695021625773715,1.2100261865923547,1.2099611222241964,1.2099611222241964,1.2100261865923547,1.1630878886986713,1.1633016967858756,1.1633016967858756,1.1630878886986713,1.2209409383056973
300.0,6.527,58.946,4.453,5.208,1827.445,3.2575804233033057,3.257652600534107,3.257652600534107,3.2575804233033057,7.72073384908149,7.72092293881384,7.72092293881384,7.72073384908149,1.2114755207847443,1.211401169703198,1.211401169703198,1.2114755207847443,1.1649223159653537,1.1651664622810165,1.1651664622810165,1.1649223159653537,3.0698847003744896
300.0,6.565,89.54,4.704,3.677,2783.682,3.250570533337505,3.2506478670241825,3.2506478670241825,3.250570533337505,7.714271827204566,7.714481854792677,7.714481854792677,7.714271827204566,1.2125255934718582,1.2124728211444027,1.2124728211444027,1.2125255934718582,1.165350879728061,1.1655243321845907,1.1655243321845907,1.165350879728061,2.0193035772650174
300.0,6.58,23.602,3.518,6.113,4480.249,3.2516347254096067,3.2516696352921097,3.2516696352921097,3.2516347254096067,7.681904005274656,7.681992582458733,7.681992582458733,7.681904005274656,1.2069137252505269,1.2067322812574506,1.2067322812574506,1.2069137252505269,1.1605226885274318,1.1611089918243205,1.1611089918243205,1.1605226885274318,1.2494458217841324
300.0,6.601,50.847,6.299,5.415,4862.089,3.2492446891015887,3.2493129620060106,3.2493129620060106,3.2492446891015887,7.688887772821104,7.689063655031216,7.689063655031216,7.688887772821104,1.2087481499275634,1.2086645311743054,1.2086645311743054,1.2087481499275634,1.1620691177262792,1.1623434988009802,1.1623434988009802,1.1620691177262792,1.1533129319361743
300.0,6.645,21.935,3.92,5.13,2235.862,3.257526755186579,3.257557316538625,3.257557316538625,3.257526755186579,7.700963161503156,7.70103946041393,7.70103946041393,7.700963161503156,1.2082759004959058,1.2080771727462614,1.2080771727462614,1.2082759004959058,1.162037914909864,1.1626788158499664,1.1626788158499664,1.162037914909864,2.5032855569545758
300.0,6.685,88.84,3.507,4.129,1885.388,3.2550487730387045,3.255126666399288,3.255126666399288,3.2550487730387045,7.729453004014426,7.7296650480091005,7.7296650480091005,7.729453004014426,1.213656918749655,1.2136034942359013,1.2136034942359013,1.213656918749655,1.1666317720865855,1.1668072710438435,1.1668072710438435,1.1666317720865855,2.9811656730326344
300.0,6.691,51.988,6.087,5.529,3809.243,3.2506080509984567,3.250677164769183,3.250677164769183,3.2506080509984567,7.694513941331345,7.694694176084048,7.694694176084048,7.694513941331345,1.2092548152619005,1.2091726075159657,1.2091726075159657,1.2092548152619005,1.1626035340693968,1.1628731839527553,1.1628731839527553,1.1626035340693968,1.472167692521438
300.0,6.794,55.247,4.871,4.123,908.152,3.272205039949322,3.2722780957818167,3.2722780957818167,3.272205039949322,7.768940121886684,7.76913162626716,7.76913162626716,7.768940121886684,1.214948271110774,1.2148679737279424,1.2148679737279424,1.214948271110774,1.1688973641176506,1.1691606936170391,1.1691606936170391,1.1688973641176506,6.175306092815301
300.0,6.798,82.706,4.802,5.725,2021.501,3.25449605723671,3.254573309955586,3.254573309955586,3.25449605723671,7.724830218343808,7.725040583592786,7.725040583592786,7.724830218343808,1.2130536607094993,1.2129972732891086,1.2129972732891086,1.2130536607094993,1.1661050422252333,1.1662901742313605,1.1662901742313605,1.1661050422252333,2.779368183551227
300.0,6.836,45.741,6.181,3.194,3942.471,3.250765092924617,3.2508314969283245,3.2508314969283245,3.250765092924617,7.692369444454451,7.692540281166672,7.692540281166672,7.692369444454451,1.208844049878629,1.2087517217854549,1.2087517217854549,1.208844049878629,1.1622810382982236,1.1625834907902497,1.1625834907902497,1.1622810382982236,1.4218532717786572
300.0,6.857,21.986,3.877,4.922,2473.125,3.256337918003158,3.256370414080909,3.256370414080909,3.256337918003158,7.6981104458777265,7.698191978261796,7.698191978261796,7.6981104458777265,1.2081459349234562,1.2079479333785683,1.2079479333785683,1.2081459349234562,1.1618875207070247,1.1625261924232837,1.1625261924232837,1.1618875207070247,2.263141895001424
300.0,6.867,47.5,6.116,3.626,1376.191,3.2629269970844192,3.262995701812301,3.262995701812301,3.2629269970844192,7.734063962975745,7.734242557905462,7.734242557905462,7.734063962975745,1.2120255108566855,1.2119347888565293,1.2119347888565293,1.2120255108566855,1.1657885863437627,1.1660856484322726,1.1660856484322726,1.1657885863437627,4.073378966643947
300.0,6.884,24.862,4.116,5.966,2745.088,3.25508602285984,3.2551269313469686,3.2551269313469686,3.25508602285984,7.695644251830899,7.695750113588557,7.695750113588557,7.695644251830899,1.2081037893163853,1.2079316042010844,1.2079316042010844,1.2081037893163853,1.1618215259761562,1.1623783940232324,1.1623783940232324,1.1618215259761562,2.0393111397396733
300.0,6.906,30.129,4.74,5.936,2826.848,3.254432788803136,3.2544834797434685,3.2544834797434685,3.254432788803136,7.696439635484474,7.6965854200131645,7.6965854200131645,7.696439635484474,1.208418432085932,1.2082779930520802,1.2082779930520802,1.208418432085932,1.1621039246649465,1.1625587461492848,1.1625587461492848,1.1621039246649465,1.9809926982653228
300.0,6.917,16.859,5.235,4.983,4508.506,3.2519682585620915,3.251977240412377,3.251977240412377,3.2519682585620915,7.681051692719562,7.681067524133008,7.681067524133008,7.681051692719562,1.20668343609795,1.2064127810772318,1.2064127810772318,1.20668343609795,1.1602397881648316,1.1611073429753824,1.1611073429753824,1.1602397881648316,1.2410740611959274
300.0,6.944,44.999,5.315,3.863,2811.601,3.253426187847746,3.2534927599365826,3.2534927599365826,3.253426187847746,7.701393502514754,7.701564588188323,7.701564588188323,7.701393502514754,1.209516946115668,1.2094228351486782,1.2094228351486782,1.209516946115668,1.16304166360045,1.1633498826686297,1.1633498826686297,1.16304166360045,1.9936089931442869
300.0,6.961,15.519,5.478,5.278,914.832,3.274650134305436,3.2746511341828337,3.2746511341828337,3.274650134305436,7.756217463320829,7.756211109419175,7.756211109419175,7.756217463320829,1.212208502459872,1.2118990537144014,1.2118990537144014,1.212208502459872,1.1663512133130496,1.1673400191386454,1.1673400191386454,1.1663512133130496,6.114809439430118
350.0,5.018,61.502,4.458,3.274,2877.045,4.6933138217745,4.69391914757939,4.693919147579376,4.6933138217745,15.546828201753446,15.549029760626002,15.549029760626246,15.546828201753446,1.906808851881733,1.9061931176475024,1.9061931176475024,1.906808851881733,2.371463242682692,2.373400075323598,2.373400075323598,2.371463242682692,2.608513467784332
350.0,5.052,55.865,4.275,5.646,3324.308,4.687309296571478,4.687904822220408,4.687904822220408,4.687309296571478,15.518300682773694,15.520418099602947,15.520418099602947,15.518300682773694,1.9051996269221647,1.9045386449606403,1.9045386449606403,1.9051996269221647,2.367491051312125,2.3695648061942407,2.3695648061942407,2.367491051312125,2.2571602458448563
350.0,5.071,68.498,4.88,6.468,3946.071,4.689725895585422,4.6903366793965615,4.6903366793965615,4.689725895585422,15.538468095794304,15.540680120782458,15.540680120782458,15.538468095794304,1.9069268490431657,1.9063615432280727,1.9063615432280727,1.9069268490431657,2.371127088349988,2.372904160152851,2.372904160152851,2.371127088349988,1.9027245684950085
350.0,5.091,90.414,5.799,4.819,3621.236,4.702141165697673,4.702774569328269,4.702774569328269,4.702141165697673,15.607313874273942,15.609652020667204,15.609652020667204,15.607313874273942,1.9113740589475017,1.910905173998685,1.910905173998685,1.9113740589475017,2.381313993854262,2.382802356188516,2.382802356188516,2.381313993854262,2.0752932875148917
350.0,5.094,78.862,3.933,3.286,2178.116,4.710941022527672,4.711576037573241,4.711576037573241,4.710941022527672,15.633329048946145,15.635675515874462,15.635675515874462,15.633329048946145,1.911699341299523,1.9111774448419252,1.9111774448419252,1.911699341299523,2.38348121255212,2.3851381378371954,2.3851381378371954,2.38348121255212,3.4473822753916066
350.0,5.095,22.56,3.798,4.065,3227.588,4.6730244991569725,4.673455736420659,4.673455736420659,4.6730244991569725,15.43436445654517,15.436160066322428,15.436160066322428,15.43436445654517,1.8995226942432,1.89809861062936,1.89809861062936,1.8995226942432,2.353385872022033,2.357878051676812,2.357878051676812,2.353385872022033,2.3212671322117666
350.0,5.097,12.784,5.73,6.2,1839.265,4.6863589392397325,4.686579643180166,4.686579643180166,4.6863589392397325,15.480896165998924,15.482346679040878,15.482346679040878,15.480896165998924,1.9013315682764649,1.8987969655393488,1.8987969655393488,1.9013315682764649,2.356414267671653,2.364414765232802,2.364414765232802,2.356414267671653,4.069988560367519
350.0,5.104,76.892,5.142,3.288,688.67,4.790015036051792,4.79072065149076,4.79072065149076,4.790015036051792,15.951427982049156,15.95404873135756,15.95404873135756,15.951427982049156,1.925019003493993,1.9244354019711285,1.9244354019711285,1.925019003493993,2.421995387633898,2.4238493313913247,2.4238493313913247,2.421995387633898,10.880907022407268
350.0,5.127,90.05,5.269,5.687,1149.563,4.749573163959,4.750246949876815,4.750246949876815,4.749573163959,15.798919490843051,15.801423733769196,15.801423733769196,15.798919490843051,1.9195175224967072,1.919020447807649,1.919020447807649,1.9195175224967072,2.404571133578771,2.40615063876412,2.40615063876412,2.404571133578771,6.529711422953096
350.0,5.136,52.973,6.27,6.157,1649.569,4.710279370597817,4.710892464503751,4.710892464503751,4.710279370597817,15.609587551204816,15.611761125554798,15.611761125554798,15.609587551204816,1.9089508456335,1.908241236428006,1.908241236428006,1.9089508456335,2.378310252826942,2.3805505754945857,2.3805505754945857,2.378310252826942,4.5455654085970965
350.0,5.141,99.046,4.568,5.72,3537.632,4.707258049536967,4.707897502184848,4.707897502184848,4.707258049536967,15.635434546318091,15.63781245087387,15.63781245087387,15.635434546318091,1.9131843116840208,1.9127416888896955,1.9127416888896955,1.9131843116840208,2.385493532540488,2.3869003591452174,2.3869003591452174,2.385493532540488,2.125072668210015
350.0,5.164,10.683,4.764,4.714,4907.742,4.660254422787861,4.660354101339745,4.660354101339745,4.660254422787861,15.375264695809095,15.376448964073491,15.376448964073491,15.375264695809095,1.8967441929695823,1.8937562550726357,1.8937562550726357,1.8967441929695823,2.3426646658919608,2.3520852581606366,2.3520852581606366,2.3426646658919608,1.5260030951498025
350.0,5.24,83.019,6.237,5.061,1942.535,4.718526384899436,4.719172160993618,4.719172160993618,4.718526384899436,15.668264129200953,15.670640126425129,15.670640126425129,15.668264129200953,1.9135051578659503,1.912997020426101,1.912997020426101,1.9135051578659503,2.3882155078053686,2.389827831574693,2.389827831574693,2.3882155078053686,3.865580848030569
350.0,5.266,32.971,4.415,5.451,2608.633,4.684624860364193,4.685152405465347,4.685152405465347,4.684624860364193,15.490047835245944,15.492053346791106,15.492053346791106,15.490047835245944,1.9025590982813456,1.901537613732812,1.901537613732812,1.9025590982813456,2.3618549174081007,2.36507348025284,2.36507348025284,2.3618549174081007,2.872890517684876
350.0,5.269,46.535,2.813,3.606,1498.205,4.712996528536121,4.713598172967203,4.713598172967203,4.712996528536121,15.61598320218818,15.618167616843031,15.618167616843031,15.61598320218818,1.9088353776001887,1.9080462730383136,1.9080462730383136,1.9088353776001887,2.3785838210208268,2.3810791328749388,2.3810791328749388,2.3785838210208268,5.002645832303272
350.0,5.275,15.735,4.848,6.077,1355.736,4.703875697203641,4.704220233303217,4.704220233303217,4.703875697203641,15.55415574783213,15.55587174006758,15.55587174006758,15.55415574783213,1.9045859409497317,1.90249558487424,1.90249558487424,1.9045859409497317,2.3665399719523603,2.3731363268676597,2.3731363268676597,2.3665399719523603,5.520159696003456
350.0,5.279,62.164,4.418,6.099,3963.896,4.688233463346644,4.688838905137326,4.688838905137326,4.688233463346644,15.528385952911403,15.530568831321744,15.530568831321744,15.528385952911403,1.9061060958247509,1.905497809523462,1.905497809523462,1.9061060958247509,2.369538012604532,2.371448879199007,2.371448879199007,2.369538012604532,1.8935321497065076
350.0,5.316,82.362,2.543,4.892,1761.257,4.723005342977759,4.723654749768561,4.723654749768561,4.723005342977759,15.686214205800027,15.688599973278984,15.688599973278984,15.686214205800027,1.9142427960558803,1.9137287991380976,1.9137287991380976,1.9142427960558803,2.390413299791124,2.392043573547161,2.392043573547161,2.390413299791124,4.262799383849023
350.0,5.319,33.034,3.749,4.978,1728.321,4.7000588734605495,4.700599440291773,4.700599440291773,4.7000588734605495,15.552280926647184,15.554356740983753,15.554356740983753,15.552280926647184,1.9052930720926868,1.904255642086832,1.904255642086832,1.9052930720926868,2.369501291721446,2.3727722454369737,2.3727722454369737,2.369501291721446,4.334638204515713
350.0,5.342,85.022,3.537,3.211,4989.752,4.695549449732417,4.696177116149966,4.696177116149966,4.695549449732417,15.576939337928646,15.579223734742785,15.579223734742785,15.576939337928646,1.9097770981930144,1.9092907705352835,1.9092907705352835,1.9097770981930144,2.37751157074584,2.379054167501758,2.379054167501758,2.37751157074584,1.5058609776666707
350.0,5.344,83.782,3.34,4.318,3420.124,4.702169520367169,4.702802162176416,4.702802162176416,4.702169520367169,15.603269782538812,15.605589141085837,15.605589141085837,15.603269782538812,1.9107988411994383,1.9103034258516407,1.9103034258516407,1.9107988411994383,2.38052005379904,2.382090957174979,2.382090957174979,2.38052005379904,2.196466425976372
350.0,5.411,67.707,3.246,4.974,1968.92,4.711825775105235,4.7124565456135725,4.7124565456135725,4.711825775105235,15.629399204848312,15.63171731985918,15.63171731985918,15.629399204848312,1.9108384472575275,1.910252864849934,1.910252864849934,1.9108384472575275,2.3823479712898954,2.3842056476529563,2.3842056476529563,2.3823479712898954,3.811122294438941
350.0,5.419,32.906,6.189,2.964,2098.153,4.69289352524644,4.693429228821434,4.693429228821434,4.69289352524644,15.523930735440628,15.525996005304687,15.525996005304687,15.523930735440628,1.904072028358611,1.9030394056764897,1.9030394056764897,1.904072028358611,2.366133540992688,2.3693900850318848,2.3693900850318848,2.366133540992688,3.5711196004432666
350.0,5.423,78.546,2.995,4.813,1751.871,4.722205019029613,4.722852258013488,4.722852258013488,4.722205019029613,15.680382208077488,15.68276828169292,15.68276828169292,15.680382208077488,1.913755740668604,1.913224674049224,1.913224674049224,1.913755740668604,2.389486841467945,2.3911723973861614,2.3911723973861614,2.389486841467945,4.284777131837249
350.0,5.473,99.569,5.288,5.598,3504.708,4.710344181452284,4.710986653695798,4.710986653695798,4.710344181452284,15.650095880968276,15.65248734160371,15.65248734160371,15.650095880968276,1.9139168880326956,1.913474134329372,1.913474134329372,1.9139168880326956,2.3876535893140125,2.389060986772399,2.389060986772399,2.3876535893140125,2.144862240148921
350.0,5.502,47.01,6.147,3.371,1017.589,4.739880700515354,4.740506662144705,4.740506662144705,4.739880700515354,15.726293278047,15.728631673532728,15.728631673532728,15.726293278047,1.9136298085109424,1.9128239510548335,1.9128239510548335,1.9136298085109424,2.3922175620981068,2.3947772157674168,2.3947772157674168,2.3922175620981068,7.360726331025891
350.0,5.526,56.348,6.232,5.606,4950.909,4.683484343248965,4.684085071630739,4.684085071630739,4.683484343248965,15.505922212733935,15.508032412017272,15.508032412017272,15.505922212733935,1.904790870489996,1.9041352463509276,1.9041352463509276,1.904790870489996,2.3665058137855306,2.368559867199457,2.368559867199457,2.3665058137855306,1.5156791533246663
350.0,5.529,79.113,3.52,2.849,803.918,4.777662234743226,4.778358116385633,4.778358116385633,4.777662234743226,15.905475187812014,15.908079125653524,15.908079125653524,15.905475187812014,1.9233328330446413,1.922769579845024,1.922769579845024,1.9233328330446413,2.4170229776449643,2.4188145161711767,2.4188145161711767,2.4170229776449643,9.32464330511673
350.0,5.536,42.889,4.156,3.689,2992.956,4.687458175894688,4.688031835567809,4.688031835567795,4.687458175894688,15.5108875821508,15.512987426664855,15.512987427322692,15.5108875821508,1.90413502356384,1.9033157822204465,1.9033157822204465,1.90413502356384,2.3657947592614263,2.3683718749040064,2.3683718749040064,2.3657947592614263,2.505124089574908
350.0,5.564,76.709,3.826,6.492,1182.764,4.744344543545886,4.745010581102893,4.745010581102893,4.744344543545886,15.769062699850585,15.7715269501881,15.7715269501881,15.769062699850585,1.917430800313184,1.9168762499782783,1.9168762499782783,1.917430800313184,2.4002361158098946,2.401997128210556,2.401997128210556,2.4002361158098946,6.342326727590879
350.0,5.569,35.724,5.085,3.783,3010.02,4.6842364937490695,4.684786284448022,4.684786284448022,4.6842364937490695,15.49232796930812,15.494347728117658,15.494347728117658,15.49232796930812,1.902888945851944,1.901934043569124,1.901934043569124,1.902888945851944,2.362772711176593,2.365775404445576,2.365775404445576,2.362772711176593,2.490112958335159
350.0,5.577,59.773,6.327,5.228,2043.461,4.70782660820722,4.708444814449029,4.708444814449029,4.70782660820722,15.607504081859776,15.609820145947776,15.609820145947776,15.607504081859776,1.9094046163754737,1.9087646463193504,1.9087646463193504,1.9094046163754737,2.3791551940579017,2.381189941783523,2.381189941783523,2.3791551940579017,3.670786427799967
350.0,5.587,29.313,5.811,2.847,359.926,4.879321307547353,4.880011209130568,4.880011209130568,4.879321307547353,16.275896767395736,16.278704871102136,16.278704871102136,16.275896767395736,1.9354837094035588,1.9340734579020007,1.9340734579020007,1.9354837094035588,2.4572273397265847,2.4617252366415894,2.4617252366415894,2.4572273397265847,20.71602888765761
350.0,5.598,27.073,4.81,5.642,1282.769,4.714942908906036,4.715468025235049,4.715468025235049,4.714942908906036,15.609877165730715,15.611957277537964,15.611957277537964,15.609877165730715,1.9074765786935035,1.906213421088976,1.906213421088976,1.9074765786935035,2.375854648110385,2.379841537328474,2.379841537328474,2.375854648110385,5.836108497590358
350.0,5.603,41.15,3.685,3.131,2180.132,4.696761249929575,4.697339578066075,4.697339578066075,4.696761249929575,15.547138526556138,15.549255055915252,15.549255055915252,15.547138526556138,1.9056217158109805,1.904763701418117,1.904763701418117,1.9056217158109805,2.3701008800759835,2.372799247357124,2.372799247357124,2.3701008800759835,3.4380249391208046
350.0,5.616,31.677,3.649,4.781,1632.369,4.704301694883076,4.70484755158108,4.70484755158108,4.704301694883076,15.570580125596038,15.57267924286768,15.57267924286768,15.570580125596038,1.9060407856380424,1.9049567037080424,1.9049567037080424,1.9060407856380424,2.371766503112617,2.3751819807814845,2.3751819807814845,2.371766503112617,4.588495895409755
350.0,5.632,71.915,5.059,6.468,1711.887,4.721640355084332,4.722283095742397,4.722283095742397,4.721640355084332,15.673667077142548,15.67605528838345,15.67605528838345,15.673667077142548,1.9130646134064837,1.9124987947541927,1.9124987947541927,1.9130646134064837,2.388311060108124,2.3901085861541,2.3901085861541,2.388311060108124,4.383227182647136
350.0,5.65,85.99,4.909,3.018,358.729,4.914855916736038,4.915694352368352,4.915694352368352,4.914855916736038,16.467192460559925,16.470390548825055,16.470390548825055,16.467192460559925,1.9824335467773664,1.9790446246940645,1.9790446246940645,1.9824335467773664,2.4866413225970447,2.4886248114599643,2.4886248114599643,2.4866413225970447,20.82666619347762
350.0,5.653,52.768,4.532,6.009,2172.449,4.702775314083335,4.703389746594623,4.703389746594623,4.702775314083335,15.581800764232524,15.583966848389322,15.583966848389322,15.581800764232524,1.907851792128948,1.9071443965328576,1.9071443965328576,1.907851792128948,2.3754596183466488,2.3776841398588755,2.3776841398588755,2.3754596183466488,3.451887946020765
350.0,5.659,11.955,6.218,5.189,1316.936,4.706680973195452,4.706925240463635,4.706925240463635,4.706680973195452,15.565838654629133,15.567424184324976,15.567424184324976,15.565838654629133,1.905160655028972,1.902379578741804,1.902379578741804,1.905160655028972,2.366799441574423,2.3755710064469677,2.3755710064469677,2.366799441574423,5.681016234664784
350.0,5.673,52.914,3.569,2.815,3286.061,4.690890534661724,4.691492995076208,4.691492995076208,4.690890534661724,15.53358665244053,15.535720584660002,15.535720584660002,15.53358665244053,1.9058023620038895,1.9051074190415636,1.9051074190415636,1.9058023620038895,2.369708115640917,2.3718872730034586,2.3718872730034586,2.369708115640917,2.2827242896034448
350.0,5.677,50.179,6.369,4.317,4225.868,4.684413974123937,4.685005242472897,4.685005242472897,4.684413974123937,15.505371320519709,15.507486319032804,15.507486319032804,15.505371320519709,1.9043946370228089,1.9036755852252611,1.9036755852252611,1.9043946370228089,2.366005020166792,2.3682622778137152,2.3682622778137152,2.366005020166792,1.7750578218594872
350.0,5.684,20.158,5.179,4.186,2897.61,4.678932154294843,4.679359141724112,4.679359141724112,4.678932154294843,15.459430676132213,15.461289432817534,15.461289432817534,15.459430676132213,1.9006505317121487,1.8990516279116736,1.8990516279116736,1.9006505317121487,2.3565607798359687,2.3616061502936763,2.3616061502936763,2.3565607798359687,2.584769355197907
350.0,5.726,26.601,6.361,5.568,3154.289,4.68004510556622,4.680542772756797,4.680542772756797,4.68004510556622,15.469086606461794,15.471035252136174,15.471035252136174,15.469086606461794,1.901384009946557,1.900148480628486,1.900148480628486,1.901384009946557,2.35890402298772,2.3627969326936906,2.3627969326936906,2.35890402298772,2.375211839645317
350.0,5.74,67.164,6.363,4.049,2316.269,4.708140526873477,4.7087706681004535,4.7087706681004535,4.708140526873477,15.615734209712498,15.61805148449473,15.61805148449473,15.615734209712498,1.9102882377943948,1.9097010642783436,1.9097010642783436,1.9102882377943948,2.3809856607347295,2.382848495892459,2.382848495892459,2.3809856607347295,3.2396781734744815
350.0,5.772,84.419,3.885,2.77,3149.428,4.707799075536669,4.708437134537828,4.708437134537828,4.707799075536669,15.628804325482568,15.631166540374728,15.631166540374728,15.628804325482568,1.9120272354879604,1.911531494196538,1.911531494196538,1.9120272354879604,2.3841028006040763,2.3856771090816675,2.3856771090816675,2.3841028006040763,2.384909992347499
350.0,5.817,84.236,3.82,5.016,2028.127,4.7219824132393455,4.7226318071572555,4.7226318071572555,4.7219824132393455,15.686197547109897,15.688622164145832,15.688622164145832,15.686197547109897,1.9144767169268628,1.9139722960810177,1.9139722960810177,1.9144767169268628,2.3910904076236554,2.3926944811757647,2.3926944811757647,2.3910904076236554,3.7021528468399914
350.0,5.84,45.662,2.846,5.502,2673.822,4.694137928935604,4.694728976454926,4.694728976454926,4.694137928935604,15.541556990693335,15.54370560258929,15.54370560258929,15.541556990693335,1.9057143396652725,1.9049292892833407,1.9049292892833407,1.9057143396652725,2.3701359821682737,2.3726039459486388,2.3726039459486388,2.3701359821682737,2.8040314169338885
350.0,5.981,15.066,5.756,2.536,3787.154,4.672646902542849,4.672985112142584,4.672985112142584,4.672646902542849,15.432145358545158,15.43388892219338,15.43388892219338,15.432145358545158,1.8993749333869956,1.8972569455061088,1.8972569455061088,1.8993749333869956,2.352254897456686,2.358939707792061,2.358939707792061,2.352254897456686,1.977309405962552
350.0,5.983,31.496,5.059,4.711,2686.096,4.68845638351528,4.68899626807776,4.68899626807776,4.68845638351528,15.508038118445732,15.510091372441972,15.510091372441972,15.508038118445732,1.903416856137164,1.902344830673496,1.902344830673496,1.903416856137164,2.3645908691296684,2.3679673870972278,2.3679673870972278,2.3645908691296684,2.789363190825137
350.0,5.998,15.235,5.082,2.856,3722.778,4.67319379902155,4.673537203562719,4.673537203562719,4.67319379902155,15.434554025662408,15.436313228363964,15.436313228363964,15.434554025662408,1.899486319836228,1.8973908200586869,1.8973908200586869,1.899486319836228,2.3526167698283937,2.359231206297821,2.359231206297821,2.3526167698283937,2.011492340730047
350.0,6.013,33.273,4.585,4.233,1221.191,4.724214069942616,4.724790611532823,4.724790611532823,4.724214069942616,15.6544457082134,15.656680470543693,15.656680470543693,15.6544457082134,1.9098232953881893,1.908760689077984,1.908760689077984,1.9098232953881893,2.3825083850412043,2.385887404087688,2.385887404087688,2.3825083850412043,6.13087176574341
350.0,6.021,81.358,5.995,5.871,3733.008,4.7043434557967645,4.704979159911707,4.704979159911707,4.7043434557967645,15.613592839230115,15.615934389571937,15.615934389571937,15.613592839230115,1.9112203985801692,1.9107127390238503,1.9107127390238503,1.9112203985801692,2.38225575930378,2.3838666955663466,2.3838666955663466,2.38225575930378,2.011852204061248
350.0,6.065,71.111,3.655,6.368,3992.265,4.698362273951102,4.698986452403047,4.698986452403047,4.698362273951102,15.580542121322718,15.582845246691711,15.582845246691711,15.580542121322718,1.9091391286480184,1.9085837614833248,1.9085837614833248,1.9091391286480184,2.3774900240354646,2.379255007836792,2.379255007836792,2.3774900240354646,1.8804026892322825
350.0,6.074,90.01,2.719,5.02,3271.761,4.7119860680659,4.712630869403285,4.712630869403285,4.7119860680659,15.651940660353102,15.654324348514956,15.654324348514956,15.651940660353102,1.913464740618416,1.912988063195544,1.912988063195544,1.913464740618416,2.387690537459608,2.389204005464602,2.389204005464602,2.387690537459608,2.2961348320104347
350.0,6.086,58.024,6.061,4.779,4395.648,4.690494036871678,4.691101189691852,4.691101189691852,4.690494036871678,15.538342877989646,15.540585710544836,15.540585710544836,15.538342877989646,1.906433915733424,1.9057906076665467,1.9057906076665467,1.906433915733424,2.371198691271331,2.3732255846312054,2.3732255846312054,2.371198691271331,1.7069224081807557
350.0,6.106,18.001,3.715,2.564,4507.717,4.6716852933686575,4.672089946057064,4.672089946057064,4.6716852933686575,15.43105851767866,15.432892876050966,15.432892876050966,15.43105851767866,1.8994176552169064,1.897643679014397,1.897643679014397,1.8994176552169064,2.3530616761458685,2.358658156895551,2.358658156895551,2.3530616761458685,1.6615199534578895
350.0,6.109,87.38,3.54,3.593,1980.426,4.726826732788889,4.727483670227163,4.727483670227163,4.726826732788889,15.70993428784166,15.71236174272416,15.71236174272416,15.70993428784166,1.9157613658952637,1.9152659476604663,1.9152659476604663,1.9157613658952637,2.394534840161655,2.3961077929390084,2.3961077929390084,2.394534840161655,3.791407956800209
350.0,6.116,70.745,3.255,4.856,4055.496,4.6982793258014,4.698904575059423,4.698904575059423,4.6982793258014,15.580189050534884,15.582497291849927,15.582497291849927,15.580189050534884,1.9091095769270867,1.9085519637029813,1.9085519637029813,1.9091095769270867,2.3774667585672105,2.37923903030298,2.37923903030298,2.3774667585672105,1.8510409292602377
350.0,6.119,85.858,2.837,4.597,2802.397,4.714351894729861,4.714996055526325,4.714996055526325,4.714351894729861,15.658321141656902,15.660725986757557,15.660725986757557,15.658321141656902,1.9134591049976288,1.9129658007659107,1.9129658007659107,1.9134591049976288,2.3881553773910067,2.38972427713468,2.38972427713468,2.3881553773910067,2.679932946910322
350.0,6.133,79.961,4.766,5.249,565.567,4.827029169084445,4.827773922072767,4.827773922072767,4.827029169084445,16.10845062244719,16.111252937344183,16.111252937344183,16.10845062244719,1.9319361325861888,1.9313431877933749,1.9313431877933749,1.9319361325861888,2.442565312084066,2.444453105662257,2.444453105662257,2.442565312084066,13.23711223144442
350.0,6.175,49.076,4.039,5.635,1277.064,4.730409108104532,4.731039651342693,4.731039651342693,4.730409108104532,15.69316285889397,15.695500546302856,15.695500546302856,15.69316285889397,1.9124927707786337,1.91172079458662,1.91172079458662,1.9124927707786337,2.389103477347756,2.3915536266772253,2.3915536266772253,2.389103477347756,5.86674369059168
350.0,6.184,30.359,2.885,5.731,419.576,4.851599179559337,4.85228221000376,4.85228221000376,4.851599179559337,16.16767582580036,16.17039161166356,16.17039161166356,16.16767582580036,1.9312259483517304,1.9298957210411751,1.9298957210411751,1.9312259483517304,2.4447307975721615,2.448967595627306,2.448967595627306,2.4447307975721615,17.78391465119942
350.0,6.188,45.657,2.692,5.308,3603.272,4.689312493124513,4.689902935254231,4.689902935254231,4.689312493124513,15.524034168843892,15.526192653379567,15.526192653379567,15.524034168843892,1.9050253961853572,1.9042440751211345,1.9042440751211345,1.9050253961853572,2.368353307205036,2.3708107865132484,2.3708107865132484,2.368353307205036,2.0808992455308326
350.0,6.22,19.32,4.42,3.088,2920.144,4.682303525004276,4.68274217529216,4.68274217529216,4.682303525004276,15.475223870563244,15.477115859342486,15.477115859342486,15.475223870563244,1.901429193091704,1.8997523050631324,1.8997523050631324,1.901429193091704,2.3588408822433093,2.364127616086719,2.364127616086719,2.3588408822433093,2.564368684138512
350.0,6.246,43.632,4.816,4.406,1631.815,4.714887159503508,4.715495301783653,4.715495301783653,4.714887159503508,15.626350823022925,15.628599839805764,15.628599839805764,15.626350823022925,1.9093024442794952,1.9084664043185235,1.9084664043185235,1.9093024442794952,2.380534280632685,2.3831864166982752,2.3831864166982752,2.380534280632685,4.59162761192507
350.0,6.259,25.969,3.731,4.567,3634.431,4.680514723040772,4.681018776768517,4.681018776768517,4.680514723040772,15.473325309147254,15.475343737044204,15.475343737044204,15.473325309147254,1.9016514883778688,1.9003862934467384,1.9003862934467384,1.9016514883778688,2.3598663272544744,2.363856550458773,2.363856550458773,2.3598663272544744,2.061218250856648
350.0,6.259,37.356,5.371,5.441,1670.443,4.710852515449417,4.711441702907345,4.711441702907345,4.710852515449417,15.605047097169248,15.60722994164969,15.60722994164969,15.605047097169248,1.9079988248804496,1.907049091468248,1.907049091468248,1.9079988248804496,2.3772816306407933,2.38028628770052,2.38028628770052,2.3772816306407933,4.4843236803473845
350.0,6.27,68.152,2.571,5.52,788.153,4.780121499567741,4.78081757708456,4.78081757708456,4.780121499567741,15.910067974364546,15.91265547711432,15.91265547711432,15.910067974364546,1.922938251283949,1.9223058291401205,1.9223058291401205,1.922938251283949,2.417378320478172,2.4193875222993166,2.4193875222993166,2.417378320478172,9.50413271100722
350.0,6.271,75.773,3.176,5.461,698.815,4.797616596396895,4.798334917805912,4.798334917805912,4.797616596396895,15.987046257317663,15.989685462414606,15.989685462414606,15.987046257317663,1.9266576944674516,1.926059919088864,1.926059919088864,1.9266576944674516,2.427459139434149,2.4293554430927733,2.4293554430927733,2.427459139434149,10.718776535964205
350.0,6.271,83.188,6.435,5.293,1375.35,4.74385884023985,4.74452864644088,4.74452864644088,4.74385884023985,15.776083724030787,15.77857423604078,15.77857423604078,15.776083724030787,1.9183140997300547,1.917790953487353,1.917790953487353,1.9183140997300547,2.4023806751478656,2.40404339492632,2.40404339492632,2.4023806751478656,5.455792045916009
350.0,6.314,65.364,3.846,3.098,2441.832,4.710002390725297,4.710633617057113,4.710633617057113,4.710002390725297,15.624771879655816,15.627128153183747,15.627128153183747,15.624771879655816,1.910676039027336,1.9100755158041984,1.9100755158041984,1.910676039027336,2.3825063743164128,2.384415133541021,2.384415133541021,2.3825063743164128,3.0724623412752536
350.0,6.328,11.939,5.473,2.676,1809.44,4.69579689187858,4.696067097129225,4.696067097129225,4.69579689187858,15.524825321336984,15.526592231068484,15.526592231068484,15.524825321336984,1.9035472822553523,1.900789470156182,1.900789470156182,1.9035472822553523,2.362610042671717,2.3713166199539266,2.3713166199539266,2.362610042671717,4.135469333665244
350.0,6.34,46.0,2.81,4.195,3403.496,4.691883225768608,4.692479007734304,4.692479007734304,4.691883225768608,15.535463208906004,15.537624089887055,15.537624089887055,15.535463208906004,1.905575782646426,1.9047959491417463,1.9047959491417463,1.905575782646426,2.369935383498168,2.3723863799211333,2.3723863799211333,2.369935383498168,2.2029180564131594
350.0,6.345,26.513,4.777,5.927,4226.585,4.678456281262058,4.678961900451468,4.678961900451468,4.678456281262058,15.465930944302032,15.467991128852267,15.467991128852267,15.465930944302032,1.9013740223189344,1.900136703792268,1.900136703792268,1.9013740223189344,2.359139691415084,2.3630465862453174,2.3630465862453174,2.359139691415084,1.772557748401412
350.0,6.366,55.113,5.221,5.551,566.998,4.814875004764375,4.815592508910304,4.815592508910304,4.814875004764375,16.04021015417706,16.042895424583904,16.042895424583904,16.04021015417706,1.927511689850296,1.9267358650262731,1.9267358650262731,1.927511689850296,2.432150424463377,2.4346164319553707,2.4346164319553707,2.432150424463377,13.189959283748768
350.0,6.389,18.733,5.634,2.587,3379.96,4.679738809374704,4.680167315676436,4.680167315676436,4.679738809374704,15.465381652227093,15.467339321712066,15.467339321712066,15.465381652227093,1.901013042183869,1.899292022262572,1.899292022262572,1.901013042183869,2.3576898182784127,2.3631248726160754,2.3631248726160754,2.3576898182784127,2.215526029767633
350.0,6.395,85.43,4.599,2.527,4026.549,4.707725984553443,4.708365740195132,4.708365740195132,4.707725984553443,15.632613638417627,15.63498855212549,15.63498855212549,15.632613638417627,1.912391529314721,1.9118996028062332,1.9118996028062332,1.912391529314721,2.385289257774782,2.3868522725190435,2.3868522725190435,2.385289257774782,1.8653766893900916
350.0,6.401,98.762,4.762,5.338,1028.164,4.77313916722418,4.773836786026368,4.773836786026368,4.77313916722418,15.907781115331554,15.910398346316892,15.910398346316892,15.907781115331554,1.9249493431381333,1.9244694331041088,1.9244694331041088,1.9249493431381333,2.419901401839491,2.4214291775808983,2.4214291775808983,2.419901401839491,7.298777388512167
350.0,6.409,74.441,6.103,2.586,2000.911,4.722349081949297,4.722999065651641,4.722999065651641,4.722349081949297,15.68264639174993,15.685042655894442,15.685042655894442,15.68264639174993,1.91378318015292,1.913229304361887,1.913229304361887,1.91378318015292,2.3904189337312243,2.3921766192753338,2.3921766192753338,2.3904189337312243,3.7502275731720287
350.0,6.44,68.717,2.869,5.679,1746.243,4.725543829636722,4.726193565877216,4.726193565877216,4.725543829636722,15.691047242042888,15.693443090779551,15.693443090779551,15.691047242042888,1.913756644627453,1.9131665707078795,1.9131665707078795,1.913756644627453,2.3909581017381494,2.3928307830685056,2.3928307830685056,2.3909581017381494,4.295463370126022
350.0,6.482,10.165,4.697,3.299,1479.912,4.705606089131722,4.705808995851297,4.705808995851297,4.7056060891308125,15.564010776362917,15.566471674931156,15.566471674931156,15.564010777023505,1.905389780771828,1.902082568426569,1.902082568426569,1.905389780771828,2.366500163972741,2.37693863145226,2.37693863145226,2.366500163972741,5.054583915541109
350.0,6.524,33.272,3.789,5.912,1456.084,4.717829925373354,4.718409366347185,4.718409366347185,4.717829925373354,15.631297827673476,15.633544383916853,15.633544383916853,15.631297827673476,1.9089392095020283,1.907882178103068,1.907882178103068,1.9089392095020283,2.38023437160866,2.3835955711455115,2.3835955711455115,2.38023437160866,5.142347208097851
350.0,6.574,52.517,2.695,5.681,727.231,4.783105254271155,4.783788244075737,4.783788244075737,4.783105254271155,15.910860069561853,15.913449134567118,15.913449134567118,15.910860069561853,1.921996504843972,1.9212203012126847,1.9212203012126847,1.921996504843972,2.41631245526848,2.4187826660604403,2.4187826660604403,2.41631245526848,10.290486477736511
350.0,6.626,36.973,6.105,5.102,1635.817,4.7144973166552,4.715091029670509,4.715091029670509,4.7144973166552,15.621395201501215,15.623631446600754,15.623631446600754,15.621395201501215,1.9087541288946517,1.9077916763394327,1.9077916763394327,1.9087541288946517,2.379585120271403,2.382640801341314,2.382640801341314,2.379585120271403,4.578579651485083
350.0,6.635,27.674,4.255,6.497,3327.229,4.686048592334789,4.686578611326904,4.686578611326904,4.686048592334789,15.49888387987816,15.500934043160848,15.500934043160848,15.49888387987816,1.9029404873679332,1.9017359248930217,1.9017359248930217,1.9029404873679332,2.3636106682372717,2.3674045454007504,2.3674045454007504,2.3636106682372717,2.2513715222936925
350.0,6.664,42.193,6.423,4.177,378.702,4.884861107594372,4.885627406142877,4.885627406142877,4.884861107594352,16.313550584077408,16.316505913409827,16.316505913409827,16.31355058364267,1.9379431094219104,1.9368994033203155,1.9368994033203155,1.9379431094219104,2.4646606432523552,2.4679854379652277,2.4679854379652277,2.4646606432523552,19.696871158816247
350.0,6.706,42.3,3.012,5.231,4251.135,4.688391615253083,4.688978649074661,4.688978649074661,4.688391615253083,15.520380375595485,15.522551105944768,15.522551105944768,15.520380375595485,1.904762114052716,1.9039292549354652,1.9039292549354652,1.904762114052716,2.3680859839453148,2.370707615072252,2.370707615072252,2.3680859839453148,1.763391393105118
350.0,6.723,60.291,6.459,3.789,3703.302,4.699777971660496,4.700397998578918,4.700397998578918,4.699777971660496,15.580835103696897,15.58313321868068,15.58313321868068,15.580835103696897,1.9085617467078464,1.90792970478144,1.90792970478144,1.9085617467078464,2.377223086709922,2.379232319589175,2.379232319589175,2.377223086709922,2.0257151407784977
350.0,6.804,28.379,3.921,4.136,2730.594,4.692707433989001,4.69325050316945,4.69325050316945,4.692707433989001,15.527021094337597,15.529106083311593,15.529106083311593,15.527021094337597,1.9042444869274504,1.9030571755529777,1.9030571755529777,1.9042444869274504,2.3673126450022615,2.3710512108906387,2.3710512108906387,2.3673126450022615,2.742935387102544
350.0,6.812,12.554,3.136,5.446,1292.613,4.7168479399684955,4.717183887318874,4.717183887318874,4.7168479399684955,15.613348634184424,15.61529842961096,15.61529842961096,15.613348634184424,1.9074496535696652,1.904770769526914,1.904770769526914,1.9074496535696652,2.3739709510996,2.3824526169860363,2.3824526169860363,2.3739709510996,5.786039363645521
350.0,6.836,23.61,2.749,4.053,4349.572,4.680259231071194,4.680757493826725,4.680757493826725,4.680259231071194,15.473561128165464,15.475598315147613,15.475598315147613,15.473561128165464,1.901669704079452,1.9002845200226797,1.9002845200226797,1.901669704079452,2.360097893915486,2.3644663474558207,2.3644663474558207,2.360097893915486,1.7220041008205096
350.0,6.837,88.137,5.94,4.677,4558.348,4.710260241166208,4.710902311956241,4.710902311956241,4.710260241166208,15.647409543765283,15.649805621319638,15.649805621319638,15.647409543765283,1.9133030323555504,1.9128204751841609,1.9128204751841609,1.9133030323555504,2.3877671226147514,2.3893018495665714,2.3893018495665714,2.3877671226147514,1.6478180565485605
350.0,6.859,50.491,5.496,5.428,4722.417,4.691596658145094,4.692200040634757,4.692200040634757,4.691596658145185,15.540735077040887,15.542977569956342,15.542977569956342,15.540735077044705,1.9062037957996036,1.9054823658827136,1.9054823658827136,1.9062037957996036,2.371556557832707,2.373833188913502,2.373833188913502,2.371556557832707,1.5879840482850085
350.0,6.867,17.473,5.459,2.731,1428.527,4.713895828204088,4.714349416403851,4.714349416403851,4.713895828204088,15.605001052448888,15.607082673411432,15.607082673411432,15.605001052448888,1.9071328506111016,1.9052164948509889,1.9052164948509889,1.9071328506111016,2.3746991875779204,2.380764905296437,2.380764905296437,2.3746991875779204,5.237291172161576
350.0,6.869,20.052,6.101,3.209,2463.37,4.692362774471106,4.692836765084753,4.692836765084753,4.692362774470304,15.519585737353456,15.521603413969949,15.521603413969949,15.519585737404016,1.9035373358234984,1.9018976997786656,1.9018976997786656,1.9035373358234984,2.3650502784087983,2.3702199542507567,2.3702199542507567,2.3650502784087983,3.039093068922146
350.0,6.879,53.237,4.488,3.804,4882.553,4.692517839713114,4.693124581517752,4.693124581517752,4.692517839713114,15.546778026241432,15.549049524074167,15.549049524074167,15.546778026241432,1.9066499586134529,1.9059587206888489,1.9059587206888489,1.9066499586134529,2.3725771224946617,2.374766824823111,2.374766824823111,2.3725771224946617,1.5360975664531673
350.0,6.903,26.889,4.985,2.936,2414.464,4.696463458653563,4.696997187497121,4.696997187497121,4.696463458653563,15.541404202540836,15.54355784963362,15.54355784963362,15.541404202540836,1.9048121268980207,1.9035624975366043,1.9035624975366043,1.9048121268980207,2.3689513146396863,2.3728956327112525,2.3728956327112525,2.3689513146396863,3.101517360180068
350.0,6.908,40.225,3.327,4.783,2139.441,4.706993008408044,4.707589649970904,4.707589649970904,4.706993008408044,15.595145161836184,15.597421017022045,15.597421017022045,15.595145161836184,1.9078872991957567,1.907000208112701,1.907000208112701,1.9078872991957567,2.377074209546953,2.3798949306621786,2.3798949306621786,2.377074209546953,3.501922955376864
350.0,6.939,70.269,4.248,3.847,2977.837,4.711480780883456,4.712122559315486,4.712122559315486,4.711480780883456,15.638133895171334,15.640487138627318,15.640487138627318,15.638133895171334,1.911707909369993,1.9111358258710356,1.9111358258710356,1.911707909369993,2.3851958017052066,2.387010259575684,2.387010259575684,2.3851958017052066,2.519844404748397
350.0,6.948,48.681,3.603,3.304,413.298,4.872137685378768,4.872914492998711,4.872914492998711,4.872137685378768,16.268875216520883,16.27170006614811,16.27170006614811,16.268875216520883,1.9365869046715,1.9356661372190065,1.9356661372190065,1.9365869046715,2.4601628371197384,2.4630804856913606,2.4630804856913606,2.4601628371197384,18.060037277052928
350.0,6.985,66.436,3.039,4.108,3141.206,4.7085833224738325,4.709216620172252,4.709216620172252,4.7085833224738325,15.623504899227344,15.6258605605217,15.6258605605217,15.623504899227344,1.9108314384818872,1.910238117263092,1.910238117263092,1.9108314384818872,2.3831296831440505,2.3850151867226224,2.3850151867226224,2.3831296831440505,2.38844381547235
350.0,6.988,20.98,5.313,6.419,672.484,4.779134944774465,4.779694024028226,4.779694024028226,4.779134944774465,15.87181059200797,15.874202214288776,15.874202214288776,15.87181059200797,1.918638209866932,1.9169124155762665,1.9169124155762665,1.918638209866932,2.4078760577296987,2.413369239797364,2.413369239797364,2.4078760577296987,11.10981796083257
400.0,5.021,41.527,6.005,2.535,2194.647,4.0860264037193454,4.093908669879184,4.093908669879184,4.0860264037193454,12.178584122510806,12.214286888752378,12.214286888752378,12.178584122510806,1.659656099725638,1.650443721915934,1.650443721915934,1.659656099725638,1.8436214157920845,1.8750748905188637,1.8750748905188637,1.8436214157920845,3.116762990268441
400.0,5.052,18.934,3.507,4.742,4620.241,4.040206423545712,4.04796530430156,4.04796530430156,4.040206423545712,11.929131443825156,11.973561734852256,11.973561734852256,11.929131443825156,1.6424213873108642,1.6252548089684078,1.6252548089684078,1.6424213873108642,1.7935892148332604,1.8529785663810316,1.8529785663810316,1.7935892148332604,1.4695853211677763
400.0,5.059,82.029,5.174,5.618,4228.28,4.107351103180816,4.115596015507633,4.115596015507633,4.107351103180816,12.344581581471864,12.375307761515153,12.375307761515153,12.344581581471864,1.6730340561000612,1.6671824872185577,1.6671824872185577,1.6730340561000612,1.8765227752438969,1.8951177727479112,1.8951177727479112,1.8765227752438969,1.6297088739789916
400.0,5.061,37.924,4.6,4.497,3022.075,4.072470772840632,4.0803218696931385,4.0803218696931385,4.072470772837904,12.10933167291525,12.144862939908046,12.144862939908046,12.109331672960112,1.6550008446004576,1.6450027772204434,1.6450027772204434,1.6550008446004576,1.8329095798911867,1.8667661184457045,1.8667661184457045,1.8329095798911867,2.259865017906177
400.0,5.094,81.985,4.203,5.487,789.784,4.228241574619242,4.236665924046086,4.236665924046086,4.228241574619242,12.935681843638717,12.966917995597347,12.966917995597347,12.935681843638717,1.714273048438709,1.7082638105564336,1.7082638105564336,1.714273048438709,1.9578507329056156,1.9768465782607567,1.9768465782607567,1.9578507329056156,8.82283853855495
400.0,5.117,59.44,3.489,3.792,3377.75,4.088978549490172,4.097092921184461,4.097092921184461,4.088978549490172,12.22019341915226,12.253210655029052,12.253210655029052,12.22019341915226,1.6631510759565402,1.6560158377475227,1.6560158377475227,1.6631510759565402,1.854945485771173,1.878585745536561,1.878585745536561,1.854945485771173,2.030401742447389
400.0,5.12,71.066,6.099,3.829,1567.566,4.140525743341958,4.1487423702036645,4.1487423702036645,4.140525743341958,12.492157411490483,12.524697313215484,12.524697313215484,12.492157411490483,1.682728634880449,1.6764017401756504,1.6764017401756504,1.682728634880449,1.89471074745833,1.9154422460998628,1.9154422460998628,1.89471074745833,4.403900754188725
400.0,5.183,43.937,2.775,5.378,4578.521,4.068868801973569,4.076723089591759,4.076723089591759,4.068868801973569,12.100880495065509,12.136672741760506,12.136672741760506,12.100880495065509,1.654446485065863,1.6457548632315773,1.6457548632315773,1.654446485065863,1.8345422816650605,1.8644932289849376,1.8644932289849376,1.8345422816650605,1.4923873348744374
400.0,5.209,26.289,3.671,3.828,4808.991,4.047358993041719,4.054862879421802,4.054862879421802,4.047358993041719,11.969087979260271,12.009815808549744,12.009815808549744,11.969087979260271,1.6449986160056471,1.6319106319651746,1.6319106319651746,1.6449986160056471,1.8068442970747347,1.8525580014176368,1.8525580014176368,1.8068442970747347,1.4141543683352924
400.0,5.221,89.251,4.41,5.307,321.805,4.456004429016841,4.4647639081769634,4.4647639081769634,4.456004429016841,14.013798006656767,14.046976859070169,14.046976859070169,14.013798006656767,1.7858061917326271,1.7799412806220598,1.7799412806220598,1.7858061917326271,2.108606049209476,2.127149726865106,2.127149726865106,2.108606049209476,22.00696683851246
400.0,5.232,17.791,3.874,3.028,4096.226,4.041080219103216,4.04899221322822,4.04899221322822,4.041080219103216,11.934423292114548,11.978974169793991,11.978974169793991,11.934423292114548,1.6427318074447197,1.6245797973472538,1.6245797973472538,1.6427318074447197,1.7925270555677506,1.8548780054447551,1.8548780054447551,1.7925270555677506,1.6572707934981148
400.0,5.254,73.309,3.104,6.03,2806.486,4.116284709263656,4.124436629033246,4.124436629033246,4.116284709263656,12.379861477753488,12.412457473460806,12.412457473460806,12.379861477753488,1.6751072557845943,1.6690255520131547,1.6690255520131547,1.6751072557845943,1.8802280226374508,1.900395831082324,1.900395831082324,1.8802280226374508,2.4555459597742004
400.0,5.258,44.642,4.784,2.968,513.242,4.267915069758184,4.276347286413324,4.276347286413324,4.267915069758184,13.080549479737202,13.113699153304983,13.113699153304983,13.080549479737202,1.7225744266850092,1.7130501044342656,1.7130501044342656,1.7225744266850092,1.9686423630441303,1.9992101862358311,1.9992101862358311,1.9686423630441303,13.563514417693666
400.0,5.268,87.918,4.28,4.81,4015.948,4.11595444945996,4.124205214158221,4.124205214158221,4.11595444945996,12.396501876531271,12.426751340363955,12.426751340363955,12.396501876531271,1.676980957585506,1.671372392837804,1.671372392837804,1.676980957585506,1.8846762619414652,1.9023689023003645,1.9023689023003645,1.8846762619414652,1.7184627897918237
400.0,5.269,67.405,5.451,5.426,2007.613,4.125998031074087,4.134252329139751,4.134252329139751,4.125998031074087,12.420414716798447,12.452009393324706,12.452009393324706,12.420414716798447,1.6777906770897977,1.671084308429335,1.671084308429335,1.6777906770897977,1.884477543064405,1.9060424095134123,1.9060424095134123,1.884477543064405,3.433467302228285
400.0,5.295,76.229,5.029,6.308,2611.514,4.123435335987727,4.131693914653557,4.131693914653557,4.123435335987727,12.421323361570826,12.452351895068604,12.452351895068604,12.421323361570826,1.67823583655742,1.6720690414594377,1.6720690414594377,1.67823583655742,1.886389599144477,1.906041557902042,1.906041557902042,1.886389599144477,2.6418282584262536
400.0,5.308,58.84,2.871,3.642,1127.591,4.159752601481561,4.168008389269376,4.168008389269376,4.159752601481561,12.574360063853568,12.607016765487318,12.607016765487318,12.574360063853568,1.6880032331038928,1.6805815560786272,1.6805815560786272,1.6880032331038928,1.9034415710176416,1.9275288978180396,1.9275288978180396,1.9034415710176416,6.125772984097193
400.0,5.339,67.923,5.415,3.304,4276.827,4.0923102142650665,4.100502343216064,4.100502343216064,4.0923102142650665,12.249814434037283,12.281584287373189,12.281584287373189,12.249814434037283,1.6657562372347658,1.6591679986566836,1.6591679986566836,1.6657562372347658,1.8610218948853428,1.882379463898508,1.882379463898508,1.8610218948853428,1.6057593848143783
400.0,5.347,98.791,6.026,3.023,441.023,4.362071807270571,4.370564473679641,4.370564473679641,4.362071807270571,13.586706519719742,13.619226434512688,13.619226434512688,13.586706519719742,1.7587635622502913,1.753463432729344,1.753463432729344,1.7587635622502913,2.0506691269291295,2.0676575144461733,2.0676575144461733,2.0506691269291295,15.97815492690987
400.0,5.353,24.653,2.981,6.075,3455.309,4.061505454248554,4.069145543234248,4.069145543234248,4.061505454248554,12.048659519697017,12.088065653117232,12.088065653117232,12.048659519697017,1.6506888974407492,1.636557297214114,1.636557297214114,1.6506888974407492,1.81645081454456,1.8647766932851328,1.8647766932851328,1.81645081454456,1.9719332585715053
400.0,5.358,97.832,5.749,5.383,1537.369,4.175357518151368,4.1836018066867044,4.1836018066867044,4.175357518151368,12.70230952684674,12.733019296288647,12.733019296288647,12.70230952684674,1.6989889701917522,1.6937897399949915,1.6937897399949915,1.6989889701917522,1.9284377884369543,1.9449671991698,1.9449671991698,1.9284377884369543,4.519871713444127
400.0,5.372,58.246,4.304,4.516,893.545,4.189105224009897,4.19741554403172,4.19741554403172,4.189105224009897,12.719854604818329,12.752446783153202,12.752446783153202,12.719854604818329,1.6981623407660973,1.6906086581313935,1.6906086581313935,1.6981623407660973,1.9234230257214255,1.9478339614217688,1.9478339614217688,1.9234230257214255,7.752184309320379
400.0,5.379,80.058,2.588,3.58,1888.442,4.139851855177521,4.1481384956696985,4.1481384956696985,4.139851855177521,12.503965892216268,12.534790908138282,12.534790908138282,12.503965892216268,1.6840440688988474,1.6780603694611993,1.6780603694611993,1.6840440688988474,1.898084562886451,1.9170789672333488,1.9170789672333488,1.898084562886451,3.659323311242302
400.0,5.383,12.156,3.489,3.482,4407.561,4.035298719993301,4.044920784557485,4.044920784557485,4.035298719993301,11.909775323722528,11.960925412390209,11.960925412390209,11.909775323722528,1.6422416419551236,1.618429916375697,1.618429916375697,1.6422416419551236,1.78011932667169,1.8599317115764764,1.8599317115764764,1.78011932667169,1.538609152942792
400.0,5.398,86.073,4.906,3.083,2272.542,4.134596549301013,4.142863324828729,4.142863324828729,4.1345965493031445,12.485077668042724,12.515630908075543,12.515630908075543,12.4850776707261,1.6830069200845692,1.6772991551300778,1.6772991551300778,1.6830069200845692,1.8964294652638427,1.914435049015508,1.914435049015508,1.8964294652638427,3.041080443693185
400.0,5.42,88.111,5.797,3.57,4389.069,4.113269354546343,4.121477102185915,4.121477102185915,4.113269354546343,12.383138346241,12.413823649733615,12.413823649733615,12.383138346241,1.6759616614558623,1.6704302042127182,1.6704302042127182,1.6759616614558623,1.882884053868318,1.9005261227914827,1.9005261227914827,1.882884053868318,1.5717888967085845
400.0,5.443,76.026,5.176,4.823,2692.27,4.120997306659612,4.129256877280985,4.129256877280985,4.120997306659612,12.408359969871608,12.439259304730529,12.439259304730529,12.408359969871608,1.677278708761708,1.67110520855785,1.67110520855785,1.677278708761708,1.8845302331672011,1.904215057708972,1.904215057708972,1.8845302331672011,2.5614940461367826
400.0,5.469,21.621,2.687,5.651,1365.434,4.110614833006614,4.118593610753888,4.118593610753888,4.110614833006614,12.297611199766507,12.334811348153414,12.334811348153414,12.297611199766507,1.6688049198468669,1.652315965159473,1.652315965159473,1.6688049198468669,1.8471798514407047,1.90137711793299,1.90137711793299,1.8471798514407047,5.015371660393518
400.0,5.52,29.234,5.878,4.756,967.801,4.152514279514575,4.160559147796185,4.160559147796185,4.152514279514575,12.510610032757963,12.545096361570549,12.545096361570549,12.510610032757963,1.6833928206522597,1.670312192061908,1.670312192061908,1.6833928206522597,1.8830428136139843,1.9255957874950484,1.9255957874950484,1.8830428136139843,7.11118413852991
400.0,5.53,14.875,5.287,3.462,1198.695,4.111517458372238,4.120220183392873,4.120220183392873,4.111517458372238,12.29686375530475,12.339038001602024,12.339038001602024,12.29686375530475,1.6699106440065186,1.6479634337962636,1.6479634337962636,1.6699106440065186,1.8373936539811115,1.9092539960777328,1.9092539960777328,1.8373936539811115,5.7077873191877515
400.0,5.541,58.177,4.52,3.912,3656.052,4.091414874753556,4.099541690876345,4.099541690876345,4.091414874753556,12.236225059062711,12.268967610212613,12.268967610212613,12.236225059062711,1.6644834733838312,1.6571743671618373,1.6571743671618373,1.6644834733838312,1.8573188215168217,1.8813627110969493,1.8813627110969493,1.8573188215168217,1.8765367989989163
400.0,5.557,25.211,5.288,3.719,1635.579,4.097580586350426,4.105402137438516,4.105402137438516,4.097580586356464,12.232227810642852,12.269424064656494,12.269424064656494,12.232227810557688,1.6636301867073249,1.649320727612212,1.649320727612212,1.6636301867073249,1.841701836373941,1.889431832687924,1.889431832687924,1.841701836373941,4.181726332343252
400.0,5.56,62.131,3.541,5.231,4398.123,4.092870637314952,4.1010260104748975,4.1010260104748975,4.092870637314952,12.251713881787312,12.283954375555815,12.283954375555815,12.251713881787312,1.665706300597774,1.6587336531780847,1.6587336531780847,1.665706300597774,1.8605201430663356,1.883363901015073,1.883363901015073,1.8605201430663356,1.561217198949936
400.0,5.562,75.505,4.21,3.94,1748.316,4.143685990481799,4.151941122014732,4.151941122014732,4.143685990481799,12.519779177546807,12.551262591319547,12.551262591319547,12.519779177546807,1.684967202490654,1.67878814119051,1.67878814119051,1.684967202490654,1.8997380460080937,1.9195628906768387,1.9195628906768387,1.8997380460080937,3.9526907763780352
400.0,5.562,96.188,3.671,3.412,806.553,4.241764112231657,4.2500581931194406,4.2500581931194406,4.241764112230719,13.018774545861556,13.050459464512569,13.050459464512569,13.018774545878529,1.7206944957314303,1.7154452539842258,1.7154452539842258,1.7206944957314303,1.9718677199918468,1.9887880208036663,1.9887880208036663,1.9718677199918468,8.660474746167006
400.0,5.589,10.618,4.499,3.732,3429.829,4.0441353373096876,4.054560027496482,4.054560027496482,4.0441353373096876,11.95915079288678,12.01287366873969,12.01287366873969,11.95915079288678,1.6464400839335651,1.6206621432228416,1.6206621432228416,1.6464400839335651,1.7840518117493098,1.8699044314628257,1.8699044314628257,1.7840518117493098,1.979362847446863
400.0,5.597,41.902,6.316,3.407,3519.366,4.076269204987424,4.084163894342227,4.084163894342227,4.076269204987424,12.139461122040856,12.17483357905924,12.17483357905924,12.139461122040856,1.6570263990581149,1.6478515953735853,1.6478515953735853,1.6570263990581149,1.839077716466458,1.8702699965407013,1.8702699965407013,1.839077716466458,1.9425027024816837
400.0,5.607,27.057,2.631,3.873,622.364,4.216963980915541,4.225153509352779,4.225153509352779,4.216963980915541,12.822937051581391,12.857362997292206,12.857362997292206,12.822937051581391,1.7054916553628012,1.691279856898228,1.691279856898228,1.7054916553628012,1.9242322247611336,1.97008169930788,1.97008169930788,1.9242322247611336,11.12080194307074
400.0,5.611,28.026,3.836,3.769,2939.259,4.069829198659302,4.077545551052692,4.077545551052692,4.069829198659302,12.093929718217602,12.131516578763122,12.131516578763122,12.093929718217602,1.6537141703385134,1.6408820824977348,1.6408820824977348,1.6537141703385134,1.8253024882289897,1.8688533894768975,1.8688533894768975,1.8253024882289897,2.320702030085376
400.0,5.627,48.195,4.651,5.415,4733.954,4.078547339211556,4.086513273568456,4.086513273568456,4.078547339211556,12.162398438167028,12.196960954529086,12.196960954529086,12.162398438167028,1.6589135632594745,1.6506854823698425,1.6506854823698425,1.6589135632594745,1.8447615368599684,1.8725976442762944,1.8725976442762944,1.8447615368599684,1.4460199869295811
400.0,5.643,74.383,5.364,3.295,2223.784,4.128110266173703,4.136313203571508,4.136313203571508,4.128110266173703,12.441191377725238,12.4730728759754,12.4730728759754,12.441191377725238,1.6793588548001075,1.6732038424061095,1.6732038424061095,1.6793588548001075,1.8887738210604608,1.908770120384812,1.908770120384812,1.8887738210604608,3.1022717118057948
400.0,5.68,17.508,4.527,6.307,1452.836,4.105446408805413,4.113640023592592,4.113640023592592,4.105446408805413,12.27283321332984,12.313007865605194,12.313007865605194,12.27283321332984,1.6678069751033908,1.6484484343544343,1.6484484343544343,1.6678069751033908,1.838925663230199,1.902764592947988,1.902764592947988,1.838925663230199,4.710056668680382
400.0,5.725,75.876,2.744,3.026,928.799,4.203642890758792,4.211964684161807,4.211964684161807,4.203642890758792,12.812845206702317,12.844735676222264,12.844735676222264,12.812845206702317,1.7054323926916295,1.6992149988260112,1.6992149988260112,1.7054323926916295,1.940201076524962,1.960150107051834,1.960150107051834,1.940201076524962,7.480929684780562
400.0,5.729,40.741,3.736,3.875,1984.842,4.103469032524637,4.111516879632375,4.111516879632375,4.103469032524637,12.279735829118197,12.31340759591798,12.31340759591798,12.279735829118197,1.6669179620747954,1.657167545671322,1.657167545671322,1.6669179620747954,1.8577857889957252,1.8898559823689107,1.8898559823689107,1.8577857889957252,3.454489402064452
400.0,5.731,22.175,4.191,4.1,4530.629,4.052370734561976,4.05998064574622,4.05998064574622,4.052370734561976,12.002385269778577,12.043593130992516,12.043593130992516,12.002385269778577,1.6474055841395956,1.6321067625080898,1.6321067625080898,1.6474055841395956,1.8078057303666144,1.860472413357243,1.860472413357243,1.8078057303666144,1.50177345455636
400.0,5.771,32.286,4.14,3.88,1358.527,4.1227227781158815,4.130699545584166,4.130699545584166,4.12272277811614,12.36705421562296,12.401807757333431,12.401807757333431,12.36705420981723,1.6731620525334014,1.6613157124065203,1.6613157124065203,1.6731620525334014,1.8655831529237472,1.9045578997109232,1.9045578997109232,1.8655831529237472,5.0524993182785565
400.0,5.785,58.509,3.257,4.568,1777.821,4.1302019255333,4.138397560608144,4.138397560608144,4.1302019255333,12.435995374890936,12.468472473836004,12.468472473836004,12.435995374890936,1.6784152950701947,1.6710328223806812,1.6710328223806812,1.6784152950701947,1.8849976457599973,1.9090356798154984,1.9090356798154984,1.8849976457599973,3.875547696357632
400.0,5.799,18.748,4.705,2.952,1341.2,4.108383685548859,4.116442726459955,4.116442726459955,4.108383685548859,12.284040824961462,12.323506664917405,12.323506664917405,12.284040824961462,1.6681915018800697,1.649828962260075,1.649828962260075,1.6681915018800697,1.8418270341056784,1.9025147655572388,1.9025147655572388,1.8418270341056784,5.101923752509404
400.0,5.799,25.607,6.447,4.757,2799.415,4.073988768391329,4.081722269663271,4.081722269663271,4.073988768391329,12.117573223182784,12.15540828529593,12.15540828529593,12.117573223182784,1.6556024396123772,1.6416682865281444,1.6416682865281444,1.6556024396123772,1.8268623553683925,1.8738444467990911,1.8738444467990911,1.8268623553683925,2.4377570372155213
400.0,5.802,25.078,5.804,4.889,1148.02,4.133626337755731,4.141551648255554,4.141551648255554,4.133626337755731,12.416843546558052,12.453204887699195,12.453204887699195,12.416843546558052,1.6770519375448734,1.6624260380672924,1.6624260380672924,1.6770519375448734,1.867261096182854,1.9154152654465024,1.9154152654465024,1.867261096182854,5.981892632299617
400.0,5.827,78.687,4.358,2.835,2873.858,4.122113957103673,4.130310502455465,4.130310502455465,4.122113957103673,12.418946770667558,12.450307883328277,12.450307883328277,12.418946770667558,1.6779955912722244,1.6720536354038895,1.6720536354038895,1.6779955912722244,1.8865733091730927,1.9057363074443665,1.9057363074443665,1.8865733091730927,2.4002982869697345
400.0,5.859,75.969,5.953,5.355,2336.585,4.134552130188789,4.14280313244466,4.14280313244466,4.134552130188789,12.481718643314869,12.512638431974612,12.512638431974612,12.481718643314869,1.6825212006952612,1.6763235187173957,1.6763235187173957,1.6825212006952612,1.89508830595358,1.9147958976170243,1.9147958976170243,1.89508830595358,2.9562252545098584
400.0,5.873,87.384,3.087,5.313,4647.132,4.121070236383486,4.129232533314496,4.129232533314496,4.121070236379552,12.429330231032084,12.460252929908044,12.460252929908044,12.429330232600634,1.679370800208701,1.6738582556830162,1.6738582556830162,1.679370800208701,1.8898580110504812,1.9075827281216216,1.9075827281216216,1.8898580110504812,1.4862955696864946
400.0,5.907,49.965,4.248,3.466,1467.514,4.134978793636995,4.143190869172026,4.143190869172026,4.134978793636995,12.449366910701333,12.481743427307114,12.481743427307114,12.449366910701333,1.679077407167599,1.6706323731699533,1.6706323731699533,1.679077407167599,1.8843994011559355,1.9116780122706156,1.9116780122706156,1.8843994011559355,4.692258124204674
400.0,5.939,80.03,5.012,5.671,652.814,4.270324054248823,4.278737826969286,4.278737826969286,4.270324054248823,13.143822341429988,13.175577942184534,13.175577942184534,13.143822341429988,1.7286902858209787,1.7225899961572473,1.7225899961572473,1.7286902858209787,1.9873160557622365,2.006726608038024,2.006726608038024,1.9873160557622365,10.711951187669396
400.0,5.945,13.642,5.447,6.42,2327.91,4.07475452660244,4.083658803586298,4.083658803586298,4.07475452660227,12.122596232586297,12.167170892778756,12.167170892778756,12.122596227605127,1.6578734820276877,1.6349561479523238,1.6349561479523238,1.6578734820276877,1.8123382789085924,1.887917857254007,1.887917857254007,1.8123382789085924,2.929115332150784
400.0,5.987,30.985,5.205,2.579,1737.48,4.103067617241645,4.110960266124712,4.110960266124712,4.103067617241645,12.268240396733916,12.303804456754849,12.303804456754849,12.268240396733916,1.6660953195471968,1.653964656629217,1.653964656629217,1.6660953195471968,1.8512982320798528,1.8915505622659647,1.8915505622659647,1.8512982320798528,3.941509054712207
400.0,6.009,84.558,6.321,5.9,3578.174,4.128957865863979,4.1371457063193695,4.137145706317034,4.128957865863979,12.467463318029433,12.498255264229329,12.49825526303515,12.467463318029433,1.6820045293568673,1.6763185676644692,1.6763185676644692,1.6820045293568673,1.8948638099090176,1.9130357830897171,1.9130357830897171,1.8948638099090176,1.9315297376719531
400.0,6.035,18.095,3.298,4.278,3136.164,4.063999118522277,4.071959097124124,4.071959097124124,4.0639991185178586,12.066077798538869,12.107444104039295,12.107444104039295,12.066077800071955,1.6525332441438492,1.6340493291323803,1.6340493291323803,1.6525332441438492,1.8115889648974528,1.8735823639295257,1.8735823639295257,1.8115889648974528,2.1719195816646266
400.0,6.067,58.265,4.972,3.618,1054.999,4.177067395044761,4.185355646425433,4.185355646425433,4.177067395044761,12.667897310380244,12.700097477258444,12.700097477258444,12.667897310380244,1.6947255900586955,1.6871859162405796,1.6871859162405796,1.6947255900586955,1.9169188225660572,1.9412532435146204,1.9412532435146204,1.9169188225660572,6.559812068936938
400.0,6.091,76.661,5.498,3.149,4840.249,4.108060246782192,4.116193947735144,4.116193947734526,4.108060246782192,12.349922024330793,12.381711363140624,12.381711366000168,12.349922024330793,1.6731393226898708,1.6671959096575442,1.6671959096575442,1.6731393226898708,1.877138629943253,1.8966133398191956,1.8966133398191956,1.877138629943253,1.4230929417086453
400.0,6.186,64.252,3.188,5.803,3402.208,4.112815553869004,4.120994939129987,4.120994939129987,4.112815553869004,12.363511873650932,12.395260756292677,12.395260756292677,12.363511873650932,1.6738544725260902,1.6669543221173206,1.6669543221173206,1.6738544725260902,1.877016710810145,1.899313972086472,1.899313972086472,1.877016710810145,2.023749889075036
400.0,6.197,82.274,4.622,5.498,4406.3,4.122359844755801,4.130561429836786,4.130561429836786,4.122359844755801,12.433883508828783,12.464304284725385,12.464304284725385,12.433883508828783,1.679578176679259,1.6737293243701992,1.6737293243701992,1.679578176679259,1.889988282241347,1.908521134125911,1.908521134125911,1.889988282241347,1.5671513295852169
400.0,6.242,65.814,6.402,6.201,4878.939,4.105566728393416,4.113683800723163,4.113683800723163,4.105566728393416,12.330840669974773,12.363186996925943,12.363186996925943,12.330840669974773,1.6715169418170053,1.664880992390124,1.664880992390124,1.6715169418170053,1.873006237165072,1.8948451653596683,1.8948451653596683,1.873006237165072,1.4105472664142158
400.0,6.242,73.023,3.486,3.135,1644.509,4.153452696850454,4.161698676968757,4.161698676968757,4.153452696850454,12.572159423866138,12.603472346405114,12.603472346405114,12.572159423866138,1.6886216332739068,1.682248369779079,1.682248369779079,1.6886216332739068,1.907042262232264,1.9274159368555064,1.9274159368555064,1.907042262232264,4.20583258892447
400.0,6.244,24.319,4.126,4.795,4220.844,4.065087758056763,4.072784142482416,4.072784142482416,4.065087758056763,12.077849356786537,12.116388901243848,12.116388901243848,12.077849356786537,1.65287070216052,1.638385311501818,1.638385311501818,1.65287070216052,1.82071530747842,1.8697151191286645,1.8697151191286645,1.82071530747842,1.6153988132280537
400.0,6.324,39.296,4.788,5.783,788.74,4.203906388803141,4.2121129589340125,4.2121129589340125,4.203906388803141,12.782975692980116,12.816687900191164,12.816687900191164,12.782975692980116,1.702587889844618,1.6922941044187791,1.6922941044187791,1.702587889844618,1.927152006963377,1.960638447519604,1.960638447519604,1.927152006963377,8.781789044103123
400.0,6.327,37.75,5.378,6.11,1354.92,4.140922654341602,4.149019798070931,4.149019798070931,4.140922654341602,12.474152230086924,12.507657112119704,12.507657112119704,12.474152230086924,1.6809549498443015,1.670419857448178,1.670419857448178,1.6809549498443015,1.884031922057797,1.91831202299296,1.91831202299296,1.884031922057797,5.081584732700882
400.0,6.327,81.647,3.425,5.36,1786.257,4.162433214879721,4.170655772308345,4.170655772308345,4.162433214879721,12.631050685729551,12.661981126945738,12.661981126945738,12.631050685729551,1.6934065550375483,1.6875360560692465,1.6875360560692465,1.6934065550375483,1.9171420405405435,1.9359084977430727,1.9359084977430727,1.9171420405405435,3.8805351421756624
400.0,6.344,71.396,5.771,2.672,4155.085,4.109438292690179,4.117588796906654,4.117588796906654,4.109438292690179,12.35270450687932,12.3843857997412,12.3843857997412,12.35270450687932,1.6731574965546518,1.6668321972859992,1.6668321972859992,1.6731574965546518,1.876720486925789,1.8972748798434471,1.8972748798434471,1.876720486925789,1.6571062356182789
400.0,6.363,47.592,4.406,2.551,3202.569,4.094226870482798,4.102306777148537,4.102306777148537,4.094226870482798,12.24748766178759,12.280573401837538,12.280573401837538,12.24748766178759,1.664821632557708,1.6562278263060648,1.6562278263060648,1.664821632557708,1.856389110299836,1.88460609367934,1.88460609367934,1.856389110299836,2.1408229597889705
400.0,6.37,17.373,3.882,5.706,2461.219,4.0810509683593965,4.0891115471268,4.0891115471268,4.0810509683593965,12.158823704308157,12.199618577847447,12.199618577847447,12.158823704308157,1.6596451349687156,1.6403195415086538,1.6403195415086538,1.6596451349687156,1.8236895736055607,1.8878400267677684,1.8878400267677684,1.8236895736055607,2.773755309219608
400.0,6.372,38.863,4.395,5.465,1226.259,4.150516583743562,4.158585097994427,4.158585097994427,4.150516583743562,12.521825184972062,12.556030412283372,12.556030412283372,12.521825184972062,1.6842345342254943,1.6740533487678513,1.6740533487678513,1.6842345342254943,1.8911032413902344,1.9246258700018029,1.9246258700018029,1.8911032413902344,5.620272430768674
400.0,6.387,40.841,2.994,3.894,3323.942,4.089274954165645,4.097261886893368,4.097261886893368,4.089274954165645,12.216819866410573,12.250895643131882,12.250895643131882,12.216819866410573,1.662625888945837,1.6530087037226762,1.6530087037226762,1.662625888945837,1.849955778560328,1.8818857348067275,1.8818857348067275,1.849955778560328,2.060455608614266
400.0,6.402,19.003,2.862,3.765,2454.854,4.079413712523098,4.087319551374397,4.087319551374397,4.079413712523098,12.14853374052216,12.188567092836234,12.188567092836234,12.14853374052216,1.658426422376426,1.64046697517282,1.64046697517282,1.658426422376426,1.8243181568911349,1.884231187779372,1.884231187779372,1.8243181568911349,2.7800941859089097
400.0,6.455,41.721,4.976,3.174,2342.29,4.104281966530744,4.1122853710796266,4.1122853710796266,4.104281966530744,12.29291099247043,12.327123081092855,12.327123081092855,12.29291099247043,1.6679224356473958,1.658472800206555,1.658472800206555,1.6679224356473958,1.8606928212026417,1.8921113883891707,1.8921113883891707,1.8606928212026417,2.9286783878634246
400.0,6.459,91.276,5.176,4.122,447.862,4.36920845939253,4.377662414885864,4.377662414885864,4.369208459389238,13.624416399241747,13.656674649827613,13.656674649827613,13.624416400200875,1.761304771126298,1.755704405047058,1.755704405047058,1.761304771126298,2.0562249127633603,2.074153372765637,2.074153372765637,2.0562249127633603,15.738823385185087
400.0,6.472,73.886,5.566,3.762,1838.277,4.151460316493687,4.159654971037504,4.159654971037504,4.151460316493687,12.566908553356368,12.598520343328898,12.598520343328898,12.566908553356368,1.68839394386886,1.6821663614855609,1.6821663614855609,1.68839394386886,1.9068739899921896,1.927029236704784,1.927029236704784,1.9068739899921896,3.762958768228153
400.0,6.517,30.875,6.374,5.315,1383.055,4.133338908542914,4.141297550392793,4.141297550392793,4.133338908542914,12.43039335996962,12.465473858490588,12.465473858490588,12.43039335996962,1.6779061176767145,1.665603593580488,1.665603593580488,1.6779061176767145,1.874361413876464,1.9148526931170995,1.9148526931170995,1.874361413876464,4.970550348223116
400.0,6.534,42.14,6.282,5.675,3115.016,4.098705429675972,4.106656300587253,4.106656300587253,4.098705429675972,12.270284642296414,12.304989702406946,12.304989702406946,12.270284642296414,1.6664866504931468,1.657217922234386,1.657217922234386,1.6664866504931468,1.8582582873099145,1.8893656062484756,1.8893656062484756,1.8582582873099145,2.2019920774534865
400.0,6.547,64.812,5.273,2.628,4066.318,4.106303130209025,4.114410656340295,4.114410656340295,4.106303130209025,12.331338236417968,12.36374517902992,12.36374517902992,12.331338236417968,1.6713415009200716,1.6646177229785235,1.6646177229785235,1.6713415009200716,1.8726654754757337,1.8947704209209384,1.8947704209209384,1.8726654754757337,1.6916583398584086
400.0,6.578,93.212,4.356,3.9,2430.478,4.157048456462312,4.165144164483948,4.165144164483948,4.157048456462312,12.619379565849057,12.650445231079916,12.650445231079916,12.619379565849057,1.693129464367905,1.6878760689110506,1.6878760689110506,1.693129464367905,1.917467468387389,1.9344587768812136,1.9344587768812136,1.917467468387389,2.8537571697115087
400.0,6.581,52.532,4.731,2.822,1210.212,4.162776306247029,4.1710239894089565,4.1710239894089565,4.162776306247029,12.596273171126828,12.628431614945002,12.628431614945002,12.596273171126828,1.6896422749860645,1.6814685784277643,1.6814685784277643,1.6896422749860645,1.9059716309464452,1.932302394075172,1.932302394075172,1.9059716309464452,5.7080606462291
400.0,6.598,82.945,3.074,3.396,530.946,4.319576986096399,4.328024710566419,4.328024710566419,4.319576986096399,13.383533383565233,13.415126069183028,13.415126069183028,13.383533383565233,1.7449784306243088,1.7389715964765071,1.7389715964765071,1.7449784306243088,2.0213990647368085,2.040490197961459,2.040490197961459,2.0213990647368085,13.22067861157964
400.0,6.599,29.249,4.494,4.547,1572.153,4.121121537405753,4.129099602732603,4.129099602732603,4.121121537405753,12.368816592332918,12.403376427453397,12.403376427453397,12.368816592332918,1.673594852920803,1.6606162031628924,1.6606162031628924,1.673594852920803,1.8647084129514695,1.9070626852769437,1.9070626852769437,1.8647084129514695,4.366192087520129
400.0,6.676,53.524,4.985,4.57,510.241,4.302502497511389,4.310987154162728,4.310987154162728,4.3025024975107575,13.272608834884888,13.305242333859876,13.305242333859876,13.27260883489244,1.7363973433388864,1.728085078311764,1.728085078311764,1.7363973433388864,1.9999265051109976,2.0264861004546515,2.0264861004546515,1.9999265051109976,13.703310663089926
400.0,6.684,98.476,4.542,5.447,4387.349,4.145514677863974,4.15358280923892,4.15358280923892,4.145514677863974,12.57358700151727,12.603881530900734,12.603881530900734,12.57358700151727,1.6903820293039638,1.685284676756766,1.685284676756766,1.6903820293039638,1.9122508407218477,1.9285430791666824,1.9285430791666824,1.9122508407218477,1.5805941708776376
400.0,6.717,95.752,2.995,3.116,540.852,4.329646820284055,4.338013386440877,4.338013386440877,4.329646820284055,13.44620873077217,13.477505040868236,13.477505040868236,13.44620873077217,1.7498684310954409,1.7444287476825082,1.7444287476825082,1.7498684310954409,2.0322565455405774,2.0494797716409696,2.0494797716409696,2.0322565455405774,13.003829335094569
400.0,6.734,83.016,6.347,4.831,4685.044,4.127948426057135,4.136048971098408,4.136048971098408,4.127948426056206,12.467701743580111,12.498853765814344,12.498853765814344,12.46770174087194,1.682017035761049,1.676359031415208,1.676359031415208,1.682017035761049,1.895309273155517,1.913672630132027,1.913672630132027,1.895309273155517,1.47509035112264
400.0,6.766,17.855,5.824,5.988,2286.104,4.091364391877398,4.0994045572568805,4.0994045572568805,4.091364391877398,12.216343212437828,12.255792685162048,12.255792685162048,12.216343212437828,1.6639379097411418,1.6448254613779485,1.6448254613779485,1.6639379097411418,1.832637513730388,1.895650894510524,1.895650894510524,1.832637513730388,2.9905029612930965
400.0,6.791,21.022,4.735,5.469,3484.427,4.076566509604097,4.0843927195807295,4.0843927195807295,4.076566509604097,12.14329606877738,12.181664390497753,12.181664390497753,12.14329606877738,1.6580476433468672,1.6414111344958957,1.6414111344958957,1.6580476433468672,1.8267186609434365,1.8820518907825088,1.8820518907825088,1.8267186609434365,1.9594294355301187
400.0,6.801,53.198,3.922,2.957,938.254,4.194991238132756,4.203286707195368,4.203286707195368,4.194991238132756,12.756769576634456,12.788874230940175,12.788874230940175,12.756769576634456,1.7009609015450151,1.692803715248088,1.692803715248088,1.7009609015450151,1.9285083121271376,1.9546837973685989,1.9546837973685989,1.9285083121271376,7.385712825179568
400.0,6.803,75.545,4.418,4.82,2805.443,4.138089348003916,4.146284937999464,4.146284937999464,4.138089348010485,12.509407830327394,12.540047494225147,12.540047494225147,12.509407831698825,1.6846682004317126,1.678445666854854,1.678445666854854,1.6846682004317126,1.899747832545504,1.9195033657919416,1.9195033657919416,1.899747832545504,2.4638341890723354
400.0,6.838,78.458,5.029,5.521,2939.891,4.141069029078514,4.149210992321806,4.149210992321806,4.141069029078514,12.528948762537436,12.56006543335927,12.56006543335927,12.528948762537436,1.6861923443488878,1.680238329889389,1.680238329889389,1.6861923443488878,1.9031392380845025,1.9223223516998809,1.9223223516998809,1.9031392380845025,2.3528829696683324
400.0,6.851,88.072,4.16,2.637,4311.254,4.1321015976949615,4.140257560350248,4.140257560350248,4.1321015976949615,12.493183429872492,12.523010170110748,12.523010170110748,12.493183429872492,1.6839791355310314,1.678370689483908,1.678370689483908,1.6839791355310314,1.8993159546423064,1.916944304568002,1.916944304568002,1.8993159546423064,1.604034707295819
400.0,6.856,48.565,2.935,4.915,4300.294,4.097789963041,4.105815885114367,4.105815885114367,4.097789963041,12.27686348372511,12.310349779472403,12.310349779472403,12.27686348372511,1.6670986221313042,1.6587434727150177,1.6587434727150177,1.6670986221313042,1.8616069882505528,1.8893256255987332,1.8893256255987332,1.8616069882505528,1.5961582000695995
400.0,6.876,12.768,2.646,5.658,4798.5,4.059627024303727,4.068621358207638,4.068621358207638,4.059627024303727,12.05772053928512,12.103242838750392,12.103242838750392,12.05772053928512,1.6535499509935292,1.629696716123238,1.629696716123238,1.6535499509935292,1.8026609417099724,1.881250483235825,1.881250483235825,1.8026609417099724,1.4190589445920687
400.0,6.879,15.86,3.837,4.924,4880.052,4.061507942217071,4.069716525845811,4.069716525845811,4.061507942217071,12.06624276795058,12.107705362336503,12.107705362336503,12.06624276795058,1.6532790950236311,1.6325939534815035,1.6325939534815035,1.6532790950236311,1.80897548727572,1.8774823670157168,1.8774823670157168,1.80897548727572,1.3958975911188896
400.0,6.88,89.252,5.776,3.24,1533.225,4.184328977698145,4.192528967137852,4.192528967137852,4.184328977698145,12.74996058347933,12.780170417242468,12.780170417242468,12.74996058347933,1.7021522223961905,1.6965562416688418,1.6965562416688418,1.7021522223961905,1.9350448397072395,1.952658635370213,1.952658635370213,1.9350448397072395,4.533167248409404
400.0,6.895,95.444,5.888,3.333,1033.272,4.228131949307176,4.236309876698264,4.236309876698264,4.228131949307176,12.967872355397194,12.998685947796886,12.998685947796886,12.967872355397194,1.717582828377802,1.7123024462803158,1.7123024462803158,1.717582828377802,1.966156464315657,1.9830707600168969,1.9830707600168969,1.966156464315657,6.7560131273801005
400.0,6.929,11.96,4.835,5.951,4185.295,4.063557455373702,4.072863331058301,4.072863331058301,4.063557455373702,12.078542776505223,12.124906011747395,12.124906011747395,12.078542776505223,1.6554880171836426,1.6306085234342969,1.6306085234342969,1.6554880171836426,1.8040755329919833,1.8857253779672856,1.8857253779672856,1.8040755329919833,1.6277017175077153
400.0,6.97,88.365,3.457,2.738,2050.46,4.164313659891005,4.172486799211767,4.172486799211767,4.164313659891005,12.652235734459255,12.68231090278781,12.68231090278781,12.652235734459255,1.6952503891677695,1.6896377149903627,1.6896377149903627,1.6952503891677695,1.921416804900768,1.939121810004532,1.939121810004532,1.921416804900768,3.3831395183059394
400.0,6.984,94.494,6.012,5.64,4221.346,4.1473129090731415,4.155348974124227,4.155348974124227,4.1473129090731415,12.581043581309029,12.611787007827944,12.611787007827944,12.581043581309029,1.690771207997295,1.6855929755125094,1.6855929755125094,1.690771207997295,1.9130909076817353,1.9298486628284728,1.9298486628284728,1.9130909076817353,1.6426025934685178
