Vout,ronp,rons,vfp,vfs,sw_p1,sw_p2,sw_p3,sw_p4,cond_p1,cond_p2,cond_p3,cond_p4,sw_s1,sw_s2,sw_s3,sw_s4,cond_s1,cond_s2,cond_s3,cond_s4,core_t1
400.0,10.037,45.006,5.423,3.683,1.6541473873610737,1.6540870895547588,1.6540870895547588,1.6541473873610737,2.6398808766442925,2.6396080870155894,2.6396080870155894,2.6398808766442925,1.6755614862142227,1.6754552748711165,1.6754552748711165,1.6755614862142227,0.4339203377566532,0.4339345751985778,0.4339345751985778,0.4339203377566532,20.021016353065463
400.0,10.132,65.669,4.376,6.287,1.6536196855343668,1.6535575081861342,1.6535575081861342,1.6536196855343668,2.641665036998396,2.6413811132144955,2.6413811132144955,2.641665036998396,1.6780416221691397,1.67793707988177,1.67793707988177,1.6780416221691397,0.4343412790996084,0.4343512690279247,0.4343512690279247,0.4343412790996084,20.03447533450767
400.0,10.212,29.414,6.339,5.348,1.654479263133023,1.6544168813873574,1.6544168813873574,1.654479263133023,2.638831476063924,2.6385457385300297,2.6385457385300297,2.638831476063924,1.6738421423854966,1.673733554908042,1.673733554908042,1.6738421423854966,0.4336713458961435,0.4336903787192559,0.4336903787192559,0.4336713458961435,20.010856931650103
400.0,10.213,90.099,4.252,3.625,1.6530053337228134,1.6529437227492896,1.6529437227492896,1.6530053337228134,2.6437392453357806,2.643459294875707,2.643459294875707,2.6437392453357806,1.680962496009274,1.6808581170570185,1.6808581170570185,1.680962496009274,0.4348303227049581,0.4348383737276679,0.4348383737276679,0.4348303227049581,20.050395643823794
400.0,10.388,39.707,3.045,5.893,1.65417944852015,1.6541160739196807,1.6541160739196807,1.65417944852015,2.639865040090311,2.6395730508848487,2.6395730508848487,2.639865040090311,1.6751519902941023,1.675046960269266,1.675046960269266,1.6751519902941023,0.4339185979363151,0.4339311968900466,0.4339311968900466,0.4339185979363151,20.017555003727967
400.0,10.412,75.818,3.543,4.485,1.6532948762065929,1.6532335957407387,1.6532335957407387,1.6532948762065929,2.642807314365487,2.642529281915581,2.642529281915581,2.642807314365487,1.6794040490506548,1.679299520593589,1.679299520593589,1.6794040490506548,0.4346133207168224,0.4346224765346296,0.4346224765346296,0.4346133207168224,20.041081407076124
400.0,10.498,64.617,3.492,3.368,1.6535419759905272,1.6534810687417114,1.6534810687417114,1.6535419759905272,2.6419967749639306,2.641720906318568,2.641720906318568,2.6419967749639306,1.678140649016309,1.6780355053684826,1.6780355053684826,1.678140649016309,0.4344233057708691,0.4344341626941488,0.4344341626941488,0.4344233057708691,20.03378007363464
400.0,10.504,81.028,6.301,5.673,1.6531433405740743,1.653082074390207,1.653082074390207,1.6531433405740743,2.643335368509843,2.643057506142508,2.643057506142508,2.643335368509843,1.6800720651792285,1.6799675107074457,1.6799675107074457,1.6800720651792285,0.4347383256750651,0.4347471382226349,0.4347471382226349,0.4347383256750651,20.044474783105155
400.0,10.643,14.753,4.644,2.845,1.6547181690706707,1.6546519792178458,1.6546519792178458,1.6547181690706707,2.6381559657478517,2.637846523114283,2.637846523114283,2.6381559657478517,1.6726332865053222,1.6725102159566554,1.6725102159566554,1.6726332865053222,0.4335023472499859,0.4335444456034713,0.4335444456034713,0.4335023472499859,20.001300243026343
400.0,10.647,75.505,3.654,5.803,1.653237198820655,1.6531755110485564,1.6531755110485564,1.653237198820655,2.6430531492657328,2.642772615264539,2.642772615264539,2.6430531492657328,1.6795096717069466,1.6794050670184455,1.6794050670184455,1.6795096717069466,0.4346729804025666,0.434682214296285,0.434682214296285,0.4346729804025666,20.040870934938464
400.0,10.722,22.223,5.456,5.023,1.6545117213342684,1.6544489640813935,1.6544489640813935,1.6545117213342684,2.638835919592684,2.6385476741555967,2.6385476741555967,2.638835919592684,1.6733089461450037,1.6731965134899622,1.6731965134899622,1.6733089461450037,0.4336739413451154,0.4336992251339054,0.4336992251339054,0.4336739413451154,20.00616137562996
400.0,10.762,31.67,3.386,5.959,1.6542698044525397,1.654207686456344,1.654207686456344,1.6542698044525397,2.639639767306166,2.639356035610701,2.639356035610701,2.639639767306166,1.6744370645149178,1.6743291761067125,1.6743291761067125,1.6744370645149178,0.4338678398369853,0.4338852919151123,0.4338852919151123,0.4338678398369853,20.01231139997412
400.0,10.888,34.876,3.395,4.688,1.6541567012219185,1.6540939611382526,1.6540939611382526,1.6541567012219185,2.6400443007626904,2.6397566013731817,2.6397566013731817,2.6400443007626904,1.6748879292558052,1.6747814211591483,1.6747814211591483,1.6748879292558052,0.4339649046935919,0.4339799417901501,0.4339799417901501,0.4339649046935919,20.014396095760087
400.0,11.126,52.601,4.677,3.746,1.6536583869410462,1.653596973665384,1.653596973665384,1.6536583869410462,2.641745183884556,2.6414664215572934,2.6414664215572934,2.641745183884556,1.6771097425197976,1.677004386010627,1.677004386010627,1.6771097425197976,0.4343695451435566,0.4343813464991426,0.4343813464991426,0.4343695451435566,20.025934357476253
400.0,11.128,82.18,6.323,2.866,1.6529417555945582,1.6528799519671316,1.6528799519671316,1.6529417555945582,2.6441505476713307,2.6438691607346203,2.6438691607346203,2.6441505476713307,1.6805870005881378,1.6804824949807449,1.6804824949807449,1.6805870005881378,0.4349353813224439,0.434943889065829,0.434943889065829,0.4349353813224439,20.045209029261628
400.0,11.154,11.448,5.917,4.139,1.654653386941488,1.6545912307940267,1.6545912307940267,1.654653386941488,2.6384590677320574,2.6381754182965302,2.6381754182965302,2.6384590677320574,1.6727201270119183,1.6725707869791957,1.6725707869791957,1.6727201270119183,0.4335609534342991,0.43364455301677,0.43364455301677,0.4335609534342991,19.999134948651307
400.0,11.247,44.385,3.317,6.136,1.6538242365734908,1.653762696831523,1.653762696831523,1.6538242365734908,2.6412192862366157,2.6409393814768043,2.6409393814768043,2.6412192862366157,1.676218806715636,1.6761131269725178,1.6761131269725178,1.676218806715636,0.4342465159200031,0.4342594237242584,0.4342594237242584,0.4342465159200031,20.020579172350946
400.0,11.346,67.24,3.055,5.671,1.6532426845172403,1.653180092284759,1.653180092284759,1.6532426845172403,2.643189158772589,2.6429030836450798,2.6429030836450798,2.643189158772589,1.678961859031155,1.6788578100232558,1.6788578100232558,1.678961859031155,0.4347113857851542,0.4347199964368471,0.4347199964368471,0.4347113857851542,20.035466258093106
400.0,11.356,70.879,2.847,2.637,1.6531516133468205,1.6530894041508963,1.6530894041508963,1.6531516133468205,2.6434951240610878,2.643211756156598,2.643211756156598,2.6434951240610878,1.6793959115184764,1.679291741427054,1.679291741427054,1.6793959115184764,0.434783643406275,0.434792153429531,0.434792153429531,0.434783643406275,20.03783745183172
400.0,11.483,34.906,5.993,5.03,1.653988471884159,1.65392683995988,1.65392683995988,1.653988471884159,2.6407241682746045,2.640443701937932,2.640443701937932,2.6407241682746045,1.675251085276499,1.6751433641736897,1.6751433641736897,1.675251085276499,0.4341305252332758,0.4341472689426814,0.4341472689426814,0.4341305252332758,20.0143998439908
400.0,11.504,12.535,2.66,5.528,1.6545305071498866,1.6544634920626855,1.6544634920626855,1.6545305071498866,2.6389617783184622,2.6386470716106905,2.6386470716106905,2.6389617783184622,1.6730035135398054,1.6728643934596226,1.6728643934596226,1.6730035135398054,0.4336871865088971,0.4337544009788922,0.4337544009788922,0.4336871865088971,19.999833790325088
400.0,11.584,38.877,3.149,5.874,1.6538639079157094,1.6538017226928163,1.6538017226928163,1.6538639079157094,2.6411622753668675,2.640878113136767,2.640878113136767,2.6411622753668675,1.6757766797623308,1.6756706703716275,1.6756706703716275,1.6757766797623308,0.434235560896608,0.4342492375771162,0.4342492375771162,0.434235560896608,20.016983499590054
400.0,11.608,43.095,3.842,5.718,1.653755114343874,1.6536921991238551,1.6536921991238551,1.653755114343874,2.64153335700166,2.6412449136413354,2.6412449136413354,2.64153335700166,1.6762854664362492,1.6761803453150828,1.6761803453150828,1.6762854664362492,0.4343233118584826,0.4343352342256723,0.4343352342256723,0.4343233118584826,20.019729683359326
400.0,11.669,22.727,4.451,4.4,1.6542332606007657,1.6541705988564506,1.6541705988564506,1.6542332606007657,2.639957454482269,2.6396704216750555,2.6396704216750555,2.639957454482269,1.6739381918094247,1.6738259294333282,1.6738259294333282,1.6739381918094247,0.4339474710689492,0.4339720162707111,0.4339720162707111,0.4339474710689492,20.0064646919238
400.0,11.688,35.089,3.877,3.418,1.653926090784105,1.653865587809929,1.653865587809929,1.653926090784105,2.640969578743784,2.640696332670339,2.640696332670339,2.640969578743784,1.6753959370127167,1.6752882939976292,1.6752882939976292,1.6753959370127167,0.4341911953692719,0.4342076601761695,0.4342076601761695,0.4341911953692719,20.014513015771144
400.0,11.823,63.122,5.176,3.187,1.6532085277101063,1.6531471721399211,1.6531471721399211,1.6532085277101063,2.643399840434524,2.6431215748479056,2.6431215748479056,2.643399840434524,1.6787675872068122,1.6786626093472206,1.6786626093472206,1.6787675872068122,0.4347656421523644,0.4347758260587774,0.4347758260587774,0.4347656421523644,20.032770013239308
400.0,11.945,87.594,3.743,4.616,1.6525838744011463,1.6525221293411652,1.6525221293411652,1.6525838744011463,2.645534594760218,2.645254455124204,2.645254455124204,2.645534594760218,1.6817215587944807,1.6816164259949704,1.6816164259949704,1.6817215587944807,0.435267816329725,0.4352765645494108,0.4352765645494108,0.435267816329725,20.048715561504235
400.0,11.992,53.584,3.8,5.743,1.6533929549116642,1.6533306204243317,1.6533306204243317,1.6533929549116642,2.6428218938068557,2.642537395776793,2.642537395776793,2.6428218938068557,1.6777487871672216,1.6776439289454157,1.6776439289454157,1.6777487871672216,0.4346307532731009,0.4346413464262462,0.4346413464262462,0.4346307532731009,20.02655173322675
400.0,12.072,19.057,6.434,3.172,1.654210007312639,1.6541465144655558,1.6541465144655558,1.654210007312639,2.6401243844018927,2.639832415093807,2.639832415093807,2.6401243844018927,1.67379739782771,1.6736799678790857,1.6736799678790857,1.67379739782771,0.4339861041613565,0.4340187102028364,0.4340187102028364,0.4339861041613565,20.00406425864727
400.0,12.169,32.808,3.594,5.301,1.6538475393481131,1.6537853413228352,1.6537853413228352,1.6538475393481131,2.641341926473636,2.6410580031615214,2.6410580031615214,2.641341926473636,1.6754188797286824,1.6753112563923391,1.6753112563923391,1.6754188797286824,0.4342821519473829,0.4342985467084484,0.4342985467084484,0.4342821519473829,20.01301498001885
400.0,12.202,43.328,6.381,4.465,1.6535830124807915,1.653520443685116,1.653520443685116,1.6535830124807915,2.6422323605044893,2.641946298615354,2.641946298615354,2.6422323605044893,1.6766719634510874,1.6765664220123084,1.6765664220123084,1.6766719634510874,0.4344933819150553,0.4345057036159716,0.4345057036159716,0.4344933819150553,20.019865368863385
400.0,12.449,45.901,3.968,6.116,1.653451285348592,1.6533890568081029,1.6533890568081029,1.653451285348592,2.6427236331031208,2.642439932210316,2.642439932210316,2.6427236331031208,1.6771235674433065,1.6770179453022749,1.6770179453022749,1.6771235674433065,0.4346114667519739,0.4346236706959052,0.4346236706959052,0.4346114667519739,20.02153469041
400.0,12.454,13.796,3.136,5.37,1.6542328076189312,1.654166034581194,1.654166034581194,1.6542328076189312,2.640146505998878,2.6398339966186577,2.6398339966186577,2.640146505998878,1.673658379835286,1.6735338744348027,1.6735338744348027,1.673658379835286,0.433987262837018,0.4340306059486143,0.4340306059486143,0.433987262837018,20.000629420521143
400.0,12.493,68.954,4.977,5.707,1.652881179338738,1.652819130448692,1.652819130448692,1.652881179338738,2.6446478747132907,2.6443656667029125,2.6443656667029125,2.6446478747132907,1.6798597356360303,1.6797547190787825,1.6797547190787825,1.6798597356360303,0.435064742724588,0.4350743268941414,0.4350743268941414,0.435064742724588,20.036552513816268
400.0,12.518,98.173,4.583,4.118,1.652170381217786,1.6521086424888156,1.6521086424888156,1.652170381217786,2.6470619925403844,2.6467826274776463,2.6467826274776463,2.6470619925403844,1.6833178500229635,1.6832123107623664,1.6832123107623664,1.6833178500229635,0.4356313570568685,0.4356398753161417,0.4356398753161417,0.4356313570568685,20.05559685428316
400.0,12.574,73.334,2.656,3.092,1.6527524016674748,1.6526914698578965,1.6526914698578965,1.6527524016674748,2.645095204595605,2.644819886722192,2.644819886722192,2.645095204595605,1.680424707037916,1.6803190817837643,1.6803190817837643,1.680424707037916,0.4351708055644618,0.4351810988270317,0.4351810988270317,0.4351708055644618,20.03940432339427
400.0,12.689,11.924,4.019,6.024,1.6542103603259406,1.6541477313343775,1.6541477313343775,1.6542103603259406,2.640251014605512,2.63996466576766,2.63996466576766,2.640251014605512,1.6736776551547214,1.6735328064872543,1.6735328064872543,1.6736776551547214,0.434001047908015,0.4340767813260171,0.4340767813260171,0.434001047908015,19.999404471686805
400.0,12.929,64.101,4.72,4.971,1.6528768557193705,1.6528149498812583,1.6528149498812583,1.6528768557193705,2.6447550014080194,2.6444739229459104,2.6444739229459104,2.6447550014080194,1.6795534965564214,1.6794481788726725,1.6794481788726725,1.6795534965564214,0.4350939499198476,0.4351041466147049,0.4351041466147049,0.4350939499198476,20.03337824904522
400.0,13.005,69.774,3.426,2.802,1.6527185696806628,1.6526569803424491,1.6526569803424491,1.6527185696806628,2.6453045165621485,2.645025656041037,2.645025656041037,2.6453045165621485,1.6802674586640447,1.680161997935457,1.680161997935457,1.6802674586640447,0.4352238414625251,0.4352338385368378,0.4352338385368378,0.4352238414625251,20.03707240663845
400.0,13.123,51.325,6.113,3.6,1.653130897436628,1.6530699771717023,1.6530699771717023,1.653130897436628,2.643936236824453,2.643661209437188,2.643661209437188,2.643936236824453,1.6781692042409682,1.6780633896731596,1.6780633896731596,1.6781692042409682,0.43490376843115,0.4349156115013675,0.4349156115013675,0.43490376843115,20.025049215315615
400.0,13.149,98.96,3.446,2.965,1.6519762743978608,1.651915126861509,1.651915126861509,1.6519762743978608,2.647856667956574,2.6475812357560806,2.6475812357560806,2.647856667956574,1.6837960511268788,1.6836898746105438,1.6836898746105438,1.6837960511268788,0.4358236099177761,0.435832878628043,0.435832878628043,0.4358236099177761,20.05609296439097
400.0,13.187,25.552,4.666,5.432,1.6537385998234513,1.6536761752510325,1.6536761752510325,1.6537385998234513,2.641922788580331,2.6416381137149854,2.6416381137149854,2.641922788580331,1.675183911662894,1.6750729266906796,1.6750729266906796,1.675183911662894,0.4344258286654312,0.4344475467302719,0.4344475467302719,0.4344258286654312,20.008262839654197
400.0,13.368,88.819,5.647,5.839,1.652159191996561,1.6520973073474827,1.6520973073474827,1.652159191996561,2.6472828644101263,2.6470023753368457,2.6470023753368457,2.6472828644101263,1.6827329313521118,1.682627587114686,1.682627587114686,1.6827329313521118,0.4356913135260012,0.4356997901121464,0.4356997901121464,0.4356913135260012,20.04947560533876
400.0,13.51,53.125,5.129,5.439,1.6529799475093956,1.6529176579354694,1.6529176579354694,1.6529799475093956,2.6445335413805884,2.6442497488199495,2.6442497488199495,2.6445335413805884,1.67861578761885,1.6785095878736431,1.6785095878736431,1.67861578761885,0.4350464119365733,0.4350586440826385,0.4350586440826385,0.4350464119365733,20.02621193075008
400.0,13.515,83.668,5.824,3.724,1.6522423474889312,1.6521799875715335,1.6521799875715335,1.6522423474889312,2.6470334866834864,2.6467497993107894,2.6467497993107894,2.6470334866834864,1.6822152514885609,1.6821097794974185,1.6821097794974185,1.6822152514885609,0.4356337418702457,0.4356427388525544,0.4356427388525544,0.4356337418702457,20.04611405943545
400.0,13.538,66.458,3.795,5.27,1.6526503008230071,1.6525880866162783,1.6525880866162783,1.6526503008230071,2.6456525548931764,2.645369636852984,2.645369636852984,2.6456525548931764,1.6802013880837356,1.6800956620179957,1.6800956620179957,1.6802013880837356,0.4353099130619516,0.4353204185763549,0.4353204185763549,0.4353099130619516,20.034897305238765
400.0,13.596,83.456,4.814,2.832,1.652224848309453,1.652162719048872,1.652162719048872,1.652224848309453,2.6471092911377414,2.646827063650282,2.646827063650282,2.6471092911377414,1.6822394328459995,1.6821342430073083,1.6821342430073083,1.6822394328459995,0.435652697061365,0.4356612207793328,0.4356612207793328,0.435652697061365,20.04597374872117
400.0,13.608,71.668,6.256,5.985,1.6525051646980762,1.6524432096206247,1.6524432096206247,1.6525051646980762,2.6461580359251733,2.64587694312152,2.64587694312152,2.6461580359251733,1.6808572310809238,1.680751941587724,1.680751941587724,1.6808572310809238,0.4354297617186206,0.4354391802821371,0.4354391802821371,0.4354297617186206,20.03829034358137
400.0,13.847,25.396,2.935,5.885,1.6535578847712,1.653494472029629,1.653494472029629,1.6535578847712,2.642671293519109,2.642380242424613,2.642380242424613,2.642671293519109,1.6755639038340513,1.675453392909127,1.675453392909127,1.6755639038340513,0.4346077723441154,0.4346285313373443,0.4346285313373443,0.4346077723441154,20.008143972424968
400.0,13.894,56.455,2.908,3.291,1.6527923784578489,1.6527303657057637,1.6527303657057637,1.6527923784578489,2.6452469023469507,2.6449654787725088,2.6449654787725088,2.6452469023469507,1.6792402419548964,1.679134271217951,1.679134271217951,1.6792402419548964,0.4352180743261269,0.4352294753386943,0.4352294753386943,0.4352180743261269,20.028370839947975
400.0,13.92,43.165,6.073,3.45,1.6531060705851044,1.6530444837418052,1.6530444837418052,1.6531060705851044,2.6441926905913498,2.643913326852276,2.643913326852276,2.6441926905913498,1.6776929931505973,1.677586757512593,1.677586757512593,1.6776929931505973,0.4349707443583191,0.4349835881675359,0.4349835881675359,0.4349707443583191,20.01971327205628
400.0,14.011,27.978,5.671,3.684,1.6534478492144418,1.6533878654908865,1.6533878654908865,1.6534478492144418,2.6430576304828977,2.642788385754676,2.642788385754676,2.6430576304828977,1.675966116721708,1.6758547330055795,1.6758547330055795,1.675966116721708,0.4347019856766564,0.434723967068677,0.434723967068677,0.4347019856766564,20.009820386196623
400.0,14.06,23.014,5.416,4.611,1.6535549161319467,1.6534942187456128,1.6534942187456128,1.6535549161319467,2.642713516411649,2.642439730813244,2.642439730813244,2.642713516411649,1.6754142113324888,1.675300031262068,1.675300031262068,1.6754142113324888,0.4346188660667847,0.4346454590172265,0.4346454590172265,0.4346188660667847,20.00658725411383
400.0,14.154,86.552,2.747,6.479,1.6519952389461552,1.6519338528663037,1.6519338528663037,1.6519952389461552,2.6480080578907343,2.647730987953218,2.647730987953218,2.6480080578907343,1.6829451844557213,1.6828392127315646,1.6828392127315646,1.6829451844557213,0.4358687131539409,0.4358780508307913,0.4358780508307913,0.4358687131539409,20.047976215189266
400.0,14.34,82.21,3.315,5.821,1.652048401174084,1.6519862407901134,1.6519862407901134,1.6520484011742105,2.647869543833599,2.647587596708374,2.647587596708374,2.647869542621996,1.6825456533006724,1.6824401261819044,1.6824401261819044,1.6825456533006724,0.4358378133314185,0.4358466618118754,0.4358466618118754,0.4358378133314185,20.04514087330017
400.0,14.597,49.635,3.029,5.609,1.65276057122678,1.65269919951736,1.65269919951736,1.65276057122678,2.645500774268112,2.645223324747382,2.645223324747382,2.645500774268112,1.6788647344503458,1.6787579971291235,1.6787579971291235,1.6788647344503458,0.4352842289888707,0.4352971255176689,0.4352971255176689,0.4352842289888707,20.023908683780775
400.0,14.632,29.935,4.626,4.718,1.6532278427874167,1.653165139647914,1.653165139647914,1.6532278427874167,2.64394026196067,2.643654288195828,2.643654288195828,2.64394026196067,1.6765710122396142,1.67646107566271,1.67646107566271,1.6765710122396142,0.434914552256865,0.4349338242436454,0.4349338242436454,0.434914552256865,20.011077892714894
400.0,14.72,81.261,4.011,4.364,1.6519661411152533,1.651902877701584,1.651902877701584,1.6519661411152533,2.6482372463471435,2.6479487389666003,2.6479487389666003,2.6482372463471435,1.6826655472522043,1.6825604653057955,1.6825604653057955,1.6826655472522043,0.4359272475821846,0.4359352179256615,0.4359352179256615,0.4359272475821846,20.044512002567423
400.0,14.775,51.035,2.752,4.686,1.6526774457936186,1.6526155624171988,1.6526155624171988,1.6526774457928994,2.6458224599051814,2.645541598838963,2.645541598838963,2.6458224599005145,1.6791373311695268,1.6790307761227268,1.6790307761227268,1.6791373311695268,0.4353611620261833,0.435373609122745,0.435373609122745,0.4353611620261833,20.024815478685028
400.0,14.813,65.929,4.068,4.834,1.6523085671974074,1.6522460204068687,1.6522460204068687,1.6523085671974074,2.6470857258455256,2.646801286041668,2.646801286041668,2.6470857258455256,1.6809138196678666,1.680808351586834,1.680808351586834,1.6809138196678666,0.4356583371050786,0.435667962235471,0.435667962235471,0.4356583371050786,20.03451770070442
400.0,15.022,34.219,6.114,3.347,1.6530148193636047,1.6529530321068704,1.6529530321068704,1.6530148193636047,2.6447353134805685,2.644454995923632,2.644454995923632,2.6447353134805685,1.677309617405873,1.677201102190824,1.677201102190824,1.677309617405873,0.4351067694343148,0.4351234310255008,0.4351234310255008,0.4351067694343148,20.013857405556976
400.0,15.035,60.577,3.859,3.715,1.652375067773854,1.6523133193385626,1.6523133193385626,1.652375067773854,2.6469027653944845,2.64662300986088,2.64662300986088,2.6469027653944845,1.6804186026885088,1.680312637101932,1.680312637101932,1.6804186026885088,0.4356177031784833,0.4356284336801242,0.4356284336801242,0.4356177031784833,20.031024566526487
400.0,15.065,34.247,3.24,2.982,1.653002279059056,1.6529397335896927,1.6529397335896927,1.653002279059056,2.644790456814841,2.6445056355651326,2.6445056355651326,2.644790456814841,1.6773393699874264,1.6772310521482654,1.6772310521482654,1.6773393699874264,0.4351197988334965,0.4351360663046575,0.4351360663046575,0.4351197988334965,20.013874487228847
400.0,15.076,50.699,5.466,5.717,1.652602299286732,1.652539402111319,1.652539402111319,1.652602299286732,2.6461460351574875,2.6458591926749797,2.6458591926749797,2.6461460351574875,1.6792799773073903,1.6791742425628062,1.6791742425628062,1.6792799773073903,0.4354399263759632,0.4354509128391386,0.4354509128391386,0.4354399263759632,20.02458879640465
400.0,15.133,68.217,5.392,2.81,1.6521639969677038,1.652102458406297,1.652102458406297,1.6521639969677038,2.64764135601978,2.647363353541361,2.647363353541361,2.64764135601978,1.68137858319949,1.6812728898380116,1.6812728898380116,1.68137858319949,0.4357922532495223,0.4358019442596566,0.4358019442596566,0.4357922532495223,20.036000343985847
400.0,15.173,16.664,5.828,5.002,1.6533992420325447,1.6533343896687158,1.6533343896687158,1.6533992420325447,2.643491367734444,2.6431914437738206,2.6431914437738206,2.643491367734444,1.6755048463830786,1.6753834164339216,1.6753834164339216,1.6755048463830786,0.4348038470650576,0.434841388586769,0.434841388586769,0.4348038470650576,20.002423436244563
400.0,15.249,57.778,3.646,4.119,1.6523832508423786,1.652320542639838,1.652320542639838,1.6523832508423786,2.6469251506126024,2.646639401656711,2.646639401656711,2.6469251506126024,1.680218832038865,1.6801136184479015,1.6801136184479015,1.680218832038865,0.4356249176910615,0.4356345416133242,0.4356345416133242,0.4356249176910615,20.02919561859235
400.0,15.273,41.442,6.277,3.998,1.652770007228983,1.65270826000707,1.65270826000707,1.652770007228983,2.6456146239055944,2.645334900719563,2.645334900719563,2.6456146239055944,1.6783111968859652,1.6782035465695735,1.6782035465695735,1.6783111968859652,0.4353164082098131,0.435331048326047,0.435331048326047,0.4353164082098131,20.018554248526108
400.0,15.304,42.157,3.938,4.838,1.6527446165246906,1.6526820936920728,1.6526820936920728,1.6527446165246906,2.6457107638130006,2.6454262269084454,2.6454262269084454,2.6457107638130006,1.6784136960633114,1.67830632542671,1.67830632542671,1.6784136960633114,0.4353389003457439,0.4353530589545752,0.4353530589545752,0.4353389003457439,20.019019022345752
400.0,15.42,90.474,2.505,2.545,1.6515506422182953,1.65148881746176,1.65148881746176,1.6515506422182953,2.649804077498671,2.6495246370712926,2.6495246370712926,2.649804077498671,1.6841810992766495,1.684075045962817,1.684075045962817,1.6841810992766495,0.4363011688556728,0.4363099530673324,0.4363099530673324,0.4363011688556728,20.05049812018079
400.0,15.46,32.574,5.884,3.445,1.6529323309887631,1.652870236184101,1.652870236184101,1.6529323309887631,2.6451080474320174,2.64482610736024,2.64482610736024,2.6451080474320174,1.677381741040742,1.6772729509612625,1.6772729509612625,1.677381741040742,0.4351980984261888,0.435215065861305,0.435215065861305,0.4351980984261888,20.01277414759952
400.0,15.577,81.68,2.83,6.137,1.651717893887322,1.6516558996671278,1.6516558996671278,1.651717893887322,2.6492640257303885,2.6489836059580782,2.6489836059580782,2.6492640257303885,1.6832379415478629,1.6831321224235878,1.6831321224235878,1.6832379415478629,0.4361763238046464,0.4361851636167689,0.4361851636167689,0.4361763238046464,20.04476134208015
400.0,15.695,37.962,6.262,4.56,1.652736605178201,1.6526741407578185,1.6526741407578185,1.652736605178201,2.64582080484116,2.6455365320577475,2.6455365320577475,2.64582080484116,1.6781576358240495,1.6780499997326408,1.6780499997326408,1.6781576358240495,0.435368280610437,0.4353830155744727,0.4353830155744727,0.435368280610437,20.01627655049099
400.0,15.773,22.573,2.698,5.828,1.6530864930780371,1.6530245933350587,1.6530245933350587,1.6530864930780371,2.644654129114546,2.6443731817021123,2.6443731817021123,2.644654129114546,1.6763979275481466,1.67628385456317,1.67628385456317,1.6763979275481466,0.4350905555492069,0.4351162739120586,0.4351162739120586,0.4350905555492069,20.006253787987127
400.0,15.79,18.821,4.54,6.313,1.6531722702341112,1.6531111777084415,1.6531111777084415,1.6531722702341112,2.644365269616724,2.6440895897467023,2.6440895897467023,2.644365269616724,1.6760317161838207,1.675911299795796,1.675911299795796,1.6760317161838207,0.4350185844371655,0.4350544184757219,0.4350544184757219,0.4350185844371655,20.003810850879496
400.0,15.815,85.044,5.19,4.167,1.651571610194167,1.6515090226690348,1.6515090226690348,1.651571610194167,2.649820121707052,2.64953589079939,2.64953589079939,2.649820121707052,1.6837808106946597,1.683674853186397,1.683674853186397,1.6837808106946597,0.4363082367619851,0.4363170405067722,0.4363170405067722,0.4363082367619851,20.04694773273977
400.0,15.938,47.429,4.479,5.587,1.6524406409255905,1.6523779744063267,1.6523779744063267,1.6524406409255905,2.646876409689026,2.6465913150636906,2.6465913150636906,2.646876409689026,1.679419194867396,1.679312279697733,1.679312279697733,1.679419194867396,0.4356187815778658,0.435631570526503,0.435631570526503,0.4356187815778658,20.022435103561072
400.0,16.235,25.535,4.199,5.598,1.6528858510092834,1.6528238468176966,1.6528238468176966,1.6528858510092834,2.6454290013672894,2.6451476464062305,2.6451476464062305,2.6454290013672894,1.677025099590352,1.676912561774203,1.676912561774203,1.677025099590352,0.4352780012103245,0.4353010206406536,0.4353010206406536,0.4352780012103245,20.008169969663676
400.0,16.46,21.237,3.312,4.146,1.6529262687988866,1.6528654606615614,1.6528654606615614,1.6529262687988866,2.6453345519399267,2.645060530058995,2.645060530058995,2.6453345519399267,1.6766573853751685,1.6765409171662384,1.6765409171662384,1.6766573853751685,0.4352558023842874,0.4352851216053523,0.4352851216053523,0.4352558023842874,20.0053651849813
400.0,16.504,22.595,5.359,2.541,1.6528817802407898,1.6528198049224707,1.6528198049224707,1.6528817802407898,2.645499435527776,2.6452187291507268,2.6452187291507268,2.645499435527776,1.6768429088762329,1.6767282867321147,1.6767282867321147,1.6768429088762329,0.4352955861768769,0.4353218740912111,0.4353218740912111,0.4352955861768769,20.00624831224244
400.0,16.557,49.72,6.24,3.397,1.652213412686632,1.652150174931431,1.652150174931431,1.652213412686632,2.647783656692863,2.6474954674560385,2.6474954674560385,2.647783656692863,1.6800650444929417,1.6799587132564853,1.6799587132564853,1.6800650444929417,0.4358375441762537,0.4358489626877574,0.4358489626877574,0.4358375441762537,20.023910417012488
400.0,16.575,57.439,3.128,5.072,1.6520225662319692,1.6519599549645163,1.6519599549645163,1.6520225662319692,2.6484356366002006,2.6481510905483687,2.6481510905483687,2.6484356366002006,1.6809861305228353,1.680879534578422,1.680879534578422,1.6809861305228353,0.4359906971998313,0.436002110561545,0.436002110561545,0.4359906971998313,20.028938622187567
400.0,16.683,82.834,3.122,4.737,1.6513838511833157,1.651321856630342,1.651321856630342,1.6513838511833157,2.6506482764948327,2.650368343174775,2.650368343174775,2.6506482764948327,1.6840501461286228,1.683943754373982,1.683943754373982,1.6840501461286228,0.436510561077715,0.4365198521577654,0.4365198521577654,0.436510561077715,20.04548331892316
400.0,16.819,32.787,4.292,2.684,1.6525472445989344,1.6524859938076435,1.6524859938076435,1.6525472445989344,2.646694155089232,2.646418078968608,2.646418078968608,2.646694155089232,1.678231039121594,1.6781213839101246,1.6781213839101246,1.678231039121594,0.4355833547195497,0.4356011832202919,0.4356011832202919,0.4355833547195497,20.01287574918341
400.0,16.887,48.005,4.954,3.51,1.6521620750317605,1.6521003283625613,1.6521003283625613,1.6521620750317605,2.648021322199123,2.6477425759687128,2.6477425759687128,2.648021322199123,1.680064006077086,1.6799567046042072,1.6799567046042072,1.680064006077086,0.4358967453617854,0.4359097136576362,0.4359097136576362,0.4358967453617854,20.022784548171632
400.0,17.085,59.698,4.845,3.321,1.6518265982496738,1.6517641489404595,1.6517641489404595,1.6518265982496738,2.649213492101376,2.6489303899761345,2.6489303899761345,2.649213492101376,1.6815630681397,1.6814564393881066,1.6814564393881066,1.6815630681397,0.4361779838599635,0.4361890426752309,0.4361890426752309,0.4361779838599635,20.030395878832863
400.0,17.092,41.409,3.697,2.555,1.6522640775114208,1.6522015210149277,1.6522015210149277,1.6522640775114208,2.6477211984304807,2.6474369492423526,2.6474369492423526,2.6477211984304807,1.6794116078230106,1.6793035630082027,1.6793035630082027,1.6794116078230106,0.435827088003618,0.4358416813989326,0.4358416813989326,0.435827088003618,20.01848305624686
400.0,17.129,73.692,2.59,3.201,1.651478852948006,1.6514169677377493,1.6514169677377493,1.651478852948006,2.650415248243112,2.650136184190619,2.650136184190619,2.650415248243112,1.6832424060590438,1.6831360218269895,1.6831360218269895,1.6832424060590438,0.4364604335421684,0.4364700970485085,0.4364700970485085,0.4364604335421684,20.039513173505185
400.0,17.149,81.696,2.996,6.169,1.6512825278120562,1.6512195273905472,1.6512195273905472,1.6512825278120562,2.651102174640276,2.65081611265065,2.65081611265065,2.651102174640276,1.6842004990505297,1.68409431022389,1.68409431022389,1.6842004990505297,0.4366206720454224,0.4366295290935882,0.4366295290935882,0.4366206720454224,20.044728289138835
400.0,17.16,50.419,3.671,6.462,1.6520292508514227,1.6519655509226354,1.6519655509226354,1.6520292508514227,2.6485417225272294,2.648250969133484,2.648250969133484,2.6485417225272294,1.6805137149713354,1.680407492239488,1.680407492239488,1.6805137149713354,0.4360207717669041,0.4360317659364635,0.4360317659364635,0.4360207717669041,20.024349535573084
400.0,17.306,34.058,5.524,4.367,1.6523813570439678,1.652319029487911,1.652319029487911,1.6523813570439678,2.6473662147906287,2.6470838683155,2.6470838683155,2.6473662147906287,1.6786762406401738,1.6785667934977095,1.6785667934977095,1.6786762406401738,0.4357450406703479,0.4357622166707455,0.4357622166707455,0.4357450406703479,20.013690643608676
400.0,17.577,61.668,5.532,5.851,1.6516426407929667,1.6515806639136683,1.6515806639136683,1.6516426407929667,2.649946862969589,2.649667172590933,2.649667172590933,2.649946862969589,1.6820952166080885,1.6819888731936503,1.6819888731936503,1.6820952166080885,0.4363550618421169,0.4363653162197791,0.4363653162197791,0.4363550618421169,20.031666001838065
400.0,17.605,22.631,3.056,6.159,1.652573573469316,1.6525108753557207,1.6525108753557207,1.652573573469316,2.646778942436669,2.646493735537059,2.646493735537059,2.646778942436669,1.6775145000207727,1.6773996488572438,1.6773996488572438,1.6775145000207727,0.4356056716372354,0.4356318918798741,0.4356318918798741,0.4356056716372354,20.006242189882453
400.0,17.646,49.512,4.106,3.096,1.6519147713233509,1.6518528621665922,1.6518528621665922,1.6519147713233509,2.6490279327456654,2.6487482370165627,2.6487482370165627,2.6490279327456654,1.6807036233786703,1.6805960684550492,1.6805960684550492,1.6807036233786703,0.4361395496785751,0.4361525769510036,0.4361525769510036,0.4361395496785751,20.023744851720704
400.0,17.986,83.905,6.355,3.94,1.6509980052379267,1.6509355569210893,1.6509355569215227,1.6509980052379267,2.6522619358518567,2.651979636534755,2.6519796606716417,2.6522619358518567,1.6849740908207644,1.6848675302109943,1.6848675302109943,1.6849740908207644,0.4369000766846606,0.4369090628448164,0.4369090628448164,0.4369000766846606,20.04614513019675
400.0,18.012,83.148,3.473,5.089,1.6510089827465233,1.6509460690433524,1.6509460690433524,1.6510089827465233,2.6522314142829155,2.6519457829339066,2.6519457829339066,2.6522314142829155,1.6849001900796683,1.6847942274133008,1.6847942274133008,1.6849001900796683,0.4368932728887939,0.4369014171289963,0.4369014171289963,0.4368932728887939,20.045650726953493
400.0,18.049,52.843,3.672,3.265,1.6517228297524542,1.651661248405637,1.651661248405637,1.6517228297524542,2.6497694621465384,2.649491824496653,2.649491824496653,2.6497694621465384,1.6813415129614764,1.6812344758441145,1.6812344758441145,1.6813415129614764,0.4363177090863712,0.4363295741593974,0.4363295741593974,0.4363177090863712,20.02590373171916
400.0,18.051,73.46,3.398,4.988,1.6512292920648228,1.6511667588681496,1.6511667588681496,1.6512292920648228,2.6514748443757754,2.651191818190488,2.651191818190488,2.6514748443757754,1.6837782724683372,1.6836716904939422,1.6836716904939422,1.6837782724683372,0.4367165736907402,0.4367262516602695,0.4367262516602695,0.4367165736907402,20.039335814875507
400.0,18.058,54.626,4.253,2.955,1.6516782617485497,1.651615376061046,1.651615376061046,1.6516782617485497,2.6499308294086075,2.6496455319716734,2.6496455319716734,2.6499308294086075,1.6815573837812947,1.681450645515684,1.681450645515684,1.6815573837812947,0.4363549640486827,0.4363661167927152,0.4363661167927152,0.4363549640486827,20.02706518900357
400.0,18.254,18.566,3.27,5.423,1.6524897616752292,1.6524285700866936,1.6524285700866936,1.6524897616752292,2.6471929952445485,2.646917928976018,2.646917928976018,2.6471929952445485,1.6775099959152808,1.6773886256415471,1.6773886256415471,1.6775099959152808,0.4357052067274576,0.4357414802154632,0.4357414802154632,0.4357052067274576,20.00357795793549
400.0,18.257,90.63,5.059,3.689,1.6507625509659858,1.650700333619198,1.650700333619198,1.6507625509659858,2.653137172266192,2.6528566265605886,2.6528566265605886,2.653137172266192,1.6859371071860196,1.6858303524794105,1.6858303524794105,1.6859371071860196,0.4371072587837393,0.4371160480473189,0.4371160480473189,0.4371072587837393,20.050520969068828
400.0,18.321,82.78,4.915,3.051,1.6509323253093051,1.6508695898503274,1.6508695898503274,1.6509323253093051,2.652562266545301,2.6522783456137757,2.6522783456137757,2.652562266545301,1.6850460644832148,1.684939550478654,1.684939550478654,1.6850460644832148,0.436973344301161,0.4369822020690812,0.4369822020690812,0.436973344301161,20.045402438004583
400.0,18.388,98.133,3.226,5.101,1.6505480850103742,1.6504857445191972,1.6504857445191972,1.6505480850103742,2.653912797850277,2.6536316465714864,2.6536316465714864,2.653912797850277,1.6869063277137517,1.686799334612264,1.686799334612264,1.6869063277137517,0.4372894440032844,0.4372980959353562,0.4372980959353562,0.4372894440032844,20.05540867370514
400.0,18.432,25.923,2.954,3.207,1.6522637219789715,1.6522007736292204,1.6522007736292204,1.6522637219789715,2.6480075470597724,2.647721419387861,2.647721419387861,2.6480075470597724,1.6784028451822626,1.678289668715869,1.678289668715869,1.6784028451822626,0.4359028546435516,0.4359259624412396,0.4359259624412396,0.4359028546435516,20.00836254556711
400.0,18.583,16.543,4.479,5.034,1.652447789617389,1.6523842306951806,1.6523842306951806,1.652447789617389,2.647416399760748,2.6471265365002936,2.6471265365002936,2.647416399760748,1.6775661311005243,1.6774441181328037,1.6774441181328037,1.6775661311005243,0.435758685375276,0.435795707794592,0.435795707794592,0.435758685375276,20.002252194756096
400.0,18.64,96.362,5.265,3.785,1.6505208034741587,1.650457803093501,1.650457803093501,1.6505208034741587,2.654064596030296,2.653779149677953,2.653779149677953,2.654064596030296,1.686851251596006,1.6867446039614435,1.6867446039614435,1.686851251596006,0.437327116040078,0.4373352568729535,0.4373352568729535,0.437327116040078,20.054246914599
400.0,18.652,71.408,2.805,4.494,1.6511118051707612,1.6510495478223344,1.6510495478223344,1.6511118051707612,2.652007482040894,2.651726453644015,2.651726453644015,2.652007482040894,1.6839030875447554,1.683796431538308,1.683796431538308,1.6839030875447554,0.4368470689671309,0.436856783480058,0.436856783480058,0.4368470689671309,20.03798217835866
400.0,18.667,39.718,5.441,2.806,1.6518665038786626,1.6518039407174625,1.6518039407174625,1.6518665038786626,2.649411971220013,2.6491286751314878,2.6491286751314878,2.649411971220013,1.6801696232112304,1.6800610960550195,1.6800610960550195,1.6801696232112304,0.4362381132728849,0.4362529193611779,0.4362529193611779,0.4362381132728849,20.01733847762702
400.0,18.667,68.891,5.584,3.008,1.651167688143724,1.6511053741350616,1.6511053741350616,1.651167688143724,2.6518171855526425,2.6515359775009895,2.6515359775009895,2.6518171855526425,1.683614902529342,1.6835078864669182,1.6835078864669182,1.683614902529342,0.4368024599707776,0.436812854377341,0.436812854377341,0.4368024599707776,20.03634199041492
400.0,18.697,51.583,5.911,5.847,1.6515740078616452,1.6515105533203025,1.6515105533203025,1.6515740078616452,2.650427481045489,2.6501386739380166,2.6501386739380166,2.650427481045489,1.6815878280320813,1.6814808809583957,1.6814808809583957,1.6815878280320813,0.4364767302562112,0.436488239363001,0.436488239363001,0.4364767302562112,20.02506564038425
400.0,18.852,58.185,2.556,4.265,1.6513727873118642,1.6513096009976784,1.6513096009976784,1.6513727873118642,2.651152153037882,2.6508653983788357,2.6508653983788357,2.651152153037882,1.6824622056555436,1.6823554495308497,1.6823554495308497,1.6824622056555436,0.4366482142421997,0.4366588595010298,0.4366588595010298,0.4366482142421997,20.02936170446067
400.0,18.956,68.905,4.142,4.662,1.65108710150792,1.6510253059572686,1.6510253059572686,1.65108710150792,2.652155594485258,2.6518775665482024,2.6518775665482024,2.652155594485258,1.6837933645439267,1.683686352785255,1.683686352785255,1.6837933645439267,0.4368846669828483,0.4368949980871925,0.4368949980871925,0.4368846669828483,20.036342983955095
400.0,18.971,26.28,4.943,4.39,1.6521048588569232,1.6520421064424702,1.6520421064424702,1.6521048588569232,2.648662600180044,2.6483776168989723,2.6483776168989723,2.648662600180044,1.678771668397756,1.678659401828609,1.678659401828609,1.678771668397756,0.4360623785741489,0.4360837810602799,0.4360837810602799,0.4360623785741489,20.008580169773072
400.0,19.019,26.18,4.093,2.754,1.6520937958619544,1.652030878876829,1.652030878876829,1.6520937958619544,2.6487109788044485,2.6484254898784,2.6484254898784,2.6487109788044485,1.6787900988337476,1.6786763973391483,1.6786763973391483,1.6787900988337476,0.436073007018163,0.4360966599188477,0.4360966599188477,0.436073007018163,20.008513642365248
400.0,19.039,57.735,6.453,3.722,1.6513310352447923,1.6512690042755849,1.6512690042755849,1.6513310352447923,2.65133004398348,2.6510500919849216,2.6510500919849216,2.65133004398348,1.6825234715682085,1.682416230672575,1.682416230672575,1.6825234715682085,0.436692008429646,0.4367034658144162,0.4367034658144162,0.436692008429646,20.029063459015376
400.0,19.236,14.784,3.416,6.427,1.6523070001479674,1.65224544572741,1.65224544572741,1.6523070001479674,2.6480235099470417,2.647746820896447,2.647746820896447,2.6480235099470417,1.677843840019404,1.677709396612494,1.677709396612494,1.677843840019404,0.4358989981927868,0.4359555148764508,0.4359555148764508,0.4358989981927868,20.00108920530185
400.0,19.265,11.134,4.115,4.401,1.6523885680867394,1.652323641654136,1.652323641654136,1.6523885680867394,2.6477687361995845,2.6474705651806887,2.6474705651806887,2.6477687361995845,1.677609808294836,1.6774576076094625,1.6774576076094625,1.677609808294836,0.4358232627796199,0.4359076085046187,0.4359076085046187,0.4358232627796199,19.99871310073796
400.0,19.399,43.409,2.526,3.384,1.6515740049678993,1.6515120366557567,1.6515120366557567,1.6515740049678993,2.6505684794809494,2.650289341968082,2.650289341968082,2.6505684794809494,1.6810516699180822,1.6809428031304894,1.6809428031304894,1.6810516699180822,0.4365160746471239,0.4365309687295986,0.4365309687295986,0.4365160746471239,20.01972210831627
400.0,19.61,71.04,4.998,4.243,1.6508551380958405,1.6507933763416196,1.6507933763416196,1.6508551380958405,2.65309852149094,2.6528204348167135,2.6528204348167135,2.65309852149094,1.684446118778444,1.6843389701625309,1.6843389701625309,1.684446118778444,0.4371112459745472,0.4371214716259861,0.4371214716259861,0.4371112459745472,20.03771600631731
400.0,19.636,95.72,5.495,6.482,1.65026174072805,1.650198549076,1.650198549076,1.65026174072805,2.6551832933430872,2.654897036019945,2.654897036019945,2.6551832933430872,1.6873867399147509,1.6872798850927015,1.6872798850927015,1.6873867399147509,0.437597607412863,0.4376057497003956,0.4376057497003956,0.437597607412863,20.05380010405247
400.0,19.678,29.774,3.54,2.876,1.651823975049552,1.6517612377718514,1.6517612377718514,1.651823975049552,2.649772159570333,2.6494878607022354,2.6494878607022354,2.649772159570333,1.6796130561430047,1.6795016017968876,1.6795016017968876,1.6796130561430047,0.436329749431438,0.4363494393059586,0.4363494393059586,0.436329749431438,20.01083587181297
400.0,19.737,79.015,5.66,6.431,1.6506303383574492,1.6505682509384254,1.6505682509384254,1.6506303383574492,2.65390989095522,2.6536306954299094,2.6536306954299094,2.65390989095522,1.6854685086557104,1.6853610095081444,1.6853610095081444,1.6854685086557104,0.4373016446777625,0.4373117483673368,0.4373117483673368,0.4373016446777625,20.042909110831744
400.0,19.815,69.596,5.562,4.148,1.6508338981880877,1.650770082013994,1.650770082013994,1.6508338981880877,2.653225734757548,2.6529349605901493,2.6529349605901493,2.653225734757548,1.6844002497092156,1.6842938600102413,1.6842938600102413,1.6844002497092156,0.4371420604268107,0.4371510856239211,0.4371510856239211,0.4371420604268107,20.036769262830568
400.0,19.817,61.953,2.621,3.842,1.6510141010135633,1.6509530886077324,1.6509530886077324,1.6510141010135633,2.6525863188304344,2.6523133387401,2.6523133387401,2.6525863188304344,1.683498047894294,1.6833900725553408,1.6833900725553408,1.683498047894294,0.4369935036902423,0.4370055152125295,0.4370055152125295,0.4369935036902423,20.03178974804852
400.0,19.839,77.026,4.349,5.84,1.6506498076863707,1.6505873760394636,1.6505873760394636,1.6506498076863707,2.6538649225820574,2.653583584904108,2.653583584904108,2.6538649225820574,1.6852949811219735,1.6851876220872646,1.6851876220872646,1.6852949811219735,0.4372919812288949,0.4373019627547915,0.4373019627547915,0.4372919812288949,20.041610155188565
400.0,19.908,63.358,4.884,5.719,1.6509562382456031,1.65089359345371,1.65089359345371,1.6509562382456031,2.6528142722622468,2.6525311378387197,2.6525311378387197,2.6528142722622468,1.6837194920862693,1.6836121832222768,1.6836121832222768,1.6837194920862693,0.4370470085526302,0.437057833399281,0.437057833399281,0.4370470085526302,20.032702329557843
400.0,19.911,15.454,3.89,5.628,1.6521040751921463,1.65203966504903,1.65203966504903,1.6521040751921463,2.648871373700939,2.6485766762162544,2.6485766762162544,2.648871373700939,1.6782980400529688,1.6781719952922864,1.6781719952922864,1.6782980400529688,0.4361087573655514,0.436151548783515,0.436151548783515,0.4361087573655514,20.001506824746105
400.0,20.052,64.165,5.795,2.883,1.6508971322019317,1.6508347414081443,1.6508347414081443,1.6508971322019317,2.653048839897975,2.6527674196845643,2.6527674196845643,2.653048839897975,1.6839028238640148,1.6837956065747242,1.6837956065747242,1.6839028238640148,0.4371034723968969,0.437114043958689,0.437114043958689,0.4371034723968969,20.03322436218308
400.0,20.11,18.161,2.979,3.773,1.6519823487949217,1.6519200309231037,1.6519200309231037,1.6519823487949217,2.6493194804824447,2.6490377627139186,2.6490377627139186,2.6493194804824447,1.678610320529207,1.6784894542912854,1.6784894542912854,1.678610320529207,0.4362210465236673,0.4362557198171244,0.4362557198171244,0.4362210465236673,20.003263481898568
400.0,20.118,43.599,2.964,4.924,1.6513699407891922,1.651307837919729,1.651307837919729,1.6513699407891922,2.651423792975488,2.6511437844219,2.6511437844219,2.651423792975488,1.6815121298961069,1.6814031903979072,1.6814031903979072,1.6815121298961069,0.4367229492339372,0.4367376557055826,0.4367376557055826,0.4367229492339372,20.019826275845105
400.0,20.139,95.507,4.497,3.582,1.650128167245693,1.6500652933504052,1.6500652933504052,1.6501281672454813,2.655757627486345,2.6554737591065884,2.6554737591065884,2.655757627484916,1.6876708734425632,1.687563760570027,1.687563760570027,1.6876708734425632,0.437736535707022,0.4377448623345029,0.4377448623345029,0.437736535707022,20.05364761281205
400.0,20.306,18.435,4.524,3.243,1.65192120358315,1.651858631095136,1.651858631095136,1.65192120358315,2.6495707265578408,2.6492878009272456,2.6492878009272456,2.6495707265578408,1.678749915517696,1.6786279308556935,1.6786279308556935,1.678749915517696,0.4362807485711836,0.4363171428133507,0.4363171428133507,0.4362807485711836,20.00343642262101
400.0,20.335,89.304,4.46,5.218,1.6502209049538543,1.6501587687160002,1.6501587687160002,1.6502209049538543,2.6554691411566567,2.6551898779320187,2.6551898779320187,2.6554691411566567,1.687055340045336,1.6869477585718102,1.6869477585718102,1.687055340045336,0.4376712937784425,0.4376807268854727,0.4376807268854727,0.4376712937784425,20.04959842296034
400.0,20.346,21.762,5.926,6.042,1.6518311215369257,1.651766673817792,1.651766673817792,1.6518311215369257,2.64989723109608,2.649602190462769,2.649602190462769,2.64989723109608,1.6790754736206277,1.6789608800048192,1.6789608800048192,1.6790754736206277,0.4363618606131863,0.4363865234799659,0.4363865234799659,0.4363618606131863,20.00560131662651
400.0,20.399,71.398,4.438,5.842,1.6506293317936316,1.6505660587559736,1.6505660587559736,1.6506293317936316,2.654058824998344,2.6537723373488564,2.6537723373488564,2.654058824998344,1.6849716377086117,1.6848644466705427,1.6848644466705427,1.6849716377086117,0.4373422136372406,0.4373520629330784,0.4373520629330784,0.4373422136372406,20.037927322149223
400.0,20.439,50.44,3.869,3.442,1.6511179108013398,1.651054827177842,1.651054827177842,1.6511179108013398,2.6523680537621375,2.652082152344544,2.652082152344544,2.6523680537621375,1.6825160509610977,1.6824080346817678,1.6824080346817678,1.6825160509610977,0.4369468895982221,0.4369595173857505,0.4369595173857505,0.4369468895982221,20.02427253893263
400.0,20.501,80.646,5.598,5.449,1.6503806376750931,1.6503183743497345,1.6503183743497345,1.6503806376750931,2.654944649039554,2.654664445230269,2.654664445230269,2.654944649039554,1.686130455274617,1.6860231387406992,1.6860231387406992,1.686130455274617,0.4375506291715783,0.4375601011435253,0.4375601011435253,0.4375506291715783,20.04395094555216
400.0,20.563,88.095,5.5,2.71,1.6501869345292397,1.6501241996405676,1.6501241996405676,1.6501869345292397,2.65563948547378,2.655356083071463,2.655356083071463,2.65563948547378,1.6870518452690706,1.686944798313846,1.686944798313846,1.6870518452690706,0.4377131812777014,0.4377217894029273,0.4377217894029273,0.4377131812777014,20.048803610254712
400.0,20.691,68.958,2.726,2.601,1.650607029363653,1.6505431108435904,1.6505431108435904,1.650607029363653,2.654201438615186,2.6539103146437735,2.6539103146437735,2.654201438615186,1.6848611662711193,1.6847544372202552,1.6847544372202552,1.6848611662711193,0.4373781102969869,0.4373873879428085,0.4373873879428085,0.4373781102969869,20.03632924960819
400.0,20.773,30.134,5.676,6.392,1.6515106333233396,1.6514483493554293,1.6514483493554293,1.6515106333233396,2.6510773121706475,2.650796313087291,2.650796313087291,2.6510773121706475,1.680321724242564,1.6802100599337064,1.6802100599337064,1.680321724242564,0.4366459700884569,0.4366655484652494,0.4366655484652494,0.4366459700884569,20.01103972507744
400.0,20.846,89.535,4.571,2.728,1.6500749057313648,1.6500120031335708,1.6500120031335708,1.6500749057313648,2.656093500536916,2.655809680321867,2.655809680321867,2.656093500536916,1.687396880736984,1.6872895052441903,1.6872895052441903,1.687396880736984,0.4378215639152831,0.4378304299763777,0.4378304299763777,0.4378215639152831,20.049734513705392
400.0,21.018,71.45,3.015,3.934,1.6504567307176563,1.6503942671321228,1.6503942671321228,1.6504567307176563,2.654788331817704,2.654506932707468,2.654506932707468,2.654788331817704,1.6853570728483858,1.685249816715942,1.685249816715942,1.6853570728483858,0.4375190328007273,0.4375287925137096,0.4375287925137096,0.4375190328007273,20.037943575049432
400.0,21.315,16.948,4.514,5.102,1.65167552353151,1.651614086952119,1.651614086952119,1.65167552353151,2.6506203095832026,2.650344978958897,2.650344978958897,2.6506203095832026,1.6792597054178375,1.6791347927704563,1.6791347927704563,1.6792597054178375,0.4365348454621258,0.4365753268427951,0.4365753268427951,0.4365348454621258,20.002440823056848
400.0,21.366,99.731,5.322,4.954,1.649690402594133,1.649628199693972,1.649628199693972,1.649690402594133,2.657556548193283,2.657277717150304,2.657277717150304,2.657556548193283,1.688928088074646,1.6888196105332334,1.6888196105332334,1.688928088074646,0.4381673702140891,0.4381771386210552,0.4381771386210552,0.4381673702140891,20.05636635148648
400.0,21.433,36.195,4.375,5.291,1.6511822281489177,1.651120024129466,1.651120024129466,1.6511822281489177,2.6523498710606175,2.65206961330487,2.65206961330487,2.6523498710606175,1.6814394915952082,1.6813291029124524,1.6813291029124524,1.6814394915952082,0.4369510096537156,0.4369679780340671,0.4369679780340671,0.4369510096537156,20.014967944827347
400.0,21.482,61.044,4.269,3.971,1.6505762179693124,1.6505130938756354,1.6505130938756354,1.6505762179693124,2.6544716491682614,2.654186100143303,2.654186100143303,2.6544716491682614,1.6844086718830011,1.6843013967860607,1.6843013967860607,1.6844086718830011,0.4374490829493041,0.4374593960469745,0.4374593960469745,0.4374490829493041,20.031150650381317
400.0,21.551,40.814,5.027,3.101,1.6510387130936748,1.6509771697174105,1.6509771697174105,1.6510387130936748,2.652868907382585,2.652592738589961,2.652592738589961,2.652868907382585,1.682057531783396,1.6819476482136502,1.6819476482136502,1.682057531783396,0.437074319144096,0.4370902032661546,0.4370902032661546,0.437074319144096,20.017972127902464
400.0,21.601,70.619,5.174,2.993,1.6503159563462575,1.6502526473881178,1.6502526473881178,1.6503159563462575,2.655408756255024,2.6551222017151703,2.6551222017151703,2.655408756255024,1.6856163272682565,1.685508854814785,1.685508854814785,1.6856163272682565,0.4376686861189694,0.4376786187414465,0.4376786187414465,0.4376686861189694,20.03738583666456
400.0,21.644,79.079,4.653,5.307,1.6501031243008553,1.650040159697176,1.650040159697176,1.6501031243008553,2.6561630775312013,2.6558789220105505,2.6558789220105505,2.6561630775312013,1.686646185650253,1.6865386784833118,1.6865386784833118,1.686646185650253,0.4378453424667149,0.4378547773380582,0.4378547773380582,0.4378453424667149,20.042897836052383
400.0,21.665,73.109,4.277,6.27,1.6502394885329592,1.6501753851112098,1.6501753851112098,1.6502394885329592,2.6556942331165967,2.6554031103076223,2.6554031103076223,2.6556942331165967,1.6859508287764071,1.6858438214998566,1.6858438214998566,1.6859508287764071,0.4377357648719129,0.4377447341529184,0.4377447341529184,0.4377357648719129,20.03900676198848
400.0,21.702,41.567,4.303,2.888,1.650979748696604,1.650916605115307,1.650916605115307,1.650979748696604,2.6531132033636324,2.6528273496153614,2.6528273496153614,2.6531132033636324,1.6822386002502108,1.6821290283310033,1.6821290283310033,1.6822386002502108,0.437131982951013,0.4371472140626511,0.4371472140626511,0.437131982951013,20.018458929502543
400.0,21.714,56.51,3.341,5.672,1.6506202398362635,1.6505567563021133,1.6505567563021133,1.6506202398362635,2.6543686911397475,2.654080928808888,2.654080928808888,2.6543686911397475,1.6840138216525196,1.6839061763030987,1.6839061763030987,1.6840138216525196,0.437426709088154,0.4374378446328742,0.4374378446328742,0.437426709088154,20.028190878892893
400.0,21.73,36.466,5.99,4.355,1.651093501389174,1.6510308095799462,1.6510308095799462,1.651093501389174,2.652722188112848,2.6524390735279373,2.6524390735279373,2.652722188112848,1.681653100883988,1.6815424186755534,1.6815424186755534,1.681653100883988,0.4370403144811143,0.4370576604204664,0.4370576604204664,0.4370403144811143,20.015136430135744
400.0,21.973,55.177,5.523,5.588,1.6505799858778236,1.6505171546470057,1.6505171546470057,1.6505799858778236,2.654560839451437,2.654277257743761,2.654277257743761,2.654560839451437,1.6840145929982773,1.6839070394957607,1.6839070394957607,1.6840145929982773,0.4374746286096514,0.437485607455568,0.437485607455568,0.4374746286096514,20.02731525076884
400.0,21.986,87.89,5.564,4.853,1.649800424368994,1.6497372145093372,1.6497372145093372,1.649800424368994,2.657303155609609,2.65701810876028,2.65701810876028,2.657303155609609,1.6879023702942515,1.6877948903251856,1.6877948903251856,1.6879023702942515,0.438114403130285,0.438123074113908,0.438123074113908,0.438114403130285,20.0486296361676
400.0,22.016,90.905,3.8,3.646,1.649720669734276,1.6496575940918723,1.6496575940918723,1.649720669734276,2.657591039853193,2.6573063788813363,2.6573063788813363,2.657591039853193,1.6882792704297327,1.6881718632018887,1.6881718632018887,1.6882792704297327,0.4381818531558863,0.4381902807122277,0.4381902807122277,0.4381818531558863,20.050594505279825
400.0,22.13,56.552,4.25,5.576,1.6505037304662948,1.650440984391396,1.650440984391396,1.6505037304662948,2.6548593133535,2.654576304470211,2.654576304470211,2.6548593133535,1.6842738699173163,1.6841657231077465,1.6841657231077465,1.6842738699173163,0.437545447718638,0.4375572389786697,0.4375572389786697,0.437545447718638,20.028206407631934
400.0,22.132,15.129,6.342,2.791,1.65149202605713,1.6514302996149894,1.6514302996149894,1.65149202605713,2.6514248099933777,2.6511477417944858,2.6511477417944858,2.6514248099933777,1.6796304355672955,1.6794999053322288,1.6794999053322288,1.6796304355672955,0.4367263982021496,0.4367754192835339,0.4367754192835339,0.4367263982021496,20.00123471918096
400.0,22.243,10.853,4.434,4.358,1.6515656765236963,1.6514998064169777,1.6514998064169777,1.6515656765236963,2.6512150665489584,2.6509121726507887,2.6509121726507887,2.6512150665489584,1.6794045924469765,1.6792492345876786,1.6792492345876786,1.6794045924469765,0.4366560258489635,0.4367440682294989,0.4367440682294989,0.4366560258489635,19.99844797319842
400.0,22.283,41.497,4.486,2.989,1.6508199808698223,1.6507576501135102,1.6507576501135102,1.6508199808698223,2.653786248594305,2.653505639400957,2.653505639400957,2.653786248594305,1.6825851470237905,1.6824754953282433,1.6824754953282433,1.6825851470237905,0.4372953980449134,0.4373105420159654,0.4373105420159654,0.4372953980449134,20.018397229054745
400.0,22.421,76.735,5.978,6.235,1.6499444869199975,1.6498817072382823,1.6498817072382823,1.6499444869199975,2.65688464719494,2.656601752872084,2.656601752872084,2.65688464719494,1.686845525308299,1.6867377305474427,1.6867377305474427,1.686845525308299,0.4380210050317708,0.4380308009599733,0.4380308009599733,0.4380210050317708,20.041347618569866
400.0,22.46,39.703,3.226,4.689,1.650813900333064,1.650751256616214,1.650751256616214,1.650813900333064,2.653846120608052,2.6535635996386526,2.6535635996386526,2.653846120608052,1.682481381549235,1.6823708362189365,1.6823708362189365,1.682481381549235,0.4373101577384686,0.437326771406281,0.437326771406281,0.4373101577384686,20.017223727790896
400.0,22.472,72.677,3.876,3.432,1.6500272966697414,1.6499633928026352,1.6499633928026352,1.6500272966697414,2.6566087085697774,2.6563191090366014,2.6563191090366014,2.6566087085697774,1.6863946827685876,1.6862872701318634,1.6862872701318634,1.6863946827685876,0.4379567403769191,0.4379660635621278,0.4379660635621278,0.4379567403769191,20.03870195652155
400.0,22.63,31.325,6.084,6.448,1.6509673121582824,1.6509034056759722,1.6509034056759722,1.6509673121582824,2.65335449029154,2.6530640931898057,2.6530640931898057,2.65335449029154,1.6815944941314862,1.68148281409349,1.68148281409349,1.6815944941314862,0.4371951665467611,0.437213999850157,0.437213999850157,0.4371951665467611,20.011763903475416
400.0,22.686,68.806,2.958,5.51,1.6500591213865945,1.6499965454697687,1.6499965454697687,1.6500591213865945,2.6565349310816586,2.6562534273988248,2.6562534273988248,2.6565349310816586,1.6860676400259844,1.6859594629595211,1.6859594629595211,1.6860676400259844,0.4379419427317878,0.4379527238990719,0.4379527238990719,0.4379419427317878,20.03617414064505
400.0,22.815,24.62,6.463,2.547,1.651075881921894,1.651012105762998,1.651012105762998,1.651075881921894,2.6530165877046223,2.6527265415182355,2.6527265415182355,2.6530165877046223,1.6809158476418655,1.6808017985550745,1.6808017985550745,1.6809158476418655,0.4371162259336703,0.4371390528586923,0.4371390528586923,0.4371162259336703,20.0073933101277
400.0,22.834,85.838,2.661,4.976,1.649615804000266,1.649552055486308,1.649552055486308,1.649615804000266,2.658137311247816,2.6578488885567517,2.6578488885567517,2.658137311247816,1.6881809134905603,1.6880731950226735,1.6880731950226735,1.6881809134905603,0.4383164287862705,0.4383253203845261,0.4383253203845261,0.4383164287862705,20.047268286541733
400.0,22.867,81.59,6.18,3.76,1.6497072836884632,1.6496438404352554,1.6496438404352554,1.6497072836884632,2.6578193841426607,2.6575327297186124,2.6575327297186124,2.6578193841426607,1.6876960286971967,1.6875882924576238,1.6875882924576238,1.6876960286971967,0.4382428314261544,0.4382519720218108,0.4382519720218108,0.4382428314261544,20.0444990712677
400.0,23.022,46.19,5.123,5.079,1.6505037316579034,1.650440711954864,1.650440711954864,1.6505037316579034,2.655048095401311,2.6547633585855364,2.6547633585855364,2.655048095401311,1.6835927419757006,1.6834837982528092,1.6834837982528092,1.6835927419757006,0.4375972620226294,0.4376107136591241,0.4376107136591241,0.4375972620226294,20.02143215510136
400.0,23.151,81.891,3.45,2.596,1.6496221669133548,1.6495583526931363,1.6495583526931363,1.6496221669133548,2.6581820727669245,2.657893026242847,2.657893026242847,2.6581820727669245,1.6879066740661317,1.6877988452267878,1.6877988452267878,1.6879066740661317,0.4383297305932583,0.4383389602526363,0.4383389602526363,0.4383297305932583,20.044687476938638
400.0,23.196,64.606,3.342,3.37,1.6500185148605575,1.6499555150277785,1.6499555150277785,1.6500185148605575,2.656787052821328,2.6565028145523826,2.6565028145523826,2.656787052821328,1.685881542661855,1.685773832703056,1.685773832703056,1.685881542661855,0.4380056765574508,0.43801585412757,0.43801585412757,0.4380056765574508,20.03342322966041
400.0,23.204,23.65,4.584,3.894,1.650990516136252,1.650928024515363,1.650928024515363,1.650990516136252,2.6533877765798013,2.6531066078230805,2.6531066078230805,2.6533877765798013,1.6810390441741971,1.68092317391695,1.68092317391695,1.6810390441741971,0.4372063399347404,0.4372318879708551,0.4372318879708551,0.4372063399347404,20.0067509912834
400.0,23.344,26.642,4.615,6.445,1.6508807491301538,1.6508174867389167,1.6508174867389167,1.6508807491301538,2.6538020828555267,2.653515886859463,2.653515886859463,2.6538020828555267,1.6814771328254678,1.6813634067544487,1.6813634067544487,1.6814771328254678,0.4373055437343449,0.4373275344006284,0.4373275344006284,0.4373055437343449,20.00869511816988
400.0,23.344,92.082,6.42,4.357,1.6493275339946647,1.649265394785953,1.649265394785953,1.6493275339946647,2.6592602476876994,2.6589823903604457,2.6589823903604457,2.6592602476876994,1.6892380477989604,1.6891293269686636,1.6891293269686636,1.6892380477989604,0.4385833378112735,0.4385931909433022,0.4385931909433022,0.4385833378112735,20.05132348108175
400.0,23.417,41.81,4.05,3.566,1.6504986261672627,1.6504359888293183,1.6504359888293183,1.6504986261672627,2.6551470872818324,2.654865049095786,2.654865049095786,2.6551470872818324,1.6833159717112738,1.6832058510437913,1.6832058510437913,1.6833159717112738,0.4376235394502596,0.4376390025711647,0.4376390025711647,0.4376235394502596,20.018568946267848
400.0,23.522,49.432,4.926,4.954,1.6502888551374917,1.6502253042115045,1.6502253042115045,1.6502888551374917,2.6559079215334784,2.655620043452008,2.655620043452008,2.6559079215334784,1.6842824859111278,1.6841738577911165,1.6841738577911165,1.6842824859111278,0.4378026384950883,0.4378151633803805,0.4378151633803805,0.4378026384950883,20.023529993880526
400.0,23.659,38.303,5.961,4.807,1.6505150588729969,1.6504527561372253,1.6504527561372253,1.6505150588729969,2.655138674413035,2.6548587180376417,2.6548587180376417,2.655138674413035,1.6830485293088997,1.682938059286162,1.682938059286162,1.6830485293088997,0.437623891375723,0.4376400164874747,0.4376400164874747,0.437623891375723,20.016278253807968
400.0,23.698,14.886,4.596,3.682,1.6510625085470296,1.651000382652969,1.651000382652969,1.6510625085470296,2.6532398877904715,2.6529611118750607,2.6529611118750607,2.6532398877904715,1.6805716786831986,1.6804373974706388,1.6804373974706388,1.6805716786831986,0.4371626826359154,0.437217098432131,0.437217098432131,0.4371626826359154,20.001032957392464
400.0,23.804,93.821,5.956,3.513,1.6491608523784762,1.649097777486472,1.649097777486472,1.6491608523784762,2.659955684340969,2.65967179455022,2.65967179455022,2.659955684340969,1.689728373225166,1.6896203015353155,1.6896203015353155,1.689728373225166,0.4387494455286372,0.4387580794575087,0.4387580794575087,0.4387494455286372,20.052444443982967
400.0,23.817,74.361,2.913,2.978,1.6496164282311716,1.649553514146073,1.649553514146073,1.6496164282311716,2.658337634498124,2.6580545667394864,2.6580545667394864,2.658337634498124,1.68742190183729,1.6873138569258856,1.6873138569258856,1.68742190183729,0.4383729719503537,0.4383827562101705,0.4383827562101705,0.4383729719503537,20.039761178635683
400.0,23.855,89.971,2.822,4.937,1.6492374205126763,1.6491746975250237,1.6491746975250237,1.6492374205126763,2.6596913090266865,2.659409505044604,2.659409505044604,2.6596913090266865,1.6893014917011626,1.6891933353080677,1.6891933353080677,1.6893014917011626,0.4386885995211524,0.4386975858033976,0.4386975858033976,0.4386885995211524,20.049933139600288
400.0,23.875,22.763,6.057,2.695,1.650825297386483,1.6507632118171192,1.6507632118171192,1.650825297386483,2.6541009145230983,2.6538223582505203,2.6538223582505203,2.6541009145230983,1.6813441190064171,1.6812269442744898,1.6812269442744898,1.6813441190064171,0.4373786771839013,0.4374060866176823,0.4374060866176823,0.4373786771839013,20.006155097586586
400.0,23.933,52.458,5.537,5.0,1.6501030220727042,1.6500402583872071,1.6500402583872071,1.6501030220727042,2.656643305669225,2.6563611140338543,2.6563611140338543,2.656643305669225,1.684893777774903,1.68478456116647,1.68478456116647,1.684893777774903,0.4379783303273495,0.437991376003479,0.437991376003479,0.4379783303273495,20.025489533644265
400.0,23.97,88.374,4.297,4.895,1.6492438516888877,1.6491806157212836,1.6491806157212836,1.6492438516888877,2.659695280861816,2.6594107201170165,2.6594107201170165,2.659695280861816,1.6891822408499424,1.6890742021557512,1.6890742021557512,1.6891822408499424,0.4386904182225204,0.4386992101510644,0.4386992101510644,0.4386904182225204,20.048888801536147
400.0,23.983,37.484,5.581,3.237,1.6504454716212278,1.650381649853626,1.650381649853626,1.6504454716212278,2.655457417715024,2.655167918990688,2.655167918990688,2.655457417715024,1.6831497391271777,1.6830398001581628,1.6830398001581628,1.6831497391271777,0.4377007213516827,0.4377159576268635,0.4377159576268635,0.4377007213516827,20.015735841270985
400.0,24.097,84.367,3.14,5.765,1.6493032871689988,1.649239968673202,1.649239968673202,1.6493032871689988,2.659510749869761,2.65922548119144,2.65922548119144,2.659510749869761,1.688784392660745,1.688676143128062,1.688676143128062,1.688784392660745,0.4386484541980086,0.4386578014403265,0.4386578014403265,0.4386484541980086,20.046274156977034
400.0,24.203,20.055,5.914,6.017,1.6507990453465853,1.650736499844115,1.650736499844115,1.6507990453465853,2.6542629353961846,2.6539815713967414,2.6539815713967414,2.6542629353961846,1.6812455062036715,1.6811233792752305,1.6811233792752305,1.6812455062036715,0.4374155961492936,0.4374506626369875,0.4374506626369875,0.4374155961492936,20.004383335518156
400.0,24.338,58.598,4.528,3.348,1.6498458115451902,1.6497830438487044,1.6497830438487044,1.6498458115451902,2.6576348156327168,2.657352586353624,2.657352586353624,2.6576348156327168,1.6858705145981097,1.6857616157776965,1.6857616157776965,1.6858705145981097,0.4382136305988634,0.4382256350891134,0.4382256350891134,0.4382136305988634,20.02947732029463
400.0,24.485,15.272,2.64,2.89,1.650835011506176,1.65077249226603,1.65077249226603,1.650835011506176,2.654196638050856,2.653915786027973,2.653915786027973,2.654196638050856,1.681081765404289,1.6809449691201952,1.6809449691201952,1.681081765404289,0.4373914901987293,0.4374497031978724,0.4374497031978724,0.4373914901987293,20.001262049638648
400.0,24.493,39.399,5.713,5.422,1.6502586245906783,1.6501954197047184,1.6501954197047184,1.6502586245906783,2.6562158923196826,2.655930657574335,2.655930657574335,2.6562158923196826,1.6836887420211533,1.683578648807317,1.683578648807317,1.6836887420211533,0.4378830184244672,0.4378981310444021,0.4378981310444021,0.4378830184244672,20.016968723324386
400.0,24.514,72.867,6.218,5.359,1.6494601966417484,1.6493969995413793,1.6493969995413793,1.6494601966417484,2.659039617014713,2.6587550253242584,2.6587550253242584,2.659039617014713,1.6876733022480546,1.687565034343558,1.687565034343558,1.6876733022480546,0.4385428648054314,0.4385527962385175,0.4385527962385175,0.4385428648054314,20.03876808605245
400.0,24.524,89.526,5.737,6.335,1.6490651351407468,1.6490011329666034,1.6490011329666034,1.6490651351407468,2.6604527720415825,2.660163696428064,2.660163696428064,2.6604527720415825,1.6896609694758329,1.6895530270507186,1.6895530270507186,1.6896609694758329,0.4388716492963512,0.438879977348899,0.438879977348899,0.4388716492963512,20.04962395456243
400.0,24.544,51.831,5.308,5.781,1.6499494589315142,1.6498865903192952,1.6498865903192952,1.6499494589315142,2.657312226759399,2.657029369751749,2.657029369751749,2.657312226759399,1.68519366658153,1.685084407185919,1.685084407185919,1.68519366658153,0.4381400951677574,0.4381530721912019,0.4381530721912019,0.4381400951677574,20.025063302316845
400.0,24.577,93.963,3.913,4.88,1.64894587095892,1.6488824359903351,1.6488824359903351,1.64894587095892,2.660887330098997,2.660601643262397,2.660601643262397,2.660887330098997,1.6902222634039177,1.6901139214229208,1.6901139214229208,1.6902222634039177,0.4389733246320706,0.4389820446728833,0.4389820446728833,0.4389733246320706,20.05251492989165
400.0,24.615,42.02,5.406,6.195,1.6501629784912497,1.6500993621808464,1.6500993621808464,1.6501629784912497,2.6565796899149694,2.656291950299727,2.656291950299727,2.6565796899149694,1.6840736394382545,1.6839643366732548,1.6839643366732548,1.6840736394382545,0.4379693789735542,0.4379829709625344,0.4379829709625344,0.4379693789735542,20.01867192925449
400.0,24.621,47.546,2.878,4.303,1.6500304130872552,1.6499662380645534,1.6499662380645534,1.6500304130872552,2.6570498195847856,2.6567584595502662,2.6567584595502662,2.6570498195847856,1.6847324481820851,1.6846236187030703,1.6846236187030703,1.6847324481820851,0.4380789940050283,0.4380915533466436,0.4380915533466436,0.4380789940050283,20.02227061163339
400.0,24.647,52.164,2.915,6.155,1.6499129028710853,1.6498501356332058,1.6498501356332058,1.6499129028710853,2.65746227114087,2.657180299118243,2.657180299118243,2.65746227114087,1.6852969486887546,1.685187484169377,1.685187484169377,1.6852969486887546,0.4381760392612457,0.4381892241401094,0.4381892241401094,0.4381760392612457,20.02527753793776
400.0,24.842,29.669,5.805,6.464,1.6503940289670131,1.6503299010967971,1.6503299010967971,1.6503940289670131,2.655818722050399,2.655527712837487,2.655527712837487,2.655818722050399,1.6827497692394802,1.6826377923924531,1.6826377923924531,1.6827497692394802,0.4377916127236341,0.4378100940712403,0.4378100940712403,0.4377916127236341,20.010623762841007
400.0,24.847,52.743,2.639,4.643,1.6498444493242996,1.6497811768650388,1.6497811768650388,1.6498444493242996,2.65774831655886,2.6574629398124547,2.6574629398124547,2.65774831655886,1.685487658146362,1.685378938390188,1.685378938390188,1.685487658146362,0.4382448132394001,0.438256713272807,0.438256713272807,0.4382448132394001,20.02564907736489
400.0,24.953,49.078,5.766,5.262,1.6499020618225462,1.6498389581168873,1.6498389581168873,1.6499020618225462,2.657566536435912,2.6572825826591298,2.6572825826591298,2.657566536435912,1.6851177874769503,1.685008658381678,1.685008658381678,1.6851177874769503,0.4382032823018478,0.4382160388746093,0.4382160388746093,0.4382032823018478,20.02325866264972
400.0,25.042,33.078,6.203,4.429,1.650257037046897,1.6501936897871323,1.6501936897871323,1.650257037046897,2.6563367950818355,2.656050827095352,2.656050827095352,2.6563367950818355,1.6832764509134577,1.6831645061049865,1.6831645061049865,1.6832764509134577,0.437914998657569,0.4379332175156445,0.4379332175156445,0.437914998657569,20.01283724639831
400.0,25.081,48.62,2.827,6.183,1.649877582256832,1.6498140869054057,1.6498140869054057,1.649877582256832,2.6576816491234,2.657394661898909,2.657394661898909,2.6576816491234,1.6851423049493188,1.6850332180205232,1.6850332180205232,1.6851423049493188,0.4382310457254902,0.4382437586084824,0.4382437586084824,0.4382310457254902,20.022956935657493
400.0,25.329,66.324,5.711,4.805,1.6493903356260966,1.6493272774822707,1.6493272774822707,1.6493903356260966,2.6594572999185107,2.6591733026506215,2.6591733026506215,2.6594572999185107,1.6873974497517046,1.6872885336177164,1.6872885336177164,1.6873974497517046,0.4386475687324534,0.4386587553072318,0.4386587553072318,0.4386475687324534,20.034482049720065
400.0,25.368,54.694,4.136,3.531,1.6496544648311489,1.6495913869179422,1.6495913869179422,1.6496544648311489,2.658528545893454,2.6582447344044327,2.6582447344044327,2.658528545893454,1.6860397181926707,1.6859304449686587,1.6859304449686587,1.6860397181926707,0.4384313806339616,0.4384438695487593,0.4384438695487593,0.4384313806339616,20.02690472777188
400.0,25.376,81.695,2.633,5.958,1.6490154780605706,1.648951866431844,1.648951866431844,1.6490154780605706,2.6608070470149574,2.660520299103699,2.660520299103699,2.6608070470149574,1.689254897536544,1.6891463013452197,1.6891463013452197,1.689254897536544,0.4389620819258691,0.4389716520847624,0.4389716520847624,0.4389620819258691,20.044495946941897
400.0,25.428,84.194,5.44,5.174,1.648941962450015,1.6488788648945791,1.6488788648945791,1.648941962450015,2.66107817350411,2.660794787772916,2.660794787772916,2.66107817350411,1.6895850737454674,1.6894761171060382,1.6894761171060382,1.6895850737454674,0.4390257780092058,0.4390357580755646,0.4390357580755646,0.4390257780092058,20.04612334114313
400.0,25.552,10.425,6.448,5.891,1.650655893553726,1.6505910088599,1.6505910088599,1.650655893553726,2.6550557827520804,2.6547605316592815,2.6547605316592815,2.6550557827520804,1.6813999464249505,1.6812361671643328,1.6812361671643328,1.6813999464249505,0.4375798108807584,0.4376797611232066,0.4376797611232066,0.4375798108807584,19.998077020027797
400.0,25.58,77.392,3.177,3.02,1.6490604462050356,1.648997214637434,1.648997214637434,1.6490604462050356,2.6606867026966587,2.660401962352339,2.660401962352339,2.6606867026966587,1.6888685842230506,1.6887601190472863,1.6887601190472863,1.6888685842230506,0.4389363938832071,0.4389460515183613,0.4389460515183613,0.4389363938832071,20.04168611869729
400.0,25.615,23.129,4.676,3.641,1.6503347445144547,1.650272296281704,1.650272296281704,1.6503347445144547,2.6561797661145508,2.6558997664318102,2.6558997664318102,2.6561797661145508,1.6824499705906046,1.6823326806493066,1.6823326806493066,1.6824499705906046,0.4378804999010966,0.4379073372470345,0.4379073372470345,0.4378804999010966,20.006344524805115
400.0,25.761,63.406,3.384,6.283,1.6493407271765803,1.6492770339504172,1.6492770339504172,1.6493407271765803,2.659727532281984,2.659440332110509,2.659440332110509,2.659727532281984,1.6873164761806962,1.6872076870455142,1.6872076870455142,1.6873164761806962,0.4387144401282757,0.4387253103072719,0.4387253103072719,0.4387144401282757,20.032568619038123
400.0,25.831,64.567,6.101,5.031,1.6492939598186382,1.6492306218125743,1.6492306218125743,1.6492939598186382,2.6599069513849005,2.6596219066613966,2.6596219066613966,2.6599069513849005,1.6874976616872783,1.687388555904337,1.687388555904337,1.6874976616872783,0.4387568369957587,0.4387681838906656,0.4387681838906656,0.4387568369957587,20.03332302856385
400.0,25.863,33.759,4.398,2.888,1.6500143608505375,1.649950510155779,1.649950510155779,1.6500143608505375,2.6573642561231385,2.6570754718686254,2.6570754718686254,2.6573642561231385,1.6838591180787297,1.683748057545586,1.683748057545586,1.6838591180787297,0.438162885187979,0.4381793215374401,0.4381793215374401,0.438162885187979,20.013257856309004
400.0,25.874,96.406,5.352,3.306,1.648533467316069,1.648469883928498,1.648469883928498,1.648533467316069,2.6626406099234874,2.662354785450816,2.662354785450816,2.6626406099234874,1.6913154999140725,1.6912066065394016,1.6912066065394016,1.6913154999140725,0.4393931192873793,0.4394020219669113,0.4394020219669113,0.4393931192873793,20.054070225328815
400.0,25.94,44.166,4.402,3.375,1.6497459033684718,1.6496827941687633,1.6496827941687633,1.6497459033684718,2.6583242696156377,2.6580400693859367,2.6580400693859367,2.6583242696156377,1.6851414550131605,1.6850306977355272,1.6850306977355272,1.6851414550131605,0.4383880922820523,0.4384034662653315,0.4384034662653315,0.4383880922820523,20.02003194180092
400.0,25.942,30.965,5.626,5.833,1.6500582221540234,1.649995240033442,1.649995240033442,1.6500582221540234,2.6572220495976264,2.656938682362618,2.656938682362618,2.6572220495976264,1.6835777540158374,1.683464108047834,1.683464108047834,1.6835777540158374,0.4381290782987324,0.4381497969362725,0.4381497969362725,0.4381290782987324,20.01143660477677
400.0,25.996,54.829,3.71,6.293,1.6494784120499582,1.6494149389580133,1.6494149389580133,1.6494784120499582,2.6592857078102567,2.6589996213205933,2.6589996213205933,2.6592857078102567,1.6864418361697493,1.6863324280696823,1.6863324280696823,1.6864418361697493,0.4386134742940683,0.4386258982368052,0.4386258982368052,0.4386134742940683,20.026975105226267
400.0,26.019,81.174,4.546,5.759,1.6488511668820998,1.648787555545292,1.648787555545292,1.6488511668820998,2.661529552747089,2.6612428539398447,2.6612428539398447,2.661529552747089,1.6895899134966488,1.6894815649667068,1.6894815649667068,1.6895899134966488,0.4391365921341921,0.4391456047288269,0.4391456047288269,0.4391365921341921,20.044138419878905
400.0,26.033,66.114,2.525,3.47,1.6492014817378218,1.6491390885779968,1.6491390885779968,1.6492014817378218,2.660274061001336,2.6599951881056283,2.6599951881056283,2.660274061001336,1.6878061847710102,1.6876967754124588,1.6876967754124588,1.6878061847710102,0.4388447240376251,0.4388563578625279,0.4388563578625279,0.4388447240376251,20.03432514288682
400.0,26.039,51.04,4.393,5.254,1.6495560081260805,1.6494931154471897,1.6494931154471897,1.6495560081260805,2.659017042271952,2.658734577028815,2.658734577028815,2.659017042271952,1.6860179673469102,1.685908401932135,1.685908401932135,1.6860179673469102,0.4385515550991809,0.4385645081597554,0.4385645081597554,0.4385515550991809,20.024506214314695
400.0,26.097,81.136,3.31,4.098,1.648830860603833,1.6487671602081106,1.6487671602081106,1.648830860603833,2.6616191861024494,2.661332186776227,2.661332186776227,2.6616191861024494,1.6896335323855225,1.6895247392488262,1.6895247392488262,1.6896335323855225,0.4391577941111308,0.4391674559039926,0.4391674559039926,0.4391577941111308,20.04411122002944
400.0,26.217,48.485,3.73,3.646,1.6495670363711823,1.649504616212008,1.649504616212008,1.6495670363711823,2.6590119580562668,2.6587326784518246,2.6587326784518246,2.6590119580562668,1.6858239232781598,1.6857140812823963,1.6857140812823963,1.6858239232781598,0.4385523054048995,0.4385657579210039,0.4385657579210039,0.4385523054048995,20.02283673358408
400.0,26.384,64.279,5.295,4.722,1.649148906337614,1.6490850583854642,1.6490850583854642,1.649148906337614,2.660542284412559,2.660254145258557,2.660254145258557,2.660542284412559,1.6878037671607184,1.6876953586170236,1.6876953586170236,1.6878037671607184,0.4389102581865502,0.4389203021028472,0.4389203021028472,0.4389102581865502,20.03311960339695
400.0,26.434,85.064,4.27,5.758,1.6486463448815192,1.6485827037051517,1.6485827037051517,1.6486463448815192,2.6623519223292256,2.6620654506486296,2.6620654506486296,2.6623519223292256,1.6903093910327032,1.6902006932182378,1.6902006932182378,1.6903093910327032,0.4393315593369998,0.4393406713967889,0.4393406713967889,0.4393315593369998,20.046661160889208
400.0,26.556,47.507,5.28,3.54,1.6494971421200817,1.649433899673301,1.649433899673301,1.6494971421200817,2.6593352903255134,2.65905046171186,2.65905046171186,2.6593352903255134,1.6859163602259692,1.6858060766173877,1.6858060766173877,1.6859163602259692,0.4386298544432204,0.4386440024601921,0.4386440024601921,0.4386298544432204,20.02219043626711
400.0,26.579,27.714,4.556,5.913,1.6499596927069495,1.6498962124269136,1.6498962124269136,1.6499596927069495,2.657704431349233,2.657417814473271,2.657417814473271,2.657704431349233,1.6835815158645115,1.6834684617980038,1.6834684617980038,1.6835815158645115,0.4382478457890255,0.4382674972902754,0.4382674972902754,0.4382478457890255,20.00930179335922
400.0,26.606,43.419,5.247,5.893,1.6495803085918272,1.6495168337186443,1.6495168337186443,1.6495803085918272,2.6590516488943545,2.658765399163673,2.658765399163673,2.6590516488943545,1.6854610791937996,1.6853506726448346,1.6853506726448346,1.6854610791937996,0.4385640192706825,0.4385786030645835,0.4385786030645835,0.4385640192706825,20.019526816447037
400.0,26.618,58.81,3.103,2.699,1.6492133228954986,1.649149805753074,1.649149805753074,1.6492133228954986,2.6603595284462576,2.6600734514330835,2.6600734514330835,2.6603595284462576,1.6872976219116482,1.6871885815786851,1.6871885815786851,1.6872976219116482,0.4388697389426318,0.4388810863928214,0.4388810863928214,0.4388697389426318,20.029549990661184
400.0,26.637,99.374,4.573,4.565,1.6482549885557571,1.6481918691511204,1.6481918691511204,1.6482549885557571,2.6638033616938874,2.6635207942685386,2.6635207942685386,2.6638033616938874,1.6921425877257,1.6920331832605409,1.6920331832605409,1.6921425877257,0.4396706271075809,0.4396798782204767,0.4396798782204767,0.4396706271075809,20.05598247644628
400.0,26.795,10.688,2.667,5.553,1.6503056042009472,1.650239488812915,1.650239488812915,1.6503056042009472,2.6565459337234607,2.6562436073509823,2.6562436073509823,2.6565459337234607,1.6821787889745168,1.682017903101194,1.682017903101194,1.6821787889745168,0.4379410037317871,0.4380359521047037,0.4380359521047037,0.4379410037317871,19.998213850286582
400.0,26.849,86.773,3.414,2.645,1.6484924117905737,1.6484290414697007,1.6484290414697007,1.6484924117905737,2.662991704271377,2.6627071288302124,2.6627071288302124,2.662991704271377,1.690770087716452,1.6906611136984069,1.6906611136984069,1.690770087716452,0.4394842459323004,0.4394935541986078,0.4394935541986078,0.4394842459323004,20.047763356957685
400.0,27.063,60.44,3.398,4.748,1.6490522132084426,1.6489896219907572,1.6489896219907572,1.6490522132084426,2.661022844554524,2.660743083179691,2.660743083179691,2.661022844554524,1.6877657684081688,1.687655974757455,1.687655974757455,1.6877657684081688,0.4390285261061957,0.4390407630684926,0.4390407630684926,0.4390285261061957,20.03059925052687
400.0,27.071,63.089,4.612,5.093,1.648987977307793,1.6489246273401763,1.6489246273401763,1.648987977307793,2.6612575861751546,2.660972778210495,2.660972778210495,2.6612575861751546,1.6880855906980352,1.6879764178312682,1.6879764178312682,1.6880855906980352,0.4390831420695673,0.4390942209153294,0.4390942209153294,0.4390831420695673,20.032324825688804
400.0,27.136,69.082,4.333,5.675,1.6488292772095776,1.6487656968099569,1.6487656968099569,1.6488292772095776,2.6618414591963013,2.6615553287294,2.6615553287294,2.6618414591963013,1.688839098112273,1.6887302250851095,1.6887302250851095,1.688839098112273,0.4392196022608476,0.439229787837532,0.439229787837532,0.4392196022608476,20.03622686873484
400.0,27.152,31.469,6.033,3.527,1.64971253138185,1.6496486870108087,1.6496486870108087,1.64971253138185,2.658698716802306,2.6584101418923,2.6584101418923,2.658698716802306,1.6843787654674132,1.6842653865348634,1.6842653865348634,1.6843787654674132,0.4384845344100465,0.4385043279990765,0.4385043279990765,0.4384845344100465,20.01173042703387
400.0,27.191,63.773,6.476,5.918,1.648939190476673,1.648875539137664,1.648875539137664,1.648939190476673,2.6614590228561728,2.6611724062140887,2.6611724062140887,2.6614590228561728,1.688240770871567,1.6881317082491216,1.6881317082491216,1.688240770871567,0.439131006610251,0.4391418370908401,0.4391418370908401,0.439131006610251,20.03276720038145
400.0,27.196,66.48,3.154,4.003,1.6488735443633595,1.6488110475127116,1.6488110475127116,1.6488735443633595,2.661689373255772,2.66141027030375,2.66141027030375,2.661689373255772,1.688566277417754,1.6884567733292903,1.6884567733292903,1.688566277417754,0.4391851712635452,0.4391964790486281,0.4391964790486281,0.4391851712635452,20.03452966899212
400.0,27.232,53.906,5.954,4.077,1.6491599945577315,1.64909710321926,1.64909710321926,1.6491599945577315,2.6606741197058525,2.6603921561721857,2.6603921561721857,2.6606741197058525,1.6870921474339655,1.68698226646099,1.68698226646099,1.6870921474339655,0.438948712331342,0.4389615036232529,0.4389615036232529,0.438948712331342,20.02633838775425
400.0,27.236,81.638,6.448,6.363,1.648507569105892,1.6484431017838266,1.6484431017838266,1.648507569105892,2.663023186161277,2.662732069219086,2.662732069219086,2.663023186161277,1.690396738701828,1.6902879918936191,1.6902879918936191,1.690396738701828,0.4394947680770716,0.4395038611178638,0.4395038611178638,0.4394947680770716,20.044405429763177
400.0,27.366,50.341,2.67,4.256,1.6492073317114493,1.649143986346831,1.649143986346831,1.6492073317114493,2.6605356797034467,2.6602508082626213,2.6602508082626213,2.6605356797034467,1.686750815746734,1.6866410640754277,1.6866410640754277,1.686750815746734,0.4389175484960275,0.4389303334387184,0.4389303334387184,0.4389175484960275,20.024012889469013
400.0,27.743,10.687,3.752,3.25,1.65004322747526,1.649977075177344,1.649977075177344,1.65004322747526,2.657666141671934,2.657363861548766,2.657363861548766,2.657666141671934,1.6827605653461175,1.6825987139870215,1.6825987139870215,1.6827605653461175,0.4382106256236891,0.4383066645750913,0.4383066645750913,0.4382106256236891,19.998186033625714
400.0,27.776,79.315,4.365,3.391,1.6484136145327526,1.6483501744348896,1.6483501744348896,1.6484136145327526,2.663469147489023,2.66318446078089,2.66318446078089,2.663469147489023,1.6904538085976606,1.6903446347863782,1.6903446347863782,1.6904538085976606,0.4396040319824972,0.4396137965108349,0.4396137965108349,0.4396040319824972,20.042875850686396
400.0,27.936,59.212,2.856,3.762,1.6488419045038707,1.6487784567962551,1.6487784567962551,1.6488419045038707,2.6619614915308025,2.6616766728449406,2.6616766728449406,2.6619614915308025,1.6881572950695654,1.6880473467890136,1.6880473467890136,1.6881572950695654,0.43925459865506,0.439266841819848,0.439266841819848,0.43925459865506,20.029774689834255
400.0,27.961,82.497,5.22,6.404,1.6482889194415051,1.648224552111909,1.648224552111909,1.6482889194415051,2.6639629017168738,2.66367272076258,2.66367272076258,2.6639629017168738,1.6909480320729915,1.6908386021714266,1.6908386021714266,1.6909480320729915,0.4397196838918875,0.439729527549922,0.439729527549922,0.4397196838918875,20.04494443094344
400.0,27.988,73.621,5.721,3.154,1.6484890847928495,1.6484257091430696,1.6484257091430696,1.6484890847928495,2.6632406756030016,2.662956314960913,2.662956314960913,2.6632406756030016,1.6899058152109767,1.6897966368325117,1.6897966368325117,1.6899058152109767,0.4395530777589974,0.439563105694106,0.439563105694106,0.4395530777589974,20.039159607644567
400.0,28.043,48.121,4.488,3.861,1.6490735346079126,1.6490100612185534,1.6490100612185534,1.6490735346079126,2.6611544906109934,2.660868814299964,2.660868814299964,2.6611544906109934,1.6869033740315085,1.6867931297297003,1.6867931297297003,1.6869033740315085,0.4390676151501856,0.4390810962679028,0.4390810962679028,0.4390676151501856,20.02254773201524
400.0,28.489,90.272,5.258,5.736,1.6479623507443308,1.6478986050921267,1.6478986050921267,1.6479623507443308,2.665253944071778,2.664967720870135,2.664967720870135,2.665253944071778,1.692203422240888,1.6920941820834885,1.6920941820834885,1.692203422240888,0.4400251257304184,0.4400340259825766,0.4400340259825766,0.4400251257304184,20.04999604573181
400.0,28.513,56.83,5.293,5.637,1.6487392331129391,1.6486760700855485,1.6486760700855485,1.6487392331129391,2.6624488760503326,2.6621655049440824,2.6621655049440824,2.6624488760503326,1.688229584501458,1.68811979902926,1.68811979902926,1.688229584501458,0.4393737721297049,0.439385758674987,0.439385758674987,0.4393737721297049,20.02820658628758
400.0,28.573,32.719,3.617,3.341,1.6492902676979586,1.6492279039197697,1.6492279039197697,1.6492902676979586,2.66048631822266,2.660207787597603,2.660207787597603,2.66048631822266,1.6853996167324965,1.6852861985619203,1.6852861985619203,1.6853996167324965,0.4389156826406669,0.4389348761767727,0.4389348761767727,0.4389156826406669,20.012503315162103
400.0,28.67,27.683,6.3,4.403,1.6493833502055997,1.6493194192146,1.6493194192146,1.6493833502055997,2.660182666658913,2.6598943635320507,2.6598943635320507,2.660182666658913,1.6848609139406625,1.684746444922094,1.684746444922094,1.6848609139406625,0.4388440393888475,0.4388650799590741,0.4388650799590741,0.4388440393888475,20.009222375259675
400.0,28.75,16.617,2.912,5.125,1.6496232268715871,1.6495589241412096,1.6495589241412096,1.6496232268715871,2.659349537846567,2.659058900414466,2.659058900414466,2.659349537846567,1.683789116480714,1.6836617766769215,1.6836617766769215,1.683789116480714,0.4386408571837938,0.4386822433280728,0.4386822433280728,0.4386408571837938,20.00201714427408
400.0,28.777,41.855,5.333,3.969,1.6490194348188694,1.6489557268432329,1.6489557268432329,1.6490194348188694,2.6615014854736816,2.6612148190696225,2.6612148190696225,2.6615014854736816,1.6866098826580966,1.6864990170336127,1.6864990170336127,1.6866098826580966,0.4391548821922637,0.4391694256513518,0.4391694256513518,0.4391548821922637,20.01844588024235
400.0,28.803,92.649,6.341,4.969,1.647820891326516,1.6477578190822957,1.6477578190822957,1.647820891326516,2.665830484684196,2.6655487211130895,2.6655487211130895,2.665830484684196,1.6926822580665333,1.6925723083808126,1.6925723083808126,1.6926822580665333,0.4401618977122725,0.4401716553448286,0.4401716553448286,0.4401618977122725,20.051536103674096
400.0,28.955,49.118,4.309,5.852,1.6487992337559787,1.6487361471252735,1.6487361471252735,1.6487992337559787,2.6623252256987744,2.662042612960308,2.662042612960308,2.6623252256987744,1.687584111905348,1.687473325914971,1.687473325914971,1.687584111905348,0.4393486069259252,0.4393625112633898,0.4393625112633898,0.4393486069259252,20.02317078011346
400.0,28.974,68.388,4.268,6.382,1.6483416312145769,1.6482785083318665,1.6482785083318665,1.6483416312145769,2.663976854097215,2.6636945496938647,2.6636945496938647,2.663976854097215,1.6898915858754442,1.6897817334487153,1.6897817334487153,1.6898915858754442,0.4397333790407443,0.4397444422569984,0.4397444422569984,0.4397333790407443,20.035722186154395
400.0,29.187,88.491,3.892,4.917,1.647813787485188,1.6477495704199203,1.6477495704199203,1.647813787485188,2.6659420902400988,2.6656529875315407,2.6656529875315407,2.6659420902400988,1.6924231672780634,1.6923137676402864,1.6923137676402864,1.6924231672780634,0.4401911217356585,0.4402001332498582,0.4402001332498582,0.4401911217356585,20.048814767663952
400.0,29.241,18.001,6.144,2.934,1.649454609150507,1.649390964197476,1.649390964197476,1.6494546091506712,2.6600463409706974,2.6597598480360647,2.6597598480360647,2.660046316652108,1.6841899174069386,1.6840643060653473,1.6840643060653473,1.6841899174069386,0.4388095949052259,0.4388481471889941,0.4388481471889941,0.4388095949052259,20.002903663503805
400.0,29.522,23.424,3.899,3.686,1.6492497413762222,1.6491846732911248,1.6491846732911248,1.6492497413762222,2.6608410788998347,2.660545945564403,2.660545945564403,2.6608410788998347,1.6848789433572402,1.6847613955318064,1.6847613955318064,1.6848789433572402,0.4390023900599308,0.4390281126813448,0.4390281126813448,0.4390023900599308,20.006425722715804
400.0,29.586,78.038,4.996,3.449,1.647949077222484,1.6478847090062922,1.6478847090062922,1.647949077222484,2.6655330618509683,2.665243611125225,2.665243611125225,2.6655330618509683,1.6914217625971104,1.691312123693636,1.691312123693636,1.6914217625971104,0.4400999506211611,0.4401097364600691,0.4401097364600691,0.4400999506211611,20.041991260669896
400.0,29.739,82.289,6.156,4.247,1.647807829054318,1.647743645612442,1.647743645612442,1.647807829054318,2.666078360838682,2.6657895290360454,2.6657895290360454,2.666078360838682,1.6920246305692863,1.6919149137247158,1.6919149137247158,1.6920246305692863,0.4402279012947372,0.4402375953638206,0.4402375953638206,0.4402279012947372,20.044756880417207
400.0,29.79,33.03,4.147,6.257,1.6489487663579427,1.648884944694355,1.648884944694518,1.6489487663579427,2.6619657402466483,2.6616787861141247,2.6616788091831918,2.6619657402466483,1.686184406889088,1.6860711314676051,1.6860711314676051,1.686184406889088,0.4392707647739119,0.4392892110828882,0.4392892110828882,0.4392707647739119,20.012671333234724
400.0,29.816,70.272,4.05,5.486,1.6480670712137775,1.6480037451159797,1.6480037451159797,1.6480670712137775,2.6651473296146655,2.664863879467104,2.664863879467104,2.6651473296146655,1.6906374524850647,1.6905274275691502,1.6905274275691502,1.6906374524850647,0.4400130370505006,0.4400239582047239,0.4400239582047239,0.4400130370505006,20.036924668925863
400.0,29.959,65.77,3.382,3.393,1.6481334894108777,1.6480702417860689,1.6480702417860689,1.6481334894108777,2.6649355156761194,2.664652589302588,2.664652589302588,2.6649355156761194,1.6901882129131054,1.6900779603553475,1.6900779603553475,1.6901882129131054,0.4399651314895368,0.4399766748780686,0.4399766748780686,0.4399651314895368,20.03398782327454
400.0,30.038,29.11,4.81,4.459,1.6489725484256268,1.6489092037258055,1.6489092037258055,1.6489725484256268,2.661929708888071,2.6616456492794183,2.6616456492794183,2.661929708888071,1.685871526601538,1.6857564011011903,1.6857564011011903,1.685871526601538,0.4392636807309103,0.4392852249808393,0.4392852249808393,0.4392636807309103,20.01011265508584
400.0,30.084,14.249,3.249,6.428,1.6493102464075018,1.6492473212995773,1.6492473212995773,1.6493102464075018,2.6607317756791304,2.66045054485536,2.66045054485536,2.6607317756791304,1.684441777975241,1.6843089143798515,1.6843089143798515,1.684441777975241,0.4389724476324382,0.4390219300497612,0.4390219300497612,0.4389724476324382,20.00043768730934
400.0,30.108,90.34,4.408,3.184,1.6475195303215613,1.647455367023014,1.647455367023014,1.6475195303215613,2.6672075984080155,2.666919416372251,2.666919416372251,2.6672075984080155,1.693216082316832,1.6931061396054266,1.6931061396054266,1.693216082316832,0.4404932545080135,0.4405026318350908,0.4405026318350908,0.4404932545080135,20.049992650427253
400.0,30.141,75.868,4.046,5.281,1.647848052193565,1.6477836681159126,1.6477836681159126,1.647848052193565,2.6660158766044377,2.6657260133529777,2.6657260133529777,2.6660158766044377,1.691506591564648,1.6913968660252787,1.6913968660252787,1.691506591564648,0.4402172408029874,0.4402271752831847,0.4402271752831847,0.4402172408029874,20.040561281655243
400.0,30.304,18.561,4.041,3.72,1.6491480781414043,1.649084451848832,1.649084451848832,1.6491480781414043,2.6613586137538,2.6610728691530805,2.6610728691530805,2.6613586137538,1.6848847533455114,1.6847597669556784,1.6847597669556784,1.6848847533455114,0.4391258446372431,0.4391629401805659,0.4391629401805659,0.4391258446372431,20.00323800893953
400.0,30.323,61.905,2.737,2.922,1.648124819247538,1.648060596002264,1.648060596002264,1.648124819247538,2.665047222921865,2.6647582837610746,2.6647582837610746,2.665047222921865,1.6899520771106684,1.68984190666375,1.68984190666375,1.6899520771106684,0.4399939665447925,0.440005499168837,0.440005499168837,0.4399939665447925,20.031459578648864
400.0,30.342,23.963,3.602,5.302,1.6490102984665027,1.6489467733221157,1.6489467733221157,1.6490102984665027,2.661858431463722,2.6615736196303166,2.6615736196303166,2.661858431463722,1.6854472251908523,1.6853290766285556,1.6853290766285556,1.6854472251908523,0.4392476978595339,0.4392740198909133,0.4392740198909133,0.4392476978595339,20.00675296295866
400.0,30.397,13.06,4.17,6.153,1.649251590763144,1.6491895565876242,1.6491895565876242,1.649251590763144,2.6610006842642,2.6607253871605483,2.6607253871605483,2.6610006842642,1.684553753901894,1.6844100622544524,1.6844100622544524,1.684553753901894,0.4390302524517315,0.4390967500090345,0.4390967500090345,0.4390302524517315,19.99965515057825
400.0,30.511,14.384,4.45,4.452,1.6491908499697756,1.6491250382901916,1.6491250382901916,1.6491908499697756,2.6612600678128446,2.6609609312108127,2.6609609312108127,2.6612600678128446,1.6847153211167107,1.684580252768802,1.684580252768802,1.6847153211167107,0.4390956953475153,0.4391483924463978,0.4391483924463978,0.4390956953475153,20.000513513729416
400.0,30.521,35.779,5.469,5.129,1.6486827475395591,1.6486195826620509,1.6486195826620509,1.6486827475395591,2.663068115486312,2.662785263806866,2.662785263806866,2.663068115486312,1.6869610255657896,1.6868485367747692,1.6868485367747692,1.6869610255657896,0.4395351481082114,0.4395520606776023,0.4395520606776023,0.4395351481082114,20.014439927845576
400.0,30.615,12.399,3.756,2.973,1.6492071246004754,1.6491449077129956,1.6491449077129956,1.6492071246004754,2.6612053648476754,2.660929026990016,2.660929026990016,2.6612053648476754,1.6846427678444178,1.6844942680902777,1.6844942680902777,1.6846427678444178,0.4390761038094094,0.4391500650706728,0.4391500650706728,0.4390761038094094,19.9992186188626
400.0,30.794,10.323,6.24,6.094,1.6492086581123673,1.6491428330474405,1.6491428330474405,1.6492086581123673,2.661255254563604,2.6609562278703014,2.6609562278703014,2.661255254563604,1.6846129197441844,1.6844445327141502,1.6844445327141502,1.6846129197441844,0.4390712420521983,0.4391763853766532,0.4391763853766532,0.4390712420521983,19.997862740188864
400.0,30.882,27.944,5.43,3.861,1.6487677052037044,1.6487044674895373,1.6487044674895373,1.6487677052037044,2.6628381930369107,2.66255483629286,2.66255483629286,2.6628381930369107,1.6862522510199065,1.686136347706539,1.686136347706539,1.6862522510199065,0.4394825606665864,0.4395050810839499,0.4395050810839499,0.4394825606665864,20.009328944394028
400.0,30.968,53.233,3.763,4.901,1.6481505880038323,1.6480874156962764,1.6480874156962764,1.6481505880038323,2.665082077077909,2.664799800842798,2.664799800842798,2.665082077077909,1.689316815013581,1.6892055999003568,1.6892055999003568,1.689316815013581,0.4400082764902123,0.4400218468021804,0.4400218468021804,0.4400082764902123,20.025792713523057
400.0,30.994,59.669,3.185,4.474,1.647993352357909,1.6479294984325843,1.6479294984325843,1.647993352357909,2.6656616167581872,2.665375194644028,2.665375194644028,2.6656616167581872,1.6901001680793233,1.689989914343198,1.689989914343198,1.6901001680793233,0.4401433168253923,0.4401548724996871,0.4401548724996871,0.4401433168253923,20.029983528811336
400.0,31.114,66.999,3.69,3.906,1.647789331695,1.647724971700984,1.647724971700984,1.647789331695,2.6664316894935243,2.6661426747897874,2.6661426747897874,2.6664316894935243,1.6910502779794792,1.6909402275573606,1.6909402275573606,1.6910502779794792,0.4403230250753437,0.4403336310067649,0.4403336310067649,0.4403230250753437,20.03475510925934
400.0,31.167,81.691,5.933,6.236,1.6474321747462572,1.647368079048261,1.647368079048261,1.6474321747462572,2.6677467962794488,2.66745910493779,2.66745910493779,2.6677467962794488,1.6928391861725882,1.6927295086068097,1.6927295086068097,1.6928391861725882,0.4406288335148974,0.4406379869186255,0.4406379869186255,0.4406288335148974,20.044325331204178
400.0,31.2,79.779,5.919,2.576,1.6474679303773,1.6474035629195445,1.6474035629195445,1.6474679303773,2.667623607183422,2.6673339539036744,2.6673339539036744,2.667623607183422,1.69263066072533,1.692520899593228,1.692520899593228,1.69263066072533,0.4406003032298829,0.4406097366826716,0.4406097366826716,0.4406003032298829,20.043078669791853
400.0,31.298,22.014,4.441,5.572,1.6487931057533831,1.6487294001745667,1.6487294001745667,1.6487931057533831,2.6628350082946244,2.662549423981885,2.662549423981885,2.6628350082946244,1.6858044389398197,1.6856831402576833,1.6856831402576833,1.6858044389398197,0.4394814943860712,0.4395125003236279,0.4395125003236279,0.4394814943860712,20.00545720303095
400.0,31.422,51.206,3.142,3.305,1.6480743080848312,1.648010243935789,1.648010243935789,1.6480743080848312,2.6654572098913145,2.6651694571787687,2.6651694571787687,2.6654572098913145,1.6893551919624543,1.689243963269751,1.689243963269751,1.6893551919624543,0.4400991253226024,0.4401126402421899,0.4401126402421899,0.4400991253226024,20.02445921384385
400.0,31.493,51.008,5.615,4.258,1.648058837524753,1.6479958519762723,1.6479958519762723,1.648058837524753,2.665522866745489,2.665242123874068,2.665242123874068,2.665522866745489,1.6893759422914196,1.6892644388531075,1.6892644388531075,1.6893759422914196,0.4401156384446533,0.4401295652107395,0.4401295652107395,0.4401156384446533,20.024328212591858
400.0,31.523,24.028,5.104,5.75,1.6486834762823546,1.648620501128118,1.648620501128118,1.6486834762823546,2.6632718525938563,2.6629908162041107,2.6629908162041107,2.6632718525938563,1.6861814355796323,1.6860629113482803,1.6860629113482803,1.6861814355796323,0.4395878786361262,0.4396143637687955,0.4396143637687955,0.4395878786361262,20.006761331285247
400.0,31.573,83.197,5.506,3.172,1.6472870238503146,1.6472221711753472,1.6472221711753472,1.6472870238503146,2.668367400193774,2.668075518445041,2.668075518445041,2.668367400193774,1.693271577456424,1.693161699688036,1.693161699688036,1.693271577456424,0.4407759775931665,0.4407850833131586,0.4407850833131586,0.4407759775931665,20.04529547948016
400.0,31.7,27.246,3.485,5.391,1.6485594601793792,1.6484959625434763,1.6484959625434763,1.6485594601793792,2.663757588613178,2.6634729796616297,2.6634729796616297,2.663757588613178,1.6866728127391797,1.6865563812348945,1.6865563812348945,1.6866728127391797,0.4397035689214138,0.4397266592156525,0.4397266592156525,0.4397035689214138,20.008851161241868
400.0,31.747,52.402,6.279,3.107,1.6479573481376582,1.6478929127205164,1.6478929127205164,1.6479573481376582,2.6659512681682287,2.665661342663032,2.665661342663032,2.6659512681682287,1.6896993723712876,1.6895881810912032,1.6895881810912032,1.6896993723712876,0.4402166971095313,0.4402299652194252,0.4402299652194252,0.4402166971095313,20.02522901658942
400.0,31.797,30.998,5.426,4.26,1.6484449436809154,1.648380786432014,1.648380786432014,1.6484449436809154,2.664193558120626,2.6639053093970357,2.6639053093970357,2.664193558120626,1.6871790520636758,1.6870642329607604,1.6870642329607604,1.6871790520636758,0.43980664234479,0.4398269008793848,0.4398269008793848,0.43980664234479,20.011290546946945
400.0,31.854,73.227,5.091,5.986,1.6474419161360263,1.6473781493786956,1.6473781493786956,1.6474419161360263,2.667851624280732,2.6675662156257007,2.6675662156257007,2.667851624280732,1.6922535271329684,1.6921428415480753,1.6921428415480753,1.6922535271329684,0.440659307845561,0.4406703275738442,0.4406703275738442,0.440659307845561,20.038790881019345
400.0,31.882,38.776,4.484,3.464,1.6482394559189648,1.6481753311038398,1.6481753311038398,1.6482394559189648,2.664954072968845,2.66466612008299,2.66466612008299,2.664954072968845,1.6881572725651788,1.6880444038702542,1.6880444038702542,1.6881572725651788,0.4399855295006962,0.4400022484605993,0.4400022484605993,0.4399855295006962,20.01635188861704
400.0,31.955,44.684,2.677,3.978,1.6480811322234912,1.64801635113264,1.64801635113264,1.6480811322234912,2.665546215036135,2.6652543010268475,2.6652543010268475,2.665546215036135,1.6889068516298509,1.6887955948627285,1.6887955948627285,1.6889068516298509,0.4401245134208653,0.4401382423574672,0.4401382423574672,0.4401245134208653,20.020196911239008
400.0,32.011,56.068,3.923,5.244,1.647799559213474,1.647735348751496,1.647735348751496,1.647799559213474,2.6665785369317523,2.666290343596698,2.666290343596698,2.6665785369317523,1.6902996960948096,1.6901887773181807,1.6901887773181807,1.6902996960948096,0.4403652397496106,0.4403776633768762,0.4403776633768762,0.4403652397496106,20.02760865700871
400.0,32.072,49.003,3.288,4.562,1.64794824229265,1.6478835153697682,1.6478835153697682,1.64794824229265,2.6660526043375623,2.665760897844152,2.665760897844152,2.6660526043375623,1.6894938512550173,1.6893829904487925,1.6893829904487925,1.6894938512550173,0.4402434497774517,0.4402562671701222,0.4402562671701222,0.4402434497774517,20.023005938260507
400.0,32.086,64.606,3.171,3.643,1.647579884391407,1.6475155117662297,1.6475155117662297,1.647579884391407,2.6673973151003323,2.6671081094096984,2.6671081094096984,2.6673973151003323,1.6913663354584592,1.6912557277076028,1.6912557277076028,1.6913663354584592,0.4405558977690405,0.4405672626842335,0.4405672626842335,0.4405558977690405,20.033167754482413
400.0,32.135,66.329,2.875,5.821,1.647525747159066,1.6474622027437678,1.6474622027437678,1.647525747159066,2.6676015272959632,2.6673175799414053,2.6673175799414053,2.6676015272959632,1.6916031058037166,1.6914924957339963,1.6914924957339963,1.6916031058037166,0.4406043125559041,0.4406155813953946,0.4406155813953946,0.4406043125559041,20.03428862226334
400.0,32.271,34.088,5.036,5.389,1.6482424919900152,1.6481785571051806,1.6481785571051806,1.6482424919900152,2.6650223099817087,2.6647353854217375,2.6647353854217375,2.6650223099817087,1.6878390456936068,1.6877246798335872,1.6877246798335872,1.6878390456936068,0.4400041277021684,0.4400233468718011,0.4400233468718011,0.4400041277021684,20.0132884444563
400.0,32.286,50.118,6.059,4.36,1.6478632148154178,1.647799179723712,1.647799179723712,1.6478632148154178,2.6664026548782847,2.666115429500433,2.666115429500433,2.6664026548782847,1.6897596339029164,1.6896483123523012,1.6896483123523012,1.6897596339029164,0.440326882909988,0.4403403357857172,0.4403403357857172,0.440326882909988,20.02372568314113
400.0,32.388,59.642,5.791,5.44,1.6476128376428458,1.647548801938452,1.647548801938452,1.6476128376428458,2.6673377592196617,2.6670504189483744,2.6670504189483744,2.6673377592196617,1.6909605138954216,1.6908498869580642,1.6908498869580642,1.6909605138954216,0.4405452300169577,0.4405568916498218,0.4405568916498218,0.4405452300169577,20.029925515118112
400.0,32.459,52.864,5.413,6.361,1.6477517079197308,1.647687744804389,1.647687744804389,1.6477517079197308,2.666844418511744,2.666557540649824,2.666557540649824,2.666844418511744,1.6901946611523329,1.6900832160028352,1.6900832160028352,1.6901946611523329,0.4404309351229524,0.4404443647962502,0.4404443647962502,0.4404309351229524,20.025509052174776
400.0,32.556,24.688,4.85,5.275,1.6483857410107643,1.6483198164133286,1.6483198164133286,1.6483857410107643,2.664573008679352,2.6642738469823266,2.6642738469823266,2.664573008679352,1.6868951323882753,1.686778249859515,1.686778249859515,1.6868951323882753,0.4398993175296918,0.4399227917911324,0.4399227917911324,0.4398993175296918,20.007160958475552
400.0,32.74,61.906,2.959,3.239,1.6474641514947228,1.6473998141960793,1.6473998141960793,1.6474641514947228,2.6679557807620253,2.6676668226232323,2.6676668226232323,2.6679557807620253,1.6914492739499898,1.6913383998433202,1.6913383998433202,1.6914492739499898,0.4406915311972644,0.4407032916981219,0.4407032916981219,0.4406915311972644,20.03138947776214
400.0,33.187,21.721,5.246,4.762,1.6482810627971043,1.648217198495362,1.648217198495362,1.6482810627971043,2.665070982291004,2.6647849005172843,2.6647849005172843,2.665070982291004,1.6869317250639717,1.6868110230715636,1.6868110230715636,1.6869317250639717,0.4400196639926527,0.4400490002380078,0.4400490002380078,0.4400196639926527,20.00521140832456
400.0,33.203,78.673,4.893,3.922,1.646948111989246,1.6468840500745965,1.6468840500745965,1.646948111989246,2.669948329782649,2.6696615686652474,2.6696615686652474,2.669948329782649,1.6937433412524467,1.69363251410776,1.69363251410776,1.6937433412524467,0.4411578229530959,0.4411682079825534,0.4411682079825534,0.4411578229530959,20.042299032766483
400.0,33.209,96.94,6.424,6.383,1.6465240938096464,1.6464589650960868,1.6464589650960868,1.6465240938096464,2.6715261059330206,2.67123320506477,2.67123320506477,2.6715261059330206,1.6959367393043137,1.695826149193386,1.695826149193386,1.6959367393043137,0.4415223860951866,0.4415311929764267,0.4415311929764267,0.4415223860951866,20.05420298948593
400.0,33.278,27.028,2.701,3.147,1.6481315728415893,1.6480675312701407,1.6480675312701407,1.6481315728415893,2.6656319915637288,2.6653445766862567,2.6653445766862567,2.6656319915637288,1.687619487518932,1.687502855188448,1.687502855188448,1.687619487518932,0.4401536661421259,0.4401764666882871,0.4401764666882871,0.4401536661421259,20.00866341939064
400.0,33.424,56.445,3.088,5.256,1.6474046851171549,1.647340376150992,1.647340376150992,1.6474046851171549,2.6683147354157883,2.668026388449436,2.668026388449436,2.6683147354157883,1.6912204444636425,1.6911093061220053,1.6911093061220053,1.6912204444636425,0.4407812332521175,0.4407935258778471,0.4407935258778471,0.4407812332521175,20.02781251431916
400.0,33.459,35.545,5.795,5.62,1.6478836751218937,1.6478180091904475,1.6478180091904475,1.6478836751218937,2.6665778914449447,2.666280747310702,2.666280747310702,2.6665778914449447,1.6887452249413804,1.6886327351996755,1.6886327351996755,1.6887452249413804,0.4403769525954487,0.4403926609399367,0.4403926609399367,0.4403769525954487,20.01420269150285
400.0,33.463,84.317,5.009,6.488,1.6467468214289225,1.6466824008830552,1.6466824008830552,1.6467468214289225,2.6707486544521903,2.6704600396333102,2.6704600396333102,2.6707486544521903,1.69458157086992,1.6944706255608106,1.6944706255608106,1.69458157086992,0.4413452500130746,0.441355343300762,0.441355343300762,0.4413452500130746,20.04596892282125
400.0,33.599,21.473,5.968,3.913,1.648173810856847,1.6481099617256958,1.6481099617256958,1.648173810856847,2.6655442967209413,2.6652584042763285,2.6652584042763285,2.6655442967209413,1.6871563107553549,1.6870351674879935,1.6870351674879935,1.6871563107553549,0.4401332065119587,0.440163076204622,0.440163076204622,0.4401332065119587,20.005038697624293
400.0,33.611,88.645,6.336,4.507,1.6466064998565255,1.6465417439797807,1.6465417439797807,1.6466064998565255,2.671301453047041,2.6710106212525884,2.6710106212525884,2.671301453047041,1.6951928102567215,1.6950822130203491,1.6950822130203491,1.6951928102567215,0.4414745979755868,0.4414838207432638,0.4414838207432638,0.4414745979755868,20.04878540857506
400.0,33.656,33.644,5.315,6.407,1.6478731656790764,1.6478094283854596,1.6478094283854596,1.6478731656790764,2.6666473052667325,2.6663627019903973,2.6663627019903973,2.6666473052667325,1.6886412879308776,1.6885265463153132,1.6885265463153132,1.6886412879308776,0.440394659165183,0.4404139369134634,0.4404139369134634,0.440394659165183,20.012959449946408
400.0,33.663,70.689,5.093,5.057,1.6470080343577955,1.6469442364649611,1.6469442364649611,1.6470080343577955,2.6698205528319154,2.6695358884274767,2.6695358884274767,2.6698205528319154,1.6930735338958405,1.692962201828706,1.692962201828706,1.6930735338958405,0.4411326159185343,0.4411440906529146,0.4411440906529146,0.4411326159185343,20.037083841894564
400.0,33.753,28.58,2.525,5.314,1.6479654948123328,1.6479009391076482,1.6479009391076482,1.6479654948123328,2.666335546024023,2.6660451454321654,2.6660451454321654,2.666335546024023,1.6880972406427497,1.6879808937092493,1.6879808937092493,1.6880972406427497,0.4403213488584008,0.4403435001198129,0.4403435001198129,0.4403213488584008,20.00965968925654
400.0,33.827,15.653,6.277,6.283,1.6482478937696572,1.6481835693993987,1.6481835693993987,1.6482478937696572,2.66532539024895,2.665036530000209,2.665036530000209,2.66532539024895,1.6868515059731006,1.6867181350249951,1.6867181350249951,1.6868515059731006,0.4400750231003265,0.4401238758096103,0.4401238758096103,0.4400750231003265,20.00124380192784
400.0,33.933,99.491,2.525,5.561,1.6462685489044684,1.6462041968013097,1.6462041968013097,1.6462685489044684,2.6726238708785712,2.6723363361413663,2.6723363361413663,2.6726238708785712,1.696695321529434,1.6965841919415028,1.6965841919415028,1.696695321529434,0.4417834656661328,0.4417926557404433,0.4417926557404433,0.4417834656661328,20.055844358986565
400.0,34.043,43.861,2.558,5.415,1.6475290928877968,1.6474642727694258,1.6474642727694258,1.6475290928877968,2.667988728243329,2.6676968541290567,2.6676968541290567,2.667988728243329,1.690099724736418,1.6899881841870863,1.6899881841870863,1.690099724736418,0.4407110440783743,0.4407245652925515,0.4407245652925515,0.4407110440783743,20.01959952758335
400.0,34.132,76.863,2.743,6.109,1.6467379803728073,1.6466733298866223,1.6466733298866223,1.6467379803728073,2.670920007992128,2.6706303358028056,2.6706303358028056,2.670920007992128,1.6941041949515754,1.6939931983397976,1.6939931983397976,1.6941041949515754,0.4413913274354276,0.4414016646051451,0.4414016646051451,0.4413913274354276,20.04109237635877
400.0,34.189,76.84,3.422,2.733,1.64672252072575,1.6466586224119133,1.6466586224119133,1.6467225207255145,2.6709852006206214,2.670699984395001,2.670699984395001,2.6709851760030983,1.694137324818284,1.6940259555493864,1.6940259555493864,1.694137324818284,0.4414071897353273,0.4414181434116145,0.4414181434116145,0.4414071897353273,20.04107603885681
400.0,34.209,17.755,4.312,4.179,1.6480941498945094,1.648028926464577,1.648028926464577,1.6480941498945094,2.66596531061024,2.665671034780848,2.665671034780848,2.66596531061024,1.6872374915082622,1.6871095501074933,1.6871095501074933,1.6872374915082622,0.4402307873020652,0.4402709903297379,0.4402709903297379,0.4402307873020652,20.002600671366125
400.0,34.224,68.531,5.108,3.705,1.6469055409097748,1.646841822724196,1.646841822724196,1.6469055409097264,2.6703139813326846,2.67002977166448,2.67002977166448,2.670313981332316,1.693163330603361,1.6930520971442802,1.6930520971442802,1.693163330603361,0.4412524329545992,0.4412637225537606,0.4412637225537606,0.4412524329545992,20.035661784135435
400.0,34.281,86.736,3.39,6.029,1.6464688803429874,1.646404133749256,1.646404133749256,1.6464688803429874,2.6719511579453488,2.6716609298649243,2.6716609298649243,2.6719511579453488,1.6953816894084683,1.6952706612150945,1.6952706612150945,1.6953816894084683,0.4416311253613016,0.4416408891404119,0.4416408891404119,0.4416311253613016,20.04752149727528
400.0,34.29,47.205,3.489,5.055,1.6473834942861665,1.6473192117067914,1.6473192117067914,1.6473834942861665,2.668569950498744,2.6682818928223355,2.6682818928223355,2.668569950498744,1.6906527280676005,1.69054011876376,1.69054011876376,1.6906527280676005,0.4408477355007904,0.4408626209720762,0.4408626209720762,0.4408477355007904,20.021769674749343
400.0,34.336,74.729,4.001,4.099,1.6467318271260285,1.6466670821966432,1.6466670821966432,1.6467318271260285,2.6709857576567755,2.670695298188567,2.670695298188567,2.6709857576567755,1.693975790916341,1.69386496010572,1.69386496010572,1.693975790916341,0.4414085566175722,0.4414187260826417,0.4414187260826417,0.4414085566175722,20.039696033003388
400.0,34.44,56.35,6.466,5.035,1.6471299803816422,1.6470653446295485,1.6470653446295485,1.6471299803816422,2.669534925201475,2.6692450886819072,2.6692450886819072,2.669534925201475,1.6918391470067462,1.691727938585096,1.691727938585096,1.6918391470067462,0.4410735969968109,0.4410855380602678,0.4410855380602678,0.4410735969968109,20.027720556470417
400.0,34.607,46.656,5.57,5.141,1.6473093478815062,1.6472456877806063,1.6472456877806063,1.6473093478815062,2.668904738977917,2.6686204630200763,2.6686204630200763,2.668904738977917,1.6907838197682057,1.6906711146369116,1.6906711146369116,1.6907838197682057,0.4409287080491208,0.4409437471486302,0.4409437471486302,0.4409287080491208,20.021403003282035
400.0,34.65,18.128,4.746,3.262,1.647964861546342,1.647898711844999,1.647898711844999,1.647964861546342,2.6665301742007514,2.666230173232548,2.666230173232548,2.6665301742007514,1.6875363538983863,1.6874106374341065,1.6874106374341065,1.6875363538983863,0.4403671857980486,0.4404037344934436,0.4404037344934436,0.4403671857980486,20.002830609218307
400.0,34.674,59.112,5.044,2.741,1.6470018125381234,1.646937713672458,1.646937713672458,1.6470018125381234,2.6700532702467568,2.6697667343346327,2.6697667343346327,2.6700532702467568,1.692315372467344,1.692203509418065,1.692203509418065,1.692315372467344,0.4411957142584372,0.4412084608010832,0.4412084608010832,0.4411957142584372,20.02951296794788
400.0,34.675,57.219,3.931,3.028,1.647046119372381,1.646981004571713,1.646981004571713,1.647046119372381,2.669894787560533,2.669601663572483,2.669601663572483,2.669894787560533,1.6920886895744678,1.691977504591118,1.691977504591118,1.6920886895744678,0.4411588136720581,0.4411706416248589,0.4411706416248589,0.4411588136720581,20.028280209469862
400.0,34.833,41.636,5.885,4.021,1.647365420978108,1.6473002809859858,1.6473002809859858,1.647365420978108,2.6687526974055835,2.6684591224587484,2.6684591224587484,2.6687526974055835,1.6903229984324195,1.690210736411556,1.690210736411556,1.6903229984324195,0.4408949799745981,0.4409095206546639,0.4409095206546639,0.4408949799745981,20.018127801634623
400.0,34.838,60.359,6.445,5.954,1.6469282835755736,1.646864141760379,1.646864141760379,1.6469282835755736,2.6703582936982815,2.670071523295848,2.670071523295848,2.6703582936982815,1.6925661859412404,1.692454639286718,1.692454639286718,1.6925661859412404,0.4412681594913652,0.4412802565979416,0.4412802565979416,0.4412681594913652,20.03032058433516
400.0,35.006,10.887,3.549,5.415,1.648036656637004,1.6479710161657777,1.6479710161657777,1.648036656637004,2.6663400585186303,2.66604377359364,2.66604377359364,2.6663400585186303,1.6872490716167807,1.6870867080922234,1.6870867080922234,1.6872490716167807,0.4402985542180458,0.4403924506194448,0.4403924506194448,0.4402985542180458,19.998107856940784
400.0,35.066,28.722,5.33,4.758,1.6476026215492392,1.6475377491860443,1.6475377491860443,1.6476026215492392,2.667930272753379,2.6676385244521192,2.6676385244521192,2.667930272753379,1.688925607559111,1.6888095381049717,1.6888095381049717,1.688925607559111,0.4407040249850727,0.4407251057932369,0.4407251057932369,0.4407040249850727,20.009713551885447
400.0,35.095,81.626,5.186,3.458,1.6463661398285403,1.6463018606289337,1.6463018606289337,1.6463661398285403,2.6724985950929168,2.672211417848484,2.672211417848484,2.6724985950929168,1.6952756204276007,1.6951642460525165,1.6951642460525165,1.6952756204276007,0.4417657534134936,0.441776098111754,0.441776098111754,0.4417657534134936,20.04416712453431
400.0,35.099,11.492,4.072,2.773,1.6479976062996538,1.6479305944358629,1.6479305944358629,1.6479976062996538,2.666507865088421,2.666202834868307,2.666202834868307,2.666507865088421,1.6873469281113591,1.6871919596778784,1.6871919596778784,1.6873469281113591,0.4403431994448368,0.4404253521022603,0.4404253521022603,0.4403431994448368,19.99849902295604
400.0,35.17,15.587,2.88,3.532,1.6478814677945215,1.647815963571823,1.647815963571823,1.6478814677945215,2.6669374622526267,2.6666419299835007,2.6666419299835007,2.6669374622526267,1.6876766627293516,1.6875449902620303,1.6875449902620303,1.6876766627293516,0.4404626955205171,0.4405083196691185,0.4405083196691185,0.4404626955205171,20.00116230911424
400.0,35.232,36.716,6.483,5.617,1.6473703560518629,1.6473065427262463,1.6473065427262463,1.6473703560518629,2.6688094817062566,2.668524586448368,2.668524586448368,2.6688094817062566,1.6899826499771042,1.6898685343054105,1.6898685343054105,1.6899826499771042,0.4409116094426052,0.440929234658036,0.440929234658036,0.4409116094426052,20.01491289445767
400.0,35.235,33.642,3.219,5.962,1.6474413247986717,1.6473773821356488,1.6473773821356488,1.6474413247986717,2.668550510372912,2.668264794305345,2.668264794305345,2.668550510372912,1.6896172395620186,1.6895023458166387,1.6895023458166387,1.6896172395620186,0.4408509569845363,0.4408699529413348,0.4408699529413348,0.4408509569845363,20.01291169344216
400.0,35.383,36.197,5.582,3.752,1.647341596793941,1.6472769300060282,1.6472769300060282,1.647341596793941,2.668950495851776,2.668660203843548,2.668660203843548,2.668950495851776,1.6900139769740008,1.6899002651778092,1.6899002651778092,1.6900139769740008,0.44094546688297,0.4409623710093155,0.4409623710093155,0.44094546688297,20.014570387818992
400.0,35.408,61.361,6.119,2.654,1.6467501772439486,1.6466852670379275,1.6466852670379275,1.6467501772439486,2.671138444933038,2.670846943742041,2.670846943742041,2.671138444933038,1.6930404523245273,1.6929293500719422,1.6929293500719422,1.6930404523245273,0.441454055979491,0.4414651819417478,0.4414651819417478,0.441454055979491,20.03095594677756
400.0,35.451,98.5,3.861,3.824,1.6458809608349647,1.6458158301292822,1.6458158301292822,1.6458809608349647,2.6743918141420333,2.6740996431805883,2.6740996431805883,2.6743918141420333,1.697525206398316,1.6974139321859372,1.6974139321859372,1.697525206398316,0.4422061151536261,0.4422150825603748,0.4422150825603748,0.4422061151536261,20.055152820204864
400.0,35.505,21.104,3.792,4.136,1.6476603687782083,1.6475954580348526,1.6475954580348526,1.6476603687782083,2.667809236117197,2.667517343064568,2.667517343064568,2.667809236117197,1.6882895948341914,1.6881664681244004,1.6881664681244004,1.6882895948341914,0.4406748896096861,0.4407071158405006,0.4407071158405006,0.4406748896096861,20.004742877619087
400.0,35.569,87.846,2.88,6.372,1.6460944768046872,1.6460293990317023,1.6460293990317023,1.6460944768046872,2.6736145835004628,2.6733229948892534,2.6733229948892534,2.6736145835004628,1.6963182483674044,1.696207170093087,1.696207170093087,1.6963182483674044,0.4420280569284849,0.4420372486999225,0.4420372486999225,0.4420280569284849,20.048206188488894
400.0,35.724,15.117,3.177,4.503,1.647741743164114,1.6476742600486325,1.6476742600486325,1.647741743164114,2.667570072394958,2.667262605734064,2.667262605734064,2.667570072394958,1.6879884772871088,1.6878503620945235,1.6878503620945235,1.6879884772871088,0.4406083245276779,0.44066390270169,0.44066390270169,0.4406083245276779,20.000840261326264
400.0,35.728,62.181,4.805,5.133,1.646644510000159,1.646579212581187,1.646579212581187,1.646644510000159,2.671598061298988,2.6713042155996325,2.6713042155996325,2.671598061298988,1.693337543619915,1.693226176670958,1.693226176670958,1.693337543619915,0.4415629981862462,0.4415743756574324,0.4415743756574324,0.4415629981862462,20.03148033652759
400.0,35.802,16.956,4.7,4.115,1.64767663666011,1.6476103182391135,1.6476103182391135,1.64767663666011,2.6678183652918137,2.6675178919153586,2.6675178919153586,2.6678183652918137,1.6881669070830505,1.6880366686154162,1.6880366686154162,1.6881669070830505,0.4406735524350124,0.4407167247209191,0.4407167247209191,0.4406735524350124,20.002034573138666
400.0,35.841,40.497,2.956,4.624,1.6471165507001138,1.6470519799676853,1.6470519799676853,1.6471165507001138,2.6698716641735687,2.6695822972131613,2.6695822972131613,2.6698716641735687,1.6908117972499923,1.690698267020473,1.690698267020473,1.6908117972499923,0.4411634849790558,0.4411796475219464,0.4411796475219464,0.4411634849790558,20.017356538113408
400.0,35.957,73.25,3.467,2.67,1.646326114747224,1.6462612085987487,1.6462612085987487,1.646326114747224,2.6728277030121537,2.6725366796424823,2.6725366796424823,2.6728277030121537,1.694807736247689,1.6946962672018422,1.6946962672018422,1.694807736247689,0.4418497631324417,0.4418604958969669,0.4418604958969669,0.4418497631324417,20.03868448806525
400.0,36.318,35.987,3.31,5.75,1.6470913229652488,1.647026299374408,1.647026299374408,1.6470913229652488,2.670064567614584,2.6697725357657816,2.6697725357657816,2.670064567614584,1.6905686330334808,1.6904540328691846,1.6904540328691846,1.6905686330334808,0.4412116696836729,0.4412296379275462,0.4412296379275462,0.4412116696836729,20.014406341632277
400.0,36.379,68.138,4.545,5.458,1.6463296168323078,1.6462645716456945,1.6462645716456945,1.6463296168323078,2.672901905127464,2.6726104967693507,2.6726104967693507,2.672901905127464,1.6944577917882568,1.6943460274064934,1.6943460274064934,1.6944577917882568,0.4418708230855685,0.4418821272540385,0.4418821272540385,0.4418708230855685,20.035341317104344
400.0,36.666,66.094,3.415,4.169,1.6462988879087093,1.6462339901795664,1.6462339901795664,1.6462988879087093,2.673074580725743,2.672783605586079,2.672783605586079,2.673074580725743,1.694390967023528,1.6942796279739536,1.6942796279739536,1.694390967023528,0.4419139098444308,0.4419246195250737,0.4419246195250737,0.4419139098444308,20.0340015572705
400.0,36.729,39.198,4.016,2.559,1.6469043449947234,1.6468401719180707,1.6468401719180707,1.6469043449947234,2.6708348399446717,2.670548301117984,2.670548301117984,2.6708348399446717,1.6912075757081575,1.6910929593986197,1.6910929593986197,1.6912075757081575,0.4413945571113065,0.4414122196859815,0.4414122196859815,0.4413945571113065,20.01648443500624
400.0,36.873,31.695,5.319,4.052,1.6470392610810558,1.6469752438798186,1.6469752438798186,1.6470392610810558,2.670365149348965,2.6700792074754696,2.6700792074754696,2.670365149348965,1.690399442723194,1.6902831736271375,1.6902831736271375,1.690399442723194,0.4412860741301027,0.4413067406531636,0.4413067406531636,0.4412860741301027,20.01159571846521
400.0,36.895,44.19,3.184,3.57,1.6467438597759088,1.6466786820620014,1.6466786820620014,1.6467438597759088,2.6714681042511903,2.671175696976344,2.671175696976344,2.6714681042511903,1.6919075904094851,1.6917948357780537,1.6917948357780537,1.6919075904094851,0.4415434716467855,0.4415577494418654,0.4415577494418654,0.4415434716467855,20.019729974057228
400.0,36.923,32.344,4.585,3.206,1.6470110064460302,1.646946168438701,1.646946168438701,1.6470110064460302,2.670483792001592,2.6701930252233668,2.6701930252233668,2.670483792001592,1.6905074621902174,1.690392469511396,1.690392469511396,1.6905074621902174,0.4413144867260103,0.4413330093044331,0.4413330093044331,0.4413144867260103,20.012017172525447
400.0,37.055,78.798,6.489,2.935,1.6459003163053618,1.645835659695292,1.645835659695292,1.6459003163053618,2.6746457563810804,2.674357189262602,2.674357189262602,2.6746457563810804,1.696159851372525,1.6960479570116418,1.6960479570116418,1.696159851372525,0.4422804717723222,0.4422910237131409,0.4422910237131409,0.4422804717723222,20.04226616161251
400.0,37.314,66.039,2.886,5.679,1.646124674857616,1.6460589746690857,1.6460589746690857,1.646124674857616,2.6738621756850134,2.6735665038341923,2.6735665038341923,2.6738621756850134,1.6947885085247083,1.694676937249172,1.694676937249172,1.6947885085247083,0.4421015383597937,0.4421123510705309,0.4421123510705309,0.4421015383597937,20.033946409153053
400.0,37.336,74.815,5.657,4.727,1.645916100396602,1.6458511981289925,1.6458511981289925,1.645916100396602,2.6746453526490965,2.674354781006755,2.674354781006755,2.6746453526490965,1.6958564116626105,1.6957448531852222,1.6957448531852222,1.6958564116626105,0.4422831614870422,0.4422933875870688,0.4422933875870688,0.4422831614870422,20.039662565254524
400.0,37.448,85.049,5.844,4.245,1.645650480292851,1.6455854578418798,1.6455854578418798,1.645650480292851,2.6756679458217523,2.6753769907356624,2.6753769907356624,2.6756679458217523,1.6971566956385364,1.6970448592166545,1.6970448592166545,1.6971566956385364,0.4425200309811269,0.4425299815384734,0.4425299815384734,0.4425200309811269,20.046327045509813
400.0,37.514,97.669,3.899,4.602,1.6453434846188353,1.6452779914129494,1.6452779914129494,1.6453434846188353,2.676844368127659,2.6765512238354385,2.6765512238354385,2.676844368127659,1.6987166795258617,1.6986048531069382,1.6986048531069382,1.6987166795258617,0.442791797920827,0.442800807790266,0.442800807790266,0.442791797920827,20.054549913164024
400.0,37.737,41.917,3.021,6.449,1.6465670253681317,1.646502225686301,1.646502225686301,1.6465670253681317,2.672294591529668,2.672004756103186,2.672004756103186,2.672294591529668,1.6921589057154294,1.692045151962675,1.692045151962675,1.6921589057154294,0.4417423682809419,0.4417580493893306,0.4417580493893306,0.4417423682809419,20.01822510422058
400.0,37.739,64.077,3.847,6.003,1.646054730705068,1.6459893336839737,1.6459893336839737,1.646054730705068,2.674209833381048,2.6739166296265453,2.6739166296265453,2.674209833381048,1.6948180014087484,1.6947058355799314,1.6947058355799314,1.6948180014087484,0.4421857954326509,0.4421974992315539,0.4421974992315539,0.4421857954326509,20.03265596124067
400.0,37.797,23.59,5.248,3.719,1.646975638361382,1.6469115265020484,1.6469115265020484,1.646975638361382,2.6707891327206426,2.670503689447315,2.670503689447315,2.6707891327206426,1.6900038273417606,1.6898827360553492,1.6898827360553492,1.6900038273417606,0.4413896865605346,0.4414177797302285,0.4414177797302285,0.4413896865605346,20.00629331674567
400.0,37.918,22.625,5.881,3.017,1.646965803899153,1.6468995870220693,1.6468995870220693,1.646965803899153,2.670860863613471,2.6705616741572147,2.6705616741572147,2.670860863613471,1.6899636573595984,1.6898425958634893,1.6898425958634893,1.6899636573595984,0.441405913363471,0.4414340137864337,0.4414340137864337,0.441405913363471,20.005661349531696
400.0,38.03,48.631,4.56,6.182,1.6463323717004872,1.6462670440880127,1.6462670440880127,1.6463323717004872,2.673230823019269,2.6729376338391546,2.6729376338391546,2.673230823019269,1.6931453637870657,1.6930327852082965,1.6930327852082965,1.6931453637870657,0.4419621755695014,0.4419754617987207,0.4419754617987207,0.4419621755695014,20.022588202268537
400.0,38.098,88.649,5.476,3.156,1.6453923681916207,1.6453272053970247,1.6453272053970247,1.6453923681916207,2.676776712006183,2.6764853815722183,2.6764853815722183,2.676776712006183,1.6979968337321223,1.6978848140483027,1.6978848140483027,1.6979968337321223,0.4427820400736944,0.4427917316173792,0.4427917316173792,0.4427820400736944,20.04865362670955
400.0,38.139,85.665,3.537,4.195,1.6454501391736631,1.6453843325079556,1.6453843325079556,1.6454501391736631,2.676569763434515,2.6762744047157123,2.6762744047157123,2.676569763434515,1.697663015616136,1.6975512764047462,1.6975512764047462,1.697663015616136,0.4427344745088694,0.4427438939411381,0.4427438939411381,0.4427344745088694,20.04670780499417
400.0,38.152,52.208,3.156,4.237,1.6462163252851785,1.6461510820034193,1.6461510820034193,1.6462163252853468,2.6736887529699893,2.6733960395224527,2.6733960395224527,2.6736887296736755,1.693650865034724,1.693538348176592,1.693538348176592,1.693650865034724,0.4420692489457716,0.4420822297267507,0.4420822297267507,0.4420692489457716,20.024913149383696
400.0,38.16,62.563,4.28,5.778,1.6459751519651524,1.645910530326642,1.645910530326642,1.6459751519651524,2.6745901532286025,2.6743017293669085,2.6743017293669085,2.6745901532286025,1.6948986123874905,1.6947862740676922,1.6947862740676922,1.6948986123874905,0.4422781652510504,0.4422901139580786,0.4422901139580786,0.4422781652510504,20.031657069773072
400.0,38.378,20.175,3.238,6.072,1.646896571653082,1.6468321242345625,1.6468321242345625,1.646896571653082,2.67120172698575,2.670914149584376,2.670914149584376,2.67120172698575,1.6899960049077762,1.6898718560119996,1.6898718560119996,1.6899960049077762,0.4414883688855869,0.441520969922447,0.441520969922447,0.4414883688855869,20.00405321741609
400.0,38.448,24.311,6.218,4.68,1.6467816717161583,1.6467165535594954,1.6467165535594954,1.6467816717161583,2.671644643497607,2.6713529685578825,2.6713529685578825,2.671644643497607,1.6904936257194154,1.6903732027725265,1.6903732027725265,1.6904936257194154,0.4415937641999077,0.4416205432902053,0.4416205432902053,0.4415937641999077,20.006743285051
400.0,38.48,55.181,5.051,2.582,1.6460587665798796,1.64599381886908,1.64599381886908,1.6460587665798796,2.6743437016289366,2.6740529510997177,2.6740529510997177,2.6743437016289366,1.694211513032406,1.6940990479065128,1.6940990479065128,1.694211513032406,0.4422240107452143,0.442236582730361,0.442236582730361,0.4422240107452143,20.02683947560373
400.0,38.485,64.515,5.657,6.254,1.6458421804836891,1.6457770992979042,1.6457770992979042,1.6458421804836891,2.6751582913011904,2.6748671445576564,2.6748671445576564,2.6751582913011904,1.6953360812893472,1.6952240970112826,1.6952240970112826,1.6953360812893472,0.442412520088463,0.4424236093023229,0.4424236093023229,0.442412520088463,20.03291859342417
400.0,38.684,12.175,6.223,2.961,1.646999412900009,1.6469336687406937,1.6469336687406937,1.646999412900009,2.6708911138681866,2.6705955034040287,2.6705955034040287,2.6708911138681866,1.6896172547060009,1.689465643175089,1.689465643175089,1.6896172547060009,0.4413974099401147,0.4414729549114074,0.4414729549114074,0.4413974099401147,19.998838437343807
400.0,38.824,54.576,5.017,4.712,1.6459794807413477,1.6459144919976216,1.6459144919976216,1.6459794807413477,2.6747111715064054,2.6744207843911583,2.6744207843911583,2.6747111715064054,1.6943533415460343,1.694240747139674,1.694240747139674,1.6943533415460343,0.4423122248471044,0.4423248195611749,0.4423248195611749,0.4423122248471044,20.026435739952188
400.0,38.829,77.06,4.685,2.695,1.6454609156042466,1.6453959520726418,1.6453959520726418,1.6454609156042466,2.676665360494808,2.6763753132557984,2.6763753132557984,2.676665360494808,1.6970593525860025,1.6969467590426175,1.6969467590426175,1.6970593525860025,0.442763256913864,0.4427743364252194,0.4427743364252194,0.442763256913864,20.041080231310826
400.0,38.954,85.78,3.783,4.248,1.6452272101183292,1.6451619813607608,1.6451619813607608,1.6452272101183292,2.677578213760547,2.677286715316244,2.677286715316244,2.677578213760547,1.6981877100281983,1.6980754890326202,1.6980754890326202,1.6981877100281983,0.4429750933910035,0.4429849663110443,0.4429849663110443,0.4429750933910035,20.046757974598467
400.0,39.133,67.209,2.876,5.685,1.6456050159229978,1.6455397653105004,1.6455397653105004,1.6456050159229978,2.6761846763381425,2.675892484251263,2.675892484251263,2.6761846763381425,1.6960644876591209,1.695952155275649,1.695952155275649,1.6960644876591209,0.4426553171194939,0.4426665788478159,0.4426665788478159,0.4426553171194939,20.03465373086372
400.0,39.219,90.588,4.952,5.411,1.645045927256932,1.644980627128266,1.644980627128266,1.645045927256932,2.678322517698411,2.678030793921006,2.678030793921006,2.678322517698411,1.698933019295203,1.6988206406690909,1.6988206406690909,1.698933019295203,0.4431490420429822,0.4431587780333957,0.4431587780333957,0.4431490420429822,20.04988289018536
400.0,39.258,94.32,4.056,3.886,1.644950263420049,1.6448848234994593,1.6448848234994593,1.644950263420049,2.678695430660979,2.678403023139723,2.678403023139723,2.678695430660979,1.6994071340534782,1.6992948099047045,1.6992948099047045,1.6994071340534782,0.4432353314353438,0.4432446796443385,0.4432446796443385,0.4432353314353438,20.05231422736174
400.0,39.385,29.356,6.101,3.092,1.6464098264404223,1.6463440228713713,1.6463440228713713,1.6464098264404223,2.6732200766792373,2.6729239926622124,2.6729239926622124,2.6732200766792373,1.6916783029819555,1.6915609485627567,1.6915609485627567,1.6916783029819555,0.4419689956715505,0.4419904540479897,0.4419904540479897,0.4419689956715505,20.009999231692543
400.0,39.502,86.846,5.316,4.523,1.6450553100498218,1.6449897169515282,1.6449897169515282,1.6450553100498218,2.678345741169148,2.6780524170959032,2.6780524170959032,2.678345741169148,1.6986597028402537,1.6985473646456803,1.6985473646456803,1.6986597028402537,0.4431570716562233,0.4431668282323797,0.4431668282323797,0.4431570716562233,20.04743579233411
400.0,39.544,65.004,2.645,4.154,1.6455445786128635,1.6454795381992784,1.6454795381992784,1.6455445786128635,2.6764955868808418,2.676205081299736,2.676205081299736,2.6764955868808418,1.696055949943357,1.6959433139968585,1.6959433139968585,1.696055949943357,0.4427310347126455,0.4427427305212152,0.4427427305212152,0.4427310347126455,20.03320533062687
400.0,39.684,47.055,4.676,3.291,1.6459190626503324,1.6458546791178348,1.6458546791178348,1.6459190626503324,2.6751104710575797,2.674823827987028,2.674823827987028,2.6751104710575797,1.693987132192473,1.6938732723573964,1.6938732723573964,1.693987132192473,0.4424122577943016,0.4424270932634565,0.4424270932634565,0.4424122577943016,20.02151212008803
400.0,39.817,59.469,5.94,2.658,1.6455976700245794,1.6455327692477664,1.6455327692477664,1.6455976700245794,2.676349970536272,2.6760603346292786,2.6760603346292786,2.676349970536272,1.6955612410020553,1.6954484197518307,1.6954484197518307,1.6955612410020553,0.4427000870910524,0.4427123881511936,0.4427123881511936,0.4427000870910524,20.02959185347241
400.0,39.89,40.934,5.153,3.972,1.646005086541093,1.6459393495231804,1.6459393495231804,1.646005086541093,2.6748356176234167,2.6745405340322854,2.6745405340322854,2.6748356176234167,1.6933801032108553,1.693265933484999,1.693265933484999,1.6933801032108553,0.4423496546502204,0.4423652702937765,0.4423652702937765,0.4423496546502204,20.01752051846321
400.0,39.974,60.162,4.045,3.967,1.645539319966492,1.6454741001355735,1.6454741001355735,1.645539319966492,2.676603958127411,2.676312365783895,2.676312365783895,2.676603958127411,1.695742770091618,1.6956301976599422,1.6956301976599422,1.695742770091618,0.4427602042902265,0.4427719761631699,0.4427719761631699,0.4427602042902265,20.03003861157904
400.0,40.155,27.962,2.965,5.255,1.646232560627592,1.646166913885,1.646166913885,1.646232560627592,2.6740371636809104,2.6737423501142783,2.6737423501142783,2.6740371636809104,1.691989187917049,1.691872122068968,1.691872122068968,1.691989187917049,0.4421657538988384,0.4421865307009279,0.4421865307009279,0.4421657538988384,20.00906869553938
400.0,40.176,64.488,3.182,5.252,1.6453857158305447,1.645319874101986,1.645319874101986,1.6453857158305447,2.677229255108605,2.6769339224293285,2.6769339224293285,2.677229255108605,1.6963894841285616,1.696276770975916,1.696276770975916,1.6963894841285616,0.4429058592808568,0.4429174710688162,0.4429174710688162,0.4429058592808568,20.03284980508917
400.0,40.23,31.592,5.087,2.623,1.646128132031754,1.646062842863412,1.646062842863412,1.646128132031754,2.674441880641739,2.674149579633722,2.674149579633722,2.674441880641739,1.6924715221915667,1.6923548239951605,1.6923548239951605,1.6924715221915667,0.4422604602412603,0.4422804582035144,0.4422804582035144,0.4422604602412603,20.01142891557345
400.0,40.338,41.616,3.285,4.779,1.6458672235579663,1.6458025774465923,1.6458025774465923,1.6458672235579663,2.675439101878435,2.675150947757823,2.675150947757823,2.675439101878435,1.6937413339571936,1.6936269550632062,1.6936269550632062,1.6937413339571936,0.4424940112621598,0.4425097282794948,0.4425097282794948,0.4424940112621598,20.017951660528087
400.0,40.464,74.063,5.348,3.278,1.6450885830344966,1.6450228098256567,1.6450228098256567,1.6450885830344966,2.678415895097216,2.6781216195276727,2.6781216195276727,2.678415895097216,1.6977223825764227,1.697609997887267,1.697609997887267,1.6977223825764227,0.4431826007146268,0.4431928898146199,0.4431928898146199,0.4431826007146268,20.039078274837347
400.0,40.604,96.467,5.048,2.951,1.6445393276558062,1.644473609313175,1.644473609313175,1.6445393276558062,2.680543334751297,2.680249790783388,2.680249790783388,2.680543334751297,1.7005121077083447,1.7003995149438969,1.7003995149438969,1.7005121077083447,0.4436737880917537,0.4436828935751163,0.4436828935751163,0.4436737880917537,20.05367200673085
400.0,40.647,56.097,4.083,6.07,1.645451025865366,1.645385141658976,1.645385141658976,1.645451025865366,2.677077640020824,2.676781670231104,2.676781670231104,2.677077640020824,1.6956743046291964,1.6955611004101274,1.6955611004101274,1.6956743046291964,0.4428750426657332,0.442887919017343,0.442887919017343,0.4428750426657332,20.027371000292447
400.0,40.659,45.422,3.656,4.063,1.645692901524037,1.645627596125088,1.645627596125088,1.645692901524037,2.6761639063846787,2.6758718308871274,2.6758718308871274,2.6761639063846787,1.6943988232447078,1.6942842730374374,1.6942842730374374,1.6943988232447078,0.4426638260362622,0.4426794483339489,0.4426794483339489,0.4426638260362622,20.02041977999001
400.0,40.703,37.34,4.445,3.931,1.6458674062274197,1.6458017102540925,1.6458017102540925,1.6458674062274197,2.675517900198463,2.6752232802199205,2.6752232802199205,2.675517900198463,1.6934550173757472,1.693340172643284,1.693340172643284,1.6934550173757472,0.4425146772584452,0.4425312604046322,0.4425312604046322,0.4425146772584452,20.01515681875776
400.0,40.864,49.401,4.147,4.026,1.6455459129423249,1.6454804869391948,1.6454804869391948,1.6455459129423249,2.676760892203761,2.676467952075906,2.676467952075906,2.676760892203761,1.695004794140902,1.6948909038193742,1.6948909038193742,1.695004794140902,0.442803936573295,0.4428182557951478,0.4428182557951478,0.442803936573295,20.02300410606252
400.0,40.894,50.38,3.402,6.474,1.6455152191305458,1.6454503415892705,1.6454503415892705,1.6455152191305458,2.6768802353010943,2.676590983968218,2.676590983968218,2.6768802353010943,1.695140765918968,1.695027153167942,1.695027153167942,1.695140765918968,0.4428324055862133,0.442846158685257,0.442846158685257,0.4428324055862133,20.02364079147563
400.0,40.957,67.378,5.922,5.523,1.6451081973346235,1.645043114089454,1.645043114089454,1.6451081973346235,2.6784377797992533,2.678147515711744,2.678147515711744,2.6784377797992533,1.6972261938584448,1.697113272222308,1.697113272222308,1.6972261938584448,0.4431925260820595,0.4432039647432299,0.4432039647432299,0.4431925260820595,20.034709082793725
400.0,41.086,95.157,2.98,4.897,1.6444396636117486,1.6443738939444963,1.6443738939444963,1.6444396636117486,2.6810243523355872,2.6807305471167235,2.6807305471167235,2.6810243523355872,1.700657095421944,1.7005445269529176,1.7005445269529176,1.700657095421944,0.4437892314325069,0.4437982331483592,0.4437982331483592,0.4437892314325069,20.05280364654913
400.0,41.087,94.081,6.075,4.735,1.644464076700096,1.6443979849459034,1.6443979849459034,1.644464076700096,2.6809325700355533,2.6806364177186075,2.6806364177186075,2.6809325700355533,1.7005278020403845,1.7004150486645593,1.7004150486645593,1.7005278020403845,0.4437676918720015,0.4437770799677746,0.4437770799677746,0.4437676918720015,20.052102115577323
400.0,41.177,87.165,2.567,4.893,1.6445972697165927,1.6445316514703627,1.6445316514703627,1.6445972697165927,2.680437122715808,2.680144045629129,2.680144045629129,2.680437122715808,1.6997494015615275,1.699636792322082,1.699636792322082,1.6997494015615275,0.4436550443816929,0.4436645885100429,0.4436645885100429,0.4436550443816929,20.047592663003037
400.0,41.275,86.491,5.981,4.977,1.6445861832632338,1.6445206478589214,1.6445206478589214,1.6445861832632338,2.6804991801751994,2.6802066147220494,2.6802066147220494,2.6804991801751994,1.699729837421719,1.6996171044604549,1.6996171044604549,1.699729837421719,0.4436702441099026,0.4436800117652998,0.4436800117652998,0.4436702441099026,20.047150494045
400.0,41.405,76.595,3.543,6.138,1.6447769803278922,1.6447115037133664,1.6447115037133664,1.6447769803278922,2.6797945813510915,2.6795024845612394,2.6795024845612394,2.6797945813510915,1.6986178579006768,1.6985046933945898,1.6985046933945898,1.6986178579006768,0.443509051258648,0.4435200525251226,0.4435200525251226,0.443509051258648,20.040699247164035
400.0,41.424,36.76,3.484,6.204,1.6456851545860538,1.6456194646985507,1.6456194646985507,1.6456851545860538,2.676350108422508,2.6760555580704906,2.6760555580704906,2.676350108422508,1.6938346961493331,1.6937196573134228,1.6937196573134228,1.6938346961493331,0.4427136686033245,0.4427303213251213,0.4427303213251213,0.4427136686033245,20.014757337346335
400.0,41.446,30.065,6.012,2.657,1.645832825022377,1.6457678309924064,1.6457678309924064,1.645832825022377,2.6757951078342237,2.675505342008312,2.675505342008312,2.6757951078342237,1.6930463281520112,1.6929274409331072,1.6929274409331072,1.6930463281520112,0.4425834082974696,0.4426064558856819,0.4426064558856819,0.4425834082974696,20.010398946767523
400.0,41.472,90.025,3.794,6.183,1.6444527534183797,1.644387234095493,1.644387234095493,1.6444527534183797,2.6810516048355377,2.680759297818363,2.680759297818363,2.6810516048355377,1.700280345244262,1.7001673691929382,1.7001673691929382,1.700280345244262,0.4437991671872657,0.4438089762492644,0.4438089762492644,0.4437991671872657,20.049447602308938
400.0,41.508,48.19,3.211,2.593,1.645399259692644,1.6453342417182164,1.6453342417182164,1.645399259692644,2.677444087494385,2.6771543863085254,2.6771543863085254,2.677444087494385,1.695261571548303,1.695146970649665,1.695146970649665,1.695261571548303,0.4429676682033837,0.4429828812845739,0.4429828812845739,0.4429676682033837,20.022195882922937
400.0,41.569,46.03,3.34,6.016,1.645432634494782,1.645367189181639,1.645367189181639,1.645432634494782,2.677332355276972,2.677039998084666,2.677039998084666,2.677332355276972,1.695039684519003,1.6949252573388711,1.6949252573388711,1.695039684519003,0.442942340570641,0.4429573802568552,0.4429573802568552,0.442942340570641,20.020788409687576
400.0,41.611,38.76,4.291,2.913,1.6455885197943592,1.6455228079443007,1.6455228079443007,1.6455885197943592,2.676752591864086,2.676458226573533,2.676458226573533,2.676752591864086,1.6941917711289805,1.6940763993648182,1.6940763993648182,1.6941917711289805,0.4428080963579457,0.442825094927965,0.442825094927965,0.4428080963579457,20.01605334091612
400.0,41.736,83.895,5.302,4.845,1.6445217675058943,1.6444560278504374,1.6444560278504374,1.6445217675058943,2.680841078789906,2.680547628583556,2.680547628583556,2.680841078789906,1.69970574610174,1.6995928565987874,1.6995928565987874,1.69970574610174,0.4437532725153722,0.4437632171064741,0.4437632171064741,0.4437532725153722,20.04544507192714
400.0,41.996,33.276,5.577,5.129,1.6456098590644597,1.6455445620583111,1.6455445620583111,1.6456098590644597,2.676748108156202,2.6764564890415894,2.6764564890415894,2.676748108156202,1.69377414106913,1.6936567259135415,1.6936567259135415,1.69377414106913,0.4428095720092092,0.4428300070381891,0.4428300070381891,0.4428095720092092,20.01247232687273
400.0,42.258,49.333,4.98,5.496,1.645170738295832,1.6451047700499046,1.6451047700499046,1.645170738295832,2.678468107107144,2.678172577139109,2.678172577139109,2.678468107107144,1.6958676437799551,1.6957534536334418,1.6957534536334418,1.6958676437799551,0.443210717889529,0.4432249343465146,0.4432249343465146,0.443210717889529,20.022918142118723
400.0,42.266,13.496,3.07,5.546,1.6459916357815103,1.6459277936712642,1.6459277936712642,1.6459916357815103,2.6753592177049015,2.675077098247284,2.675077098247284,2.6753592177049015,1.6919396083852998,1.6917947927960268,1.6917947927960268,1.6919396083852998,0.4424721134031586,0.4425354727224256,0.4425354727224256,0.4424721134031586,19.999591380770077
400.0,42.292,25.251,5.224,4.528,1.6457144557739103,1.6456488345025766,1.6456488345034157,1.6457144557739103,2.676415151532072,2.6761212866879527,2.676121285291738,2.676415151532072,1.6929949273306524,1.692875138044928,1.692875138044928,1.6929949273306524,0.44273370405645,0.4427580446388151,0.4427580446388151,0.44273370405645,20.007240127095493
400.0,42.413,73.046,6.035,2.536,1.6445870558168072,1.6445210707671478,1.6445210707671478,1.6445870558168072,2.6807283914437123,2.6804332248797205,2.6804332248797205,2.6807283914437123,1.6988216431165164,1.6987085169685678,1.6987085169685678,1.6988216431165164,0.443733659052265,0.4437444788345901,0.4437444788345901,0.443733659052265,20.03835639476707
400.0,42.42,32.722,6.143,3.828,1.6455079926850913,1.6454426472712669,1.6454426472712669,1.6455079926850913,2.6772186945016783,2.676927410916444,2.676927410916444,2.6772186945016783,1.6939712977687331,1.693853897287786,1.693853897287786,1.6939712977687331,0.4429223770004926,0.4429425328150321,0.4429425328150321,0.4429223770004926,20.012098905104985
400.0,42.637,10.724,4.447,5.335,1.6459561824069266,1.6458899806901062,1.6458899806901062,1.6459561824069266,2.6755793809755937,2.6752825273927425,2.6752825273927425,2.6755793809755937,1.6919794531315693,1.691811028589303,1.691811028589303,1.6919794531315693,0.4425063948574398,0.4426068261557433,0.4426068261557433,0.4425063948574398,19.99777676639367
400.0,42.655,61.589,6.391,6.404,1.6447829022070817,1.6447174797848667,1.6447174797848667,1.6447829022070817,2.680024513988453,2.679732469022867,2.679732469022867,2.680024513988453,1.6975922476526768,1.6974787856803748,1.6974787856803748,1.6975922476526768,0.4435741042145943,0.4435861919543775,0.4435861919543775,0.4435741042145943,20.030886847976664
400.0,42.735,84.825,3.621,3.974,1.6442324053313608,1.6441662830871178,1.6441662830871178,1.6442324053313608,2.6821595945615737,2.6818641383303774,2.6818641383303774,2.6821595945615737,1.7004465457904816,1.7003330472110565,1.7003330472110565,1.7004465457904816,0.4440657620840654,0.4440762100701404,0.4440762100701404,0.4440657620840654,20.04602073097168
400.0,42.775,25.786,2.932,5.227,1.645571205913692,1.6455057560807336,1.6455057560807336,1.645571205913692,2.677052698156832,2.676760410061997,2.676760410061997,2.677052698156832,1.6933604863653238,1.693239596020877,1.693239596020877,1.6933604863653238,0.4428848381066403,0.4429106066734682,0.4429106066734682,0.4428848381066403,20.00757365520154
400.0,42.833,19.674,6.036,5.658,1.6456963825120323,1.6456303400730192,1.6456303400730192,1.6456963825120323,2.676595043977932,2.676298980052798,2.676298980052798,2.676595043977932,1.6927363179937502,1.69260968072272,1.69260968072272,1.6927363179937502,0.442775160066855,0.4428099691454667,0.4428099691454667,0.442775160066855,20.003594523763528
400.0,42.863,89.747,4.792,3.81,1.6440859098842493,1.6440201750422423,1.6440201750422423,1.6440859098842493,2.6827493635171837,2.6824560738250187,2.6824560738250187,2.6827493635171837,1.7011219780550313,1.7010086289652842,1.7010086289652842,1.7011219780550313,0.4442029316339768,0.4442129007671726,0.4442129007671726,0.4442029316339768,20.049223403306936
400.0,42.891,62.389,5.773,3.83,1.6447009182626693,1.6446356440122016,1.6446356440122016,1.6447009182626693,2.6803852261742365,2.6800944818672283,2.6800944818672283,2.6803852261742365,1.6978368343776715,1.6977231404901936,1.6977231404901936,1.6978368343776715,0.4436594550705914,0.4436717401084756,0.4436717401084756,0.4436594550705914,20.031400361160635
400.0,42.92,49.627,4.985,3.519,1.6449850181975434,1.644919152597518,1.644919152597518,1.6449850181975434,2.67930813312224,2.6790132903478865,2.6790132903478865,2.67930813312224,1.696317132779054,1.696202955254804,1.696202955254804,1.696317132779054,0.4434108611566871,0.443424853937095,0.443424853937095,0.4434108611566871,20.023088966114788
400.0,43.1,38.781,5.571,5.573,1.6451849815335504,1.6451189149675716,1.6451189149675716,1.6451849815335504,2.6785843569370003,2.6782884237540605,2.6782884237540605,2.6785843569370003,1.695124212152758,1.6950086589289004,1.6950086589289004,1.695124212152758,0.4432447482314403,0.4432614560257334,0.4432614560257334,0.4432447482314403,20.01602257495996
400.0,43.185,73.718,5.966,5.933,1.6443638674031325,1.6442984294671954,1.6442984294671954,1.6443638674031325,2.681739774898652,2.6814483263622866,2.6814483263622866,2.681739774898652,1.699387615165404,1.6992743088578532,1.6992743088578532,1.699387615165404,0.4439742700387968,0.4439850423612029,0.4439850423612029,0.4439742700387968,20.038770572108486
400.0,43.283,62.998,3.471,2.969,1.644581666899392,1.6445160687470133,1.6445160687470133,1.644581666899392,2.6809235599812284,2.6806309891621214,2.6806309891621214,2.6809235599812284,1.698155986373441,1.6980424049417535,1.6980424049417535,1.698155986373441,0.443787102164693,0.4437990030641567,0.4437990030641567,0.443787102164693,20.03178486513864
400.0,43.287,39.207,5.53,2.824,1.6451241235779686,1.6450590926585749,1.6450590926585749,1.6451241235780898,2.6788484934232577,2.678559070531047,2.678559070531047,2.678848515399606,1.6952926550178238,1.6951764968462322,1.6951764968462322,1.6952926550178238,0.4433077059254342,0.4433253022341124,0.4433253022341124,0.4433077059254342,20.01629361819784
400.0,43.328,56.965,5.043,5.041,1.6447072232863418,1.6446415044732718,1.6446415044732718,1.6447072232863418,2.6804516331840715,2.6801582378191093,2.6801582378191093,2.6804516331840715,1.6974567782981291,1.6973428481849753,1.6973428481849753,1.6974567782981291,0.4436785765039759,0.4436914264468714,0.4436914264468714,0.4436785765039759,20.027854497238373
400.0,43.35,63.118,3.114,4.577,1.6445610611078303,1.6444952920721667,1.6444952920721667,1.6445610611078303,2.681016581109458,2.680722968534194,2.680722968534194,2.681016581109458,1.6982121446050935,1.6980986787093868,1.6980986787093868,1.6982121446050935,0.4438091557795961,0.4438208360900105,0.4438208360900105,0.4438091557795961,20.031861047548933
400.0,43.386,16.077,4.9,2.669,1.6456289334849754,1.6455629971311303,1.6455629971311303,1.6456289334849754,2.6769605244944508,2.6766654180485254,2.6766654180485254,2.6769605244944508,1.6928221740681253,1.6926880711862733,1.6926880711862733,1.6928221740681253,0.4428593737470962,0.4429056330723679,0.4429056330723679,0.4428593737470962,20.001236869467903
400.0,43.425,91.646,5.775,6.264,1.643892489173974,1.643826233351836,1.643826233351836,1.643892489173974,2.6836151618841515,2.6833189469345733,2.6833189469345733,2.6836151618841515,1.7017055469215994,1.701592421573406,1.701592421573406,1.7017055469215994,0.4444073557700131,0.4444165805572492,0.4444165805572492,0.4444073557700131,20.05044341293037
400.0,43.472,13.972,2.924,3.892,1.6456554473272254,1.6455871349473532,1.6455871349473532,1.6456554473272254,2.67688982905827,2.6765798793932083,2.6765798793932083,2.67688982905827,1.6927237042169885,1.692584734630996,1.692584734630996,1.6927237042169885,0.4428385801411862,0.4428921650022516,0.4428921650022516,0.4428385801411862,19.99986500762258
400.0,43.506,68.782,2.587,3.742,1.6443896073400774,1.6443244669074268,1.6443244669074268,1.6443896073400774,2.6817043383831467,2.681414797464247,2.681414797464247,2.6817043383831467,1.698994118593594,1.698880176430423,1.698880176430423,1.698994118593594,0.4439689957098377,0.4439810047027545,0.4439810047027545,0.4439689957098377,20.03554506865232
400.0,43.538,36.998,4.828,3.712,1.64510751445769,1.6450415432587695,1.6450415432587695,1.64510751445769,2.678967113590145,2.678671941681295,2.678671941681295,2.678967113590145,1.6951831066071024,1.695067130395299,1.695067130395299,1.6951831066071024,0.4433370057008945,0.4433543039698956,0.4433543039698956,0.4433370057008945,20.014848066621752
400.0,43.595,79.461,2.721,4.647,1.6441234521735515,1.644057368273154,1.644057368273154,1.6441234521735515,2.68275350306926,2.6824581464446866,2.6824581464446866,2.68275350306926,1.7003391553958571,1.7002257943095445,1.7002257943095445,1.7003391553958571,0.4442109409623322,0.4442212774232287,0.4442212774232287,0.4442109409623322,20.04249927317977
400.0,43.652,31.535,5.179,4.491,1.6452012084402967,1.6451363403400967,1.6451363403400967,1.6452012084402967,2.6786279674924427,2.6783401024351847,2.6783401024351847,2.6786279674924427,1.6945978558700792,1.6944799776486643,1.6944799776486643,1.6945978558700792,0.4432594372204752,0.4432799133536709,0.4432799133536709,0.4432594372204752,20.011288572295104
400.0,43.669,88.816,4.444,5.454,1.6438911524346544,1.6438252024850912,1.6438252024850912,1.6438911524346544,2.6836680498961645,2.6833736976007416,2.6833736976007416,2.6836680498961645,1.7015170752303472,1.701403681222958,1.701403681222958,1.7015170752303472,0.4444219285111713,0.4444316639078974,0.4444316639078974,0.4444219285111713,20.048591922815707
400.0,43.713,76.843,4.423,5.141,1.6441511198242362,1.6440851468748987,1.6440851468748987,1.6441511198242362,2.6826702844194243,2.6823761052591104,2.6823761052591104,2.6826702844194243,1.7000975516132135,1.6999839536108037,1.6999839536108037,1.7000975516132135,0.4441929347366995,0.4442037059332361,0.4442037059332361,0.4441929347366995,20.040789856975007
400.0,43.883,93.02,2.897,5.705,1.643738776870648,1.6436728070991098,1.6436728070991098,1.643738776870648,2.6843035637838675,2.6840095983289576,2.6840095983289576,2.6843035637838675,1.7021606257430122,1.7020467116651132,1.7020467116651132,1.7021606257430122,0.4445696819593359,0.4445798400102186,0.4445798400102186,0.4445696819593359,20.051325062055724
400.0,44.079,51.624,2.825,2.839,1.6446265341738122,1.644561467937328,1.644561467937328,1.6446265341738122,2.6809093537251814,2.680620224659001,2.680620224659001,2.6809093537251814,1.6972836955142694,1.6971687245528593,1.6971687245528593,1.6972836955142694,0.4437909699151947,0.4438055920634002,0.4438055920634002,0.4437909699151947,20.02435362579477
400.0,44.133,77.711,5.526,4.604,1.6440188671583351,1.643952748054737,1.643952748054737,1.6440188671583351,2.6832673498883968,2.6829718866733367,2.6829718866733367,2.6832673498883968,1.700466431472056,1.7003527736464568,1.7003527736464568,1.700466431472056,0.4443341220442807,0.4443448323211371,0.4443448323211371,0.4443341220442807,20.04134247334528
400.0,44.217,36.451,4.615,4.172,1.6449361539477807,1.6448708791408002,1.6448708791408002,1.6449361539477807,2.6797539334056615,2.6794632789220256,2.6794632789220256,2.6797539334056615,1.6955421826242276,1.6954254495853616,1.6954254495853616,1.6955421826242276,0.4435248456603899,0.4435431198239099,0.4435431198239099,0.4435248456603899,20.01447157679773
400.0,44.322,70.876,2.7,5.122,1.6441231012629225,1.6440575357981997,1.6440575357981997,1.6441231012629225,2.6828995035498844,2.682607699217412,2.682607699217412,2.6828995035498844,1.6997595050151932,1.6996455825982348,1.6996455825982348,1.6997595050151932,0.4442516455153282,0.4442631597924491,0.4442631597924491,0.4442516455153282,20.03688447814397
400.0,44.324,40.919,5.468,4.941,1.6448051885580948,1.6447395873794242,1.6447395873794242,1.6448051885580948,2.6802769866692566,2.6799844650424065,2.6799844650424065,2.6802769866692566,1.696147151266802,1.696031096751465,1.696031096751465,1.696147151266802,0.4436466228438327,0.4436635670963309,0.4436635670963309,0.4436466228438327,20.01737707861779
400.0,44.333,63.777,4.783,4.639,1.6442815949926193,1.6442157488483171,1.6442157488483171,1.6442815949926193,2.682291103466823,2.68199740104105,2.68199740104105,2.682291103466823,1.698909167906947,1.6987951453110632,1.6987951453110632,1.698909167906947,0.4441115887121921,0.4441237300777686,0.4441237300777686,0.4441115887121921,20.03226009354101
400.0,44.533,93.005,2.744,5.976,1.6435652802626044,1.6434990134084502,1.6434990134084502,1.6435652802626044,2.685111984286603,2.6848164800765795,2.6848164800765795,2.685111984286603,1.70256912445161,1.7024551143619182,1.7024551143619182,1.70256912445161,0.4447615605334703,0.4447715727537721,0.4447715727537721,0.4447615605334703,20.05129504052266
400.0,44.586,72.304,4.147,5.214,1.6440202132101476,1.6439540997821265,1.6439540997821265,1.6440202132101476,2.683353305114492,2.683058254723625,2.683058254723625,2.683353305114492,1.700097429115779,1.6999839941677133,1.6999839941677133,1.700097429115779,0.4443585948638782,0.4443691033247844,0.4443691033247844,0.4443585948638782,20.037806075082425
400.0,44.719,45.195,6.345,5.691,1.6446013756698854,1.6445350524279183,1.6445350524279183,1.6446013756698854,2.6811405679772724,2.6808436202701453,2.6808436202701453,2.6811405679772724,1.6969093807445652,1.696794127984636,1.696794127984636,1.6969093807445652,0.443849441660997,0.4438646756984998,0.4438646756984998,0.443849441660997,20.020148599740036
400.0,44.734,91.022,5.191,5.879,1.6435564579912558,1.643490208322239,1.643490208322239,1.6435564579912558,2.6851877303889284,2.6848925735092326,2.6848925735092326,2.6851877303889284,1.7024560191642215,1.702341786068523,1.702341786068523,1.7024560191642215,0.4447807733950883,0.444791154619837,0.444791154619837,0.4447807733950883,20.04999632184644
400.0,44.773,50.531,4.051,5.808,1.6444647215648247,1.6443991974841814,1.6443991974841814,1.6444647215648247,2.6816722093998595,2.681380259667256,2.681380259667256,2.6816722093998595,1.6975868613642735,1.6974716073948075,1.6974716073948075,1.6975868613642735,0.4439728261954754,0.4439877307190606,0.4439877307190606,0.4439728261954754,20.023621252876456
400.0,44.773,83.35,3.247,3.831,1.6437194696178972,1.6436535028914805,1.6436535028914805,1.6437194696178972,2.6845581311552986,2.6842643375745605,2.6842643375745605,2.6845581311552986,1.7015515968939816,1.701437665200214,1.701437665200214,1.7015515968939816,0.4446370052905984,0.4446474574933555,0.4446474574933555,0.4446370052905984,20.044996399955323
400.0,45.025,21.257,4.073,4.468,1.645066060643646,1.6450000334738013,1.6450000334735204,1.645066060643646,2.6794249017221072,2.6791298015186498,2.6791298015162672,2.6794249017221072,1.6942223878846188,1.6940969395503538,1.6940969395503538,1.6942223878846188,0.4434500409913941,0.4434821314755014,0.4434821314755014,0.4434500409913941,20.00455822034277
400.0,45.035,90.15,3.384,3.395,1.643495806814436,1.643429478731992,1.643429478731992,1.643495806814436,2.6854852596836665,2.6851892885846387,2.6851892885846387,2.6854852596836665,1.702540135729081,1.7024258620208632,1.7024258620208632,1.702540135729081,0.4448519230513021,0.4448623849901407,0.4448623849901407,0.4448519230513021,20.049419037975373
400.0,45.12,71.109,3.381,3.974,1.6439042843328793,1.6438378675495915,1.6438378675495915,1.6439042843328793,2.683912506601471,2.683615823403167,2.683615823403167,2.683912506601471,1.7002894179425485,1.7001752372227503,1.7001752372227503,1.7002894179425485,0.4444915871187988,0.4445031199906514,0.4445031199906514,0.4444915871187988,20.03701096976317
400.0,45.335,62.299,4.276,5.461,1.6440461955939527,1.6439800181001438,1.6439800181001438,1.6440461955939527,2.6834041749890374,2.683108770076404,2.683108770076404,2.6834041749890374,1.6993602701324866,1.699246067214892,1.699246067214892,1.6993602701324866,0.444377064814194,0.4443891936691197,0.4443891936691197,0.444377064814194,20.031267060971608
400.0,45.514,61.556,4.126,3.1,1.6440152990849737,1.6439488193903409,1.6439488193903409,1.6440152990849737,2.683561252306032,2.6832640602223825,2.6832640602223825,2.683561252306032,1.6993825743323716,1.6992685100381977,1.6992685100381977,1.6993825743323716,0.444414840700557,0.4444267049076897,0.4444267049076897,0.444414840700557,20.03077735032695
400.0,45.551,24.112,4.895,2.985,1.6448581626535324,1.6447923445378825,1.6447923445378825,1.6448581626535324,2.6803220831936088,2.680028387361117,2.680028387361117,2.6803220831936088,1.6948919185318212,1.6947697329110225,1.6947697329110225,1.6948919185318212,0.4436644478313742,0.4436912779251877,0.4436912779251877,0.4436644478313742,20.00639976139915
400.0,45.641,61.707,3.513,4.905,1.6439774134364675,1.643911203895692,1.643911203895692,1.6439774134364675,2.6837321371112624,2.68343645614876,2.68343645614876,2.6837321371112624,1.6994810661217377,1.6993669722317253,1.6993669722317253,1.6994810661217377,0.4444555204495639,0.4444673989167153,0.4444673989167153,0.4444555204495639,20.030871512417168
400.0,45.684,62.899,2.51,3.242,1.643939070536092,1.643872923861312,1.643872923861312,1.643939070536092,2.6838894139308103,2.683594631194468,2.683594631194468,2.6838894139308103,1.699652164552699,1.699537247137786,1.699537247137786,1.699652164552699,0.4444915273929627,0.4445045486193354,0.4445045486193354,0.4444915273929627,20.031646634067755
400.0,45.705,15.434,3.84,4.303,1.6450159340954071,1.6449489796311596,1.6449489796311596,1.6450159340954071,2.67975729104225,2.6794569691148555,2.6794569691148555,2.67975729104225,1.6942259274047349,1.694089926808479,1.694089926808479,1.6942259274047349,0.4435247467417605,0.4435730945191244,0.4435730945191244,0.4435247467417605,20.000748808511148
400.0,45.835,94.828,5.371,4.936,1.6431765897234791,1.6431101846614262,1.6431101846614262,1.6431765897234791,2.686897115122641,2.6866014265501255,2.6866014265501255,2.686897115122641,1.7036123922866897,1.7034982548595023,1.7034982548595023,1.7036123922866897,0.4451840206177094,0.4451935256273313,0.4451935256273313,0.4451840206177094,20.052442351210047
400.0,46.026,33.453,4.269,5.061,1.6445166542858294,1.6444507648123357,1.6444507648123357,1.6445166542858294,2.6817266429249305,2.6814327808298186,2.6814327808298186,2.6817266429249305,1.6963132704066686,1.6961952536647722,1.6961952536647722,1.6963132704066686,0.4439954446292206,0.4440152064122596,0.4440152064122596,0.4439954446292206,20.01246487703432
400.0,46.089,48.846,3.226,4.79,1.6441490297304615,1.644083660717529,1.644083660717529,1.6441490297304615,2.6831533839849206,2.6828630329213814,2.6828630329213814,2.6831533839849206,1.6982089913064482,1.6980934652968187,1.6980934652968187,1.6982089913064482,0.4443264168413576,0.4443413101662662,0.4443413101662662,0.4443264168413576,20.0224833364319
400.0,46.118,78.579,6.496,3.432,1.6434676433478586,1.643401413523895,1.643401413523895,1.6434676433478586,2.685812716682077,2.68551795873878,2.68551795873878,2.685812716682077,1.7018224962172877,1.7017080464737484,1.7017080464737484,1.7018224962172877,0.4449379038963881,0.444948878024793,0.444948878024793,0.4449379038963881,20.04184646866922
400.0,46.195,70.07,4.27,2.951,1.6436394936531145,1.6435730617043458,1.6435730617043458,1.6436394936531145,2.685158469291775,2.6848621306619305,2.6848621306619305,2.685158469291775,1.700841005705068,1.700726994253393,1.700726994253393,1.700841005705068,0.444788632569235,0.4447994804067682,0.4447994804067682,0.444788632569235,20.03630109627618
400.0,46.224,26.435,2.784,4.724,1.6446236627962805,1.644557551612457,1.644557551612457,1.6446236627962805,2.6813567366208964,2.6810616315164766,2.6810616315164766,2.6813567366208964,1.695591818824194,1.6954710363046943,1.6954710363046943,1.695591818824194,0.443910080685768,0.4439344098584759,0.4439344098584759,0.443910080685768,20.007891144961985
400.0,46.258,45.64,4.839,6.045,1.6441770101720417,1.6441106344172651,1.6441106344172651,1.6441770101720417,2.683084350745733,2.682787949010591,2.682787949010591,2.683084350745733,1.697927987788248,1.6978124138794657,1.6978124138794657,1.697927987788248,0.4443115176427714,0.4443265925515977,0.4443265925515977,0.4443115176427714,20.020391005513964
400.0,46.406,84.889,5.843,4.061,1.6432483209247704,1.6431820365800605,1.6431820365800605,1.6432483209247704,2.6867299561809257,2.6864348053497835,2.6864348053497835,2.6867299561809257,1.7027685363184262,1.7026538979353294,1.7026538979353294,1.7027685363184262,0.4451509901036823,0.4451617653424582,0.4451617653424582,0.4451509901036823,20.045948215430958
400.0,46.451,85.927,3.89,2.742,1.643212844287721,1.6431466452127068,1.6431466452127068,1.643212844287721,2.6868776706422173,2.686583484750981,2.686583484750981,2.6868776706422173,1.7029227953671044,1.7028082013500965,1.7028082013500965,1.7029227953671044,0.4451855205975601,0.4451960511906363,0.4451960511906363,0.4451855205975601,20.0466232048146
400.0,46.549,88.975,4.309,3.816,1.6431183190797525,1.643051314200068,1.643051314200068,1.6431183190797525,2.6872727808527888,2.68697393625654,2.68697393625654,2.6872727808527888,1.7033543143745449,1.703239819749249,1.703239819749249,1.7033543143745449,0.4452766816131758,0.445286741728808,0.445286741728808,0.4452766816131758,20.048605853804496
400.0,46.63,47.564,5.326,5.229,1.6440329405313567,1.64396690481357,1.64396690481357,1.6440329405313567,2.6837149636379687,2.683420812223457,2.683420812223457,2.6837149636379687,1.6983943488992217,1.6982785697164506,1.6982785697164506,1.6983943488992217,0.4444601992320788,0.444475361958,0.444475361958,0.4444601992320788,20.02163175955036
400.0,46.709,82.724,4.863,3.593,1.643216388437983,1.6431497090639535,1.6431497090639535,1.643216388437983,2.686918114812267,2.686620871717412,2.686620871717412,2.686918114812267,1.7026975517980658,1.7025832092359323,1.7025832092359323,1.7026975517980658,0.4451971813230819,0.4452074633272632,0.4452074633272632,0.4451971813230819,20.044528423140825
400.0,46.766,45.241,6.495,5.002,1.6440493366567672,1.6439831066406976,1.6439831066406976,1.6440493366567672,2.683679342309933,2.6833839252406695,2.6833839252406695,2.683679342309933,1.6981988817788267,1.6980831410139186,1.6980831410139186,1.6981988817788267,0.4444532708514348,0.4444684496090367,0.4444684496090367,0.4444532708514348,20.02011569414337
400.0,46.77,77.436,4.091,6.137,1.6433192382622392,1.6432530588603902,1.6432530588603902,1.6433192382622392,2.686524423746558,2.6862298457083518,2.6862298457083518,2.686524423746558,1.702095059750077,1.7019807381919327,1.7019807381919327,1.702095059750077,0.4451077751426331,0.4451183944254242,0.4451183944254242,0.4451077751426331,20.0410812341806
400.0,46.832,58.699,2.595,3.068,1.6437259506846722,1.643660389015816,1.643660389015816,1.6437259506846722,2.684945252036784,2.6846543757235146,2.6846543757235146,2.684945252036784,1.6998667517734791,1.6997519132155343,1.6997519132155343,1.6998667517734791,0.4447459430349205,0.4447586856385298,0.4447586856385298,0.4447459430349205,20.02887630959344
400.0,46.844,94.591,2.685,4.235,1.6429133498793436,1.642846274422216,1.642846274422216,1.6429133498793436,2.688139894312125,2.687840482109899,2.687840482109899,2.688139894312125,1.7042219157213732,1.7041075708416051,1.7041075708416051,1.7042219157213732,0.4454784489714495,0.445487832524383,0.445487832524383,0.4454784489714495,20.052256586708925
400.0,46.899,74.457,4.401,6.001,1.6433520174463825,1.6432856519403245,1.6432856519403245,1.6433520174463825,2.6864224171669058,2.6861269786834647,2.6861269786834647,2.6864224171669058,1.7018158073341307,1.701701259480472,1.701701259480472,1.7018158073341307,0.4450854007828144,0.4450965226861613,0.4450965226861613,0.4450854007828144,20.03913661396876
400.0,47.039,48.237,3.157,5.861,1.643907828690618,1.6438418553232286,1.6438418553232286,1.643907828690618,2.6842814969857827,2.6839876407840766,2.6839876407840766,2.6842814969857827,1.6987324211867405,1.6986164667736952,1.6986164667736952,1.6987324211867405,0.4445943212344886,0.4446095471056431,0.4446095471056431,0.4445943212344886,20.02205726435962
400.0,47.109,84.455,3.133,5.735,1.643070530316378,1.6430039258636238,1.6430039258636238,1.643070530316378,2.687571141390265,2.687274588523056,2.687274588523056,2.687571141390265,1.703160352323123,1.7030456249196515,1.7030456249196515,1.703160352323123,0.4453507222058562,0.4453613037064795,0.4453613037064795,0.4453507222058562,20.045643563830787
400.0,47.134,66.894,5.604,3.805,1.6434602614844185,1.6433934802081749,1.6433934802081749,1.6434602614844185,2.686048165578652,2.685749966157806,2.685749966157806,2.686048165578652,1.7010481935873825,1.7009336402906097,1.7009336402906097,1.7010481935873825,0.4450015524143224,0.4450131056771149,0.4450131056771149,0.4450015524143224,20.03420379241771
400.0,47.289,84.975,6.414,6.062,1.6430106186375526,1.6429445071690731,1.6429445071690731,1.6430106186375526,2.6878403416601,2.6875469527980997,2.6875469527980997,2.6878403416601,1.7033370997198358,1.7032221968693986,1.7032221968693986,1.7033370997198358,0.445414471150389,0.4454252212642617,0.4454252212642617,0.445414471150389,20.04597686579984
400.0,47.318,81.424,4.508,3.034,1.6430831166624913,1.6430164913134524,1.6430164913137086,1.6430831166624913,2.687563549766941,2.6872666451364147,2.6872666451391245,2.687563549766941,1.702924617190842,1.7028100385447829,1.7028100385447829,1.702924617190842,0.4453511269266146,0.4453616332627574,0.4453616332627574,0.4453511269266146,20.04366201093075
400.0,47.366,58.111,2.723,5.351,1.643596611640186,1.6435298491656885,1.6435298491656885,1.643596611640186,2.685561785621867,2.6852632859379484,2.6852632859379484,2.685561785621867,1.700131648751212,1.7000169983605062,1.7000169983605062,1.700131648751212,0.4448921210209255,0.4449043759414741,0.4449043759414741,0.4448921210209255,20.028476946542035
400.0,47.398,50.595,6.151,5.397,1.6437582915905715,1.6436919231822869,1.6436919231822869,1.6437582915905715,2.6849365966016143,2.684640764784956,2.684640764784956,2.6849365966016143,1.6992426502634008,1.6991274073582594,1.6991274073582594,1.6992426502634008,0.4447486944563937,0.4447623968323195,0.4447623968323195,0.4447486944563937,20.02358181422516
400.0,47.436,27.822,3.185,4.019,1.644265519431148,1.644198957025602,1.644198957025602,1.644265519431148,2.682979832320507,2.6826823559139803,2.6826823559139803,2.682979832320507,1.696517706779317,1.6963973543679285,1.6963973543679285,1.696517706779317,0.4442954122389908,0.4443185080203359,0.4443185080203359,0.4442954122389908,20.00875685427551
400.0,47.511,13.627,5.597,5.491,1.6445693946182198,1.6445017491426848,1.6445017491426848,1.6445693946182198,2.681831151095738,2.6815267051118994,2.6815267051118994,2.681831151095738,1.695230540005798,1.6950834597235205,1.6950834597235205,1.695230540005798,0.4440108721029518,0.4440758127374022,0.4440758127374022,0.4440108721029518,19.999517537938928
400.0,47.525,99.799,6.037,2.607,1.64261506053351,1.642548002086108,1.642548002086108,1.64261506053351,2.6894563832668648,2.6891577562731577,2.6891577562731577,2.6894563832668648,1.7052859559336906,1.7051709997053943,1.7051709997053943,1.7052859559336906,0.4457865084154654,0.4457961998587864,0.4457961998587864,0.4457865084154654,20.05562820639701
400.0,47.901,50.146,3.982,2.785,1.6436334681967213,1.6435673609040853,1.6435673609040853,1.6436334681967213,2.68552230723602,2.6852282494820394,2.6852282494820394,2.68552230723602,1.6995050045676543,1.699388986304993,1.699388986304993,1.6995050045676543,0.4448877653115038,0.4449025113698691,0.4449025113698691,0.4448877653115038,20.023273738353968
400.0,47.934,71.905,4.752,5.513,1.6431335345734122,1.6430664441431944,1.6430664441431944,1.6431335345734122,2.6874913411715027,2.6871917667263774,2.6871917667263774,2.6874913411715027,1.7021597769956347,1.7020449863486211,1.7020449863486211,1.7021597769956347,0.4453402407776895,0.4453513985714267,0.4453513985714267,0.4453402407776895,20.037442272445453
400.0,47.999,66.802,5.835,4.393,1.6432307357002347,1.6431643269653742,1.6431643269653742,1.6432307357002347,2.687118857670357,2.6868234280693377,2.6868234280693377,2.687118857670357,1.7015829655987096,1.70146782539995,1.70146782539995,1.7015829655987096,0.4452556529948761,0.445267727804008,0.445267727804008,0.4452556529948761,20.034116585463327
400.0,48.076,38.746,4.043,6.262,1.643845071146529,1.6437784810251723,1.6437784810251723,1.643845071146529,2.6847359956631123,2.6844388388547906,2.6844388388547906,2.6847359956631123,1.698237205497357,1.698120102916441,1.698120102916441,1.698237205497357,0.4447077589432147,0.4447249309046923,0.4447249309046923,0.4447077589432147,20.015846910422027
400.0,48.142,54.486,4.694,4.417,1.6434707004465403,1.6434043199519723,1.6434043199519723,1.6434707004465403,2.6862076634108605,2.685911865900768,2.685911865900768,2.6862076634108605,1.7001820151987703,1.7000662286803352,1.7000662286803352,1.7001820151987703,0.445047418357274,0.4450614069884429,0.4450614069884429,0.445047418357274,20.02609225855052
400.0,48.265,58.065,4.886,6.006,1.6433571962038416,1.6432900522906924,1.6432900522906924,1.6433571962038416,2.6866801186154485,2.686379851760415,2.686379851760415,2.6866801186154485,1.7006925791872822,1.7005774004045158,1.7005774004045158,1.7006925791872822,0.4451570488453341,0.4451697308467828,0.4451697308467828,0.4451570488453341,20.028418746458478
400.0,48.4,67.205,2.923,2.729,1.6431143793125396,1.6430482297291562,1.6430482297291562,1.6431143793125396,2.6876548450574367,2.687361032670386,2.687361032670386,2.6876548450574367,1.70188482556987,1.7017694781480532,1.7017694781480532,1.70188482556987,0.4453825658456502,0.4453948310937098,0.4453948310937098,0.4453825658456502,20.03436624376425
400.0,48.801,49.228,2.669,5.985,1.643413327775617,1.6433464290162487,1.6433464290162487,1.643413327775617,2.6865659833439497,2.6862673845059373,2.6862673845059373,2.6865659833439497,1.6999604514456608,1.6998445866483127,1.6998445866483127,1.6999604514456608,0.4451358671367413,0.4451499877528886,0.4451499877528886,0.4451358671367413,20.022647687437168
400.0,48.832,41.301,4.012,5.435,1.6435842111255312,1.643517691674032,1.643517691674032,1.6435842111255312,2.685901954829143,2.685605593834152,2.685605593834152,2.685901954829143,1.6990212090139534,1.6989039890482425,1.6989039890482425,1.6990212090139534,0.4449829866126175,0.4449998352719241,0.4449998352719241,0.4449829866126175,20.017486830404174
400.0,48.897,14.809,6.262,2.525,1.6441693115194995,1.644100459269089,1.644100459269089,1.6441693115194995,2.6836557976211144,2.683344626863444,2.683344626863444,2.6836557976211144,1.6961845918087073,1.6960435299160073,1.6960435299160073,1.6961845918087073,0.4444480797110578,0.4445028853532567,0.4445028853532567,0.4444480797110578,20.00024386402589
400.0,48.988,68.816,5.428,3.869,1.642921814991311,1.6428546907007875,1.6428546907007875,1.642921814991311,2.688536068670498,2.68823646297466,2.68823646297466,2.688536068670498,1.7024508477665947,1.7023358844719825,1.7023358844719825,1.7024508477665947,0.4455900841536409,0.4456013192842182,0.4456013192842182,0.4455900841536409,20.0353969492053
400.0,49.043,72.133,4.237,5.612,1.6428324235167404,1.6427651935331775,1.6427651935331775,1.6428324235167404,2.6889000112448125,2.688600065556364,2.688600065556364,2.6889000112448125,1.7028883557945946,1.7027730000116232,1.7027730000116232,1.7028883557945946,0.4456737354043082,0.4456853298586245,0.4456853298586245,0.4456737354043082,20.037555756345053
400.0,49.084,17.101,3.181,3.136,1.6440656800015014,1.643998938357947,1.643998938357947,1.6440656800015014,2.6840830045286803,2.683784850633019,2.683784850633019,2.6840830045286803,1.6964667593726317,1.696334253092969,1.696334253092969,1.6964667593726317,0.4445561510445402,0.4445975872405656,0.4445975872405656,0.4445561510445402,20.001729434495893
400.0,49.125,45.973,5.532,5.012,1.6434001418632125,1.6433331414498258,1.6433331414498258,1.6434001418632125,2.686682987047853,2.6863836110932264,2.6863836110932264,2.686682987047853,1.699770843747968,1.699654376250325,1.699654376250325,1.699770843747968,0.445165353267897,0.445180555987164,0.445180555987164,0.445165353267897,20.0205187435136
400.0,49.16,20.801,4.62,3.02,1.6439607992556815,1.643894556140422,1.643894556140422,1.6439607992556815,2.684501433006795,2.684206687469416,2.684206687469416,2.684501433006795,1.6967853622271136,1.6966569602857893,1.6966569602857893,1.6967853622271136,0.4446564232569317,0.4446914835926915,0.4446914835926915,0.4446564232569317,20.004134639517737
400.0,49.171,44.809,3.13,4.972,1.6434142588501957,1.6433473388704951,1.6433473388704951,1.6434142588501957,2.6866364049739264,2.686337996861988,2.686337996861988,2.6866364049739264,1.6996586584992703,1.6995421015367411,1.6995421015367411,1.6996586584992703,0.4451551771591787,0.445170537014223,0.445170537014223,0.4451551771591787,20.01975942719146
400.0,49.175,34.414,5.266,4.697,1.6436487418989385,1.6435812416843223,1.6435812416843223,1.6436487418989385,2.6857241750046823,2.6854212234111223,2.6854212234111223,2.6857241750046823,1.698404092720463,1.698285896565819,1.698285896565819,1.698404092720463,0.4449440643721761,0.4449627700394238,0.4449627700394238,0.4449440643721761,20.01299272270867
400.0,49.373,93.69,5.934,5.8,1.6422609312162708,1.6421937519682746,1.6421937519682746,1.6422609312162708,2.69123486958327,2.6909356952253853,2.6909356952253853,2.69123486958327,1.7057157972527028,1.7056004412108958,1.7056004412108958,1.7057157972527028,0.4462117922567326,0.4462217610131282,0.4462217610131282,0.4462117922567326,20.051589139772886
400.0,49.378,29.55,5.039,3.281,1.6437038444038243,1.6436374870098154,1.6436374870098154,1.6437038444038243,2.685544032219904,2.6852487461041656,2.6852487461041656,2.685544032219904,1.6979451861029489,1.6978237693651217,1.6978237693651217,1.6979451861029489,0.4449031245883404,0.4449270545838911,0.4449270545838911,0.4449031245883404,20.009821578767024
400.0,49.642,44.824,5.492,3.852,1.6432878165573312,1.6432207612313563,1.6432207612313563,1.6432878165573312,2.687225930822009,2.6869267243401547,2.6869267243401547,2.687225930822009,1.6999569534233328,1.699840292976942,1.699840292976942,1.6999569534233328,0.4452949337899883,0.4453102860814323,0.4453102860814323,0.4452949337899883,20.01975451949295
400.0,49.676,49.236,5.22,3.407,1.64317870582719,1.6431122693196838,1.6431122693196838,1.64317870582719,2.687657983751136,2.6873630284622507,2.6873630284622507,2.687657983751136,1.7005130014221006,1.7003964272030183,1.7003964272030183,1.7005130014221006,0.4453949224629622,0.4454097873813718,0.4454097873813718,0.4453949224629622,20.022625719300443
400.0,49.847,39.549,4.867,5.065,1.6433519015423048,1.643285211913199,1.643285211913199,1.6433519015423048,2.687014041483861,2.6867172387463283,2.6867172387463283,2.687014041483861,1.6994481831328505,1.6993301742489202,1.6993301742489202,1.6994481831328505,0.4452475860045871,0.4452653197911231,0.4452653197911231,0.4452475860045871,20.016314650726216
400.0,49.924,62.318,6.225,3.227,1.6428180561310246,1.6427513145049015,1.6427513145049015,1.6428180561310246,2.6891302058720856,2.688833486387008,2.688833486387008,2.6891302058720856,1.7022545491421286,1.7021387139277653,1.7021387139277653,1.7022545491421286,0.4457352026218359,0.4457478880928386,0.4457478880928386,0.4457352026218359,20.031136195900668
400.0,50.003,56.186,3.26,4.409,1.642934970555324,1.6428680377883331,1.6428680377883331,1.642934970555324,2.68868522675096,2.6883872159236613,2.6883872159236613,2.68868522675096,1.7015609614749023,1.7014450779543029,1.7014450779543029,1.7015609614749023,0.4456338304284709,0.4456470088856035,0.4456470088856035,0.4456338304284709,20.027140461918982
400.0,50.031,93.278,4.797,4.025,1.642096053344064,1.642028226251553,1.642028226251553,1.642096053344064,2.692028012127972,2.69172533863078,2.69172533863078,2.692028012127972,1.7060830449449969,1.7059675830975425,1.7059675830975425,1.7060830449449969,0.4463993847156481,0.4464092196940661,0.4464092196940661,0.4463993847156481,20.051299866421832
400.0,50.052,82.253,5.656,4.115,1.6423369157656371,1.6422693209445418,1.6422693209445418,1.6423369157656371,2.691069576529356,2.6907681232220857,2.6907681232220857,2.691069576529356,1.704755872108611,1.7046405923953205,1.7046405923953205,1.704755872108611,0.4461805664973536,0.4461908282722812,0.4461908282722812,0.4461805664973536,20.044116046746
400.0,50.07,92.383,3.734,4.969,1.642105405207806,1.6420378964009716,1.6420378964009716,1.642105405207806,2.691996949614809,2.6916962036691583,2.6916962036691583,2.691996949614809,1.7059993241830194,1.7058837225333154,1.7058837225333154,1.7059993241830194,0.4463927821726648,0.4464028729672218,0.4464028729672218,0.4463927821726648,20.050715333409133
400.0,50.128,59.448,2.857,6.156,1.6428286168446884,1.6427609832850305,1.6427609832850305,1.6428286168446884,2.689134208789574,2.688831927839011,2.688831927839011,2.689134208789574,1.7020353683031753,1.701919722375476,1.701919722375476,1.7020353683031753,0.4457376753860503,0.4457501483457221,0.4457501483457221,0.4457376753860503,20.029260760213653
400.0,50.244,61.237,3.28,3.941,1.6427570591174068,1.6426902240756631,1.6426902240756631,1.6427570591174068,2.6894355090574718,2.68913839084178,2.68913839084178,2.6894355090574718,1.7023254298227093,1.702209835272407,1.702209835272407,1.7023254298227093,0.4458084983820334,0.445820731658149,0.445820731658149,0.4458084983820334,20.030422139048955
400.0,50.37,80.595,4.838,5.086,1.6422894137895856,1.6422219265023774,1.6422219265023774,1.6422894137895856,2.6913217224058648,2.691020810866903,2.691020810866903,2.6913217224058648,1.7047561397699138,1.7046406679287205,1.7046406679287205,1.7047561397699138,0.4462413408656082,0.4462519378255959,0.4462519378255959,0.4462413408656082,20.04302600024996
400.0,50.448,77.254,4.15,5.159,1.6423438363233052,1.6422759605562034,1.6422759605562034,1.6423438363233052,2.6911221983748455,2.690819321311955,2.690819321311955,2.6911221983748455,1.7043993726171394,1.704283700131362,1.704283700131362,1.7043993726171394,0.4461960916670894,0.4462071155770495,0.4462071155770495,0.4461960916670894,20.040846939400225
400.0,50.513,92.586,2.965,3.889,1.641983592700666,1.6419157202306462,1.6419157202306462,1.641983592700666,2.6925748265263,2.692271810200236,2.692271810200236,2.6925748265263,1.7063052163134709,1.70618974013979,1.70618974013979,1.7063052163134709,0.4465292235882972,0.446538947336689,0.446538947336689,0.4465292235882972,20.05083329655368
400.0,50.651,27.72,6.432,6.388,1.643403764819627,1.6433369537865306,1.6433369537865306,1.643403764819627,2.6869715694202028,2.686674263852266,2.686674263852266,2.6869715694202028,1.6985243647694364,1.6984021261904343,1.6984021261904343,1.6985243647694364,0.4452426045001527,0.4452672297608563,0.4452672297608563,0.4452426045001527,20.008590501590675
400.0,50.676,43.575,4.213,4.01,1.6430393571527098,1.642972099482154,1.642972099482154,1.6430393571527098,2.688409626096653,2.6881095367082186,2.6881095367082186,2.688409626096653,1.70045763864213,1.7003405243118763,1.7003405243118763,1.70045763864213,0.4455761701957554,0.4455918775166232,0.4455918775166232,0.4455761701957554,20.01890902906912
400.0,50.77,32.629,4.62,3.636,1.6432611419390757,1.643193860086302,1.643193860086302,1.6432611419390757,2.687556706558465,2.6872559922711394,2.6872559922711394,2.687556706558465,1.6991919566981974,1.6990729592027238,1.6990729592027238,1.6991919566981974,0.4453800701127791,0.4453993734881845,0.4453993734881845,0.4453800701127791,20.011781648240095
400.0,50.803,44.884,3.533,4.689,1.642975628845424,1.642908845500506,1.642908845500506,1.642975628845424,2.68868359542825,2.6883866371133878,2.6883866371133878,2.68868359542825,1.7006966075674208,1.7005793189115563,1.7005793189115563,1.7006966075674208,0.4456404463322315,0.4456563129672316,0.4456563129672316,0.4456404463322315,20.01975776634377
400.0,50.88,23.328,5.851,4.961,1.6434420549074564,1.6433747901579054,1.6433747901579054,1.6434420549074564,2.6868695199592376,2.6865690313480446,2.6865690313480446,2.6868695199592376,1.6981375146804412,1.698012474251508,1.698012474251508,1.6981375146804412,0.4452189757529245,0.4452480961441417,0.4452480961441417,0.4452189757529245,20.005725560710648
400.0,50.925,18.231,3.299,3.735,1.6435452220183824,1.643478427953269,1.643478427953269,1.6435452220183824,2.686473015334132,2.6861756629091813,2.6861756629091813,2.686473015334132,1.697708535402911,1.6975753507199196,1.6975753507199196,1.697708535402911,0.4451227269185267,0.4451644273319387,0.4451644273319387,0.4451227269185267,20.00240768477821
400.0,50.974,87.633,3.436,4.734,1.6419719528402843,1.6419044735083574,1.6419044735083574,1.6419719528402843,2.6927112377137217,2.6924109668165888,2.6924109668165888,2.6927112377137217,1.7059951020444928,1.7058792401048588,1.7058792401048588,1.7059951020444928,0.4465650510509088,0.4465754612228769,0.4465754612228769,0.4465650510509088,20.04759178945147
400.0,51.065,25.658,4.361,5.727,1.6433395958534684,1.6432723043627142,1.6432723043627142,1.6433395958534684,2.6873074988891323,2.687006925047178,2.687006925047178,2.6873074988891323,1.698535683194775,1.6984119605814936,1.6984119605814936,1.698535683194775,0.445322252762318,0.4453491616491054,0.4453491616491054,0.445322252762318,20.007236095083197
400.0,51.078,45.013,4.273,4.045,1.642899123019799,1.6428325765456029,1.6428325765456029,1.642899123019799,2.689038672365683,2.6887435213497057,2.6887435213497057,2.689038672365683,1.7008858109323453,1.700768183087365,1.700768183087365,1.7008858109323453,0.4457245179336132,0.445740749265149,0.445740749265149,0.4457245179336132,20.019832578071608
400.0,51.161,25.545,3.985,5.718,1.6433161997582555,1.643249600786186,1.643249600786186,1.6433161997582555,2.687414884289684,2.687119026176243,2.687119026176243,2.687414884289684,1.698582354424926,1.6984583352281342,1.6984583352281342,1.698582354424926,0.4453481689089258,0.445375446320215,0.445375446320215,0.4453481689089258,20.007159627274238
400.0,51.424,21.195,3.676,5.942,1.643344361764936,1.643277277398561,1.643277277398561,1.643344361764936,2.687359096686352,2.6870602038691804,2.6870602038691804,2.687359096686352,1.698239502920839,1.6981115877977102,1.6981115877977102,1.698239502920839,0.4453347811308007,0.4453680244885491,0.4453680244885491,0.4453347811308007,20.004320888827728
400.0,51.452,50.547,3.722,3.037,1.642674871299507,1.6426082874161252,1.6426082874161252,1.642674871299507,2.6899999418028124,2.6897046238865028,2.6897046238865028,2.6899999418028124,1.7017925789357031,1.701675525121523,1.701675525121523,1.7017925789357031,0.4459488913479191,0.4459636609474877,0.4459636609474877,0.4459488913479191,20.02342381554866
400.0,51.47,86.947,3.716,3.971,1.6418559167250897,1.6417881250033648,1.6417881250033648,1.6418559167250897,2.693276527988533,2.692974816208543,2.692974816208543,2.693276527988533,1.7062266369231889,1.7061106290205164,1.7061106290205164,1.7062266369231889,0.4466990255768527,0.4467094635746131,0.4467094635746131,0.4466990255768527,20.04712880423972
400.0,51.478,28.355,2.677,3.027,1.6431677922545709,1.6431009757203776,1.6431009757203323,1.6431677922545709,2.6880611875470093,2.6877639779955143,2.687763976516343,2.6880611875470093,1.6991212010726215,1.698999253779636,1.698999253779636,1.6991212010726215,0.4455009317246725,0.4455248069211704,0.4455248069211704,0.4455009317246725,20.008977872340868
400.0,51.596,56.279,5.138,4.554,1.6425078080871112,1.6424411085246549,1.6424411085246549,1.6425078080871112,2.690692248026314,2.6903959390143424,2.6903959390143424,2.690692248026314,1.7025789687979964,1.7024624431171425,1.7024624431171425,1.7025789687979964,0.446109137882576,0.4461226672834351,0.4461226672834351,0.446109137882576,20.02715054183649
400.0,51.673,19.417,4.755,3.217,1.6433177669029142,1.643250603720016,1.643250603720016,1.6433177669029142,2.6875129830846287,2.6872136453964126,2.6872136453964126,2.6875129830846287,1.6982667066093382,1.6981355814170125,1.6981355814170125,1.6982667066093382,0.445370093132252,0.4454082697685919,0.4454082697685919,0.445370093132252,20.003155875416034
400.0,51.774,84.201,5.386,5.93,1.6418365255846603,1.6417685710866567,1.6417685710866567,1.6418365255846603,2.693416139160861,2.693113201331275,2.693113201331275,2.693416139160861,1.7060859015124894,1.7059700063923169,1.7059700063923169,1.7060859015124894,0.4467339263129649,0.4467442517044443,0.4467442517044443,0.4467339263129649,20.045330543033597
400.0,51.8,91.675,5.383,2.727,1.6416629580531856,1.6415954810503626,1.6415954810503626,1.6416629580531856,2.6941168985630304,2.693817173507226,2.693817173507226,2.6941168985630304,1.707012152931507,1.7068962679258812,1.7068962679258812,1.707012152931507,0.4468947146839699,0.4469045605741767,0.4469045605741767,0.4468947146839699,20.050198668313215
400.0,51.816,58.301,5.147,3.736,1.6424042974381137,1.6423367147720571,1.6423367147720571,1.6424042974381137,2.6911518581264997,2.6908504716197874,2.6908504716197874,2.6911518581264997,1.7029634484015417,1.7028473518646572,1.7028473518646572,1.7029634484015417,0.4462163407786271,0.4462288854020159,0.4462288854020159,0.4462163407786271,20.028460690526256
400.0,51.859,55.943,6.076,2.973,1.64244579224622,1.6423782862247216,1.6423782862247216,1.64244579224622,2.690995077463412,2.6906942060551975,2.6906942060551975,2.690995077463412,1.7027043685755696,1.7025878377907802,1.7025878377907802,1.7027043685755696,0.4461805747842016,0.4461939719057033,0.4461939719057033,0.4461805747842016,20.026923915378195
400.0,52.16,96.971,4.706,3.97,1.6414502453292967,1.6413821782803308,1.6413821782803308,1.6414502453292967,2.6950503416067955,2.694747025463139,2.694747025463139,2.6950503416067955,1.7078868666014224,1.7077707015821535,1.7077707015821535,1.7078868666014224,0.4471109743321443,0.4471207200149269,0.4471207200149269,0.4471109743321443,20.05363817943168
400.0,52.172,57.21,2.765,3.996,1.642334263083033,1.6422661210757858,1.6422661210757858,1.642334263083033,2.691504344446668,2.6911995530904567,2.6911995530904567,2.691504344446668,1.7030563169661013,1.7029400680919553,1.7029400680919553,1.7030563169661013,0.4463000782968846,0.4463127643856414,0.4463127643856414,0.4463000782968846,20.02773945459641
400.0,52.186,50.711,2.833,5.88,1.642476325532488,1.6424080872644389,1.6424080872644389,1.642476325532488,2.6909422476277856,2.6906369716541128,2.6906369716541128,2.6909422476277856,1.7022762262378317,1.7021594096739652,1.7021594096739652,1.7022762262378317,0.4461710714359996,0.4461850559633003,0.4461850559633003,0.4461710714359996,20.023507370973025
400.0,52.344,21.152,4.294,4.827,1.6430984592044218,1.643031581891896,1.643031581891896,1.6430984592044218,2.6885060631077318,2.688209103660544,2.688209103660544,2.6885060631077318,1.6988178384489974,1.698688648191514,1.698688648191514,1.6988178384489974,0.4456061769773469,0.4456410046008783,0.4456410046008783,0.4456061769773469,20.004263871322493
400.0,52.379,54.379,5.272,4.968,1.6423423955622398,1.6422747847670516,1.6422747847670516,1.6423423955622398,2.691509964997708,2.6912088169118524,2.6912088169118524,2.691509964997708,1.702843291296548,1.7027267862727966,1.7027267862727966,1.702843291296548,0.4463036396294111,0.4463168346144827,0.4463168346144827,0.4463036396294111,20.025888915426822
400.0,52.381,29.874,4.408,5.932,1.6428919199197016,1.6428251551918354,1.6428251551918354,1.6428919199197016,2.689326668434101,2.689029919433346,2.689029919433346,2.689326668434101,1.6998738342998136,1.699751940461126,1.699751940461126,1.6998738342998136,0.445800048995434,0.4458233719655799,0.4458233719655799,0.445800048995434,20.00993859514918
400.0,52.384,39.038,3.358,3.228,1.6426852719348504,1.6426177017528814,1.6426177017528814,1.6426852719349183,2.6901485649041845,2.6898470720501284,2.6898470720501284,2.6901485649049475,1.7009854600993073,1.700867045449218,1.700867045449218,1.7009854600993073,0.4459904605316127,0.4460078226390423,0.4460078226390423,0.4459904605316127,20.015902497579567
400.0,52.391,20.003,4.929,3.768,1.6431120863086393,1.6430447002616784,1.6430447002616784,1.6431120863086393,2.6884641540586838,2.688163686638771,2.688163686638771,2.6884641540586838,1.6987620052898218,1.6986333422618307,1.6986333422618307,1.6987620052898218,0.4455971207088355,0.4456311175506688,0.4456311175506688,0.4455971207088355,20.003514638452575
400.0,52.456,55.241,4.674,5.8,1.6423025010225565,1.642235092846399,1.6422350928466871,1.6423025010225565,2.6916833826599094,2.6913835633269487,2.6913835648307707,2.6916833826599094,1.7029967748970734,1.7028802877591491,1.7028802877591491,1.7029967748970734,0.4463442773339239,0.4463573255802182,0.4463573255802182,0.4463442773339239,20.02644805706785
400.0,52.612,29.414,3.827,4.386,1.6428410898078876,1.6427734943620829,1.6427734943620829,1.6428410898078876,2.6895773190872743,2.689275806453012,2.689275806453012,2.6895773190872743,1.6999630355771684,1.699841655931884,1.699841655931884,1.6999630355771684,0.4458596506884067,0.4458820416901004,0.4458820416901004,0.4458596506884067,20.00963144372639
400.0,52.719,72.496,4.83,3.244,1.6418469024600155,1.6417792451138011,1.6417792451138011,1.6418469024600155,2.6935604082001112,2.6932594809936408,2.6932594809936408,2.6935604082001112,1.705261799895049,1.7051451789147722,1.7051451789147722,1.705261799895049,0.446776000269724,0.4467879282074418,0.4467879282074418,0.446776000269724,20.0376757355187
400.0,52.733,83.111,3.166,2.97,1.6416068957536782,1.641539031706582,1.641539031706582,1.6416068957536782,2.694530305995477,2.6942286268927846,2.6942286268927846,2.694530305995477,1.7065624943092743,1.7064463422289091,1.7064463422289091,1.7065624943092743,0.4469981264673585,0.4470084856678859,0.4470084856678859,0.4469981264673585,20.04458919778724
400.0,52.841,36.327,4.557,4.607,1.6426243761104644,1.6425567129325964,1.6425567129325964,1.6426243761104644,2.6904806999155557,2.690178897016821,2.690178897016821,2.6904806999155557,1.7009448395210702,1.7008260964424473,1.7008260964424473,1.7009448395210702,0.4460708495900196,0.4460885895951513,0.4460885895951513,0.4460708495900196,20.014123585585576
400.0,52.932,30.546,3.46,6.498,1.64272979267997,1.6426626707498817,1.6426626707498817,1.64272979267997,2.690078263712499,2.6897798278571656,2.6897798278571656,2.690078263712499,1.7003021438763106,1.7001807168756549,1.7001807168756549,1.7003021438763106,0.4459779118964417,0.4460002092060501,0.4460002092060501,0.4459779118964417,20.01035784300896
400.0,52.938,64.189,3.302,4.371,1.6419745365312008,1.641906541706367,1.641906541706367,1.6419745365312008,2.6930931121467827,2.6927900073130533,2.6927900073130533,2.6930931121467827,1.704389675208774,1.704273172125773,1.704273172125773,1.704389675208774,0.4466711841205716,0.4466834029513787,0.4466834029513787,0.4466711841205716,20.032259144740323
400.0,52.95,34.014,6.193,4.041,1.6426473485653272,1.6425796121621168,1.6425796121621168,1.6426473485653272,2.6904119445540484,2.690110052123861,2.690110052123861,2.6904119445540484,1.7007337115524983,1.700613572481791,1.700613572481791,1.7007337115524983,0.4460550865921648,0.4460750949515064,0.4460750949515064,0.4460550865921648,20.012614723085928
400.0,53.082,46.188,3.662,3.071,1.6423388461997122,1.642270953098628,1.642270953098628,1.6423388461997122,2.691664611183356,2.6913618252163487,2.6913618252163487,2.691664611183356,1.7022936960770805,1.7021761761067609,1.7021761761067609,1.7022936960770805,0.4463450833296739,0.4463601792473492,0.4463601792473492,0.4463450833296739,20.02053427564319
400.0,53.137,59.906,3.427,3.301,1.6420171127318892,1.6419496266663312,1.6419496266663312,1.6420171127318892,2.6929588259919472,2.692658885410294,2.692658885410294,2.6929588259919472,1.7039949740805975,1.703878216595229,1.703878216595229,1.7039949740805975,0.4466426333848248,0.4466554995240478,0.4466554995240478,0.4466426333848248,20.02946384930009
400.0,53.192,65.574,4.318,4.777,1.6418760469602165,1.6418084367298258,1.6418084367298258,1.641876046960394,2.6935362799205698,2.6932360079151563,2.6932360079151563,2.6935363020925407,1.7047191858338762,1.704602512776748,1.704602512776748,1.7047191858338762,0.4467752591223484,0.446787525603774,0.446787525603774,0.4467752591223484,20.033152845022688
400.0,53.215,73.466,4.248,4.301,1.6416938705857669,1.6416260301933734,1.6416260301933734,1.6416938705857669,2.694275153126882,2.693972901328225,2.693972901328225,2.694275153126882,1.7056944773573202,1.7055783336258206,1.7055783336258206,1.7056944773573202,0.4469445467970452,0.446955480220545,0.446955480220545,0.4469445467970452,20.03829177209804
400.0,53.354,73.754,3.388,6.148,1.6416505620208923,1.6415827367726328,1.6415827367726328,1.6416505620208923,2.6944766812797885,2.6941748166106287,2.6941748166106287,2.6944766812797885,1.7058180400132426,1.7057015530622412,1.7057015530622412,1.7058180400132426,0.4469917923409827,0.447003160065744,0.447003160065744,0.4469917923409827,20.038474768850712
400.0,53.374,48.33,6.371,3.566,1.6422131346177773,1.6421456385063815,1.6421456385063815,1.6422131346180422,2.6922217454157567,2.6919218800328504,2.6919218800328504,2.692221723266742,1.7027384453941614,1.7026204148919803,1.7026204148919803,1.7027384453941614,0.4464754000299779,0.4464910061760941,0.4464910061760941,0.4464754000299779,20.02191968559269
400.0,53.38,29.394,3.104,5.336,1.6426356745479886,1.6425691939321525,1.6425691939321525,1.6426356745479886,2.6905366106062893,2.690242174117328,2.690242174117328,2.6905366106062893,1.7004450415107055,1.7003235961614376,1.7003235961614376,1.7004450415107055,0.4460877804310408,0.4461099959106277,0.4461099959106277,0.4460877804310408,20.0095944119886
400.0,53.381,81.324,4.913,3.489,1.641475180948914,1.641407084745225,1.641407084745225,1.641475180948914,2.695191220774386,2.694888096400697,2.694888096400697,2.695191220774386,1.706757089883386,1.7066406105242864,1.7066406105242864,1.706757089883386,0.4471551995204474,0.4471659425262175,0.4471659425262175,0.4471551995204474,20.043404405415775
400.0,53.466,31.982,6.45,5.342,1.6425547534790763,1.6424876153808412,1.6424876153808412,1.6425547534790763,2.690877871848301,2.6905798008577926,2.6905798008577926,2.690877871848301,1.700813638594459,1.7006924176190366,1.7006924176190366,1.700813638594459,0.4461665585053307,0.4461881695967828,0.4461881695967828,0.4461665585053307,20.011276157260404
400.0,53.556,43.231,2.607,2.904,1.6422787445666616,1.6422111512442112,1.6422111512442112,1.6422787445666616,2.6919965930941694,2.6916958178465524,2.6916958178465524,2.6919965930941694,1.7022344240042455,1.7021164717078483,1.7021164717078483,1.7022344240042455,0.4464256792874801,0.4464414260013141,0.4464414260013141,0.4464256792874801,20.018594291409496
400.0,53.557,13.219,3.483,6.186,1.6429540439338275,1.6428842445048335,1.6428842445048335,1.6429540439338275,2.6893301529404323,2.689015075543454,2.689015075543454,2.6893301529404323,1.6990061300771808,1.6988572499418009,1.6988572499418009,1.6990061300771808,0.4457900935707161,0.4458550891559018,0.4458550891559018,0.4457900935707161,19.999063952650246
400.0,53.644,66.314,5.037,6.411,1.6417398197694346,1.6416719323986912,1.6416719323986912,1.6417398197694346,2.694175106347651,2.6938729860503474,2.6938729860503474,2.694175106347651,1.705096086766006,1.7049792570242832,1.7049792570242832,1.705096086766006,0.446925460682761,0.4469377227680284,0.4469377227680284,0.446925460682761,20.03362035945604
400.0,53.649,68.266,3.415,4.307,1.6416948567529055,1.6416269059831632,1.6416269059831632,1.6416948567529055,2.6943572679222174,2.694054928460572,2.694054928460572,2.6943572679222174,1.70533715739216,1.7052203029870086,1.7052203029870086,1.70533715739216,0.4469671050728211,0.4469792889620322,0.4469792889620322,0.4469671050728211,20.034890868684805
400.0,53.83,35.996,6.19,3.55,1.6423679023909583,1.6423005834891424,1.6423005834891424,1.6423679023909583,2.691693697985955,2.6913943187490417,2.6913943187490417,2.691693697985955,1.7015295878988337,1.7014094871850898,1.7014094871850898,1.7015295878988337,0.446357576629442,0.4463771276609633,0.4463771276609633,0.446357576629442,20.01387670797573
400.0,53.921,16.885,4.81,6.356,1.6427733484010023,1.6427052157975883,1.6427052157975883,1.6427733484010023,2.6901070034123027,2.6898027719274986,2.6898027719274986,2.6901070034123027,1.6995016537824523,1.6993641832687372,1.6993641832687372,1.6995016537824523,0.4459816532799651,0.4460287059998414,0.4460287059998414,0.4459816532799651,20.001438294542552
400.0,53.975,53.04,6.312,3.624,1.6419478874797724,1.6418803162098603,1.6418803162098603,1.6419478874797724,2.6934022804086344,2.6931020725404644,2.6931020725404644,2.6934022804086344,1.7036914017060645,1.703573996077575,1.703573996077575,1.7036914017060645,0.4467518694974471,0.4467659147245268,0.4467659147245268,0.4467518694974471,20.024966476877225
400.0,54.173,41.475,3.408,6.407,1.6421538620811005,1.6420863490299271,1.6420863490299271,1.6421538620811005,2.692616803475014,2.6923170253882582,2.6923170253882582,2.692616803475014,1.702411643116404,1.7022927486314092,1.7022927486314092,1.702411643116404,0.4465730986767263,0.446590178658959,0.446590178658959,0.4465730986767263,20.017431747423576
400.0,54.217,56.99,5.192,4.438,1.641795627962524,1.6417278082540143,1.6417278082540143,1.641795627962524,2.6940632832523854,2.693762204241448,2.693762204241448,2.6940632832523854,1.704325358960236,1.7042080113708329,1.7042080113708329,1.704325358960236,0.4469053634565088,0.446918828396995,0.446918828396995,0.4469053634565088,20.027530563389966
400.0,54.265,82.872,5.489,3.799,1.6412070827891634,1.6411392402539164,1.6411392402539164,1.6412070827891634,2.6964511604475345,2.6961503922854053,2.6961503922854053,2.6964511604475345,1.7075087817232817,1.7073916316494802,1.7073916316494802,1.7075087817232817,0.4474515050729544,0.447462781011175,0.447462781011175,0.4474515050729544,20.044384727643575
400.0,54.398,47.266,5.977,2.635,1.6419644672896865,1.641896789158083,1.641896789158083,1.6419644672896865,2.6934203429226247,2.6931194710104966,2.6931194710104966,2.6934203429226247,1.7032577279693677,1.703139889467544,1.703139889467544,1.7032577279693677,0.4467597987671556,0.4467747556219662,0.4467747556219662,0.4467597987671556,20.0211941647562
400.0,54.422,75.201,4.676,3.728,1.6413358394923048,1.6412679470475198,1.6412679470475198,1.6413358394923048,2.695960564758816,2.6956590978106845,2.6956590978106845,2.695960564758816,1.7066734787761375,1.706556698429626,1.706556698429626,1.7066734787761375,0.4473412638735681,0.4473524578938744,0.4473524578938744,0.4473412638735681,20.039383148002397
400.0,54.487,94.497,4.088,4.716,1.6408911543354938,1.640822769849667,1.640822769849667,1.6408911543354938,2.6977847119478997,2.6974806755663767,2.6974806755663767,2.6977847119478997,1.709069210499076,1.7089522604762262,1.7089522604762262,1.709069210499076,0.4477578071436139,0.4477679142370539,0.4477679142370539,0.4477578071436139,20.051950798502567
400.0,54.743,80.469,2.76,5.983,1.6411343995761627,1.6410660384444755,1.6410660384444755,1.6411343995761627,2.696844173619007,2.6965400751203723,2.6965400751203723,2.696844173619007,1.7075200515739335,1.7074033575870768,1.7074033575870768,1.7075200515739335,0.4475459661287253,0.4475564875790111,0.4475564875790111,0.4475459661287253,20.042804142916157
400.0,54.803,84.077,4.15,4.8,1.6410387471101036,1.6409703317544857,1.6409703317544857,1.6410387471101036,2.69724528047408,2.696940985845212,2.696940985845212,2.69724528047408,1.70799816119348,1.7078814152140502,1.7078814152140502,1.70799816119348,0.447638042642622,0.4476483541466907,0.4476483541466907,0.447638042642622,20.04515209274922
400.0,54.961,38.095,2.927,3.58,1.6420196962226214,1.6419522035729477,1.6419522035729477,1.6420196962226214,2.693308702286189,2.693009367324748,2.693009367324748,2.693308702286189,1.7024997897467669,1.7023803673607931,1.7023803673607931,1.7024997897467669,0.4467388952238683,0.4467566632300146,0.4467566632300146,0.4467388952238683,20.015206985607406
400.0,54.977,95.17,5.815,4.683,1.64074722637804,1.6406790136271725,1.6406790136271725,1.64074722637804,2.698468881160786,2.698166180764725,2.698166180764725,2.698468881160786,1.7094640539109662,1.709347167469863,1.709347167469863,1.7094640539109662,0.4479189789578759,0.4479287122667083,0.4479287122667083,0.4479189789578759,20.052373783556398
400.0,54.978,44.204,4.065,4.421,1.6418789483096183,1.6418110197666556,1.6418110197666556,1.6418789483096183,2.693879131170528,2.6935769451185867,2.6935769451185867,2.693879131170528,1.7032529732567474,1.7031342109194154,1.7031342109194154,1.7032529732567474,0.4468696274838778,0.4468859699057009,0.4468859699057009,0.4468696274838778,20.0191828180074
400.0,54.982,55.095,3.705,5.84,1.641634984797972,1.6415668170821427,1.6415668170821427,1.641634984797972,2.6948626328103478,2.694559433606852,2.694559433606852,2.6948626328103478,1.7045803264367885,1.7044626468209083,1.7044626468209083,1.7045803264367885,0.4470951966533914,0.4471089906964347,0.4471089906964347,0.4470951966533914,20.02627207858052
400.0,55.0,19.305,5.299,6.112,1.6424305436876423,1.6423623163670118,1.6423623163670118,1.6424305436876423,2.691679547067237,2.6913749088589607,2.6913749088589607,2.691679547067237,1.7003601672217128,1.70022965619112,1.70022965619112,1.7003601672217128,0.4463577962937899,0.4463934619024588,0.4463934619024588,0.4463577962937899,20.002978495457548
400.0,55.143,43.844,6.469,5.566,1.6418428953626605,1.6417751404414105,1.6417751404414105,1.6418428953626605,2.694054963871476,2.693754093323599,2.693754093323599,2.694054963871476,1.7033138357824804,1.7031951794266085,1.7031951794266085,1.7033138357824804,0.4469117519663494,0.4469278419763011,0.4469278419763011,0.4469117519663494,20.0189429912922
400.0,55.161,78.474,3.292,3.796,1.641068304520766,1.641000039993051,1.641000039993051,1.641068304520766,2.697194842069321,2.6968914526077628,2.6968914526077628,2.697194842069321,1.707542911658472,1.707425815177595,1.707425815177595,1.707542911658472,0.4476299448141407,0.447641067101254,0.447641067101254,0.4476299448141407,20.04149121446847
400.0,55.212,79.641,3.921,4.92,1.641029233083255,1.6409605484908922,1.6409605484908922,1.641029233083255,2.6973660387339065,2.697060087424222,2.697060087424222,2.6973660387339065,1.70771761812557,1.7076005600815505,1.7076005600815505,1.70771761812557,0.4476692673396846,0.4476802176478367,0.4476802176478367,0.4476692673396846,20.04224944166483
400.0,55.215,37.424,2.828,3.161,1.641967316382407,1.6418992189313386,1.6418992189313386,1.641967316382407,2.693571757171456,2.693268193256682,2.693268193256682,2.693571757171456,1.7025791995787385,1.7024596049631229,1.7024596049631229,1.7025791995787385,0.4468009284079576,0.4468189998701262,0.4468189998701262,0.4468009284079576,20.014762318768557
400.0,55.226,10.162,2.916,6.286,1.6425758327001243,1.6425072358938042,1.6425072358938042,1.6425758327001243,2.6911495752998724,2.6908433082220578,2.6908433082220578,2.6911495752998724,1.6998515847462583,1.6996678810751793,1.6996678810751793,1.6998515847462583,0.4461972756306786,0.4463161457982219,0.4463161457982219,0.4461972756306786,19.997022927019117
400.0,55.309,26.546,3.094,5.268,1.6421858664002376,1.6421179620100923,1.6421179620100923,1.6421858664002376,2.6927145160693366,2.6924122706193225,2.6924122706193225,2.6927145160693366,1.701318467126278,1.7011934656736745,1.7011934656736745,1.701318467126278,0.4466018727928106,0.4466288954366408,0.4466288954366408,0.4466018727928106,20.00767979481961
400.0,55.436,54.013,3.883,3.002,1.6415389091487862,1.641470709522742,1.641470709522742,1.6415389091487862,2.695339546820557,2.6950361033927384,2.6950361033927384,2.695339546820557,1.7047360636021385,1.7046186437343172,1.7046186437343172,1.7047360636021385,0.4472088548443745,0.447222177607053,0.447222177607053,0.4472088548443745,20.02555319595476
400.0,55.518,77.89,4.029,4.59,1.6409872204999516,1.6409185136274167,1.6409185136274167,1.6409872204999516,2.697597547479301,2.6972913109989447,2.6972913109989447,2.697597547479301,1.7076989504142683,1.7075819289547811,1.7075819289547811,1.7076989504142683,0.4477251471045183,0.4477360636949581,0.4477360636949581,0.4477251471045183,20.041098755521524
400.0,55.723,95.256,3.32,4.5,1.6405493680645526,1.64048077306424,1.64048077306424,1.6405493680645526,2.6994293234115294,2.699124585814299,2.699124585814299,2.6994293234115294,1.7099511573687998,1.709833980789304,1.709833980789304,1.7099511573687998,0.4481449791149358,0.4481548380845819,0.4481548380845819,0.4481449791149358,20.052405317953237
400.0,55.938,35.062,3.668,3.238,1.6418277971219135,1.6417601746159676,1.6417601746159676,1.6418277971219135,2.694271214127307,2.693971427295448,2.693971427295448,2.694271214127307,1.7027498688016205,1.7026289486279578,1.7026289486279578,1.7027498688016205,0.4469674974810036,0.4469873985988673,0.4469873985988673,0.4469674974810036,20.013201926576333
400.0,55.995,43.582,3.975,4.91,1.6416226838583474,1.6415549471679016,1.6415549471679016,1.6416226838583474,2.6951090986178645,2.6948087707950736,2.6948087707950736,2.6951090986178645,1.7038218365734568,1.7037027714434088,1.7037027714434088,1.7038218365734568,0.4471608764749406,0.4471772837494486,0.4471772837494486,0.4471608764749406,20.018745321336567
400.0,56.102,83.423,5.319,4.744,1.640710577326194,1.6406423715302072,1.6406423715302072,1.640710577326194,2.698840636717359,2.698538160784782,2.698538160784782,2.698840636717359,1.7087475517269153,1.708629899160198,1.708629899160198,1.7087475517269153,0.4480144633952,0.4480257217291141,0.4480257217291141,0.4480144633952,20.044684364966336
400.0,56.226,96.91,3.782,5.51,1.640380610918587,1.6403119955220258,1.6403119955220258,1.640380610918587,2.7002223270800805,2.699917549533643,2.699917549533643,2.7002223270800805,1.7104752542767403,1.710358023023984,1.710358023023984,1.7104752542767403,0.448330704408393,0.4483403350851193,0.4483403350851193,0.448330704408393,20.05346669742216
400.0,56.263,59.852,4.468,4.227,1.6411901497030594,1.641121615346064,1.641121615346064,1.6411901497030594,2.696917217650701,2.69661193115007,2.69661193115007,2.696917217650701,1.7059736893321025,1.70585573494281,1.70585573494281,1.7059736893321025,0.4475767146908973,0.4475901297573136,0.4475901297573136,0.4475767146908973,20.02932823406391
400.0,56.296,50.412,5.27,3.891,1.641390955037936,1.6413228247974108,1.6413228247974108,1.641390955037936,2.6961067503431053,2.6958040730720207,2.6958040730720207,2.6961067503431053,1.7048443266896072,1.7047259336273692,1.7047259336273692,1.7048443266896072,0.4473920150789181,0.4474067400714376,0.4474067400714376,0.4473920150789181,20.023181608824025
400.0,56.456,59.921,6.172,2.819,1.6411375396857213,1.6410696562222713,1.6410696562222713,1.6411375396857213,2.6971658014880124,2.6968651220822832,2.6968651220822832,2.6971658014880124,1.706104475280937,1.7059863219141256,1.7059863219141256,1.706104475280937,0.447635786728789,0.4476493170041605,0.4476493170041605,0.447635786728789,20.029366987223177
400.0,56.487,95.56,3.393,3.344,1.6403419883893493,1.6402735235394257,1.6402735235394257,1.6403419883893493,2.7004324774908306,2.7001288300348283,2.7001288300348283,2.7004324774908306,1.710476853743695,1.7103590785656462,1.7103590785656462,1.710476853743695,0.4483809002383266,0.4483913256271414,0.4483913256271414,0.4483809002383266,20.052578473561848
400.0,56.566,17.097,2.69,6.347,1.6420629368793629,1.6419939541228163,1.6419939541228163,1.6420629368793629,2.6934584906791885,2.6931497834518643,2.6931497834518643,2.6934584906791885,1.7011910260938827,1.7010541163143658,1.7010541163143658,1.7011910260938827,0.4467750345491679,0.4468200525006466,0.4468200525006466,0.4467750345491679,20.00149186771543
400.0,56.63,93.315,3.988,4.263,1.6403539192809835,1.6402849892001978,1.6402849892001978,1.6403539192809835,2.700413542446809,2.700107095887991,2.700107095887991,2.700413542446809,1.7102938768695393,1.7101764014138372,1.7101764014138372,1.7102938768695393,0.4483779653567039,0.4483880043382333,0.4483880043382333,0.4483779653567039,20.051110845369195
400.0,56.878,95.763,4.24,4.806,1.6402349653206094,1.64016611527976,1.64016611527976,1.6402349653206094,2.7009526479356167,2.700646778775998,2.700646778775998,2.7009526479356167,1.7107518990083492,1.710634434924036,1.710634434924036,1.7107518990083492,0.4485033533623356,0.4485130684969868,0.4485130684969868,0.4485033533623356,20.05269752059366
400.0,56.908,16.875,6.428,4.267,1.6419760394291725,1.6419086078441547,1.6419086078441547,1.6419760394291725,2.6938660717710663,2.693567663269038,2.693567663269038,2.6938660717710663,1.7013919080827202,1.7012540737637738,1.7012540737637738,1.7013919080827202,0.4468720762555065,0.4469184219288431,0.4469184219288431,0.4468720762555065,20.00133651511391
400.0,56.995,12.992,6.457,2.763,1.6420401945786611,1.6419719855010515,1.6419719855010515,1.6420401945786611,2.6936303801148487,2.6933272113321567,2.6933272113321567,2.6936303801148487,1.701165622299634,1.701013267964941,1.701013267964941,1.701165622299634,0.4468074292514389,0.4468761915254378,0.4468761915254378,0.4468074292514389,19.998807875945182
400.0,57.003,57.652,3.903,4.841,1.6410431864714448,1.6409752622659697,1.6409752622659697,1.6410431864714448,2.697657491002956,2.697356631650455,2.697356631650455,2.697657491002956,1.706176174906198,1.7060575909187918,1.7060575909187918,1.706176174906198,0.4477530649216361,0.4477672681973074,0.4477672681973074,0.4477530649216361,20.02787218058617
400.0,57.093,15.153,5.574,3.789,1.6419671729616607,1.641895922707441,1.641895922707441,1.6419671729616607,2.69395788297206,2.693635900866607,2.693635900866607,2.69395788297206,1.701388902919166,1.7012359858168822,1.7012359858168822,1.701388902919166,0.4468803385324241,0.4469505265285025,0.4469505265285025,0.4468803385324241,20.00021057146484
400.0,57.119,58.154,3.692,5.538,1.6410017011766311,1.6409332909029553,1.6409332909029553,1.6410017011766311,2.6978513227407204,2.6975474936679853,2.6975474936679853,2.6978513227407204,1.7063107103145985,1.7061925768318345,1.7061925768318345,1.7063107103145985,0.4477985023605527,0.4478118825450853,0.4478118825450853,0.4477985023605527,20.028194701135472
400.0,57.151,11.189,3.943,4.804,1.6420398483296592,1.641969991040764,1.641969991040764,1.6420398483296592,2.693670679361968,2.693357232512997,2.693357232512997,2.693670679361968,1.7011381156524332,1.7009701986104178,1.7009701986104178,1.7011381156524332,0.4468048906168493,0.4468980394699261,0.4468980394699261,0.4468048906168493,19.99763013334347
400.0,57.198,29.627,2.574,4.409,1.641614541423586,1.6415460199220098,1.6415460199220098,1.641614541423586,2.695381777633631,2.695076535392571,2.695076535392571,2.695381777633631,1.702887996206368,1.702764801353869,1.702764801353869,1.702887996206368,0.4472315479114374,0.4472547378815215,0.4472547378815215,0.4472315479114374,20.009624489799645
400.0,57.263,57.202,4.549,4.45,1.6409845362456572,1.6409160414889508,1.6409160414889508,1.6409845362456572,2.697950034404572,2.6976454459844854,2.6976454459844854,2.697950034404572,1.7062869172964124,1.7061685087125298,1.7061685087125298,1.7062869172964124,0.447822163058785,0.4478360026013777,0.4478360026013777,0.447822163058785,20.02757042901483
400.0,57.332,25.496,4.05,5.427,1.6416713290176137,1.6416027914384073,1.6416027914384073,1.6416713290176137,2.695179252160369,2.6948736860010425,2.6948736860010425,2.695179252160369,1.7024707918086397,1.7023445758441258,1.7023445758441258,1.7024707918086397,0.4471842612978392,0.4472123303311905,0.4472123303311905,0.4471842612978392,20.00693180578969
400.0,57.396,25.516,3.129,5.662,1.6416536288324175,1.6415855262401515,1.6415855262401515,1.6416536288324175,2.69526050594068,2.6949580186357904,2.6949580186357904,2.69526050594068,1.7025137338948058,1.7023876126977526,1.7023876126977526,1.7025137338948058,0.4472039094993609,0.447231780571605,0.447231780571605,0.4472039094993609,20.006943109074896
400.0,57.564,86.303,2.553,4.577,1.6402632031585005,1.6401936774087151,1.6401936774087151,1.6402632031585005,2.700974357269915,2.7006639304760487,2.7006639304760487,2.700974357269915,1.7100335827378086,1.70991621935755,1.70991621935755,1.7100335827378086,0.4485147324452319,0.4485247142904683,0.4485247142904683,0.4485147324452319,20.04651255950353
400.0,57.566,53.657,3.47,3.119,1.6409828363030694,1.6409148716007818,1.6409148716007818,1.6409828363030694,2.6980136640455408,2.697712984891315,2.697712984891315,2.6980136640455408,1.7060474593126038,1.7059284897964666,1.7059284897964666,1.7060474593126038,0.4478397345449373,0.4478545394450336,0.4478545394450336,0.4478397345449373,20.025252451269616
400.0,57.605,37.234,5.52,3.401,1.6413372259484076,1.6412688863879503,1.6412688863879503,1.6413372259484076,2.696581849308338,2.696277924997581,2.696277924997581,2.696581849308338,1.7040707782373037,1.7039502322338338,1.7039502322338338,1.7040707782373037,0.4475117995550231,0.4475302799985537,0.4475302799985537,0.4475117995550231,20.014561670142463
400.0,57.605,55.64,3.082,3.736,1.6409291085699949,1.640860542155903,1.640860542155903,1.6409291085699949,2.698243454132141,2.6979387212076147,2.6979387212076147,2.698243454132141,1.706313256245276,1.7061951189937783,1.7061951189937783,1.706313256245276,0.4478927424096486,0.4479060842702912,0.4479060842702912,0.4478927424096486,20.02654249202924
400.0,57.606,23.663,3.185,4.139,1.6416390338359117,1.6415711710976852,1.6415711710976852,1.6416390338363256,2.695359777441388,2.6950587458632462,2.6950587458632462,2.69535980115519,1.7024220155941627,1.7022942236890932,1.7022942236890932,1.7024220155941627,0.4472275872479776,0.4472580258390003,0.4472580258390003,0.4472275872479776,20.005731153582907
400.0,57.776,58.492,4.396,4.438,1.6408206110343069,1.6407520479538,1.6407520479538,1.6408206110343069,2.6987201620783856,2.6984155423743146,2.6984155423743146,2.6987201620783856,1.7067706571732864,1.7066524245405992,1.7066524245405992,1.7067706571732864,0.4480031194080433,0.4480163383016833,0.4480163383016833,0.4480031194080433,20.028393241624137
400.0,57.796,56.744,6.118,3.24,1.6408538676276978,1.6407856331418018,1.640785633141371,1.6408538676276978,2.6985866064103874,2.6982840734750613,2.698284075019345,2.6985866064103874,1.7065702509641456,1.706451760770917,1.706451760770917,1.7065702509641456,0.447972890105784,0.4479866409317212,0.4479866409317212,0.447972890105784,20.027255125992973
400.0,58.225,36.604,2.73,5.718,1.6411869084875057,1.6411186758536678,1.6411186758536678,1.6411869084875057,2.697312791312547,2.6970100861070327,2.6970100861070327,2.697312791312547,1.7043879425798614,1.7042667381942411,1.7042667381942411,1.7043879425798614,0.4476844991067413,0.4477037299631623,0.4477037299631623,0.4476844991067413,20.01413159826548
400.0,58.364,94.692,3.317,2.788,1.63986889331729,1.6397999100387484,1.6397999100387484,1.63986889331729,2.7027617844148053,2.7024556034175533,2.7024556034175533,2.7027617844148053,1.711573227440538,1.7114550536247786,1.7114550536247786,1.711573227440538,0.4489295521020307,0.4489398800971446,0.4489398800971446,0.4489295521020307,20.051951313094985
400.0,58.636,31.895,5.973,3.753,1.6411829145107044,1.6411144295496614,1.6411144295496614,1.6411829145107044,2.6974108386950344,2.697106574467271,2.697106574467271,2.6974108386950344,1.7040750477696869,1.7039528731644369,1.7039528731644369,1.7040750477696869,0.4477100968250255,0.4477309139701615,0.4477309139701615,0.4477100968250255,20.0110537318663
400.0,58.852,66.079,5.042,5.795,1.64036956563477,1.6403010129480533,1.6403010129480533,1.64036956563477,2.7007822013030114,2.70047874303991,2.70047874303991,2.7007822013030114,1.7083838115579453,1.708265144864158,1.708265144864158,1.7083838115579453,0.4484837143343694,0.4484965612144993,0.4484965612144993,0.4484837143343694,20.033298732287854
400.0,58.903,38.451,5.46,3.59,1.6409669550986827,1.640898299197017,1.640898299197017,1.6409669550986827,2.69834317629034,2.698038573563432,2.698038573563432,2.69834317629034,1.705043293361313,1.7049225460538333,1.7049225460538333,1.705043293361313,0.447926527323411,0.4479445589474963,0.4479445589474963,0.447926527323411,20.015312069099146
400.0,59.046,63.844,2.593,5.474,1.640368090831689,1.6402991419962212,1.6402991419962212,1.640368090831689,2.700828123193776,2.7005221644511375,2.7005221644511375,2.700828123193776,1.7082341482432204,1.7081154749980196,1.7081154749980196,1.7082341482432204,0.4484958409130959,0.4485087622959678,0.4485087622959678,0.4484958409130959,20.031837266042523
400.0,59.204,45.134,6.097,6.448,1.6407392159763017,1.6406706182825512,1.6406706182825512,1.6407392159763017,2.6993324285024194,2.6990282365166336,2.6990282365166336,2.6993324285024194,1.7060502678131484,1.7059301486677363,1.7059301486677363,1.7060502678131484,0.4481556483689256,0.4481721451102417,0.4481721451102417,0.4481556483689256,20.01965164556284
400.0,59.224,92.67,3.308,3.953,1.639688409034705,1.6396189733372988,1.6396189733372988,1.639688409034705,2.703683508982128,2.7033748276258462,2.7033748276258462,2.703683508982128,1.7118767147282148,1.7117582805558131,1.7117582805558131,1.7118767147282148,0.4491474411603809,0.4491579061880954,0.4491579061880954,0.4491474411603809,20.05060569641742
400.0,59.281,57.67,3.936,4.012,1.640442354738209,1.640373203209772,1.640373203209772,1.640442354738209,2.7005687980507456,2.700261296694772,2.700261296694772,2.7005687980507456,1.7076296266304922,1.707510719588654,1.707510719588654,1.7076296266304922,0.4484387593247718,0.4484524515927426,0.4484524515927426,0.4484387593247718,20.02780955208585
400.0,59.339,74.964,4.776,4.425,1.6400464414717006,1.6399774021919953,1.6399774021919953,1.6400464414717006,2.702214957753811,2.701908545412087,2.701908545412087,2.702214957753811,1.7097812532537298,1.7096630575003489,1.7096630575003489,1.7097812532537298,0.4488149124645683,0.448826184234929,0.448826184234929,0.4488149124645683,20.039068747434957
400.0,59.342,89.12,4.864,6.184,1.6397352866906136,1.6396659792968524,1.6396659792968524,1.6397352866906136,2.703510490499636,2.7032030754746494,2.7032030754746494,2.703510490499636,1.7115173373388013,1.7113986238320982,1.7113986238320982,1.7115173373388013,0.4491092252144377,0.4491202608647204,0.4491202608647204,0.4491092252144377,20.048289368126937
400.0,59.564,11.441,2.86,6.191,1.6413918795516127,1.6413228659206387,1.6413228659206387,1.6413918795516127,2.6967476761640885,2.696440354620099,2.696440354620099,2.6967476761640885,1.702689207185485,1.7025197600645317,1.7025197600645317,1.702689207185485,0.4475315093771108,0.4476260299530495,0.4476260299530495,0.4475315093771108,19.997716657953124
400.0,59.574,39.523,4.485,3.388,1.6407658704773942,1.6406972106764948,1.6406972106764948,1.6407658704773942,2.699295762581752,2.698990966511599,2.698990966511599,2.699295762581752,1.7056008069070343,1.7054796951081506,1.7054796951081506,1.7056008069070343,0.4481501487038013,0.4481684491745362,0.4481684491745362,0.4481501487038013,20.015987268377607
400.0,59.783,59.568,3.568,6.172,1.6402684147312017,1.6401995964227678,1.6401995964227678,1.6402684147312017,2.7013824010022365,2.701077289271776,2.701077289271776,2.7013824010022365,1.7081815366498536,1.7080628643196225,1.7080628643196225,1.7081815366498536,0.4486295657935507,0.4486425016502,0.4486425016502,0.4486295657935507,20.029028884177297
400.0,59.787,47.635,5.306,2.775,1.640530205596624,1.6404618679652323,1.6404618679652323,1.640530205596624,2.700302078739943,2.699999888423224,2.699999888423224,2.700302078739943,1.7067264726749638,1.7066064460424055,1.7066064460424055,1.7067264726749638,0.4483827824203554,0.4483987425549385,0.4483987425549385,0.4483827824203554,20.021260935720942
400.0,59.846,62.158,4.201,6.136,1.640194730990305,1.6401256794007404,1.6401256794007404,1.640194730990305,2.701700701221171,2.7013942313007737,2.7013942313007737,2.701700701221171,1.7085391064139208,1.7084204386757014,1.7084204386757014,1.7085391064139208,0.4487025422951301,0.4487152401418977,0.4487152401418977,0.4487025422951301,20.03071317194308
400.0,60.029,68.937,4.106,2.617,1.6399977565095087,1.6399287107979184,1.6399287107979184,1.6399977565095087,2.702551447185313,2.702245453864896,2.702245453864896,2.702551447185313,1.7094852722997596,1.7093662563700276,1.7093662563700276,1.7094852722997596,0.4488978733915324,0.4489105228136299,0.4489105228136299,0.4488978733915324,20.035120880813285
400.0,60.261,53.995,5.868,3.541,1.6402654141026174,1.6401964044508828,1.6401964044508828,1.6402654141026174,2.701488857345925,2.701182614109063,2.701182614109063,2.701488857345925,1.7078057973016936,1.7076861976492634,1.7076861976492634,1.7078057973016936,0.4486577642755286,0.4486723763162291,0.4486723763162291,0.4486577642755286,20.02538477179776
400.0,60.412,37.001,5.654,2.545,1.6406003554404187,1.6405315950300847,1.6405315950300847,1.6406003554404187,2.7001379620465675,2.699833084525032,2.699833084525032,2.7001379620465675,1.705826895728219,1.7057047920181718,1.7057047920181718,1.705826895728219,0.4483497920750887,0.44836941129593,0.44836941129593,0.4483497920750887,20.014318846980448
400.0,60.427,64.088,3.341,5.013,1.6399996773918288,1.6399307622489272,1.6399307622489272,1.6399996773918288,2.7026205398203933,2.7023149793797168,2.7023149793797168,2.7026205398203933,1.7091463719644873,1.7090273489573724,1.7090273489573724,1.7091463719644873,0.4489175912386234,0.4489305342627861,0.4489305342627861,0.4489175912386234,20.031950873369325
400.0,60.54,29.373,4.041,4.277,1.6407350634685602,1.640666497583371,1.640666497583371,1.6407350634685602,2.699609242316793,2.699305340279389,2.699305340279389,2.699609242316793,1.7049779673236207,1.7048539455728238,1.7048539455728238,1.7049779673236207,0.4482292607226423,0.4482522563184508,0.4482522563184508,0.4482292607226423,20.00935126342872
400.0,60.715,21.626,2.59,4.368,1.6408603610874082,1.6407913227370168,1.6407913227370168,1.6408603610874417,2.699132265749648,2.698825650903776,2.698825650903776,2.6991322673000626,1.7041622123962217,1.7040319562177293,1.7040319562177293,1.7041622123962217,0.448117511486378,0.4481502523315117,0.4481502523315117,0.448117511486378,20.00430560598636
400.0,60.85,33.284,3.694,4.196,1.640567101063179,1.6404979314451429,1.6404979314451429,1.640567101063179,2.7003617773010538,2.700054758591912,2.700054758591912,2.7003617773010538,1.7056522150175273,1.70552920853668,1.70552920853668,1.7056522150175273,0.4484042987176594,0.4484252824686544,0.4484252824686544,0.4484042987176594,20.01188598166892
400.0,60.925,45.271,6.308,3.144,1.6402829396106042,1.6402138444165983,1.6402138444165983,1.6402829396106042,2.7015458984109695,2.70123926039478,2.70123926039478,2.7015458984109695,1.7071628925579316,1.7070427080720856,1.7070427080720856,1.7071628925579316,0.4486769438128074,0.4486927846593,0.4486927846593,0.4486769438128074,20.019684884685493
400.0,60.981,41.684,5.058,3.09,1.6403471925610555,1.640278152493975,1.640278152493975,1.6403471925610555,2.7012915354563605,2.7009850844106285,2.7009850844106285,2.7012915354563605,1.706760667094385,1.706639617105672,1.706639617105672,1.706760667094385,0.448618946125473,0.4486363531649607,0.4486363531649607,0.448618946125473,20.017348392299198
400.0,60.997,81.437,3.826,3.821,1.6394704425239304,1.6394007903963506,1.6394007903963506,1.6394704425239304,2.7049408524525886,2.7046314335028048,2.7046314335028048,2.7049408524525886,1.7116369562599256,1.71151839460574,1.71151839460574,1.7116369562599256,0.4494510764260475,0.4494617398283664,0.4494617398283664,0.4494510764260475,20.043229859423462
400.0,61.044,60.413,6.123,5.545,1.639918509305028,1.6398494013787832,1.6398494013787832,1.639918509305028,2.70307864788842,2.70277256042752,2.70277256042752,2.70307864788842,1.7090912941870398,1.7089718468923574,1.7089718468923574,1.7090912941870398,0.4490277070463797,0.4490411847449734,0.4490411847449734,0.4490277070463797,20.02953722671138
400.0,61.076,92.29,3.877,3.209,1.6392131193993442,1.6391431249088697,1.6391431249088697,1.6392131193993442,2.7060384680747025,2.7057273063807306,2.7057273063807306,2.7060384680747025,1.7130195647097353,1.7129008794261058,1.7129008794261058,1.7130195647097353,0.4497010278632636,0.4497110281128993,0.4497110281128993,0.4497010278632636,20.050296195105247
400.0,61.181,53.855,4.37,5.509,1.6400264620273814,1.63995737873725,1.63995737873725,1.6400264620273814,2.702656815943471,2.7023505825622025,2.7023505825622025,2.702656815943471,1.70837667665445,1.7082565910326346,1.7082565910326346,1.70837667665445,0.4489325491020497,0.448947535788469,0.448947535788469,0.4489325491020497,20.025263801818888
400.0,61.227,67.7,6.498,6.184,1.639710490083592,1.6396416016628037,1.6396416016628037,1.639710490083592,2.7039788173586894,2.7036740175275398,2.7036740175275398,2.7039788173586894,1.7101007834355058,1.7099816433466788,1.7099816433466788,1.7101007834355058,0.4492347252546407,0.4492471357985139,0.4492471357985139,0.4492347252546407,20.034275895428785
400.0,61.281,34.414,6.221,2.682,1.6404283243602873,1.6403594906137058,1.6403594906137058,1.6404283243602873,2.701014486106154,2.700709123165919,2.700709123165919,2.701014486106154,1.7060643357168987,1.705941478613674,1.705941478613674,1.7060643357168987,0.4485575731451578,0.4485781981054556,0.4485781981054556,0.4485575731451578,20.012607059818787
400.0,61.357,46.577,4.206,2.682,1.64014038362882,1.64007141477621,1.64007141477621,1.64014038362882,2.7022186811224564,2.701913202330441,2.701913202330441,2.7022186811224564,1.70759857002495,1.7074779833559648,1.7074779833559648,1.70759857002495,0.4488343099635047,0.4488504696253162,0.4488504696253162,0.4488343099635047,20.02052006337003
400.0,61.364,28.084,6.224,6.249,1.6405464297995007,1.640477010577613,1.640477010577613,1.6405464297995007,2.700547491131483,2.700238648498488,2.700238648498488,2.700547491131483,1.7053449401811072,1.7052199965904828,1.7052199965904828,1.7053449401811072,0.4484501227186467,0.4484742232546641,0.4484742232546641,0.4484501227186467,20.00848556089865
400.0,61.374,62.642,2.85,3.275,1.6397832454009198,1.6397139870781412,1.6397139870781412,1.6397832454009198,2.703706006145,2.703398938665626,2.703398938665626,2.703706006145,1.7095750411788255,1.7094553232552667,1.7094553232552667,1.7095750411788255,0.4491734127354538,0.4491870475272191,0.4491870475272191,0.4491734127354538,20.03097767344977
400.0,61.394,78.683,5.557,3.946,1.6394269570151967,1.6393573765374545,1.6393573765374545,1.6394269570151967,2.705199693157011,2.70489092939798,2.70489092939798,2.705199693157011,1.7115536600066923,1.711434759648757,1.711434759648757,1.7115536600066923,0.4495137398630041,0.4495248962193868,0.4495248962193868,0.4495137398630041,20.04142252099081
400.0,61.487,80.005,4.421,3.727,1.639373999651626,1.6393040884512329,1.6393040884512329,1.639373999651626,2.7054413069641754,2.7051306087133016,2.7051306087133016,2.7054413069641754,1.7117752903384238,1.7116563689891957,1.7116563689891957,1.7117752903384238,0.4495693712928579,0.4495804041583942,0.4495804041583942,0.4495693712928579,20.04228033161543
400.0,61.598,88.084,6.107,5.152,1.6391685372583844,1.6390989497685249,1.6390989497685249,1.6391685372583844,2.706324583313183,2.706016082190843,2.706016082190843,2.706324583313183,1.7128382410997132,1.7127193804585517,1.7127193804585517,1.7128382410997132,0.4497714826486268,0.4497818335787004,0.4497818335787004,0.4497714826486268,20.047538773974157
400.0,61.621,29.065,5.241,5.2,1.6404571676537527,1.6403875619631771,1.6403875619631771,1.6404571676537527,2.7009654838811468,2.7006558832159704,2.7006558832159704,2.7009654838811468,1.7056277627494991,1.7055035049698737,1.7055035049698737,1.7056277627494991,0.4485483768490597,0.4485712002977592,0.4485712002977592,0.4485483768490597,20.00911542409001
400.0,61.655,68.694,2.528,3.637,1.6395770947821344,1.6395075902225027,1.6395075902225027,1.6395770947821344,2.704621602318084,2.7043132789465525,2.7043132789465525,2.704621602318084,1.7104963225167993,1.710377039380648,1.710377039380648,1.7104963225167993,0.4493847245432284,0.4493970756574874,0.4493970756574874,0.4493847245432284,20.034908962201843
400.0,61.884,86.695,3.481,3.798,1.6391239214869762,1.6390547037495484,1.6390547037495484,1.6391239214869762,2.706566656788381,2.7062608753167874,2.7062608753167874,2.706566656788381,1.712852248987112,1.7127327657857925,1.7127327657857925,1.712852248987112,0.4498291576398909,0.4498404418984983,0.4498404418984983,0.4498291576398909,20.04662466959748
400.0,61.888,18.599,3.692,2.615,1.6406173180273698,1.6405483631090587,1.6405483631090587,1.6406173180273698,2.7003560266068902,2.700050273193776,2.700050273193776,2.7003560266068902,1.7046871893015214,1.7045498058128654,1.7045498058128654,1.7046871893015214,0.448402731245668,0.4484462375094096,0.4484462375094096,0.448402731245668,20.002297532524672
400.0,62.126,83.793,5.415,4.554,1.6391242612433743,1.6390544900148534,1.6390544900148534,1.6391242612433743,2.706614303281636,2.706304837301492,2.706304837301492,2.706614303281636,1.7126511389412555,1.7125319583149743,1.7125319583149743,1.7126511389412555,0.4498422885692448,0.4498531860823047,0.4498531860823047,0.4498422885692448,20.04472650453093
400.0,62.199,61.57,3.803,3.55,1.6395904374936268,1.6395213129230837,1.6395213129230837,1.6395904374936268,2.704669497102011,2.7043633543115546,2.7043633543115546,2.704669497102011,1.7099717691702967,1.709851847902933,1.709851847902933,1.7099717691702967,0.4494007797832775,0.4494145006070427,0.4494145006070427,0.4494007797832775,20.030252495607986
400.0,62.204,89.016,5.918,3.898,1.6389902665407798,1.6389207724533124,1.6389207724533124,1.6389902665407798,2.7071936393686915,2.706886186636518,2.706886186636518,2.7071936393686915,1.713342625550304,1.7132231452974642,1.7132231452974642,1.713342625550304,0.4499745824058322,0.4499855739225422,0.4499855739225422,0.4499745824058322,20.04812631124188
400.0,62.225,62.427,4.548,4.519,1.6395648135312804,1.6394955537832256,1.6394955537832256,1.6395648135312804,2.704782087370108,2.7044750840330978,2.7044750840330978,2.704782087370108,1.7100934828262695,1.7099738966507183,1.7099738966507183,1.7100934828262695,0.4494268397164971,0.4494399295562734,0.4494399295562734,0.4494268397164971,20.030809688582945
400.0,62.441,53.772,2.888,4.614,1.6396979229034192,1.6396285269536426,1.6396285269536426,1.6396979229034192,2.7042689065194008,2.703961018048019,2.703961018048019,2.7042689065194008,1.7091712681507196,1.7090513898029185,1.7090513898029185,1.7091712681507196,0.449312007085108,0.449326049716656,0.449326049716656,0.449312007085108,20.02516843850752
400.0,62.59,16.008,6.15,2.861,1.6404890503071037,1.640420484723015,1.640420484723015,1.6404890503071037,2.7010166735970014,2.700713465180983,2.700713465180983,2.7010166735970014,1.7049425347367608,1.7048018509418843,1.7048018509418843,1.7049425347367608,0.4485582573343243,0.448606415048774,0.448606415048774,0.4485582573343243,20.00058928869658
400.0,62.593,23.307,2.873,2.76,1.6403273569345698,1.6402585166787451,1.6402585166787451,1.6403273569345698,2.701684794904318,2.701379968120975,2.701379968120975,2.701684794904318,1.7055452675438256,1.7054159160447135,1.7054159160447135,1.7055452675438256,0.4487186830397251,0.448749282637888,0.448749282637888,0.4487186830397251,20.005337297801884
400.0,62.789,55.224,4.109,4.953,1.6395751889676968,1.6395051986198608,1.6395051986198608,1.6395751889676968,2.7048520000272664,2.704540788753935,2.704540788753935,2.7048520000272664,1.7095719597917345,1.7094519832906607,1.7094519832906607,1.7095719597917345,0.4494476433882241,0.4494615638032596,0.4494615638032596,0.4494476433882241,20.026102017655383
400.0,62.946,65.044,4.877,3.912,1.6393189078988482,1.6392498786079834,1.6392498786079834,1.6393189078988482,2.7059506632372194,2.705645784517319,2.705645784517319,2.7059506632372194,1.7108763858396656,1.7107565074944815,1.7107565074944815,1.7108763858396656,0.4496997393827319,0.4497127666942232,0.4497127666942232,0.4496997393827319,20.03248959658619
400.0,63.04,47.771,6.149,5.501,1.6396722109941535,1.639602749416905,1.639602749416905,1.6396722109941535,2.7044925658505137,2.704184613807169,2.704184613807169,2.7044925658505137,1.7088201496520712,1.7086993260793624,1.7086993260793624,1.7088201496520712,0.4493681555550637,0.4493838528566478,0.4493838528566478,0.4493681555550637,20.02124184346819
400.0,63.077,46.541,3.431,4.596,1.6396896013362112,1.6396201558501664,1.6396201558501664,1.6396896013362112,2.704427142367373,2.70411933946289,2.70411933946289,2.704427142367373,1.7086933235089867,1.7085716394097532,1.7085716394097532,1.7086933235089867,0.4493529485072986,0.4493701410411876,0.4493701410411876,0.4493529485072986,20.02044075689261
400.0,63.099,45.783,3.958,3.031,1.6397001605446246,1.6396308161517976,1.6396308161517976,1.6397001605446246,2.704386734018609,2.70407901073206,2.70407901073206,2.704386734018609,1.70861462113085,1.7084935771276872,1.7084935771276872,1.70861462113085,0.4493445323705259,0.4493607468039194,0.4493607468039194,0.4493445323705259,20.019946266389823
400.0,63.134,11.778,5.304,4.086,1.6404393386200056,1.6403699582916107,1.6403699582916107,1.6404393386200056,2.701331397035996,2.7010237920373603,2.7010237920373603,2.701331397035996,1.7049865687744046,1.7048192295501436,1.7048192295501436,1.7049865687744046,0.4486142444426879,0.4487038274376534,0.4487038274376534,0.4486142444426879,19.99782008146437
400.0,63.222,82.185,4.323,3.811,1.6388737298171083,1.6388039355080544,1.6388039355080544,1.6388737298171083,2.707884553887672,2.70757522613914,2.70757522613914,2.707884553887672,1.7131581384257184,1.7130383596123389,1.7130383596123389,1.7131581384257184,0.4501413085486976,0.4501528371166101,0.4501528371166101,0.4501413085486976,20.043642652537773
400.0,63.285,83.46,6.188,6.436,1.6388297726670122,1.638759707305924,1.638759707305924,1.6388297726670122,2.708084532272853,2.70777376048895,2.70777376048895,2.708084532272853,1.7133552810383814,1.7132358281823894,1.7132358281823894,1.7133552810383814,0.4501874569710991,0.4501982719339051,0.4501982719339051,0.4501874569710991,20.044471283752447
400.0,63.42,42.927,4.412,3.471,1.6396786639344267,1.6396093101343792,1.6396093101343792,1.6396786639344267,2.704538067295931,2.704230828677383,2.704230828677383,2.704538067295931,1.7084698530205713,1.7083485273505676,1.7083485273505676,1.7084698530205713,0.4493820621848312,0.44939871443333,0.44939871443333,0.4493820621848312,20.018076895190177
400.0,63.438,83.639,2.828,4.417,1.6387856624022947,1.6387159622368954,1.6387159622368954,1.6387856624022947,2.7082987502018727,2.707990404228399,2.707990404228399,2.7082987502018727,1.7134762339235274,1.7133565372154402,1.7133565372154402,1.7134762339235274,0.45023771619211,0.4502488613746194,0.4502488613746194,0.45023771619211,20.044582903148687
400.0,63.445,24.79,3.182,2.545,1.6400702006604675,1.6400015626072766,1.6400015626072766,1.6400702006600625,2.702911131054142,2.702608513518551,2.702608513518551,2.7029111294746846,1.7062691999843689,1.7061398474522114,1.7061398474522114,1.7062691999843689,0.4490066517638347,0.4490368308409619,0.4490368308409619,0.4490066517638347,20.006274034078768
400.0,63.676,62.942,4.171,3.793,1.6391739231695692,1.6391047051504124,1.6391047051504124,1.6391739231695692,2.7067022598554487,2.706396777301156,2.706396777301156,2.7067022598554487,1.7110872567865485,1.710967025470007,1.710967025470007,1.7110872567865485,0.4498775308038303,0.4498908923528861,0.4498908923528861,0.4498775308038303,20.031096646473653
400.0,63.677,69.626,5.926,3.991,1.639028050368037,1.638958844466099,1.638958844466099,1.639028050368037,2.707316992443056,2.7070112126396086,2.7070112126396086,2.707316992443056,1.7119081514906136,1.7117878807556073,1.7117878807556073,1.7119081514906136,0.4500170704118107,0.4500300806299917,0.4500300806299917,0.4500170704118107,20.035449184454404
400.0,63.68,92.618,3.35,5.675,1.6385282871503368,1.638458098661786,1.638458098661786,1.6385282871503368,2.709441949115901,2.709130563663422,2.709130563663422,2.709441949115901,1.7147363376181222,1.714616413474214,1.714616413474214,1.7147363376181222,0.4504989847680662,0.4505097760994645,0.4505097760994645,0.4504989847680662,20.050423108904845
400.0,63.845,72.665,4.843,4.474,1.6389185002738993,1.6388485198121354,1.6388485198121354,1.6389185002738993,2.707816304443712,2.7075060133985684,2.7075060133985684,2.707816304443712,1.712389077058707,1.7122692974674567,1.7122692974674567,1.712389077058707,0.4501320435006121,0.4501439093155018,0.4501439093155018,0.4501320435006121,20.037422205806948
400.0,64.046,93.042,5.894,2.878,1.638424261950321,1.638353748341949,1.638353748341949,1.638424261950321,2.7099570788592806,2.7096441401377955,2.7096441401377955,2.7099570788592806,1.715024146356651,1.7149044033858043,1.7149044033858043,1.715024146356651,0.4506195275649436,0.4506297941399608,0.4506297941399608,0.4506195275649436,20.050686719318527
400.0,64.115,57.567,3.92,3.379,1.6391768194100993,1.63910695064975,1.63910695064975,1.6391768194100993,2.706778321421848,2.7064688113409323,2.7064688113409323,2.706778321421848,1.7107093060075944,1.710588924525117,1.710588924525117,1.7107093060075944,0.4498986739355704,0.4499124403792531,0.4499124403792531,0.4498986739355704,20.02758302040336
400.0,64.156,74.899,6.4,2.999,1.6387888179865513,1.6387190893595982,1.6387190893595982,1.6387888179865513,2.708424579659363,2.7081160417276213,2.7081160417276213,2.708424579659363,1.712863675605874,1.7127435689004653,1.7127435689004653,1.712863675605874,0.4502731737420777,0.450285255902462,0.450285255902462,0.4502731737420777,20.038866087308328
400.0,64.201,96.59,4.145,6.312,1.6383071808389793,1.6382369448076783,1.6382369448076783,1.6383071808389793,2.710485864419613,2.710174865221868,2.710174865221868,2.710485864419613,1.7155612693313014,1.7154409811429816,1.7154409811429816,1.7155612693313014,0.4507407616031405,0.450751575801661,0.450751575801661,0.4507407616031405,20.05299263546607
400.0,64.228,93.774,6.142,5.612,1.6383610676805096,1.6382906791381269,1.6382906791381269,1.6383610676805096,2.7102615739599334,2.7099492036454995,2.7099492036454995,2.7102615739599334,1.715231886669598,1.7151120053402509,1.7151120053402509,1.715231886669598,0.4506903575771509,0.4507007397557997,0.4507007397557997,0.4506903575771509,20.05115734242449
400.0,64.292,93.213,3.331,2.626,1.6383564656439775,1.6382862373128184,1.6382862373128184,1.6383564656439775,2.7102925213810223,2.709981472293865,2.709981472293865,2.7102925213810223,1.71520432952458,1.7150842813431704,1.7150842813431704,1.71520432952458,0.450698060022997,0.4507086748730921,0.4507086748730921,0.450698060022997,20.05078982822043
400.0,64.315,42.427,6.051,3.996,1.6394548361463046,1.6393854468078253,1.6393854468078253,1.6394548361463046,2.70564686684814,2.705339571608929,2.705339571608929,2.70564686684814,1.7089814894444426,1.708859659026805,1.708859659026805,1.7089814894444426,0.4496427047836112,0.4496598701071349,0.4496598701071349,0.4496427047836112,20.017721629752412
400.0,64.355,25.31,5.771,3.137,1.639819711364846,1.6397499453805469,1.6397499453805469,1.639819711364846,2.7041332792187527,2.703823707243835,2.703823707243835,2.7041332792187527,1.7069136825958084,1.7067846611552435,1.7067846611552435,1.7069136825958084,0.4492932876433249,0.4493225935566674,0.4493225935566674,0.4492932876433249,20.006582486283527
400.0,64.381,85.301,2.52,5.197,1.6385046249839776,1.6384345225201826,1.6384345225201826,1.6385046249839776,2.7096764524521006,2.7093661183269,2.7093661183269,2.7096764524521006,1.7142878316349244,1.7141677203973629,1.7141677203973629,1.7142878316349244,0.4505594206122103,0.450570556240205,0.450570556240205,0.4505594206122103,20.04563380044585
400.0,64.508,99.299,4.217,4.079,1.6381690565439309,1.6380987495996393,1.6380987495996393,1.6381690565439309,2.7111364289026803,2.710824875707968,2.710824875707968,2.7111364289026803,1.716093047142952,1.7159730765962304,1.7159730765962304,1.716093047142952,0.4508915374089843,0.4509015327632496,0.4509015327632496,0.4508915374089843,20.054747464160386
400.0,64.555,71.525,4.708,4.632,1.638758166609262,1.6386885411589447,1.6386885411589447,1.638758166609262,2.708630628483081,2.7083231643781405,2.7083231643781405,2.708630628483081,1.7127055706186751,1.7125853855098137,1.7125853855098137,1.7127055706186751,0.4503240476113608,0.4503362651127402,0.4503362651127402,0.4503240476113608,20.03665603341128
400.0,64.613,59.176,5.275,5.081,1.6390115883586591,1.6389418991749778,1.6389418991749778,1.6390115883586591,2.70756977398704,2.7072615517448844,2.7072615517448844,2.70756977398704,1.711226272122969,1.7111057061070174,1.7111057061070174,1.711226272122969,0.4500834522432623,0.4500971762383752,0.4500971762383752,0.4500834522432623,20.0286138527064
400.0,64.667,91.83,5.36,3.236,1.6382892637297028,1.6382189653466364,1.6382189653466364,1.6382892637297028,2.710652481791766,2.710341361026534,2.710341361026534,2.710652481791766,1.7152759317355195,1.715155517850555,1.715155517850555,1.7152759317355195,0.4507831802723809,0.4507942670921361,0.4507942670921361,0.4507831802723809,20.049876526951056
400.0,64.717,64.254,2.747,6.386,1.6388737758685232,1.6388043045528362,1.6388043045528362,1.6388737758685232,2.708170295648454,2.707863678466857,2.707863678466857,2.708170295648454,1.7119165472550697,1.711795991124596,1.711795991124596,1.7119165472550697,0.4502211147676105,0.450234388670697,0.450234388670697,0.4502211147676105,20.03191590021641
400.0,64.802,53.167,6.403,4.653,1.639093460867569,1.6390231138402651,1.6390231138402651,1.639093460867569,2.707264476349005,2.7069521329152417,2.7069521329152417,2.707264476349005,1.7106101618586247,1.7104893696902663,1.7104893696902663,1.7106101618586247,0.4500154016139379,0.4500298185987682,0.4500298185987682,0.4500154016139379,20.024695787701447
400.0,64.943,49.957,5.739,4.809,1.6391265825066708,1.639056618317819,1.639056618317819,1.6391265825066708,2.7071494248192542,2.706839254567804,2.706839254567804,2.7071494248192542,1.7103062505303006,1.71018491982916,1.71018491982916,1.7103062505303006,0.4499904886527148,0.450005980666815,0.450005980666815,0.4499904886527148,20.02260135225931
400.0,65.172,87.596,5.144,5.08,1.6382496136224538,1.6381793963416418,1.6381793963416418,1.6382496136224538,2.7109188840296667,2.7106079826848872,2.7106079826848872,2.7109188840296667,1.7150804909180106,1.714960244330059,1.714960244330059,1.7150804909180106,0.4508488259421682,0.4508597886336114,0.4508597886336114,0.4508488259421682,20.047100934452843
400.0,65.173,76.574,3.302,6.075,1.6384880403107764,1.6384179824803955,1.6384179824803955,1.6384880403107764,2.709899858040148,2.709590055980115,2.709590055980115,2.709899858040148,1.7137239741510546,1.7136038353347445,1.7136038353347445,1.7137239741510546,0.4506180307955059,0.4506295428086926,0.4506295428086926,0.4506180307955059,20.039922849028205
400.0,65.242,17.682,3.699,3.662,1.6397540608866077,1.6396841168015983,1.6396841168015983,1.6397540608866077,2.704577567467852,2.7042670906238087,2.7042670906238087,2.704577567467852,1.7067616858418118,1.7066231940667913,1.7066231940667913,1.7067616858418118,0.449396288505851,0.44943982215531,0.44943982215531,0.449396288505851,20.001591211575683
400.0,65.282,86.928,5.518,4.458,1.6382356924220445,1.6381654508423658,1.6381654508423658,1.6382356924220445,2.710999693589426,2.7106886533941674,2.7106886533941674,2.710999693589426,1.7150687681578656,1.714948690459806,1.714948690459806,1.7150687681578656,0.4508683791921592,0.4508790508050684,0.4508790508050684,0.4508683791921592,20.046662685461826
400.0,65.411,21.346,6.47,4.303,1.6396292410603628,1.6395596742272427,1.6395596742272427,1.6396292410603628,2.7051286099865703,2.704820641884905,2.704820641884905,2.7051286099865703,1.7071416740210186,1.7070089007153606,1.7070089007153606,1.7071416740210186,0.44952778377919,0.4495624145114829,0.4495624145114829,0.44952778377919,20.003968688666266
400.0,65.469,15.708,3.639,3.108,1.6397387985041325,1.6396670196463394,1.6396670196463394,1.6397387985041325,2.7046952508669206,2.7043731544749527,2.7043731544749527,2.7046952508669206,1.7067615906811802,1.7066173313052917,1.7066173313052917,1.7067615906811802,0.4494195515331718,0.4494720037195218,0.4494720037195218,0.4494195515331718,20.000299517326344
400.0,65.55,24.151,4.199,4.194,1.6395315124064065,1.6394616005476434,1.6394616005476434,1.6395315124064065,2.7055661645377707,2.7052560097624734,2.7052560097624734,2.7055661645377707,1.707534791162512,1.707404211171466,1.707404211171466,1.707534791162512,0.4496299107099185,0.4496611002063474,0.4496611002063474,0.4496299107099185,20.00578873888515
400.0,65.555,27.257,4.359,4.686,1.639462244537109,1.6393920650876117,1.6393920650876117,1.639462244537109,2.7058579125136655,2.7055460359317784,2.7055460359317784,2.7058579125136655,1.707916987107533,1.7077901110606213,1.7077901110606213,1.707916987107533,0.4496989129667285,0.4497242310106249,0.4497242310106249,0.4496989129667285,20.00780926382028
400.0,65.559,52.022,3.448,3.266,1.6389204852181245,1.6388506211887444,1.6388506211887444,1.6389204852181245,2.7081378497862967,2.707828909241542,2.707828909241542,2.7081378497862967,1.7109552861978286,1.7108342831580523,1.7108342831580523,1.7109552861978286,0.4502215521167645,0.4502360659984667,0.4502360659984667,0.4502215521167645,20.02392527257805
400.0,65.569,85.693,5.071,6.129,1.6381879256832703,1.6381177771730664,1.6381177771730664,1.6381879256832703,2.711258671906219,2.7109488141710867,2.7109488141710867,2.711258671906219,1.7151019964272152,1.7149814714659606,1.7149814714659606,1.7151019964272152,0.4509297923696334,0.4509410824012501,0.4509410824012501,0.4509297923696334,20.045848346990944
400.0,65.579,78.081,5.908,3.445,1.6383497957802673,1.6382796346599768,1.6382796346599768,1.6383497957802673,2.710568654159488,2.710258324977178,2.710258324977178,2.710568654159488,1.7141715951456318,1.7140512145234943,1.7140512145234943,1.7141715951456318,0.4507735279755459,0.4507851503614962,0.4507851503614962,0.4507735279755459,20.04089053728491
400.0,65.592,12.353,6.184,5.526,1.6397795670186113,1.6397086885975372,1.6397086885975372,1.6397795670189337,2.70454430732941,2.704228596641567,2.704228596641567,2.7045443073320614,1.7065978719235624,1.7064355705134997,1.7064355705134997,1.7065978719235624,0.4493733412023115,0.4494537829846738,0.4494537829846738,0.4493733412023115,19.99811300585689
400.0,65.595,37.594,3.557,3.065,1.6392254861986089,1.63915582851235,1.63915582851235,1.6392254861986089,2.7068569902615365,2.7065487769469883,2.7065487769469883,2.7068569902615365,1.7092089815913882,1.7090850266378477,1.7090850266378477,1.7092089815913882,0.4499288451133524,0.4499490510884484,0.4499490510884484,0.4499288451133524,20.01453409644692
400.0,65.706,62.955,3.418,3.7,1.6386444971873368,1.6385745465619628,1.6385745465619628,1.6386444971873368,2.7093359373333783,2.7090267532275663,2.7090267532275663,2.7093359373333783,1.7123930177677669,1.7122719292247603,1.7122719292247603,1.7123930177677669,0.4504948464889829,0.4505086248901549,0.4505086248901549,0.4504948464889829,20.03103736522336
400.0,65.73,92.592,3.928,4.007,1.637997695930096,1.6379269787894706,1.6379269787894706,1.637997695930096,2.712109544587708,2.7117963673909142,2.7117963673909142,2.712109544587708,1.7160558891271211,1.7159354617431073,1.7159354617431073,1.7160558891271211,0.4511238923576662,0.4511344697160066,0.4511344697160066,0.4511238923576662,20.0503367688478
400.0,65.774,37.702,3.618,4.953,1.6391763319659205,1.6391064547683922,1.6391064547683922,1.6391763319659205,2.707099051396981,2.7067898578598517,2.7067898578598517,2.707099051396981,1.7093369500519964,1.709213051601701,1.709213051601701,1.7093369500519964,0.4499855926325516,0.4500056188609907,0.4500056188609907,0.4499855926325516,20.01459881722249
400.0,65.787,21.453,4.644,3.307,1.6395282434481049,1.6394584062643711,1.6394584062643711,1.6395282434481049,2.705624691147462,2.7053150905448446,2.7053150905448446,2.705624691147462,1.7073908034909786,1.7072580843740732,1.7072580843740732,1.7073908034909786,0.4496442105439554,0.4496785471878832,0.4496785471878832,0.4496442105439554,20.00402633561385
400.0,65.806,25.038,2.708,5.591,1.639444637084332,1.6393748162476558,1.6393748162476558,1.639444637084332,2.7059781965539176,2.7056685615411338,2.7056685615411338,2.7059781965539176,1.7078071371742487,1.7076774230777052,1.7076774230777052,1.7078071371742487,0.4497268996767832,0.4497566109063458,0.4497566109063458,0.4497268996767832,20.00635738963723
400.0,65.814,21.937,5.631,3.358,1.639510472294656,1.6394408872294226,1.6394408872294226,1.639510472294656,2.7057028790395474,2.7053951355811887,2.7053951355811887,2.7057028790395474,1.7074444041387544,1.707311693538393,1.707311693538393,1.7074444041387544,0.4496624352973118,0.4496967427698451,0.4496967427698451,0.4496624352973118,20.004340188339675
400.0,65.885,30.46,2.856,3.923,1.639305342150819,1.6392355707787456,1.6392355707787456,1.639305342150819,2.7065768427015566,2.70626789644135,2.70626789644135,2.7065768427015566,1.7085207610173758,1.7083945077745395,1.7083945077745395,1.7085207610173758,0.4498664053279116,0.4498904737668051,0.4498904737668051,0.4498664053279116,20.009882474081557
400.0,66.008,34.372,5.772,5.597,1.6391877433303992,1.6391181662956635,1.6391181662956635,1.6391877433303992,2.7070947468241955,2.706787096506575,2.706787096506575,2.7070947468241955,1.7090780937630574,1.708954086746722,1.708954086746722,1.7090780937630574,0.4499870937222461,0.4500073519781377,0.4500073519781377,0.4499870937222461,20.012423848437425
400.0,66.161,77.923,4.909,5.058,1.6382023389325353,1.6381321243272335,1.6381321243272335,1.6382023389325353,2.7113113286800528,2.7110008755057824,2.7110008755057824,2.7113113286800528,1.7145271458244598,1.7144062584812785,1.7144062584812785,1.7145271458244598,0.4509473417347595,0.4509595383604912,0.4509595383604912,0.4509473417347595,20.0407682381232
400.0,66.303,30.146,3.102,6.357,1.6392028573455475,1.6391329691544156,1.6391329691544156,1.6392028573455475,2.707089047582432,2.706779315309705,2.706779315309705,2.707089047582432,1.7087499405043431,1.7086231159835985,1.7086231159835985,1.7087499405043431,0.4499863853427986,0.4500112273620363,0.4500112273620363,0.4499863853427986,20.009664434608567
400.0,66.327,40.542,3.423,4.991,1.638969914567337,1.6389000500951143,1.6389000500951143,1.638969914567337,2.7080759308622486,2.7077666119821857,2.7077666119821857,2.7080759308622486,1.7100391890022049,1.7099160757593352,1.7099160757593352,1.7100391890022049,0.4502135473158674,0.4502319364221578,0.4502319364221578,0.4502135473158674,20.01642831774953
400.0,66.468,70.347,4.152,4.139,1.6382863884733796,1.6382161715705013,1.6382161715705013,1.6382863884733796,2.711010496467354,2.710700220626857,2.710700220626857,2.711010496467354,1.7137924310176338,1.713671625538371,1.713671625538371,1.7137924310176338,0.4508823867350623,0.4508947918460892,0.4508947918460892,0.4508823867350623,20.03582443622656
400.0,66.524,31.959,3.142,2.674,1.6391056591696014,1.6390352359496452,1.6390352359496452,1.6391056591696014,2.7075436727091597,2.7072309220290864,2.7072309220290864,2.7075436727091597,1.7091132455173976,1.7089879958520289,1.7089879958520289,1.7091132455173976,0.4500927590793166,0.4501148424467492,0.4501148424467492,0.4500927590793166,20.010836419176904
400.0,66.617,54.965,2.952,5.875,1.6385808943043991,1.6385107577068627,1.6385107577068627,1.6385808943043991,2.7097819515705384,2.709471884158771,2.709471884158771,2.7097819515705384,1.7119963546591204,1.711874565613278,1.711874565613278,1.7119963546591204,0.4506045703519026,0.4506196636566385,0.4506196636566385,0.4506045703519026,20.025805025127017
400.0,66.63,32.624,5.09,3.385,1.6390635451213658,1.6389932549728714,1.6389932549728714,1.6390635451213658,2.707740588756821,2.7074290325144075,2.7074290325144075,2.707740588756821,1.7092624546469743,1.7091368614551885,1.7091368614551885,1.7092624546469743,0.4501383879461127,0.4501609463908076,0.4501609463908076,0.4501383879461127,20.0112654216402
400.0,66.791,51.266,2.699,5.918,1.6386158117611067,1.6385458480618385,1.6385458480618385,1.6386158117611067,2.709665574985181,2.70935645743534,2.70935645743534,2.709665574985181,1.7116534648156212,1.7115314272785054,1.7115314272785054,1.7116534648156212,0.4505799096063825,0.4505955255865826,0.4505955255865826,0.4505799096063825,20.02339205146164
400.0,66.833,61.151,6.133,2.848,1.6383906234465564,1.6383202352606423,1.6383202352606423,1.6383906234465564,2.7106352670775764,2.7103236254686456,2.7103236254686456,2.7106352670775764,1.7128958499918132,1.7127746657497465,1.7127746657497465,1.7128958499918132,0.4508005796404542,0.4508141377357456,0.4508141377357456,0.4508005796404542,20.0298247170263
400.0,66.98,92.179,5.415,5.36,1.6376833623002889,1.6376124807503385,1.6376124807503385,1.6376833623002889,2.7137051602977738,2.7133911515424463,2.7133911515424463,2.7137051602977738,1.7168131976992975,1.716692355047701,1.716692355047701,1.7168131976992975,0.4514975091517449,0.4515082425177913,0.4515082425177913,0.4514975091517449,20.05002472742871
400.0,67.007,15.14,2.934,5.938,1.63934684618627,1.6392759641625698,1.6392759641625698,1.63934684618627,2.7066240875294105,2.7063083406339175,2.7063083406339175,2.7066240875294105,1.7077061345647246,1.7075579995275223,1.7075579995275223,1.7077061345647246,0.4498712641972825,0.4499290732055284,0.4499290732055284,0.4498712641972825,19.999878915174804
400.0,67.012,80.273,3.802,4.46,1.6379314630163977,1.637860539386909,1.637860539386909,1.6379314630163977,2.7126415294265467,2.7123270850535044,2.7123270850535044,2.7126415294265467,1.7153654602679362,1.7152449485245376,1.7152449485245376,1.7153654602679362,0.45125721174909,0.4512682166686884,0.4512682166686884,0.45125721174909,20.0422691501311
400.0,67.066,28.657,5.301,3.201,1.6390362386695292,1.638965533272142,1.638965533272142,1.6390362386695292,2.7079413679132656,2.707627080717532,2.707627080717532,2.7079413679132656,1.7090554311920183,1.70892830269268,1.70892830269268,1.7090554311920183,0.4501869500204081,0.4502118649659027,0.4502118649659027,0.4501869500204081,20.008670409970165
400.0,67.109,51.891,4.399,5.337,1.6385200258575754,1.638449085319816,1.638449085319816,1.6385200258575754,2.710139707224086,2.7098249392701943,2.7098249392701943,2.710139707224086,1.7119345609582326,1.7118125179451182,1.7118125179451182,1.7119345609582326,0.4506899801529921,0.4507053684398976,0.4507053684398976,0.4506899801529921,20.02378796720161
400.0,67.16,70.129,3.791,5.425,1.638111621011112,1.6380411260156666,1.6380411260156666,1.638111621011112,2.7118929422711653,2.711580787749962,2.711580787749962,2.7118929422711653,1.7142115419378992,1.7140905018045725,1.7140905018045725,1.7142115419378992,0.4510889622351244,0.4511015411997473,0.4511015411997473,0.4510889622351244,20.035658534179884
400.0,67.279,12.774,2.984,5.468,1.6393276282992677,1.6392560778293457,1.6392560778293457,1.6393276282995966,2.7067609360257983,2.70644153390704,2.70644153390704,2.7067609615606902,1.7077090364395595,1.7075484847839444,1.7075484847839444,1.7077090364395595,0.449895068256425,0.4499721523529882,0.4499721523529882,0.449895068256425,19.998331407560705
400.0,67.319,46.944,4.998,4.352,1.6385721864535667,1.6385015292033411,1.6385015292033411,1.6385721864535667,2.709956081690942,2.709642679627834,2.709642679627834,2.709956081690942,1.7114620495406931,1.711339692109386,1.711339692109386,1.7114620495406931,0.4506503629928946,0.4506666172199635,0.4506666172199635,0.4506503629928946,20.02056083155172
400.0,67.359,72.261,3.102,3.372,1.6380140849514544,1.637943697617566,1.637943697617566,1.6380140849517026,2.7123492515496217,2.712038169838753,2.712038169838753,2.712349254824972,1.7146022748632448,1.7144810746309165,1.7144810746309165,1.7146022748632448,0.4511943662446787,0.4512069024125544,0.4512069024125544,0.4511943662446787,20.037040026638504
400.0,67.394,62.755,3.478,3.775,1.6382103387954692,1.6381395733726514,1.6381395733726514,1.6382103387954692,2.7115161022158083,2.7112021827893207,2.7112021827893207,2.7115161022158083,1.7134544855534737,1.7133334402137468,1.7133334402137468,1.7134544855534737,0.4510057380656433,0.4510187636111441,0.4510187636111441,0.4510057380656433,20.030849730445613
400.0,67.415,60.281,5.895,4.297,1.6382584487659764,1.6381877162804026,1.6381877162804026,1.6382584487659764,2.7113137883729728,2.7109999212470126,2.7109999212470126,2.7113137883729728,1.7131635292315737,1.7130419306958955,1.7130419306958955,1.7131635292315737,0.4509596536036357,0.4509737417560856,0.4509737417560856,0.4509596536036357,20.02923866454265
400.0,67.538,51.379,4.428,3.996,1.6384189505502464,1.638348864101124,1.638348864101124,1.6384189505502464,2.7106477667578783,2.710338184096647,2.710338184096647,2.7106477667578783,1.7121473816818866,1.7120253337960123,1.7120253337960123,1.7121473816818866,0.4508100834484741,0.4508254434094557,0.4508254434094557,0.4508100834484741,20.023439707411622
400.0,67.827,56.045,3.456,4.368,1.6382427570504812,1.638172455644039,1.638172455644039,1.6382427570504812,2.711457413069408,2.711146410843716,2.711146410843716,2.711457413069408,1.7129075685193755,1.712785918371991,1.712785918371991,1.7129075685193755,0.4509966716451921,0.4510109725244737,0.4510109725244737,0.4509966716451921,20.026467262553165
400.0,67.966,22.717,6.199,4.295,1.6389299174360736,1.6388595330186757,1.6388595330186757,1.6389299174360736,2.708560688872962,2.7082486692976024,2.7082486692976024,2.708560688872962,1.7089048179948327,1.708773148013684,1.708773148013684,1.7089048179948327,0.4503335275993541,0.4503653353744699,0.4503653353744699,0.4503335275993541,20.004775359125787
400.0,68.09,11.61,3.967,5.513,1.6391401402039638,1.6390694248119908,1.6390694248119908,1.6391401402039638,2.707699640032919,2.707385911827584,2.707385911827584,2.707699640032919,1.708146502762438,1.7079757242407618,1.7079757242407618,1.708146502762438,0.4501091961084293,0.4502018170030261,0.4502018170030261,0.4501091961084293,19.99754679953504
400.0,68.284,64.012,3.927,4.851,1.637952325863821,1.637881767668077,1.637881767668077,1.637952325863821,2.71279246624551,2.712480482802664,2.712480482802664,2.71279246624551,1.7141827803737546,1.7140612567185347,1.7140612567185347,1.7141827803737546,0.4513037980076118,0.4513170058689165,0.4513170058689165,0.4513037980076118,20.031638002852112
400.0,68.396,86.132,4.16,5.328,1.6374475157537096,1.63737630310604,1.63737630310604,1.6374475157537096,2.7149995213999247,2.714683475512485,2.714683475512485,2.7149995213999247,1.7169837394588665,1.7168628331649942,1.7168628331649942,1.7169837394588665,0.4518045400338793,0.4518152030034593,0.4518152030034593,0.4518045400338793,20.04603802507872
400.0,68.461,91.079,6.485,5.832,1.6373247898524934,1.6372536986119686,1.6372536986119686,1.6373247898524934,2.7155446525668774,2.7152300699587246,2.7152300699587246,2.7155446525668774,1.7176367023265469,1.7175152387418084,1.7175152387418084,1.7176367023265469,0.4519282434491069,0.4519393610252995,0.4519393610252995,0.4519282434491069,20.049257844638195
400.0,68.533,94.769,3.493,2.941,1.6372271764355932,1.637155983501313,1.637155983501313,1.6372271764355932,2.7159841293555105,2.7156690065845415,2.7156690065845415,2.7159841293555105,1.718139407920834,1.7180180329226402,1.7180180329226402,1.718139407920834,0.4520283825904299,0.4520390643368134,0.4520390643368134,0.4520283825904299,20.0516585969488
400.0,68.562,59.737,2.957,6.182,1.6379722558995895,1.6379016906969968,1.6379016906969968,1.6379722558995895,2.7127597960814143,2.7124475189391357,2.7124475189391357,2.7127597960814143,1.713836060443557,1.7137140240841453,1.7137140240841453,1.713836060443557,0.4512987858717517,0.4513130580477463,0.4513130580477463,0.4512987858717517,20.028845301437396
400.0,68.8,11.885,3.019,4.731,1.6389482012516308,1.638877005929446,1.638877005929446,1.6389482012516308,2.708646947359885,2.708330292702499,2.708330292702499,2.708646947359885,1.7086219770779003,1.7084540367847243,1.7084540367847243,1.7086219770779003,0.4503333466831699,0.4504212145754534,0.4504212145754534,0.4503333466831699,19.997702363976924
400.0,68.947,53.286,3.626,6.057,1.6380117266789185,1.6379411752061646,1.6379411752061646,1.6380117266784706,2.7126633168094485,2.7123513888941604,2.7123513888941604,2.7126633184457507,1.71328928853563,1.7131672695176576,1.7131672695176576,1.71328928853563,0.451280898998567,0.451295387353478,0.451295387353478,0.451280898998567,20.024633763641518
400.0,69.078,54.891,3.424,5.731,1.6379432512360754,1.637872652353448,1.637872652353448,1.6379432512360754,2.712983158130088,2.7126712741144727,2.7126712741144727,2.712983158130088,1.7135712646635213,1.7134491106300662,1.7134491106300662,1.7135712646635213,0.451354559864163,0.4513690809880852,0.4513690809880852,0.451354559864163,20.025673810085628
400.0,69.097,99.837,5.056,6.095,1.6369735850698717,1.6369025444208871,1.6369025444208871,1.6369735850698717,2.7171992467572035,2.716885630986686,2.716885630986686,2.7171992467572035,1.7191324058076287,1.7190105226734775,1.7190105226734775,1.7191324058076287,0.452308596985207,0.4523194185793934,0.4523194185793934,0.452308596985207,20.0549412447991
400.0,69.144,54.148,5.924,5.297,1.6379418699943276,1.6378714898943292,1.6378714898943292,1.6379418699943276,2.7130006185041964,2.712690084054856,2.712690084054856,2.7130006185041964,1.7135227566464142,1.713400489487834,1.713400489487834,1.7135227566464142,0.451359258416931,0.4513739784230511,0.4513739784230511,0.451359258416931,20.02518759802837
400.0,69.245,89.115,4.452,6.159,1.6371649354162412,1.6370936016632391,1.6370936016632391,1.6371649354162412,2.716392525168964,2.7160766944234878,2.7160766944234878,2.716392525168964,1.7179023147421848,1.7177808485966046,1.7177808485966046,1.7179023147421848,0.4521278025800065,0.4521386841806681,0.4521386841806681,0.4521278025800065,20.047951594819505
400.0,69.473,14.91,5.529,4.594,1.6387066006951054,1.6386354000299022,1.6386354000299022,1.6387066006951054,2.7097987211930903,2.7094824058257374,2.7094824058257374,2.7097987211930903,1.7092739105909522,1.70912178400385,1.70912178400385,1.7092739105909522,0.4506136668322764,0.4506766669704309,0.4506766669704309,0.4506136668322764,19.99964685898162
400.0,69.474,38.968,5.211,4.689,1.6381841954379726,1.6381133656785485,1.6381133656785485,1.6381841954379726,2.71202471374112,2.7117110223975684,2.7117110223975684,2.71202471374112,1.7118671636341527,1.7117428070808234,1.7117428070808234,1.7118671636341527,0.4511395760799988,0.4511585377631572,0.4511585377631572,0.4511395760799988,20.015297486784053
400.0,69.474,73.222,3.891,2.893,1.6374466451574927,1.6373749988108912,1.6373749988108912,1.6374466451574927,2.715210773665393,2.714892258299725,2.714892258299725,2.715210773665393,1.7160872392516238,1.7159659355393455,1.7159659355393455,1.7160872392516238,0.4518626966705207,0.451874437440581,0.451874437440581,0.4518626966705207,20.03759347003096
400.0,69.498,19.9,2.879,6.231,1.63859152675873,1.638520150779532,1.638520150779532,1.63859152675873,2.710292616498715,2.7099748450064207,2.7099748450064207,2.710292616498715,1.7096584869024178,1.709522021185828,1.709522021185828,1.7096584869024178,0.4507378065956935,0.4507763024944472,0.4507763024944472,0.4507378065956935,20.00289192464483
400.0,69.549,15.756,6.361,2.624,1.638668879131408,1.6385963948563311,1.6385963948563311,1.638668879131408,2.7099802801926067,2.709655850213899,2.709655850213899,2.7099802801926067,1.7093828377033076,1.7092388255319133,1.7092388255319133,1.7093828377033076,0.4506611141095016,0.4507111293785663,0.4507111293785663,0.4506611141095016,20.000194809613216
400.0,69.558,22.92,4.089,5.106,1.63851026959906,1.638439076708847,1.638439076708847,1.63851026959906,2.71064929803464,2.710332651966145,2.710332651966145,2.71064929803464,1.70995043646901,1.709817703159648,1.709817703159648,1.70995043646901,0.4508220817400795,0.4508548400877726,0.4508548400877726,0.4508220817400795,20.004853865935583
400.0,69.594,53.431,4.571,6.438,1.6378407969307878,1.6377703217844937,1.6377703217844937,1.6378407969307878,2.71352144652386,2.713210305706991,2.713210305706991,2.71352144652386,1.7137241091402362,1.713601617385508,1.713601617385508,1.7137241091402362,0.4514814987334915,0.4514964883311519,0.4514964883311519,0.4514814987334915,20.02470583464487
400.0,69.644,11.831,4.116,4.415,1.6387291751725426,1.638657599890872,1.638657599890872,1.6387291751725426,2.709737565538071,2.7094191848960976,2.7094191848960976,2.709737565538071,1.7091607301090528,1.7089904707455332,1.7089904707455332,1.7091607301090528,0.4505873002392569,0.4506784459808749,0.4506784459808749,0.4505873002392569,19.99763861968413
400.0,69.682,84.546,5.395,4.329,1.6371500416561673,1.6370788962034606,1.6370788962034606,1.6371500416561673,2.7165392513227005,2.7162247436646103,2.7162247436646103,2.7165392513227005,1.7176209954588095,1.7174991900093732,1.7174991900093732,1.7176209954588095,0.4521653249513637,0.4521768697486196,0.4521768697486196,0.4521653249513637,20.0449609644706
400.0,69.696,79.461,6.275,3.818,1.6372552368423028,1.6371841116618726,1.6371841116618726,1.6372552368423028,2.7160831397049794,2.715768665763212,2.715768665763212,2.7160831397049794,1.717001886331893,1.7168802154113971,1.7168802154113971,1.717001886331893,0.4520624527552574,0.452074143169935,0.452074143169935,0.4520624527552574,20.041648862968025
400.0,69.988,30.679,3.298,5.921,1.6382298939281896,1.6381593779037005,1.6381593779037005,1.6382298939280977,2.711924471823798,2.711612975858212,2.711612975858212,2.7119244718226283,1.7111782527343715,1.7110511545570957,1.7110511545570957,1.7111782527343715,0.4511203031687806,0.4511437332008415,0.4511437332008415,0.4511203031687806,20.00988735956296
400.0,70.14,58.674,5.665,2.672,1.6375864057040674,1.6375159534930244,1.6375159534930244,1.6375864057040674,2.7147252584143,2.7144149392316215,2.7144149392316215,2.7147252584143,1.714723454416283,1.714600798409303,1.714600798409303,1.714723454416283,0.4517594826440907,0.4517740439031711,0.4517740439031711,0.4517594826440907,20.028099521781787
400.0,70.148,28.72,5.64,4.707,1.6382306039633163,1.6381598902101715,1.6381598902101715,1.6382306039633163,2.7119533464660086,2.7116404242271535,2.7116404242271535,2.7119533464660086,1.7110411475226277,1.710912525718608,1.710912525718608,1.7110411475226277,0.451127121199064,0.4511529970548031,0.4511529970548031,0.451127121199064,20.0086070712636
400.0,70.196,56.448,3.235,6.479,1.6376199218895129,1.6375491610253967,1.6375491610253967,1.6376199218895129,2.714591906426069,2.714279401470184,2.714279401470184,2.714591906426069,1.7144848274507982,1.7143623491461693,1.7143623491461693,1.7144848274507982,0.4517297869524364,0.4517442221164719,0.4517442221164719,0.4517297869524364,20.02664895908681
400.0,70.449,81.974,3.957,5.44,1.6370075641634074,1.6369365140238763,1.6369365140238763,1.6370075641634074,2.7173076335439976,2.71699425998808,2.71699425998808,2.7173076335439976,1.7178004304232646,1.7176782728286466,1.7176782728286466,1.7178004304232646,0.4523466692355326,0.4523585820336636,0.4523585820336636,0.4523466692355326,20.04325932663188
400.0,70.483,52.167,2.557,3.153,1.6376376365846226,1.637566782879903,1.637566782879903,1.6376376365846226,2.7145694029669483,2.714256297318221,2.714256297318221,2.7145694029669483,1.7141426265903,1.7140196188313317,1.7140196188313317,1.7141426265903,0.4517272016262888,0.451742668081308,0.451742668081308,0.4517272016262888,20.02385298572111
400.0,70.63,97.516,3.616,5.745,1.6366297553196745,1.6365582699220107,1.6365582699220107,1.6366297553196745,2.7190041338700683,2.718688446817636,2.718688446817636,2.7190041338700683,1.7198411892540482,1.7197189207266843,1.7197189207266843,1.7198411892540482,0.4527314047906889,0.4527422878425925,0.4527422878425925,0.4527314047906889,20.05337590136008
400.0,70.707,51.822,4.869,3.872,1.6375872171806676,1.63751634783271,1.63751634783271,1.6375872171806676,2.7148310767973447,2.714517958559031,2.714517958559031,2.7148310767973447,1.7142442447356858,1.7141215515932278,1.7141215515932278,1.7142442447356858,0.4517888501599042,0.4518037695459872,0.4518037695459872,0.4517888501599042,20.02362091416898
400.0,70.748,60.656,5.414,5.905,1.6373869561009615,1.6373159184508963,1.6373159184508963,1.6373869561009615,2.715708806437332,2.715394886985415,2.715394886985415,2.715708806437332,1.7153607169709786,1.7152379653944778,1.7152379653944778,1.7153607169709786,0.4519876818540994,0.4520020309136776,0.4520020309136776,0.4519876818540994,20.02936946611026
400.0,70.776,58.797,3.873,3.765,1.6374197939268968,1.6373485636899827,1.6373485636899827,1.6374197939268968,2.715572452640232,2.7152573533534374,2.7152573533534374,2.715572452640232,1.7151491226086906,1.7150264779561233,1.7150264779561233,1.7151491226086906,0.4519570923576305,0.4519713716452179,0.4519713716452179,0.4519570923576305,20.02815809454517
400.0,70.927,66.192,5.447,5.07,1.6372222421625084,1.6371511384154815,1.6371511384154815,1.6372222421625084,2.716460431068758,2.716146496426882,2.716146496426882,2.716460431068758,1.7161595004595993,1.7160370846985324,1.7160370846985324,1.7161595004595993,0.4521597715163525,0.4521730092167468,0.4521730092167468,0.4521597715163525,20.032966892195777
400.0,71.041,64.178,4.438,4.282,1.6372359153207798,1.6371649122207887,1.6371649122207887,1.6372359153207798,2.7164220730818345,2.7161085002573904,2.7161085002573904,2.7164220730818345,1.7159845896475614,1.7158621624938164,1.7158621624938164,1.7159845896475614,0.4521522739927067,0.4521656453435153,0.4521656453435153,0.4521522739927067,20.031652149448227
400.0,71.055,12.882,6.261,2.569,1.6383378160937043,1.6382664665382487,1.6382664665382487,1.6383378160937043,2.7116701764234574,2.711353390360331,2.711353390360331,2.7116701764234574,1.710143613578322,1.7099819242577885,1.7099819242577885,1.710143613578322,0.4510466699607934,0.4511237702228393,0.4511237702228393,0.4510466699607934,19.998274834427896
400.0,71.266,54.863,4.701,3.289,1.6373774312204648,1.6373061478049022,1.6373061478049022,1.6373774312204648,2.715849634631291,2.715533689389721,2.715533689389721,2.715849634631291,1.7149807749080617,1.7148576596133318,1.7148576596133318,1.7149807749080617,0.4520242988608188,0.4520394456496951,0.4520394456496951,0.4520242988608188,20.02558089222476
400.0,71.268,87.489,4.779,6.035,1.6366798167694268,1.6366081165828636,1.6366081165828636,1.6366798167694268,2.7189055369162825,2.7185880827657565,2.7185880827657565,2.7189055369162825,1.719013879610373,1.7188916377862773,1.7188916377862773,1.719013879610373,0.4527154370503144,0.452726757684869,0.452726757684869,0.4527154370503144,20.04682261822948
400.0,71.343,90.842,2.897,4.483,1.6365890207627762,1.636517227212989,1.636517227212989,1.6365890207627762,2.719320291579294,2.7190028992485646,2.7190028992485646,2.719320291579294,1.7194783143624066,1.7193560688429603,1.7193560688429603,1.7194783143624066,0.4528099284526396,0.4528209330382661,0.4528209330382661,0.4528099284526396,20.04900399895408
400.0,71.467,54.407,2.62,5.856,1.6373354488783367,1.637264133814905,1.637264133814905,1.6373354488783367,2.7160702116411946,2.715754438878865,2.715754438878865,2.7160702116411946,1.7150540709432884,1.7149309929449696,1.7149309929449696,1.7150540709432884,0.4520763522653292,0.4520912789117194,0.4520912789117194,0.4520763522653292,20.025276936656464
400.0,71.51,37.763,2.593,5.997,1.637681582644156,1.6376107927340893,1.6376107927340893,1.637681582644156,2.7145732896590737,2.7142604853000294,2.7142604853000294,2.7145732896590737,1.713029807362513,1.71290482579299,1.71290482579299,1.713029807362513,0.4517370365792205,0.4517561716717057,0.4517561716717057,0.4517370365792205,20.01444462570133
400.0,71.551,71.711,6.253,5.224,1.6369432244130675,1.636872016410137,1.636872016410137,1.6369432244130675,2.7177992695737654,2.717484739518598,2.717484739518598,2.7177992695737654,1.7172458786482332,1.7171238836566642,1.7171238836566642,1.7172458786482332,0.4524689597926828,0.4524809326950933,0.4524809326950933,0.4524689597926828,20.03653815800526
400.0,71.634,67.804,5.597,2.917,1.637005523713147,1.6369341460864453,1.6369341460864453,1.637005523713147,2.717542425999425,2.717226676515167,2.717226676515167,2.717542425999425,1.716816473188224,1.7166941340961228,1.7166941340961228,1.716816473188224,0.452411376426078,0.4524241283697616,0.4524241283697616,0.452411376426078,20.03399177575392
400.0,71.704,22.941,3.496,2.91,1.6379513378594408,1.6378799520094058,1.6378799520094058,1.6379513378594408,2.7134504003953577,2.713133615255305,2.713133615255305,2.7134504003953577,1.711331087454275,1.7111984549237436,1.7111984549237436,1.711331087454275,0.4514786166547371,0.4515102199550501,0.4515102199550501,0.4514786166547371,20.004794569720183
400.0,71.731,64.201,3.091,3.782,1.6370577564928743,1.636986058688068,1.636986058688068,1.6370577564928743,2.7173332875976093,2.7170160455879024,2.7170160455879024,2.7173332875976093,1.7164341497907551,1.7163114083275297,1.7163114083275297,1.7164341497907551,0.452364703275199,0.4523782602484723,0.4523782602484723,0.452364703275199,20.03164287939913
400.0,71.781,81.9,5.731,5.756,1.6366670782492947,1.6365952506683277,1.6365952506683277,1.6366670782492947,2.7190593333136244,2.7187412009344656,2.7187412009344656,2.7190593333136244,1.718655386399312,1.7185334415356064,1.7185334415356064,1.718655386399312,0.4527555800183221,0.4527666015879465,0.4527666015879465,0.4527555800183221,20.043165011120998
400.0,71.796,41.798,4.491,5.783,1.6375208996105493,1.6374501333344391,1.6374501333344391,1.6375208996105493,2.715323561891124,2.715011347800981,2.715011347800981,2.715323561891124,1.7137113141739937,1.71358632789576,1.71358632789576,1.7137113141739937,0.4519096981585124,0.4519284122756336,0.4519284122756336,0.4519096981585124,20.017059868527102
400.0,71.819,18.442,5.621,5.047,1.6380186533907966,1.637947277459724,1.637947277459724,1.6380186533907966,2.713182514759224,2.71286611751234,2.71286611751234,2.713182514759224,1.7110449964535102,1.7109047051117887,1.7109047051117887,1.7110449964535102,0.4514134795216923,0.4514569169744699,0.4514569169744699,0.4514134795216923,20.00186472821927
400.0,71.822,36.371,4.732,4.622,1.6376310406656662,1.6375596532222092,1.6375596532222092,1.6376310406656662,2.714854620218333,2.7145384930824314,2.7145384930824314,2.714854620218333,1.713059754505279,1.7129336868161404,1.7129336868161404,1.713059754505279,0.451802611123135,0.4518233720265507,0.4518233720265507,0.451802611123135,20.013527889444028
400.0,71.859,25.385,4.465,4.456,1.6378581895858328,1.6377866770585967,1.6377866770585967,1.6378581895858328,2.71388140968304,2.713564274657653,2.713564274657653,2.71388140968304,1.7117319276829677,1.7116009104938392,1.7116009104938392,1.7117319276829677,0.4515789092932875,0.4516079084295935,0.4516079084295935,0.4515789092932875,20.00637966569109
400.0,71.939,75.196,5.121,5.856,1.636769131907626,1.6366977147565862,1.6366977147565862,1.636769131907626,2.7186377602845666,2.718322436773275,2.718322436773275,2.7186377602845666,1.7179286950596302,1.7178062746426102,1.7178062746426102,1.7179286950596302,0.4526619317932392,0.452674095465672,0.452674095465672,0.4526619317932392,20.03879425958353
400.0,71.958,83.341,3.698,5.966,1.6365909091113793,1.6365191241379626,1.6365191241379626,1.6365909091113793,2.7194283887580952,2.719110846955331,2.719110846955331,2.7194283887580952,1.7189491577222886,1.7188265511345315,1.7188265511345315,1.7189491577222886,0.4528402734125933,0.4528521333418313,0.4528521333418313,0.4528402734125933,20.04409692485559
400.0,71.97,48.857,4.466,5.535,1.6373244423521096,1.6372532686164394,1.6372532686164394,1.6373244423521096,2.7162127037948345,2.7158978656517414,2.7158978656517414,2.7162127037948345,1.7146943510013153,1.7145704833140545,1.7145704833140545,1.7146943510013153,0.4521131193323179,0.4521295165157768,0.4521295165157768,0.4521131193323179,20.02164724257867
400.0,72.051,34.705,4.214,3.462,1.6376074393026854,1.6375365738249368,1.6375365738249368,1.6376074393026854,2.714997403069511,2.714684704735342,2.714684704735342,2.714997403069511,1.7130017532687372,1.7128754357854974,1.7128754357854974,1.7130017532687372,0.451837481871527,0.4518585383643097,0.4518585383643097,0.451837481871527,20.01243592138088
400.0,72.115,60.166,6.251,6.273,1.6370450328037134,1.6369736580624228,1.6369736580624228,1.6370450328037134,2.717460420545029,2.717144954832743,2.717144954832743,2.717460420545029,1.7161840811788285,1.7160611135112276,1.7160611135112276,1.7161840811788285,0.4523972824851338,0.452411348030814,0.452411348030814,0.4523972824851338,20.02900305941889
400.0,72.383,77.984,5.729,4.034,1.636595845434119,1.6365241218314055,1.6365241218314055,1.636595845434119,2.7194865089917046,2.71916935852128,2.71916935852128,2.7194865089917046,1.718561939889777,1.7184392476800263,1.7184392476800263,1.718561939889777,0.4528577108582412,0.4528698870600739,0.4528698870600739,0.4528577108582412,20.04059377602022
400.0,72.456,81.974,2.694,3.151,1.6364921895875164,1.636420497314393,1.636420497314393,1.6364921895875164,2.719957655189193,2.719640922882105,2.719640922882105,2.719957655189193,1.7191034339033755,1.7189810031294526,1.7189810031294526,1.7191034339033755,0.452965092875762,0.4529765361896505,0.4529765361896505,0.452965092875762,20.043189903256543
400.0,72.53,17.613,4.671,2.935,1.6378519828845652,1.6377801888045251,1.6377801888045251,1.6378519828845652,2.714036601880733,2.7137176889299925,2.7137176889299925,2.714036601880733,1.7114423695937075,1.7112992664561582,1.7112992664561582,1.7114423695937075,0.4516116330151103,0.4516591385400688,0.4516591385400688,0.4516116330151103,20.00130137670141
400.0,72.538,30.912,3.251,3.867,1.6375630851201923,1.6374919796382226,1.6374919796382226,1.6375630851201923,2.7152828039519004,2.7149688410869848,2.7149688410869848,2.7152828039519004,1.7128485324224276,1.7127204679708996,1.7127204679708996,1.7128485324224276,0.4519055413466593,0.4519292983812962,0.4519292983812962,0.4519055413466593,20.009951677559403
400.0,72.563,93.209,2.868,5.883,1.6362265610330398,1.6361543964184522,1.6361543964184522,1.6362265610330398,2.7211573386064343,2.720837751579148,2.720837751579148,2.7211573386064343,1.7205648256624344,1.7204424703445873,1.7204424703445873,1.7205648256624344,0.4532365758520342,0.4532471419851964,0.4532471419851964,0.4532365758520342,20.05050296878144
400.0,72.641,56.44,2.506,2.929,1.6369889252711352,1.6369175899437092,1.6369175899437092,1.6369889252711352,2.717805569693589,2.7174901445901547,2.7174901445901547,2.717805569693589,1.71606524867525,1.7159413325659023,1.7159413325659023,1.71606524867525,0.4524800160278608,0.4524953525327147,0.4524953525327147,0.4524800160278608,20.02655958693837
400.0,72.79,95.905,6.18,5.123,1.6361110800917236,1.6360392343973458,1.6360392343973458,1.6361110800917236,2.7217121005085487,2.721394659283741,2.721394659283741,2.7217121005085487,1.7210475644450451,1.7209248085700632,1.7209248085700632,1.7210475644450451,0.4533639232989005,0.4533748403470286,0.4533748403470286,0.4533639232989005,20.052251203394487
400.0,72.868,94.418,3.548,6.382,1.6361224912783732,1.6360509930411542,1.6360509930411546,1.6361224912783732,2.721674421664488,2.721359322438768,2.7213593224388326,2.721674421664488,1.720913916549628,1.7207912296155166,1.7207912296155166,1.720913916549628,0.4533565595125239,0.4533673831387577,0.4533673831387577,0.4533565595125239,20.051279853045028
400.0,72.891,91.502,4.687,4.118,1.6361787585906675,1.636106629045291,1.636106629045291,1.6361787585906675,2.721431347224652,2.7211122797323317,2.7211122797323317,2.721431347224652,1.7205669938055494,1.720444393508062,1.720444393508062,1.7205669938055494,0.453301601283556,0.4533124901732513,0.4533124901732513,0.453301601283556,20.04937964630968
400.0,72.959,57.451,2.717,5.255,1.6368856770025957,1.636813984964827,1.636813984964827,1.6368856770025957,2.7183196314104907,2.7180022734639477,2.7180022734639477,2.7183196314104907,1.7163953620670058,1.7162720241122984,1.7162720241122984,1.7163953620670058,0.452599551545601,0.452613983014867,0.452613983014867,0.452599551545601,20.027206306063977
400.0,72.968,36.206,4.229,3.342,1.637337960521321,1.637266630040551,1.637266630040551,1.637337960521321,2.716343281455668,2.7160279465586,2.7160279465586,2.716343281455668,1.7137784770723454,1.7136525234561435,1.7136525234561435,1.7137784770723454,0.4521511699716123,0.4521711885034378,0.4521711885034378,0.4521511699716123,20.01338117052494
400.0,73.017,28.802,2.914,5.366,1.637484287761955,1.6374133378952191,1.6374133378952191,1.637484287761955,2.7157141890552485,2.7154012360593245,2.7154012360593245,2.7157141890552485,1.712897867955671,1.7127681676234163,1.7127681676234163,1.712897867955671,0.4520068274043049,0.4520331341254396,0.4520331341254396,0.4520068274043049,20.008562835587536
400.0,73.096,45.49,4.981,5.335,1.6371057759737888,1.6370346862672338,1.6370346862672338,1.6371057759735363,2.7173784839873947,2.7170647259740224,2.7170647259740224,2.7173784856552,1.7150066434615214,1.71488212944117,1.71488212944117,1.7150066434615214,0.4523877162694433,0.4524049025435468,0.4524049025435468,0.4523877162694433,20.01941786616588
400.0,73.207,95.316,3.186,4.458,1.636017256436092,1.635945037526359,1.635945037526359,1.636017256436092,2.722211016752417,2.721891460729105,2.721891460729105,2.722211016752417,1.7212461007252045,1.721123460492487,1.721123460492487,1.7212461007252045,0.4534805490182322,0.4534911038865541,0.4534911038865541,0.4534805490182322,20.05185279588256
400.0,73.437,22.542,5.077,5.27,1.6375101220532946,1.6374387547656464,1.637438754765308,1.6375101220532946,2.715683482948458,2.7153679636525005,2.7153679636490855,2.715683482948458,1.7123983995979832,1.7122640629909247,1.7122640629909247,1.7123983995979832,0.4520004508627907,0.4520339442282037,0.4520339442282037,0.4520004508627907,20.00447594240986
400.0,73.446,24.956,4.569,5.859,1.6374557651950892,1.6373846780778556,1.6373846780778556,1.6374557651950892,2.715919260306236,2.7156054081191803,2.7156054081191803,2.715919260306236,1.712701236437956,1.7125689517263956,1.7125689517263956,1.712701236437956,0.4520555793042188,0.4520858199056301,0.4520858199056301,0.4520555793042188,20.00604618162799
400.0,73.484,78.776,5.747,3.058,1.6362969269617145,1.6362249736344454,1.6362249736344454,1.6362969269615149,2.7210173445337364,2.7206991209037774,2.7206991209037774,2.7210173687602888,1.7193750484407495,1.719252371857486,1.719252371857486,1.7193750484407495,0.4532142992776392,0.4532259522611816,0.4532259522611816,0.4532142992776392,20.041071690085506
400.0,73.579,90.777,5.551,5.612,1.6360183602745906,1.6359462368276527,1.6359462368276527,1.6360183602745906,2.7222756129025023,2.7219566460682767,2.7219566460682767,2.7222756129025023,1.72092504402388,1.7208022698152043,1.7208022698152043,1.72092504402388,0.4534988755917998,0.4535097678246771,0.4535097678246771,0.4534988755917998,20.048882995746983
400.0,73.581,68.263,4.078,2.861,1.6364952671196182,1.6364236839315691,1.6364236839315691,1.6364952671196182,2.7201558168472126,2.7198394593178055,2.7198394593178055,2.7201558168472126,1.7181361239178827,1.718013034637884,1.718013034637884,1.7181361239178827,0.4530207287878643,0.4530337818785831,0.4530337818785831,0.4530207287878643,20.034223158559374
400.0,73.613,87.743,5.959,4.413,1.6360738259207006,1.6360019023063963,1.6360019023063963,1.6360738259207006,2.722033753465244,2.7217162697735384,2.7217162697735384,2.722033753465244,1.7205709981315769,1.720447964937353,1.720447964937353,1.7205709981315769,0.4534446496282005,0.4534561527952024,0.4534561527952024,0.4534446496282005,20.046906108010337
400.0,73.725,97.626,2.684,6.22,1.635835894787354,1.6357641868679595,1.6357641868679595,1.635835894787354,2.7231154870490744,2.7227997673959727,2.7227997673959727,2.7231154870490744,1.7218710960237753,1.721747794231774,1.721747794231774,1.7218710960237753,0.4536897317638551,0.4537008341074645,0.4537008341074645,0.4536897317638551,20.05333935554607
400.0,73.777,20.46,4.299,4.336,1.6374667470237287,1.637395502676844,1.637395502676844,1.6374667470237287,2.71593467408803,2.7156200721907027,2.7156200721907027,2.71593467408803,1.7124609607356645,1.7123230422958906,1.7123230422958906,1.7124609607356645,0.4520581909534073,0.4520970492669498,0.4520970492669498,0.4520581909534073,20.00311004317689
400.0,73.823,38.144,4.621,4.463,1.6370755019413132,1.6370041354845453,1.6370041354845453,1.6370755019413132,2.7176489998699536,2.7173341479106163,2.7173341479106163,2.7176489998699536,1.714570237026224,1.7144436986635416,1.7144436986635416,1.714570237026224,0.4524546085417567,0.4524750597083051,0.4524750597083051,0.4524546085417567,20.014613089804037
400.0,73.881,15.928,6.489,6.258,1.6375374964291127,1.637465754428768,1.637465754428768,1.6375374964291127,2.7156503330523774,2.7153324407473938,2.7153324407473938,2.7156503330523774,1.71219174178033,1.7120403828895243,1.7120403828895243,1.71219174178033,0.4519842963841928,0.4520441111639558,0.4520441111639558,0.4519842963841928,20.000159242121832
400.0,73.976,17.258,5.792,3.93,1.6374839003718609,1.6374129261592425,1.6374129261592425,1.6374839003718609,2.715896435353196,2.7155835523128355,2.7155835523128355,2.715896435353196,1.712350139289475,1.712206082456854,1.712206082456854,1.712350139289475,0.4520471529612675,0.4520954768632533,0.4520954768632533,0.4520471529612675,20.001021089665816
400.0,74.094,88.146,3.911,4.185,1.6359424035163077,1.6358703203482283,1.6358703203482283,1.6359424035163077,2.7227112066947097,2.722393156421246,2.722393156421246,2.7227112066947097,1.7209346652827708,1.7208113916961414,1.7208113916961414,1.7209346652827708,0.4536020873439105,0.4536136472718042,0.4536136472718042,0.4536020873439105,20.047151760064363
400.0,74.141,71.923,4.169,3.872,1.6362741443305755,1.6362019708361026,1.6362019708361026,1.6362741443305755,2.721243967406977,2.72092466758624,2.72092466758624,2.721243967406977,1.7189534290203592,1.7188305444312757,1.7188305444312757,1.7189534290203592,0.4532718467811428,0.4532839771505075,0.4532839771505075,0.4532718467811428,20.036586393404697
400.0,74.218,99.645,3.664,5.29,1.6356679658085054,1.635595916125964,1.635595916125964,1.6356679658085054,2.7239636348454286,2.723645858476417,2.723645858476417,2.7239636348454286,1.7224432783997987,1.722320131719645,1.722320131719645,1.7224432783997987,0.4538856728777434,0.4538962221885139,0.4538962221885139,0.4538856728777434,20.05463719375606
400.0,74.298,75.825,2.515,3.81,1.6361510941333397,1.6360793457321006,1.6360793457321006,1.6361510941333397,2.7218190084139837,2.7215028732666857,2.7215028732666857,2.7218190084139837,1.7195394637487282,1.7194161186720067,1.7194161186720067,1.7195394637487282,0.4534030154237215,0.4534154613657146,0.4534154613657146,0.4534030154237215,20.039121466961543
400.0,74.551,45.415,5.021,5.682,1.6367328774202037,1.6366609396220466,1.6366609396220466,1.6367328774202037,2.7192918189866218,2.7189734121328137,2.7189734121328137,2.7192918189866218,1.7159385696039502,1.715813705926058,1.715813705926058,1.7159385696039502,0.4528340004798298,0.4528510393755205,0.4528510393755205,0.4528340004798298,20.01931834134361
400.0,74.599,73.154,2.87,5.455,1.6361305092380702,1.636058600643405,1.636058600643405,1.6361305092380702,2.7219654205709936,2.7216480644800174,2.7216480644800174,2.7219654205709936,1.719403922394508,1.7192805023023785,1.7192805023023785,1.719403922394508,0.4534391597829665,0.4534517896221761,0.4534517896221761,0.4534391597829665,20.03737163859399
400.0,74.702,12.497,4.563,3.927,1.6373986050097982,1.6373269380254676,1.6373269380254676,1.6373986050097982,2.716407000808412,2.716090463718497,2.716090463718497,2.716407000808412,1.71246938914634,1.7123035853893689,1.7123035853893689,1.71246938914634,0.4521529166899633,0.4522347128138424,0.4522347128138424,0.4521529166899633,19.997899490042112
400.0,74.732,38.238,2.638,4.016,1.6368389443763172,1.6367673709226591,1.6367673709226591,1.6368389443763172,2.71885602852897,2.718540016992778,2.718540016992778,2.71885602852897,1.7151696479084393,1.7150433267836085,1.7150433267836085,1.7151696479084393,0.4527367372761395,0.4527564218472766,0.4527564218472766,0.4527367372761395,20.014642066825704
400.0,74.749,12.389,3.889,6.474,1.6373885742908263,1.6373169595852048,1.6373169595852048,1.6373885742908263,2.7164595432057697,2.7161430133617657,2.7161430133617657,2.7164595432057697,1.712493641080158,1.7123244631893455,1.7123244631893455,1.712493641080158,0.4521625374990824,0.4522498113896746,0.4522498113896746,0.4521625374990824,19.99782787462781
400.0,74.754,98.475,3.111,4.091,1.6355563594116789,1.6354838883325054,1.6354838883325054,1.6355563594116789,2.724567277515171,2.724247059230734,2.724247059230734,2.724567277515171,1.7226478360991475,1.7225243767848155,1.7225243767848155,1.7226478360991475,0.4540266846467546,0.4540375220924179,0.4540375220924179,0.4540266846467546,20.05385535966177
400.0,74.818,39.595,5.938,5.983,1.6367881177949488,1.636716426265168,1.636716426265168,1.6367881177950632,2.71909763768355,2.718781008089216,2.718781008089216,2.7190976635468087,1.7153922896108185,1.715266699073048,1.715266699073048,1.7153922896108185,0.452792550204418,0.4528109549888972,0.4528109549888972,0.452792550204418,20.015521970380096
400.0,74.917,18.631,4.952,2.872,1.6372108160409962,1.6371395695028652,1.6371395695028652,1.6372108160409962,2.717262575398762,2.7169484553839105,2.7169484553839105,2.717262575398762,1.7130618835318427,1.7129200386387755,1.7129200386387755,1.7130618835318427,0.4523671574086897,0.4524115990110548,0.4524115990110548,0.4523671574086897,20.00188141934788
400.0,75.067,93.169,3.215,6.183,1.6355882100843029,1.635515894524613,1.635515894524613,1.6355882100843029,2.724481553710114,2.724162763560668,2.724162763560668,2.724481553710114,1.722193389067609,1.7220698391408538,1.7220698391408538,1.722193389067609,0.4540107305129657,0.4540219283090232,0.4540219283090232,0.4540107305129657,20.05038887399185
400.0,75.152,37.542,3.371,6.192,1.636745869083441,1.6366743236773686,1.6366743236773686,1.636745869083441,2.7193451769977375,2.7190293196737056,2.7190293196737056,2.7193451769977375,1.7153550482827975,1.7152282841888271,1.7152282841888271,1.7153550482827975,0.4528510048869551,0.452871285644563,0.452871285644563,0.4528510048869551,20.014175136401512
400.0,75.455,18.145,5.903,3.132,1.6370820420718424,1.6370109414658365,1.6370109414658365,1.6370820420718424,2.7179247765949484,2.7176118448358424,2.7176118448358424,2.7179247765949484,1.713373816282053,1.7132309026330723,1.7132309026330723,1.713373816282053,0.4525215990287458,0.4525674961315149,0.4525674961315149,0.4525215990287458,20.00154665915077
400.0,75.517,12.379,5.608,5.357,1.6371903219490913,1.6371179746265003,1.6371179746265003,1.6371903219490913,2.71747067282316,2.717150061368135,2.717150061368135,2.71747067282316,1.7129881507501283,1.7128219485688545,1.7128219485688545,1.7129881507501283,0.4524009267670954,0.4524829957969656,0.4524829957969656,0.4524009267670954,19.99779504615664
400.0,75.651,38.037,3.503,4.468,1.6366067829793738,1.636535246107604,1.636535246107604,1.6366067829793738,2.7200516772394017,2.7197363890464614,2.7197363890464614,2.7200516772394017,1.7157394254298646,1.7156129539235452,1.7156129539235452,1.7157394254298646,0.4530158955523347,0.4530354024193069,0.4530354024193069,0.4530158955523347,20.01447999512444
400.0,75.691,20.775,4.645,3.737,1.6369649695713908,1.6368934253442804,1.6368934253442804,1.6369649695713908,2.7184839517317885,2.718167942451736,2.718167942451736,2.7184839517317885,1.713723354190151,1.713586457337237,1.713586457337237,1.713723354190151,0.4526545643256296,0.4526909146427679,0.4526909146427679,0.4526545643256296,20.00324966240786
400.0,75.769,59.806,4.209,4.51,1.6361141604045233,1.6360422193654316,1.6360422193654316,1.6361141604045233,2.722258850304676,2.7219415191824488,2.7219415191824488,2.722258850304676,1.7185101482228256,1.7183857745873294,1.7183857745873294,1.7185101482228256,0.4535164042137731,0.4535310485569406,0.4535310485569406,0.4535164042137731,20.028641472698123
400.0,75.786,51.912,5.767,3.659,1.636277442425049,1.6362050450094063,1.6362050450094063,1.636277442425049,2.7215384147400123,2.721218059066042,2.721218059066042,2.7215384147400123,1.7175433429270013,1.7174186232161612,1.7174186232161612,1.7175433429270013,0.4533535000999073,0.4533692898604511,0.4533692898604511,0.4533535000999073,20.02350308987569
400.0,75.817,72.183,5.777,4.298,1.635839891958777,1.6357678330264034,1.6357678330264034,1.635839891958777,2.723492322041949,2.7231743451531734,2.7231743451531734,2.723492322041949,1.7200760732981764,1.7199523890548627,1.7199523890548627,1.7200760732981764,0.4537954183026965,0.4538080535502288,0.4538080535502288,0.4537954183026965,20.03669651428936
400.0,75.897,86.567,5.138,5.638,1.6355160688107873,1.6354437856734756,1.6354437856734756,1.6355160688107873,2.7249625197092637,2.724643980440369,2.724643980440369,2.7249625197092637,1.721914905962984,1.7217910764422868,1.7217910764422868,1.721914905962984,0.454127265478823,0.4541389536098214,0.4541389536098214,0.454127265478823,20.04605963625461
400.0,75.936,64.641,4.912,5.778,1.6359689172968137,1.6358967085977676,1.6358967085977676,1.6359689172968137,2.7229385895357194,2.72262004656657,2.72262004656657,2.7229385895357194,1.7192185139432847,1.7190944096629983,1.7190944096629983,1.7192185139432847,0.4536714845919828,0.4536852124855653,0.4536852124855653,0.4536714845919828,20.031782494273425
400.0,75.944,50.731,6.12,6.039,1.6362618979505754,1.6361895376678457,1.6361895376678457,1.6362618979505754,2.7216365787086234,2.7213162200995207,2.7213162200995207,2.7216365787086234,1.7174994046659775,1.7173752568033114,1.7173752568033114,1.7174994046659775,0.4533777185071017,0.4533926135629554,0.4533926135629554,0.4533777185071017,20.02272942429617
400.0,75.996,24.699,5.135,3.588,1.6368027440535773,1.6367309953286489,1.6367309953286489,1.6368027440535773,2.719254008695557,2.718937478048831,2.718937478048831,2.719254008695557,1.7143157993151863,1.7141822449242174,1.7141822449242174,1.7143157993151863,0.4528339082823398,0.4528649333547502,0.4528649333547502,0.4528339082823398,20.005791394446533
400.0,76.013,38.57,5.543,4.185,1.6365025309587786,1.6364307844079145,1.6364307844079145,1.6365025309587786,2.720580448285087,2.720263982325332,2.720263982325332,2.720580448285087,1.7160396002063871,1.7159128042066587,1.7159128042066587,1.7160396002063871,0.4531385480203598,0.4531583913435284,0.4531583913435284,0.4531385480203598,20.01481375442536
400.0,76.029,86.138,3.283,5.401,1.6354914289260702,1.6354190926593588,1.6354190926593588,1.6354914289260702,2.7250979030702305,2.724778608211223,2.724778608211223,2.7250979030702305,1.7219476245479295,1.7218240302058176,1.7218240302058176,1.7219476245479295,0.4541592367390375,0.4541705856983948,0.4541705856983948,0.4541592367390375,20.045775225745828
400.0,76.101,26.051,3.905,4.709,1.636746668335463,1.6366749198217334,1.6366749198217334,1.636746668335463,2.7195201688049777,2.7192037303343226,2.7192037303343226,2.7195201688049777,1.7145507517104115,1.714418220327783,1.714418220327783,1.7145507517104115,0.4528958560908995,0.4529251972755976,0.4529251972755976,0.4528958560908995,20.006666932653967
400.0,76.117,82.064,4.391,3.238,1.635554993862908,1.6354824985657306,1.6354824985657306,1.635554993862908,2.7248294786162943,2.7245093854998568,2.7245093854998568,2.7248294786162943,1.7214989673616374,1.7213750047711447,1.7213750047711447,1.7214989673616374,0.4540992847369898,0.454111436527309,0.454111436527309,0.4540992847369898,20.043119430037173
400.0,76.183,63.84,2.777,2.551,1.635922747232422,1.6358504138730203,1.6358504138730203,1.635922747232422,2.7231915240499425,2.7228715807358848,2.7228715807358848,2.7231915240499425,1.71927988552163,1.719155825720592,1.719155825720592,1.71927988552163,0.4537309632943716,0.45374453667423,0.45374453667423,0.4537309632943716,20.031253023009256
400.0,76.321,58.003,4.195,6.161,1.6360109270743035,1.6359387712412516,1.6359387712412516,1.6360109270743035,2.7228229988659405,2.722504840034796,2.722504840034796,2.7228229988659405,1.7186461786987013,1.7185212601296391,1.7185212601296391,1.7186461786987013,0.4536487400962026,0.4536641025715208,0.4536641025715208,0.4536487400962026,20.027448625973843
400.0,76.338,13.232,6.238,5.276,1.6369600421762145,1.6368873204812016,1.6368873204812016,1.6369600421762145,2.7186328756495945,2.7183103240335043,2.7183103240335043,2.7186328756495945,1.7135825464137104,1.7134196427909962,1.7134196427909962,1.7135825464137104,0.4526741682145712,0.4527508124013142,0.4527508124013142,0.4526741682145712,19.9983212888502
400.0,76.417,38.812,4.151,3.568,1.6363938639067988,1.6363213170235318,1.6363213170235318,1.6363938639067988,2.721140888348825,2.7208193661552458,2.7208193661552458,2.721140888348825,1.7163312909596862,1.716204933344504,1.716204933344504,1.7163312909596862,0.45326890425011,0.4532878631754623,0.4532878631754623,0.45326890425011,20.014957462462142
400.0,76.53,15.238,4.831,6.267,1.636867490391975,1.6367949746171508,1.6367949746171508,1.636867490391975,2.7190731596995024,2.718751862488662,2.718751862488662,2.7190731596995024,1.7138524428930184,1.7137027970400946,1.7137027970400946,1.7138524428930184,0.4527860226999195,0.4528417491808781,0.4528417491808781,0.4527860226999195,19.9996190029739
400.0,76.696,20.73,5.578,4.424,1.636707117219543,1.6366348798870112,1.6366348798870112,1.636707117219543,2.7198078458177912,2.7194884999951854,2.7194884999951854,2.7198078458177912,1.7143721668831469,1.7142334953425566,1.7142334953425566,1.7143721668831469,0.4529620368576258,0.4530006625412489,0.4530006625412489,0.4529620368576258,20.003185222055937
400.0,76.73,41.179,2.948,2.731,1.636262803234953,1.636191107704153,1.636191107704153,1.636262803234953,2.721775769773347,2.721459989363908,2.721459989363908,2.721775769773347,1.7168273845121989,1.7167007013811464,1.7167007013811464,1.7168273845121989,0.4534157612353932,0.4534348610707297,0.4534348610707297,0.4534157612353932,20.016486082575057
400.0,76.781,41.575,2.9,2.94,1.6362413516280805,1.6361690467690333,1.6361690467690333,1.6362413516280805,2.721883163833005,2.7215633218994,2.7215633218994,2.721883163833005,1.7169098872828126,1.716783390145187,1.716783390145187,1.7169098872828126,0.4534402744769019,0.4534589740766122,0.4534589740766122,0.4534402744769019,20.01674245758225
400.0,76.786,19.858,2.53,2.532,1.6367023459151515,1.6366306664764478,1.6366306664764478,1.6367023459151515,2.719843654079216,2.7195268512974526,2.7195268512974526,2.719843654079216,1.7143644295894471,1.7142257048619176,1.7142257048619176,1.7143644295894471,0.4529714530385998,0.4530097622223701,0.4530097622223701,0.4529714530385998,20.00261513886589
400.0,76.814,91.53,5.277,4.475,1.6351785986128828,1.6351059515841313,1.6351059515841313,1.6351785986128828,2.726659755624281,2.7263393348150995,2.7263393348150995,2.726659755624281,1.7231315366400275,1.723007435485708,1.723007435485708,1.7231315366400275,0.454518294699527,0.4545296750474548,0.4545296750474548,0.454518294699527,20.049259109256077
400.0,76.87,58.053,3.026,6.417,1.6358694574900716,1.6357973806502766,1.6357973806502766,1.6358694574900716,2.72355623688264,2.7232391908271003,2.7232391908271003,2.72355623688264,1.7190090761945167,1.7188842578087902,1.7188842578087902,1.7190090761945167,0.4538198996900705,0.4538347839824911,0.4538347839824911,0.4538198996900705,20.02746150473561
400.0,76.951,93.319,3.465,3.654,1.6351063874270926,1.6350338279337353,1.6350338279337353,1.6351063874270926,2.7270123388163854,2.726692763532655,2.726692763532655,2.7270123388163854,1.7234434367167246,1.7233193802058908,1.7233193802058908,1.7234434367167246,0.4545991741320822,0.4546102448798884,0.4546102448798884,0.4545991741320822,20.050419109415262
400.0,76.98,11.287,3.681,6.241,1.6368363028545738,1.6367628992223449,1.6367628992223449,1.6368363028545738,2.7192995918065783,2.7189731991415336,2.7189731991415336,2.7192995918065783,1.713858860713184,1.7136797236554513,1.7136797236554513,1.713858860713184,0.4528182617074803,0.4529199308196448,0.4529199308196448,0.4528182617074803,19.99703454475964
400.0,77.035,99.174,5.342,5.945,1.6349626938270303,1.6348896258751646,1.6348896258751646,1.6349626938270303,2.727683546807767,2.727360656279455,2.727360656279455,2.727683546807767,1.724227052250254,1.7241032847431272,1.7241032847431272,1.724227052250254,0.4547508437254573,0.4547610575973442,0.4547610575973442,0.4547508437254573,20.054229928625507
400.0,77.043,60.112,6.472,6.281,1.635781667460484,1.6357094781019803,1.6357094781019803,1.635781667460484,2.723982638043016,2.7236646361614776,2.7236646361614776,2.723982638043016,1.7193773187731978,1.7192526849875072,1.7192526849875072,1.7193773187731978,0.4539177367959804,0.4539321089018426,0.4539321089018426,0.4539177367959804,20.028795717353557
400.0,77.234,30.932,6.281,4.83,1.636351479211498,1.6362791157315968,1.6362791157315968,1.636351479211498,2.7214798982435635,2.7211597506122343,2.7211597506122343,2.7214798982435635,1.715886466941322,1.7157568717400788,1.7157568717400788,1.715886466941322,0.4533514387542186,0.4533755536808469,0.4533755536808469,0.4533514387542186,20.009802304951283
400.0,77.359,48.856,5.164,5.717,1.6359391392613585,1.6358666981072656,1.6358666981072656,1.6359391392613585,2.723338581548794,2.723018374621316,2.723018374621316,2.723338581548794,1.7181866173346332,1.7180613533467246,1.7180613533467246,1.7181866173346332,0.4537750586810902,0.4537911976101849,0.4537911976101849,0.4537750586810902,20.021459714442425
400.0,77.37,61.401,2.835,4.854,1.6356709642721965,1.6355987346472098,1.6355987346472098,1.6356709642721965,2.7245399269083515,2.72422134980774,2.72422134980774,2.7245399269083515,1.7197500834550925,1.7196255618503211,1.7196255618503211,1.7197500834550925,0.4540467725908184,0.4540606037103628,0.4540606037103628,0.4540467725908184,20.029623401892568
400.0,77.558,89.434,5.735,3.963,1.6350339683234003,1.6349610707822486,1.6349610707822486,1.6350339683234003,2.727455950195467,2.727134155711948,2.727134155711948,2.727455950195467,1.7233570566304914,1.7232329380316067,1.7232329380316067,1.7233570566304914,0.4547048802306081,0.4547160885839699,0.4547160885839699,0.4547048802306081,20.047867549944527
400.0,77.619,62.582,5.05,4.188,1.6355827071434073,1.6355100874696973,1.6355100874696973,1.6355827071434073,2.724985347049027,2.724664406457443,2.724664406457443,2.724985347049027,1.7200586170047545,1.719934561104946,1.719934561104946,1.7200586170047545,0.4541495991461003,0.4541626669998504,0.4541626669998504,0.4541495991461003,20.030382972222476
400.0,77.664,35.282,5.838,3.651,1.63614862136028,1.6360761091367224,1.6360761091367224,1.63614862136028,2.722462088169371,2.722141558414103,2.722141558414103,2.722462088169371,1.7167038589352757,1.7165756418449256,1.7165756418449256,1.7167038589352757,0.45357832217619,0.4535998103742318,0.4535998103742318,0.45357832217619,20.012617086761274
400.0,77.671,73.517,4.544,4.086,1.635339278515482,1.6352664742819647,1.6352664742819647,1.635339278515482,2.726093109531364,2.7257716169984554,2.7257716169984554,2.726093109531364,1.7214512508656616,1.72132698861913,1.72132698861913,1.7214512508656616,0.4543993260132879,0.4544118494125893,0.4544118494125893,0.4543993260132879,20.037499216832927
400.0,77.698,92.539,3.526,5.609,1.6349331757455303,1.6348607772346166,1.6348607772346166,1.6349331757455303,2.7279377825011606,2.7276194628413815,2.7276194628413815,2.7279377825011606,1.7238355550960545,1.7237109422750674,1.7237109422750674,1.7238355550960545,0.4548146889985764,0.4548263830009494,0.4548263830009494,0.4548146889985764,20.049884600393653
400.0,77.871,69.152,5.41,5.218,1.6353802381202918,1.6353073754880656,1.6353073754880656,1.6353802381202918,2.72594607386462,2.7256242383944107,2.7256242383944107,2.72594607386462,1.7210393068984673,1.720915067529563,1.720915067529563,1.7210393068984673,0.4543682281792068,0.4543809744073503,0.4543809744073503,0.4543682281792068,20.034650942776416
400.0,77.941,81.481,6.168,5.789,1.6351034796617114,1.6350303564272033,1.6350303564272033,1.6351034796617114,2.727213077643839,2.726889669257533,2.726889669257533,2.727213077643839,1.7226182242864525,1.7224940187254538,1.7224940187254538,1.7226182242864525,0.4546539168667661,0.4546656561512993,0.4546656561512993,0.4546539168667661,20.04267488905415
400.0,78.083,17.294,3.181,4.716,1.6364234475021586,1.6363505605838853,1.6363505605838853,1.6364234475021586,2.7213214976978586,2.7209981076052863,2.7209981076052863,2.7213214976978586,1.7150142702234954,1.7148689543274116,1.7148689543274116,1.7150142702234954,0.4533123752024337,0.453360785575946,0.453360785575946,0.4533123752024337,20.00090235295727
400.0,78.145,66.437,5.537,6.303,1.6353675134542918,1.635295045311696,1.635295045311696,1.635367513454295,2.726051788976234,2.725732381151566,2.725732381151566,2.7260518115752728,1.7208805490238757,1.7207555647861523,1.7207555647861523,1.7208805490238757,0.4543945403344937,0.4544085163037361,0.4544085163037361,0.4543945403344937,20.032873933721245
400.0,78.15,98.363,3.601,2.608,1.6346972940515654,1.6346239282960937,1.6346239282960937,1.6346972940515654,2.729103337075534,2.7287788108348523,2.7287788108348523,2.729103337075534,1.7248574466931317,1.7247330396248293,1.7247330396248293,1.7248574466931317,0.4550808326758568,0.4550916229315379,0.4550916229315379,0.4550808326758568,20.053661491105903
400.0,78.16,27.415,4.249,5.195,1.6361883861204314,1.6361158763765178,1.6361158763765178,1.6361883861204314,2.722377136472675,2.7220566156825226,2.7220566156825226,2.722377136472675,1.716052650761764,1.715919913768837,1.715919913768837,1.716052650761764,0.4535608289992673,0.4535895626120551,0.4535895626120551,0.4535608289992673,20.00748218564844
400.0,78.206,84.663,5.149,4.502,1.6349695339109716,1.6348963786980433,1.6348963786980433,1.6349695339109716,2.727870673286666,2.7275471615444418,2.7275471615444418,2.727870673286666,1.723187448578869,1.7230632873881908,1.7230632873881908,1.723187448578869,0.4548046014451985,0.454815942401047,0.454815942401047,0.4548046014451985,20.044737686816195
400.0,78.219,15.035,2.757,5.61,1.636436652373026,1.636363739725294,1.636363739725294,1.636436652373026,2.721288477251911,2.7209652293778137,2.7209652293778137,2.721288477251911,1.7149336611072732,1.7147824511561716,1.7147824511561716,1.7149336611072732,0.4533019353151047,0.453359320255124,0.453359320255124,0.4533019353151047,19.99942874293604
400.0,78.259,59.589,3.587,4.381,1.6354825814934395,1.6354101176469322,1.6354101176469322,1.6354825814934395,2.7255537698342494,2.725234132923531,2.725234132923531,2.7255537698342494,1.72010413290502,1.7199790493861826,1.7199790493861826,1.72010413290502,0.4542834794441719,0.4542981277236717,0.4542981277236717,0.4542834794441719,20.028412126954727
400.0,78.276,95.513,4.193,4.688,1.6347248111941013,1.6346518279325657,1.6346518279325657,1.6347248111941013,2.728998822515297,2.7286767912292325,2.7286767912292325,2.728998822515297,1.724584661083986,1.7244603562189993,1.7244603562189993,1.724584661083986,0.455058976126619,0.4550697623055299,0.4550697623055299,0.455058976126619,20.05180099933135
400.0,78.36,28.818,3.828,5.922,1.6361072579334728,1.6360345972281385,1.6360345972281385,1.6361072579334728,2.722775746191388,2.7224543973242312,2.7224543973242312,2.722775746191388,1.7163555552386462,1.7162243464245843,1.7162243464245843,1.7163555552386462,0.4536538554347518,0.4536800201184743,0.4536800201184743,0.4536538554347518,20.00838751555166
400.0,78.5,76.788,3.662,5.822,1.6350600323047513,1.6349870568072484,1.6349870568072484,1.6350600323047513,2.727512855734689,2.7271907253650194,2.7271907253650194,2.727512855734689,1.7223993516733924,1.72227486236898,1.72227486236898,1.7223993516733924,0.4547270283928225,0.4547392955217414,0.4547392955217414,0.4547270283928225,20.039599102529063
400.0,78.631,58.154,4.533,4.56,1.6354180837118937,1.6353453829944005,1.6353453829944005,1.6354180837118937,2.7259151243756365,2.725594159356702,2.725594159356702,2.7259151243756365,1.7201684493649478,1.7200432378137125,1.7200432378137125,1.7201684493649478,0.4543683649831706,0.4543831723302038,0.4543831723302038,0.4543683649831706,20.02746500993658
400.0,78.639,77.498,6.236,3.047,1.6350098372464623,1.6349368660488788,1.6349368660488788,1.6350098372464623,2.727766454727144,2.7274444331379626,2.7274444331379626,2.727766454727144,1.722578588959454,1.7224540798924883,1.7224540798924883,1.722578588959454,0.4547854936101929,0.4547976859583837,0.4547976859583837,0.4547854936101929,20.04005679920232
400.0,78.882,95.003,3.715,6.454,1.634582548037696,1.6345090232681228,1.6345090232681228,1.634582548037696,2.7297654724223928,2.7294402336591115,2.7294402336591115,2.7297654724223928,1.7249182382919406,1.724793917058384,1.724793917058384,1.7249182382919406,0.4552371376138157,0.4552476896248365,0.4552476896248365,0.4552371376138157,20.05144651031143
400.0,79.056,53.122,4.995,6.358,1.635415736807338,1.635342685740086,1.635342685740086,1.635415736807338,2.726006199779416,2.725683521977844,2.725683521977844,2.726006199779416,1.7198206629743908,1.7196954403265812,1.7196954403265812,1.7198206629743908,0.4543930970284383,0.4544079812623327,0.4544079812623327,0.4543930970284383,20.024175356626248
400.0,79.17,60.516,4.848,3.458,1.6352311684362388,1.6351582382395926,1.6351582382395926,1.6352311684362388,2.7268612967739623,2.7265394781316514,2.7265394781316514,2.7268612967739623,1.7208137844766025,1.7206886179320593,1.7206886179320593,1.7208137844766025,0.4545867924598966,0.4546010223919835,0.4546010223919835,0.4545867924598966,20.02898318673423
400.0,79.181,62.6,2.796,4.549,1.6351844128191857,1.6351116595764434,1.6351116595764434,1.6351844128191857,2.727072048563985,2.7267510244578554,2.7267510244578554,2.727072048563985,1.7210798098786526,1.72095488817411,1.72095488817411,1.7210798098786526,0.454634771207819,0.4546484786295711,0.4546484786295711,0.454634771207819,20.030339437656007
400.0,79.244,32.757,4.546,3.555,1.6357973113118034,1.6357249601645194,1.6357249601645194,1.6357973113118034,2.7243223411376167,2.72400367699666,2.72400367699666,2.7243223411376167,1.7174164951475268,1.717287254006636,1.717287254006636,1.7174164951475268,0.4540132197282123,0.454035674942326,0.454035674942326,0.4540132197282123,20.010918631740577
400.0,79.318,26.201,5.432,6.488,1.635916989454135,1.6358446442572978,1.6358446442572978,1.635916989454135,2.7238001927515527,2.7234812555122745,2.7234812555122745,2.7238001927515527,1.716653388237558,1.7165199623183591,1.7165199623183591,1.716653388237558,0.4538931632546011,0.4539224523869458,0.4539224523869458,0.4538931632546011,20.006651825628964
400.0,79.358,80.349,5.324,4.236,1.6347679807979874,1.634694819573825,1.634694819573825,1.6347679807979874,2.729003382277189,2.728680880836788,2.728680880836788,2.729003382277189,1.7234042358048745,1.7232794000272753,1.7232794000272753,1.7234042358048745,0.4550706750460796,0.4550827964846235,0.4550827964846235,0.4550706750460796,20.041887553533336
400.0,79.368,54.679,5.993,5.481,1.6353032662349745,1.6352306427475487,1.6352306427475487,1.6353032662349745,2.7265700406148325,2.7262502971063767,2.7262502971063767,2.7265700406148325,1.7202178991272286,1.7200920247721443,1.7200920247721443,1.7202178991272286,0.4545229927162692,0.4545386341058388,0.4545386341058388,0.4545229927162692,20.02517759452765
400.0,79.381,76.747,3.059,3.661,1.6348373859228709,1.6347641459190951,1.6347641459190951,1.6348373859228709,2.728690600344824,2.7283672985081977,2.7283672985081977,2.728690600344824,1.7229706116551535,1.7228461692970467,1.7228461692970467,1.7229706116551535,0.4550008680524417,0.4550126718897816,0.4550126718897816,0.4550008680524417,20.039541277786373
400.0,79.502,42.971,3.38,3.48,1.6355157273558798,1.6354429149397087,1.6354429149397087,1.6355157273558798,2.7256356957556527,2.7253138411668334,2.7253138411668334,2.7256356957556527,1.718850851598538,1.7187238706438372,1.7187238706438372,1.718850851598538,0.4543130391979001,0.4543313793013506,0.4543313793013506,0.4543130391979001,20.017554506430848
400.0,79.603,51.596,6.087,3.897,1.635308374932199,1.6352357948198273,1.6352357948198273,1.635308374932199,2.726589704115059,2.726270053018988,2.726270053018988,2.726589704115059,1.7199872577409538,1.7198615868149767,1.7198615868149767,1.7199872577409538,0.4545299980708388,0.4545454734645798,0.4545454734645798,0.4545299980708388,20.023162803789432
400.0,79.758,38.335,5.894,2.746,1.635548189208268,1.6354755179768734,1.6354755179768734,1.635548189208268,2.725537348646088,2.72521659996918,2.72521659996918,2.725537348646088,1.7184422840618956,1.7183142416063388,1.7183142416063388,1.7184422840618956,0.4542927428939967,0.454312859137095,0.454312859137095,0.4542927428939967,20.014529623562797
400.0,79.87,65.239,5.639,3.363,1.6349542317237251,1.634881058601642,1.634881058601642,1.6349542317237251,2.7282494106987536,2.727926346288089,2.727926346288089,2.7282494106987536,1.7218582809200402,1.7217333709686653,1.7217333709686653,1.7218582809200402,0.4549063072143012,0.4549194183960148,0.4549194183960148,0.4549063072143012,20.03203259816676
400.0,79.918,35.925,3.156,4.776,1.6355582433478328,1.6354853901504531,1.6354853901504531,1.6355582433478328,2.7255224750555427,2.725200860487187,2.725200860487187,2.7255224750555427,1.7182475421663357,1.71811880418863,1.71811880418863,1.7182475421663357,0.4542904470760536,0.4543116845905863,0.4543116845905863,0.4542904470760536,20.012956156727142
400.0,80.103,42.622,6.078,2.682,1.6353697779721763,1.635296932054628,1.635296932054628,1.6353697779721763,2.726406493242513,2.726085175447733,2.726085175447733,2.726406493242513,1.7191992421255788,1.7190719928108162,1.7190719928108162,1.7191992421255788,0.4544924775157622,0.4545108610999195,0.4545108610999195,0.4544924775157622,20.01730644393052
400.0,80.151,43.233,4.823,4.095,1.6353446924973152,1.635271792353648,1.635271792353648,1.6353446924973152,2.726529033439343,2.7262073901644848,2.7262073901644848,2.726529033439343,1.7193063681799725,1.7191792968362734,1.7191792968362734,1.7193063681799725,0.4545206643104186,0.4545386804661951,0.4545386804661951,0.4545206643104186,20.01770194809888
400.0,80.153,36.388,2.535,6.105,1.6354883369348292,1.635416089981958,1.635416089981958,1.6354883369348292,2.7258795198133687,2.7255616272413734,2.7255616272413734,2.7258795198133687,1.718458262292181,1.7183294754070255,1.7183294754070255,1.718458262292181,0.4543733999006441,0.4543944496201182,0.4543944496201182,0.4543733999006441,20.013248916434687
400.0,80.155,35.847,6.084,3.258,1.635498954890351,1.6354265085077284,1.6354265085077284,1.635498954890351,2.72583129413078,2.725512148283196,2.725512148283196,2.72583129413078,1.718392552438753,1.718263661574248,1.718263661574248,1.718392552438753,0.4543625710536924,0.4543839204256701,0.4543839204256701,0.4543625710536924,20.012896883715158
400.0,80.291,86.713,2.648,4.263,1.6343993812781148,1.6343259320120356,1.6343259320120356,1.6343993812781148,2.730869170249724,2.7305454269464007,2.7305454269464007,2.730869170249724,1.724809760250313,1.7246845407245714,1.7246845407245714,1.724809760250313,0.4554988290105479,0.4555106067358535,0.4555106067358535,0.4554988290105479,20.04599760737244
400.0,80.296,54.398,5.897,4.625,1.6350733996652829,1.6350000474231725,1.6350000474231725,1.6350733996652829,2.727786919185386,2.727463250397019,2.727463250397019,2.727786919185386,1.7207883818333447,1.720662181913978,1.720662181913978,1.7207883818333447,0.4548056029143722,0.4548213209188079,0.4548213209188079,0.4548056029143722,20.02496185095908
400.0,80.386,82.658,5.848,2.706,1.634459754162734,1.6343862854018147,1.6343862854018147,1.634459754162734,2.7306070614722584,2.730282961005512,2.730282961005512,2.7306070614722584,1.724365759850588,1.7242407626139915,1.7242407626139915,1.724365759850588,0.4554412750590389,0.455453029257088,0.455453029257088,0.4554412750590389,20.043353989042533
400.0,80.438,29.002,5.635,6.464,1.6355711456427202,1.6354987299566253,1.6354987299566253,1.6355711456427202,2.7255581519172,2.7252395694240654,2.7252395694240654,2.7255581519172,1.717728275702934,1.7175954900968224,1.7175954900968224,1.717728275702934,0.4543010749368726,0.4543287604550974,0.4543287604550974,0.4543010749368726,20.008434108715047
400.0,80.499,57.572,5.296,4.024,1.63495512293944,1.634882033184594,1.634882033184594,1.63495512293944,2.728360872837365,2.7280385017430104,2.7280385017430104,2.728360872837365,1.7213153611859129,1.7211897392868414,1.7211897392868414,1.7213153611859129,0.4549373354294561,0.4549518667705236,0.4549518667705236,0.4549373354294561,20.0270195885408
400.0,80.528,22.492,3.875,6.436,1.6356855429802557,1.635613390972526,1.635613390972526,1.6356855429802557,2.7250596979273354,2.7247427249334035,2.7247427249334035,2.7250596979273354,1.7169972716760753,1.7168592167051029,1.7168592167051029,1.7169972716760753,0.454186074575252,0.4542220016396077,0.4542220016396077,0.454186074575252,20.004196810308574
400.0,80.565,90.161,5.745,6.363,1.634258442221824,1.6341846377993257,1.6341846377993257,1.634258442221824,2.731568993056088,2.7312427398584997,2.7312427398584997,2.731568993056088,1.7254194499347848,1.7252945461209064,1.7252945461209064,1.7254194499347848,0.455658942654207,0.4556699557554131,0.4556699557554131,0.455658942654207,20.04823293692893
400.0,80.821,96.809,6.352,3.248,1.634055804274822,1.6339822105591797,1.6339822105591797,1.634055804274822,2.732551967019118,2.7322274993978706,2.7322274993978706,2.732551967019118,1.7264179058613394,1.7262925868166032,1.7262925868166032,1.7264179058613394,0.4558820791651777,0.4558931453899809,0.4558931453899809,0.4558820791651777,20.05255295040695
400.0,80.832,73.643,4.305,3.238,1.6345347847878853,1.6344616120374251,1.6344616120374251,1.6345347847878853,2.730343125841616,2.7300207431447383,2.7300207431447383,2.730343125841616,1.7235342605380382,1.7234089045659713,1.7234089045659713,1.7235342605380382,0.4553864826215676,0.4553992787184402,0.4553992787184402,0.4553864826215676,20.0374686457214
400.0,80.887,24.655,2.951,5.833,1.6355484065471084,1.6354752572090046,1.6354752572090046,1.6355484065471084,2.7257471808035545,2.7254238219828983,2.7254238219828983,2.7257471808035545,1.7174816496660688,1.717346263233366,1.717346263233366,1.7174816496660688,0.4543458696358508,0.4543774554510433,0.4543774554510433,0.4543458696358508,20.005590618324216
400.0,81.227,72.68,4.289,5.812,1.6344550550353611,1.634381826826104,1.634381826826104,1.6344550550353611,2.7307825618935206,2.73046052924047,2.73046052924047,2.7307825618935206,1.7236731422908973,1.7235473731346838,1.7235473731346838,1.7236731422908973,0.4554889689946571,0.4555022242397574,0.4555022242397574,0.4554889689946571,20.03682706742029
400.0,81.355,69.607,3.904,5.745,1.6344865549987135,1.634413315951449,1.634413315951449,1.6344865549987135,2.730660958998796,2.730338134804805,2.730338134804805,2.730660958998796,1.7233740813421108,1.7232483468321833,1.7232483468321833,1.7233740813421108,0.4554628947790531,0.4554763946756712,0.4554763946756712,0.4554628947790531,20.03482199556132
400.0,81.4,46.801,4.644,3.173,1.6349520369926582,1.634878871834005,1.634878871834005,1.6349520369926582,2.7285412017679342,2.7282185277509807,2.7282185277509807,2.7285412017679342,1.7205637975922206,1.7204371603079809,1.7204371603079809,1.7205637975922206,0.4549863164740749,0.4550028171257058,0.4550028171257058,0.4549863164740749,20.01997885666815
400.0,81.587,62.179,4.937,5.866,1.63458284457406,1.6345096559272791,1.6345096559272791,1.63458284457406,2.7302616362935868,2.729939279528608,2.729939279528608,2.7302616362935868,1.7226002715298576,1.722474371092125,1.722474371092125,1.7226002715298576,0.4553755223069482,0.455389688957881,0.455389688957881,0.4553755223069482,20.029979073696225
400.0,81.714,70.377,2.627,3.911,1.6343801074314697,1.634306536779207,1.634306536779207,1.6343801074314697,2.731221373875447,2.73089680320323,2.73089680320323,2.731221373875447,1.723705926620872,1.723580242490918,1.723580242490918,1.723705926620872,0.4555920748163753,0.4556050790573308,0.4556050790573308,0.4555920748163753,20.035310863853056
400.0,81.781,75.224,4.958,5.042,1.6342619576153767,1.634188547658737,1.634188547658737,1.6342619576153767,2.731774438887615,2.731451028605256,2.731451028605256,2.731774438887615,1.7243541472807125,1.724228396238377,1.724228396238377,1.7243541472807125,0.4557172529900931,0.4557301205155644,0.4557301205155644,0.4557172529900931,20.038463368523733
400.0,81.905,24.392,3.958,3.634,1.6352940632204918,1.635220936278917,1.635220936278917,1.6352940632204918,2.7270819524338665,2.7267590063885776,2.7267590063885776,2.7270819524338665,1.7181106283184036,1.717975175204656,1.717975175204656,1.7181106283184036,0.4546566389723797,0.454687970917663,0.454687970917663,0.4546566389723797,20.005383569195136
400.0,81.949,11.602,4.343,5.963,1.6355522283045645,1.63547948154294,1.63547948154294,1.6355522283045645,2.7259235618753,2.7256033830348554,2.7256033830348554,2.7259235618753,1.7171125148086934,1.7169330090873096,1.7169330090873096,1.7171125148086934,0.4543630437967944,0.4544630338254735,0.4544630338254735,0.4543630437967944,19.997064776338828
400.0,82.0,76.079,3.292,4.188,1.634188823252829,1.6341158001646954,1.6341158001646954,1.634188823252829,2.732149350120432,2.731828815128761,2.731828815128761,2.732149350120432,1.7246041844278857,1.724478313323576,1.724478313323576,1.7246041844278857,0.4558039758007912,0.4558168568463416,0.4558168568463416,0.4558039758007912,20.03901176021977
400.0,82.198,96.965,4.168,4.348,1.633706491340384,1.6336323654320066,1.6336323654320066,1.633706491340384,2.7344308707219014,2.734103507927286,2.734103507927286,2.7344308707219014,1.7273437384866237,1.7272183260057925,1.7272183260057925,1.7273437384866237,0.4563173631529207,0.4563279537464284,0.4563279537464284,0.4563173631529207,20.052604436507192
400.0,82.201,13.078,3.988,4.619,1.6354569863733417,1.6353833366594452,1.6353833366594452,1.6354569863733417,2.726403655472521,2.7260775761136484,2.7260775761136484,2.726403655472521,1.7173830945428046,1.717217016525484,1.717217016525484,1.7173830945428046,0.4544834907030459,0.4545623080692882,0.4545623080692882,0.4544834907030459,19.99801626006403
400.0,82.31,64.908,3.223,5.891,1.6343432856805065,1.6342694566280318,1.6342694566280318,1.6343432856805065,2.731498852777501,2.731172912579535,2.731172912579535,2.731498852777501,1.7234140007026346,1.7232882645787506,1.7232882645787506,1.7234140007026346,0.4556605846035269,0.4556739149081034,0.4556739149081034,0.4556605846035269,20.031729108880928
400.0,82.367,78.63,6.425,5.262,1.634043804160492,1.6339699189613754,1.6339699189613754,1.634043804160492,2.7328931575911604,2.7325671917343675,2.7325671917343675,2.7328931575911604,1.7251634250642534,1.72503777374139,1.72503777374139,1.7251634250642534,0.4559741665897833,0.4559863143502364,0.4559863143502364,0.4559741665897833,20.040659347968976
400.0,82.412,19.521,3.118,3.073,1.6352671283700708,1.635193823317954,1.635193823317954,1.6352671283700708,2.7272967299706155,2.7269724262308257,2.7269724262308257,2.7272967299706155,1.7180011747051096,1.7178590537279386,1.7178590537279386,1.7180011747051096,0.454705343025858,0.4547465876784422,0.4547465876784422,0.454705343025858,20.002197967753144
400.0,82.448,31.801,2.965,5.139,1.63499991552712,1.6349266245280916,1.6349266245280916,1.6349999155269228,2.728514463196227,2.7281914052673555,2.7281914052673555,2.728514463193299,1.7193837534971654,1.7192527655456202,1.7192527655456202,1.7193837534971654,0.4549880022816316,0.4550116843123993,0.4550116843123993,0.4549880022816316,20.010182958921497
400.0,82.479,56.153,5.979,4.183,1.6344828041970485,1.6344095049624865,1.6344095049624865,1.6344828041970485,2.7308853473498718,2.730562578390532,2.730562578390532,2.7308853473498718,1.7224334204991103,1.722306818020667,1.722306818020667,1.7224334204991103,0.455524179346489,0.4555394916659923,0.4555394916659923,0.455524179346489,20.026024981992418
400.0,82.487,74.461,2.889,3.469,1.6340998114106744,1.634026261907649,1.634026261907649,1.6340998114106744,2.7326538561952365,2.7323298831779907,2.7323298831779907,2.7326538561952365,1.724722251201587,1.7245962176086338,1.7245962176086338,1.724722251201587,0.4559216499230699,0.4559346373437028,0.4559346373437028,0.4559216499230699,20.0379412095488
400.0,82.668,20.978,3.664,4.481,1.6351713865210065,1.635098058914686,1.635098058914686,1.6351713865210065,2.727778354455153,2.727454752662112,2.727454752662112,2.727778354455153,1.718278761236941,1.7181383083190294,1.7181383083190294,1.718278761236941,0.4548174013138346,0.454856096647985,0.454856096647985,0.4548174013138346,20.003136196962444
400.0,82.748,59.335,3.487,3.652,1.6343484659188623,1.6342751745639934,1.6342751745639934,1.6343484659188623,2.7315523956182095,2.7312301149443154,2.7312301149443154,2.7315523956182095,1.723006195629922,1.722879541704816,1.722879541704816,1.723006195629922,0.4556768089320283,0.4556917630772145,0.4556917630772145,0.4556768089320283,20.028085999895534
400.0,82.752,71.226,3.58,4.94,1.6341002485023,1.6340262937456755,1.6340262937456755,1.6341002485023,2.7327024946220857,2.7323760635174135,2.7323760635174135,2.7327024946220857,1.7244923040526223,1.7243666312851251,1.7243666312851251,1.7244923040526223,0.4559353405190282,0.4559478664794739,0.4559478664794739,0.4559353405190282,20.03582546354413
400.0,82.87,72.1,5.369,2.791,1.6340522514578515,1.6339787399783725,1.6339787399783725,1.6340522514578515,2.732944230269509,2.7326206738304952,2.7326206738304952,2.732944230269509,1.7246790388004418,1.7245525610188317,1.7245525610188317,1.7246790388004418,0.4559904220700397,0.4560041517203573,0.4560041517203573,0.4559904220700397,20.036390176921294
400.0,83.234,76.702,5.726,5.644,1.6338650810348805,1.6337914665509845,1.6337914665509845,1.6338650810348805,2.7338796539179464,2.733555658229,2.733555658229,2.7338796539179464,1.725492944003831,1.7253666858126313,1.7253666858126313,1.725492944003831,0.4562041693191681,0.4562170199390756,0.4562170199390756,0.4562041693191681,20.039372963405288
400.0,83.241,43.14,6.033,4.014,1.634561477923902,1.6344880447706536,1.6344880447706536,1.634561477923902,2.7306647301454143,2.730341445246232,2.730341445246232,2.7306647301454143,1.7213111557243146,1.7211827557286568,1.7211827557286568,1.7213111557243146,0.4554810329718138,0.4554996911477951,0.4554996911477951,0.4554810329718138,20.01753050329155
400.0,83.261,78.567,3.689,5.75,1.6338198168351712,1.6337462391553752,1.6337462391553752,1.6338198168351712,2.734094893290912,2.7337711625037877,2.7337711625037877,2.734094893290912,1.7257433768168462,1.725617022272918,1.725617022272918,1.7257433768168462,0.4562526741444997,0.4562655309204689,0.4562655309204689,0.4562526741444997,20.040585846890774
400.0,83.288,68.936,4.779,5.003,1.6340126598179845,1.633938954752869,1.633938954752869,1.6340126598179845,2.733204902603686,2.7328801814818244,2.7328801814818244,2.733204902603686,1.7245581680455186,1.7244318187659584,1.7244318187659584,1.7245581680455186,0.456053217940082,0.4560667401709516,0.4560667401709516,0.456053217940082,20.034315570758164
400.0,83.313,74.512,4.339,3.702,1.6338908228602012,1.6338171141548328,1.6338171141548328,1.6338908228602012,2.733775538982831,2.733451021471358,2.733451021471358,2.733775538982831,1.7252708810528146,1.725144647238528,1.725144647238528,1.7252708810528146,0.4561815664763699,0.456194485950945,0.456194485950945,0.4561815664763699,20.037944153097985
400.0,83.342,22.172,4.807,3.547,1.634974588126977,1.6349013351740531,1.6349013351740531,1.634974588126977,2.728795231891957,2.728472368248596,2.728472368248596,2.728795231891957,1.7188099451140564,1.718670511023207,1.718670511023207,1.7188099451140564,0.4550538006564623,0.4550905846957997,0.4550905846957997,0.4550538006564623,20.003888411849776
400.0,83.462,23.616,5.975,4.854,1.63491381622322,1.63484024745615,1.63484024745615,1.63491381622322,2.7290956905933603,2.728770977351193,2.728770977351193,2.7290956905933603,1.7190291897591754,1.7188913924796207,1.7188913924796207,1.7190291897591754,0.4551235204229048,0.4551577996015954,0.4551577996015954,0.4551235204229048,20.004823306947337
400.0,83.462,47.336,2.727,4.391,1.6344181945602894,1.634344456224482,1.634344456224482,1.6344181945602894,2.731367077408673,2.731041590576794,2.731041590576794,2.731367077408673,1.721978689088422,1.7218508609451078,1.7218508609451078,1.721978689088422,0.4556409828823888,0.455658375943625,0.455658375943625,0.4556409828823888,20.02025277110164
400.0,83.673,51.5,5.036,4.193,1.6342777182948287,1.634204426626239,1.634204426626239,1.6342777182948287,2.73204818024038,2.731725868216736,2.731725868216736,2.73204818024038,1.7226353016978797,1.7225079835493853,1.7225079835493853,1.7226353016978797,0.4557970557874624,0.4558132865172997,0.4558132865172997,0.4557970557874624,20.022954159094795
400.0,83.674,76.745,5.238,5.772,1.6337536895918603,1.6336796827916715,1.6336796827916715,1.6337536895918603,2.734481018031188,2.734154526673379,2.734154526673379,2.734481018031188,1.725787607349268,1.725661366467724,1.725661366467724,1.725787607349268,0.4563432800145304,0.4563559434130561,0.4563559434130561,0.4563432800145304,20.039384726581453
400.0,83.755,83.732,3.212,2.828,1.6335888457123595,1.6335147272779482,1.6335147272779482,1.6335888457123595,2.7352646012411594,2.734937462138612,2.734937462138612,2.7352646012411594,1.7267144162206016,1.72658846465454,1.72658846465454,1.7267144162206016,0.4565200409269339,0.4565317264258045,0.4565317264258045,0.4565200409269339,20.043930283794925
400.0,83.834,72.336,5.891,4.365,1.6338045411056648,1.6337309056738687,1.6337309056738687,1.6338045411056648,2.734271310274628,2.73394735465275,2.73394735465275,2.734271310274628,1.7253416734134708,1.7252154840717653,1.7252154840717653,1.7253416734134708,0.4562982450561256,0.4563110411381514,0.4563110411381514,0.4562982450561256,20.036508590495465
400.0,83.948,65.984,5.604,3.24,1.6339077312174104,1.6338335174348495,1.6338335174348495,1.6339077312174104,2.733815673595773,2.733487988691841,2.733487988691841,2.733815673595773,1.7246232054320552,1.7244967063335466,1.7244967063335466,1.7246232054320552,0.4561965643901365,0.4562102537266226,0.4562102537266226,0.4561965643901365,20.03236960241424
400.0,84.028,67.148,5.757,4.753,1.6338633007849936,1.6337893466758686,1.6337893466758686,1.6338633007849936,2.734035335111628,2.7337091905885686,2.7337091905885686,2.734035335111628,1.7248210318208812,1.7246947808255575,1.7246947808255575,1.7248210318208812,0.4562470128396565,0.4562602370149676,0.4562602370149676,0.4562470128396565,20.03312447506155
400.0,84.075,67.864,6.408,6.416,1.6338366806150313,1.6337626137450236,1.6337626137450236,1.6338366806150313,2.7341679920759763,2.733841357051305,2.733841357051305,2.7341679920759763,1.7249414766433486,1.724814955722231,1.724814955722231,1.7249414766433486,0.4562769962010734,0.4562905638157719,0.4562905638157719,0.4562769962010734,20.03358922828337
400.0,84.159,18.561,6.213,4.765,1.6348422269719065,1.6347687178757444,1.6347687178757444,1.6348422269720575,2.729548885692465,2.729224785657405,2.729224785657405,2.7295489100778054,1.7190711421410447,1.71892585888404,1.71892585888404,1.7190711421410447,0.4552271489931717,0.4552726412272518,0.4552726412272518,0.4552271489931717,20.0015114499892
400.0,84.194,75.14,2.672,2.706,1.6336564423890287,1.6335823432972334,1.6335823432972334,1.6336564423890287,2.735032364110887,2.7347059264532088,2.7347059264532088,2.735032364110887,1.7259293924848311,1.7258029536374249,1.7258029536374249,1.7259293924848311,0.4564718401338741,0.4564846319305593,0.4564846319305593,0.4564718401338741,20.03832061278517
400.0,84.335,96.661,4.176,5.512,1.6331774728230135,1.6331032696341297,1.6331032696341297,1.6331774728230135,2.7373028003812148,2.7369761344478327,2.7369761344478327,2.7373028003812148,1.7287152228362963,1.7285886519258342,1.7285886519258342,1.7287152228362963,0.4569821252860069,0.4569935211002836,0.4569935211002836,0.4569821252860069,20.05232810352588
400.0,84.609,55.332,3.264,2.668,1.6339617632782448,1.6338876769345594,1.6338876769345594,1.6339617632782448,2.7336832642852174,2.73335642233465,2.73335642233465,2.7336832642852174,1.7237274542619363,1.7236000734593029,1.7236000734593029,1.7237274542619363,0.4561731492127367,0.4561888530093454,0.4561888530093454,0.4561731492127367,20.025413901250296
400.0,84.611,47.575,2.593,4.648,1.6341230811270662,1.6340491051845103,1.6340491051845103,1.6341230811270662,2.7329413361907657,2.7326148505486034,2.7326148505486034,2.7329413361907657,1.7227607033395618,1.722632837384562,1.722632837384562,1.7227607033395618,0.4560058621115248,0.4560227011176861,0.4560227011176861,0.4560058621115248,20.020366959055558
400.0,84.697,74.169,5.261,4.679,1.6335499333877128,1.6334760086847733,1.6334760086847733,1.6335499333877128,2.7356184975530438,2.7352932334892253,2.7352932334892253,2.7356184975530438,1.7261382709885225,1.726011859283917,1.726011859283917,1.7261382709885225,0.4566088392202807,0.456621430024859,0.456621430024859,0.4566088392202807,20.037670439946663
400.0,84.709,15.564,5.526,6.255,1.6347651885113377,1.634691928330939,1.634691928330939,1.6347651885113377,2.729999752203448,2.7296775263564808,2.7296775263564808,2.729999752203448,1.719205085969732,1.7190512362258956,1.7190512362258956,1.719205085969732,0.4553278120510689,0.4553863609856949,0.4553863609856949,0.4553278120510689,19.99954226715265
400.0,84.733,94.475,3.189,5.864,1.6331228326693337,1.6330484279523083,1.6330484279523083,1.6331228326693337,2.7376329733449025,2.7373053155210534,2.7373053155210534,2.7376329733449025,1.7287042660917944,1.72857775836114,1.72857775836114,1.7287042660917944,0.4570603137825631,0.4570714001697575,0.4570714001697575,0.4570603137825631,20.05088985559748
400.0,84.764,87.566,5.496,5.413,1.6332569938305386,1.6331829827046564,1.6331829827046564,1.6332569938305386,2.737005437384387,2.736679642685295,2.736679642685295,2.737005437384387,1.7278592937931687,1.727732584139885,1.727732584139885,1.7278592937931687,0.4569199601313377,0.4569320481921938,0.4569320481921938,0.4569199601313377,20.046389915243285
400.0,84.801,89.267,3.44,5.073,1.6332130276647707,1.6331386792636524,1.6331386792636524,1.6332130276647707,2.737220640119012,2.7368931257729803,2.7368931257729803,2.737220640119012,1.728096315159734,1.7279697296735743,1.7279697296735743,1.728096315159734,0.4569684953671024,0.4569801850120525,0.4569801850120525,0.4569684953671024,20.047495643851807
400.0,84.83,26.467,5.551,3.735,1.634506700484842,1.634432835877488,1.634432835877488,1.634506700484842,2.731209013169941,2.7308831351741727,2.7308831351741727,2.731209013169941,1.720275615245259,1.7201408060682493,1.7201408060682493,1.720275615245259,0.4556145478766693,0.4556434035775537,0.4556434035775537,0.4556145478766693,20.00662781288308
400.0,84.843,53.141,4.683,5.334,1.6339479150182443,1.6338745375954336,1.6338745375954336,1.6339479150182443,2.733787176289787,2.7334649072624657,2.7334649072624657,2.733787176289787,1.7236076912935006,1.7234797390005143,1.7234797390005143,1.7236076912935006,0.4561988606711618,0.4562154329824428,0.4562154329824428,0.4561988606711618,20.02397997488872
400.0,84.859,89.765,3.789,3.559,1.6331882984993629,1.633113821407394,1.633113821407394,1.6331882984993629,2.7373485844612824,2.737020549937089,2.737020549937089,2.7373485844612824,1.7281970366783874,1.7280706195308635,1.7280706195308635,1.7281970366783874,0.4569978137209515,0.4570091472787795,0.4570091472787795,0.4569978137209515,20.047817636373175
400.0,84.873,14.309,5.838,3.026,1.6347502529637017,1.6346758527398877,1.6346758527398877,1.6347502529637017,2.7301043469243207,2.729775134898526,2.729775134898526,2.7301043469243207,1.7192202916175972,1.719058805399715,1.719058805399715,1.7192202916175972,0.4553462917881705,0.4554167512303966,0.4554167512303966,0.4553462917881705,19.998720847612194
400.0,84.971,45.641,3.64,5.606,1.6340717058518437,1.6339979282786652,1.6339979282786652,1.6340717058518437,2.7332381973696984,2.7329136061331143,2.7329136061331143,2.7332381973696984,1.722755152451218,1.7226266767831355,1.7226266767831355,1.722755152451218,0.4560764752498791,0.456094269694583,0.456094269694583,0.4560764752498791,20.019094791937
400.0,85.084,42.081,5.808,5.11,1.6341172846070855,1.6340431385471077,1.6340431385471077,1.6341172846070855,2.733050539118652,2.7327232670294563,2.7327232670294563,2.733050539118652,1.7223855119592089,1.7222563362258465,1.7222563362258465,1.7223855119592089,0.4560346130938898,0.4560537189475381,0.4560537189475381,0.4560346130938898,20.016774889576343
400.0,85.098,63.766,4.308,3.562,1.6336641241985057,1.6335899301488532,1.6335899301488532,1.6336641241985057,2.735159675207546,2.7348326760226627,2.7348326760226627,2.735159675207546,1.7251020224039049,1.7249748761760106,1.7249748761760106,1.7251020224039049,0.4565093493156393,0.4565236894441971,0.4565236894441971,0.4565093493156393,20.03088422661738
400.0,85.192,77.256,3.454,6.248,1.633362193310662,1.6332880245691996,1.6332880245691996,1.633362193310662,2.7365893999324458,2.7362625865278063,2.7362625865278063,2.7365893999324458,1.7268503416592422,1.7267237219785323,1.7267237219785323,1.7268503416592422,0.4568311752687658,0.4568436855482375,0.4568436855482375,0.4568311752687658,20.03966146144096
400.0,85.314,94.764,5.687,6.094,1.6329721344644554,1.6328973150487511,1.6328973150487511,1.6329721344644554,2.738454288767436,2.7381239234905657,2.7381239234905657,2.738454288767436,1.7291239148094149,1.7289974917248856,1.7289974917248856,1.7291239148094149,0.4572497470229116,0.457260566867533,0.457260566867533,0.4572497470229116,20.051056678993348
400.0,85.328,45.514,5.581,2.939,1.6339843267803182,1.6339102700809216,1.6339102700809216,1.6339843267803182,2.73371090885034,2.7333846004732347,2.7333846004732347,2.73371090885034,1.722973722949689,1.7228450287318788,1.7228450287318788,1.722973722949689,0.4561857424066973,0.4562037265460456,0.4562037265460456,0.4561857424066973,20.018999361517317
400.0,85.382,46.353,3.025,5.83,1.633952909873436,1.633878966912207,1.633878966912207,1.633952909873436,2.7338632561869907,2.733537578850492,2.733537578850492,2.7338632561869907,1.723114072743728,1.7229857245097373,1.7229857245097373,1.723114072743728,0.4562210472179839,0.4562384319372062,0.4562384319372062,0.4562210472179839,20.019543652178164
400.0,85.388,65.961,5.962,5.045,1.6335458684508557,1.6334716198531094,1.6334716198531094,1.6335458684508557,2.735764819037949,2.7354373707975106,2.7354373707975106,2.735764819037949,1.7255669970954353,1.725439867388554,1.725439867388554,1.7255669970954353,0.4566479669061745,0.4566619816965559,0.4566619816965559,0.4566479669061745,20.032302415792056
400.0,85.462,78.086,6.453,5.579,1.633277273011804,1.63320317877972,1.63320317877972,1.633277273011804,2.7370376062684327,2.7367119454586923,2.7367119454586923,2.7370376062684327,1.7271329022890105,1.727005696525998,1.727005696525998,1.7271329022890105,0.4569340285519358,0.4569472034721633,0.4569472034721633,0.4569340285519358,20.04019175605697
400.0,85.516,72.7,3.97,6.365,1.633374795834306,1.6333005248761971,1.6333005248761971,1.633374795834306,2.736590164286756,2.7362630449978527,2.7362630449978527,2.736590164286756,1.726494113685173,1.7263672243692028,1.7263672243692028,1.726494113685173,0.4568344267658675,0.4568475143739446,0.4568475143739446,0.4568344267658675,20.03668423722733
400.0,85.582,17.908,3.097,4.269,1.6344946512972494,1.6344206944762811,1.6344206944762811,1.6344946512972494,2.731400048433093,2.7310737366526685,2.7310737366526685,2.731400048433093,1.7199530963327594,1.7198056351251418,1.7198056351251418,1.7199530963327594,0.4556558190892304,0.4557041061141703,0.4557041061141703,0.4556558190892304,20.00103543368952
400.0,85.761,59.286,4.085,5.25,1.633590242143256,1.6335158438239474,1.6335158438239474,1.633590242143256,2.735626610764157,2.735298420965977,2.735298420965977,2.735626610764157,1.7249776915176795,1.724850088480506,1.724850088480506,1.7249776915176795,0.4566203731435903,0.4566354105435146,0.4566354105435146,0.4566203731435903,20.02794472202333
400.0,85.984,70.674,3.355,6.273,1.633298940915449,1.633224758196733,1.633224758196733,1.633298940915449,2.7370297415399807,2.736703401009647,2.736703401009647,2.7370297415399807,1.726549031106258,1.726421826339606,1.726421826339606,1.726549031106258,0.4569376746162194,0.4569511571217406,0.4569511571217406,0.4569376746162194,20.035347827083488
400.0,86.019,42.413,3.523,4.418,1.6338743282024686,1.633800251167832,1.633800251167832,1.6338743282024686,2.7343467554905083,2.73402014042551,2.73402014042551,2.7343467554905083,1.72303953832894,1.7229104486783675,1.7229104486783675,1.72303953832894,0.4563351772150084,0.4563537190324593,0.4563537190324593,0.4563351772150084,20.01695688563598
400.0,86.116,56.382,5.082,2.65,1.63356092806633,1.6334867146462624,1.6334867146462624,1.63356092806633,2.735826913306504,2.7355003714742927,2.7355003714742927,2.735826913306504,1.7248481488257044,1.7247200708557813,1.7247200708557813,1.7248481488257044,0.4566687247927222,0.4566845848716482,0.4566845848716482,0.4566687247927222,20.026042047578983
400.0,86.222,26.028,6.413,4.358,1.6341632852813484,1.6340892420126265,1.6340892420126265,1.6341632852813484,2.7330444236966573,2.732717947980947,2.732717947980947,2.7330444236966573,1.7211311722837028,1.7209948957109051,1.7209948957109051,1.7211311722837028,0.4560397178478723,0.4560702687775286,0.4560702687775286,0.4560397178478723,20.006292245861985
400.0,86.364,85.972,4.418,2.543,1.6328901119504269,1.6328153327559545,1.6328153327559545,1.6328901119504269,2.739032830119189,2.7387031719705623,2.7387031719705623,2.739032830119189,1.7287158423257614,1.7285886065735014,1.7285886065735014,1.7287158423257614,0.4573895556402955,0.4574017988182272,0.4574017988182272,0.4573895556402955,20.045292524719795
400.0,86.368,52.187,5.021,3.524,1.633584242652265,1.6335100356190144,1.6335100356190144,1.633584242652265,2.7357633987627468,2.7354365982853683,2.7354365982853683,2.7357633987627468,1.7244892219700194,1.7243610369812874,1.7243610369812874,1.7244892219700194,0.4566569933862341,0.4566732173274596,0.4566732173274596,0.4566569933862341,20.023303128120784
400.0,86.396,81.224,6.149,3.562,1.6329792611697826,1.6329047790875164,1.6329047790875164,1.6329792611697826,2.738615135610956,2.7382869925625455,2.7382869925625455,2.738615135610956,1.7281419011175516,1.728014850296666,1.728014850296666,1.7281419011175516,0.4572966940592083,0.4573090168476562,0.4573090168476562,0.4572966940592083,20.04220046762549
400.0,86.435,71.631,4.97,3.265,1.6331664497175902,1.633092297332325,1.633092297332325,1.6331664497175902,2.737736848853584,2.7374107854373784,2.7374107854373784,2.737736848853584,1.7269660508481797,1.7268386497492887,1.7268386497492887,1.7269660508481797,0.457100441013185,0.4571139441730746,0.4571139441730746,0.457100441013185,20.03595460929604
400.0,86.443,99.759,4.004,5.096,1.6325881855192397,1.6325135863100368,1.6325135863100368,1.6325881855192397,2.740481716446252,2.7401535786601063,2.7401535786601063,2.740481716446252,1.7304982558769173,1.7303708351788638,1.7303708351788638,1.7304982558769173,0.4577144925614986,0.4577259879721924,0.4577259879721924,0.4577144925614986,20.054267350947423
400.0,86.496,11.353,3.163,2.618,1.634399615662734,1.6343253768222528,1.6343253768222528,1.634399615662734,2.732004841152023,2.731676483319199,2.731676483319199,2.732004841152023,1.7200673567563618,1.7198831463634952,1.7198831463634952,1.7200673567563618,0.4557725653489548,0.4558775650919541,0.4558775650919541,0.4557725653489548,19.99674008459281
400.0,86.604,69.237,6.247,4.186,1.6331736795767045,1.6330991199417006,1.6330991199417006,1.6331736795767045,2.737735117164636,2.7374065110000934,2.7374065110000934,2.737735117164636,1.7267770970761602,1.726649818994633,1.726649818994633,1.7267770970761602,0.45710163424906,0.4571150298140308,0.4571150298140308,0.45710163424906,20.034389487083956
400.0,86.647,16.262,5.004,2.512,1.6342588417220456,1.6341849078199169,1.6341849078199169,1.6342588417220456,2.732679802721071,2.7323539790851923,2.7323539790851923,2.732679802721071,1.7205293327547215,1.720373353513709,1.720373353513709,1.7205293327547215,0.455947471568406,0.4560085910799272,0.4560085910799272,0.455947471568406,19.99992635631824
400.0,86.717,80.191,5.2,6.333,1.632920430751128,1.6328458016208185,1.6328458016208185,1.632920430751128,2.7389525220539928,2.738623428870432,2.738623428870432,2.7389525220539928,1.7282241165150092,1.7280969577958514,1.7280969577958514,1.7282241165150092,0.4573753116989922,0.4573877668719389,0.4573877668719389,0.4573753116989922,20.041515997912867
400.0,86.733,99.902,2.506,3.9,1.6325096983886744,1.6324347615265713,1.6324347615265713,1.6325096983886744,2.740877197711308,2.7405469562199567,2.7405469562199567,2.740877197711308,1.730712127175018,1.7305849235207889,1.7305849235207889,1.730712127175018,0.4578083521807765,0.4578193187442948,0.4578193187442948,0.4578083521807765,20.054350442097025
400.0,86.763,66.382,5.296,3.562,1.6331924307891452,1.633118052267519,1.633118052267519,1.6331924307891452,2.7376745991351434,2.737347493372374,2.737347493372374,2.7376745991351434,1.7265248255659058,1.7263971477749596,1.7263971477749596,1.7265248255659058,0.4570895840498183,0.4571037375848608,0.4571037375848608,0.4570895840498183,20.032525908963034
400.0,86.799,55.405,3.095,4.44,1.6334091298500504,1.6333346732180762,1.6333346732180762,1.6334091298500504,2.7366602717210182,2.736331674941355,2.736331674941355,2.7366602717210182,1.7251755074802575,1.7250474893088987,1.7250474893088987,1.7251755074802575,0.4568625638869968,0.4568781574551117,0.4568781574551117,0.4568625638869968,20.025380991501542
400.0,87.122,58.665,4.715,4.497,1.633261137552855,1.6331868619841263,1.6331868619841263,1.633261137552855,2.737415695815624,2.737089155006533,2.737089155006533,2.737415695815624,1.7257956110567565,1.7256676276175884,1.7256676276175884,1.7257956110567565,0.4570351440352734,0.4570501960593209,0.4570501960593209,0.4570351440352734,20.027490384578588
400.0,87.147,73.691,2.761,3.793,1.6329465257670788,1.6328718591208653,1.6328718591208653,1.6329465257670788,2.738909134284876,2.738580265243119,2.738580265243119,2.738909134284876,1.7276936445344786,1.727566328686305,1.727566328686305,1.7276936445344786,0.4573697196109202,0.4573826155420208,0.4573826155420208,0.4573697196109202,20.037268793194716
400.0,87.148,67.627,2.657,3.141,1.63307098017034,1.6329965724444735,1.6329965724444735,1.63307098017034,2.738321425419332,2.737994324366888,2.737994324366888,2.738321425419332,1.7269345233802285,1.7268070119912613,1.7268070119912613,1.7269345233802285,0.4572380529325384,0.4572516582305724,0.4572516582305724,0.4572380529325384,20.033322483568103
400.0,87.196,93.835,5.624,6.264,1.6325220292614198,1.632447034245804,1.632447034245804,1.6325220292614198,2.7409363159620264,2.740605817135677,2.740605817135677,2.7409363159620264,1.7302529676275114,1.7301254561447064,1.7301254561447064,1.7302529676275114,0.4578227159603385,0.4578343706556669,0.4578343706556669,0.4578227159603385,20.05038140247265
400.0,87.227,93.816,5.371,3.965,1.632514549623978,1.6324399438081747,1.6324399438081747,1.632514549623978,2.7409755240119797,2.74064752954782,2.74064752954782,2.7409755240119797,1.730270943299982,1.730143618361034,1.730143618361034,1.730270943299982,0.4578320415098349,0.4578433939361562,0.4578433939361562,0.4578320415098349,20.050367770432768
400.0,87.26,43.182,4.248,4.884,1.6335456338729748,1.6334716663217472,1.6334716663217472,1.6335456338729748,2.736104024691763,2.7357788131756062,2.7357788131756062,2.736104024691763,1.7239504715159666,1.7238210446141469,1.7238210446141469,1.7239504715159666,0.4567417706474482,0.4567601796464373,0.4567601796464373,0.4567417706474482,20.017412034506663
400.0,87.363,59.787,5.901,4.235,1.6331775176293812,1.6331032621192652,1.6331032621192652,1.6331775176293812,2.737852554046048,2.737525578591648,2.737525578591648,2.737852554046048,1.7260946831096775,1.7259667547480138,1.7259667547480138,1.7260946831096775,0.4571354289701704,0.457150299361437,0.457150299361437,0.4571354289701704,20.028211426247168
400.0,87.547,64.096,3.495,5.368,1.633043141996961,1.6329686989058845,1.6329686989058845,1.633043141996961,2.7385205993329857,2.738192811066918,2.738192811066918,2.7385205993329857,1.7267550605092106,1.7266271354448812,1.7266271354448812,1.7267550605092106,0.457286818885282,0.4573012511214156,0.4573012511214156,0.457286818885282,20.031009183278226
400.0,87.548,86.691,4.572,4.544,1.632580138870204,1.6325054965062822,1.6325054965062822,1.632580138870204,2.740720467445045,2.7403922830121648,2.7403922830121648,2.740720467445045,1.7295887802455827,1.729461468713576,1.729461468713576,1.7295887802455827,0.457779409188287,0.457791125202175,0.457791125202175,0.457779409188287,20.045716510601117
400.0,87.64,53.729,5.897,4.689,1.6332328221246648,1.6331584436072974,1.6331584436072974,1.6332328221246648,2.7376428149888343,2.7373153546581106,2.7373153546581106,2.7376428149888343,1.7255190210871405,1.7253905908058729,1.7253905908058729,1.7255190210871405,0.4570908749391077,0.4571068300651532,0.4571068300651532,0.4570908749391077,20.024259575491048
400.0,87.866,98.289,5.71,2.616,1.6322650029535068,1.6321897254725135,1.6321897254725135,1.6322650029535068,2.7422893018309185,2.741957549355521,2.741957549355521,2.7422893018309185,1.7312561623920633,1.7311287083038485,1.7311287083038485,1.7312561623920633,0.4581256914193402,0.4581366072376899,0.4581366072376899,0.4581256914193402,20.053256609924357
400.0,87.879,11.752,6.262,2.513,1.6340410134708998,1.6339666379909965,1.6339666379909965,1.6340410134708998,2.733912005673792,2.7335840283768102,2.7335840283768102,2.733912005673792,1.7210032020962114,1.720822587630236,1.720822587630236,1.7210032020962114,0.4562174837689481,0.4563163362874784,0.4563163362874784,0.4562174837689481,19.996949301901356
400.0,87.881,70.932,4.836,6.097,1.632819608334224,1.6327447975563194,1.6327447975563194,1.632819608334224,2.739642231678407,2.739312702535237,2.739312702535237,2.739642231678407,1.7278320417410822,1.7277044287177057,1.7277044287177057,1.7278320417410822,0.4575413109469329,0.4575545014437582,0.4575545014437582,0.4575413109469329,20.035445599550435
400.0,88.152,91.972,4.518,5.362,1.6323222665865846,1.6322472898435794,1.6322472898435794,1.6323222665865846,2.742064452837581,2.741734498686209,2.741734498686209,2.742064452837581,1.7306522939497706,1.730524713330971,1.730524713330971,1.7306522939497706,0.4580797526152193,0.4580911873328376,0.4580911873328376,0.4580797526152193,20.049132231133047
400.0,88.203,92.438,2.942,4.711,1.632300512027164,1.6322251157697527,1.6322251157697527,1.632300512027164,2.7421821264644843,2.74184969962267,2.74184969962267,2.7421821264644843,1.7307447799223077,1.7306173621513523,1.7306173621513523,1.7307447799223077,0.4581057401723758,0.4581167824052214,0.4581167824052214,0.4581057401723758,20.04943428322644
400.0,88.619,71.556,3.034,5.957,1.632622640422417,1.6325478693342923,1.6325478693342923,1.632622640422417,2.740713208973008,2.7403843659439286,2.7403843659439286,2.740713208973008,1.7283984855189136,1.7282703747334112,1.7282703747334112,1.7283984855189136,0.4577880680513285,0.4578016327601242,0.4578016327601242,0.4577880680513285,20.035824647106452
400.0,88.799,16.639,5.308,3.251,1.6337076125159975,1.633632661600176,1.633632661600176,1.6337076125159975,2.7356310478192336,2.7353000356983017,2.7353000356983017,2.7356310478192336,1.721968605379124,1.7218174133795094,1.7218174133795094,1.721968605379124,0.4566348414970689,0.4566872108652554,0.4566872108652554,0.4566348414970689,20.000093258398735
400.0,89.134,15.904,3.837,6.434,1.6336374968915646,1.6335637091546418,1.6335637091546418,1.6336374968915646,2.7360101512514055,2.7356866883244213,2.7356866883244213,2.7360101512514055,1.722135173521182,1.72197848551776,1.72197848551776,1.722135173521182,0.4567200005236402,0.4567808664490616,0.4567808664490616,0.4567200005236402,19.999603116505853
400.0,89.196,99.45,4.534,5.881,1.6319118704598357,1.6318364246226007,1.6318364246226007,1.6319118704598357,2.7442310119312348,2.7438987752747455,2.7438987752747455,2.7442310119312348,1.732285098659601,1.7321571742839237,1.7321571742839237,1.732285098659601,0.4585638969479449,0.4585748598367576,0.4585748598367576,0.4585638969479449,20.05396261229048
400.0,89.478,67.963,4.449,4.692,1.6324822312548493,1.6324070513218267,1.6324070513218267,1.6324822312548493,2.7415386370587838,2.741207501605572,2.741207501605572,2.7415386370587838,1.7285146686231714,1.728386530218002,1.728386530218002,1.7285146686231714,0.457978571875668,0.4579919887672367,0.4579919887672367,0.457978571875668,20.03345353593412
400.0,89.495,41.604,3.712,2.524,1.6330176269870167,1.6329427679203237,1.6329427679203237,1.6330176269870167,2.738994532202641,2.7386648276882,2.7386648276882,2.738994532202641,1.7252224018503768,1.7250918971465126,1.7250918971465126,1.7252224018503768,0.4574108662252542,0.4574299983802833,0.4574299983802833,0.4574108662252542,20.01630294231617
400.0,89.509,94.721,5.289,5.638,1.6319301654727647,1.6318548146442668,1.6318548146442668,1.6319301654727647,2.7441988571576608,2.743867360572655,2.743867360572655,2.7441988571576608,1.7318983257706193,1.7317701596769457,1.7317701596769457,1.7318983257706193,0.4585601375938196,0.4585716677650006,0.4585716677650006,0.4585601375938196,20.05087155522635
400.0,89.522,75.304,2.873,5.899,1.632321630960649,1.6322466316872044,1.6322466316872044,1.632321630960649,2.7423171139291926,2.7419873665450294,2.7419873665450294,2.7423171139291926,1.7294660769918655,1.729337940380552,1.729337940380552,1.7294660769918655,0.458149113653902,0.4581619327998792,0.4581619327998792,0.458149113653902,20.038229954949383
400.0,89.592,74.295,6.068,5.024,1.6323246942513687,1.6322495070987293,1.6322495070987293,1.6323246942513687,2.7423129279197807,2.741981978995496,2.741981978995496,2.7423129279197807,1.7293851105910998,1.729256921530538,1.729256921530538,1.7293851105910998,0.4581490692791435,0.458162049418012,0.458162049418012,0.4581490692791435,20.037570478159687
400.0,89.707,54.913,5.953,5.255,1.632691364593014,1.6326167379465233,1.6326167379465233,1.632691364593014,2.740579231481067,2.740251368630939,2.740251368630939,2.740579231481067,1.7270297994490311,1.72690051221218,1.72690051221218,1.7270297994490311,0.4577686649746075,0.4577848735870973,0.4577848735870973,0.4577686649746075,20.02495362865676
400.0,89.72,90.886,5.52,3.48,1.6319557479414373,1.631880321281435,1.631880321281435,1.6319557479414373,2.7441131039290574,2.7437812842530738,2.7437812842530738,2.7441131039290574,1.7315557370533985,1.7314275180435603,1.7314275180435603,1.7315557370533985,0.4585436671851965,0.4585553945840129,0.4585553945840129,0.4585436671851965,20.048366506598864
400.0,89.76,56.562,5.051,6.046,1.6326448472821289,1.632569817153694,1.632569817153694,1.6326448472821289,2.740812330291739,2.740481834942544,2.740481834942544,2.740812330291739,1.7272705533383033,1.7271419015516123,1.7271419015516123,1.7272705533383033,0.4578215258030559,0.4578366120922077,0.4578366120922077,0.4578215258030559,20.02602411338684
400.0,89.762,77.703,3.054,6.441,1.6322129770620044,1.6321379456475724,1.6321379456475724,1.6322129770620044,2.7428799119538345,2.742550155649607,2.742550155649607,2.7428799119538345,1.729926283216186,1.729797968955154,1.729797968955154,1.729926283216186,0.4582747389066376,0.4582875810445877,0.4582875810445877,0.4582747389066376,20.03978256036636
400.0,89.918,61.37,6.28,6.303,1.6325070909973567,1.6324322749523876,1.6324322749523876,1.6325070909973567,2.7414969052990563,2.7411681018024923,2.7411681018024923,2.7414969052990563,1.727978128283958,1.7278494230637869,1.7278494230637869,1.727978128283958,0.4579739965941291,0.4579886233383977,0.4579886233383977,0.4579739965941291,20.0291466071724
400.0,90.05,92.76,2.666,3.641,1.631834254309526,1.6317587222138406,1.6317587222138406,1.631834254309526,2.744743918411888,2.744411270056946,2.744411270056946,2.744743918411888,1.7320135594827732,1.731884720512926,1.731884720512926,1.7320135594827732,0.4586862439102885,0.4586982337337181,0.4586982337337181,0.4586862439102885,20.04957510190163
400.0,90.093,14.649,3.576,4.3,1.6334223777314758,1.6333479037680003,1.6333479037680003,1.6334223777314758,2.7371942171887227,2.736867158968277,2.736867158968277,2.7371942171887227,1.722671491643832,1.7225101868507209,1.7225101868507209,1.722671491643832,0.4569911519270371,0.4570587209104005,0.4570587209104005,0.4569911519270371,19.9987518052332
400.0,90.105,30.268,3.714,3.58,1.6330977138503364,1.633022805295726,1.633022805295726,1.6330977138503364,2.7387258719940824,2.738395761114059,2.738395761114059,2.7387258719940824,1.7242062465864234,1.724071685375266,1.724071685375266,1.7242062465864234,0.4573539618642814,0.457379820554404,0.457379820554404,0.4573539618642814,20.008907206503515
400.0,90.193,32.66,4.832,5.602,1.6330264909783645,1.6329516442044163,1.6329516442044163,1.6330264909783645,2.7390779396858664,2.7387479575251774,2.7387479575251774,2.7390779396858664,1.7245627108699813,1.7244296845658942,1.7244296845658942,1.7245627108699813,0.457434778880257,0.4574581271556444,0.4574581271556444,0.457434778880257,20.010459718192152
400.0,90.218,47.509,5.532,4.615,1.6327154560808432,1.6326406972750918,1.6326406972750918,1.6327154560808432,2.7405572467114685,2.7402287966737404,2.7402287966737404,2.7405572467114685,1.7264386161778829,1.7263088947949958,1.7263088947949958,1.7264386161778829,0.4577686697452176,0.4577857746408036,0.4577857746408036,0.4577686697452176,20.020117342084724
400.0,90.227,82.824,6.017,2.657,1.6319934031911032,1.6319182920810211,1.6319182920810211,1.6319934031911032,2.7440201239264574,2.7436901379709253,2.7436901379709253,2.7440201239264574,1.7308782401760143,1.7307499914135709,1.7307499914135709,1.7308782401760143,0.4585290235459943,0.4585412000681157,0.4585412000681157,0.4585290235459943,20.043098984186855
400.0,90.238,89.273,4.023,2.707,1.631859935747069,1.6317847082390422,1.6317847082390422,1.631859935747069,2.7446676519017945,2.7443368234507464,2.7443368234507464,2.7446676519017945,1.7316968061166975,1.7315685173437605,1.7315685173437605,1.7316968061166975,0.4586704287273508,0.4586822115456277,0.4586822115456277,0.4586704287273508,20.047296852098157
400.0,90.32,38.332,4.974,3.798,1.632878156617946,1.6328032393354317,1.6328032393354317,1.632878156617946,2.739803790427568,2.7394739379955304,2.7394739379955304,2.739803790427568,1.725356418679214,1.7252249049722874,1.7252249049722874,1.725356418679214,0.4575996299442251,0.4576202051007055,0.4576202051007055,0.4575996299442251,20.014144127656
400.0,90.387,56.471,4.05,5.876,1.632490188287084,1.63241520063887,1.63241520063887,1.632490188287084,2.741662288874677,2.7413323100588407,2.7413323100588407,2.741662288874677,1.7276737188110918,1.7275443138819293,1.7275443138819293,1.7276737188110918,0.4580145524719136,0.4580304628650755,0.4580304628650755,0.4580145524719136,20.025941563969408
400.0,90.504,86.863,4.276,3.269,1.6318430835770026,1.6317676689820726,1.6317676689820726,1.6318430835770026,2.744798276879783,2.7444665899936607,2.7444665899936607,2.744798276879783,1.7315702177604462,1.7314417330427232,1.7314417330427232,1.7315702177604462,0.4587015866532264,0.4587136702825006,0.4587136702825006,0.4587015866532264,20.04571745588925
400.0,90.533,96.194,2.694,2.817,1.631646165434104,1.6315705143694377,1.6315705143694377,1.631646165434104,2.7457500991761594,2.7454173171448444,2.7454173171448444,2.7457500991761594,1.7327659794668446,1.7326376527383922,1.7326376527383922,1.7327659794668446,0.4589106196880549,0.4589217736362546,0.4589217736362546,0.4589106196880549,20.05179288809901
400.0,90.64,10.17,2.576,3.913,1.6333748992164958,1.6332995869112557,1.6332995869112557,1.6333748992164958,2.7374958239347924,2.7371639651353266,2.7371639651353266,2.7374958239347924,1.722711811889457,1.7225065114279785,1.7225065114279785,1.722711811889457,0.4570320133345423,0.457168237651735,0.457168237651735,0.4570320133345423,19.995820633392192
400.0,90.661,85.561,4.16,3.673,1.6318306610743278,1.6317552022013977,1.6317552022013977,1.6318306610743278,2.744886549070104,2.7445543205444385,2.7445543205444385,2.744886549070104,1.7315104338758542,1.7313819326597633,1.7313819326597633,1.7315104338758542,0.4587224806351882,0.4587346493890256,0.4587346493890256,0.4587224806351882,20.044864362374263
400.0,90.762,50.436,4.677,4.248,1.6325200271067974,1.6324446899087917,1.6324446899087917,1.6325200271067974,2.7415889017795103,2.741257003921009,2.741257003921009,2.7415889017795103,1.7271647121548497,1.7270347701529642,1.7270347701529642,1.7271647121548497,0.4580019609469046,0.45801893193663,0.45801893193663,0.4580019609469046,20.02200148574899
400.0,90.831,93.225,4.472,5.14,1.6316334730748965,1.631558228518928,1.631558228518928,1.6316334730748965,2.745873220063677,2.745542601361168,2.745542601361168,2.745873220063677,1.7325884975157733,1.732459656368989,1.732459656368989,1.7325884975157733,0.4589395659478646,0.458951684035358,0.458951684035358,0.4589395659478646,20.04984700443156
400.0,90.931,96.598,2.944,4.601,1.6315409901816669,1.6314655486812268,1.6314655486812268,1.6315409901816669,2.746344544192317,2.7460134145789814,2.7460134145789814,2.746344544192317,1.7330803056040152,1.732951373909846,1.732951373909846,1.7330803056040152,0.4590431570389487,0.4590550032162128,0.4590550032162128,0.4590431570389487,20.052040086491232
400.0,90.933,25.63,3.145,4.395,1.632985437246083,1.632910634187119,1.632910634187119,1.632985437246083,2.7394051738294776,2.739076104026827,2.739076104026827,2.7394051738294776,1.72417191665431,1.7240331935518227,1.7240331935518227,1.72417191665431,0.4575114309772022,0.4575435270032204,0.4575435270032204,0.4575114309772022,20.005861041775336
400.0,91.0,37.904,4.434,4.502,1.6327166681940604,1.6326419607548526,1.6326419607548526,1.6327166681940604,2.740690823548615,2.740362706306044,2.740362706306044,2.740690823548615,1.725751400860035,1.7256184759871656,1.7256184759871656,1.725751400860035,0.4578041861899739,0.4578267131993287,0.4578267131993287,0.4578041861899739,20.01384041683315
400.0,91.053,56.919,2.55,3.723,1.632313469094003,1.6322383950557422,1.6322383950557422,1.632313469094003,2.7426123671213025,2.7422823961869893,2.7422823961869893,2.7426123671213025,1.728172927961778,1.7280437322437987,1.7280437322437987,1.728172927961778,0.4582310669985727,0.4582463386572268,0.4582463386572268,0.4582310669985727,20.02620952782117
400.0,91.08,86.421,5.692,6.041,1.631709499121592,1.6316343009754692,1.6316343009754692,1.631709499121592,2.74554747017414,2.74521772011778,2.74521772011778,2.74554747017414,1.7318971396215057,1.7317681410997166,1.7317681410997166,1.7318971396215057,0.458871188644939,0.4588838530363956,0.4588838530363956,0.458871188644939,20.045407828262917
400.0,91.158,20.613,4.951,4.25,1.633031763967932,1.6329571679312045,1.6329571679312045,1.633031763967932,2.739224249099265,2.7388961032139685,2.7388961032139685,2.739224249099265,1.7238251904070363,1.7236804116722932,1.7236804116722932,1.7238251904070363,0.4574689938745234,0.4575104953432343,0.4575104953432343,0.4574689938745234,20.002589793675707
400.0,91.248,27.214,6.033,4.94,1.632873913983498,1.632799002669476,1.632799002669476,1.632873913983498,2.739989379180236,2.739659955284463,2.739659955284463,2.739989379180236,1.7245766585383846,1.7244398629238629,1.7244398629238629,1.7245766585383846,0.4576468745189815,0.4576758239025715,0.4576758239025715,0.4576468745189815,20.006879348031937
400.0,91.378,24.077,3.439,2.678,1.6329053011044374,1.6328310822306402,1.6328310822306402,1.6329053011044374,2.7398591173604174,2.7395337035501157,2.7395337035501157,2.7398591173604174,1.724270743484947,1.7241300643254545,1.7241300643254545,1.724270743484947,0.4576167939294582,0.4576516781002504,0.4576516781002504,0.4576167939294582,20.004834727152467
400.0,91.383,87.259,4.814,5.295,1.631617770772776,1.6315423738711394,1.6315423738711394,1.631617770772776,2.7460487662223865,2.7457177371632917,2.7457177371632917,2.7460487662223865,1.732204015030239,1.7320751901149902,1.7320751901149902,1.732204015030239,0.4589838934090596,0.4589960412115845,0.4589960412115845,0.4589838934090596,20.045942532597895
400.0,91.453,27.311,5.633,2.986,1.632820483826833,1.6327456105598932,1.6327456105598932,1.632820483826833,2.74027920133978,2.7399500431877564,2.7399500431877564,2.74027920133978,1.7247236784248314,1.7245872206636947,1.7245872206636947,1.7247236784248314,0.4577141650802498,0.4577424257711577,0.4577424257711577,0.4577141650802498,20.00693471031331
400.0,91.466,54.508,4.975,3.977,1.632261602874297,1.6321863345511365,1.6321863345511365,1.632261602874297,2.742951611385461,2.742620314203128,2.742620314203128,2.742951611385461,1.7281406186411987,1.7280107199890806,1.7280107199890806,1.7281406186411987,0.4583075360242115,0.4583238465840923,0.4583238465840923,0.4583075360242115,20.02462398538688
400.0,91.541,35.178,3.301,2.628,1.6326373515471413,1.6325622697202316,1.6325622697202316,1.6326373515471413,2.741166538207356,2.740836311837092,2.740836311837092,2.741166538207356,1.7257668370574644,1.7256329366195415,1.7256329366195415,1.7257668370574644,0.457915270606816,0.4579390853988901,0.4579390853988901,0.457915270606816,20.01204701072594
400.0,91.606,31.654,3.094,3.459,1.63269361004697,1.6326185216673283,1.6326185216673283,1.63269361004697,2.740911925463862,2.74058125683581,2.74058125683581,2.740911925463862,1.7253675134947766,1.7252331104253102,1.7252331104253102,1.7253675134947766,0.4578584461762224,0.457883232147416,0.457883232147416,0.4578584461762224,20.00975334044777
400.0,91.781,57.372,5.289,6.308,1.6321248926266627,1.6320498219748876,1.6320498219748876,1.6321248926266627,2.743664199288361,2.7433345028104656,2.7433345028104656,2.743664199288361,1.728708708053906,1.7285790154792693,1.7285790154792693,1.728708708053906,0.4584669873757136,0.4584825936901653,0.4584825936901653,0.4584669873757136,20.026475674966942
400.0,91.872,91.526,3.497,5.265,1.6314109725803347,1.6313350409538765,1.6313350409538765,1.6314109725803347,2.7471454650842086,2.7468110673737365,2.7468110673737365,2.7471454650842086,1.7330670712527882,1.732938207816522,1.732938207816522,1.7330670712527882,0.4592282649283557,0.4592397965943053,0.4592397965943053,0.4592282649283557,20.048701242256225
400.0,91.926,86.052,5.622,5.004,1.6315083619292583,1.6314323404281028,1.6314323404281028,1.6315083619292583,2.7466819654309043,2.746346884635586,2.746346884635586,2.7466819654309043,1.7324128469192694,1.7322841001612783,1.7322841001612783,1.7324128469192694,0.4591275187242308,0.4591394409830397,0.4591394409830397,0.4591275187242308,20.045135827224183
400.0,91.939,19.549,6.369,4.909,1.6328582526606623,1.632782942920415,1.632782942920415,1.6328582526606623,2.7401894223692755,2.7398573593632105,2.7398573593632105,2.7401894223692755,1.7242588414380409,1.724112769734503,1.724112769734503,1.7242588414380409,0.4576916848604685,0.4577347176977819,0.4577347176977819,0.4576916848604685,20.00186965091833
400.0,91.989,46.859,3.39,6.147,1.6322872289420909,1.6322120369755853,1.6322120369755853,1.6322872289420909,2.74292101089221,2.7425904488922583,2.7425904488922583,2.74292101089221,1.7275262690241977,1.7273953454099564,1.7273953454099564,1.7275262690241977,0.45830589222019,0.4583240225972246,0.4583240225972246,0.45830589222019,20.01962831514571
400.0,92.074,70.278,3.144,5.201,1.631790639045155,1.6317152509128292,1.6317152509128292,1.631790639045155,2.74533352713346,2.7450023365988447,2.7450023365988447,2.74533352713346,1.730525111756978,1.7303957934675025,1.7303957934675025,1.730525111756978,0.4588347350125007,0.4588486069472017,0.4588486069472017,0.4588347350125007,20.03486282602773
400.0,92.085,40.067,3.009,4.606,1.632402183333734,1.6323267249532616,1.6323267249532616,1.632402183333734,2.7423909530718875,2.742058448122493,2.742058448122493,2.7423909530718875,1.7267375214425802,1.7266059974128547,1.7266059974128547,1.7267375214425802,0.458190165558985,0.4582096548566944,0.4582096548566944,0.458190165558985,20.01520695791635
400.0,92.092,56.259,5.282,5.319,1.6320705005435283,1.631994779467666,1.631994779467666,1.6320705005435283,2.743985173190256,2.7436518165332338,2.7436518165332338,2.743985173190256,1.728774805160196,1.7286452564009045,1.7286452564009045,1.728774805160196,0.4585402146283962,0.4585554686080292,0.4585554686080292,0.4585402146283962,20.025740061441265
400.0,92.109,14.847,4.916,2.654,1.6329124631989431,1.6328367018425358,1.6328367018425358,1.6329124631989431,2.739965365839438,2.739630947559424,2.739630947559424,2.739965365839438,1.7240144351992504,1.7238546207077867,1.7238546207077867,1.7240144351992504,0.4576326571517662,0.457696937407314,0.457696937407314,0.4576326571517662,19.99880606055276
400.0,92.201,47.29,6.494,5.273,1.6322258831183758,1.6321505627063082,1.6321505627063082,1.6322258831183758,2.7432545363259617,2.7429235255368583,2.7429235255368583,2.7432545363259617,1.7277203638421357,1.7275892383334683,1.7275892383334683,1.7277203638421357,0.4583807839116662,0.4583991519471985,0.4583991519471985,0.4583807839116662,20.01990083394132
400.0,92.291,77.009,3.344,6.399,1.6316005051250362,1.6315249481053355,1.6315249481053355,1.6316005051250362,2.7462946413001985,2.745962888543884,2.745962888543884,2.7462946413001985,1.7315167911964962,1.7313876313362873,1.7313876313362873,1.7315167911964962,0.4590471256046528,0.4590600898597259,0.4590600898597259,0.4590471256046528,20.039235669406104
400.0,92.371,71.568,4.693,4.419,1.6316909559549595,1.6316151874567668,1.6316151874567668,1.6316909559549595,2.745871253142483,2.745537878080606,2.745537878080606,2.745871253142483,1.730884647673277,1.73075565977941,1.73075565977941,1.730884647673277,0.4589554450601781,0.4589685904566387,0.4589685904566387,0.4589554450601781,20.035691383653425
400.0,92.465,55.188,6.378,5.893,1.6319996403385608,1.6319239956174558,1.6319239956174558,1.6319996403385608,2.744392463142894,2.7440595325173125,2.7440595325173125,2.744392463142894,1.7288870706897472,1.728756907534147,1.728756907534147,1.7288870706897472,0.4586327615586116,0.458648915107262,0.458648915107262,0.4586327615586116,20.02502915070515
400.0,92.476,71.288,3.381,4.637,1.6316705278402477,1.6315949774506744,1.6315949774506744,1.6316705278402477,2.745987208518884,2.7456551753516867,2.7456551753516867,2.745987208518884,1.7309190994318773,1.730789713482234,1.730789713482234,1.7309190994318773,0.4589817936901526,0.4589955124972773,0.4589955124972773,0.4589817936901526,20.035504652250683
400.0,92.501,59.081,4.656,5.785,1.6319116650966097,1.6318358863898992,1.6318358863898992,1.6319116650966097,2.744824967530924,2.7444910635346607,2.7444910635346607,2.744824967530924,1.7294002524843748,1.729270776786338,1.729270776786338,1.7294002524843748,0.4587280104395479,0.4587428036702222,0.4587428036702222,0.4587280104395479,20.02756020911175
400.0,92.631,25.415,5.27,3.251,1.6325648635210503,1.6324896749540168,1.6324896749540168,1.6325648635210503,2.741707006166473,2.7413760927702118,2.7413760927702118,2.741707006166473,1.725262277306466,1.7251238314643331,1.7251238314643331,1.725262277306466,0.4580417952488545,0.4580725644714278,0.4580725644714278,0.4580417952488545,20.00565800993761
400.0,92.995,17.824,3.834,3.951,1.6326290073412684,1.6325541414776903,1.6325541414776903,1.6326290073412684,2.7414641884946978,2.74113588652526,2.74113588652526,2.7414641884946978,1.724825540813249,1.7246739155338833,1.7246739155338833,1.724825540813249,0.457983196448965,0.458034103623176,0.458034103623176,0.457983196448965,20.000708276624547
400.0,93.047,54.448,4.622,3.784,1.6318701461047402,1.6317947544274705,1.6317947544274705,1.6318701461047402,2.7451203807400795,2.744789481736957,2.744789481736957,2.7451203807400795,1.7291794447488211,1.7290489481578084,1.7290489481578084,1.7291794447488211,0.4587979926943311,0.4588144017029126,0.4588144017029126,0.4587979926943311,20.02452533034721
400.0,93.072,73.845,2.722,5.452,1.6314685115845298,1.6313928528694073,1.6313928528694073,1.6314685115845298,2.7470492235072554,2.746716284029928,2.746716284029928,2.7470492235072554,1.7316403843865031,1.7315111939556271,1.7315111939556271,1.7316403843865031,0.4592228391251528,0.4592356190568099,0.4592356190568099,0.4592228391251528,20.037147356948807
400.0,93.096,41.157,5.749,4.342,1.632128012931112,1.6320525544641322,1.6320525544641322,1.632128012931112,2.7438845596581327,2.7435524080078806,2.7435524080078806,2.7438845596581327,1.72754196931921,1.7274098256671504,1.7274098256671504,1.72754196931921,0.4585272396907385,0.4585472181486937,0.4585472181486937,0.4585272396907385,20.0158776415598
400.0,93.099,11.262,3.391,3.905,1.6327379357086222,1.6326618807080018,1.6326618807080018,1.6327379357086222,2.7409709230337147,2.740634538219218,2.740634538219218,2.7409709230337147,1.724406173625174,1.724215840026306,1.724215840026306,1.724406173625174,0.457843981478546,0.4579555319008202,0.4579555319008202,0.457843981478546,19.996439047989227
400.0,93.138,87.808,4.279,5.601,1.631174134310056,1.6310985179603876,1.6310985179603876,1.631174134310056,2.7485303723960617,2.7481986518321344,2.7481986518321344,2.7485303723960617,1.7334409897237542,1.7333115485744175,1.7333115485744175,1.7334409897237542,0.4595435896401243,0.4595558778467654,0.4595558778467654,0.4595435896401243,20.046233048118268
400.0,93.205,97.552,3.196,2.858,1.630962469645951,1.630886095767784,1.630886095767784,1.630962469645951,2.7495887836495774,2.749252908349488,2.749252908349488,2.7495887836495774,1.734715607115284,1.7345861504020588,1.7345861504020588,1.734715607115284,0.4597744575868095,0.4597859240223988,0.4597859240223988,0.4597744575868095,20.052574768525123
400.0,93.271,91.376,3.526,5.545,1.6310698067288034,1.6309935790363823,1.6309935790363823,1.6310698067288034,2.749068911989337,2.748733193727656,2.748733193727656,2.749068911989337,1.7339799575054358,1.7338506396140023,1.7338506396140023,1.7339799575054358,0.4596622567167766,0.4596738932904142,0.4596738932904142,0.4596622567167766,20.04855041537659
400.0,93.339,74.193,6.453,4.008,1.6313987380039745,1.6313230503791092,1.6313230503791092,1.6313987380039745,2.7474659481423127,2.747133586843857,2.747133586843857,2.7474659481423127,1.7318582392942137,1.7317285713326147,1.7317285713326147,1.7318582392942137,0.4593134562508737,0.4593269956848299,0.4593269956848299,0.4593134562508737,20.037362851857875
400.0,93.429,42.062,3.98,4.361,1.6320266693021732,1.6319511725631812,1.6319511725631812,1.6320266693021732,2.744431411879769,2.744099255138712,2.744099255138712,2.744431411879769,1.727876019104737,1.7277441138914544,1.7277441138914544,1.727876019104737,0.4586505789350021,0.4586699544050219,0.4586699544050219,0.4586505789350021,20.01645414005904
400.0,93.431,45.038,3.906,4.214,1.63196566338581,1.6318903199173511,1.6318903199173511,1.63196566338581,2.7447256512196807,2.7443946023649555,2.7443946023649555,2.7447256512196807,1.728251044875893,1.7281196695725698,1.7281196695725698,1.728251044875893,0.4587153378031123,0.4587337078754363,0.4587337078754363,0.4587153378031123,20.018389382283477
400.0,93.441,34.064,4.995,6.011,1.632186273715632,1.6321111468664402,1.6321111468664402,1.632186273715632,2.7436638303875736,2.7433345795237187,2.7433345795237187,2.7436638303875736,1.7268805623353929,1.7267460767385852,1.7267460767385852,1.7268805623353929,0.4584813639922176,0.4585051564779728,0.4585051564779728,0.4584813639922176,20.011251747139287
400.0,93.45,93.357,5.015,3.833,1.6309861784386226,1.6309100531978156,1.6309100531978156,1.6309861784386226,2.749512589082271,2.7491781444123427,2.7491781444123427,2.749512589082271,1.7343492964023537,1.7342196532156362,1.7342196532156362,1.7343492964023537,0.4597606195869605,0.4597726472430775,0.4597726472430775,0.4597606195869605,20.04983343794771
400.0,93.489,17.988,5.98,2.575,1.632502688122584,1.6324268886870326,1.6324268886870326,1.632502688122584,2.742159751567179,2.741825569361414,2.741825569361414,2.742159751567179,1.725163423106474,1.7250140303615182,1.7250140303615182,1.725163423106474,0.458141728430075,0.4581888340037722,0.4581888340037722,0.458141728430075,20.000796992123902
400.0,93.55,63.021,5.151,6.051,1.6315722188052493,1.6314965211729535,1.6314965211729535,1.6315722188052493,2.7466576720783418,2.7463248180338784,2.7463248180338784,2.7466576720783418,1.7305911164786016,1.7304613860457376,1.7304613860457376,1.7305911164786016,0.4591393059624716,0.45915370634084,0.45915370634084,0.4591393059624716,20.030084376489565
400.0,93.566,48.645,6.149,3.135,1.6318589625824795,1.631783579804847,1.631783579804847,1.6318589625824795,2.7452663800694377,2.744935208097232,2.744935208097232,2.7452663800694377,1.7287939484878152,1.728662814500863,1.728662814500863,1.7287939484878152,0.458834931942289,0.4588526546400364,0.4588526546400364,0.458834931942289,20.02073068420165
400.0,93.662,50.867,4.493,2.942,1.6317902933083008,1.6317145785453886,1.6317145785453886,1.6317902933083008,2.7456180414533917,2.7452851301375616,2.7452851301375616,2.7456180414533917,1.7291368756894974,1.7290059718913244,1.7290059718913244,1.7291368756894974,0.4589127417502781,0.4589298392972439,0.4589298392972439,0.4589127417502781,20.022172646726343
400.0,93.724,64.895,4.664,3.066,1.6314913626725245,1.6314155839332578,1.6314155839332578,1.6314913626725245,2.7470827177414163,2.7467499798562494,2.7467499798562494,2.7470827177414163,1.7309428863082743,1.7308127665561326,1.7308127665561326,1.7309428863082743,0.4592336470908765,0.4592483839290537,0.4592483839290537,0.4592336470908765,20.03129685697232
400.0,93.926,81.81,4.259,4.389,1.6311008746652722,1.6310248846375603,1.6310248846375603,1.6311008746652722,2.7490317622480336,2.748698266363217,2.748698266363217,2.7490317622480336,1.7332096183226695,1.7330796052676274,1.7330796052676274,1.7332096183226695,0.459660847665673,0.4596740162214756,0.4596740162214756,0.459660847665673,20.042298513936373
400.0,93.938,67.984,4.932,6.48,1.631376159484463,1.6313002966911945,1.6313002966911945,1.631376159484463,2.7476832456202223,2.747350161908515,2.747350161908515,2.7476832456202223,1.7314740461512743,1.731344284674932,1.731344284674932,1.7314740461512743,0.4593672326298523,0.4593810370460079,0.4593810370460079,0.4593672326298523,20.033298975237333
400.0,93.998,40.732,3.566,5.004,1.6319121294906571,1.6318369188739243,1.6318369188739243,1.6319121294906571,2.7450837981903637,2.7447537075460797,2.7447537075460797,2.7450837981903637,1.728085610408865,1.7279531006967828,1.7279531006967828,1.728085610408865,0.4587990351726099,0.4588190284487966,0.4588190284487966,0.4587990351726099,20.01556723774692
400.0,94.139,86.075,3.12,4.249,1.630963223213843,1.6308868269076866,1.6308868269076866,1.630963223213843,2.749751781011855,2.749415701844917,2.749415701844917,2.749751781011855,1.7338900176840109,1.7337602480585566,1.7337602480585566,1.7338900176840109,0.4598197964246686,0.4598321162706803,0.4598321162706803,0.4598197964246686,20.045066528668144
400.0,94.173,96.716,5.359,4.042,1.630741802041494,1.6306651135374108,1.6306651135374108,1.630741802041494,2.7508513406579964,2.7505137131051427,2.7505137131051427,2.7508513406579964,1.735256013662806,1.7351263427800476,1.7351263427800476,1.735256013662806,0.460059775401002,0.4600711869975127,0.4600711869975127,0.460059775401002,20.05199253286905
400.0,94.199,62.933,5.589,5.528,1.6314135064731157,1.6313377198162404,1.6313377198162404,1.6314135064731157,2.7475467645637983,2.7472138761097047,2.7472138761097047,2.7475467645637983,1.7310115857557224,1.730881085587479,1.730881085587479,1.7310115857557224,0.4593397227466745,0.4593549858792583,0.4593549858792583,0.4593397227466745,20.030002411536582
400.0,94.199,63.19,5.291,3.283,1.6314083344026873,1.6313326349505477,1.6313326349505477,1.6314083344026873,2.7475713564759334,2.7472390246495126,2.7472390246495126,2.7475713564759334,1.731043556633236,1.730913413065584,1.730913413065584,1.731043556633236,0.4593454303769729,0.4593601174425668,0.4593601174425668,0.4593454303769729,20.03016917257616
400.0,94.259,76.14,3.673,2.857,1.6311328042872253,1.631056724938192,1.631056724938192,1.6311328042872253,2.748931718740279,2.7485975827302758,2.7485975827302758,2.748931718740279,1.732715610286102,1.7325858557456617,1.7325858557456617,1.732715610286102,0.4596429596031968,0.4596560657582171,0.4596560657582171,0.4596429596031968,20.038595030207983
400.0,94.448,31.713,4.665,5.065,1.6319840178417009,1.6319082020701643,1.6319082020701643,1.6319840178417009,2.7448208006142503,2.7444871534687687,2.7444871534687687,2.7448208006142503,1.7272508325648346,1.7271150893146514,1.7271150893146514,1.7272508325648346,0.4587434952078987,0.4587689687378452,0.4587689687378452,0.4587434952078987,20.00968497719888
400.0,94.637,25.679,6.047,6.482,1.632059286038875,1.6319843171509731,1.6319843171509731,1.632059286038875,2.744485818014732,2.7441572069027296,2.7441572069027296,2.744485818014732,1.7266188368874382,1.7264790236406666,1.7264790236406666,1.7266188368874382,0.4586699075654535,0.4587019321155574,0.4587019321155574,0.4586699075654535,20.00575397144039
400.0,94.809,83.478,4.055,4.218,1.6308504563969584,1.6307739853390717,1.6307739853390717,1.6308504563969584,2.7504242290318035,2.750088028522089,2.750088028522089,2.7504242290318035,1.7340087856813124,1.73387886902763,1.73387886902763,1.7340087856813124,0.4599737211078937,0.459986173172582,0.459986173172582,0.4599737211078937,20.04334957065345
400.0,94.827,20.393,3.862,4.834,1.6321198336712013,1.6320442777308626,1.6320442777308626,1.6321198336712013,2.7442310268001,2.7438989705228694,2.7438989705228694,2.7442310268001,1.7262336694826277,1.7260867010977874,1.7260867010977874,1.7262336694826277,0.4586107897442607,0.4586536353071914,0.4586536353071914,0.4586107897442607,20.002309989968975
400.0,94.835,50.367,4.004,2.506,1.6315098314468377,1.6314342176783296,1.6314342176783296,1.6315098314468377,2.7471876347439457,2.7468556892842524,2.7468556892842524,2.7471876347439457,1.7298514541183458,1.7297203595313786,1.7297203595313786,1.7298514541183458,0.4592679644566015,0.459284844517683,0.459284844517683,0.4592679644566015,20.02180304875099
400.0,94.911,31.74,5.349,3.453,1.6318679914213765,1.6317926228848263,1.6317926228848263,1.6318679914213765,2.74546016233552,2.7451296221833426,2.7451296221833426,2.74546016233552,1.7275608893422152,1.7274244758958992,1.7274244758958992,1.7275608893422152,0.4588879479475998,0.4589142789800276,0.4589142789800276,0.4588879479475998,20.00968482869747
400.0,94.921,78.669,5.933,4.974,1.6309192626350653,1.6308432704638776,1.6308432704638776,1.6309192626350653,2.750101974812313,2.7497686520964124,2.7497686520964124,2.750101974812313,1.7334759670459043,1.7333460028639962,1.7333460028639962,1.7334759670459043,0.4599049414151329,0.4599177658844034,0.4599177658844034,0.4599049414151329,20.040215586951923
400.0,94.971,55.204,6.24,2.781,1.6313787989801316,1.631303035735428,1.631303035735428,1.6313787989801316,2.7478525591825465,2.747520358723626,2.747520358723626,2.7478525591825465,1.7305504948420198,1.730419733656178,1.730419733656178,1.7305504948420198,0.4594146810929483,0.4594305306683489,0.4594305306683489,0.4594146810929483,20.024944172699744
400.0,95.086,67.081,2.939,5.527,1.6311121363106222,1.631035593405515,1.631035593405515,1.6311121363106222,2.7491884897999146,2.7488514258353747,2.7488514258353747,2.7491884897999146,1.732123693041187,1.7319939218895768,1.7319939218895768,1.732123693041187,0.4597069228782913,0.4597203649718782,0.4597203649718782,0.4597069228782913,20.032668057742004
400.0,95.096,68.343,5.996,3.718,1.6310834051781469,1.6310074521647588,1.6310074521647588,1.6310834051781469,2.7493239531191063,2.7489909563974093,2.7489909563974093,2.7493239531191063,1.732290050745216,1.7321595273878787,1.7321595273878787,1.732290050745216,0.4597369165275226,0.4597513138618907,0.4597513138618907,0.4597369165275226,20.0334885020368
400.0,95.133,57.225,2.8,5.582,1.6312954843029015,1.631219759799525,1.631219759799525,1.6312954843029015,2.748266699438543,2.7479340149712823,2.7479340149712823,2.748266699438543,1.7309164030910216,1.7307849806807665,1.7307849806807665,1.7309164030910216,0.4595085493994887,0.4595247889495202,0.4595247889495202,0.4595085493994887,20.026253510559563
400.0,95.181,80.471,6.373,5.444,1.6308194933130784,1.6307429589536546,1.6307429589536546,1.6308194933130784,2.7506434428658735,2.7503063949365054,2.7503063949365054,2.7506434428658735,1.733876831854458,1.7337469008605866,1.7337469008605866,1.733876831854458,0.460025343834198,0.4600379108761294,0.4600379108761294,0.460025343834198,20.04137846101424
400.0,95.261,91.522,5.871,5.943,1.6305791544458972,1.63050234832242,1.63050234832242,1.6305791544458972,2.7518505826620423,2.751512405237127,2.751512405237127,2.7518505826620423,1.7353263102743175,1.7351963144974234,1.7351963144974234,1.7353263102743175,0.4602888758845186,0.4603006789368775,0.4603006789368775,0.4602888758845186,20.048569453540928
400.0,95.33,95.503,5.94,2.944,1.6304825226005502,1.6304059908688342,1.6304059908688342,1.6304825226005502,2.752342226262393,2.752006103689735,2.752006103689735,2.752342226262393,1.7358763705129538,1.7357462215976749,1.7357462215976749,1.7358763705129538,0.4603967555067304,0.4604084299050709,0.4604084299050709,0.4603967555067304,20.051157735443013
400.0,95.403,66.953,5.047,5.676,1.6310359086978736,1.6309597606368442,1.6309597606368442,1.6310359086978736,2.749612985648119,2.7492785453198296,2.7492785453198296,2.749612985648119,1.7323188003473686,1.7321883206317177,1.7321883206317177,1.7323188003473686,0.4598031191361859,0.45981741164932,0.45981741164932,0.4598031191361859,20.032572048615208
400.0,95.515,25.649,2.511,4.045,1.6318416955798467,1.6317657496554374,1.6317657496554374,1.6318416955798467,2.7456958801095155,2.745361668767136,2.745361668767136,2.7456958801095155,1.7271980600022112,1.727058547040358,1.727058547040358,1.7271980600022112,0.4589433977048845,0.4589743649019135,0.4589743649019135,0.4589433977048845,20.005702705101807
400.0,95.52,41.087,4.708,2.912,1.631528218904859,1.6314521499302015,1.6314521499302015,1.631528218904859,2.7472214723407014,2.746886600870829,2.746886600870829,2.7472214723407014,1.7291377053684127,1.7290049619974672,1.7290049619974672,1.7291377053684127,0.4592811577794128,0.4593009695263541,0.4593009695263541,0.4592811577794128,20.015740425247163
400.0,95.541,93.589,2.603,3.294,1.6304682619354478,1.6303916289842375,1.6303916289842375,1.6304682619354478,2.752442806653868,2.7521062709507045,2.7521062709507045,2.752442806653868,1.7357779570224865,1.7356477897295433,1.7356477897295433,1.7357779570224865,0.460421582723733,0.4604333589432894,0.4604333589432894,0.460421582723733,20.049905146947044
400.0,95.56,88.649,3.157,6.371,1.630563305142804,1.6304868188901624,1.6304868188901624,1.630563305142804,2.7519823828230927,2.7516459645328295,2.7516459645328295,2.7519823828230927,1.7351631290521377,1.7350330291269764,1.7350330291269764,1.7351631290521377,0.4603207179630251,0.4603327243044895,0.4603327243044895,0.4603207179630251,20.046687075588498
400.0,95.617,17.002,5.329,6.43,1.6319921768342884,1.6319163965626304,1.6319163965626304,1.6319921768342884,2.744987503711944,2.7446541471660035,2.7446541471660035,2.744987503711944,1.7264973760702815,1.7263441796252406,1.7263441796252406,1.7264973760702815,0.4587798106371912,0.4588318183998185,0.4588318183998185,0.4587798106371912,20.000075630166556
400.0,95.726,20.528,3.952,3.59,1.6318934475189093,1.6318174652233983,1.6318174652233586,1.6318934475189093,2.745484169164592,2.7451497376771608,2.745149737678028,2.745484169164592,1.726840032497615,1.7266935623672053,1.7266935623672053,1.726840032497615,0.4588943555723696,0.4589359068989493,0.4589359068989493,0.4588943555723696,20.002363970255548
400.0,95.915,42.031,5.864,3.696,1.6314112905307276,1.6313351607669393,1.6313351607669393,1.6314112905307276,2.747861451348928,2.7475268242655773,2.7475268242655773,2.747861451348928,1.7295191644825323,1.729385871103822,1.729385871103822,1.7295191644825323,0.4594246757565217,0.4594450338414696,0.4594450338414696,0.4594246757565217,20.016339371225065
400.0,95.996,22.774,3.032,6.398,1.6317809451184024,1.6317052182745782,1.6317052182745782,1.6317809451184024,2.746078220728521,2.7457450866354347,2.7457450866354347,2.746078220728521,1.727192266886586,1.7270490689154503,1.7270490689154503,1.727192266886586,0.4590292597151066,0.4590654624659457,0.4590654624659457,0.4590292597151066,20.00381418741736
400.0,96.031,17.179,5.925,4.522,1.63188560788305,1.6318097868259618,1.6318097868259618,1.63188560788305,2.7455750013409803,2.745241851664937,2.745241851664937,2.7455750013409803,1.7267867689336136,1.7266310793498794,1.7266310793498794,1.7267867689336136,0.4589105941474139,0.4589664004086748,0.4589664004086748,0.4589105941474139,20.00017538557512
400.0,96.039,64.198,3.785,6.272,1.6309347953858389,1.6308583878097864,1.6308583878097864,1.6309347953858389,2.750223975691802,2.749888270739551,2.749888270739551,2.750223975691802,1.7323947440109286,1.7322639996522662,1.7322639996522662,1.7323947440109286,0.4599428661256701,0.4599574811624921,0.4599574811624921,0.4599428661256701,20.030755465335385
400.0,96.321,40.216,2.941,5.354,1.6313479517981075,1.6312719633003263,1.6312719633003263,1.6313479517981075,2.7482459741808274,2.747912361566605,2.747912361566605,2.7482459741808274,1.729560258755355,1.729426568865991,1.729426568865991,1.729560258755355,0.459512308728925,0.4595331464033923,0.4595331464033923,0.459512308728925,20.01514383532858
400.0,96.524,53.279,2.81,5.228,1.6310311542867286,1.6309550475155434,1.6309550475155434,1.6310311542867286,2.749800492873873,2.7494667297873887,2.7494667297873887,2.749800492873873,1.7313439604124023,1.7312122861342745,1.7312122861342745,1.7313439604124023,0.4598585616314132,0.4598749865167861,0.4598749865167861,0.4598585616314132,20.02363335173338
400.0,96.527,78.604,3.183,2.909,1.6305272278562244,1.6304504123005428,1.6304504123005428,1.6305272278564835,2.7523336048633817,2.7519955944761687,2.7519955944761687,2.7523336010694317,1.7345392721790962,1.73440887607095,1.73440887607095,1.7345392721790962,0.460407319991652,0.4604200240172144,0.4604200240172144,0.460407319991652,20.04011102312194
400.0,96.537,89.921,5.024,3.157,1.6302989428611283,1.630222361902674,1.630222361902674,1.6302989428611283,2.753470086195751,2.753134136962684,2.753134136962684,2.753470086195751,1.7359769791473452,1.7358464022470974,1.7358464022470974,1.7359769791473452,0.4606550083966621,0.4606671765743323,0.4606671765743323,0.4606550083966621,20.047477211469907
400.0,96.569,64.787,4.764,4.677,1.6307928457169316,1.6307161607697431,1.6307161607697431,1.6307928457169316,2.751020277270592,2.750683116016469,2.750683116016469,2.751020277270592,1.7328221684579916,1.73269118039743,1.73269118039743,1.7328221684579916,0.4601216843403161,0.4601363595457884,0.4601363595457884,0.4601216843403161,20.031117826745948
400.0,96.585,38.743,6.483,2.923,1.6313122440285197,1.6312361892485792,1.6312361892485792,1.6313122440285197,2.7484634903316607,2.748129840444561,2.748129840444561,2.7484634903316607,1.7295492016498228,1.7294151473460837,1.7294151473460837,1.7295492016498228,0.4595627808025896,0.4595841196381366,0.4595841196381366,0.4595627808025896,20.01417573023792
400.0,96.6,56.578,6.425,6.087,1.6309499030732073,1.6308734369760045,1.6308734369760045,1.6309499030732073,2.7502486079830075,2.7499125599489034,2.7499125599489034,2.7502486079830075,1.7318063734650897,1.7316751374691193,1.7316751374691193,1.7318063734650897,0.4599538805477326,0.4599695146462317,0.4599695146462317,0.4599538805477326,20.025775786941285
400.0,96.707,64.113,4.561,5.05,1.6307726694412192,1.6306960403377382,1.6306960403377382,1.6307726694412192,2.7511442504110466,2.750807474391133,2.750807474391133,2.7511442504110466,1.7328285907111167,1.7326973580484808,1.7326973580484808,1.7328285907111167,0.4601500109852911,0.4601650457176357,0.4601650457176357,0.4601500109852911,20.03067454637448
400.0,96.713,36.101,3.173,3.944,1.631334145796378,1.6312581239085473,1.6312581239085473,1.631334145796378,2.7483813524633294,2.74804749740364,2.74804749740364,2.7483813524633294,1.7293019740999878,1.729166723344702,1.729166723344702,1.7293019740999878,0.4595450927463157,0.459568364441786,0.459568364441786,0.4595450927463157,20.012452606199684
400.0,96.82,95.221,4.993,6.077,1.6301244761793552,1.6300477541095597,1.6300477541095597,1.6301244761793552,2.7543955022316844,2.754058939825067,2.754058939825067,2.7543955022316844,1.736838114269514,1.7367071552361062,1.7367071552361062,1.736838114269514,0.4608589592923213,0.4608712061921525,0.4608712061921525,0.4608589592923213,20.05091645497226
400.0,96.897,25.98,4.978,3.453,1.6314929724312717,1.6314163748979902,1.6314163748979902,1.6314929724312717,2.747638464512211,2.7473010312740604,2.7473010312740604,2.747638464512211,1.7281516230327127,1.7280110017080883,1.7280110017080883,1.7281516230327127,0.4593809434070638,0.4594129876591631,0.4594129876591631,0.4593809434070638,20.00586413900018
400.0,97.138,69.852,4.996,4.025,1.630552185171969,1.6304749600386257,1.6304749600386257,1.630552185171969,2.752316673569388,2.7519762699519945,2.7519762699519945,2.752316673569388,1.733841047717933,1.7337105336248315,1.7337105336248315,1.733841047717933,0.4604101611841233,0.4604234269009502,0.4604234269009502,0.4604101611841233,20.034391821180083
400.0,97.346,37.658,3.908,3.374,1.63114609378608,1.6310698050350825,1.6310698050350825,1.63114609378608,2.749412001848943,2.7490770719595226,2.7490770719595226,2.749412001848943,1.7299178702627198,1.729783487777955,1.729783487777955,1.7299178702627198,0.4597775106303699,0.4597990464861233,0.4597990464861233,0.4597775106303699,20.0134406616019
400.0,97.363,17.764,4.238,4.59,1.6315433601941338,1.63146675402926,1.63146675402926,1.6315433601941338,2.747473900533044,2.7471366486626287,2.7471366486626287,2.747473900533044,1.727714904038623,1.7275618473918195,1.7275618473918195,1.727714904038623,0.4593410916952226,0.4593920393606236,0.4593920393606236,0.4593410916952226,20.00050510309953
400.0,97.382,74.585,2.939,3.558,1.6303980801166726,1.6303213987921097,1.6303213987921097,1.6303980801166726,2.7531271225875478,2.752791114347327,2.752791114347327,2.7531271225875478,1.7346028516312868,1.7344721289120073,1.7344721289120073,1.7346028516312868,0.4605889071139224,0.4606024140404719,0.4606024140404719,0.4605889071139224,20.037462611630016
400.0,97.416,57.667,5.915,4.021,1.630727553606793,1.6306508535344038,1.6306508535344038,1.630727553606793,2.7514914201046965,2.7511542830067257,2.7511542830067257,2.7514914201046965,1.7324871049385548,1.7323553869040451,1.7323553869040451,1.7324871049385548,0.4602329406723315,0.4602488783500963,0.4602488783500963,0.4602329406723315,20.02645295731465
400.0,97.444,66.069,6.364,4.686,1.6305525851011653,1.6304759122563746,1.6304759122563746,1.6305525851011653,2.752365220598634,2.7520285056929805,2.7520285056929805,2.752365220598634,1.7335671629159108,1.7334358947520612,1.7334358947520612,1.7335671629159108,0.4604238490321698,0.4604384283370568,0.4604384283370568,0.4604238490321698,20.0319180871376
400.0,97.474,49.404,3.191,5.377,1.6308789779771116,1.6308027313323052,1.6308027313323052,1.6308789779771116,2.750752616862292,2.7504184509490734,2.7504184509490734,2.750752616862292,1.7314833720649498,1.731350406547496,1.731350406547496,1.7314833720649498,0.4600718006107482,0.4600902268085551,0.4600902268085551,0.4600718006107482,20.021075454172028
400.0,97.546,80.738,3.641,4.318,1.6302352147522874,1.6301585664313851,1.6301585664313851,1.6302352147522874,2.7539661481288777,2.7536296534752207,2.7536296534752207,2.7539661481288777,1.7354901221880663,1.7353590933382064,1.7353590933382064,1.7354901221880663,0.4607735295759525,0.460786565629978,0.460786565629978,0.4607735295759525,20.04146069605156
400.0,97.625,34.832,4.885,3.356,1.6311341096686611,1.6310579136059713,1.6310579136059713,1.6311341096686611,2.7495198325142503,2.749185768007791,2.749185768007791,2.7495198325142503,1.7297476538067431,1.7296117284120125,1.7296117284120125,1.7297476538067431,0.4598029098515112,0.4598268301665522,0.4598268301665522,0.4598029098515112,20.01159234396905
400.0,97.661,98.656,6.191,4.22,1.6298520022799556,1.6297748853470977,1.6297748853470977,1.6298520022799556,2.7559223701301416,2.7555837732142145,2.7555837732142145,2.7559223701301416,1.7378365614630435,1.7377055066736682,1.7377055066736682,1.7378365614630435,0.4611983879648638,0.4612100665486889,0.4612100665486889,0.4611983879648638,20.05312020217188
400.0,97.662,42.707,4.653,3.635,1.6309665845236476,1.6308904053114122,1.6308904053114122,1.6309665845236476,2.7503509296406867,2.75001692725652,2.75001692725652,2.7503509296406867,1.730764384943869,1.7306306505093976,1.7306306505093976,1.730764384943869,0.4599860201030922,0.4600060890971155,0.4600060890971155,0.4599860201030922,20.016712054053443
400.0,97.689,40.241,4.8,2.832,1.6310096652476556,1.6309331915623289,1.6309331915623289,1.6310096652478043,2.7501446818042217,2.749808831699873,2.749808831699873,2.7501446818070607,1.730471112677489,1.730337297560022,1.730337297560022,1.730471112677489,0.4599411464223294,0.4599614881854073,0.4599614881854073,0.4599411464223294,20.015107143363892
400.0,98.0,99.446,6.296,6.18,1.6297539761952349,1.629676608116326,1.629676608116326,1.6297539761952349,2.7564937408689887,2.756153514198367,2.756153514198367,2.7564937408689887,1.7381645565231445,1.7380333814240303,1.7380333814240303,1.7381645565231445,0.4613226516449767,0.4613343035047569,0.4613343035047569,0.4613226516449767,20.05362094070096
400.0,98.162,60.988,4.088,5.024,1.630478086402677,1.6304011970944958,1.6304011970944958,1.630478086402677,2.752862325760861,2.752524193139987,2.752524193139987,2.752862325760861,1.7334041033512382,1.7332727767264358,1.7332727767264358,1.7334041033512382,0.4605396948015884,0.4605544011212761,0.4605544011212761,0.4605396948015884,20.028584353826016
400.0,98.347,42.563,5.644,2.592,1.6308011848063455,1.630724481627819,1.630724481627819,1.6308011848063455,2.751289783635934,2.7509528162925374,2.7509528162925374,2.751289783635934,1.7312014656957533,1.7310674597718836,1.7310674597718836,1.7312014656957533,0.4601974421947189,0.460217567603632,0.460217567603632,0.4601974421947189,20.016592435676674
400.0,98.412,81.84,3.272,2.656,1.630002659299039,1.6299253750606832,1.6299253750606832,1.630002659299039,2.755290700013343,2.754951024130571,2.754951024130571,2.755290700013343,1.7362093131058365,1.7360779767296308,1.7360779767296308,1.7362093131058365,0.4610701716559514,0.4610830917233503,0.4610830917233503,0.4610701716559514,20.04214435351819
400.0,98.423,24.657,5.526,3.741,1.6311419603464756,1.6310659253512343,1.6310659253512343,1.6311419603464756,2.749619541280953,2.749286567918393,2.749286567918393,2.749619541280953,1.7289964678078584,1.7288546055446927,1.7288546055446927,1.7289964678078584,0.459829082135691,0.4598622218110756,0.4598622218110756,0.459829082135691,20.004945639760056
400.0,98.509,89.76,5.66,3.152,1.6298220364919624,1.629744666669762,1.629744666669762,1.6298220364919624,2.7562304658816994,2.7558905060366725,2.7558905060366725,2.7562304658816994,1.737277401097025,1.7371461131596926,1.7371461131596926,1.737277401097025,0.461272611156299,0.4612848717991313,0.4612848717991313,0.461272611156299,20.047295216401363
400.0,98.613,14.539,6.269,2.894,1.6312996150417252,1.6312222396436735,1.6312222396436735,1.6312996150417252,2.748887788620113,2.7485459409155464,2.7485459409155464,2.748887788620113,1.7283005165055405,1.7281344332034572,1.7281344332034572,1.7283005165055405,0.4596525709557893,0.4597229468513131,0.4597229468513131,0.4596525709557893,19.99836081659501
400.0,98.662,37.442,2.502,3.81,1.6308272714359822,1.6307506527640805,1.6307506527640805,1.6308272714359822,2.7512240593646218,2.750887994511007,2.750887994511007,2.7512240593646218,1.7307674816579486,1.7306320949749967,1.7306320949749967,1.7307674816579486,0.4601846744857342,0.4602070540491843,0.4602070540491843,0.4601846744857342,20.01325127283121
400.0,98.795,72.268,5.267,5.253,1.6300989253762683,1.6300219350376668,1.6300219350376668,1.6300989253762683,2.75486983744375,2.754531927842607,2.754531927842607,2.75486983744375,1.735253262813246,1.73512202080764,1.73512202080764,1.735253262813246,0.4609832978630494,0.46099664954149,0.46099664954149,0.4609832978630494,20.03589946236583
400.0,98.844,86.323,6.321,3.169,1.629808504068348,1.6297312622914382,1.6297312622914382,1.629808504068348,2.756360041995578,2.756020441499204,2.756020441499204,2.756360041995578,1.7370663573073666,1.7369350005737678,1.7369350005737678,1.7370663573073666,0.4613036634502779,0.4613161922792857,0.4613161922792857,0.4613036634502779,20.04504467816824
400.0,98.875,66.136,4.903,5.093,1.6302012363662914,1.6301241374958984,1.6301241374958984,1.6302012363662914,2.75437156120764,2.7540328364555138,2.7540328364555138,2.75437156120764,1.73453130521787,1.7343996231780172,1.7343996231780172,1.73453130521787,0.4608753712461709,0.4608898838490481,0.4608898838490481,0.4608753712461709,20.031906360268128
400.0,99.198,43.598,3.67,5.735,1.630571662918366,1.63049446492569,1.63049446492569,1.630571662918366,2.7525788580483534,2.752239021056139,2.752239021056139,2.7525788580483534,1.7318983198072684,1.7317643677625898,1.7317643677625898,1.7318983198072684,0.4604871567199945,0.4605065970905623,0.4605065970905623,0.4604871567199945,20.017232953918803
400.0,99.268,47.673,5.289,5.444,1.630473068842051,1.6303960072728878,1.6303960072728878,1.630473068842051,2.7530812999513095,2.752742578914064,2.752742578914064,2.7530812999513095,1.732459416018859,1.73232603472159,1.73232603472159,1.732459416018859,0.4605976952129451,0.4606160625828965,0.4606160625828965,0.4605976952129451,20.019880538104385
400.0,99.344,18.016,4.216,4.907,1.6310485472347225,1.63097132044717,1.63097132044717,1.6310485472347225,2.750244983598898,2.749904730357139,2.749904730357139,2.750244983598898,1.7290508667542404,1.7288989116122513,1.7288989116122513,1.7290508667542404,0.4599673260512242,0.4600155228643707,0.4600155228643707,0.4599673260512242,20.000593386513415
400.0,99.492,27.925,6.331,3.341,1.6308129213033038,1.6307362838685264,1.6307362838685264,1.6308129213033038,2.75143097226812,2.75109432050606,2.75109432050606,2.75143097226812,1.7301175571529277,1.729978049222639,1.729978049222639,1.7301175571529277,0.4602366147143929,0.4602655035926571,0.4602655035926571,0.4602366147143929,20.007029352198415
400.0,99.576,53.811,5.031,2.535,1.6302753261538077,1.630198199186702,1.630198199186702,1.6302753261538077,2.7541222304656614,2.753783371055964,2.753783371055964,2.7541222304656614,1.7334400779271544,1.7333075938042333,1.7333075938042333,1.7334400779271544,0.4608281656745587,0.4608445022078521,0.4608445022078521,0.4608281656745587,20.023860468195394
400.0,99.719,32.386,6.375,6.195,1.6306676742703816,1.630591093926416,1.630591093926416,1.6306676742703816,2.7521889393015586,2.751852936191983,2.751852936191983,2.7521889393015586,1.7308306362236463,1.7306928306433127,1.7306928306433127,1.7308306362236463,0.4604053904235678,0.460431398527205,0.460431398527205,0.4604053904235678,20.00992092607453
400.0,99.749,19.509,3.972,3.462,1.630918543479421,1.630841814234727,1.630841814234727,1.6309185434792752,2.750953577889188,2.750616364287761,2.750616364287761,2.750953554967245,1.7294348935277153,1.7292862945609886,1.7292862945609886,1.7294348935277153,0.4601288803316442,0.4601716576388,0.4601716576388,0.4601288803316442,20.00154834555889
400.0,99.893,46.778,5.001,5.353,1.6303375251337868,1.6302605749599142,1.6302605749599142,1.6303375251337868,2.753865314299347,2.7535276089109275,2.7535276089109275,2.753865314299347,1.7327632781484228,1.732629943120778,1.732629943120778,1.7327632781484228,0.4607752307610522,0.4607932501265015,0.4607932501265015,0.4607752307610522,20.01927361720673
400.0,99.893,58.096,2.869,3.013,1.6301088389816685,1.6300316438824511,1.6300316438824511,1.6301088389816685,2.754977754137897,2.7546391482928567,2.7546391482928567,2.754977754137897,1.7341983779783463,1.7340658431610143,1.7340658431610143,1.7341983779783463,0.4610208384388232,0.4610368723988463,0.4610368723988463,0.4610208384388232,20.02663665486252
400.0,99.951,73.375,3.637,3.896,1.6297953135572352,1.6297179715724512,1.6297179715724512,1.6297953135572352,2.7566256379278795,2.756285786195419,2.756285786195419,2.7566256379278795,1.7361678292774387,1.7360359118868065,1.7360359118868065,1.7361678292774387,0.4613717404438349,0.4613854499455584,0.4613854499455584,0.4613717404438349,20.036574694014888
400.0,99.958,11.548,3.282,5.122,1.6310274287850823,1.6309501718179995,1.6309501718179995,1.6310274287850823,2.7504587663926645,2.750118767003086,2.750118767003086,2.7504587663926645,1.7289743238114734,1.7287846638190556,1.7287846638190556,1.7289743238114734,0.4599914738429204,0.4600976883130397,0.4600976883130397,0.4599914738429204,19.99636544561165
400.0,99.993,20.48,3.093,2.756,1.6308394605033347,1.6307625381133308,1.6307625381133308,1.6308394605033347,2.7513920478979985,2.7510540706429727,2.7510540706429727,2.7513920478979985,1.7296737799952742,1.7295247440740904,1.7295247440740904,1.7296737799952742,0.4602260787894185,0.4602694779672197,0.4602694779672197,0.4602260787894185,20.002170570937423
