Vout,ronp,rons,vfp,vfs,rm,sw_p1,sw_p2,sw_p3,sw_p4,cond_p1,cond_p2,cond_p3,cond_p4,sw_s1,sw_s2,sw_s3,sw_s4,cond_s1,cond_s2,cond_s3,cond_s4,core_t1
300.0,10.081,25.594,3.258,4.766,2238.374,1.916435301998416,1.9164370897943064,1.9164370897943064,1.916435301998416,1.645348336066212,1.6453571042737216,1.6453571042737216,1.645348336066212,0.2912585177406706,0.2912494803181303,0.2912494803181303,0.2912585177406706,0.224412820701729,0.2244207309129177,0.2244207309129177,0.224412820701729,2.5142792948772295
300.0,10.17,42.833,5.836,5.544,3687.472,1.9148980636977884,1.9149009296579649,1.9149009296579649,1.9148980636977884,1.640946532278902,1.6409536715126958,1.6409536715126958,1.640946532278902,0.2901698730205927,0.2901630582885102,0.2901630582885102,0.2901698730205927,0.2243121101439623,0.2243173641663177,0.2243173641663177,0.2243121101439623,1.5270793433992795
300.0,10.875,42.075,3.504,4.918,4977.419,1.9144007037762416,1.9144047404121916,1.9144047404121916,1.9144007037762416,1.6391484250507466,1.6391626901372778,1.6391626901372778,1.6391484250507466,0.2897340952875722,0.2897296250650925,0.2897296250650925,0.2897340952875722,0.2242689840731261,0.2242729600330306,0.2242729600330306,0.2242689840731261,1.1312933166238757
300.0,11.075,70.214,5.006,4.932,643.846,1.920115797879092,1.9201148062975308,1.9201148062975308,1.920115797879092,1.669511552535088,1.6695077627602803,1.6695077627602803,1.669511552535088,0.30400939778906,0.3040092439407591,0.3040092439407591,0.30400939778906,0.2249238408062007,0.2249243844048675,0.2249243844048675,0.2249238408062007,8.753694282143854
300.0,11.119,21.013,3.647,3.254,2741.502,1.915939425388442,1.9159387602751443,1.9159387602751443,1.915939425388442,1.6432781680991793,1.6432746966955325,1.6432746966955325,1.6432781680991793,0.2907089886507947,0.2907032071646635,0.2907032071646635,0.2907089886507947,0.224363930089708,0.2243690198070768,0.2243690198070768,0.224363930089708,2.0525444174187992
300.0,11.386,57.433,4.582,4.545,1368.055,1.916373409283428,1.916370574384088,1.916370574384088,1.916373409283462,1.6507830075604435,1.6507752422137134,1.6507752422137134,1.6507830014462943,0.2956438064716372,0.2956456707089437,0.2956456707089437,0.2956438064716372,0.22451458121948,0.2245140356762845,0.2245140356762845,0.22451458121948,4.118047831976577
300.0,11.525,88.967,3.589,4.559,2752.349,1.9133359434752113,1.9133329657536828,1.9133329657536828,1.9133359434752113,1.6416612056719515,1.6416491285759842,1.6416491285759842,1.6416612056719515,0.2931908320589653,0.293191123721837,0.293191123721837,0.2931908320589653,0.2243033927422822,0.2243033737373388,0.2243033737373388,0.2243033927422822,2.0489818841273717
300.0,11.565,61.358,6.233,3.782,2786.991,1.914317613556637,1.9143132556482068,1.9143132556482068,1.914317613556637,1.6421421435948031,1.6421281831262189,1.6421281831262189,1.6421421435948031,0.2922108834646072,0.292212608237124,0.292212608237124,0.2922108834646072,0.224323815063737,0.2243232943994417,0.2243232943994417,0.224323815063737,2.0216957882881075
300.0,11.917,95.735,4.498,3.697,3454.598,1.9126184708263831,1.9126177109875788,1.9126177109875788,1.9126184708263831,1.6397109762829265,1.6397081866548624,1.6397081866548624,1.6397109762829265,0.292857742780451,0.292858311573823,0.292858311573823,0.292857742780451,0.2242562143683489,0.2242560950659091,0.2242560950659091,0.2242562143683489,1.6328257042168195
300.0,12.079,45.855,3.788,3.81,3131.279,1.914559308894236,1.9145647276717144,1.9145647276717144,1.914559308894236,1.6414117639441692,1.6414266017004555,1.6414266017004555,1.6414117639441692,0.2914986802689155,0.2914920280294133,0.2914920280294133,0.2914986802689155,0.224307770305497,0.2243126962977619,0.2243126962977619,0.224307770305497,1.7984997357142452
300.0,12.344,43.096,3.072,3.199,670.958,1.9204814833760515,1.92047753869,1.92047753869,1.9204814833760515,1.668260055416759,1.6682463985754417,1.6682463985754417,1.668260055416759,0.3029653746950569,0.3029663382388301,0.3029663382388301,0.3029653746950569,0.2248970074874995,0.2248970790398641,0.2248970790398641,0.2248970074874995,8.392549814704655
300.0,12.578,91.722,4.145,2.519,2031.565,1.9136232088934528,1.9136190995442048,1.9136190995442048,1.9136232088934528,1.6442382445617592,1.6442263524153813,1.6442263524153813,1.6442382445617592,0.2949660609249246,0.2949676239423477,0.2949676239423477,0.2949660609249246,0.2243517883762556,0.2243514471151447,0.2243514471151447,0.2243517883762556,2.776190536779678
300.0,12.921,44.509,3.574,2.985,1151.072,1.917158935468152,1.9171637663787608,1.9171637663787608,1.917158935468152,1.653753232444226,1.6537667492331334,1.6537667492331334,1.653753232444226,0.2971627233645837,0.2971537892045754,0.2971537892045754,0.2971627233645837,0.2245705336753668,0.2245774598035753,0.2245774598035753,0.2245705336753668,4.892248974110707
300.0,13.758,90.07,3.348,2.619,2692.91,1.912782440604029,1.912783703716392,1.912783703716392,1.912782440604029,1.6411581609304693,1.6411632307773134,1.6411632307773134,1.6411581609304693,0.2941979720221299,0.2941944850987981,0.2941944850987981,0.2941979720221299,0.2242760975025984,0.2242791284983246,0.2242791284983246,0.2242760975025984,2.094278276413143
300.0,14.054,59.3,6.207,3.468,2068.556,1.9144049246666257,1.9144015556127876,1.9144015556127876,1.9144049246666257,1.6442958917540955,1.6442872719136925,1.6442872719136925,1.6442958917540955,0.2943465955444141,0.2943502434388352,0.2943502434388352,0.2943465955444141,0.2243554607287847,0.2243535673868071,0.2243535673868071,0.2243554607287847,2.723663857397899
300.0,14.356,73.759,6.028,5.17,3910.565,1.91265555946976,1.9126525860225825,1.9126525860225825,1.91265555946976,1.6386990471225231,1.6386924197967292,1.6386924197967292,1.6386990471225231,0.2927383542507317,0.2927383194624533,0.2927383194624533,0.2927383542507317,0.2242251177330063,0.224226071093618,0.224226071093618,0.2242251177330063,1.4414061093372978
300.0,14.41,32.436,4.693,5.886,2779.616,1.9146814100999008,1.9146853878273604,1.9146853878273604,1.9146814100999008,1.641934618673314,1.6419486606357725,1.6419486606357725,1.641934618673314,0.292359143570865,0.2923459301296559,0.2923459301296559,0.292359143570865,0.2243052748966606,0.2243157698966664,0.2243157698966664,0.2243052748966606,2.025146693432756
300.0,14.801,26.438,5.365,5.242,1792.575,1.9157994159507437,1.9157999616227528,1.9157999616227528,1.9157994159506189,1.64647400675441,1.6464795621009836,1.6464795621009836,1.646474006753998,0.2942484326397197,0.2942339078022528,0.2942339078022528,0.2942484326397197,0.2244028427520488,0.2244149094552556,0.2244149094552556,0.2244028427520488,3.1396291860137677
300.0,15.18,11.363,3.859,3.073,1171.287,1.917744866634943,1.917745621153972,1.917745621153972,1.917744866634943,1.653453224864928,1.6534545567327648,1.6534545567327648,1.653453224864928,0.2967849800064845,0.2967530956780937,0.2967530956780937,0.2967849800064845,0.2245516227432766,0.2245762728441909,0.2245762728441909,0.2245516227432766,4.802618724779869
300.0,15.55,78.446,4.925,6.113,2889.134,1.9126366202232008,1.9126405192524012,1.9126405192524012,1.9126366202232008,1.640297036244187,1.640309733999199,1.640309733999199,1.640297036244187,0.2942633666861163,0.2942588711954025,0.2942588711954025,0.2942633666861163,0.2242497012465279,0.2242532695592281,0.2242532695592281,0.2242497012465279,1.951298062787262
300.0,15.674,52.803,6.326,4.631,3703.116,1.913173628249187,1.9131683435032183,1.9131683435032183,1.913173628249187,1.6390941682162057,1.6390791455486242,1.6390791455486242,1.6390941682162057,0.2926772595263811,0.2926795505407373,0.2926795505407373,0.2926772595263811,0.2242331232299778,0.2242323767211779,0.2242323767211779,0.2242331232299778,1.5211142598584868
300.0,16.027,85.143,5.158,5.242,787.181,1.916918756008038,1.9169205145917376,1.9169205145917376,1.916918756008038,1.6612154840289424,1.6612208148332634,1.6612208148332634,1.6612154840289424,0.3037537355505888,0.3037504224807076,0.3037504224807076,0.3037537355505888,0.2247051436629719,0.2247078756627611,0.2247078756627611,0.2247051436629719,7.163217862008805
300.0,16.251,67.442,2.864,5.577,3173.166,1.912714585019864,1.9127129483830887,1.9127129483830887,1.912714585019864,1.6396309304482428,1.6396239472776295,1.6396239472776295,1.6396309304482428,0.2938556365182142,0.2938566450938083,0.2938566450938083,0.2938556365182142,0.2242362278383804,0.2242358763614164,0.2242358763614164,0.2242362278383804,1.7759993497209263
300.0,16.815,44.128,2.892,3.689,1234.829,1.9159150509171412,1.9159139908281253,1.9159139908281253,1.9159150509171412,1.65127297641755,1.6512733297690838,1.6512733297690838,1.65127297641755,0.2981263509865486,0.2981249582090874,0.2981249582090874,0.2981263509865486,0.2244935506760942,0.2244957848155161,0.2244957848155161,0.2244935506760942,4.560340993658538
300.0,16.887,19.751,3.731,5.391,1332.667,1.9164918207296753,1.9164980509321856,1.9164980509321856,1.9164918207296753,1.650399604161091,1.6504186197601989,1.6504186197601989,1.650399604161091,0.296734395789059,0.2967205200025435,0.2967205200025435,0.296734395789059,0.2244781465594826,0.2244892356744431,0.2244892356744431,0.2244781465594826,4.222190516644873
300.0,17.297,85.588,2.587,4.6,1642.173,1.913260256334116,1.91326281217644,1.91326281217644,1.913260256334116,1.6456453644989264,1.6456533377755242,1.6456533377755242,1.6456453644989264,0.2977872329364122,0.2977832403755399,0.2977832403755399,0.2977872329364122,0.2243537344813862,0.2243567681230752,0.2243567681230752,0.2243537344813862,3.433773241652152
300.0,17.511,36.477,4.171,2.604,4078.09,1.913188760242664,1.9131933711676967,1.9131933711676967,1.913188760242664,1.6383268834293536,1.6383429110036296,1.6383429110036296,1.6383268834293536,0.2926052336430373,0.2925989652023567,0.2925989652023567,0.2926052336430373,0.2242076852477446,0.2242128261912831,0.2242128261912831,0.2242076852477446,1.3805136166505327
300.0,17.753,23.229,3.84,4.477,3890.582,1.9136688474280263,1.9136885929077887,1.9136885929077887,1.9136688474280263,1.6387863906861009,1.6388511755201502,1.6388511755201502,1.6387863906861009,0.2923683910222241,0.2923441254163136,0.2923441254163136,0.2923683910222241,0.2242148120820597,0.2242329079895108,0.2242329079895108,0.2242148120820597,1.4464236404424409
300.0,18.413,48.61,4.474,5.368,3464.768,1.9127404703927944,1.9127346320610608,1.9127346320610608,1.9127404703927944,1.6388096387744353,1.638788976893414,1.638788976893414,1.6388096387744353,0.2938051074489117,0.2938069567432156,0.2938069567432156,0.2938051074489117,0.2242106099707947,0.2242098143921131,0.2242098143921131,0.2242106099707947,1.625527983725014
300.0,18.511,11.722,3.035,5.526,2885.325,1.9143597353531103,1.914364426044292,1.914364426044292,1.9143597353531103,1.6408754110070205,1.6408899328160085,1.6408899328160085,1.6408754110070205,0.293157256243127,0.2931204203878328,0.2931204203878328,0.293157256243127,0.2242534695827478,0.2242820386277463,0.2242820386277463,0.2242534695827478,1.949628091450213
300.0,18.624,39.851,2.986,5.946,3106.8,1.9131731915926533,1.9131729198887393,1.9131729198887393,1.9131731915926533,1.6396792981065118,1.6396758622347594,1.6396758622347594,1.6396792981065118,0.2939133725005395,0.2939128185103179,0.2939128185103179,0.2939133725005395,0.224230752161169,0.2242315803492837,0.2242315803492837,0.224230752161169,1.812304522802981
300.0,18.849,90.633,2.533,3.063,2901.586,1.9113633351895527,1.9113603431474968,1.9113603431474968,1.9113633351895527,1.639054131898567,1.6390413261289023,1.6390413261289023,1.639054131898567,0.2959864581907619,0.2959876980235045,0.2959876980235045,0.2959864581907619,0.2241996664683975,0.224199043188818,0.224199043188818,0.2241996664683975,1.9436890125174
300.0,20.032,88.513,4.753,5.876,2455.088,1.9114585405230615,1.9114583064589847,1.9114583064589847,1.9114585405230615,1.6401802851232865,1.6401787866642,1.6401787866642,1.6401802851232865,0.2970043681626121,0.2970024963325661,0.2970024963325661,0.2970043681626121,0.2242166973950205,0.2242184314442304,0.2242184314442304,0.2242166973950205,2.2970175175624843
300.0,20.17,19.341,3.261,5.334,2625.645,1.9138240511847584,1.9138523045053024,1.9138523045053024,1.9138240511847584,1.640965819809319,1.6410569418793466,1.6410569418793466,1.640965819809319,0.2944206404137333,0.29437724574324,0.29437724574324,0.2944206404137333,0.2242418620909582,0.2242734533427896,0.2242734533427896,0.2242418620909582,2.142978400032857
300.0,20.19,90.747,3.216,2.928,1687.862,1.9122665267947323,1.9122669490837707,1.9122669490837707,1.9122665267947323,1.644321501529153,1.6443207946428928,1.6443207946428928,1.644321501529153,0.2989647056711202,0.2989640428435891,0.2989640428435891,0.2989647056711202,0.2243068095427766,0.2243073559181461,0.2243073559181461,0.2243068095427766,3.341376729391576
300.0,20.211,69.67,6.158,3.497,896.582,1.9156636482996896,1.9156631799554285,1.9156631799554285,1.9156636482996896,1.6567555552785969,1.6567514125946892,1.6567514125946892,1.6567555552785969,0.3033814240543586,0.3033796677984665,0.3033796677984665,0.3033814240543586,0.2245870932778727,0.2245885926450192,0.2245885926450192,0.2245870932778727,6.2859746045607325
300.0,20.341,36.311,5.657,4.36,4127.494,1.9124778517780512,1.9124758600338252,1.9124758600338252,1.9124778517780512,1.6374479431454447,1.6374398850433007,1.6374398850433007,1.6374479431454447,0.2936959395339067,0.2936923319746974,0.2936923319746974,0.2936959395339067,0.224170911696173,0.2241742548549519,0.2241742548549519,0.224170911696173,1.3639793150985766
300.0,20.39,31.567,4.992,3.7,1444.814,1.9148938041756112,1.914892950544686,1.914892950544686,1.9148938041756112,1.6477945164681818,1.6477906404671474,1.6477906404671474,1.6477945164681818,0.2979706774729512,0.2979636465827478,0.2979636465827478,0.2979706774729512,0.2243972832901485,0.2244033909275246,0.2244033909275246,0.2243972832901485,3.895951352178693
300.0,20.475,64.971,2.694,6.099,1197.598,1.914363009906144,1.9143616508259615,1.9143616508259615,1.914363009906144,1.6503441334249154,1.6503400954918237,1.6503400954918237,1.6503441334249154,0.3005668914046403,0.3005657659066666,0.3005657659066666,0.3005668914046403,0.2244448053786017,0.2244462165213478,0.2244462165213478,0.2244448053786017,4.705286330906123
300.0,21.008,61.54,3.024,5.336,392.494,1.922981794916936,1.922975871940206,1.922975871940206,1.922981794916936,1.6898808309934146,1.689859366097442,1.689859366097442,1.6898808309934146,0.317525635683262,0.3175287310354205,0.3175287310354205,0.317525635683262,0.225329878902829,0.2253280694042087,0.2253280694042087,0.225329878902829,14.355237109893778
300.0,21.389,97.221,5.824,5.325,1539.034,1.9120184522290544,1.91201480896762,1.91201480896762,1.9120184522290544,1.6451601732184484,1.645148370457198,1.645148370457198,1.6451601732184484,0.3002368238791221,0.3002374435010302,0.3002374435010302,0.3002368238791221,0.224316415769771,0.2243163792235632,0.2243163792235632,0.224316415769771,3.6652603119509353
300.0,21.803,20.499,3.819,3.0,4182.112,1.9126830755955264,1.9126730750142016,1.9126730750142016,1.9126830755955264,1.637297835016302,1.637265086864636,1.637265086864636,1.637297835016302,0.2936998877937896,0.2936970095139184,0.2936970095139184,0.2936998877937896,0.2241631596581768,0.224166606685371,0.224166606685371,0.2241631596581768,1.3454703269474162
300.0,21.889,19.045,4.654,6.443,3316.835,1.913023020735368,1.9130222381191544,1.9130222381191544,1.913023020735368,1.6387125938181313,1.6387066676080009,1.6387066676080009,1.6387125938181313,0.2942957038831057,0.2942945933772216,0.2942945933772216,0.2942957038831057,0.2241950610437207,0.2241969024914292,0.2241969024914292,0.2241950610437207,1.696387398974042
300.0,22.502,72.566,3.497,3.486,3560.829,1.910789916303036,1.910791674726028,1.910791674726028,1.910789916303036,1.6369114143405226,1.6369156628623869,1.6369156628623869,1.6369114143405226,0.2961975854609366,0.2961939071943758,0.2961939071943758,0.2961975854609366,0.2241345516667173,0.2241374101263375,0.2241374101263375,0.2241345516667173,1.5829033849671783
300.0,22.81,53.04,3.748,5.812,716.185,1.917033601293856,1.917034262100241,1.917034262100241,1.917033601293856,1.6628092708322455,1.6628108378572797,1.6628108378572797,1.6628092708322455,0.3066200063363085,0.3066170694943264,0.3066170694943264,0.3066200063363085,0.2247112488302759,0.2247139103364691,0.2247139103364691,0.2247112488302759,7.865030490174004
300.0,23.532,58.995,5.871,3.469,4185.23,1.910821881334168,1.9108239771691455,1.9108239771691455,1.910821881334168,1.6359421672635506,1.6359514740213783,1.6359514740213783,1.6359421672635506,0.2957273705598494,0.295722669303515,0.295722669303515,0.2957273705598494,0.2241106886982633,0.2241149523260243,0.2241149523260243,0.2241106886982633,1.3461522276632631
300.0,24.123,62.989,3.389,6.472,555.611,1.918369840556133,1.9183676300971773,1.9183676300971773,1.918369840556133,1.6715544749485085,1.6715437447622865,1.6715437447622865,1.6715544749485085,0.3114823593423278,0.3114795442386408,0.3114795442386408,0.3114823593423278,0.2248980432831927,0.2249003079368698,0.2249003079368698,0.2248980432831927,10.141293966542747
300.0,24.481,26.804,3.125,4.624,3841.53,1.9118788256043613,1.9118766896088504,1.9118766896088504,1.9118788256043613,1.63685372550616,1.6368459464962033,1.6368459464962033,1.63685372550616,0.2951959407514364,0.2951964647999936,0.2951964647999936,0.2951959407514364,0.2241364347811149,0.2241369624634459,0.2241369624634459,0.2241364347811149,1.465053293942845
300.0,25.309,91.093,5.166,4.796,1186.046,1.9122241803219815,1.9122219650759176,1.9122219650759176,1.9122241803219815,1.6485790794592847,1.648572846208345,1.648572846208345,1.6485790794592847,0.3035138966753466,0.3035146332470821,0.3035146332470821,0.3035138966753466,0.2243723545010219,0.2243723246168297,0.2243723246168297,0.2243723545010219,4.75513407737683
300.0,25.439,99.804,4.757,6.376,4217.06,1.9088469543774649,1.908849783515168,1.908849783515168,1.9088469543774649,1.6344924677160633,1.634501103265117,1.634501103265117,1.6344924677160633,0.2978976468539743,0.2978959218041113,0.2978959218041113,0.2978976468539743,0.2240572754377409,0.224058672297528,0.224058672297528,0.2240572754377409,1.3377638800056264
300.0,25.747,43.687,6.407,4.09,4659.223,1.9107118367020848,1.910714449225957,1.910714449225957,1.9107118367020848,1.6350734273117398,1.6350803583484987,1.6350803583484987,1.6350734273117398,0.2958429380243473,0.2958395072941684,0.2958395072941684,0.2958429380243473,0.2240837379217036,0.2240866846769872,0.2240866846769872,0.2240837379217036,1.2085998955568833
300.0,25.967,92.749,3.279,3.511,1708.222,1.910712318804715,1.9107064911699776,1.9107064911699776,1.910712318804715,1.6424526487318278,1.642434253297265,1.642434253297265,1.6424526487318278,0.3012956105572317,0.3012991235447706,0.3012991235447706,0.3012956105572317,0.2242332824238435,0.2242313438114473,0.2242313438114473,0.2242332824238435,3.3017483936512564
300.0,25.98,25.53,5.853,3.95,4356.167,1.9113907320561936,1.9113986508622407,1.9113986508622407,1.9113907320561936,1.6357207868985673,1.6357483114068865,1.6357483114068865,1.6357207868985673,0.2954583891993055,0.295442001733307,0.295442001733307,0.2954583891993055,0.2240974352567636,0.2241101795251096,0.2241101795251096,0.2240974352567636,1.2919171673591123
300.0,26.021,57.247,6.468,5.775,3820.522,1.9103842701008684,1.910380702532058,1.910380702532058,1.9103842701008684,1.6357907819322226,1.6357767335093,1.6357767335093,1.6357907819322226,0.2968870561681835,0.296888508846566,0.296888508846566,0.2968870561681835,0.2240954632254851,0.2240948533618484,0.2240948533618484,0.2240954632254851,1.474567785694228
300.0,26.638,30.591,5.102,5.636,4127.794,1.9111072332741408,1.911109903829654,1.911109903829654,1.9111072332741408,1.635722464504063,1.6357298585309632,1.6357298585309632,1.635722464504063,0.296020705967864,0.2960097319083543,0.2960097319083543,0.296020705967864,0.2240938588866058,0.2241025137492111,0.2241025137492111,0.2240938588866058,1.3636162061757058
300.0,26.927,36.025,4.136,5.16,1539.535,1.912868917527917,1.9128670756388373,1.9128670756388373,1.912868917527917,1.6448277580905608,1.6448192462324644,1.6448192462324644,1.6448277580905608,0.3003347591069275,0.3003337561384485,0.3003337561384485,0.3003347591069275,0.2242945698889203,0.224295754879541,0.224295754879541,0.2242945698889203,3.6567560868711104
300.0,27.206,69.261,6.257,3.179,1706.4,1.911263186830345,1.9112658698288436,1.9112658698288436,1.911263186830345,1.642596197963294,1.6426022028727902,1.6426022028727902,1.642596197963294,0.300982971158489,0.300980743133474,0.300980743133474,0.300982971158489,0.2242342069163038,0.2242358724457138,0.2242358724457138,0.2242342069163038,3.3027440395838368
300.0,28.643,19.042,5.792,5.194,2518.893,1.9118004333611007,1.9118023525923629,1.9118023525923629,1.9118004333611007,1.6389084043972757,1.6389167424986342,1.6389167424986342,1.6389084043972757,0.2979498169567494,0.2979372926646319,0.2979372926646319,0.2979498169567494,0.2241543544230896,0.22416502459445,0.22416502459445,0.2241543544230896,2.233757460686705
300.0,28.796,13.502,3.615,4.148,2719.801,1.911820481729264,1.91181874054412,1.91181874054412,1.911820481729264,1.6383235517323176,1.638315904161513,1.638315904161513,1.6383235517323176,0.2975294849584045,0.2975173949187201,0.2975173949187201,0.2975294849584045,0.224142608821607,0.224153013528789,0.224153013528789,0.224142608821607,2.0683794042407846
300.0,29.568,23.876,3.765,3.224,1813.941,1.9121611947252664,1.912159817246988,1.912159817246988,1.9121611947252664,1.6420635197807123,1.642062542540924,1.642062542540924,1.6420635197807123,0.3000129488166038,0.3000012164373476,0.3000012164373476,0.3000129488166038,0.2242170673812575,0.2242274498297211,0.2242274498297211,0.2242170673812575,3.1023431958008327
300.0,29.913,19.134,4.806,3.78,4567.143,1.9105947784701889,1.9105935192345516,1.9105935192345516,1.9105947784701889,1.6344904607881747,1.6344860214417534,1.6344860214417534,1.6344904607881747,0.2967095617195291,0.296695420829858,0.296695420829858,0.2967095617195291,0.2240495280041836,0.2240610591123519,0.2240610591123519,0.2240495280041836,1.2319762391893208
300.0,30.015,53.788,4.704,4.892,935.674,1.9135328091864627,1.913530992739784,1.913530992739784,1.9135328091864627,1.653171865071584,1.6531669665477984,1.6531669665477984,1.653171865071584,0.3063476544380908,0.3063471815577537,0.3063471815577537,0.3063476544380908,0.2244587057929931,0.2244599140607695,0.2244599140607695,0.2244587057929931,6.020179437022558
300.0,30.258,34.744,4.305,5.8,931.907,1.9141971740372992,1.9141894283059473,1.9141894283059473,1.9141971740372992,1.6536056372471075,1.653577824211358,1.653577824211358,1.6536056372471075,0.3058200624810227,0.3058195271174339,0.3058195271174339,0.3058200624810227,0.2244712921285453,0.2244727197349203,0.2244727197349203,0.2244712921285453,6.040765803528701
300.0,30.707,12.825,2.992,4.017,1094.607,1.9140887467014835,1.914084069665959,1.914084069665959,1.9140887467014835,1.6502656500172472,1.6502528710354043,1.6502528710354043,1.6502656500172472,0.3036688488002619,0.3036484689733505,0.3036484689733505,0.3036688488002619,0.2243923582346458,0.2244091665332827,0.2244091665332827,0.2243923582346458,5.139219044295751
300.0,31.0,77.443,3.346,5.07,4234.698,1.908266068418487,1.9082667893047187,1.9082667893047187,1.908266068418487,1.6333247957975456,1.63332819974786,1.63332819974786,1.6333247957975456,0.2993522951764021,0.299349434380916,0.299349434380916,0.2993522951764021,0.2240061424017568,0.2240089763017238,0.2240089763017238,0.2240061424017568,1.3312150692968756
300.0,31.075,55.685,3.262,6.32,1488.925,1.9112171224474697,1.911214262002056,1.911214262002056,1.9112171224474697,1.643723002582117,1.6437081390063175,1.6437081390063175,1.643723002582117,0.3029214369354755,0.3029192011874454,0.3029192011874454,0.3029214369354755,0.2242420103836146,0.2242438543326153,0.2242438543326153,0.2242420103836146,3.7834587110189206
300.0,31.398,68.729,3.264,3.195,646.994,1.9150263097790303,1.915023437402309,1.915023437402309,1.9150263097790303,1.66345677957051,1.6634432774303165,1.6634432774303165,1.66345677957051,0.3121581612018121,0.3121580659206296,0.3121580659206296,0.3121581612018121,0.2246804793313992,0.2246807745093261,0.2246807745093261,0.2246804793313992,8.710494023730083
300.0,31.413,74.912,3.41,4.008,1141.542,1.9114461276737964,1.9114421268590345,1.9114421268590345,1.9114461276737964,1.6479047300528264,1.647891624692132,1.647891624692132,1.6479047300528264,0.3057567053080182,0.3057551702617583,0.3057551702617583,0.3057567053080182,0.2243289727206226,0.2243307670005658,0.2243307670005658,0.2243289727206226,4.937882461718238
300.0,31.508,98.592,4.209,4.963,3649.887,1.9075532228563488,1.9075514981511117,1.9075514981511117,1.9075532228563488,1.6336077722679188,1.6336018812744542,1.6336018812744542,1.6336077722679188,0.3006749624454784,0.3006731940068157,0.3006731940068157,0.3006749624454784,0.2240050749655896,0.224006753903912,0.224006753903912,0.2240050749655896,1.5455737857251444
300.0,31.755,53.165,3.202,4.773,916.247,1.9132308558547384,1.913228932169144,1.913228932169144,1.9132308558547384,1.6532076995422649,1.6532021315385883,1.6532021315385883,1.6532076995422649,0.3072620196310775,0.3072594269225458,0.3072594269225458,0.3072620196310775,0.224450262955779,0.2244529464392813,0.2244529464392813,0.224450262955779,6.147689082657484
300.0,32.18,91.954,4.184,4.127,4049.474,1.9074888719179952,1.907492121402492,1.907492121402492,1.9074888719179952,1.6329239698938458,1.63293397316193,1.63293397316193,1.6329239698938458,0.3004478865742711,0.3004434813075398,0.3004434813075398,0.3004478865742711,0.2239874145323319,0.223990910924648,0.223990910924648,0.2239874145323319,1.3927609593215744
300.0,32.55,35.152,5.295,5.245,643.369,1.9160067026290784,1.9160119224153225,1.9160119224153225,1.9160067026290784,1.663996550568535,1.6640161085765426,1.6640161085765426,1.663996550568535,0.3115356254596797,0.3115295620078295,0.3115295620078295,0.3115356254596797,0.2246915325258847,0.2246969903614835,0.2246969903614835,0.2246915325258847,8.750001540887249
300.0,33.155,20.228,5.475,2.718,4666.039,1.9097214154086528,1.9097114802282027,1.9097114802282027,1.9097214154086528,1.6334399920601663,1.633405184156942,1.633405184156942,1.6334399920601663,0.2980022365990949,0.2980002324636194,0.2980002324636194,0.2980022365990949,0.2240116666903787,0.2240143230654781,0.2240143230654781,0.2240116666903787,1.2059033178664955
300.0,33.531,71.555,4.347,4.286,2423.463,1.9087230100916468,1.9087233854147685,1.9087233854147685,1.9087230100916468,1.6367531242502515,1.6367579496099145,1.6367579496099145,1.6367531242502515,0.3019174504927342,0.3019155727712717,0.3019155727712717,0.3019174504927342,0.2240704691077968,0.2240729107697346,0.2240729107697346,0.2240704691077968,2.3256781532848803
300.0,34.376,81.776,2.594,5.994,4663.206,1.9071442733777,1.9071527699912396,1.9071527699912396,1.9071442733777,1.631766697813789,1.6317955808121392,1.6317955808121392,1.631766697813789,0.300662101296917,0.3006534598889876,0.3006534598889876,0.300662101296917,0.2239513458734863,0.2239580422487212,0.2239580422487212,0.2239513458734863,1.2090546167897152
300.0,34.995,25.351,2.597,3.052,625.722,1.915958357313204,1.9159573250285051,1.9159573250285051,1.915958357313204,1.6645026248157853,1.6644977525036015,1.6644977525036015,1.6645026248157853,0.3126302922422966,0.3126246406988573,0.3126246406988573,0.3126302922422966,0.2246939360109826,0.2246991159301997,0.2246991159301997,0.2246939360109826,8.993868423538272
300.0,35.124,85.961,5.821,3.244,4028.835,1.906972613015712,1.9069738847781943,1.9069738847781943,1.906972613015712,1.6322441443728588,1.6322472593739237,1.6322472593739237,1.6322441443728588,0.3014437651255497,0.3014426425500889,0.3014426425500889,0.3014437651255497,0.2239597161469026,0.2239606014469913,0.2239606014469913,0.2239597161469026,1.3996191846848547
300.0,35.133,73.131,3.898,3.152,1861.066,1.9088788798317713,1.9088823462032207,1.9088823462032207,1.9088788798317713,1.6391061457542055,1.639118568662732,1.639118568662732,1.6391061457542055,0.3038613131503206,0.303856438479943,0.303856438479943,0.3038613131503206,0.2241137677545504,0.2241178122254019,0.2241178122254019,0.2241137677545504,3.0286227157531758
300.0,35.228,82.493,4.712,3.099,3161.318,1.9074140945511495,1.9074106257670795,1.9074106257670795,1.9074140945511495,1.6338484279329573,1.6338376148632268,1.6338376148632268,1.6338484279329573,0.3020384370142438,0.3020392131127351,0.3020392131127351,0.3020384370142438,0.2239960391209302,0.2239960081008287,0.2239960081008287,0.2239960391209302,1.7834946502790074
300.0,35.565,13.476,4.621,3.064,470.154,1.9189080332395907,1.918909290326378,1.918909290326378,1.9189080332395907,1.6768190091348572,1.6768215667982842,1.6768215667982842,1.6768190091348572,0.3177023885727203,0.3176711152183321,0.3176711152183321,0.3177023885727203,0.2249632951195851,0.2249879524294234,0.2249879524294234,0.2249632951195851,11.965138852182324
300.0,35.726,63.97,4.202,2.61,4102.215,1.907606519926996,1.9076024355612229,1.9076024355612229,1.907606519926996,1.632436418927129,1.6324231578818196,1.6324231578818196,1.632436418927129,0.3008692327950346,0.300870338919538,0.300870338919538,0.3008692327950346,0.2239664836418114,0.2239661086423073,0.2239661086423073,0.2239664836418114,1.3735984955974163
300.0,36.091,93.724,3.985,4.174,2588.465,1.9071315784455245,1.907133508825092,1.907133508825092,1.9071315784455245,1.6349693179151186,1.6349770514198694,1.6349770514198694,1.6349693179151186,0.3034826694973785,0.3034787344651925,0.3034787344651925,0.3034826694973785,0.224012656982917,0.2240159932287384,0.2240159932287384,0.224012656982917,2.1789931053821525
300.0,36.967,21.736,5.807,4.578,958.114,1.9128219520967835,1.912820361641139,1.912820361641139,1.9128219520967835,1.6512513637538302,1.6512505890262317,1.6512505890262317,1.6512513637538302,0.3078168919775163,0.3078126958150757,0.3078126958150757,0.3078168919775163,0.2243869137604282,0.2243919538857738,0.2243919538857738,0.2243869137604282,5.8730117135071
300.0,38.022,48.067,4.543,2.516,1071.974,1.9110360587936437,1.9110362133261607,1.9110362133261607,1.9110360587936437,1.6478642748912746,1.6478661420536,1.6478661420536,1.6478642748912746,0.308077740552996,0.3080770656530907,0.3080770656530907,0.308077740552996,0.2243022111502736,0.2243035978203594,0.2243035978203594,0.2243022111502736,5.253704758303779
300.0,38.824,84.759,3.013,6.238,3219.271,1.9063872308480916,1.906387482771584,1.906387482771584,1.9063872308480916,1.6326496321749293,1.632650053071518,1.632650053071518,1.6326496321749293,0.3035305467840867,0.3035283468555279,0.3035283468555279,0.3035305467840867,0.2239504537863421,0.2239523588537858,0.2239523588537858,0.2239504537863421,1.751511623983127
300.0,40.559,16.762,6.014,4.214,4379.397,1.9080310901511215,1.9080315261749103,1.9080315261749103,1.9080310901511215,1.6316803193417468,1.6316858510153611,1.6316858510153611,1.6316803193417468,0.3010241723389153,0.301015206166577,0.301015206166577,0.3010241723389153,0.2239318043380341,0.2239403675517589,0.2239403675517589,0.2239318043380341,1.2846775335279037
300.0,40.842,51.75,4.566,2.975,3833.41,1.9068370308877216,1.9068343437130904,1.9068343437130904,1.9068370308877216,1.6316304500876635,1.631618088891807,1.631618088891807,1.6316304500876635,0.3026920669865585,0.3026927725569932,0.3026927725569932,0.3026920669865585,0.2239257980991928,0.2239255742624869,0.2239255742624869,0.2239257980991928,1.4693252763314637
300.0,41.045,15.805,3.381,2.585,1854.589,1.9094924207469115,1.9094825293296736,1.9094825293296736,1.9094924207469115,1.638671456260347,1.638637139569889,1.638637139569889,1.638671456260347,0.3042767390596513,0.3042609510012322,0.3042609510012322,0.3042767390596513,0.2240829666242062,0.2240958890514313,0.2240958890514313,0.2240829666242062,3.033513645159125
300.0,41.326,72.881,2.74,5.429,4275.251,1.9058002915505,1.9057987272258583,1.9057987272258583,1.9058002915505,1.6304329230807808,1.6304286593500503,1.6304286593500503,1.6304329230807808,0.3033708062877658,0.3033711146953497,0.3033711146953497,0.3033708062877658,0.22389242550001,0.2238927665152833,0.2238927665152833,0.22389242550001,1.3183789093461005
300.0,41.603,94.105,3.957,3.229,1942.094,1.906345435518749,1.9063508936763096,1.9063508936763096,1.906345435518749,1.636324879603691,1.6363405843473535,1.6363405843473535,1.636324879603691,0.3070342199564173,0.3070274459389111,0.3070274459389111,0.3070342199564173,0.2240171791038761,0.2240221947117015,0.2240221947117015,0.2240171791038761,2.904224515506141
300.0,42.034,83.509,5.244,5.819,556.077,1.9130304567684155,1.9130343734773647,1.9130343734773647,1.9130304567684155,1.66597127462467,1.6659870341060103,1.6659870341060103,1.66597127462467,0.319609793914123,0.3196062509507569,0.3196062509507569,0.319609793914123,0.2246907784191326,0.224694103801286,0.224694103801286,0.2246907784191326,10.139372761393773
300.0,42.106,55.944,3.87,3.622,4049.581,1.9062848327002608,1.9062879878015693,1.9062879878015693,1.9062848327002608,1.6308500017914465,1.6308626855013566,1.6308626855013566,1.6308500017914465,0.303221892557545,0.303217876937834,0.303217876937834,0.303221892557545,0.2238999202355068,0.223903781853908,0.223903781853908,0.2238999202355068,1.3910790808078486
300.0,42.193,60.668,3.009,5.981,3978.753,1.9061118915830069,1.906113111206124,1.906113111206124,1.9061118915829247,1.6308346742971025,1.6308362899519957,1.6308362899519957,1.6308346742967463,0.3034674033520191,0.3034648493026213,0.3034648493026213,0.3034674033520191,0.2238991812603296,0.2239011818383657,0.2239011818383657,0.2238991812603296,1.4160600805508852
300.0,42.242,59.277,6.364,5.944,2391.213,1.9069828517190548,1.9069802224716537,1.9069802224716537,1.9069828517190548,1.6346621771151966,1.6346520536199318,1.6346520536199318,1.6346621771151966,0.3050959598478592,0.3050942629794903,0.3050942629794903,0.3050959598478592,0.2239846066434532,0.2239863592006364,0.2239863592006364,0.2239846066434532,2.356080419381616
300.0,43.111,58.512,5.165,3.024,3884.505,1.905987557892588,1.9059836541218007,1.9059836541218007,1.905987557892588,1.6307611429927218,1.630748581578775,1.630748581578775,1.6307611429927218,0.3038258460554519,0.3038266077538625,0.3038266077538625,0.3038258460554519,0.2238942661571515,0.223894325793469,0.223894325793469,0.2238942661571515,1.4503142344928237
300.0,43.131,35.387,5.35,5.518,4221.485,1.9067253806084623,1.9067313429846977,1.9067313429846977,1.9067253806084623,1.6307532382569103,1.6307724149621812,1.6307724149621812,1.6307532382569103,0.3028166719527021,0.3028069334407897,0.3028069334407897,0.3028166719527021,0.2238955422366039,0.2239032403011503,0.2239032403011503,0.2238955422366039,1.3335388515325666
300.0,43.26,65.87,4.096,3.399,2884.037,1.906119642337264,1.906120474451676,1.906120474451676,1.906119642337264,1.6325962623936248,1.6326005409340474,1.6326005409340474,1.6325962623936248,0.3050382252381959,0.3050359101208475,0.3050359101208475,0.3050382252381959,0.2239326092111589,0.2239349773620381,0.2239349773620381,0.2239326092111589,1.953891907390087
300.0,43.907,56.201,4.649,4.705,2921.507,1.9062869187427065,1.9062869947360928,1.9062869947360928,1.9062869187427065,1.632511640003381,1.6325117176571229,1.6325117176571229,1.632511640003381,0.3049160156986965,0.3049136741288891,0.3049136741288891,0.3049160156986965,0.2239294939359844,0.2239318522735668,0.2239318522735668,0.2239294939359844,1.9282244225116296
300.0,44.771,16.684,3.924,5.822,1571.391,1.908978388556902,1.9089816369639687,1.9089816369639687,1.908978388556902,1.6397929089035952,1.6398018966408856,1.6398018966408856,1.6397929089035952,0.306800375620033,0.3067863055809207,0.3067863055809207,0.306800375620033,0.2240918216010212,0.224103261114408,0.224103261114408,0.2240918216010212,3.5803045088089966
300.0,45.447,88.576,5.654,4.677,1977.512,1.905511825162021,1.9055110676806852,1.9055110676806852,1.905511825162021,1.6351450529191187,1.635140398181084,1.635140398181084,1.6351450529191187,0.3083266160352482,0.3083286313501241,0.3083286313501241,0.3083266160352482,0.2239784213340038,0.2239771933224142,0.2239771933224142,0.2239784213340038,2.851684390410638
300.0,45.683,40.956,2.778,5.484,1491.515,1.9080193933057004,1.9080225174021177,1.9080225174021177,1.9080193933057004,1.6398116462726162,1.639822928327804,1.639822928327804,1.6398116462726162,0.3083734190594821,0.3083669707375469,0.3083669707375469,0.3083734190594821,0.2240868330282795,0.2240922909030133,0.2240922909030133,0.2240868330282795,3.775023572918178
300.0,45.804,31.073,6.404,5.441,3905.956,1.9062926574807488,1.9062915140140448,1.9062915140140448,1.9062926574807488,1.6305266485368102,1.6305196240382327,1.6305196240382327,1.6305266485368102,0.3039468832614605,0.303939527546625,0.303939527546625,0.3039468832614605,0.2238795867538255,0.2238854498324279,0.2238854498324279,0.2238795867538255,1.4410572122447878
300.0,46.545,81.02,6.35,4.279,1999.452,1.9054764152892851,1.9054757376083968,1.9054757376083968,1.9054764152892851,1.6348599968269313,1.634856999772898,1.634856999772898,1.6348599968269313,0.308459106696818,0.3084547072957406,0.3084547072957406,0.308459106696818,0.2239662997937462,0.2239700957870745,0.2239700957870745,0.2239662997937462,2.81969664290008
300.0,48.1,67.886,3.339,6.482,3170.216,1.9046358550237503,1.9046345043277415,1.9046345043277415,1.9046358550237503,1.6304661682763986,1.6304639473677462,1.6304639473677462,1.6304661682763986,0.3067909560936756,0.3067871080606851,0.3067871080606851,0.3067909560936756,0.2238630465608342,0.2238666710206492,0.2238666710206492,0.2238630465608342,1.7776198354081487
300.0,48.149,69.516,2.927,6.405,2744.059,1.9048073227457016,1.9048065951807631,1.9048065951807631,1.9048073227457016,1.6315386000481906,1.631534769634343,1.631534769634343,1.6315386000481906,0.3073554933038849,0.3073549666285736,0.3073549666285736,0.3073554933038849,0.2238880253631724,0.2238889986228884,0.2238889986228884,0.2238880253631724,2.0537947729205386
300.0,49.424,41.265,2.515,5.564,4104.861,1.9049140430358136,1.9049115896196247,1.9049115896195847,1.9049140430358136,1.6289999314991548,1.6289956736438844,1.628995673643764,1.6289999314991548,0.3056701901138624,0.3056706236590126,0.3056706236590126,0.3056701901138624,0.2238302496905121,0.2238311323739463,0.2238311323739463,0.2238302496905121,1.3716796720318687
300.0,49.667,33.618,3.124,3.068,3983.372,1.905168813271612,1.9051676027954227,1.9051676027954227,1.905168813271612,1.6292567372679716,1.6292544539978964,1.6292544539978964,1.6292567372679716,0.3055764739603432,0.3055677387438134,0.3055677387438134,0.3055764739603432,0.223833135230955,0.223840508424952,0.223840508424952,0.223833135230955,1.4131626096331305
300.0,49.979,19.001,5.081,2.56,2571.747,1.9063110134969177,1.906309407104856,1.906309407104856,1.9063110134969177,1.6326120696929585,1.6326062521123517,1.6326062521123517,1.6326120696929585,0.3065609187352372,0.3065475448231904,0.3065475448231904,0.3065609187352372,0.2239077029848463,0.2239188187675775,0.2239188187675775,0.2239077029848463,2.187798220508888
300.0,50.459,52.38,5.32,4.058,4808.991,1.904055521615248,1.9040559532559151,1.9040559532559151,1.904055521615248,1.627662350182461,1.627664344455132,1.627664344455132,1.627662350182461,0.3061386099731425,0.3061353878979695,0.3061353878979695,0.3061386099731425,0.2237931504410809,0.2237963645754807,0.2237963645754807,0.2237931504410809,1.171261316480975
300.0,50.66,10.898,3.299,6.208,3747.071,1.90582800050173,1.905822540264039,1.905822540264039,1.90582800050173,1.6298074918409615,1.6297920413561675,1.6297920413561675,1.6298074918409615,0.3053490372938256,0.3053107283599218,0.3053107283599218,0.3053490372938256,0.2238333242981976,0.2238637533922621,0.2238637533922621,0.2238333242981976,1.5011670093863227
300.0,50.87,70.868,2.749,4.273,3910.538,1.903502799679656,1.9035060582514929,1.9035060582514929,1.903502799679656,1.6282513702244623,1.6282634012877122,1.6282634012877122,1.6282513702244623,0.3074476116120315,0.3074404904105446,0.3074404904105446,0.3074476116120315,0.2238010402187531,0.223806866466569,0.223806866466569,0.2238010402187531,1.44122679112753
300.0,51.677,39.387,3.909,4.193,2366.195,1.9052839434550377,1.90528157708642,1.90528157708642,1.9052839434550377,1.6324853691320018,1.6324774481243258,1.6324774481243258,1.6324853691320018,0.3083203720459817,0.3083186992278351,0.3083186992278351,0.3083203720459817,0.2238993957220878,0.2239015505086345,0.2239015505086345,0.2238993957220878,2.379426384880696
300.0,51.877,31.763,6.257,4.573,4646.11,1.9044800628680465,1.904483124903032,1.904483124903032,1.9044800628680465,1.6278468579850367,1.627854121097057,1.627854121097057,1.6278468579850367,0.306061574863178,0.3060555113370033,0.3060555113370033,0.306061574863178,0.2237940240080798,0.2237989233699905,0.2237989233699905,0.2237940240080798,1.2115082790425913
300.0,52.493,92.976,5.723,5.891,1145.647,1.9053389580571627,1.9053383683752836,1.9053383683752836,1.9053389580571627,1.6414814482074729,1.641479856285096,1.641479856285096,1.6414814482074729,0.3150830605684762,0.3150815526129975,0.3150815526129975,0.3150830605684762,0.2240958521728362,0.2240976200922448,0.2240976200922448,0.2240958521728362,4.9229763991263065
300.0,52.502,91.218,3.219,3.91,4699.482,1.9021140711371805,1.902112930028584,1.902112930028584,1.9021140711371805,1.626402175593757,1.6263987110609797,1.6263987110609797,1.626402175593757,0.308419533381843,0.3084191812710156,0.3084191812710156,0.308419533381843,0.2237534595109591,0.2237541361615029,0.2237541361615029,0.2237534595109591,1.2000678825475168
300.0,52.511,24.158,2.887,5.696,3932.321,1.9047909367073683,1.9047880311609895,1.9047880311609895,1.9047909367073683,1.6287210855254366,1.6287116895584153,1.6287116895584153,1.6287210855254366,0.3064393538634004,0.3064394301054851,0.3064394301054851,0.3064393538634004,0.2238139088238534,0.2238151385563279,0.2238151385563279,0.2238139088238534,1.4310631244923495
300.0,52.672,58.325,4.94,5.847,2648.583,1.9040992189270576,1.9040996873664815,1.9040996873664815,1.9040992189270576,1.630783362472745,1.6307865262706565,1.6307865262706565,1.630783362472745,0.3089610122355268,0.3089576015689372,0.3089576015689372,0.3089610122355268,0.2238544097778019,0.2238577459803422,0.2238577459803422,0.2238544097778019,2.1270461731107493
300.0,52.958,56.339,4.866,2.98,3609.373,1.9035964668117555,1.9036005520195385,1.9036005520195385,1.9035964668117555,1.6284463812100427,1.6284568668969213,1.6284568668969213,1.6284463812100427,0.3080051404822001,0.3079976821324815,0.3079976821324815,0.3080051404822001,0.2237999529540864,0.2238054756992187,0.2238054756992187,0.2237999529540864,1.56074050318426
300.0,53.548,83.624,5.903,6.185,2650.682,1.9029376699898208,1.9029345620229767,1.9029345620229767,1.9029376699898208,1.6300213247754465,1.6300118922772726,1.6300118922772726,1.6300213247754465,0.3102267254066935,0.3102267107469198,0.3102267107469198,0.3102267254066935,0.2238327666089908,0.2238333127452128,0.2238333127452128,0.2238327666089908,2.1271098877348567
300.0,54.744,91.057,3.561,6.294,1012.147,1.9053892266507828,1.9053902207087243,1.9053902207087243,1.9053892266507828,1.6435335759971457,1.6435359545507031,1.6435359545507031,1.6435335759971457,0.3171115681392667,0.3171087159102712,0.3171087159102712,0.3171115681392667,0.2241364395730192,0.2241388788616971,0.2241388788616971,0.2241364395730192,5.571935531854216
300.0,54.968,54.77,3.151,3.648,4036.802,1.9029819708561173,1.9029802254220167,1.9029802254220167,1.9029819708561173,1.6272521584592885,1.6272433880347426,1.6272433880347426,1.6272521584592885,0.308484523859729,0.3084857262429205,0.3084857262429205,0.308484523859729,0.2237690055835643,0.2237683121051898,0.2237683121051898,0.2237690055835643,1.3954103670515632
300.0,54.978,70.797,5.052,2.565,1350.899,1.9048381292234529,1.904839019120221,1.904839019120221,1.9048381292234529,1.6381791385146178,1.6381841073879944,1.6381841073879944,1.6381791385146178,0.313995951562928,0.3139948223439999,0.3139948223439999,0.313995951562928,0.2240147030391455,0.2240162089371059,0.2240162089371059,0.2240147030391455,4.1719728588423735
300.0,55.451,30.831,2.869,2.647,928.019,1.907867443354924,1.907861479318264,1.907861479318264,1.907867443354924,1.646600714341996,1.6465783244795815,1.6465783244795815,1.646600714341996,0.3161336811673582,0.3161332087078434,0.3161332087078434,0.3161336811673582,0.2242087407515608,0.2242100641148857,0.2242100641148857,0.2242087407515608,6.065142555690269
300.0,55.473,20.599,5.993,4.751,2284.118,1.9050508623054017,1.905054688230613,1.905054688230613,1.9050508623054017,1.6321290561796702,1.6321407771744834,1.6321407771744834,1.6321290561796702,0.3093787046764714,0.3093658250980135,0.3093658250980135,0.3093787046764714,0.223875656217929,0.2238863523232792,0.2238863523232792,0.223875656217929,2.4634111477709544
300.0,55.695,86.062,5.045,4.522,4669.024,1.9014685910933264,1.901468572853931,1.901468572853931,1.9014685910933264,1.6256414318384884,1.6256397155034787,1.6256397155034787,1.6256414318384884,0.3095763397846346,0.3095731718489284,0.3095731718489284,0.3095763397846346,0.2237253468719866,0.2237278157835403,0.2237278157835403,0.2237253468719866,1.2076894416586772
300.0,56.132,33.428,5.552,3.369,4168.216,1.9034214014958055,1.9034233479563876,1.9034233479563876,1.9034214014958557,1.6271746890137506,1.6271786612787114,1.6271786612787114,1.6271746948180157,0.3081290861045036,0.308121081048823,0.308121081048823,0.3081290861045036,0.2237621518287534,0.2237685747898534,0.2237685747898534,0.2237621518287534,1.350476338463766
300.0,56.147,65.398,3.975,3.787,4086.044,1.9022656298409324,1.9022606452789177,1.9022606452789177,1.9022656298409324,1.626636653205181,1.6266211606875656,1.6266211606875656,1.626636653205181,0.309325833378452,0.3093264035893889,0.3093264035893889,0.309325833378452,0.2237491514378289,0.2237494446990092,0.2237494446990092,0.2237491514378289,1.3790695536976072
300.0,56.704,41.816,3.149,5.662,3963.751,1.903021937384519,1.9030233397627423,1.9030233397627423,1.903021937384519,1.627124246742355,1.6271267252482666,1.6271267252482666,1.627124246742355,0.3087904276717499,0.3087843083458481,0.3087843083458481,0.3087904276717499,0.2237587071468647,0.2237637626288137,0.2237637626288137,0.2237587071468647,1.4205262729316757
300.0,57.202,91.414,3.185,6.444,2962.071,1.901488320680036,1.9014839691270533,1.9014839691270533,1.901488320680036,1.6279331585550143,1.627919680432062,1.627919680432062,1.6279331585550143,0.3116324131551795,0.3116327185320184,0.3116327185320184,0.3116324131551795,0.223773086260981,0.2237736651892885,0.2237736651892885,0.223773086260981,1.903971364900388
300.0,57.786,32.974,4.799,4.418,1363.802,1.9054546893975215,1.9054522787312915,1.9054522787312915,1.9054546893975215,1.6379958013263456,1.6379843695962952,1.6379843695962952,1.6379958013263456,0.313738305179948,0.3137375255106945,0.3137375255106945,0.313738305179948,0.2240052708049654,0.2240064104264714,0.2240064104264714,0.2240052708049654,4.127405054087401
300.0,58.033,50.309,2.601,3.414,4483.075,1.902212302531745,1.9022106028859131,1.9022106028859131,1.902212302531745,1.6259095968258317,1.625905372471353,1.625905372471353,1.6259095968258317,0.3093535310550303,0.3093495212058771,0.3093495212058771,0.3093535310550303,0.2237263934660655,0.2237303567526563,0.2237303567526563,0.2237263934660655,1.2563159037616705
300.0,58.152,17.494,4.389,3.068,3370.603,1.9037580097598277,1.903757851638877,1.903757851638877,1.9037580097598277,1.6282216854658775,1.6282213098972989,1.6282213098972989,1.6282216854658775,0.3089632856627208,0.3089579725557546,0.3089579725557546,0.3089632856627208,0.2237806349656623,0.2237863419749512,0.2237863419749512,0.2237806349656623,1.6691804846562923
300.0,59.201,98.267,3.424,5.066,2414.765,1.9010847692228323,1.9010819167282895,1.9010819167282895,1.9010847692228323,1.6289832174110963,1.6289749156272058,1.6289749156272058,1.6289832174110963,0.3134832102601822,0.3134842098199348,0.3134842098199348,0.3134832102601822,0.2237911948796111,0.2237912759032435,0.2237912759032435,0.2237911948796111,2.336019939218688
300.0,59.402,46.884,4.84,4.149,4067.091,1.902085648703111,1.9020919928253028,1.9020919928253028,1.902085648703111,1.6261081469776664,1.626126245876357,1.626126245876357,1.6261081469776664,0.3100310693245357,0.3100220835328318,0.3100220835328318,0.3100310693245357,0.223725717293203,0.2237323524171035,0.2237323524171035,0.223725717293203,1.3846557555155512
300.0,61.761,92.564,3.893,2.568,970.784,1.903678647215873,1.9036791215986004,1.9036791215986004,1.903678647215873,1.6425144358373271,1.642515059907359,1.642515059907359,1.6425144358373271,0.3205483717327003,0.3205454607232015,0.3205454607232015,0.3205483717327003,0.2240957613126441,0.2240981416475887,0.2240981416475887,0.2240957613126441,5.809579507288603
300.0,62.033,77.016,4.217,5.51,1153.08,1.9033687781988515,1.903364498393788,1.903364498393788,1.9033687781989013,1.6390050713429485,1.638992514726635,1.638992514726635,1.6390050599472283,0.3184573421121632,0.3184605416647945,0.3184605416647945,0.3184573421121632,0.2240157966501086,0.2240144295713274,0.2240144295713274,0.2240157966501086,4.888649285474965
300.0,62.597,90.352,3.822,4.942,3206.768,1.8999603319664868,1.8999587412283063,1.8999587412283063,1.8999603319664868,1.625857632351589,1.625851545683474,1.625851545683474,1.625857632351589,0.3135961290780404,0.3135935205947739,0.3135935205947739,0.3135961290780404,0.2237100631962897,0.2237123727580243,0.2237123727580243,0.2237100631962897,1.7586155658568672
300.0,62.644,19.598,5.343,6.193,1696.166,1.9039459696658056,1.9039332200396049,1.9039332200396049,1.9039459696658056,1.6336344759920267,1.6335819656586512,1.6335819656586512,1.6336344759920267,0.3138533240515841,0.3138410096564253,0.3138410096564253,0.3138533240515841,0.2238882617099838,0.2238971656074194,0.2238971656074194,0.2238882617099838,3.317179893440176
300.0,62.915,74.285,4.499,5.233,4832.409,1.8999476490498213,1.899944692374839,1.899944692374839,1.8999476490498213,1.6236971756606642,1.6236875726408162,1.6236875726408162,1.6236971756606642,0.3120917603288231,0.3120913210924014,0.3120913210924014,0.3120917603288231,0.2236610412171531,0.2236620370137314,0.2236620370137314,0.2236610412171531,1.1664014085705814
300.0,64.599,66.27,5.929,5.318,2233.774,1.900988225577481,1.9009862836626303,1.900986283662649,1.900988225577481,1.6288886075646647,1.6288788837235073,1.6288788894323738,1.6288886075646647,0.3149286964642912,0.3149304972648675,0.3149304972648675,0.3149286964642912,0.2237772964666738,0.2237760045458949,0.2237760045458949,0.2237772964666738,2.5226529935430237
300.0,65.111,68.643,3.359,4.39,3542.621,1.8999406229680464,1.8999382613001532,1.8999382613001532,1.8999406229680464,1.6249206518843913,1.6249106778480762,1.6249106778480762,1.6249206518843913,0.3135667733536227,0.3135666293482655,0.3135666293482655,0.3135667733536227,0.2236840375576834,0.2236844411950943,0.2236844411950943,0.2236840375576834,1.5907643260561364
300.0,65.492,10.859,5.652,5.081,2721.639,1.9023955643768689,1.902393890937028,1.902393890937028,1.9023955643768689,1.6279096895351557,1.6279055601626884,1.6279055601626884,1.6279096895351557,0.3125178087673513,0.3124684361573086,0.3124684361573086,0.3125178087673513,0.2237354749593954,0.2237735754740084,0.2237735754740084,0.2237354749593954,2.06672504961509
300.0,65.587,14.159,3.539,3.677,2205.077,1.9026758458587272,1.9026741475763909,1.9026741475763909,1.9026758458587272,1.6297836767229952,1.629776170188786,1.629776170188786,1.6297836767229952,0.3135274635725355,0.3135074220189415,0.3135074220189415,0.3135274635725355,0.2237887750029678,0.2238049261726514,0.2238049261726514,0.2237887750029678,2.551147271555383
300.0,66.109,56.854,5.274,5.024,1577.84,1.9018522591912288,1.9018547641234107,1.9018547641234107,1.9018522591912288,1.6329045850812427,1.632913620911376,1.632913620911376,1.6329045850812427,0.3171020023554239,0.3170946492556082,0.3170946492556082,0.3171020023554239,0.2238628485867932,0.2238688212676265,0.2238688212676265,0.2238628485867932,3.570256071829418
300.0,66.159,41.359,3.987,4.087,2982.688,1.900926811889181,1.9009288587145687,1.9009288587145987,1.900926811889181,1.6263761354256638,1.6263835909672988,1.6263835966822229,1.6263761354256638,0.313557132380826,0.313548638446379,0.313548638446379,0.313557132380826,0.2237127057555845,0.2237198852680039,0.2237198852680039,0.2237127057555845,1.887715310872548
300.0,66.173,85.82,3.081,2.95,4247.71,1.8987851149161643,1.898784834575176,1.898784834575176,1.8987851149161643,1.623200324088514,1.6231991876181229,1.6231991876181229,1.623200324088514,0.3141646971888038,0.3141640264442732,0.3141640264442732,0.3141646971888038,0.2236413683777852,0.2236421490849235,0.2236421490849235,0.2236413683777852,1.3274498210672705
300.0,66.311,81.421,2.871,2.947,1578.534,1.9008901557830284,1.9008940577031168,1.9008940577031168,1.9008901557830284,1.6323568864194933,1.6323699567104382,1.6323699567104382,1.6323568864194933,0.3180750889620217,0.3180712270727003,0.3180712270727003,0.3180750889620217,0.2238509396356274,0.2238540096479441,0.2238540096479441,0.2238509396356274,3.571540145266653
300.0,67.287,52.768,2.862,3.875,472.222,1.9090858729422413,1.9090843635462005,1.9090843635462005,1.9090858729422413,1.6669211263710932,1.6669154594564295,1.6669154594564295,1.6669211263710932,0.3324183381524413,0.3324172611339701,0.3324172611339701,0.3324183381524413,0.2246576373008102,0.2246593417620803,0.2246593417620803,0.2246576373008102,11.927588987001409
300.0,67.448,58.525,3.614,4.242,2092.05,1.9006586964924943,1.9006548525999207,1.9006548525999207,1.9006586964924943,1.628943500228112,1.6289321806724104,1.6289321806724104,1.628943500228112,0.3161531592816198,0.3161550829637218,0.3161550829637218,0.3161531592816198,0.2237712719402358,0.2237708181189948,0.2237708181189948,0.2237712719402358,2.692859113513149
300.0,67.965,61.713,2.859,5.822,1335.754,1.9017491748155768,1.9017474000291,1.9017474000291,1.9017491748155768,1.6349506712636033,1.6349410427904627,1.6349410427904627,1.6349506712636033,0.3192174470309262,0.3192157902984781,0.3192157902984781,0.3192174470309262,0.2239079712324816,0.2239094142071669,0.2239094142071669,0.2239079712324816,4.217965173524449
300.0,67.992,76.699,5.839,3.256,4380.629,1.8985960463861271,1.89859752918514,1.89859752918514,1.8985960463861271,1.62271923171557,1.6227231005045648,1.6227231005045648,1.62271923171557,0.3145294854094303,0.3145256077485368,0.3145256077485368,0.3145294854094303,0.2236250597367582,0.2236282768050113,0.2236282768050113,0.2236250597367582,1.2867877597271162
300.0,68.197,99.709,5.006,4.162,1367.34,1.900195327214504,1.900193960059596,1.900193960059596,1.900195327214504,1.6337280508832983,1.6337234100475793,1.6337234100475793,1.6337280508832983,0.3205283028090488,0.3205268293900809,0.3205268293900809,0.3205283028090488,0.2238797458905423,0.2238812592696235,0.2238812592696235,0.2238797458905423,4.1256259606951255
300.0,68.211,19.702,3.975,3.648,1847.409,1.9021972016877235,1.9022001311158865,1.9022001311158865,1.9021972016877235,1.630941347969221,1.6309495118146144,1.6309495118146144,1.630941347969221,0.3157110533365304,0.3156999061594963,0.3156999061594963,0.3157110533365304,0.2238121299599442,0.2238214693530711,0.2238214693530711,0.2238121299599442,3.045604061390759
300.0,68.371,46.872,4.333,4.916,669.642,1.9058905571408624,1.9058917151987715,1.9058917151987744,1.905890557140748,1.6522503818403314,1.6522511049603938,1.652251104960658,1.6522503818393526,0.3263642019253612,0.3263613567138388,0.3263613567138388,0.3263642019253612,0.2243099183694684,0.2243123347755326,0.2243123347755326,0.2243099183694684,8.409581415318435
300.0,68.57,52.029,3.242,6.174,2207.673,1.90046847103141,1.9004642600609707,1.9004642600609707,1.90046847103141,1.6281815770992494,1.6281726108027783,1.6281726108027783,1.6281815770992494,0.3161398614698181,0.3161405363222725,0.3161405363222725,0.3161398614698181,0.2237508141697256,0.2237518738954234,0.2237518738954234,0.2237508141697256,2.5512830008608227
300.0,68.581,96.12,5.117,3.305,2549.511,1.8985356150504973,1.8985349772109568,1.8985349772109568,1.8985356150504973,1.62592089126334,1.6259173174260553,1.6259173174260553,1.62592089126334,0.3171379380471848,0.3171359641670918,0.3171359641670918,0.3171379380471848,0.2236981365032863,0.2236999516376413,0.2236999516376413,0.2236981365032863,2.2123811943433886
300.0,68.834,76.501,2.604,4.667,2802.938,1.8990149975481687,1.8990171967734604,1.8990171967734604,1.8990149975481687,1.625427366987788,1.6254346783818252,1.6254346783818252,1.625427366987788,0.3161716091757909,0.3161697530821903,0.3161697530821903,0.3161716091757909,0.2236863438147457,0.2236880674351556,0.2236880674351556,0.2236863438147457,2.0110656938063523
300.0,69.257,59.677,5.311,4.369,3612.871,1.8991249013496687,1.899124615968096,1.899124615968096,1.8991249013496687,1.6238165269128286,1.6238164045070087,1.6238164045070087,1.6238165269128286,0.3149315958260052,0.3149306540406125,0.3149306540406125,0.3149315958260052,0.223648517636486,0.2236499965315858,0.2236499965315858,0.223648517636486,1.5593708451511783
300.0,69.621,64.915,3.906,5.372,2636.343,1.8993419504605629,1.8993419925057744,1.8993419925057744,1.8993419504605629,1.6259518689773793,1.625954210072658,1.625954210072658,1.6259518689773793,0.3163104309632123,0.3163083367317423,0.3163083367317423,0.3163104309632123,0.2236963344126428,0.2236986520122713,0.2236986520122713,0.2236963344126428,2.137339537353905
300.0,69.67,67.743,4.265,3.648,1230.483,1.9013800023845364,1.9013787499520995,1.9013787499520995,1.9013800023845364,1.635814634097048,1.6358096577230254,1.6358096577230254,1.635814634097048,0.3208083017243722,0.3208063496502776,0.3208063496502776,0.3208083017243722,0.2239248787094217,0.2239267537021337,0.2239267537021337,0.2239248787094217,4.57971139205012
300.0,69.992,24.734,5.178,4.598,4319.177,1.8999918832859968,1.8999959084875109,1.8999959084875109,1.8999918832859968,1.6232696265401332,1.6232837038470629,1.6232837038470629,1.6232696265401332,0.3135219383665061,0.3135084586819468,0.3135084586819468,0.3135219383665061,0.2236304072374471,0.2236416093492771,0.2236416093492771,0.2236304072374471,1.3028868492228085
300.0,70.394,51.819,5.506,4.29,702.192,1.904818317849431,1.9048118810461796,1.9048118810461796,1.904818317849431,1.65000589835454,1.6499856279887977,1.6499856279887977,1.65000589835454,0.3267080484396702,0.3267128774321847,0.3267128774321847,0.3267080484396702,0.2242565845010575,0.2242539915374671,0.2242539915374671,0.2242565845010575,8.021035651403457
300.0,70.99,36.222,5.466,4.745,1966.343,1.900675145060546,1.9006711216556489,1.9006711216556489,1.900675145060546,1.6291032081621013,1.6290916000660711,1.6290916000660711,1.6291032081621013,0.3171483600168014,0.3171477966872914,0.3171477966872914,0.3171483600168014,0.2237666957327277,0.2237682845495869,0.2237682845495869,0.2237666957327277,2.862920696081658
300.0,71.131,36.046,4.189,6.259,2346.093,1.9002324154350891,1.9002326170904555,1.9002326170904555,1.9002324154350891,1.6271796807789922,1.6271805292476096,1.6271805292476096,1.6271796807789922,0.3163733183614568,0.3163681000064232,0.3163681000064232,0.3163733183614568,0.2237205432189209,0.2237251789754246,0.2237251789754246,0.2237205432189209,2.39950298909804
300.0,71.507,36.91,3.885,2.87,2869.715,1.899711042359804,1.8997145269995863,1.8997145269995863,1.899711042359804,1.6252798009881373,1.6252875880655204,1.6252875880655204,1.6252798009881373,0.3157786674840358,0.3157721724663308,0.3157721724663308,0.3157786674840358,0.2236758555924263,0.2236809601145207,0.2236809601145207,0.2236758555924263,1.961733933441752
300.0,71.904,52.144,2.748,4.481,2890.569,1.8990270828747864,1.8990309199032889,1.8990309199032889,1.8990270828747864,1.6248112958496403,1.6248258170311465,1.6248258170311465,1.6248112958496403,0.3164769722742621,0.316469073218711,0.316469073218711,0.3164769722742621,0.2236635737735757,0.223670056163782,0.223670056163782,0.2236635737735757,1.9485452727354973
300.0,72.19,69.718,5.338,2.749,716.993,1.903519175222842,1.9035220319803643,1.9035220319803643,1.903519175222842,1.648469946055184,1.6484793707899832,1.6484793707899832,1.648469946055184,0.3278420083843213,0.3278373541078176,0.3278373541078176,0.3278420083843213,0.2242166175410323,0.2242205305273906,0.2242205305273906,0.2242166175410323,7.86001791954873
300.0,72.378,64.817,3.848,5.094,2481.9,1.8987151865291707,1.8987134600157805,1.8987134600157805,1.8987151865291707,1.6257351634766717,1.625728137579008,1.625728137579008,1.6257351634766717,0.3177117046205568,0.3177093702246456,0.3177093702246456,0.3177117046205568,0.2236858532523785,0.2236878920331792,0.2236878920331792,0.2236858532523785,2.2703272006699167
300.0,72.588,45.185,6.221,3.169,3639.77,1.8987490314478217,1.8987437753742835,1.8987437753742835,1.8987490314478217,1.6231432342085967,1.6231264414705773,1.6231264414705773,1.6231432342085967,0.3157901693661283,0.3157881504853271,0.3157881504853271,0.3157901693661283,0.2236252514935136,0.2236275725784942,0.2236275725784942,0.2236252514935136,1.5471115893285772
300.0,72.787,33.191,4.399,4.422,3838.502,1.8990654365454775,1.899063812313712,1.899063812313712,1.8990654365454775,1.622991552449266,1.6229925327077814,1.6229925327077814,1.622991552449266,0.3152966569394243,0.3152907368143794,0.3152907368143794,0.3152966569394243,0.2236195986289447,0.2236256593516561,0.2236256593516561,0.2236195986289447,1.4664394259365434
300.0,73.163,57.183,5.861,4.404,862.605,1.9025434568926296,1.9025436229091903,1.9025436229091903,1.9025434568926296,1.6430173611040018,1.6430181581312622,1.6430181581312622,1.6430173611040018,0.3254169305467586,0.3254129601141581,0.3254129601141581,0.3254169305467586,0.2240866228811801,0.2240901862178566,0.2240901862178566,0.2240866228811801,6.530546111373577
300.0,73.366,89.47,6.113,6.429,3785.388,1.896843965823068,1.8968415172134327,1.8968415172134327,1.896843965823068,1.621803404431584,1.6217974075548067,1.6217974075548067,1.621803404431584,0.3176286798767032,0.3176294474742811,0.3176294474742811,0.3176286798767032,0.2235945689151175,0.2235947125980473,0.2235947125980473,0.2235945689151175,1.4897400585725766
300.0,74.168,86.604,4.02,4.449,3995.111,1.89666063617948,1.896661154172348,1.896661154172348,1.89666063617948,1.6213168495000227,1.6213200546264357,1.6213200546264357,1.6213168495000227,0.317724836104414,0.317723694335782,0.317723694335782,0.317724836104414,0.2235814858732995,0.2235828870033489,0.2235828870033489,0.2235814858732995,1.4114037702049975
300.0,75.061,14.812,3.457,4.434,3208.026,1.899377669478854,1.8993768769398311,1.8993768769398311,1.899377669478854,1.623892126843937,1.6238893787352406,1.6238893787352406,1.623892126843937,0.3161130540696909,0.3160917476770845,0.3160917476770845,0.3161130540696909,0.2236306530488416,0.2236479954919053,0.2236479954919053,0.2236306530488416,1.7535853841335678
300.0,75.907,93.257,2.801,4.462,635.171,1.902533124713828,1.9025357784506969,1.9025357784506969,1.902533124713828,1.651156935491216,1.6511667014126314,1.6511667014126314,1.651156935491216,0.3321326832919842,0.3321287407261671,0.3321287407261671,0.3321326832919842,0.2242798825121186,0.2242831470181578,0.2242831470181578,0.2242798825121186,8.87927818603313
300.0,76.016,18.48,4.963,4.7,2494.284,1.899426734033528,1.8994210148932729,1.8994210148932729,1.899426734033528,1.6256007506521772,1.6255862971897426,1.6255862971897426,1.6256007506521772,0.3175492299111573,0.3175366103653343,0.3175366103653343,0.3175492299111573,0.2236707303188681,0.2236820989029486,0.2236820989029486,0.2236707303188681,2.2556409468587653
300.0,77.254,46.924,2.734,5.116,1950.588,1.898590481589624,1.8985889079843017,1.8985889079843017,1.898590481589652,1.627256720621628,1.62725037164442,1.62725037164442,1.6272567206217308,0.3202400469581432,0.3202378216342527,0.3202378216342527,0.3202400469581432,0.2237123485010679,0.2237146619383737,0.2237146619383737,0.2237123485010679,2.8870313190808687
300.0,77.284,50.367,4.594,3.128,3793.095,1.8972150942820805,1.8972152158529163,1.8972152158529163,1.8972150942820805,1.6214822924527754,1.6214790184902197,1.6214790184902197,1.6214822924527754,0.317859676661958,0.3178533163339867,0.3178533163339867,0.317859676661958,0.223577380601253,0.2235822512248061,0.2235822512248061,0.223577380601253,1.4848173692084743
300.0,77.306,64.326,5.342,6.169,3268.802,1.896901990718774,1.8969015807005367,1.8969015807005367,1.896901990718774,1.6221638873772546,1.62216135608893,1.62216135608893,1.6221638873772546,0.3188081987527602,0.318803248757562,0.318803248757562,0.3188081987527602,0.2235940092017055,0.2235979957907551,0.2235979957907551,0.2235940092017055,1.723753765865742
300.0,78.125,55.078,2.748,3.885,4619.167,1.896576555670429,1.896578660623595,1.8965786606235409,1.896576555670429,1.6200860625080675,1.6200927187702396,1.6200927243910426,1.6200860625080675,0.3179106214787689,0.3179071238688527,0.3179071238688527,0.3179106214787689,0.2235447413003522,0.22354773419519,0.22354773419519,0.2235447413003522,1.2194648215457995
300.0,78.97,89.431,3.84,5.807,3360.157,1.8954755110645205,1.8954735886865184,1.8954735886865184,1.8954755110645205,1.6210226511741006,1.6210137513114988,1.6210137513114988,1.6210226511741006,0.3203525678812639,0.3203521652763538,0.3203521652763538,0.3203525678812639,0.2235681559346792,0.2235685568546427,0.2235685568546427,0.2235681559346792,1.678255080534259
300.0,79.137,87.499,3.658,3.302,3708.197,1.8953583975060304,1.8953606315183047,1.8953606315183047,1.8953583975060304,1.620364527629256,1.6203704968844974,1.6203704968844974,1.620364527629256,0.3200711717721249,0.3200672637737632,0.3200672637737632,0.3200711717721249,0.2235516144598018,0.2235546669460634,0.2235546669460634,0.2235516144598018,1.5206437403630948
300.0,79.819,44.275,3.54,6.161,4231.365,1.8966085940629551,1.8966063353460003,1.8966063353460003,1.8966085940629551,1.6202780527606138,1.6202758695700936,1.6202758695700936,1.6202780527606138,0.3184361631824805,0.3184340356283478,0.3184340356283478,0.3184361631824805,0.2235460614901498,0.2235491394177623,0.2235491394177623,0.2235460614901498,1.3307574674314997
300.0,80.14,43.608,5.501,6.498,3986.826,1.896615808893949,1.896615602144096,1.896615602144096,1.896615808893949,1.620528747704954,1.620530912249866,1.620530912249866,1.620528747704954,0.3186969152136118,0.3186922959883719,0.3186922959883719,0.3186969152136118,0.2235505105909483,0.2235549995826411,0.2235549995826411,0.2235505105909483,1.4123503874018672
300.0,80.215,93.374,3.86,3.952,4225.523,1.8946826938393464,1.8946815624638291,1.8946815624638291,1.8946826938393464,1.6192095938659876,1.6192039638310287,1.6192039638310287,1.6192095938659876,0.320412338939659,0.320410385496786,0.320410385496786,0.320412338939659,0.2235240666289184,0.2235258001576164,0.2235258001576164,0.2235240666289184,1.3347267126617042
300.0,81.065,61.765,5.412,5.592,762.606,1.9009583489125088,1.9009624533612173,1.9009624533612173,1.9009583489125088,1.6442501905010674,1.644260882870925,1.644260882870925,1.6442501905010674,0.3305306850220685,0.3305244235979064,0.3305244235979064,0.3305306850220685,0.2241089784917537,0.2241135086707077,0.2241135086707077,0.2241089784917537,7.387909702023059
300.0,81.491,85.994,5.653,4.846,1991.89,1.8959217697234656,1.8959201737799427,1.8959201737799427,1.8959217697234656,1.625072968888644,1.6250662115304018,1.6250662115304018,1.625072968888644,0.3233822389094844,0.323380939553922,0.323380939553922,0.3233822389094844,0.2236597342530725,0.2236609823966119,0.2236609823966119,0.2236597342530725,2.830750736145275
300.0,82.222,97.707,3.243,3.768,1443.3,1.896236062729732,1.896235780971393,1.896235780971393,1.896236062729732,1.6290257171106584,1.6290266185019184,1.6290266185019184,1.6290257171106584,0.3260689363027128,0.3260678699583929,0.3260678699583929,0.3260689363027128,0.22375347568635,0.223754759669297,0.223754759669297,0.22375347568635,3.90818327421144
300.0,84.181,94.316,4.734,5.643,2542.742,1.89432899402366,1.8943273443505169,1.8943273443505169,1.89432899402366,1.6216925661501345,1.621687490393861,1.621687490393861,1.6216925661501345,0.3237398277983279,0.323738902644452,0.323738902644452,0.3237398277983279,0.2235789873516379,0.2235801760953758,0.2235801760953758,0.2235789873516379,2.218100665755535
300.0,84.45,54.77,3.719,6.205,1555.653,1.896956576377964,1.896956349087352,1.896956349087364,1.896956576377964,1.6280954080451933,1.6280956421943809,1.6280956477393151,1.6280954080451933,0.3249326106185571,0.3249298544733273,0.3249298544733273,0.3249326106185571,0.2237248539880137,0.2237275832366658,0.2237275832366658,0.2237248539880137,3.6208533040384823
300.0,84.46,81.091,6.149,6.122,1021.29,1.8976520920497253,1.8976528511234807,1.8976528511234807,1.8976520920497253,1.6353084464887024,1.6353124988915568,1.6353124988915568,1.6353084464887024,0.3293355216572698,0.3293330728095349,0.3293330728095349,0.3293355216572698,0.2238985342268174,0.2239008889323689,0.2239008889323689,0.2238985342268174,5.520082177229508
300.0,86.86,79.733,5.113,5.705,952.524,1.8973874820047263,1.8973858471697556,1.8973858471697556,1.8973874820047263,1.6363208944360448,1.6363162890409635,1.6363162890409635,1.6363208944360448,0.3310461808924692,0.3310457207458741,0.3310457207458741,0.3310461808924692,0.2239226718322105,0.2239235531406622,0.2239235531406622,0.2239226718322105,5.918314404329849
300.0,86.908,90.373,4.49,5.64,4736.345,1.8928111391192528,1.8928107642037568,1.8928107642037568,1.8928111391192528,1.6168647290164244,1.6168637165992084,1.6168637165992084,1.6168647290164244,0.3229129797171749,0.3229106323573424,0.3229106323573424,0.3229129797171749,0.2234629335335781,0.2234650814897899,0.2234650814897899,0.2234629335335781,1.1906493083527594
300.0,86.982,26.313,5.582,4.629,3705.533,1.895458927412781,1.8954529061441991,1.8954529061441991,1.895458927412781,1.619440719821838,1.61942080577945,1.61942080577945,1.619440719821838,0.3211777049890464,0.321172462885661,0.321172462885661,0.3211777049890464,0.2235154075790655,0.2235204163983529,0.2235204163983529,0.2235154075790655,1.518696472164836
300.0,87.335,59.711,2.705,6.467,749.312,1.8994155352897375,1.899416678855917,1.899416678855917,1.8994155352897375,1.6431525415130444,1.643158801787558,1.643158801787558,1.6431525415130444,0.3334121110721585,0.3334108346300823,0.3334108346300823,0.3334121110721585,0.2240824783344387,0.2240837032744181,0.2240837032744181,0.2240824783344387,7.518431246673549
300.0,87.492,33.946,3.702,6.198,4909.457,1.8947036884217223,1.894707628651244,1.894707628651244,1.8947036884217223,1.6176346602769174,1.6176551032709765,1.6176551032709765,1.6176346602769174,0.32100418414658,0.3209970366986346,0.3209970366986346,0.32100418414658,0.2234730586929174,0.2234792270516363,0.2234792270516363,0.2234730586929174,1.1465580839583491
300.0,88.362,59.752,3.064,4.794,4346.731,1.893637881320308,1.8936387421396763,1.8936387421396763,1.893637881320308,1.6175147348320538,1.61751547660313,1.61751547660313,1.6175147348320538,0.3225980578553929,0.3225943712683294,0.3225943712683294,0.3225980578553929,0.2234730642774196,0.2234763852414829,0.2234763852414829,0.2234730642774196,1.2960777450479568
300.0,88.458,37.322,4.378,3.423,1990.093,1.8957896361119333,1.8957905932685648,1.8957905932685648,1.8957896361119333,1.6241286700038082,1.6241334177689564,1.6241334177689564,1.6241286700038082,0.3245865420110004,0.3245826618405094,0.3245826618405094,0.3245865420110004,0.2236261237442475,0.2236299583637216,0.2236299583637216,0.2236261237442475,2.828800744019833
300.0,89.082,78.092,4.189,2.578,649.072,1.8992714711253404,1.8992694987019931,1.8992694987019931,1.8992714711253404,1.6470879861915886,1.647080590042033,1.647080590042033,1.6470879861915886,0.336964014414918,0.3369651184283333,0.3369651184283333,0.336964014414918,0.2241817631538661,0.2241814833912872,0.2241814833912872,0.2241817631538661,8.684695045272049
300.0,89.211,74.525,3.427,5.84,1057.438,1.8964054290572765,1.8964094676448928,1.8964094676448928,1.8964054290572765,1.6333908403255433,1.6334071394441083,1.6334071394441083,1.6333908403255433,0.3308130386212563,0.3308078211883884,0.3308078211883884,0.3308130386212563,0.223850213089825,0.2238547445659686,0.2238547445659686,0.223850213089825,5.330212674675944
300.0,89.244,13.768,5.463,6.305,2941.603,1.895640481235072,1.895636292230553,1.895636292230553,1.895640481235072,1.6206655039522684,1.620649884423962,1.620649884423962,1.6206655039522684,0.3224064087381108,0.3223843937568915,0.3223843937568915,0.3224064087381108,0.2235344865278965,0.2235525177804543,0.2235525177804543,0.2235344865278965,1.9123122664932128
300.0,89.464,87.447,4.285,5.528,4279.261,1.8923212938583849,1.8923177751405968,1.8923177751405968,1.8923212938583849,1.616758114614407,1.6167490860068117,1.6167490860068117,1.616758114614407,0.3241345005734035,0.3241359864585396,0.3241359864585396,0.3241345005734035,0.2234594934672746,0.2234593672013647,0.2234593672013647,0.2234594934672746,1.317697518812574
300.0,89.758,81.362,3.976,3.896,3195.33,1.8928550254164955,1.8928586472163291,1.8928586472163291,1.8928550254164955,1.6186013317855188,1.6186136076049875,1.6186136076049875,1.6186013317855188,0.3248471984353907,0.3248409950680832,0.3248409950680832,0.3248471984353907,0.2235000204798409,0.2235048722453026,0.2235048722453026,0.2235000204798409,1.7643410052083146
300.0,89.849,98.057,4.049,3.174,2091.265,1.893032760109212,1.8930324098970936,1.8930324098970936,1.893032760109212,1.6220411258925544,1.6220375688617703,1.6220375688617703,1.6220411258925544,0.3271912187270474,0.3271901617748936,0.3271901617748936,0.3271912187270474,0.2235857264132483,0.2235866317917608,0.2235866317917608,0.2235857264132483,2.697268157474696
300.0,90.03,41.938,3.459,5.188,4957.372,1.893692379949099,1.8936914502970696,1.8936914502970696,1.893692379949099,1.6167630523203995,1.6167579908596743,1.6167579908596743,1.6167630523203995,0.3223677666793956,0.322362430796642,0.322362430796642,0.3223677666793956,0.2234516876816907,0.2234564043757918,0.2234564043757918,0.2234516876816907,1.1357683540684271
300.0,90.156,33.856,6.096,4.83,3010.824,1.8946004800494685,1.8945980258777635,1.8945980258777635,1.8946004800494685,1.6198469528167991,1.6198428406179628,1.6198428406179628,1.6198469528167991,0.3234527198004009,0.3234497591300882,0.3234497591300882,0.3234527198004009,0.2235237104327855,0.2235275450572815,0.2235275450572815,0.2235237104327855,1.8695683500876183
300.0,90.43,21.83,3.414,3.096,2826.256,1.895079733207532,1.8950762316506915,1.8950762316506915,1.895079733207532,1.6205143691187316,1.6205035881711989,1.6205035881711989,1.6205143691187316,0.3233474675666034,0.3233418752835857,0.3233418752835857,0.3233474675666034,0.223537448674111,0.2235427872882935,0.2235427872882935,0.223537448674111,1.9908787833285728
300.0,90.481,70.591,6.029,5.319,421.305,1.9033121219159064,1.9033087974893963,1.9033087974893963,1.9033121219159064,1.6662199650559053,1.6662102595442898,1.6662102595442898,1.6662199650559053,0.345821361328403,0.3458188804898408,0.3458188804898408,0.345821361328403,0.2246453622367545,0.2246479204230767,0.2246479204230767,0.2246453622367545,13.376438978943003
300.0,90.903,31.256,4.404,4.557,3426.616,1.8942873398191715,1.8942869820781083,1.8942869820781083,1.8942873398191715,1.618771920355693,1.6187763118714469,1.6187763118714469,1.618771920355693,0.3232688067028051,0.3232630322726983,0.3232630322726983,0.3232688067028051,0.2234966092955183,0.223502578426124,0.223502578426124,0.2234966092955183,1.6425707793114392
300.0,91.02,32.345,2.519,2.634,2243.154,1.894987365815736,1.8949873650626865,1.8949873650626865,1.894987365815736,1.6222822683146398,1.6222802165405463,1.6222802165405463,1.6222822683146398,0.3249299641426288,0.3249229564617093,0.3249229564617093,0.3249299641426288,0.2235788395850575,0.2235848828352552,0.2235848828352552,0.2235788395850575,2.509259537076016
300.0,91.025,97.766,3.895,2.555,2951.163,1.892023806571964,1.892024576504194,1.892024576504194,1.892023806571964,1.6185469242260382,1.6185505907429043,1.6185505907429043,1.6185469242260382,0.3262681431177706,0.3262647036918836,0.3262647036918836,0.3262681431177706,0.2235014042128862,0.2235042754328548,0.2235042754328548,0.2235014042128862,1.9113312218950431
300.0,91.154,57.658,5.111,4.129,2817.583,1.8935495151946,1.893550508197705,1.893550508197705,1.8935495151946,1.6196385540668727,1.6196415570409668,1.6196415570409668,1.6196385540668727,0.3249987366872667,0.3249931922653358,0.3249931922653358,0.3249987366872667,0.2235213511614791,0.2235258549390809,0.2235258549390809,0.2235213511614791,1.9993355532004828
300.0,91.424,88.268,2.648,3.15,707.801,1.8976110052315736,1.8976099132034483,1.8976099132034483,1.8976110052315736,1.643356345969986,1.6433529362676231,1.6433529362676231,1.643356345969986,0.3370656722687983,0.3370669721404989,0.3370669721404989,0.3370656722687983,0.2240947343168823,0.2240940793839044,0.2240940793839044,0.2240947343168823,7.9667149497466525
300.0,91.965,65.615,3.43,4.655,3692.04,1.8926150909738853,1.8926143173211416,1.8926143173211416,1.8926150909738853,1.6173610020260338,1.617359298692438,1.617359298692438,1.6173610020260338,0.3247843005939186,0.3247811588762198,0.3247811588762198,0.3247843005939186,0.2234685814648367,0.2234715131732604,0.2234715131732604,0.2234685814648367,1.5261888512054993
300.0,91.979,87.51,3.772,5.489,2843.914,1.8922037166842145,1.892201426592772,1.892201426592772,1.8922037166842145,1.6187978980546391,1.618787797427595,1.618787797427595,1.6187978980546391,0.326429750815215,0.326425851062251,0.326425851062251,0.326429750815215,0.2235051454008089,0.2235086141804551,0.2235086141804551,0.2235051454008089,1.9827460254572808
300.0,93.235,10.258,3.775,5.875,737.743,1.8996951072293569,1.899695861322769,1.899695861322769,1.8996951072293569,1.642976671523178,1.6429788110656482,1.6429788110656482,1.642976671523178,0.3343866131577845,0.3343259621228936,0.3343259621228936,0.3343866131577845,0.2240480362257427,0.2240948689073242,0.2240948689073242,0.2240480362257427,7.623990744330114
300.0,93.263,17.143,5.85,5.745,342.063,1.907239895392236,1.9072419201344128,1.9072419201344128,1.907239895392236,1.6792877947934937,1.6792904442231316,1.6792904442231316,1.6792877947934937,0.3506959687372951,0.3506641909742117,0.3506641909742117,0.3506959687372951,0.2249467273906271,0.2249711875557426,0.2249711875557426,0.2249467273906271,16.446474950995164
300.0,93.475,73.327,4.623,3.474,1243.525,1.8945486150740536,1.8945470175718688,1.8945470175718688,1.8945486150740536,1.629013958381082,1.6290108559729608,1.6290108559729608,1.629013958381082,0.3311782377363986,0.3311763732270194,0.3311763732270194,0.3311782377363986,0.2237472608764934,0.2237495481384112,0.2237495481384112,0.2237472608764934,4.532382953744548
300.0,93.694,13.948,5.445,4.455,3339.775,1.8941838069069257,1.894183124563121,1.894183124563121,1.8941838069069257,1.6185282858143797,1.6185297454210317,1.6185297454210317,1.6185282858143797,0.3239199347763773,0.3238902052837229,0.3238902052837229,0.3239199347763773,0.2234785745992479,0.2235025183263811,0.2235025183263811,0.2234785745992479,1.6843267123390195
300.0,94.131,65.521,4.676,5.704,1110.407,1.8951304691215285,1.8951306473279368,1.8951306473279368,1.8951304691215285,1.631197886462865,1.6312007831096589,1.6312007831096589,1.631197886462865,0.3321598107635825,0.3321573482922617,0.3321573482922617,0.3321598107635825,0.223798351198527,0.2238008262203855,0.2238008262203855,0.223798351198527,5.074436130948919
300.0,95.167,39.583,4.17,5.438,2936.335,1.8930219011327347,1.8930235859811515,1.8930235859811515,1.8930219011327347,1.6185845522273457,1.6185908824108093,1.6185908824108093,1.6185845522273457,0.3259135104525792,0.3259126088653283,0.3259126088653283,0.3259135104525792,0.223494118630753,0.2234957755711173,0.2234957755711173,0.223494118630753,1.917341288665684
300.0,95.314,99.687,5.612,6.146,3436.251,1.8905049829904617,1.8905045149672528,1.8905045149672528,1.8905049829904617,1.6162580723059676,1.616256075390601,1.616256075390601,1.6162580723059676,0.327711569629589,0.3277108597867958,0.3277108597867958,0.327711569629589,0.2234487543508922,0.2234496886192252,0.2234496886192252,0.2234487543508922,1.6416069266477311
300.0,95.839,59.833,4.663,4.975,4746.672,1.891435585875744,1.8914361680324572,1.8914361680324572,1.891435585875744,1.6150384403410163,1.6150412725445542,1.6150412725445542,1.6150384403410163,0.3256324909016337,0.3256263180752913,0.3256263180752913,0.3256324909016337,0.2234110872325249,0.223416135314521,0.223416135314521,0.2234110872325249,1.1868670096587588
300.0,95.975,17.04,5.256,6.485,4498.848,1.8930426688362412,1.8930448318942628,1.8930448318942628,1.8930426688362412,1.6160962382314723,1.616098981585537,1.616098981585537,1.6160962382314723,0.3242237124369044,0.3242089874682522,0.3242089874682522,0.3242237124369044,0.2234271244976888,0.223438800161201,0.223438800161201,0.2234271244976888,1.2505033887088188
300.0,96.447,28.942,6.315,5.704,4743.723,1.8924097557815969,1.8924155766972224,1.8924155766972224,1.8924097557815969,1.615467687851579,1.6154847376254586,1.6154847376254586,1.615467687851579,0.3247489094772528,0.3247399492389859,0.3247399492389859,0.3247489094772528,0.223415609046586,0.2234229824894331,0.2234229824894331,0.223415609046586,1.1864111027670106
300.0,96.488,73.409,6.293,3.453,2156.836,1.892003893043502,1.8920031735289968,1.8920031735289968,1.892003893043502,1.6203962199413766,1.620390286829775,1.620390286829775,1.6203962199413766,0.32900847184323,0.3290065073704909,0.3290065073704909,0.32900847184323,0.2235426530748184,0.2235441648455899,0.2235441648455899,0.2235426530748184,2.613151767291239
300.0,96.842,45.937,4.39,4.205,3997.136,1.8918639808009865,1.8918637730984924,1.8918637730984924,1.8918639808009865,1.6159428188152405,1.6159394630200563,1.6159394630200563,1.6159428188152405,0.3259527872033131,0.325948551388736,0.325948551388736,0.3259527872033131,0.2234312207901056,0.2234347777198778,0.2234347777198778,0.2234312207901056,1.4087864340268872
300.0,96.846,74.817,5.924,4.791,3252.304,1.8910754084258088,1.891074935028104,1.891074935028104,1.8910754084258088,1.616700748605421,1.616695580848666,1.616695580848666,1.616700748605421,0.327618990465217,0.3276144285670189,0.3276144285670189,0.327618990465217,0.2234541877713235,0.2234575959851034,0.2234575959851034,0.2234541877713235,1.7330495815123232
300.0,96.94,32.657,4.702,4.532,2972.609,1.8927576095344367,1.8927561678557012,1.8927561678557012,1.8927576095344367,1.6181423719098378,1.6181367782009894,1.6181367782009894,1.6181423719098378,0.3263848257916625,0.3263780008946375,0.3263780008946375,0.3263848257916625,0.2234800828700995,0.2234858086849517,0.2234858086849517,0.2234800828700995,1.8935132940866288
300.0,96.944,34.346,5.855,5.895,3060.002,1.8926454393048493,1.892644987978284,1.892644987978284,1.8926454393048493,1.6178856974875395,1.617886029050548,1.617886029050548,1.6178856974875395,0.326351128084367,0.3263447367631111,0.3263447367631111,0.326351128084367,0.2234741788096505,0.2234800464163936,0.2234800464163936,0.2234741788096505,1.8395356847266364
300.0,96.954,16.705,2.635,3.467,1752.44,1.8945200020788533,1.8945171724202476,1.8945171724202476,1.8945200020788533,1.6238560823940569,1.6238453896614689,1.6238453896614689,1.6238560823940569,0.3281941945437498,0.328186251642814,0.328186251642814,0.3281941945437498,0.2236113676411266,0.2236189702154654,0.2236189702154654,0.2236113676411266,3.210231697490487
300.0,97.391,59.554,3.546,4.342,1964.989,1.8924896716088575,1.8924894449599816,1.8924894449599816,1.8924896716088575,1.621464871560973,1.6214649003255024,1.6214649003255024,1.621464871560973,0.3293468596167437,0.3293460253506392,0.3293460253506392,0.3293468596167437,0.2235658663130991,0.2235670995542248,0.2235670995542248,0.2235658663130991,2.866984538285994
300.0,97.798,17.883,4.391,4.409,926.354,1.896741333291108,1.896750905293456,1.896750905293456,1.896741333291108,1.6352169991177088,1.6352394529071284,1.6352394529071284,1.6352169991177088,0.3338241371999519,0.3338015425638797,0.3338015425638797,0.3338241371999519,0.223880964033473,0.2238979027442412,0.2238979027442412,0.223880964033473,6.073190510647922
300.0,97.826,11.042,5.437,3.069,1521.338,1.8948980018377608,1.8948976101562385,1.8948976101562385,1.8948980018377608,1.625651506356808,1.6256503361286054,1.6256503361286054,1.625651506356808,0.3292697519971629,0.329222057655641,0.329222057655641,0.3292697519971629,0.2236396219772775,0.2236767100156476,0.2236767100156476,0.2236396219772775,3.697202227584989
300.0,98.384,91.563,3.22,5.483,3869.193,1.8897796872696289,1.889780113902373,1.889780113902373,1.8897796872696289,1.614866876443671,1.6148687117182874,1.6148687117182874,1.614866876443671,0.3284114546447978,0.32840967819666,0.32840967819666,0.3284114546447978,0.2234143063792918,0.22341593340783,0.22341593340783,0.2234143063792918,1.4575310529106815
300.0,98.725,97.026,3.925,3.107,4890.402,1.889211473717024,1.8892101327807465,1.8892101327807465,1.889211473717024,1.613432207544143,1.6134307886224422,1.6134307886224422,1.613432207544143,0.3282102531488819,0.3282102761354298,0.3282102761354298,0.3282102531488819,0.223381732112075,0.223382517790958,0.223382517790958,0.223381732112075,1.1533750152399111
300.0,99.175,41.764,3.835,3.805,1761.324,1.8929350322923209,1.8929325859026107,1.8929325859026107,1.8929350322923209,1.6226737282335904,1.6226665681586827,1.6226665681586827,1.6226737282335904,0.3300638743179151,0.3300617655910108,0.3300617655910108,0.3300638743179151,0.2235916665004188,0.2235941073946543,0.2235941073946543,0.2235916665004188,3.1966387953901005
300.0,99.626,85.356,4.439,5.236,4948.11,1.8893726728265727,1.8893745462296327,1.8893745462296327,1.8893726728265727,1.6133462797874447,1.6133518974141787,1.6133518974141787,1.6133462797874447,0.3281433264145503,0.3281397251541495,0.3281397251541495,0.3281433264145503,0.2233771451308779,0.2233799919188985,0.2233799919188985,0.2233771451308779,1.1394900540940585
350.0,10.118,65.671,3.737,4.827,2414.832,1.7508833306391482,1.7508772693926948,1.7508772693926948,1.7508833306391482,1.787178474138778,1.7871575951985892,1.7871575951985892,1.787178474138778,0.9268190770749216,0.9268130489793136,0.9268130489793136,0.9268190770749216,0.2666838769354774,0.2666880411817513,0.2666880411817513,0.2666838769354774,3.1761401430474305
350.0,10.147,41.523,3.893,3.125,2725.771,1.7513500884082691,1.751340513297248,1.751340513297248,1.7513500884082691,1.7858371752940878,1.7857993844977194,1.7857993844977194,1.7858371752940878,0.9244659455345716,0.9244626868183952,0.9244626868183952,0.9244659455345716,0.2665561234404342,0.2665589555222898,0.2665589555222898,0.2665561234404342,2.8116170585361075
350.0,10.194,63.505,5.33,4.453,1421.489,1.7530351589459958,1.7530266137232808,1.7530266137232808,1.7530351589459958,1.7945712525256678,1.794538435080452,1.794538435080452,1.7945712525256678,0.9306991796749194,0.9306956915203916,0.9306956915203916,0.9306991796749194,0.2666169992969261,0.266619307991979,0.266619307991979,0.2666169992969261,5.395250306983972
350.0,10.199,17.227,3.18,2.556,891.703,1.7576318183259954,1.7576245079162467,1.7576245079162467,1.7576318183259954,1.8049585112942603,1.804932134611692,1.804932134611692,1.8049585112942603,0.933144414554638,0.9331196829783844,0.9331196829783844,0.933144414554638,0.2662450594493626,0.266265162718797,0.266265162718797,0.2662450594493626,8.587745944439817
350.0,10.635,55.735,5.25,5.543,1390.358,1.7532719955127798,1.7532640467200524,1.7532640467200524,1.7532719955127798,1.7949746732079903,1.794944674400358,1.794944674400358,1.7949746732079903,0.9307046967326242,0.9306996831449772,0.9306996831449772,0.9307046967326242,0.2666079489088548,0.2666115470417311,0.2666115470417311,0.2666079489088548,5.514653263458431
350.0,10.968,49.699,2.805,5.727,4699.844,1.7496947034097132,1.749685980446289,1.749685980446289,1.7496947034097132,1.7820511008948503,1.782017361968368,1.782017361968368,1.7820511008948503,0.9235735788897094,0.9235702260305004,0.9235702260305004,0.9235735788897094,0.2667118484779388,0.2667145129764683,0.2667145129764683,0.2667118484779388,1.6310894454868916
350.0,11.036,27.051,4.995,5.927,3572.307,1.7509272283431967,1.7509187841578788,1.7509187841578788,1.7509272283431967,1.7836336640938892,1.7836013083167177,1.7836013083167177,1.7836336640938892,0.9229366475294886,0.9229249274646968,0.9229249274646968,0.9229366475294886,0.2665681500776915,0.2665779791615701,0.2665779791615701,0.2665681500776915,2.144331731037949
350.0,11.352,32.839,4.682,5.018,4546.353,1.7501957256805305,1.7501882446095711,1.7501882446095711,1.7501957256805305,1.7821739081268155,1.7821461422092406,1.7821461422092406,1.7821739081268155,0.9227699668366905,0.9227608337850394,0.9227608337850394,0.9227699668366905,0.2666444905990629,0.2666520777992698,0.2666520777992698,0.2666444905990629,1.6852314092111458
350.0,11.518,90.351,6.389,3.721,1399.177,1.7517917798642453,1.751784954417564,1.751784954417564,1.7517917798642453,1.7951920770406176,1.795167325609617,1.795167325609617,1.7951920770406176,0.933819280903872,0.9338158352918284,0.9338158352918284,0.933819280903872,0.2668960377942023,0.2668979837524445,0.2668979837524445,0.2668960377942023,5.486063670878052
350.0,13.156,56.069,4.807,6.401,3700.4,1.7491996637975806,1.7491935145444224,1.7491935145444224,1.7491996637975806,1.7838037471196488,1.7837821907162128,1.7837821907162128,1.7838037471196488,0.9265260371499576,0.9265208949373648,0.9265208949373648,0.9265260371499576,0.2669371890538521,0.2669410462344979,0.2669410462344979,0.2669371890538521,2.0720552858360897
350.0,13.506,65.641,6.437,5.948,1747.438,1.7509581445434736,1.750951806942916,1.750951806942916,1.7509581445434736,1.7916229411230262,1.7916003281956767,1.7916003281956767,1.7916229411230262,0.931644007686678,0.9316386154524064,0.9316386154524064,0.931644007686678,0.2669633118582225,0.2669671239199711,0.2669671239199711,0.2669633118582225,4.38916890821066
350.0,13.533,62.665,3.993,3.762,4374.27,1.748554753894892,1.7485477743949562,1.7485477743949562,1.748554753894892,1.7828300099804846,1.7828043116352923,1.7828043116352923,1.7828300099804846,0.926720012088063,0.9267173897641608,0.9267173897641608,0.926720012088063,0.267020414526968,0.2670223145905836,0.2670223145905836,0.267020414526968,1.7532247208250047
350.0,13.907,50.206,3.756,3.109,2471.838,1.7501335478293951,1.7501276472222775,1.7501276472222775,1.7501335478293951,1.7872833559884125,1.7872628637810044,1.7872628637810044,1.7872833559884125,0.9285417025784568,0.9285365436045844,0.9285365436045844,0.9285417025784568,0.2669440068699109,0.2669480211118237,0.2669480211118237,0.2669440068699109,3.1013179379589046
350.0,14.174,14.822,4.096,4.927,3109.747,1.75064618166936,1.7506369837115263,1.7506369837115263,1.75064618166936,1.78498272117348,1.784946690428047,1.784946690428047,1.78498272117348,0.925085887985342,0.9250597242600032,0.9250597242600032,0.925085887985342,0.2667689477055385,0.2667906882863384,0.2667906882863384,0.2667689477055385,2.462301125885713
350.0,14.262,53.565,2.918,3.621,1037.119,1.7539749656364954,1.753968272017084,1.753968272017084,1.7539749656364954,1.801669441425492,1.801645184776636,1.801645184776636,1.801669441425492,0.936769317561452,0.936765459516368,0.936765459516368,0.936769317561452,0.2668802526795446,0.2668831482822816,0.2668831482822816,0.2668802526795446,7.392358092174986
350.0,15.296,47.631,4.534,4.932,3430.362,1.7489589519446609,1.7489515808275882,1.7489515808275882,1.7489589519446609,1.7845501870712344,1.7845227188559556,1.7845227188559556,1.7845501870712344,0.9278867571023652,0.927883197591348,0.927883197591348,0.9278867571023652,0.2670808543124756,0.2670838486112764,0.2670838486112764,0.2670808543124756,2.234548304233048
350.0,17.257,68.846,5.077,5.041,1673.587,1.7498410732504803,1.749833817619959,1.749833817619959,1.7498410732504803,1.7927585056402435,1.7927312872940329,1.7927312872940329,1.7927585056402435,0.9351722947694716,0.9351689704021194,0.9351689704021194,0.9351722947694716,0.2673278002489545,0.2673301095663683,0.2673301095663683,0.2673278002489545,4.58330830901004
350.0,18.166,27.653,3.223,5.619,4091.775,1.7483771856885415,1.7483708925184054,1.7483708925184054,1.748377185688598,1.7835607879500577,1.783538337913117,1.783538337913117,1.7835608013419118,0.9280546706460804,0.9280424050044732,0.9280424050044732,0.9280546706460804,0.2672338463101248,0.2672442439720557,0.2672442439720557,0.2672338463101248,1.8721228476730123
350.0,18.492,18.538,4.372,5.588,3656.632,1.7487913193968845,1.7487879386161755,1.7487879386161755,1.7487913193968845,1.784276477033487,1.7842680915673603,1.7842680915673603,1.784276477033487,0.9280644321181408,0.9280355177494264,0.9280355177494264,0.9280644321181408,0.2671976242108883,0.2672210574526334,0.2672210574526334,0.2671976242108883,2.094284361781402
350.0,18.534,11.218,4.624,3.089,2550.906,1.749887527121486,1.74988026880698,1.74988026880698,1.749887527121486,1.7872700008737488,1.7872430473231071,1.7872430473231071,1.7872700008737488,0.9292204750789824,0.9291633176488489,0.9291633176488489,0.9292204750789824,0.2671234933716435,0.26716872254138,0.26716872254138,0.2671234933716435,3.001363176935311
350.0,19.33,81.417,3.9,4.834,4945.519,1.7458821906200148,1.7458766562861845,1.7458766562861845,1.7458821906200148,1.78298663497062,1.7829674490677658,1.7829674490677658,1.78298663497062,0.9322533185829296,0.9322492297878768,0.9322492297878768,0.9322533185829296,0.2676749013080669,0.2676776917140892,0.2676776917140892,0.2676749013080669,1.5516490324025063
350.0,19.634,55.35,4.303,3.063,1805.164,1.7492216082677727,1.7492144442418929,1.7492144442418929,1.7492216082677727,1.7918489162815725,1.7918221273050847,1.7918221273050847,1.7918489162815725,0.935470359875718,0.9354665711625751,0.9354665711625751,0.935470359875718,0.2674780388833485,0.2674810354236827,0.2674810354236827,0.2674780388833485,4.247361509773479
350.0,19.652,63.98,6.345,5.494,1632.307,1.7493510531066327,1.7493452385483983,1.7493452385483983,1.7493510531066327,1.7934128385343877,1.793392493729825,1.793392493729825,1.7934128385343877,0.9369198798396492,0.936913976250249,0.936913976250249,0.9369198798396492,0.2675193471842616,0.2675236827271297,0.2675236827271297,0.2675193471842616,4.6984621951731915
350.0,19.808,96.082,5.257,6.427,4179.142,1.74550510139634,1.7454990419302086,1.7454990419302086,1.74550510139634,1.784100368011594,1.7840787176195745,1.7840787176195745,1.784100368011594,0.9342022846733637,0.93419847870236,0.93419847870236,0.9342022846733637,0.2678009462190488,0.2678033537175713,0.2678033537175713,0.2678009462190488,1.8370673644282112
350.0,20.355,99.308,4.058,5.022,4161.717,1.7452288773085498,1.7452231284568225,1.7452231284568225,1.7452288773085498,1.7842189206425536,1.7841987371698529,1.7841987371698529,1.7842189206425536,0.9348814871824732,0.9348781882313416,0.9348781882313416,0.9348814871824732,0.2678718658999881,0.2678738867633748,0.2678738867633748,0.2678718658999881,1.8449511150713231
350.0,20.593,92.153,6.018,4.41,474.06,1.7590340113451193,1.7590267539250526,1.7590267539250526,1.7590340113451193,1.832341318024035,1.8323139895717016,1.8323139895717016,1.832341318024035,0.9604560210499564,0.9604527539736524,0.9604527539736524,0.9604560210499564,0.2674805639032042,0.2674823034213788,0.2674823034213788,0.2674805639032042,16.192596133720027
350.0,20.607,31.351,5.839,2.923,2560.908,1.7485322016928293,1.7485264081103806,1.7485264081103806,1.7485322016928293,1.7876169810941491,1.7875967715850074,1.7875967715850074,1.7876169810941491,0.932249872111771,0.9322409255236201,0.9322409255236201,0.932249872111771,0.2674551562188643,0.2674629382041373,0.2674629382041373,0.2674551562188643,2.9915941421287013
350.0,20.711,42.817,4.679,4.285,2697.401,1.7479681466253956,1.7479622972412168,1.7479622972412168,1.7479681466253956,1.7872042945417244,1.7871835898790118,1.7871835898790118,1.7872042945417244,0.9328842513196166,0.9328779380067624,0.9328779380067624,0.9328842513196166,0.2675386619322193,0.2675439523741467,0.2675439523741467,0.2675386619322193,2.841274897050264
350.0,20.957,96.198,5.613,3.728,4996.675,1.744850108423196,1.7448432095429494,1.7448432095429494,1.744850108423196,1.783249327101843,1.7832237013869126,1.7832237013869126,1.783249327101843,0.9345753771768096,0.934573430230824,0.934573430230824,0.9345753771768096,0.2679178214491783,0.2679188641245478,0.2679188641245478,0.2679178214491783,1.5364987523063025
350.0,21.248,32.986,2.774,3.418,3574.571,1.7474683356038996,1.7474622869474776,1.7474622869474776,1.7474683356038996,1.784878082682965,1.7848565752979255,1.7848565752979255,1.784878082682965,0.9313409844180854,0.9313336043602471,0.9313336043602471,0.9313409844180854,0.2675469740994514,0.2675535213173123,0.2675535213173123,0.2675469740994514,2.1433638248050406
350.0,22.173,72.782,3.76,6.04,3829.348,1.745693738117656,1.7456877815021192,1.7456877815021192,1.74569373811734,1.7847985276260658,1.7847773550512718,1.7847773550512718,1.784798513564393,0.9346844508244918,0.9346814636492476,0.9346814636492476,0.9346844508244918,0.2678786645218416,0.2678808053823091,0.2678808053823091,0.2678786645218416,2.0033505917446264
350.0,22.663,94.765,2.545,4.728,1615.539,1.7474013933188812,1.7473950435860897,1.7473950435860897,1.7474013933188812,1.794203378009412,1.79418022929069,1.79418022929069,1.794203378009412,0.9416231052516368,0.9416205670799545,0.9416205670799545,0.9416231052516368,0.2679910856025428,0.2679925603776171,0.2679925603776171,0.2679910856025428,4.751967229331813
350.0,23.193,54.866,3.627,3.167,3145.911,1.7463833228709005,1.7463780269390976,1.7463780269390976,1.7463833228709005,1.7862527693703274,1.7862346649001155,1.7862346649001155,1.7862527693703274,0.9349804000579848,0.9349736073737842,0.9349736073737842,0.9349804000579848,0.2678541936306219,0.2678594961042292,0.2678594961042292,0.2678541936306219,2.4371460783988783
350.0,24.006,82.091,2.874,6.153,3151.112,1.745202481777401,1.7451963081767543,1.7451963081767543,1.745202481777401,1.7865471722357191,1.78652510621131,1.78652510621131,1.7865471722357191,0.9375867316894624,0.9375844747659672,0.9375844747659672,0.9375867316894624,0.2680979775591997,0.2680994243731712,0.2680994243731712,0.2680979775591997,2.4352774058609823
350.0,24.03,74.439,4.161,6.415,4547.471,1.744743913549755,1.7447377960647168,1.7447377960647168,1.744743913549755,1.7839970464409174,1.7839750687244114,1.7839750687244114,1.7839970464409174,0.9357009971695812,0.9356974440603572,0.9356974440603572,0.9357009971695812,0.2680712589038296,0.2680738022814026,0.2680738022814026,0.2680712589038296,1.687075447941209
350.0,24.802,57.07,3.992,5.144,1337.48,1.748921080340941,1.7489145505491694,1.7489145505491694,1.7489210803407045,1.7975070842116034,1.797483156218595,1.797483156218595,1.7975070977922625,0.94236779298727,0.9423627063485988,0.9423627063485988,0.94236779298727,0.2679392959882632,0.2679432604153711,0.2679432604153711,0.2679392959882632,5.732837492220416
350.0,24.818,21.084,5.915,5.784,1656.912,1.7490782436342391,1.7490728187527338,1.7490728187527338,1.7490782436342391,1.7935362224562614,1.7935177505656827,1.7935177505656827,1.7935362224562614,0.937777422770643,0.937763792498142,0.937763792498142,0.937777422770643,0.2677455493501367,0.2677576216058067,0.2677576216058067,0.2677455493501367,4.622205280511311
350.0,25.1,96.423,5.552,2.89,923.246,1.7499519342345526,1.7499456611069333,1.7499456611069333,1.7499519342345526,1.806497463976586,1.8064746672702252,1.8064746672702252,1.806497463976586,0.9501300919434054,0.9501264267926592,0.9501264267926592,0.9501300919434054,0.2681469586135958,0.2681492174839444,0.2681492174839444,0.2681469586135958,8.315610692722435
350.0,25.64,48.219,3.491,2.542,2931.35,1.7459937452196903,1.7459864213520115,1.7459864213520115,1.7459937452196903,1.787124574198795,1.7870967914755609,1.7870967914755609,1.787124574198795,0.936752925438274,0.9367486501640147,0.9367486501640147,0.936752925438274,0.2680411866721907,0.2680448725434109,0.2680448725434109,0.2680411866721907,2.614959941337883
350.0,25.692,79.667,2.677,4.173,2281.533,1.745624071988796,1.7456180340651208,1.7456180340651208,1.745624071988796,1.789857225161496,1.7898355997736215,1.7898355997736215,1.789857225161496,0.9404260465700552,0.9404221886147608,0.9404221886147608,0.9404260465700552,0.2682204457517429,0.2682231353810068,0.2682231353810068,0.2682204457517429,3.3631793232216323
350.0,25.955,72.738,5.085,3.727,2090.49,1.7460646879411357,1.7460578818351715,1.7460578818351715,1.7460646879411357,1.790869470023668,1.7908441924686211,1.7908441924686211,1.790869470023668,0.9406865433424492,0.940682928016431,0.940682928016431,0.9406865433424492,0.26819581355709,0.2681984300194641,0.2681984300194641,0.26819581355709,3.669699105692924
350.0,26.089,44.022,3.61,6.383,1430.772,1.7485927799861698,1.748585872706991,1.748585872706991,1.7485927799861698,1.7963289424236313,1.796303161904075,1.796303161904075,1.7963289424236313,0.9417658204335466,0.9417612614652068,0.9417612614652068,0.9417658204335466,0.267991530063148,0.2679955404646706,0.2679955404646706,0.267991530063148,5.356754075428234
350.0,26.339,53.971,4.902,6.434,1963.817,1.7467968299338794,1.7467913625556826,1.7467913625556826,1.7467968299338794,1.7915659802383472,1.7915467638514468,1.7915467638514468,1.7915659802383472,0.940056086026928,0.9400499819835724,0.9400499819835724,0.940056086026928,0.2681108875304276,0.2681157584816243,0.2681157584816243,0.2681108875304276,3.9040206953851713
350.0,26.441,82.007,3.833,5.062,2395.288,1.7451539703392394,1.745147983236074,1.745147983236074,1.7451539703392394,1.7894427303509886,1.7894213888871218,1.7894213888871218,1.7894427303509886,0.9409023620077344,0.9408985572353794,0.9408985572353794,0.9409023620077344,0.2683099969122363,0.2683126074266845,0.2683126074266845,0.2683099969122363,3.2036989848774757
350.0,26.661,42.411,5.156,5.224,2239.577,1.7466271905866249,1.7466207116213326,1.7466207116213326,1.7466271905866249,1.7899156258854168,1.7898917485050765,1.7898917485050765,1.7899156258854168,0.9386016817184392,0.9385971677571264,0.9385971677571264,0.9386016817184392,0.2680829931735463,0.2680870917357194,0.2680870917357194,0.2680829931735463,3.422030620079298
350.0,26.731,94.144,5.341,3.014,669.369,1.7525088014639387,1.7525022218332973,1.7525022218332973,1.7525088014639387,1.817321835417695,1.8172975732823824,1.8172975732823824,1.817321835417695,0.9569866921878049,0.956983421338514,0.956983421338514,0.9569866921878049,0.2682139874537644,0.2682159218593907,0.2682159218593907,0.2682139874537644,11.468622892451538
350.0,27.823,55.614,3.739,4.464,2023.67,1.7461567179217343,1.7461501054598627,1.7461501054598627,1.7461567179217343,1.7913958573625743,1.7913712794484542,1.7913712794484542,1.7913958573625743,0.9411434981841345,0.9411391353265884,0.9411391353265884,0.9411434981841345,0.2682656709953547,0.2682692441147626,0.2682692441147626,0.2682656709953547,3.788750855844029
350.0,28.623,28.666,4.198,5.109,1105.273,1.7497956985098608,1.7497868828137226,1.7497868828137226,1.7497956985098608,1.8018486122491888,1.8018137908295704,1.8018137908295704,1.8018486122491888,0.9455223819092587,0.94551662656372,0.94551662656372,0.9455223819092587,0.2681005989261863,0.2681062656438871,0.2681062656438871,0.2681005989261863,6.930800537726761
350.0,28.679,52.546,6.012,3.641,3700.414,1.7443567841596324,1.744349709281853,1.744349709281853,1.7443567841596324,1.785745424848577,1.7857185895894987,1.7857185895894987,1.785745424848577,0.9384905163316574,0.938486966424277,0.938486966424277,0.9384905163316574,0.268369002811801,0.2683720981412545,0.2683720981412545,0.268369002811801,2.07177408102978
350.0,29.951,95.361,6.442,4.848,3622.357,1.7425492689138944,1.7425438740744696,1.7425438740744696,1.7425492689138944,1.7864008241835814,1.7863818289842808,1.7863818289842808,1.7864008241835814,0.9427044815743678,0.94270188585056,0.94270188585056,0.9427044815743678,0.2687537129066769,0.2687554197990687,0.2687554197990687,0.2687537129066769,2.1193639229176178
350.0,30.116,90.949,2.786,2.853,1916.472,1.7444348466336057,1.7444286559465767,1.7444286559465767,1.7444348466336057,1.7927074726654335,1.7926848540795892,1.7926848540795892,1.7927074726654335,0.945933339937327,0.9459304708665066,0.9459304708665066,0.945933339937327,0.2686994930755601,0.2687013869033864,0.2687013869033864,0.2686994930755601,4.005263688941681
350.0,30.284,93.948,4.496,3.222,3563.644,1.742523231421327,1.7425170910360808,1.7425170910360808,1.742523231421327,1.786554953337206,1.786532628298275,1.786532628298275,1.786554953337206,0.9429303030780358,0.9429272866873842,0.9429272866873842,0.9429303030780358,0.2687760441692141,0.2687780489060366,0.2687780489060366,0.2687760441692141,2.1541819119176404
350.0,30.661,47.35,4.531,2.743,1692.891,1.746224026865189,1.746220022412149,1.746220022412149,1.7462240268653375,1.794196187758346,1.7941839393414367,1.7941839393414367,1.7941961735827274,0.944144651326088,0.9441357386546296,0.9441357386546296,0.944144651326088,0.2684675124168934,0.2684746993741876,0.2684746993741876,0.2684675124168934,4.527809219697052
350.0,31.017,46.877,5.999,2.58,4266.0,1.7435343662075224,1.7435287789299816,1.7435287789299816,1.7435343662075224,1.7850975997190364,1.785078048583299,1.785078048583299,1.7850975997190364,0.9394378485452236,0.9394308487636976,0.9394308487636976,0.9394378485452236,0.2685619827621477,0.268567804025963,0.268567804025963,0.2685619827621477,1.796762498715078
350.0,31.889,89.717,3.561,3.745,3262.38,1.74233801023555,1.7423324734363088,1.7423324734363088,1.74233801023555,1.7874121317150846,1.7873926153138984,1.7873926153138984,1.7874121317150846,0.9442616767063436,0.9442588060846336,0.9442588060846336,0.9442616767063436,0.2688998286034611,0.2689017894906748,0.2689017894906748,0.2688998286034611,2.352780472872493
350.0,32.485,71.306,4.266,4.18,4128.944,1.7422966370496622,1.742290338842118,1.742290338842118,1.7422966370496622,1.7856961780548275,1.785673038760998,1.785673038760998,1.7856961780548275,0.9424946547639464,0.9424919336038996,0.9424919336038996,0.9424946547639464,0.2688538505134127,0.2688559871542474,0.2688559871542474,0.2688538505134127,1.857876927323468
350.0,32.543,23.674,4.87,6.094,2958.843,1.744577841361283,1.7445713015353612,1.7445713015353612,1.744577841361283,1.787784841394899,1.7877605721917949,1.7877605721917949,1.787784841394899,0.9404041297603484,0.9403885479096956,0.9403885479096956,0.9404041297603484,0.2685432420410693,0.2685566840727425,0.2685566840727425,0.2685432420410693,2.588573544750247
350.0,32.574,82.77,5.248,4.596,1513.617,1.7449314327302987,1.7449255453457533,1.7449255453457533,1.7449314327302987,1.7965676031844695,1.7965464928507031,1.7965464928507031,1.7965676031844695,0.9492365290488408,0.9492339243948648,0.9492339243948648,0.9492365290488408,0.2688626286318915,0.2688644274333456,0.2688644274333456,0.2688626286318915,5.069909723708294
350.0,32.744,88.587,3.754,5.994,3150.344,1.7421804905781284,1.742174243082997,1.742174243082997,1.7421804905781284,1.7878070732427431,1.7877842324097817,1.7877842324097817,1.7878070732427431,0.9450140751410742,0.9450117114557836,0.9450117114557836,0.9450140751410742,0.2689737191970589,0.2689753039682945,0.2689753039682945,0.2689737191970589,2.4363609617715194
350.0,32.957,24.218,4.288,3.905,3675.949,1.7439465958484115,1.7439402663975223,1.7439402663975223,1.7439465958484115,1.7861545830191488,1.78613109342158,1.78613109342158,1.7861545830191488,0.9398549715822148,0.9398414246383204,0.9398414246383204,0.9398549715822148,0.268598364646153,0.2686102853374087,0.2686102853374087,0.268598364646153,2.083630094210531
350.0,32.996,39.0,3.973,5.125,3877.194,1.7433332605530985,1.7433277081809393,1.7433277081809393,1.7433332605530985,1.785911768421129,1.7858921788069044,1.7858921788069044,1.785911768421129,0.9407632881991564,0.9407555900169444,0.9407555900169444,0.9407632881991564,0.2686981009404536,0.268704793966042,0.268704793966042,0.2686981009404536,1.9764305829894884
350.0,33.114,39.353,5.177,3.906,3763.597,1.7433398841409893,1.7433340273645055,1.7433340273645055,1.7433398841409893,1.786131626403506,1.7861105998918956,1.7861105998918956,1.786131626403506,0.9409920010470744,0.9409839098128716,0.9409839098128716,0.9409920010470744,0.2687101986271194,0.2687171677470537,0.2687171677470537,0.2687101986271194,2.036108452247829
350.0,33.934,45.299,4.295,5.131,3596.77,1.7429647803279706,1.7429592365049278,1.7429592365049278,1.7429647803279706,1.7866094399384764,1.7865898642696427,1.7865898642696427,1.7866094399384764,0.9422494520340028,0.9422435993262132,0.9422435993262132,0.9422494520340028,0.2688244863783068,0.2688295861738052,0.2688295861738052,0.2688244863783068,2.1309583607043536
350.0,34.005,52.187,4.028,6.316,2198.315,1.743997702425697,1.7439916493501195,1.7439916493501195,1.743997702425697,1.7912213325017456,1.7911992846672098,1.7911992846672098,1.7912213325017456,0.945272188898914,0.945268792451411,0.945268792451411,0.945272188898914,0.2688450957093149,0.2688481669307522,0.2688481669307522,0.2688450957093149,3.487340383737505
350.0,34.238,53.337,3.017,4.333,1991.823,1.744227202310878,1.7442211067011146,1.7442211067011146,1.744227202310878,1.7924772599752052,1.792455063865775,1.792455063865775,1.7924772599752052,0.946200737900702,0.9461964928701188,0.9461964928701188,0.946200737900702,0.2688665411367295,0.2688701747280478,0.2688701747280478,0.2688665411367295,3.8490141412679
350.0,35.083,33.466,5.667,6.014,2887.129,1.743489969992997,1.7434830357972535,1.7434830357972535,1.743489969992997,1.7884342466424608,1.788407860289689,1.788407860289689,1.7884342466424608,0.9432528276271228,0.9432465365704336,0.9432465365704336,0.9432528276271228,0.268849710061845,0.2688556938072636,0.2688556938072636,0.268849710061845,2.6537096735054537
350.0,35.186,64.284,4.769,5.778,697.801,1.7503494179495829,1.7503442234892903,1.7503442234892903,1.7503494179495829,1.8167433150745331,1.8167252869557384,1.8167252869557384,1.8167433150745331,0.9607658166698286,0.9607610558712107,0.9607610558712107,0.9607658166698286,0.2688679907783848,0.2688716677873497,0.2688716677873497,0.2688679907783848,10.990557784819153
350.0,36.286,72.805,3.961,2.889,1140.013,1.7456500893079054,1.7456436361078276,1.7456436361078276,1.7456500893079054,1.8026168039875887,1.8025927675453024,1.8025927675453024,1.8026168039875887,0.9545108732108548,0.9545076549900752,0.9545076549900752,0.9545108732108548,0.2691256847460745,0.2691281465058197,0.2691281465058197,0.2691256847460745,6.729192606032117
350.0,36.655,12.547,4.292,3.914,1297.952,1.7467715395212884,1.746765666838919,1.746765666838919,1.7467715395212884,1.7993902426598285,1.7993688671641237,1.7993688671641237,1.7993902426598285,0.9489122060691216,0.9488643758517252,0.9488643758517252,0.9489122060691216,0.2687836236149657,0.2688221662684703,0.2688221662684703,0.2687836236149657,5.89878993883915
350.0,36.859,74.928,4.463,5.608,989.701,1.7463673294453756,1.7463610911426486,1.7463610911426486,1.7463673294453756,1.8061648272443929,1.806141861946701,1.806141861946701,1.8061648272443929,0.9569926400437456,0.9569891510097484,0.9569891510097484,0.9569926400437456,0.2691732287428103,0.2691758120016213,0.2691758120016213,0.2691732287428103,7.751717782519111
350.0,37.063,25.557,2.835,5.81,1822.023,1.7445893023199446,1.744583136778427,1.744583136778427,1.7445893023199446,1.7938555333915462,1.7938327842383317,1.7938327842383317,1.7938555333915462,0.9470815266924808,0.9470704957543308,0.9470704957543308,0.9470815266924808,0.2689559127693328,0.2689659612333666,0.2689659612333666,0.2689559127693328,4.203898783509374
350.0,37.135,71.094,3.96,3.288,641.602,1.7504146895827124,1.7504089545299597,1.7504089545299597,1.7504146895827124,1.820366409854949,1.8203457888185737,1.8203457888185737,1.820366409854949,0.9646056319387571,0.9646011971286282,0.9646011971286282,0.9646056319387571,0.269083306319909,0.2690866180858637,0.2690866180858637,0.269083306319909,11.955835260947056
350.0,37.429,59.65,5.807,4.994,438.759,1.755982186717301,1.7559751083002149,1.7559751083002149,1.755982186717301,1.8390347518338868,1.8390074584562344,1.8390074584562344,1.8390347518338868,0.9740951266979894,0.974091004049552,0.974091004049552,0.9740951266979894,0.2689141740986423,0.2689174404218331,0.2689174404218331,0.2689141740986423,17.4765413153051
350.0,37.709,91.097,5.806,4.36,4667.043,1.7397438427180518,1.7397391983087094,1.7397391983087094,1.7397438427180518,1.7858947479010208,1.785879383229836,1.785879383229836,1.7858947479010208,0.9477354442546692,0.947732114625548,0.947732114625548,0.9477354442546692,0.2694875675262831,0.2694899435228783,0.2694899435228783,0.2694875675262831,1.6447164150843785
350.0,37.886,14.35,3.819,2.888,1943.579,1.744449617865786,1.7444444913183783,1.7444444913183783,1.744449617865786,1.7929944437962184,1.7929770024930325,1.7929770024930325,1.7929944437962184,0.9464529169552311,0.9464157412134612,0.9464157412134612,0.9464529169552311,0.2689612669570208,0.2689916953610601,0.2689916953610601,0.2689612669570208,3.9395353104553137
350.0,39.093,44.349,5.206,4.96,1390.809,1.7445421612361884,1.744536668085178,1.744536668085178,1.7445421612361884,1.7987004564950089,1.7986809893536613,1.7986809893536613,1.7987004564950089,0.9524654470355584,0.9524599458155848,0.9524599458155848,0.9524654470355584,0.2692463901330849,0.2692513016415049,0.2692513016415049,0.2692463901330849,5.510645462189272
350.0,39.179,77.53,3.615,4.426,1172.334,1.744382305982078,1.7443771319117425,1.7443771319117425,1.7443823059821648,1.8024738856569311,1.8024556556388305,1.8024556556388305,1.8024738570142815,0.9568562692063431,0.9568527547622871,0.9568527547622871,0.9568562692063431,0.2694444264780334,0.269447118466941,0.269447118466941,0.2694444264780334,6.544658237329817
350.0,39.662,32.65,4.522,5.581,1570.569,1.744150830010394,1.7441449701736351,1.7441449701736351,1.744150830010394,1.7965610769423586,1.7965397627185595,1.7965397627185595,1.7965610769423586,0.9509120510979912,0.95090439621224,0.95090439621224,0.9509120510979912,0.2692405448634365,0.2692476409918453,0.2692476409918453,0.2692405448634365,4.878065375510196
350.0,40.989,65.683,4.821,5.811,3783.184,1.7399005572232065,1.7398952750740315,1.7398952750740315,1.7399005572232065,1.7874543681009354,1.7874356675367709,1.7874356675367709,1.7874543681009354,0.9491984307654046,0.9491952462451354,0.9491952462451354,0.9491984307654046,0.2696396017236239,0.2696423220280905,0.2696423220280905,0.2696396017236239,2.0272837322828527
350.0,41.606,34.365,3.801,6.05,4312.172,1.7405165560943947,1.7405104984176347,1.7405104984176347,1.7405165560943947,1.786441414483389,1.786419086304882,1.786419086304882,1.786441414483389,0.9469363629233282,0.9469288782681168,0.9469288782681168,0.9469363629233282,0.2695050309439713,0.2695119611469913,0.2695119611469913,0.2695050309439713,1.7767783589166877
350.0,42.48,66.288,3.075,4.94,4042.444,1.7392737728679142,1.7392688901341535,1.7392688901341535,1.7392737728679142,1.7872475444556484,1.7872307507505782,1.7872307507505782,1.7872475444556484,0.9502055982414016,0.950200665130776,0.950200665130776,0.9502055982414016,0.2697914732885865,0.2697954577864429,0.2697954577864429,0.2697914732885865,1.8972992742136212
350.0,42.56,70.295,5.118,3.623,4797.234,1.738830607217801,1.7388248061923135,1.7388248061923135,1.738830607217801,1.7862947192215095,1.7862735645429155,1.7862735645429155,1.7862947192215095,0.9500195317369796,0.9500156170556908,0.9500156170556908,0.9500195317369796,0.2698309623971039,0.269834116953003,0.269834116953003,0.2698309623971039,1.5989898654988095
350.0,42.863,86.953,4.628,4.152,2541.657,1.7395231166492096,1.7395173259453032,1.7395173259453032,1.7395231166492096,1.7912629024078073,1.7912416971328322,1.7912416971328322,1.7912629024078073,0.9540882835824092,0.9540862301826716,0.9540862301826716,0.9540882835824092,0.269940154805531,0.2699417306665873,0.2699417306665873,0.269940154805531,3.019632512383328
350.0,43.21,51.23,4.124,4.582,2131.4,1.7411588886504388,1.7411524515761103,1.7411524515761103,1.7411588886504388,1.7929455087534978,1.7929214069193324,1.7929214069193324,1.7929455087534978,0.9527898191626508,0.9527852071728472,0.9527852071728472,0.9527898191626508,0.2697340235331773,0.2697381184976572,0.2697381184976572,0.2697340235331773,3.5966733517271656
350.0,43.266,89.865,2.542,4.263,2228.166,1.73969872012649,1.7396936266388954,1.7396936266388954,1.73969872012649,1.7927804572990973,1.7927626794485003,1.7927626794485003,1.7927804572990973,0.9554074986645548,0.9554040105629044,0.9554040105629044,0.9554074986645548,0.2699899941576999,0.2699925558401193,0.2699925558401193,0.2699899941576999,3.444800670029963
350.0,43.277,94.297,2.885,5.37,1756.334,1.7404274995820332,1.7404221600142276,1.7404221600142276,1.7404274995816762,1.7959399285799014,1.795920920980531,1.795920920980531,1.7959399285778088,0.957436920393416,0.9574338526334888,0.9574338526334888,0.957436920393416,0.2700017486778992,0.2700039283896423,0.2700039283896423,0.2700017486778992,4.370858199794924
350.0,43.424,23.257,3.739,4.207,3790.239,1.7405312620889233,1.7405270158709127,1.7405270158709127,1.7405312620889233,1.7874330702017862,1.7874192688171249,1.7874192688171249,1.7874330702017862,0.9480286501504211,0.9480139359319992,0.9480139359319992,0.9480286501504211,0.2696044834550274,0.2696175277799352,0.2696175277799352,0.2696044834550274,2.020713046486081
350.0,43.692,90.802,4.122,3.633,1589.009,1.7408476913692092,1.7408420477038633,1.7408420477038633,1.7408476913692092,1.7975238140215404,1.7975034559841487,1.7975034559841487,1.7975238140215404,0.9583557079525414,0.95835380924849,0.95835380924849,0.9583557079525414,0.2700121362330191,0.2700134930534458,0.2700134930534458,0.2700121362330191,4.830561693305625
350.0,43.788,92.337,2.989,6.14,4272.73,1.7378806710711343,1.7378751002309536,1.7378751002309536,1.7378806710711343,1.7873422302041386,1.7873222528018649,1.7873222528018649,1.7873422302041386,0.9529981758633717,0.952996060317803,0.952996060317803,0.9529981758633717,0.2700895002048867,0.2700910279690818,0.2700910279690818,0.2700895002048867,1.796559604453229
350.0,43.838,46.121,4.572,3.59,781.467,1.7470428103746616,1.747036851329567,1.747036851329567,1.7470428103746616,1.813956434546376,1.8139344200742609,1.8139344200742609,1.813956434546376,0.9642923322165105,0.964287180497842,0.964287180497842,0.9642923322165105,0.2696383330945805,0.2696429829175125,0.2696429829175125,0.2696383330945805,9.807985014898087
350.0,43.891,65.173,3.654,4.034,4841.256,1.7385564322567688,1.7385512319881018,1.7385512319881018,1.7385564322567688,1.7864018160270192,1.7863836794997972,1.7863836794997972,1.7864018160270192,0.9506871846896316,0.9506831161908365,0.9506831161908365,0.9506871846896316,0.2699293998968863,0.269932783231428,0.269932783231428,0.2699293998968863,1.5841834915542794
350.0,44.033,78.847,3.737,4.915,868.959,1.7449481625577477,1.7449419895291804,1.7449419895291804,1.7449481625577477,1.8109714735708753,1.8109484556994784,1.8109484556994784,1.8109714735708753,0.965071875945662,0.9650684615696832,0.9650684615696832,0.965071875945662,0.2698898777117934,0.2698924607044583,0.2698924607044583,0.2698898777117934,8.829860875982991
350.0,44.465,82.382,6.264,6.204,3320.534,1.7384839601472344,1.7384783440852665,1.7384783440852665,1.7384839601472344,1.7890881329346164,1.7890678086314713,1.7890678086314713,1.7890881329346164,0.9537495336563708,0.9537465426406172,0.9537465426406172,0.9537495336563708,0.270082505060463,0.2700848283926018,0.2700848283926018,0.270082505060463,2.3109896743740146
350.0,44.556,71.7,4.925,5.253,4930.772,1.7380951189907534,1.7380896881776955,1.7380896881776955,1.7380951189907534,1.7864668065893707,1.7864476410077224,1.7864476410077224,1.7864668065893707,0.9516517513231044,0.9516490280717772,0.9516490280717772,0.9516517513231044,0.2700375157189443,0.2700397709496179,0.2700397709496179,0.2700375157189443,1.5557522748299786
350.0,44.692,19.161,2.645,6.328,1061.522,1.7451992334371629,1.7451940371484782,1.7451940371484782,1.7451992334371629,1.8050878967096853,1.8050694576823887,1.8050694576823887,1.8050878967096853,0.9582543424624874,0.9582387639414964,0.9582387639414964,0.9582543424624874,0.2695987228311472,0.2696128370147724,0.2696128370147724,0.2695987228311472,7.21408580858903
350.0,44.719,76.147,4.52,3.267,1975.863,1.7401048201705676,1.7400994613970997,1.7400994613970997,1.7401048201705676,1.7943620020169335,1.7943428708874527,1.7943428708874527,1.7943620020169335,0.9563711449137372,0.9563677636792928,0.9563677636792928,0.9563711449137372,0.2700376869357729,0.2700403898368178,0.2700403898368178,0.2700376869357729,3.882936025007796
350.0,45.299,21.621,3.091,3.505,4786.029,1.7395794401665223,1.7395717532560704,1.7395717532560704,1.7395794401665223,1.7862956623261743,1.786265246626816,1.786265246626816,1.7862956623261743,0.9486452975672288,0.9486299541218892,0.9486299541218892,0.9486452975672288,0.2697854602608084,0.2697991593217298,0.2697991593217298,0.2697854602608084,1.6001915819491404
350.0,45.836,68.282,2.741,4.134,785.58,1.7456097973858142,1.745604260535488,1.745604260535488,1.7456097973858142,1.8143297462013688,1.8143096550869084,1.8143096550869084,1.8143297462013688,0.967474146104341,0.9674705928681148,0.9674705928681148,0.967474146104341,0.2699842693801125,0.269987184191905,0.269987184191905,0.2699842693801125,9.763642686076638
350.0,46.115,72.149,6.021,6.059,2405.394,1.7391266999733332,1.7391211493336405,1.7391211493336405,1.7391266999733332,1.7922103444903823,1.7921902631756708,1.7921902631756708,1.7922103444903823,0.9559350536142052,0.9559312119385706,0.9559312119385706,0.9559350536142052,0.2701634824769239,0.270166606370235,0.270166606370235,0.2701634824769239,3.189142095771288
350.0,46.754,10.249,4.892,5.978,3845.644,1.739859375979646,1.7398532483176,1.7398532483176,1.739859375979646,1.7877268470673342,1.787703881934764,1.787703881934764,1.7877268470673342,0.9497254612879772,0.9496439346541212,0.9496439346541212,0.9497254612879772,0.2698232926423462,0.269887197055931,0.269887197055931,0.2698232926423462,1.990748889013568
350.0,46.826,76.678,4.536,3.32,3486.876,1.73780401688294,1.7377985161426586,1.7377985161426586,1.73780401688294,1.7890350934557724,1.789015376690138,1.789015376690138,1.7890350934557724,0.9550347525504616,0.9550306593271912,0.9550306593271912,0.9550347525504616,0.2702814941152743,0.2702847105347325,0.2702847105347325,0.2702814941152743,2.200329306197572
350.0,47.258,79.509,2.674,4.596,1897.564,1.7393219279593786,1.739316304719478,1.739316304719478,1.7393219279593786,1.7953395965412529,1.7953192581594792,1.7953192581594792,1.7953395965412529,0.9589724065418967,0.9589696277478328,0.9589696277478328,0.9589724065418967,0.2703093883082608,0.2703115881282361,0.2703115881282361,0.2703093883082608,4.043584793595176
350.0,47.342,19.745,5.821,4.656,2231.012,1.7407193763476332,1.740713237815412,1.740713237815412,1.7407193763476332,1.7927542937838603,1.7927314195761122,1.7927314195761122,1.7927542937838603,0.9535108272830252,0.9534903827093886,0.9534903827093886,0.9535108272830252,0.2699373736021735,0.2699550155602841,0.2699550155602841,0.2699373736021735,3.4325507630936367
350.0,47.417,29.935,4.707,6.022,490.946,1.7519685179852602,1.7519626909034036,1.7519626909034036,1.7519685179852602,1.8340726003321008,1.8340513470533808,1.8340513470533808,1.8340726003321008,0.9766684822710672,0.9766601103119984,0.9766601103119984,0.9766684822710672,0.2697747688322781,0.2697825810747486,0.2697825810747486,0.2697747688322781,15.60353689470595
350.0,47.89,96.376,2.723,3.214,3875.805,1.736589926113274,1.7365847798871137,1.7365847798871137,1.736589926113274,1.788648191875726,1.7886301095672064,1.7886301095672064,1.788648191875726,0.9569559857350116,0.9569537448661488,0.9569537448661488,0.9569559857350116,0.2705193610598984,0.2705209760810797,0.2705209760810797,0.2705193610598984,1.980796916608367
350.0,47.898,95.368,3.809,4.634,4654.37,1.7363059343985778,1.7363013591716283,1.7363013591716283,1.7363059343985778,1.7875230761546328,1.7875077329127076,1.7875077329127076,1.7875230761546328,0.9562805176417914,0.9562768376765228,0.9562768376765228,0.9562805176417914,0.2705189488153864,0.2705216538308522,0.2705216538308522,0.2705189488153864,1.649403380462308
350.0,48.351,97.961,4.549,5.174,3393.919,1.73665476047698,1.7366495149754009,1.7366495149754009,1.73665476047698,1.7896853334934455,1.7896666141038824,1.7896666141038824,1.7896853334934455,0.957963973130712,0.9579615446389504,0.9579615446389504,0.957963973130712,0.2705705802436004,0.2705723595965599,0.2705723595965599,0.2705705802436004,2.262155325097638
350.0,48.51,92.976,3.798,4.295,2317.916,1.7377677443672197,1.7377630360551533,1.7377630360551533,1.7377677443672197,1.7931993194341458,1.7931831733792407,1.7931831733792407,1.7931993194341458,0.9596479703535452,0.9596451852949396,0.9596451852949396,0.9596479703535452,0.2705353304147196,0.2705374126460834,0.2705374126460834,0.2705353304147196,3.3117321523764223
350.0,48.986,69.296,5.409,2.576,4294.869,1.7369556265039587,1.736950326961741,1.736950326961741,1.7369556265039587,1.787915550563718,1.7878967389060902,1.7878967389060902,1.787915550563718,0.9554765583501078,0.955473400287976,0.955473400287976,0.9554765583501078,0.270456428801141,0.2704591205259557,0.2704591205259557,0.270456428801141,1.7859490808391594
350.0,48.992,62.423,5.847,4.878,624.566,1.747186744327597,1.7471806397911922,1.7471806397911431,1.747186744327597,1.823336472632378,1.823313677770763,1.8233137057978503,1.823336472632378,0.9742462191879768,0.9742423443250036,0.9742423443250036,0.9742462191879768,0.270217256004938,0.2702205122891949,0.2702205122891949,0.270217256004938,12.278299273684835
350.0,49.255,54.004,2.851,4.868,4110.241,1.7374554843619012,1.7374511437174476,1.7374511437174476,1.7374554843619012,1.788081515660486,1.7880672265946604,1.7880672265946604,1.788081515660486,0.9547073559346883,0.9547017345473812,0.9547017345473812,0.9547073559346883,0.2703820840471954,0.2703869510017293,0.2703869510017293,0.2703820840471954,1.865243480385572
350.0,49.358,71.886,4.428,6.418,4361.37,1.7367217447020893,1.7367168500496164,1.7367168500496164,1.736721744702716,1.7879072685665447,1.7878903440442766,1.7878903440442766,1.787907269098462,0.955921408071435,0.9559175710745024,0.9559175710745024,0.955921408071435,0.27051051559256,0.2705136660036122,0.2705136660036122,0.27051051559256,1.758864802502404
350.0,50.665,54.441,4.818,5.701,543.988,1.7486477849011215,1.7486430766951295,1.7486430766951295,1.7486477849011215,1.8297189756265233,1.8297027595560071,1.8297027595560071,1.8297189756265233,0.978374416484684,0.9783686529674684,0.9783686529674684,0.978374416484684,0.2703004613430397,0.2703053449112209,0.2703053449112209,0.2703004613430397,14.093310690171286
350.0,50.927,63.49,3.285,5.148,4312.337,1.736511093261894,1.7365060630038085,1.7365060630038085,1.736511093261894,1.7881468984032802,1.7881292937263993,1.7881292937263993,1.7881468984032802,0.9566055127856636,0.9566021359739324,0.9566021359739324,0.9566055127856636,0.2706123755634007,0.2706153688670319,0.2706153688670319,0.2706123755634007,1.7783746085102332
350.0,50.98,78.512,3.355,4.244,2555.882,1.7371546730561505,1.7371497474076267,1.7371497474076267,1.7371546730561505,1.792422561174854,1.7924053060008394,1.7924053060008394,1.792422561174854,0.9600133046661734,0.9600094034269409,0.9600094034269409,0.9600133046661734,0.2706939354959445,0.270697058356937,0.270697058356937,0.2706939354959445,3.0019721806741626
350.0,51.11,20.921,2.809,4.543,441.114,1.7527593623228352,1.7527540809829534,1.7527540809829534,1.7527593623228352,1.8406196821139391,1.840600606965376,1.840600606965376,1.8406196821139391,0.9822896010910738,0.9822705966140272,0.9822705966140272,0.9822896010910738,0.2700550662913612,0.2700715775946641,0.2700715775946641,0.2700550662913612,17.361034191893065
350.0,51.504,11.384,2.831,5.465,3875.274,1.738258793440814,1.738252647475594,1.738252647475594,1.738258793440814,1.7884220336515646,1.788399042502407,1.788399042502407,1.7884220336515646,0.9536009902430176,0.9535403688934267,0.9535403688934267,0.9536009902430176,0.2703073755210762,0.2703557852021922,0.2703557852021922,0.2703073755210762,1.975589542559909
350.0,51.681,86.477,3.162,5.759,3240.244,1.7360578198210566,1.7360526440719193,1.7360526440719193,1.7360578198210566,1.7904791300594507,1.7904607981574865,1.7904607981574865,1.7904791300594507,0.9600123642878576,0.9600098292654144,0.9600098292654144,0.9600123642878576,0.2708277170225588,0.2708297106621627,0.2708297106621627,0.2708277170225588,2.3685479258373308
350.0,51.943,39.706,6.478,3.039,3226.917,1.737544809463285,1.7375388082380672,1.7375388082380672,1.737544809463285,1.7900994500733494,1.790077323053486,1.790077323053486,1.7900994500733494,0.9567607621850588,0.9567543829192028,0.9567543829192028,0.9567607621850588,0.2705479282028656,0.2705538588876974,0.2705538588876974,0.2705479282028656,2.37471358735134
350.0,52.387,10.142,3.148,3.81,1776.827,1.740232735416464,1.7402262852812032,1.7402262852812032,1.740232735416464,1.7964222034973167,1.796397805372742,1.796397805372742,1.7964222034973167,0.9585260474314786,0.9584397877552105,0.9584397877552105,0.9585260474314786,0.2703359862515746,0.2704034825232716,0.2704034825232716,0.2703359862515746,4.308587607855062
350.0,52.669,31.575,4.469,3.776,668.226,1.7462492530059972,1.746244234720986,1.746244234720986,1.7462492530059972,1.8209097636212452,1.8208920467896512,1.8208920467896512,1.8209097636212452,0.9734842026479846,0.9734747178328172,0.9734747178328172,0.9734842026479846,0.2704030610468073,0.2704117137486811,0.2704117137486811,0.2704030610468073,11.464517258151016
350.0,52.716,57.672,5.268,5.454,1700.773,1.7387209325144246,1.7387159131687575,1.7387159131687575,1.7387209325144246,1.797595151945104,1.7975775175511193,1.7975775175511193,1.797595151945104,0.9626474069654116,0.962642690772004,0.962642690772004,0.9626474069654116,0.2707061550773377,0.2707102707384874,0.2707102707384874,0.2707061550773377,4.5082195407613925
350.0,53.052,74.968,2.844,4.395,4394.523,1.735403559647845,1.735398452148354,1.735398452148354,1.735403559647845,1.7884943593061282,1.7884764662546544,1.7884764662546544,1.7884943593061282,0.959127137607737,0.9591238550196732,0.9591238550196732,0.959127137607737,0.2709006532501102,0.2709033643971386,0.2709033643971386,0.2709006532501102,1.7457628525181983
350.0,54.127,86.792,4.21,3.381,1167.403,1.7392565148857158,1.7392521040080835,1.7392521040080835,1.7392565148857158,1.8051063347223648,1.8050917195038405,1.8050917195038405,1.8051063347223648,0.9697764983091132,0.9697721966604572,0.9697721966604572,0.9697764983091132,0.2710058249638746,0.2710090686620754,0.2710090686620754,0.2710058249638746,6.5741589398104265
350.0,54.832,85.68,4.806,3.743,2748.571,1.7354607033530465,1.7354564447744507,1.7354564447744507,1.7354607033530465,1.7924259514306953,1.7924120274925075,1.7924120274925075,1.7924259514306953,0.9633037914649688,0.9633003633302812,0.9633003633302812,0.9633037914649688,0.2711331757869241,0.2711358504469285,0.2711358504469285,0.2711331757869241,2.792156479644041
350.0,54.956,24.242,4.971,4.002,2155.363,1.7382016262799076,1.738196541638822,1.738196541638822,1.7382016262799076,1.7944204803624575,1.7944026594542797,1.7944026594542797,1.7944204803624575,0.9602350718579664,0.9602170485753057,0.9602170485753057,0.9602350718579664,0.2707242659917834,0.2707397551823954,0.2707397551823954,0.2707242659917834,3.553513283492574
350.0,55.316,27.54,5.376,3.711,4445.986,1.7362308858845392,1.7362264437117807,1.7362264437117807,1.7362308858845392,1.788330008817558,1.7883150476994238,1.7883150476994238,1.788330008817558,0.9573983116828922,0.9573858991930296,0.9573858991930296,0.9573983116828922,0.2708148075425248,0.2708259854047087,0.2708259854047087,0.2708148075425248,1.7228900714554962
350.0,55.568,14.767,6.441,3.862,4205.86,1.736669800687472,1.7366649752624264,1.7366649752624264,1.736669800687472,1.788578901370093,1.7885619238310255,1.7885619238310255,1.788578901370093,0.9568450177645133,0.9568087456711059,0.9568087456711059,0.9568450177645133,0.2707459467384035,0.2707759708245297,0.2707759708245297,0.2707459467384035,1.8204975941879915
350.0,55.89,78.996,4.666,3.407,4445.412,1.7343249020938472,1.734319798443788,1.7343197984438627,1.7343249020938472,1.7889411362260974,1.7889231475003242,1.788923146987405,1.7889411362260974,0.9617042867695283,0.9617012450313228,0.9617012450313228,0.9617042867695283,0.2712135020411221,0.2712160107709068,0.2712160107709068,0.2712135020411221,1.7259981267274942
350.0,55.96,11.983,3.593,5.252,4843.271,1.7364071710593814,1.736401834830949,1.736401834830949,1.7364071710593814,1.7878084421195954,1.7877891976097262,1.7877891976097262,1.7878084421195954,0.9565239294727133,0.956468809886309,0.956468809886309,0.9565239294727133,0.2707638968983811,0.2708082292951563,0.2708082292951563,0.2707638968983811,1.580762613816777
350.0,56.009,64.683,5.705,5.263,1051.536,1.7400692775928754,1.7400641768082783,1.7400641768082783,1.7400692775928754,1.8076517902326723,1.8076336520884817,1.8076336520884817,1.8076517902326723,0.9709972492637898,0.9709927334701592,0.9709927334701592,0.9709972492637898,0.271039566633385,0.2710433809010457,0.2710433809010457,0.271039566633385,7.293286545319587
350.0,56.231,35.768,2.787,6.345,785.211,1.743318198542795,1.743312879158045,1.743312879158045,1.743318198542795,1.815769815447996,1.8157507375517776,1.8157507375517776,1.815769815447996,0.973574704403902,0.9735663590899916,0.9735663590899916,0.973574704403902,0.2708268570745767,0.2708344561091532,0.2708344561091532,0.2708268570745767,9.757784952964506
350.0,56.292,54.819,3.586,6.362,3457.436,1.7354689938543508,1.7354644966553687,1.7354644966553687,1.7354689938543508,1.7904264203167712,1.7904110985782522,1.7904110985782522,1.7904264203167712,0.9611329350192798,0.9611280294327904,0.9611280294327904,0.9611329350192798,0.2710865339941943,0.2710909494691066,0.2710909494691066,0.2710865339941943,2.2174623285196766
350.0,56.502,35.738,4.06,2.718,782.651,1.7432615587510452,1.743256157502562,1.743256157502562,1.7432615587510452,1.8159256287191865,1.8159061547896829,1.8159061547896829,1.8159256287191865,0.973854230388512,0.9738459259612912,0.9738459259612912,0.973854230388512,0.2708539558726522,0.2708615256472965,0.2708615256472965,0.2708539558726522,9.789690504872159
350.0,56.716,51.869,6.039,5.169,2255.687,1.7365535340510492,1.7365491866641098,1.7365491866641098,1.7365535340510492,1.794458316881391,1.7944436976127691,1.7944436976127691,1.794458316881391,0.9634367509831964,0.963430484019924,0.963430484019924,0.9634367509831964,0.2710903950107152,0.2710959111429533,0.2710959111429533,0.2710903950107152,3.3985133647060626
350.0,58.021,73.756,5.123,5.69,1783.834,1.736255737441836,1.736250959402312,1.736250959402312,1.7362557374423535,1.7979539920857603,1.7979373924402124,1.7979373924402124,1.797954007011424,0.9678046065460092,0.9678006515141004,0.9678006515141004,0.9678046065460092,0.2713544251587894,0.2713577009988709,0.2713577009988709,0.2713544251587894,4.300523918779938
350.0,58.631,71.901,3.662,4.738,1247.56,1.7378813165759832,1.7378760689421402,1.7378760689421402,1.7378813165759832,1.8043047472287823,1.804285895693426,1.804285895693426,1.8043047472287823,0.971579945781372,0.9715770136752055,0.9715770136752055,0.971579945781372,0.2713758577171537,0.2713783981344946,0.2713783981344946,0.2713758577171537,6.148750313695544
350.0,58.971,33.757,3.979,2.521,2891.563,1.7357099785048264,1.7357044027237631,1.7357044027237631,1.7357099785048264,1.7921314446464924,1.792110984053852,1.792110984053852,1.7921314446464924,0.9625448914950188,0.9625366134160444,0.9625366134160444,0.9625448914950188,0.2712104591992078,0.271218225960674,0.271218225960674,0.2712104591992078,2.649588392420344
350.0,58.997,48.335,3.109,5.075,327.34,1.7551054048156327,1.7551000363608724,1.7551000363608724,1.7551054048156327,1.8631083353393312,1.8630888140803956,1.8630888140803956,1.8631083353393312,1.002109946084946,1.002102791171871,1.002102791171871,1.002109946084946,0.2709587321499208,0.2709648493077879,0.2709648493077879,0.2709587321499208,23.41570966009836
350.0,59.682,32.185,2.635,4.798,1061.618,1.7398832893925753,1.7398791830564202,1.7398791830564202,1.7398832893925753,1.8077043991872368,1.80769112231998,1.80769112231998,1.8077043991872368,0.9714521879559154,0.9714392646773063,0.9714392646773063,0.9714521879559154,0.2711981194610146,0.271209411807232,0.271209411807232,0.2711981194610146,7.216352254365785
350.0,59.813,72.923,6.202,3.026,932.697,1.7394433938193774,1.739438619276774,1.739438619276774,1.7394433938193774,1.811572532866772,1.8115558722032,1.8115558722032,1.811572532866772,0.9764703940720568,0.9764667815329882,0.9764667815329882,0.9764703940720568,0.2714716296575485,0.271474681441339,0.271474681441339,0.2714716296575485,8.22471215123494
350.0,60.968,68.39,3.247,3.231,4840.17,1.7328848391623333,1.7328802093054811,1.7328802093054811,1.7328848391623333,1.7892244954086527,1.7892087126897258,1.7892087126897258,1.7892244954086527,0.9648027744588116,0.9647994554929964,0.9647994554929964,0.9648027744588116,0.2716611723634944,0.2716641015394513,0.2716641015394513,0.2716611723634944,1.5846711439107282
350.0,62.05,61.797,3.221,3.28,4212.396,1.7329746844250185,1.7329703838686608,1.7329703838686608,1.7329746844250185,1.7901409340930252,1.79012663479062,1.79012663479062,1.7901409340930252,0.965631559944632,0.9656272794412012,0.9656272794412012,0.965631559944632,0.2717239709805063,0.2717277927936561,0.2717277927936561,0.2717239709805063,1.8204416157778631
350.0,63.582,90.618,4.478,3.651,1237.389,1.735692270978643,1.735687420405526,1.735687420405526,1.735692270978643,1.805580056833352,1.805563022727485,1.805563022727485,1.805580056833352,0.977177510113988,0.9771746140492914,0.9771746140492914,0.977177510113988,0.2720132291917221,0.2720155335292719,0.2720155335292719,0.2720132291917221,6.203026324310455
350.0,64.052,16.725,5.499,2.953,646.65,1.7433955969154835,1.7433899000987942,1.7433899000987942,1.7433955969154835,1.8240804129947408,1.824058913942317,1.824058913942317,1.8240804129947408,0.9824850778843452,0.9824557106653744,0.9824557106653744,0.9824850778843452,0.2714667965902985,0.2714916950164368,0.2714916950164368,0.2714667965902985,11.841138506507416
350.0,64.495,35.653,5.129,3.832,1410.316,1.7364900751504957,1.7364854604613165,1.7364854604613165,1.7364900751504957,1.8025419868569243,1.8025260556354767,1.8025260556354767,1.8025419868569243,0.9723702707810598,0.9723606857491126,0.9723606857491126,0.9723702707810598,0.27174557808164,0.2717542537717839,0.2717542537717839,0.27174557808164,5.432714868031982
350.0,65.657,25.307,2.599,3.581,4319.527,1.7329645405491003,1.7329601545756843,1.7329601545756843,1.7329645405491003,1.7902307885870734,1.790215814351089,1.790215814351089,1.7902307885870734,0.9657667066577744,0.9657526736736674,0.9657526736736674,0.9657667066577744,0.2718460300534575,0.271858704074375,0.271858704074375,0.2718460300534575,1.7731776283187526
350.0,67.184,83.743,4.227,4.212,4760.751,1.7303623245195547,1.7303580483688208,1.7303580483688208,1.7303623245195547,1.7905885709849363,1.7905742121594528,1.7905742121594528,1.7905885709849363,0.9711246251300856,0.971121517331654,0.971121517331654,0.9711246251300856,0.2724030741155982,0.2724056946839176,0.2724056946839176,0.2724030741155982,1.6118985561310362
350.0,67.485,83.13,6.365,4.661,3152.015,1.7310677885819992,1.7310634369671052,1.7310634369671052,1.7310677885819992,1.7934257320696303,1.7934111802080288,1.7934111802080288,1.7934257320696303,0.9728540457759716,0.972851104001793,0.972851104001793,0.9728540457759716,0.2724197653016663,0.272422228159402,0.272422228159402,0.2724197653016663,2.4345324469847567
350.0,67.991,95.461,3.974,3.731,3956.649,1.7300210933775568,1.7300164339243258,1.7300164339243258,1.7300210933775568,1.7919813502785045,1.791965502466381,1.791965502466381,1.7919813502785045,0.9732891759853874,0.9732859756282868,0.9732859756282868,0.9732891759853874,0.2725623299929736,0.2725648034124056,0.2725648034124056,0.2725623299929736,1.940217676138989
350.0,68.66,41.202,4.524,4.33,2787.768,1.7323776013687218,1.7323730427491373,1.7323730427491373,1.7323776013687218,1.794245901533354,1.7942301964188314,1.7942301964188314,1.794245901533354,0.9712411792807866,0.971234347342206,0.971234347342206,0.9712411792807866,0.2722518857952046,0.2722583094556939,0.2722583094556939,0.2722518857952046,2.748870598172431
350.0,69.389,27.855,2.575,5.393,454.964,1.746063933283609,1.7460589505441777,1.7460589505441777,1.746063933283609,1.8423009890673605,1.8422827630075165,1.8422827630075165,1.8423009890673605,0.9970791272779131,0.9970640493909382,0.9970640493909382,0.9970791272779131,0.2720378064412254,0.2720510563416706,0.2720510563416706,0.2720378064412254,16.835958161407596
350.0,69.861,33.137,4.729,3.568,1636.247,1.7340962283779833,1.7340915084258348,1.7340915084258348,1.7340962283779833,1.8009439976251185,1.8009274305030705,1.8009274305030705,1.8009439976251185,0.9752197500351084,0.9752111150317428,0.9752111150317428,0.9752197500351084,0.2722959260379149,0.2723041072727192,0.2723041072727192,0.2722959260379149,4.682161458981016
350.0,70.034,57.408,5.019,5.962,1765.161,1.732907957454176,1.7329035334594474,1.7329035334594474,1.732907957454176,1.800094075139468,1.800079036231603,1.800079036231603,1.800094075139468,0.9765659040176088,0.9765617384549022,0.9765617384549022,0.9765659040176088,0.272485486524458,0.2724893837699161,0.2724893837699161,0.272485486524458,4.343639628381343
350.0,70.222,45.656,4.205,5.897,589.141,1.741529722776834,1.741525721955462,1.741525721955462,1.741529722776834,1.829564075965828,1.8295509641168035,1.8295509641168035,1.829564075965828,0.99197629695829,0.9919695439665124,0.9919695439665124,0.99197629695829,0.2723086838744921,0.272314838686636,0.272314838686636,0.2723086838744921,13.009121563617937
350.0,70.301,90.516,5.515,3.536,3695.091,1.729557821350342,1.7295534437428997,1.7295534437428997,1.729557821350342,1.7928201357575475,1.7928053546665792,1.7928053546665792,1.7928201357575475,0.9750821848191819,0.9750790172330134,0.9750790172330134,0.9750821848191819,0.2727678205066317,0.2727703908326195,0.2727703908326195,0.2727678205066317,2.0772156123230543
350.0,70.77,80.709,4.64,3.623,1803.304,1.7318070940794454,1.7318024922887514,1.7318024922887514,1.7318070940794454,1.8001953930277357,1.8001794873895818,1.8001794873895818,1.8001953930277357,0.9787782097912412,0.9787754150924874,0.9787754150924874,0.9787782097912412,0.2727237198661095,0.2727261369359934,0.2727261369359934,0.2727237198661095,4.2549840077936425
350.0,70.956,50.992,4.396,5.99,2358.746,1.7317742172811583,1.7317701178412916,1.7317701178412916,1.7317742172811583,1.7964770487478905,1.7964635243326488,1.7964635243326488,1.7964770487478905,0.9748111182590032,0.974805161509897,0.974805161509897,0.9748111182590032,0.2725511241975031,0.2725565631371044,0.2725565631371044,0.2725511241975031,3.249873875242043
350.0,70.969,29.774,3.683,6.118,1602.474,1.7339373579238968,1.7339328951802628,1.7339328951802628,1.7339373579238968,1.8014460722501475,1.8014307265733975,1.8014307265733975,1.8014460722501475,0.9760676405115348,0.9760570893244804,0.9760570893244804,0.9760676405115348,0.272386673591316,0.2723964949676206,0.2723964949676206,0.272386673591316,4.780308940946676
350.0,71.117,68.65,4.108,4.377,3659.532,1.7300335728409413,1.730029168791331,1.730029168791331,1.7300335728409413,1.7927882100940844,1.7927731648674263,1.7927731648674263,1.7927882100940844,0.9741349908624456,0.9741307002679792,0.9741307002679792,0.9741349908624456,0.2727031089301426,0.2727068885761027,0.2727068885761027,0.2727031089301426,2.095906858061868
350.0,71.166,27.25,6.445,5.731,441.413,1.7460065780260394,1.7460015237868214,1.7460015237868214,1.7460065780260394,1.8444509572926495,1.8444325200708287,1.8444325200708287,1.8444509572926495,0.9994904603471167,0.9994778303130304,0.9994778303130304,0.9994904603471167,0.2722184553936732,0.2722300104293645,0.2722300104293645,0.2722184553936732,17.352388049672392
350.0,71.552,22.83,2.63,3.318,892.113,1.737607063482819,1.7376031760190227,1.7376031760190227,1.7376070634825564,1.8144172807510728,1.8144043464246449,1.8144043464246449,1.8144172807498835,0.9831230168056032,0.983102568948814,0.983102568948814,0.9831230168056032,0.2723468410442642,0.2723645093724648,0.2723645093724648,0.2723468410442642,8.58472746980911
350.0,72.311,83.705,5.951,4.253,3236.902,1.729403118934393,1.7293991053635502,1.7293991053635502,1.729403118934393,1.7941174484150555,1.7941041765146972,1.7941041765146972,1.7941174484150555,0.9767792772890737,0.9767768826742524,0.9767768826742524,0.9767792772890737,0.2729285316095864,0.2729307059111149,0.2729307059111149,0.2729285316095864,2.3707169064774534
350.0,72.522,82.48,5.502,4.051,1261.113,1.7329207041583132,1.7329165189793023,1.7329165189793023,1.7329207041583132,1.806780539659725,1.8067664477043468,1.8067664477043468,1.806780539659725,0.9837817992409124,0.9837780372026887,0.9837780372026887,0.9837817992409124,0.2728983807155598,0.2729015228864658,0.2729015228864658,0.2728983807155598,6.084653756745628
350.0,73.085,26.826,5.977,3.551,2692.211,1.7314918546843203,1.7314875277906578,1.7314875277906578,1.7314918546843203,1.7952275463418896,1.795212763644202,1.795212763644202,1.7952275463418896,0.9739938208484568,0.9739814739612472,0.9739814739612472,0.9739938208484568,0.2726106537588718,0.2726220728089961,0.2726220728089961,0.2726106537588718,2.8450907773860576
350.0,73.652,60.304,4.673,4.6,2972.12,1.729938594975085,1.7299343640271945,1.7299343640271945,1.729938594975085,1.794813710039716,1.794799463371672,1.794799463371672,1.794813710039716,0.9765055697082432,0.9765006973789296,0.9765006973789296,0.9765055697082432,0.2729053174867838,0.2729097222167423,0.2729097222167423,0.2729053174867838,2.579952086537264
350.0,73.653,60.818,5.833,4.631,697.252,1.7379717920837805,1.7379671613319234,1.7379671613319234,1.7379717920837805,1.8235334586333496,1.8235173036418544,1.8235173036418544,1.8235334586333496,0.9922517156772648,0.99224680488357,0.99224680488357,0.9922517156772648,0.2728083851033774,0.2728127340049677,0.2728127340049677,0.2728083851033774,10.99742976626696
350.0,73.95,73.283,5.15,4.188,2038.34,1.730539414434885,1.7305346286126593,1.7305346286126593,1.730539414434885,1.799047168637872,1.7990302473800746,1.7990302473800746,1.799047168637872,0.9799460916704746,0.9799422950102832,0.9799422950102832,0.9799460916704746,0.2730129318508433,0.2730162635812195,0.2730162635812195,0.2730129318508433,3.76343052085974
350.0,73.97,15.122,4.616,5.526,1685.019,1.7332119884812287,1.7332070049548451,1.7332070049548451,1.7332119884812287,1.8010409736970237,1.8010232686635372,1.8010232686635372,1.8010409736970237,0.9770195063098296,0.9769844122589004,0.9769844122589004,0.9770195063098296,0.2725938831062684,0.2726232470690302,0.2726232470690302,0.2725938831062684,4.54394931625364
350.0,74.254,83.738,5.755,6.209,2553.719,1.7293683477553736,1.7293640588625974,1.7293640588625974,1.7293683477553736,1.7966465271196397,1.7966319755762794,1.7966319755762794,1.7966465271196397,0.9795812074475732,0.979577589794377,0.979577589794377,0.9795812074475732,0.2731257184282598,0.2731287776013159,0.2731287776013159,0.2731257184282598,3.004935556786939
350.0,74.315,88.671,3.463,2.503,2294.676,1.7295089401400845,1.729504690782337,1.729504690782337,1.7295089401400845,1.7978719956738196,1.7978577767234467,1.7978577767234467,1.7978719956738196,0.980642043285358,0.9806380418119778,0.9806380418119778,0.980642043285358,0.2731624253342437,0.273165649423501,0.273165649423501,0.2731624253342437,3.3446932821024986
350.0,74.755,13.32,6.026,6.239,4506.235,1.7302973959079355,1.73029327401045,1.73029327401045,1.7302973959079355,1.791491537168782,1.7914777160869917,1.7914777160869917,1.791491537168782,0.9722351186429826,0.9721870003620172,0.9721870003620172,0.9722351186429826,0.2726924416234646,0.2727316781066426,0.2727316781066426,0.2726924416234646,1.699026254632451
350.0,74.852,18.086,5.812,5.442,4253.007,1.7302037167448392,1.7301992490653828,1.7301992490653828,1.7302037167448392,1.7919089087837676,1.7918935543226109,1.7918935543226109,1.7919089087837676,0.9728572328304868,0.972825296127992,0.972825296127992,0.9728572328304868,0.2727401140037708,0.2727667516762357,0.2727667516762357,0.2727401140037708,1.8004667291498304
350.0,75.432,72.573,5.482,3.988,2494.838,1.7294177067609924,1.729412788856136,1.729412788856136,1.7294177067609924,1.7969820256214797,1.796964545042634,1.796964545042634,1.7969820256214797,0.979842717215759,0.9798393178834642,0.9798393178834642,0.979842717215759,0.2731723527573828,0.273175415099588,0.273175415099588,0.2731723527573828,3.074733928156185
350.0,75.457,78.258,2.694,2.79,3109.214,1.7286362228203211,1.7286320475408783,1.7286320475408783,1.7286362228203211,1.7949707320259691,1.7949567537943971,1.7949567537943971,1.7949707320259691,0.9791669716195766,0.9791631754842623,0.9791631754842623,0.9791669716195766,0.2732205835980953,0.2732238013763819,0.2732238013763819,0.2732205835980953,2.4676295698114967
350.0,75.831,57.608,4.466,4.149,824.979,1.7357301529479263,1.735725659993623,1.735725659993623,1.7357301529479263,1.8181018067587993,1.818086406733041,1.818086406733041,1.8181018067587993,0.9906545089079578,0.9906489772384812,0.9906489772384812,0.9906545089079578,0.2730399396908191,0.273044855298442,0.273044855298442,0.2730399396908191,9.29377841059504
350.0,76.006,36.706,3.179,4.917,2402.664,1.7305284430057573,1.730523606183354,1.730523606183354,1.7305284430057573,1.797062232096737,1.797045129874813,1.797045129874813,1.797062232096737,0.9778063558804764,0.9777986750336048,0.9777986750336048,0.9778063558804764,0.2729824005466977,0.272989754670785,0.272989754670785,0.2729824005466977,3.1889661690529327
350.0,76.616,97.061,5.463,6.496,371.07,1.745121536379311,1.745117056891633,1.745117056891633,1.745121536379311,1.8579257549943895,1.8579100930676795,1.8579100930676795,1.8579257549943895,1.0156791668451794,1.015675320031966,1.015675320031966,1.0156791668451794,0.2732678362071518,0.2732707687943709,0.2732707687943709,0.2732678362071518,20.688517983532886
350.0,77.056,68.785,3.92,5.707,586.129,1.738594582205969,1.7385905855891046,1.7385905855891046,1.738594582205969,1.8314814756250315,1.8314683017973012,1.8314683017973012,1.8314814756250315,0.9996361495437344,0.9996315432441096,0.9996315432441096,0.9996361495437344,0.2732066041134275,0.2732105747001717,0.2732105747001717,0.2732066041134275,13.085699575497005
350.0,77.6,53.11,3.046,4.197,2898.538,1.7289382178851704,1.7289338778230403,1.7289338778230403,1.7289382178851704,1.795707859877834,1.795693025741058,1.795693025741058,1.795707859877834,0.9793647538066208,0.979358778647236,0.979358778647236,0.9793647538066208,0.2732703794744096,0.2732758373294841,0.2732758373294841,0.2732703794744096,2.644813796028469
350.0,77.734,13.433,6.496,2.561,500.232,1.7423425916773114,1.7423378537138865,1.7423378537138865,1.7423425916773114,1.8385913352932963,1.8385744252849323,1.8385744252849323,1.8385913352932963,1.0001769302681167,1.0001282821693784,1.0001282821693784,1.0001769302681167,0.272846298404151,0.2728860330888081,0.2728860330888081,0.272846298404151,15.305055761817895
350.0,78.543,18.622,4.531,4.766,2790.76,1.7298671276493596,1.729862223878674,1.729862223878674,1.7298671276493596,1.7958228056599768,1.79580516693113,1.79580516693113,1.7958228056599768,0.9777146429778268,0.977697077066008,0.977697077066008,0.9777146429778268,0.2731255788384527,0.2731416954858204,0.2731416954858204,0.2731255788384527,2.7438706128953614
350.0,79.325,36.079,2.716,3.241,3947.957,1.728257862071091,1.728253461056795,1.728253461056795,1.728257862071091,1.7934298948382348,1.7934146973936105,1.7934146973936105,1.7934298948382348,0.9781904518625002,0.9781816738193652,0.9781816738193652,0.9781904518625002,0.2733405402792234,0.2733487512835473,0.2733487512835473,0.2733405402792234,1.9407087931090712
350.0,79.577,62.275,3.864,5.164,3623.436,1.7274774416035763,1.7274732961781825,1.7274732961781825,1.7274774416035763,1.7944041655330147,1.7943903050508072,1.7943903050508072,1.7944041655330147,0.9807255240487304,0.980720465256141,0.980720465256141,0.9807255240487304,0.273549141029094,0.2735536776994926,0.2735536776994926,0.273549141029094,2.1163235926818014
350.0,80.269,17.703,3.539,3.724,1275.2,1.7324444428679533,1.73243831157953,1.73243831157953,1.7324444428677777,1.8072722900629483,1.807249221495277,1.807249221495277,1.807272290061928,0.9851907562727088,0.9851658918693962,0.9851658918693962,0.9851907562727088,0.2732648977438878,0.273286499140425,0.273286499140425,0.2732648977438878,6.004712063909516
350.0,80.67,57.474,4.082,5.441,4575.526,1.7268550594214993,1.726850644776153,1.726850644776153,1.7268550594214993,1.7930617706330183,1.7930464422730372,1.7930464422730372,1.7930617706330183,0.9804471348999348,0.9804418425701626,0.9804418425701626,0.9804471348999348,0.2736358726743048,0.2736407542596634,0.2736407542596634,0.2736358726743048,1.6756887283726989
350.0,80.878,30.886,5.097,4.489,2678.204,1.7287992053127657,1.7287947033290492,1.7287947033290492,1.7287992053127657,1.7968173686549294,1.796801449717749,1.796801449717749,1.7968173686549294,0.9808084432309978,0.980798364004976,0.980798364004976,0.9808084432309978,0.2734593539558969,0.2734689035201701,0.2734689035201701,0.2734593539558969,2.8603188709175367
350.0,81.007,99.233,3.29,4.334,4211.942,1.7255024697352583,1.7254979719073045,1.7254979719073045,1.7255024697352583,1.7941428868191474,1.7941273907676458,1.7941273907676458,1.7941428868191474,0.9842053188013032,0.9842027565913628,0.9842027565913628,0.9842053188013032,0.2739635710096944,0.2739658450128217,0.2739658450128217,0.2739635710096944,1.8228096101816844
350.0,81.786,17.005,5.122,3.42,2558.573,1.7290852747320131,1.7290823279048853,1.7290823279048853,1.7290852747320131,1.797276170302391,1.7972679238301017,1.7972679238301017,1.797276170302391,0.9807642886271644,0.9807351782844858,0.9807351782844858,0.9807642886271644,0.2734503317052372,0.2734751717020771,0.2734751717020771,0.2734503317052372,2.992701861028015
350.0,82.118,44.048,5.791,4.055,2730.59,1.7279014495984786,1.7278972166919706,1.7278972166919706,1.7279014495984786,1.797037843714894,1.7970233752511886,1.7970233752511886,1.797037843714894,0.9827478680457716,0.9827417717819716,0.9827417717819716,0.9827478680457716,0.2736851332299955,0.2736910739637202,0.2736910739637202,0.2736851332299955,2.806640145083892
350.0,83.03,10.444,5.7,6.218,2266.013,1.7292606579133485,1.729255882959258,1.729255882959258,1.7292606579133485,1.7987621246736267,1.7987447080817396,1.7987447080817396,1.7987621246736267,0.9820538641807904,0.9819678663792518,0.9819678663792518,0.9820538641807904,0.2735117844584991,0.2735795632867117,0.2735795632867117,0.2735117844584991,3.3783550816077925
350.0,83.096,89.91,3.793,3.127,2849.973,1.7259524777430526,1.7259486320050248,1.7259486320050248,1.7259524777430526,1.7974163550773743,1.7974034916834778,1.7974034916834778,1.7974163550773743,0.9868729762128198,0.9868700676451464,0.9868700676451464,0.9868729762128198,0.2741143211337782,0.2741169294738324,0.2741169294738324,0.2741143211337782,2.6930828539757923
350.0,83.114,66.9,4.543,4.319,1576.377,1.7287836838981565,1.7287793105760234,1.7287793105760234,1.7287836838981565,1.8045492559960044,1.8045339141609615,1.8045339141609615,1.8045492559960044,0.989194259911976,0.9891906516386104,0.9891906516386104,0.989194259911976,0.2739345908920773,0.273938048322851,0.273938048322851,0.2739345908920773,4.865239981339395
350.0,83.563,97.0,4.874,5.076,1941.609,1.7267690886801108,1.7267653975169897,1.7267653975169897,1.7267690886801108,1.8019062249261273,1.801894052526528,1.801894052526528,1.8019062249261273,0.99017753092934,0.9901744470463008,0.9901744470463008,0.99017753092934,0.2742041972457144,0.274206778711754,0.274206778711754,0.2742041972457144,3.953918064103037
350.0,83.71,25.741,3.246,6.049,1629.699,1.729790439289953,1.7297855164557874,1.7297855164557874,1.729790439289953,1.8035927966943073,1.8035747522539785,1.8035747522539785,1.8035927966943073,0.9862357054026551,0.98622196942355,0.98622196942355,0.9862357054026551,0.2737062983443027,0.2737189008390211,0.2737189008390211,0.2737062983443027,4.699756199108383
350.0,83.906,87.057,5.08,5.967,4774.388,1.7247422106273018,1.7247382875258297,1.7247382875258297,1.7247422106273018,1.7938433607430972,1.793830397079934,1.793830397079934,1.7938433607430972,0.9852990502772566,0.9852957425962136,0.9852957425962136,0.9852990502772566,0.27419024947833,0.2741931211434374,0.2741931211434374,0.27419024947833,1.6074319082188488
350.0,84.34,99.343,4.804,3.63,2781.894,1.7252940228907057,1.7252900031073788,1.7252900031073788,1.7252940228907057,1.7980203148185705,1.798006372007766,1.798006372007766,1.7980203148185705,0.9887724926761026,0.988770119098452,0.988770119098452,0.9887724926761026,0.2743149504548986,0.2743169217465835,0.2743169217465835,0.2743149504548986,2.7598289433598597
350.0,84.721,59.951,4.341,6.195,752.453,1.7335855765761292,1.7335809993326738,1.7335809993326738,1.7335855765761292,1.8230440649485489,1.8230279119127624,1.8230279119127624,1.8230440649485489,1.0000239880504165,1.0000193054754047,1.0000193054754047,1.0000239880504165,0.2740108007387208,0.2740151534528445,0.2740151534528445,0.2740108007387208,10.19020041217054
350.0,85.1,36.406,4.16,5.505,4419.348,1.7261430129054387,1.72613896580403,1.72613896580403,1.7261430129054387,1.7938807420817355,1.7938669680511024,1.7938669680511024,1.7938807420817355,0.9826477641158252,0.9826391953830684,0.9826391953830684,0.9826477641158252,0.2739584232510533,0.2739665975170978,0.2739665975170978,0.2739584232510533,1.7337081067437097
350.0,85.723,88.683,3.099,5.811,3833.18,1.7244594561060282,1.7244555413765654,1.7244555413765654,1.7244594561060282,1.7955655059142794,1.7955522549714389,1.7955522549714389,1.7955655059142794,0.9876965741319697,0.9876933658872896,0.9876933658872896,0.9876965741319697,0.2743940968479968,0.2743969177987877,0.2743969177987877,0.2743940968479968,2.0022241380250243
350.0,85.736,14.214,4.032,4.08,4352.737,1.7266919061351338,1.7266874173470497,1.7266874173470497,1.7266919061351338,1.7938202008147184,1.7938041488996712,1.7938041488996712,1.7938202008147184,0.9815421086693527,0.981502019620863,0.981502019620863,0.9815421086693527,0.2738581016445942,0.2738914958628746,0.2738914958628746,0.2738581016445942,1.7589672643871634
350.0,86.9,21.11,4.892,3.042,4386.576,1.726064344530612,1.7260605468130867,1.7260605468130867,1.726064344530612,1.7940924700874417,1.7940800751439625,1.7940800751439625,1.7940924700874417,0.9830107449816226,0.9829900687661162,0.9829900687661162,0.9830107449816226,0.2740384916283757,0.2740566838195367,0.2740566838195367,0.2740384916283757,1.7457871420132711
350.0,86.901,76.503,4.512,5.783,2177.554,1.725930935951182,1.7259271416083444,1.7259271416083444,1.725930935951182,1.8008665248169846,1.8008534491742256,1.8008534491742256,1.8008665248169846,0.9906059918924192,0.99060196049825,0.99060196049825,0.9906059918924192,0.2744232303720337,0.2744267940650413,0.2744267940650413,0.2744232303720337,3.523136759137214
350.0,87.091,12.988,5.03,3.039,1812.478,1.7286391774688918,1.7286348471638855,1.7286348471638855,1.7286391774688918,1.8024970190363232,1.8024816894815725,1.8024816894815725,1.8024970190363232,0.987221388648097,0.9871716269574922,0.9871716269574922,0.987221388648097,0.2739700284712344,0.2740107701474466,0.2740107701474466,0.2739700284712344,4.224039925591705
350.0,87.526,26.22,5.756,4.535,1308.6,1.7296159206930493,1.729611732664318,1.729611732664318,1.7296159206930493,1.80832825447786,1.8083137678698664,1.8083137678698664,1.80832825447786,0.9916499493032008,0.9916362876508352,0.9916362876508352,0.9916499493032008,0.2741108208620186,0.2741234485145336,0.2741234485145336,0.2741108208620186,5.8530169051972285
350.0,87.625,51.016,5.567,4.373,3636.684,1.7251802458892649,1.725176503537004,1.725176503537004,1.7251802458892649,1.7958537223106004,1.795841381321743,1.795841381321743,1.7958537223106004,0.9865917250286592,0.9865853276636752,0.9865853276636752,0.9865917250286592,0.2743303655495994,0.2743363523922733,0.2743363523922733,0.2743303655495994,2.107819029426653
350.0,87.873,43.207,5.306,4.605,4616.026,1.724928739596289,1.7249248666154873,1.7249248666154873,1.724928739596289,1.7942767440673577,1.7942636859492462,1.7942636859492462,1.7942767440673577,0.9853572463475876,0.9853502670475044,0.9853502670475044,0.9853572463475876,0.2743048497668842,0.2743115810154264,0.2743115810154264,0.2743048497668842,1.6602000078004702
350.0,88.53,55.027,2.809,4.588,1259.759,1.7285502023226074,1.728546529081132,1.728546529081132,1.7285502023226074,1.8096917329211129,1.8096796113246585,1.8096796113246585,1.8096917329211129,0.9951514197476996,0.9951464671189664,0.9951464671189664,0.9951514197476996,0.2744268142976367,0.2744315882817337,0.2744315882817337,0.2744268142976367,6.085624122574838
350.0,89.318,82.282,4.656,4.866,1515.189,1.7264161197594825,1.7264114709630665,1.7264114709630665,1.7264161197594825,1.8067283652883004,1.8067122883621112,1.8067122883621112,1.8067283652883004,0.9959975143739092,0.9959942065642068,0.9959942065642068,0.9959975143739092,0.2747166321761815,0.2747197643053038,0.2747197643053038,0.2747166321761815,5.064201103834061
350.0,89.601,95.03,3.144,3.176,4894.205,1.722554261013486,1.7225501057214052,1.7225501057214052,1.722554261013486,1.7949812907562803,1.7949672212070171,1.7949672212070171,1.7949812907562803,0.9906435719734428,0.9906403133786632,0.9906403133786632,0.9906435719734428,0.2748625862564219,0.2748655028790116,0.2748655028790116,0.2748625862564219,1.5684736173047564
350.0,89.69,26.251,2.872,4.226,965.613,1.7308871675102253,1.7308829865561963,1.7308829865561963,1.7308871675102253,1.815902665162064,1.815887973253766,1.815887973253766,1.815902665162064,0.9974005199607168,0.9973877573751067,0.9973877573751067,0.9974005199607168,0.2743297636828133,0.274341769143822,0.274341769143822,0.2743297636828133,7.931977844959726
350.0,90.386,61.247,5.813,5.778,3258.213,1.7241619883474772,1.7241561689332623,1.7241561689332623,1.7241619883474772,1.797398311712325,1.7973790872544215,1.7973790872544215,1.797398311712325,0.9901690087510394,0.990165149161706,0.990165149161706,0.9901690087510394,0.2747007532229032,0.2747051030028874,0.2747051030028874,0.2747007532229032,2.3534343867977285
350.0,90.534,18.124,2.753,5.34,2237.4,1.7265556044118433,1.7265524496936862,1.7265524496936862,1.7265556044118433,1.8005125976063148,1.800504350468363,1.800504350468363,1.8005125976063148,0.98899400486466,0.9889691257516742,0.9889691257516742,0.98899400486466,0.2743934186518214,0.2744154296848035,0.2744154296848035,0.2743934186518214,3.4223790484060683
350.0,91.502,88.341,4.994,5.832,3355.756,1.7228336912852642,1.7228291316630049,1.7228291316630049,1.7228336912852642,1.7977599386319263,1.7977445342285585,1.7977445342285585,1.7977599386319263,0.993086480815816,0.9930834208773552,0.9930834208773552,0.993086480815816,0.275017488883023,0.2750204936240685,0.2750204936240685,0.275017488883023,2.2870363407886667
350.0,92.491,11.565,5.969,5.781,3864.84,1.7247480637971218,1.7247392207115635,1.7247392207115635,1.7247480637971218,1.7959184965257364,1.7958879991214078,1.7958879991214078,1.7959184965257364,0.9874369524338632,0.9873730427299116,0.9873730427299116,0.9874369524338632,0.2745535745249724,0.2746060672352733,0.2746060672352733,0.2745535745249724,1.9808293711278655
350.0,92.494,62.457,3.427,2.714,3196.057,1.7234569878652168,1.7234517796103992,1.7234517796103992,1.7234569878652168,1.7979848474990612,1.7979673139147754,1.7979673139147754,1.7979848474990612,0.9921356321464297,0.9921316160559868,0.9921316160559868,0.9921356321464297,0.2749383416513788,0.2749426218713506,0.2749426218713506,0.2749383416513788,2.399289978785711
350.0,93.103,27.899,5.053,5.437,387.773,1.7410900713522066,1.741083064361439,1.741083064361439,1.7410900713522066,1.8575315373077117,1.8575071486277888,1.8575071486277888,1.8575315373077117,1.0228073735186751,1.0227935893156623,1.0227935893156623,1.0228073735186751,0.274624722428196,0.2746380419619775,0.2746380419619775,0.274624722428196,19.752461862219054
350.0,93.287,55.737,4.145,4.245,2415.917,1.7241633009678423,1.7241586056600506,1.7241586056600506,1.7241633009678423,1.8007402713795233,1.8007247217049926,1.8007247217049926,1.8007402713795233,0.9937436832662284,0.9937402501697132,0.9937402501697132,0.9937436832662284,0.2749724861387126,0.2749764846078517,0.2749764846078517,0.2749724861387126,3.1733616823010307
350.0,94.637,91.753,4.872,2.94,1569.067,1.724178355227198,1.7241746533518687,1.7241746533518687,1.724178355227198,1.8074241033767704,1.8074116268985685,1.8074116268985685,1.8074241033767704,1.0009351584775763,1.0009311151207247,1.0009311151207247,1.0009351584775763,0.2753721152418388,0.2753755766862361,0.2753755766862361,0.2753721152418388,4.891777866348599
350.0,94.781,33.889,5.436,6.02,1549.34,1.726083883223286,1.7260791112336042,1.7260791112336042,1.726083883223286,1.806844347380688,1.806828211938694,1.806828211938694,1.806844347380688,0.9966672528590166,0.9966585906465288,0.9966585906465288,0.9966672528590166,0.2749658081545007,0.2749746217939502,0.2749746217939502,0.2749658081545007,4.94474867999952
350.0,95.01,42.529,3.426,3.798,3779.919,1.722926789472916,1.7229223839525667,1.7229223839525667,1.722926789472916,1.796997023154837,1.7969818442102192,1.7969818442102192,1.796997023154837,0.9920192019417288,0.9920115237644812,0.9920115237644812,0.9920192019417288,0.2750708007135976,0.2750783040793448,0.2750783040793448,0.2750708007135976,2.027365795732011
350.0,95.135,41.34,5.022,4.664,2696.837,1.7237070659299742,1.7237028090870987,1.7237028090870987,1.7237070659299742,1.7998086817282444,1.799794519883117,1.799794519883117,1.7998086817282444,0.9935689405453542,0.9935616164952292,0.9935616164952292,0.9935689405453542,0.2750715680569111,0.2750788427406717,0.2750788427406717,0.2750715680569111,2.841466828011216
350.0,95.839,90.488,6.327,3.85,1091.809,1.7258726808689195,1.7258690251304885,1.7258690251304885,1.7258726808689195,1.8150276126668383,1.815015254373869,1.815015254373869,1.8150276126668383,1.0059091063456786,1.005905612641611,1.005905612641611,1.0059091063456786,0.2754853202710845,0.2754884228933623,0.2754884228933623,0.2754853202710845,7.029779851044553
350.0,96.209,29.257,3.416,3.454,3457.101,1.72314704457724,1.7231434245700474,1.7231434245700474,1.72314704457724,1.7977246991833842,1.7977130932030363,1.7977130932030363,1.7977246991833842,0.99236412726093,0.992350073394508,0.992350073394508,0.99236412726093,0.2751027657407564,0.2751156653379359,0.2751156653379359,0.2751027657407564,2.2157161508128875
350.0,96.876,81.304,5.878,5.317,2352.05,1.7222189697736496,1.7222155737679874,1.7222155737679874,1.7222189697736496,1.8021855709802983,1.8021743350250208,1.8021743350250208,1.8021855709802983,0.9989454146962848,0.9989421530925326,0.9989421530925326,0.9989454146962848,0.2765255361446069,0.276528676523584,0.276528676523584,0.2765255361446069,3.2622232706343675
350.0,96.897,95.824,6.31,5.263,3849.122,1.7205222491206804,1.7205186381491506,1.7205186381491506,1.7205222491206804,1.7980450141030522,1.79803255382001,1.79803255382001,1.7980450141030522,0.9976956632686724,0.9976933292510504,0.9976933292510504,0.9976956632686724,0.2766364269199383,0.2766387322449527,0.2766387322449527,0.2766364269199383,1.994363157214881
350.0,97.113,86.142,5.733,3.404,577.11,1.7316205295993785,1.7316166871574328,1.7316166871574328,1.7316205295993785,1.836893436637463,1.83688037964011,1.83688037964011,1.836893436637463,1.018549491037966,1.0185456288770012,1.0185456288770012,1.018549491037966,0.2755619310996586,0.2755652942703047,0.2755652942703047,0.2755619310996586,13.297302742546648
350.0,97.214,22.496,2.607,5.273,4248.283,1.7226447593004146,1.7226405271411638,1.7226405271411638,1.7226447593004146,1.7964486278603764,1.7964354456148224,1.7964354456148224,1.7964486278603764,0.9919099137942086,0.9918968319828748,0.9918968319828748,0.9919099137942086,0.2751663076198753,0.2751791591218627,0.2751791591218627,0.2751663076198753,1.802672858217584
350.0,97.636,98.195,3.135,3.466,4249.685,1.7200155449479595,1.720012068036905,1.720012068036905,1.7200155449479595,1.7975858360309347,1.797574267544451,1.797574267544451,1.7975858360309347,0.998158462024423,0.9981553792159846,0.9981553792159846,0.998158462024423,0.2767352823992599,0.2767380667313442,0.2767380667313442,0.2767352823992599,1.806517793957708
350.0,97.918,55.781,5.574,4.916,2764.595,1.7222436943456314,1.7222401486049277,1.7222401486049277,1.7222436943456314,1.8003846076538934,1.8003725968607291,1.8003725968607291,1.8003846076538934,0.9969201780636546,0.9969154951365528,0.9969154951365528,0.9969201780636546,0.276454854705777,0.2764596638124329,0.2764596638124329,0.276454854705777,2.773116037151345
350.0,98.676,43.062,5.893,5.349,1356.495,1.725165998370112,1.7251623847830064,1.7251623847830064,1.725165998370112,1.810257837690604,1.8102455355843936,1.8102455355843936,1.810257837690604,1.0020302026356382,1.0020218781563697,1.0020218781563697,1.0020302026356382,0.2754595901529627,0.2754674728210281,0.2754674728210281,0.2754595901529627,5.6493650467158085
350.0,98.788,86.12,5.6,4.636,2223.769,1.7216072572512129,1.7216038021103195,1.7216038021103195,1.7216072572512129,1.8033283209534383,1.8033169029832183,1.8033169029832183,1.8033283209534383,1.0013102664042586,1.0013072478417984,1.0013072478417984,1.0013102664042586,0.2767722172694343,0.2767750776175858,0.2767750776175858,0.2767722172694343,3.4509382800460693
350.0,99.215,76.938,3.958,3.403,2958.05,1.7209459951572983,1.7209422049612804,1.7209422049612804,1.7209459951572983,1.800352234399663,1.800339053817589,1.800339053817589,1.800352234399663,0.9993330213503152,0.999329924915846,0.999329924915846,0.9993330213503152,0.2767534402793733,0.2767565655625053,0.2767565655625053,0.2767534402793733,2.593533926424432
350.0,99.892,73.012,5.446,5.694,2052.711,1.721944992828102,1.7219413807499413,1.7219413807499413,1.721944992828102,1.804374941187346,1.8043625507190368,1.8043625507190368,1.804374941187346,1.001772051003532,1.0017682054089228,1.0017682054089228,1.001772051003532,0.2767978615127409,0.2768016101997051,0.2768016101997051,0.2767978615127409,3.7369143811037673
400.0,10.003,24.532,5.155,5.598,4141.494,1.6365902082828727,1.636532053289251,1.636532053289251,1.6365902082828727,2.5729220185195727,2.5726704169877355,2.5726704169877355,2.5729220185195727,1.6581261883201377,1.6580229507527944,1.6580229507527944,1.6581261883201377,0.4331516991351925,0.433175248401122,0.433175248401122,0.4331516991351925,2.415551429999356
400.0,10.325,22.773,5.352,4.629,4234.739,1.6364878103700462,1.6364289360996522,1.6364289360996522,1.6364878103700462,2.572946930327912,2.5726905349870437,2.5726905349870437,2.572946930327912,1.6580659254770806,1.6579632159806963,1.6579632159806963,1.6580659254770806,0.4332053707467474,0.4332281075624002,0.4332281075624002,0.4332053707467474,2.3622271982652325
400.0,10.47,61.1,3.026,2.57,796.022,1.645960965933453,1.6459013758811698,1.6459013758811698,1.645960965933453,2.6139526019925055,2.6136883537687834,2.6136883537687834,2.6139526019925055,1.6713386367304863,1.6712371950193723,1.6712371950193723,1.6713386367304863,0.4341956853041322,0.4342064464322607,0.4342064464322607,0.4341956853041322,12.582333716017857
400.0,11.26,75.357,4.62,3.56,3484.585,1.6354220179348191,1.6353625277560475,1.6353625277560475,1.6354220179350265,2.579987047377721,2.5797276650109704,2.5797276650109704,2.579987025173553,1.6651928048452624,1.6650966043549684,1.6650966043549684,1.6651928048452624,0.4344683958332382,0.4344766722886027,0.4344766722886027,0.4344683958332382,2.8756732760036767
400.0,11.761,46.645,4.84,6.087,683.857,1.648075098204174,1.6480141663056351,1.6480141663056351,1.648075098204174,2.6219348129315234,2.6216614975294648,2.6216614975294648,2.6219348129315234,1.672185234081237,1.6720819613450928,1.6720819613450928,1.672185234081237,0.4343219211402353,0.4343346278694138,0.4343346278694138,0.4343219211402353,14.63911923968324
400.0,11.791,59.609,6.11,4.22,2305.935,1.6371675875170286,1.6371082914540138,1.6371082914540138,1.6371675875170286,2.584774669292953,2.584516215334314,2.584516215334314,2.584774669292953,1.6649196858715611,1.6648225211469967,1.6648225211469967,1.6649196858715611,0.4343497376293153,0.4343592559349479,0.4343592559349479,0.4343497376293153,4.343303288613794
400.0,12.057,43.627,4.101,5.045,863.898,1.6449267481051837,1.6448664397875974,1.6448664397875974,1.6449267481051837,2.610684595845219,2.6104165511631634,2.6104165511631634,2.610684595845219,1.6693995044352508,1.6692974840218031,1.6692974840218031,1.6693995044352508,0.4342809697336954,0.434294026159462,0.434294026159462,0.4342809697336954,11.587141022048868
400.0,12.229,86.978,2.539,3.608,1040.405,1.6417894838810672,1.6417291754762258,1.6417291754762258,1.6417894838810672,2.607040758298232,2.606774557285975,2.606774557285975,2.607040758298232,1.6729064397404718,1.672806485792054,1.672806485792054,1.6729064397404718,0.4351103672625317,0.4351186212133651,0.4351186212133651,0.4351103672625317,9.634948572316045
400.0,12.694,38.963,3.677,3.249,688.435,1.6479000870528846,1.6478392165708602,1.6478392165708602,1.6479000870528846,2.622016634944401,2.6217439125771693,2.6217439125771693,2.622016634944401,1.6717624810637677,1.671658674111564,1.671658674111564,1.6717624810637677,0.4344322670006022,0.434446045602074,0.434446045602074,0.4344322670006022,14.538130020245507
400.0,12.802,89.407,2.858,4.132,724.859,1.6458849854594475,1.6458234163162802,1.6458234163162802,1.6458849854590036,2.623486955583369,2.6232112705490502,2.6232112705490502,2.6234869329843606,1.677126791551649,1.6770249821736551,1.6770249821736551,1.677126791551649,0.4354098518249419,0.4354175685258272,0.4354175685258272,0.4354098518249419,13.83027258873304
400.0,12.831,33.473,2.615,4.11,4886.256,1.6351775131888766,1.6351155780518725,1.6351155780518725,1.6351775131888766,2.575406321195198,2.5751325508349767,2.5751325508349767,2.575406321195198,1.6605267638690546,1.66042889281645,1.66042889281645,1.6605267638690546,0.4340856046675118,0.4340992073256855,0.4340992073256855,0.4340856046675118,2.0479627865729872
400.0,13.259,26.899,5.041,4.537,4690.896,1.635305876294871,1.6352460890736893,1.6352460890736893,1.635305876294871,2.5756751929523416,2.575414698960384,2.575414698960384,2.5756751929523416,1.6600870554827671,1.6599851359636977,1.6599851359636977,1.6600870554827671,0.4340770795631516,0.4340972863688914,0.4340972863688914,0.4340770795631516,2.132795577096998
400.0,13.945,88.69,5.559,5.535,3145.54,1.6346430519174555,1.634584164595673,1.634584164595673,1.6346430519174595,2.5852036452758007,2.5849496900624707,2.5849496900624707,2.585203645275621,1.668628379355498,1.6685307369242997,1.6685307369242997,1.668628379355498,0.4354656358567027,0.4354741597885529,0.4354741597885529,0.4354656358567027,3.186999796009288
400.0,14.278,81.947,3.785,2.555,3290.019,1.6345724033091509,1.6345128342256334,1.6345128342256334,1.6345724033091509,2.5845268110900954,2.5842686316804406,2.5842686316804406,2.5845268110900954,1.6679160103072457,1.6678187729800549,1.6678187729800549,1.6679160103072457,0.4354258746182218,0.4354341205478893,0.4354341205478893,0.4354258746182218,3.0463757464502934
400.0,14.444,66.723,4.549,6.016,1076.113,1.6413328682892463,1.641272654557687,1.641272654557687,1.6413328682895587,2.606747146851987,2.6064819322466413,2.6064819322466413,2.606747168124019,1.671586558533827,1.6714865721592242,1.6714865721592242,1.671586558533827,0.4353309246601666,0.4353399591545976,0.4353399591545976,0.4353309246601666,9.309075394935341
400.0,14.466,27.943,6.311,5.943,3415.849,1.6357484056895315,1.63568895354508,1.63568895354508,1.6357484056895315,2.5800483310641265,2.579790230201988,2.579790230201988,2.5800483310641265,1.6616056297020878,1.66150310523229,1.66150310523229,1.6616056297020878,0.4344455525312863,0.4344655959376758,0.4344655959376758,0.4344455525312863,2.9290053884320977
400.0,14.509,37.234,2.513,5.129,2725.209,1.6362642195957895,1.6362059102987887,1.6362059102987887,1.6362642195957895,2.58357482878139,2.5833236037163827,2.5833236037163827,2.58357482878139,1.663351263205464,1.6632511019351572,1.6632511019351572,1.663351263205464,0.4346529489769993,0.4346682440968895,0.4346682440968895,0.4346529489769993,3.6724005808340463
400.0,14.68,46.591,2.722,5.252,1291.879,1.6401650019953895,1.6401045805397894,1.6401045805397894,1.640165001994912,2.599631111129292,2.59936517796094,2.59936517796094,2.599631133502331,1.6680348990144271,1.6679344426536793,1.6679344426536793,1.6680348990144271,0.4349755161482015,0.4349876451302274,0.4349876451302274,0.4349755161482015,7.749234569674521
400.0,14.967,95.102,5.176,6.064,1922.11,1.6362768672118282,1.6362164486315032,1.6362164486315032,1.6362768672118282,2.5943965947195577,2.5941330929843613,2.5941330929843613,2.5943965947195577,1.6717309769661184,1.671632136379928,1.671632136379928,1.6717309769661184,0.4359193821487166,0.4359275589464334,0.4359275589464334,0.4359193821487166,5.216608454484358
400.0,15.622,80.226,3.037,5.291,3508.24,1.6340394252496409,1.633978665046648,1.633978665046648,1.6340394252496409,2.585208329640575,2.584943222892559,2.584943222892559,2.585208329640575,1.668357278945575,1.6682603006057022,1.6682603006057022,1.668357278945575,0.4357590066700013,0.4357666001907463,0.4357666001907463,0.4357590066700013,2.8567197738675456
400.0,16.141,45.385,5.711,5.825,915.49,1.6430573177779977,1.6429961895097558,1.6429961895097558,1.6430573177779977,2.613039533935727,2.612768455068696,2.612768455068696,2.613039533935727,1.6714999039541611,1.6713974237063791,1.6713974237063791,1.6714999039541611,0.4354314177652083,0.4354440167788525,0.4354440167788525,0.4354314177652083,10.934721838092653
400.0,16.499,13.018,3.116,4.476,3646.799,1.635348564320656,1.6352900102485617,1.6352900102485617,1.635348564320656,2.580454856580107,2.580203361019275,2.580203361019275,2.580454856580107,1.6612299753052835,1.6611005430900423,1.6611005430900423,1.6612299753052835,0.4346944304088271,0.4347567098268466,0.4347567098268466,0.4346944304088271,2.7421738470720856
400.0,17.0,96.08,6.486,3.996,751.156,1.6440499779788242,1.6439890635089387,1.6439890635089387,1.6440499779788242,2.627058591546655,2.626789260502909,2.626789260502909,2.627058591546655,1.6800482534801584,1.679944513895931,1.679944513895931,1.6800482534801584,0.4367003911110847,0.4367095990754549,0.4367095990754549,0.4367003911110847,13.348914652374196
400.0,17.13,69.984,5.726,3.671,1739.552,1.6368442647830317,1.6367848867396684,1.6367848867396684,1.6368442647830317,2.596869251009636,2.5966121505260773,2.5966121505260773,2.596869251009636,1.6705451952594428,1.670445116246709,1.670445116246709,1.6705451952594428,0.4360511716688083,0.4360617307762407,0.4360617307762407,0.4360511716688083,5.759342623009741
400.0,18.898,71.584,5.297,5.317,3796.518,1.6331005362175293,1.6330395067035075,1.6330395067035075,1.6331005362175293,2.587425708978191,2.5871599759372574,2.5871599759372574,2.587425708978191,1.6691214894639663,1.6690236177322393,1.6690236177322393,1.6691214894639663,0.4364929064070769,0.4365015110922112,0.4365015110922112,0.4364929064070769,2.6390499636733504
400.0,19.482,85.504,5.34,4.942,2264.569,1.6344266521480326,1.6343659565748925,1.6343659565748925,1.6344266521480326,2.595843758699816,2.595580246116597,2.595580246116597,2.595843758699816,1.6726466452048538,1.6725474601462045,1.6725474601462045,1.6726466452048538,0.4369685546614208,0.4369768333135056,0.4369768333135056,0.4369685546614208,4.426322266105303
400.0,20.263,34.622,2.64,2.774,4952.691,1.632993958626805,1.6329332223164583,1.6329332223164583,1.632993958626805,2.5837306107363074,2.583466698350647,2.583466698350647,2.5837306107363074,1.6650647230964295,1.6649643629877455,1.6649643629877455,1.6650647230964295,0.436145003795713,0.4361597918296841,0.4361597918296841,0.436145003795713,2.0205476484607177
400.0,20.324,76.145,6.094,3.765,2546.962,1.6339141952923335,1.6338533363461445,1.6338533363461445,1.6339141952923335,2.5942276978111765,2.5939638743003512,2.5939638743003512,2.5942276978111765,1.6716290279963282,1.6715298288900673,1.6715298288900673,1.6716290279963282,0.4370098235108891,0.437018712981888,0.437018712981888,0.4370098235108891,3.934356163205561
400.0,21.488,68.232,5.295,4.929,1793.757,1.6354777058698715,1.635416663610181,1.635416663610181,1.6354777058698715,2.6010676759404774,2.600801810423948,2.600801810423948,2.6010676759404774,1.6728169356872786,1.6727164273476578,1.6727164273476578,1.6728169356872786,0.4372251289402704,0.4372350912090625,0.4372350912090625,0.4372251289402704,5.584952194454625
400.0,21.697,78.178,4.011,3.398,599.518,1.6466631315481872,1.6466001385533793,1.6466001385533793,1.6466631315481872,2.6436794074322463,2.643396841984916,2.643396841984916,2.6436794074322463,1.6837007805468294,1.683594931478595,1.683594931478595,1.6837007805468294,0.4377613824882447,0.4377707636007853,0.4377707636007853,0.4377613824882447,16.71539956853291
400.0,22.465,87.781,5.984,2.807,1613.459,1.6353697735980766,1.6353078260586211,1.6353078260586211,1.6353697735980766,2.6061115202263747,2.6058405047501942,2.6058405047501942,2.6061115202263747,1.676256862155487,1.676156105558746,1.676156105558746,1.676256862155487,0.4378926050085362,0.4379009444123831,0.4379009444123831,0.4378926050085362,6.212987159851339
400.0,22.623,96.346,6.405,5.352,3321.729,1.6318280117530803,1.631767152359004,1.631767152359153,1.6318280117530803,2.5950884931273768,2.59482603178414,2.594826076773006,2.5950884931273768,1.6746184938030295,1.6745190574557447,1.6745190574557447,1.6746184938030295,0.4380152178509009,0.4380231891078905,0.4380231891078905,0.4380152178509009,3.0186740958010123
400.0,22.698,75.835,4.528,5.511,2957.33,1.6326899736311984,1.632629511431808,1.632629511431808,1.6326899736311984,2.594891135180048,2.594630408009948,2.594630408009948,2.594891135180048,1.6725565280787142,1.6724568869976164,1.6724568869976164,1.6725565280787142,0.4376499008034244,0.4376591398908008,0.4376591398908008,0.4376499008034244,3.3883701019875767
400.0,22.88,92.426,5.064,6.279,419.722,1.6534306829912553,1.6533684298925049,1.6533684298925049,1.6534306829912553,2.6731508938781823,2.672870477776793,2.672870477776793,2.6731508938781823,1.6923085288507118,1.692197690860514,1.692197690860514,1.6923085288507118,0.4385507882777895,0.4385611543671609,0.4385611543671609,0.4385507882777895,23.886639128777222
400.0,22.992,65.023,6.249,6.023,2202.583,1.6340659600295413,1.6340039845837295,1.6340039845837295,1.6340659600295413,2.5986783849246327,2.598407857668209,2.598407857668209,2.5986783849246327,1.6724548455639572,1.6723549290752713,1.6723549290752713,1.6724548455639572,0.437555342958945,0.4375647001074649,0.4375647001074649,0.437555342958945,4.547839111928341
400.0,23.026,29.339,5.896,2.673,1373.639,1.6377518741359929,1.6376904316575267,1.6376904316575267,1.6377518741359929,2.6060405661824615,2.6057720599209366,2.6057720599209366,2.6060405661824615,1.6706261295085716,1.6705200620635523,1.6705200620635523,1.6706261295085716,0.436946768667485,0.4369660071317228,0.4369660071317228,0.436946768667485,7.283822055364871
400.0,23.493,69.071,3.863,3.774,2967.121,1.6326195440042124,1.6325593197829982,1.6325593197829982,1.6326195440042124,2.5952128596444974,2.5949542607270044,2.5949542607270044,2.5952128596444974,1.6722276310164832,1.6721273036421782,1.6721273036421782,1.6722276310164832,0.4377402694873953,0.4377506758347588,0.4377506758347588,0.4377402694873953,3.3764424060254785
400.0,23.608,87.955,4.687,3.576,2680.339,1.6324983679018532,1.6324373018998908,1.6324373018998908,1.6324983679018532,2.5982297933832967,2.5979661535212424,2.5979661535212424,2.5982297933832967,1.674842953862712,1.6747429967244707,1.6747429967244707,1.674842953862712,0.4381482172122003,0.4381565732130402,0.4381565732130402,0.4381482172122003,3.739997898121436
400.0,23.893,84.161,4.125,5.46,4672.811,1.6308705599811997,1.6308098565408455,1.6308098565408455,1.6308705599811997,2.5923111517039943,2.592050590269812,2.592050590269812,2.5923111517039943,1.6731939699371985,1.6730942824057875,1.6730942824057875,1.6731939699371985,0.4381093184981645,0.4381185396783874,0.4381185396783874,0.4381093184981645,2.1450122549539765
400.0,24.5,61.696,4.921,5.993,2454.408,1.6332412672872108,1.633180284375517,1.633180284375517,1.6332412672872108,2.5984021940492,2.598138495665832,2.598138495665832,2.5984021940492,1.6725715490614337,1.6724711329072095,1.6724711329072095,1.6725715490614337,0.4378990359081275,0.4379092311262516,0.4379092311262516,0.4378990359081275,4.080776676223468
400.0,25.032,43.394,3.152,4.198,3530.304,1.6322596445348645,1.6321985674284234,1.6321985674284234,1.6322596445348645,2.592897155271848,2.5926330957607178,2.5926330957607178,2.592897155271848,1.6696592577147027,1.669558710073756,1.669558710073756,1.6696592577147027,0.4376587106789197,0.4376710010692491,0.4376710010692491,0.4376587106789197,2.8354314020075533
400.0,25.536,35.827,2.606,4.842,2645.924,1.6332771192566782,1.6332163126137735,1.6332163126137735,1.6332771192566782,2.596391078290648,2.596128230987321,2.596128230987321,2.596391078290648,1.669886265408449,1.669783301161461,1.669783301161461,1.669886265408449,0.4376781111852206,0.4376938829320802,0.4376938829320802,0.4376781111852206,3.7822149735589576
400.0,26.179,21.785,5.277,5.974,1132.013,1.6386493966947369,1.6385887785267732,1.6385887785267732,1.6386493966947369,2.6148607671806468,2.614597636391645,2.614597636391645,2.6148607671806468,1.672979679490884,1.672866796955448,1.672866796955448,1.672979679490884,0.4377206503827059,0.4377486299152133,0.4377486299152133,0.4377206503827059,8.836317516707604
400.0,26.217,36.745,4.509,5.757,2540.367,1.6332243399982391,1.6331628507365883,1.6331628507365883,1.6332243399982391,2.5978367662337605,2.59757030605962,2.59757030605962,2.5978367662337605,1.6705407618828887,1.6704374443931291,1.6704374443931291,1.6705407618828887,0.4378902980206662,0.4379061265571706,0.4379061265571706,0.4378902980206662,3.939487391140597
400.0,26.563,29.359,4.626,2.949,3770.103,1.6319847041936033,1.6319237900827208,1.6319237900827208,1.6319847041936033,2.592843780767107,2.592581462668708,2.592581462668708,2.592843780767107,1.668770018203512,1.6686651841907665,1.6686651841907665,1.668770018203512,0.4378061119214056,0.4378254796515103,0.4378254796515103,0.4378061119214056,2.6538651478028736
400.0,26.894,19.769,5.452,4.436,726.908,1.6435870443367553,1.64352536120064,1.64352536120064,1.6435870443367553,2.6339624469484075,2.633690437026953,2.633690437026953,2.6339624469484075,1.6774588623955158,1.6773406533756148,1.6773406533756148,1.6774588623955158,0.4380136875746003,0.4380461202921506,0.4380461202921506,0.4380136875746003,13.759815800192174
400.0,27.112,82.406,5.045,3.551,3661.364,1.6306172726235892,1.6305559040694273,1.6305559040694273,1.6306172726235892,2.598096450952636,2.5978324745058368,2.5978324745058368,2.598096450952636,1.6754477789018196,1.6753475888894147,1.6753475888894147,1.6754477789018196,0.4389938456155816,0.4390024517345971,0.4390024517345971,0.4389938456155816,2.737399187047602
400.0,27.367,43.908,5.799,3.109,954.074,1.6394855696880923,1.6394223776676182,1.6394223776676182,1.639485569688116,2.6242362511135684,2.6239566310576645,2.6239566310576645,2.624236272574282,1.6777391365999794,1.6776340544527544,1.6776340544527544,1.6777391365999794,0.4385363302475616,0.438549338937221,0.438549338937221,0.4385363302475616,10.491849147962077
400.0,27.543,48.212,6.035,6.384,921.378,1.6397170825381688,1.6396552612295483,1.6396552612295483,1.6397170825381688,2.6261878030547723,2.6259167151109257,2.6259167151109257,2.6261878030547723,1.67867899858484,1.6785730858809276,1.6785730858809276,1.67867899858484,0.4386796850845621,0.4386934267518764,0.4386934267518764,0.4386796850845621,10.865674477211464
400.0,28.095,19.992,2.508,2.955,991.907,1.6394444419343406,1.639382178430193,1.639382178430193,1.6394444419343406,2.6216128207478935,2.62133975173622,2.62133975173622,2.6216128207478935,1.6750218106860506,1.6749054951690971,1.6749054951690971,1.6750218106860506,0.4382573651203178,0.4382890453308908,0.4382890453308908,0.4382573651203178,10.083813777704629
400.0,28.487,54.346,4.567,3.801,734.035,1.6421783653428803,1.6421156677504276,1.642115667750332,1.6421783653428803,2.638207576998359,2.637930223935016,2.637930201057737,2.638207576998359,1.6823840303851796,1.6822772386343816,1.6822772386343816,1.6823840303851796,0.4391446631091042,0.4391569624366719,0.4391569624366719,0.4391446631091042,13.641519677949097
400.0,29.639,59.16,4.193,6.016,4766.089,1.6298177461944754,1.6297566755034787,1.6297566755034787,1.6298177461944754,2.596756141965492,2.596494762726822,2.596494762726822,2.596756141965492,1.6736756854030166,1.6735747517713873,1.6735747517713873,1.6736756854030166,0.4392318826348867,0.4392426779232323,0.4392426779232323,0.4392318826348867,2.101306383397582
400.0,29.702,14.256,4.95,5.697,4147.894,1.6312183409819163,1.6311546229148424,1.6311546229148424,1.6312183409819163,2.594335022900224,2.594056992886306,2.594056992886306,2.594335022900224,1.668949686840052,1.6688259493647108,1.6688259493647108,1.668949686840052,0.4383693851758432,0.4384175606253029,0.4384175606253029,0.4383693851758432,2.410955562937
400.0,29.927,91.733,2.734,4.215,4212.949,1.6292335440286454,1.6291716658171806,1.6291716658171806,1.6292335440286454,2.600803968357204,2.6005382547961413,2.6005382547961413,2.600803968357204,1.6779602078689282,1.6778591719239109,1.6778591719239109,1.6779602078689282,0.4399569116799137,0.4399655981649652,0.4399655981649652,0.4399569116799137,2.37971520142004
400.0,30.008,94.887,6.14,4.016,4370.628,1.6290462043186948,1.6289840571464664,1.6289840571464664,1.6290462043186948,2.600840497578034,2.6005727973578527,2.6005727973578527,2.600840497578034,1.6783113445600617,1.678210606164657,1.678210606164657,1.6783113445600617,0.4400393087502384,0.4400474119727767,0.4400474119727767,0.4400393087502384,2.2940976727859494
400.0,30.302,24.741,4.419,5.251,1988.556,1.6334907119682618,1.6334293425044086,1.6334293425044086,1.6334907119687614,2.6056594956294847,2.6053950362754077,2.6053950362754077,2.6056594730355425,1.6725342868448287,1.672425422710346,1.672425422710346,1.6725342868448287,0.4388306364283962,0.4388534501259123,0.4388534501259123,0.4388306364283962,5.030671067549593
400.0,31.133,53.857,3.486,3.014,2928.863,1.6308853644235253,1.6308236291677776,1.6308236291677776,1.6308853644235253,2.602982422035537,2.6027168721539016,2.6027168721539016,2.602982422035537,1.6750921047919192,1.6749899316750667,1.6749899316750667,1.6750921047919192,0.4395881889309332,0.4395997899653873,0.4395997899653873,0.4395881889309332,3.418819173810165
400.0,31.386,16.255,5.554,4.302,4462.031,1.6305169260164707,1.6304559403823329,1.6304559403823329,1.6305169260164707,2.5958011383170434,2.5955407925813847,2.5955407925813847,2.5958011383170434,1.6699640936595896,1.6698403271631204,1.6698403271631204,1.6699640936595896,0.4388745109612208,0.4389224912567681,0.4389224912567681,0.4388745109612208,2.2413598597227136
400.0,31.611,17.46,5.549,2.738,3179.238,1.6313572386077675,1.6312941924004587,1.6312941924004587,1.6313572386077675,2.599544648950649,2.599271282751035,2.599271282751035,2.599544648950649,1.6709671188831436,1.6708484372288468,1.6708484372288468,1.6709671188831436,0.438992539025014,0.439031692694316,0.439031692694316,0.438992539025014,3.1458478009189745
400.0,32.089,99.459,3.45,6.113,1992.822,1.6311817361287833,1.63111973537814,1.63111973537814,1.6311817361287833,2.613899745002155,2.613633416047678,2.613633416047678,2.613899745002155,1.682498580297617,1.6823951415886291,1.6823951415886291,1.682498580297617,0.4408017045416934,0.4408109604831329,0.4408109604831329,0.4408017045416934,5.032102409682532
400.0,32.461,14.671,3.717,3.653,3152.663,1.6312124459565858,1.6311497479311572,1.6311497479311572,1.6312124459565858,2.6004006804687334,2.6001291732036704,2.6001291732036704,2.6004006804687334,1.671311284884534,1.6711809298598952,1.6711809298598952,1.671311284884534,0.4391688493067622,0.4392261346555866,0.4392261346555866,0.4391688493067622,3.1720739999413383
400.0,33.137,88.623,6.343,5.339,1872.862,1.6314827604074738,1.6314197294057593,1.6314197294057593,1.6314827604074738,2.615443755940893,2.615170648241716,2.615170648241716,2.615443755940893,1.6821266051679566,1.6820237480700917,1.6820237480700917,1.6821266051679566,0.4408973786585527,0.4409057900426768,0.4409057900426768,0.4408973786585527,5.3525202839644255
400.0,33.139,73.409,4.219,5.068,1290.675,1.6343411744560763,1.6342784104830363,1.6342784104830363,1.6343411744560763,2.6232201730602798,2.6229473056549546,2.6229473056549546,2.6232201730602798,1.6824045255277067,1.6823004957272132,1.6823004957272132,1.6824045255277067,0.4406726549515304,0.4406820540164799,0.4406820540164799,0.4406726549515304,7.763031237259
400.0,33.422,93.084,3.235,3.606,2453.658,1.6299872537659856,1.6299249007150525,1.6299249007150525,1.6299872537659856,2.611404715226831,2.6111365001821487,2.6111365001821487,2.611404715226831,1.6817361863905331,1.681633376549753,1.681633376549753,1.6817361863905331,0.4410261991695105,0.4410351346801904,0.4410351346801904,0.4410261991695105,4.086141758701758
400.0,33.765,86.707,5.706,4.197,2814.981,1.6295026558807864,1.6294401992398908,1.6294401992398908,1.6295026558807864,2.609314097208668,2.609045695266964,2.609045695266964,2.609314097208668,1.6807303315674265,1.6806276246319107,1.6806276246319107,1.6807303315674265,0.4409815811340566,0.4409909453642443,0.4409909453642443,0.4409815811340566,3.560918618653563
400.0,34.545,48.992,5.214,5.828,1510.742,1.633363317745684,1.63330088747087,1.63330088747087,1.633363317745684,2.6185996658052995,2.6183296903314495,2.6183296903314495,2.6185996658052995,1.6793736067155072,1.679268564173373,1.679268564173373,1.6793736067155072,0.4405567223622968,0.440569638227779,0.440569638227779,0.4405567223622968,6.626938179516066
400.0,34.6,32.168,2.84,3.672,810.264,1.6396824666329168,1.6396185366799942,1.6396185366799942,1.6396824666329168,2.638774593127131,2.6384927237669986,2.6384927237669986,2.638774593127131,1.682379010459347,1.682268310814628,1.682268310814628,1.682379010459347,0.4404140885038088,0.440432569456329,0.440432569456329,0.4404140885038088,12.349132286220462
400.0,34.941,38.157,6.474,5.788,3947.361,1.6292865545442794,1.629224582467696,1.629224582467696,1.6292865545442794,2.6028375304952336,2.6025720781946986,2.6025720781946986,2.6028375304952336,1.6747772268777967,1.67467271727093,1.67467271727093,1.6747772268777967,0.4403268569963041,0.4403424038494453,0.4403424038494453,0.4403268569963041,2.535388701259498
400.0,34.985,89.808,4.882,3.561,765.822,1.638963214541132,1.6388997145430169,1.6388997145430169,1.638963214541132,2.64681267922294,2.646533934705168,2.646533934705168,2.64681267922294,1.6901280121090223,1.6900202648567235,1.6900202648567235,1.6901280121090223,0.4416882767570219,0.4416977696794443,0.4416977696794443,0.4416882767570219,13.09026637259698
400.0,36.122,86.32,6.494,3.852,688.752,1.6402567076074912,1.6401923175388753,1.6401923175388753,1.6402567076074912,2.653408131357208,2.653123882834183,2.653123882834183,2.653408131357208,1.6916903643217611,1.69158156128403,1.69158156128403,1.6916903643217611,0.4419922330142747,0.4420020564430851,0.4420020564430851,0.4419922330142747,14.553345254178756
400.0,36.269,91.557,3.178,3.511,3467.231,1.6279990096230488,1.6279359620501808,1.6279359620501808,1.6279990096230488,2.6101739154116204,2.609903326380475,2.609903326380475,2.6101739154116204,1.68226489329895,1.6821623013743254,1.6821623013743254,1.68226489329895,0.4417686744021181,0.4417771914835978,0.4417771914835978,0.4417686744021181,2.891491388229091
400.0,36.391,44.237,2.652,3.275,3525.582,1.6290477417899347,1.628984978444808,1.628984978444808,1.6290477417899347,2.6061829753850265,2.6059129837253048,2.6059129837253048,2.6061829753850265,1.67664682344516,1.6765429435429815,1.6765429435429815,1.67664682344516,0.440867250063792,0.4408807403846147,0.4408807403846147,0.440867250063792,2.8392621575759005
400.0,37.407,86.334,5.262,3.976,3963.134,1.6274338674445656,1.627370344155674,1.627370344155674,1.6274338674445656,2.6097307875821687,2.609458140071992,2.609458140071992,2.6097307875821687,1.6820245879774949,1.6819217584505193,1.6819217584505193,1.6820245879774949,0.441977884815361,0.4419868452361315,0.4419868452361315,0.441977884815361,2.5292492198478738
400.0,37.708,69.74,6.206,4.732,1193.51,1.6338191745643054,1.6337558041412623,1.6337558041412623,1.6338191745643054,2.630726879222278,2.6304516335083368,2.6304516335083368,2.630726879222278,1.6853262178296409,1.6852200359908802,1.6852200359908802,1.6853262178296409,0.4419265095602076,0.4419374472966769,0.4419374472966769,0.4419265095602076,8.393972592101324
400.0,38.72,66.079,5.201,4.266,3823.814,1.6276467789633255,1.6275838839646837,1.6275838839646837,1.6276467789633255,2.6099311519492345,2.6096617174072847,2.6096617174072847,2.6099311519492345,1.6804860793055492,1.6803828526941202,1.6803828526941202,1.6804860793055492,0.4419541805543402,0.441964595933983,0.441964595933983,0.4419541805543402,2.6196706228463293
400.0,39.219,17.462,3.396,4.874,2883.643,1.629552501422782,1.6294900561783556,1.6294900561783556,1.629552501422782,2.609652535821651,2.609385354724033,2.609385354724033,2.609652535821651,1.6758777400965676,1.6757591460582613,1.6757591460582613,1.6758777400965676,0.4411534173462876,0.4411893689242453,0.4411893689242453,0.4411534173462876,3.4682826464502017
400.0,39.337,49.496,3.955,4.17,1860.885,1.6307286933251313,1.6306659313830545,1.6306659313830545,1.6307286933251313,2.6196446582895287,2.619374980474066,2.619374980474066,2.6196446582895287,1.681286248168784,1.6811801151073908,1.6811801151073908,1.681286248168784,0.4418931628779206,0.4419069776279007,0.4419069776279007,0.4418931628779206,5.380072679077166
400.0,40.813,47.512,5.037,2.699,3921.52,1.6274395148927676,1.6273768564148403,1.6273768564148403,1.6274395148927676,2.6106120099677455,2.610344982118538,2.610344982118538,2.6106120099677455,1.6794924763192736,1.6793869805207433,1.6793869805207433,1.6794924763192736,0.4421803805148805,0.4421948354035757,0.4421948354035757,0.4421803805148805,2.552851473152045
400.0,40.952,50.807,4.417,6.167,2198.806,1.6293937267310952,1.629330182039362,1.629330182039362,1.6293937267310952,2.6185747708947997,2.618301084395068,2.618301084395068,2.6185747708947997,1.6817141959427313,1.68160883287699,1.68160883287699,1.6817141959427313,0.4423543003384942,0.4423668483715778,0.4423668483715778,0.4423543003384942,4.553431031103334
400.0,40.968,52.069,6.076,5.182,3021.048,1.6280755739287278,1.628012749284294,1.628012749284294,1.6280755739287278,2.6140395819693034,2.61377112769522,2.61377112769522,2.6140395819693034,1.6807952500995214,1.6806905567539236,1.6806905567539236,1.6807952500995214,0.4423419337035896,0.4423542371764573,0.4423542371764573,0.4423419337035896,3.314257486939295
400.0,40.974,97.979,5.054,5.38,1865.475,1.6291189277673452,1.6290552162849874,1.6290552162850314,1.6291189277673452,2.625668942553238,2.625395038222012,2.625395013837545,2.625668942553238,1.68809863920391,1.6879935743314356,1.6879935743314356,1.68809863920391,0.4433283821067741,0.4433368603915626,0.4433368603915626,0.4433283821067741,5.375290098295502
400.0,41.433,83.63,4.347,4.93,4035.8,1.6263358568657376,1.6262722233452265,1.6262722233452265,1.6263358568657376,2.6141320532475207,2.613859754873797,2.613859754873797,2.6141320532475207,1.684138641560804,1.6840348614987706,1.6840348614987706,1.684138641560804,0.4430745471055117,0.4430838267956498,0.4430838267956498,0.4430745471055117,2.4834766344177366
400.0,41.577,68.118,4.169,4.714,4004.512,1.6266833956274307,1.6266200388514482,1.6266200388514482,1.6266833956274307,2.613062635515268,2.6127918119441325,2.6127918119441325,2.613062635515268,1.68238252532295,1.6822784645189783,1.6822784645189783,1.68238252532295,0.4428073253951767,0.4428179554211736,0.4428179554211736,0.4428073253951767,2.5016175532446447
400.0,42.571,66.163,5.999,4.449,604.746,1.6410755819931069,1.6410105154468202,1.6410105154468202,1.6410755819931069,2.667163266498723,2.6668753938029344,2.6668753938029344,2.667163266498723,1.6950502675101105,1.6949386267937376,1.6949386267937376,1.6950502675101105,0.4435290465617853,0.4435407009333549,0.4435407009333549,0.4435290465617853,16.563940754849554
400.0,42.63,45.31,5.59,4.068,3439.314,1.627358155839262,1.627294446434114,1.627294446434114,1.627358155839262,2.613938236934435,2.613664876816812,2.613664876816812,2.613938236934435,1.6806549653829093,1.6805487625491131,1.6805487625491131,1.6806549653829093,0.4426682660023155,0.442683163408038,0.442683163408038,0.4426682660023155,2.910554855272105
400.0,43.038,24.733,5.035,4.725,3578.829,1.627616174466737,1.6275535991748673,1.6275535991748673,1.627616174466737,2.6122576831823094,2.6119917771721295,2.6119917771721295,2.6122576831823094,1.6783448993543255,1.6782327072374776,1.6782327072374776,1.6783448993543255,0.4423678597351131,0.4423929777542772,0.4423929777542772,0.4423678597351131,2.795218279718204
400.0,43.551,96.383,5.208,2.642,486.1,1.644351893610333,1.6442857022078323,1.6442857022078323,1.644351893610333,2.6863659904158914,2.686070020515795,2.686070020515795,2.6863659904158914,1.7028613545727618,1.7027473558945143,1.7027473558945143,1.7028613545727618,0.4445585470073583,0.4445683057639836,0.4445683057639836,0.4445585470073583,20.626939023604727
400.0,44.267,76.401,5.35,5.779,1723.372,1.629180542429489,1.6291161706640929,1.6291161706640929,1.629180542429489,2.629472312531533,2.6291951139508134,2.6291951139508134,2.629472312531533,1.687930360958932,1.6878237241538196,1.6878237241538196,1.687930360958932,0.4438628120014945,0.4438735530135972,0.4438735530135972,0.4438628120014945,5.814407235044317
400.0,44.497,31.996,3.549,4.509,2437.591,1.6283949768834065,1.6283312018389853,1.6283312018389853,1.6283949768832218,2.619545127276587,2.6192713747752085,2.6192713747752085,2.6195451272758152,1.6812518345906615,1.6811417510182207,1.6811417510182207,1.6812518345906615,0.4429786271869962,0.4429987241717181,0.4429987241717181,0.4429786271869962,4.104847802760803
400.0,44.745,78.262,5.397,3.808,2820.856,1.6266576262407353,1.6265935490156609,1.6265935490156609,1.6266576262407353,2.6216828500112954,2.6214088066207726,2.6214088066207726,2.6216828500112954,1.6864733240850407,1.6863679679198995,1.6863679679198995,1.6864733240850407,0.4439582342200861,0.4439683124583621,0.4439683124583621,0.4439582342200861,3.5524705379927815
400.0,44.851,21.502,5.049,3.978,433.2,1.6483376330270163,1.6482712547519671,1.6482712547519671,1.6483376330270163,2.69095894286944,2.6906599492736354,2.6906599492736354,2.69095894286944,1.6968509004694494,1.6967240390718052,1.6967240390718052,1.6968509004694494,0.4435034352310455,0.443535537737528,0.443535537737528,0.4435034352310455,23.08942856738385
400.0,45.372,55.291,4.506,5.879,853.439,1.635532669419086,1.6354674166059953,1.6354674166059953,1.635532669419086,2.6513797081887813,2.6510941568381647,2.6510941568381647,2.6513797081887813,1.6912601069802495,1.6911501409587726,1.6911501409587726,1.6912601069802495,0.4439663532278443,0.443978782843221,0.443978782843221,0.4439663532278443,11.733047421874314
400.0,46.093,31.054,3.988,4.745,1444.501,1.6309059977607847,1.6308417654417684,1.6308417654417684,1.6309059977607847,2.6320271221853297,2.6317500653793906,2.6317500653793906,2.6320271221853297,1.6845896751289964,1.6844772785392312,1.6844772785392312,1.6845896751289964,0.4435184130102519,0.4435395567830162,0.4435395567830162,0.4435184130102519,6.926669927431628
400.0,46.381,68.05,6.13,4.15,2081.882,1.627755964192683,1.627691891718815,1.627691891718815,1.627755964192683,2.6275397443426995,2.6272653640791974,2.6272653640791974,2.6275397443426995,1.6873593163426277,1.6872529778883176,1.6872529778883176,1.6873593163426277,0.4442716863549173,0.4442824541432894,0.4442824541432894,0.4442716863549173,4.811821515628558
400.0,46.85,57.093,4.112,2.52,2530.536,1.62699775441143,1.6269338457755398,1.6269338457755398,1.62699775441143,2.6239507014895227,2.6236774919395045,2.6236774919395045,2.6239507014895227,1.6855841080244125,1.6854781047260083,1.6854781047260083,1.6855841080244125,0.4441567087728952,0.4441682052961633,0.4441682052961633,0.4441567087728952,3.957294062773317
400.0,47.838,94.004,4.989,4.751,3881.708,1.6244330002340142,1.62436880520715,1.62436880520715,1.6244330002340142,2.623123482170444,2.6228502295627254,2.6228502295627254,2.623123482170444,1.689442038912388,1.6893362761855413,1.6893362761855413,1.689442038912388,0.4451345209708406,0.445143972297773,0.445143972297773,0.4451345209708406,2.582909172900236
400.0,47.858,82.012,4.74,4.98,2354.248,1.6264469694230288,1.626382817044363,1.626382817044363,1.6264469694230288,2.628436067755952,2.628162512335297,2.628162512335297,2.628436067755952,1.689473606154579,1.689366923142391,1.689366923142391,1.689473606154579,0.4449607482943355,0.4449710050279819,0.4449710050279819,0.4449607482943355,4.25705987817056
400.0,48.004,40.752,4.037,3.604,3821.507,1.6256770467216346,1.6256125103913273,1.6256125103913273,1.6256770467216346,2.618907793550931,2.618631849209398,2.618631849209398,2.618907793550931,1.6831614025715418,1.683053819223423,1.683053819223423,1.6831614025715418,0.4441118751849371,0.4441273818854866,0.4441273818854866,0.4441118751849371,2.619058589265834
400.0,48.052,84.949,5.859,5.895,4159.114,1.6244069215617405,1.6243425585665263,1.6243425585665263,1.6244069215617405,2.621954460200138,2.6216803431998934,2.6216803431998934,2.621954460200138,1.6883304166874236,1.688224653998432,1.688224653998432,1.6883304166874236,0.445007646447303,0.4450176278035775,0.4450176278035775,0.445007646447303,2.4099237086430856
400.0,48.375,83.245,2.59,4.181,2399.512,1.6261939547643722,1.6261292046618208,1.6261292046618208,1.6261939547643722,2.628871176845523,2.6285939259955855,2.6285939259955855,2.628871176845523,1.689873261862442,1.6897672344493595,1.6897672344493595,1.689873261862442,0.4451333992013528,0.4451424380277325,0.4451424380277325,0.4451333992013528,4.1769206467515145
400.0,48.652,90.337,2.84,6.334,786.479,1.634882610020147,1.63481646202349,1.63481646202349,1.634882610020147,2.6622641497554977,2.6619748064940514,2.6619748064940514,2.6622641497554977,1.6984248220776426,1.698313615039285,1.698313615039285,1.6984248220776426,0.4456707393607309,0.445680635318077,0.445680635318077,0.4456707393607309,12.746416378136898
400.0,48.978,36.888,6.384,5.099,1703.248,1.628882345731179,1.628817876983501,1.628817876983501,1.628882345731179,2.6320512024222764,2.6317743326491625,2.6317743326491625,2.6320512024222764,1.6861532058478923,1.6860423938058733,1.6860423938058733,1.6861532058478923,0.4444346393084391,0.4444527120640399,0.4444527120640399,0.4444346393084391,5.875509880771937
400.0,49.477,18.819,3.612,6.349,3567.19,1.625980467775184,1.6259156042170797,1.6259156042170797,1.625980467775184,2.619515539159505,2.6192375913101413,2.6192375913101413,2.619515539159505,1.681699013572176,1.6815781396521192,1.6815781396521192,1.681699013572176,0.444094505281332,0.4441308190327202,0.4441308190327202,0.444094505281332,2.8037726634985742
400.0,49.502,37.934,4.146,5.454,2105.254,1.627547821709178,1.6274831515975965,1.6274831515975965,1.627547821709178,2.628538341950147,2.628260688439499,2.628260688439499,2.628538341950147,1.685619255670875,1.6855091391371246,1.6855091391371246,1.685619255670875,0.444566391950092,0.4445839954644747,0.4445839954644747,0.444566391950092,4.753722663585277
400.0,49.871,35.763,2.691,4.517,4758.338,1.6247443735358922,1.624679455402308,1.624679455402308,1.6247443735358922,2.618792252297909,2.6185145373924814,2.6185145373924814,2.618792252297909,1.6832613667360887,1.6831535445453567,1.6831535445453567,1.6832613667360887,0.4445316575767756,0.4445475061927115,0.4445475061927115,0.4445316575767756,2.1030672953566025
400.0,49.929,39.894,3.117,6.482,1319.057,1.6303324603426486,1.6302683788581238,1.6302683788581238,1.6303324603426486,2.639940671598892,2.639665748922055,2.639665748922055,2.639940671598892,1.6886065733039926,1.6884958553392773,1.6884958553392773,1.6886065733039926,0.4448352593037215,0.4448513672383644,0.4448513672383644,0.4448352593037215,7.587537541110213
400.0,50.175,52.943,3.934,5.256,1430.323,1.6293485692493936,1.6292834939770493,1.6292834939770493,1.6293485692493936,2.6391419208083966,2.6388614678345923,2.6388614678345923,2.6391419208083966,1.6898157231723685,1.6897063632062983,1.6897063632062983,1.6898157231723685,0.4451495196849161,0.4451629983521681,0.4451629983521681,0.4451495196849161,7.000269732017929
400.0,50.457,23.563,6.091,4.717,1729.314,1.6286952734141418,1.6286306650260418,1.6286306650260418,1.6286952734141418,2.6323673659883178,2.632090024574135,2.632090024574135,2.6323673659883178,1.6853888286527507,1.6852715423542564,1.6852715423542564,1.6853888286527507,0.4445880134861812,0.4446162620285891,0.4446162620285891,0.4445880134861812,5.784425236207847
400.0,50.579,19.231,4.742,5.399,3944.288,1.625388097235417,1.625323231259576,1.625323231259576,1.625388097235417,2.6198692476967973,2.6195916526870047,2.6195916526870047,2.6198692476967973,1.6821735538473557,1.6820544017628516,1.6820544017628516,1.6821735538473557,0.4444122396094229,0.4444456700361621,0.4444456700361621,0.4444122396094229,2.535745441533421
400.0,50.582,17.718,4.426,6.176,1596.47,1.6292985525363264,1.6292331832593263,1.6292331832593263,1.6292985525363264,2.63383821470012,2.6335554763217712,2.6335554763217712,2.63383821470012,1.6853460313305564,1.6852198186604277,1.6852198186604277,1.6853460313305564,0.4445179285901269,0.4445597257587993,0.4445597257587993,0.4445179285901269,6.264560184610665
400.0,50.737,90.17,2.97,4.999,1249.953,1.6293913220594245,1.6293256942481584,1.6293256942481584,1.6293913220594245,2.646908195826664,2.646625212129654,2.646625212129654,2.646908195826664,1.6955598040540285,1.6954504491500586,1.6954504491500586,1.6955598040540285,0.4461067261190175,0.4461166030666145,0.4461166030666145,0.4461067261190175,8.02010074337973
400.0,50.877,90.194,3.35,4.157,1594.553,1.627546605655952,1.6274806776768158,1.6274806776768158,1.627546605655952,2.640520247502621,2.6402359779744407,2.6402359779744407,2.640520247502621,1.69412739392075,1.6940192697262904,1.6940192697262904,1.69412739392075,0.4460833848159598,0.4460926997604993,0.4460926997604993,0.4460833848159598,6.286885035099868
400.0,51.222,11.983,2.549,5.265,4035.358,1.625321695957466,1.625256414968299,1.625256414968299,1.625321695957466,2.619811886973091,2.619532071261619,2.619532071261619,2.619811886973091,1.682004727504086,1.6818587819034654,1.6818587819034654,1.682004727504086,0.4444300181067297,0.4445051371191546,0.4445051371191546,0.4444300181067297,2.477932132634083
400.0,51.712,73.574,6.205,2.91,4925.503,1.623281061112524,1.6232159459893951,1.6232159459893951,1.623281061112524,2.624019189297952,2.623741885348216,2.623741885348216,2.624019189297952,1.688902164801529,1.6887958577691389,1.6887958577691389,1.688902164801529,0.4458271162146389,0.4458375847722253,0.4458375847722253,0.4458271162146389,2.0341863386338694
400.0,51.771,35.25,6.268,5.93,1119.208,1.6313500522607114,1.6312842639222815,1.6312842639222815,1.6313500522607114,2.64693269391118,2.6466473087428355,2.6466473087428355,2.64693269391118,1.6903833439048266,1.690270082296199,1.690270082296199,1.6903833439048266,0.4453283485077672,0.445346962281802,0.445346962281802,0.4453283485077672,8.94100592923688
400.0,52.704,68.59,3.522,3.964,2716.508,1.624845778646825,1.6247805806797504,1.6247805806797504,1.624845778646825,2.63105595118444,2.630777861442178,2.630777861442178,2.63105595118444,1.6903702830144711,1.6902625118856316,1.6902625118856316,1.6903702830144711,0.4460791672738331,0.4460906154155386,0.4460906154155386,0.4460791672738331,3.6877255727532017
400.0,53.318,43.352,5.097,5.577,435.219,1.6454719279472645,1.645404242457419,1.645404242457419,1.6454719279472645,2.703089695699722,2.7027864874907266,2.7027864874907266,2.703089695699722,1.7047329001186808,1.7046128947426729,1.7046128947426729,1.7047329001186808,0.4464633128543294,0.4464799873696287,0.4464799873696287,0.4464633128543294,22.998307650253235
400.0,53.412,73.878,6.093,3.699,4632.819,1.622943256080008,1.6228781393536689,1.6228781393536689,1.622943256080008,2.6266136601516736,2.626336561310232,2.626336561310232,2.6266136601516736,1.6901110225506173,1.690004134329687,1.690004134329687,1.6901110225506173,0.4463338949607536,0.4463445245930597,0.4463445245930597,0.4463338949607536,2.162714134045865
400.0,53.422,70.628,6.364,3.738,3348.174,1.6238789221673189,1.6238136630335749,1.6238136630335749,1.6238789221673189,2.629482853490679,2.6292049210475814,2.6292049210475814,2.629482853490679,1.6904535429369567,1.6903456776818837,1.6903456776818837,1.6904535429369567,0.4463030790450753,0.4463147371203969,0.4463147371203969,0.4463030790450753,2.992196421647072
400.0,54.227,75.958,6.191,5.479,1635.995,1.6268000834669798,1.6267342474650963,1.6267342474650963,1.6268000834669798,2.6428075455724684,2.642525295263831,2.642525295263831,2.6428075455724684,1.6943591983779482,1.694249964492318,1.694249964492318,1.6943591983779482,0.4467704105021633,0.446781055284032,0.446781055284032,0.4467704105021633,6.1247650765230555
400.0,54.454,99.413,3.603,3.054,1533.686,1.6266294462080826,1.6265630562334472,1.6265630562334472,1.6266294462080826,2.646706831915038,2.6464216649970376,2.6464216649970376,2.646706831915038,1.6977129193203775,1.6976032927123004,1.6976032927123004,1.6977129193203775,0.447332352508789,0.4473416102785831,0.4473416102785831,0.447332352508789,6.538312899550643
400.0,54.548,60.195,3.376,3.924,3486.928,1.623689516876088,1.6236242769234048,1.6236242769234048,1.623689516876088,2.629506878571592,2.629229397764808,2.629229397764808,2.629506878571592,1.6897869569377242,1.6896789100449154,1.6896789100449154,1.6897869569377242,0.4464154989786602,0.4464277709009146,0.4464277709009146,0.4464154989786602,2.8721503797435135
400.0,55.52,50.752,4.975,5.049,2824.114,1.6243445925197135,1.6242789863720126,1.6242789863720126,1.6243445925197135,2.6324330197158403,2.6321532777209526,2.6321532777209526,2.6324330197158403,1.689842758007561,1.6897335511904217,1.6897335511904217,1.689842758007561,0.4465341372787991,0.4465480126097826,0.4465480126097826,0.4465341372787991,3.5451424584752727
400.0,55.789,49.605,5.141,2.923,4756.558,1.6227984470698409,1.6227328661361122,1.6227328661361122,1.6227984470698409,2.627207815708404,2.6269289468249375,2.6269289468249375,2.627207815708404,1.6886028436730194,1.6884943608554688,1.6884943608554688,1.6886028436730194,0.4465320221656705,0.4465457894302844,0.4465457894302844,0.4465320221656705,2.1047831841636797
400.0,56.244,27.817,4.151,5.491,1034.771,1.6310686460761588,1.6310016387668764,1.6310016387668764,1.6310686460761588,2.654581958101242,2.6542907715069552,2.6542907715069552,2.654581958101242,1.6929214294684816,1.6928034827581424,1.6928034827581424,1.6929214294684816,0.4465163715257164,0.4465401347537712,0.4465401347537712,0.4465163715257164,9.66817666830836
400.0,56.482,72.436,4.955,6.357,3831.114,1.6226125812133965,1.6225465451236731,1.6225465451236731,1.6226125812133965,2.6319854475678848,2.6317042473886683,2.6317042473886683,2.6319854475678848,1.6922524336786104,1.6921443097604087,1.6921443097604087,1.6922524336786104,0.4472212686671271,0.4472322451751925,0.4472322451751925,0.4472212686671271,2.6151504903595373
400.0,56.672,11.366,5.341,5.077,1329.588,1.6290915960498953,1.6290248825374838,1.6290248825374838,1.6290915960498953,2.645521503637952,2.645233428321468,2.645233428321468,2.645521503637952,1.6897969716533374,1.689638195289174,1.689638195289174,1.6897969716533374,0.4461919228183419,0.4462809919934174,0.4462809919934174,0.4461919228183419,7.520380183754792
400.0,57.561,42.366,6.433,4.291,4231.295,1.622754393217908,1.6226887517670552,1.6226887517670552,1.622754393217908,2.6297468156895247,2.6294676144712894,2.6294676144712894,2.6297468156895247,1.6890602380650743,1.688950186319961,1.688950186319961,1.6890602380650743,0.4469128422460004,0.4469286687676573,0.4469286687676573,0.4469128422460004,2.365501868275036
400.0,57.573,52.24,3.208,3.807,2391.411,1.6244207852786752,1.6243547011241473,1.6243547011241473,1.6244207852786752,2.6375322649536335,2.6372501115015674,2.6372501115015674,2.6375322649536335,1.6918709675531265,1.6917607547102138,1.6917607547102138,1.6918709675531265,0.4471922527858612,0.4472062396342304,0.4472062396342304,0.4471922527858612,4.1867879723151615
400.0,59.471,73.614,2.955,4.91,4798.117,1.621226421406996,1.6211603239561403,1.6211603239561403,1.621226421406996,2.6337961744487792,2.6335164993610256,2.6335164993610256,2.6337961744487792,1.6938038693189938,1.6936951145723853,1.6936951145723853,1.6938038693189938,0.4481027323206081,0.4481137567862014,0.4481137567862014,0.4481027323206081,2.088169816774246
400.0,59.683,38.42,4.577,2.657,646.157,1.6359991840661487,1.635931076511929,1.635931076511929,1.6359991840661487,2.682011063317608,2.6817120163832384,2.6817120163832384,2.682011063317608,1.7015188755372743,1.7014005925411553,1.7014005925411553,1.7015188755372743,0.447984472630575,0.4480020610698397,0.4480020610698397,0.447984472630575,15.488003562210729
400.0,59.785,50.208,4.034,5.674,3100.64,1.6228688155887427,1.6228026680629624,1.6228026680629624,1.6228688155887427,2.6364622862396008,2.636181096147911,2.636181096147911,2.6364622862396008,1.6921631730775224,1.6920530878937097,1.6920530878937097,1.6921631730775224,0.4477625838060735,0.4477763282387368,0.4477763282387368,0.4477625838060735,3.2288966045530367
400.0,60.007,38.768,4.343,2.658,2348.765,1.6241489452482434,1.624082735543105,1.624082735543105,1.6241489452482434,2.63965546615116,2.639373478309748,2.639373478309748,2.63965546615116,1.69182558806818,1.6917132777349586,1.6917132777349586,1.69182558806818,0.4476351902941602,0.4476522313635721,0.4476522313635721,0.4476351902941602,4.260923254523856
400.0,60.552,11.64,4.083,6.014,1602.009,1.6266954254588115,1.626628844563224,1.626628844563224,1.6266954254588115,2.645491281433711,2.6452061224939523,2.6452061224939523,2.645491281433711,1.6911144096564816,1.6909569190010934,1.6909569190010934,1.6911144096564816,0.4472889258749008,0.4473753760137125,0.4473753760137125,0.4472889258749008,6.241571736157264
400.0,60.66,70.106,3.411,4.472,4217.569,1.621285181221804,1.6212183720306692,1.6212183720306692,1.621285181221804,2.63606120678958,2.635777505167048,2.635777505167048,2.63606120678958,1.6943776962982913,1.6942682583080113,1.6942682583080113,1.6943776962982913,0.4483935354515055,0.4484051155635615,0.4484051155635615,0.4483935354515055,2.375330173952948
400.0,61.036,11.12,2.951,6.055,2332.658,1.624535045978529,1.6244681944932455,1.6244681944932455,1.6245350459784211,2.638611575112481,2.638326281090292,2.638326281090292,2.6386115518480824,1.689649264421056,1.689487175854275,1.689487175854275,1.689649264421056,0.4473359336824345,0.4474307972023876,0.4474307972023876,0.4473359336824345,4.286481305559357
400.0,61.247,72.94,5.013,3.684,673.975,1.6341444324990224,1.6340757372463068,1.6340757372463068,1.6341444324990224,2.6846708363897305,2.684370254185456,2.684370254185456,2.6846708363897305,1.7061599036494572,1.706043924189192,1.706043924189192,1.7061599036494572,0.449143246418616,0.4491545572699007,0.4491545572699007,0.449143246418616,14.865378569272313
400.0,61.866,44.68,2.935,5.782,3946.639,1.6217094674524497,1.621643421815287,1.621643421815287,1.6217094674524497,2.6359331361904417,2.6356539448018443,2.6356539448018443,2.6359331361904417,1.6921829823743346,1.6920720954505906,1.6920720954505906,1.6921829823743346,0.4482332617869461,0.4482482757867173,0.4482482757867173,0.4482332617869461,2.5362899301170603
400.0,62.239,57.011,5.377,4.262,4288.228,1.6211163276805447,1.6210499356613493,1.6210499356613493,1.6211163276805447,2.636721614542492,2.636440909625727,2.636440909625727,2.636721614542492,1.6937394548333768,1.6936290539569747,1.6936290539569747,1.6937394548333768,0.448588506813973,0.4486019579074388,0.4486019579074388,0.448588506813973,2.335190749721661
400.0,62.258,94.756,6.159,5.702,4272.196,1.6202629219839126,1.6201958121137152,1.6201958121137152,1.6202629219839126,2.640136424415288,2.6398522946694585,2.6398522946694585,2.640136424415288,1.6983667878397517,1.6982572333924344,1.6982572333924344,1.6983667878397517,0.4493737979301354,0.4493833399332962,0.4493833399332962,0.4493737979301354,2.346831402058715
400.0,62.335,10.361,4.539,5.655,4115.089,1.6222622679957115,1.6221947917806936,1.6221947917806936,1.6222622679957115,2.633100305141967,2.6328122705749246,2.6328122705749246,2.633100305141967,1.6887654910688426,1.6885950094658593,1.6885950094658593,1.6887654910688426,0.4476177875636799,0.4477267863945071,0.4477267863945071,0.4476177875636799,2.429752313497078
400.0,62.725,48.707,6.175,4.528,1413.133,1.6261392895476452,1.6260720933721635,1.6260720933721635,1.6261392895476452,2.65467816491578,2.654390396440947,2.654390396440947,2.65467816491578,1.697240839057572,1.6971271431859458,1.6971271431859458,1.697240839057572,0.4487621872383761,0.4487773726958781,0.4487773726958781,0.4487621872383761,7.084308624619243
400.0,62.781,37.437,3.88,5.465,4369.613,1.6213715454762574,1.621304974119992,1.621304974119992,1.6213715454762574,2.6355006879500453,2.6352186348620035,2.6352186348620035,2.6355006879500453,1.6916581382716958,1.6915452385562617,1.6915452385562617,1.6916581382716958,0.4483424962690257,0.44836090175466,0.44836090175466,0.4483424962690257,2.2902377820065483
400.0,63.327,14.647,4.384,6.368,4965.438,1.6214588224438284,1.6213930321236063,1.6213930321236063,1.6214588224438284,2.6331209958123543,2.6328442373060734,2.6328442373060734,2.6331209958123543,1.6893185352927051,1.6891803801215917,1.6891803801215917,1.6893185352927051,0.4480048924876455,0.4480632741163846,0.4480632741163846,0.4480048924876455,2.0139271677064627
400.0,63.855,88.329,3.143,4.127,1048.639,1.6275333974624575,1.6274647160757365,1.6274647160757365,1.6275333974624575,2.669082327246292,2.668785523564441,2.668785523564441,2.669082327246292,1.7049895731317712,1.704875689100718,1.704875689100718,1.7049895731317712,0.4500260658670265,0.4500363468584826,0.4500363468584826,0.4500260658670265,9.558990131202643
400.0,63.91,50.613,4.204,6.463,3897.878,1.6210556041481858,1.6209884328017274,1.6209884328017274,1.6210556041481858,2.639134811011049,2.638849780628034,2.638849780628034,2.639134811011049,1.6942163907535783,1.6941053458803452,1.6941053458803452,1.6942163907535783,0.4489610751115005,0.4489750526537143,0.4489750526537143,0.4489610751115005,2.5685052077093826
400.0,64.067,40.738,2.967,5.095,4748.494,1.62075759827976,1.620690620824223,1.620690620824223,1.62075759827976,2.6367032332225024,2.636419464629278,2.636419464629278,2.6367032332225024,1.6927040996552358,1.6925917215779216,1.6925917215779216,1.6927040996552358,0.4487829393686803,0.448799954146385,0.448799954146385,0.4487829393686803,2.107722542051565
400.0,64.482,62.415,5.262,3.376,1398.825,1.6254368421787575,1.625368815900167,1.625368815900167,1.6254368421787575,2.6584044494034407,2.6581125639699223,2.6581125639699223,2.6584044494034407,1.7000899480881482,1.6999768461830949,1.6999768461830949,1.7000899480881482,0.449573456289446,0.4495859032367119,0.4495859032367119,0.449573456289446,7.159939924277803
400.0,64.621,53.399,6.236,5.579,3552.029,1.6210616477744235,1.6209949421595315,1.6209949421595315,1.6210616477744235,2.6412252409551726,2.64094358382866,2.64094358382866,2.6412252409551726,1.6952256208080496,1.6951143942261464,1.6951143942261464,1.6952256208080496,0.4492404725804911,0.449254025439535,0.449254025439535,0.4492404725804911,2.818842961016628
400.0,66.067,91.523,5.8,4.403,3786.554,1.6196319225246003,1.6195639279240954,1.6195639279240954,1.61963192252456,2.6458000906607384,2.645512443464114,2.645512443464114,2.645800090660016,1.700649046583346,1.7005378679804106,1.7005378679804106,1.700649046583346,0.450453626472568,0.4504639791509164,0.4504639791509164,0.450453626472568,2.647527442337358
400.0,66.195,80.574,4.429,5.331,887.668,1.6289077678570685,1.6288388440285737,1.6288388440285737,1.6289077678570685,2.6780028018881192,2.677704768174886,2.677704768174886,2.6780028018881192,1.707072666327486,1.7069567942102173,1.7069567942102173,1.707072666327486,0.4506428957065944,0.4506543380566343,0.4506543380566343,0.4506428957065944,11.289524213210706
400.0,66.302,28.588,5.51,5.228,2640.318,1.6221896169834422,1.6221217130687455,1.6221217130687455,1.6221896169834422,2.644834164391588,2.6445447203489265,2.6445447203489265,2.644834164391588,1.6941206481350233,1.694002584631345,1.694002584631345,1.6941206481350233,0.4492647291350434,0.4492890162331394,0.4492890162331394,0.4492647291350434,3.7891273098581753
400.0,66.382,75.772,2.556,2.992,3071.199,1.6205458870711311,1.6204786458919769,1.6204786458919769,1.6205458870711311,2.6471310437770383,2.6468472552590168,2.6468472552590168,2.6471310437770383,1.6994660040247105,1.699354218749769,1.699354218749769,1.6994660040247105,0.4502476551968491,0.4502593899680517,0.4502593899680517,0.4502476551968491,3.26252515411557
400.0,66.396,12.529,2.689,5.525,3047.174,1.6219999235317877,1.6219325103676971,1.6219325103676971,1.6219999235317877,2.6415926282932864,2.64130663589086,2.64130663589086,2.6415926282932864,1.6922193027247865,1.6920698501053453,1.6920698501053453,1.6922193027247865,0.4489152966757765,0.4489888159400104,0.4489888159400104,0.4489152966757765,3.2814933988814574
400.0,68.261,46.237,6.312,2.872,1223.019,1.6258717365621784,1.625803030347296,1.625803030347296,1.6258717365621784,2.66568146888822,2.665386007835343,2.665386007835343,2.66568146888822,1.7014210138628512,1.7013048910495128,1.7013048910495128,1.7014210138628512,0.4504126823555234,0.450428600297853,0.450428600297853,0.4504126823555234,8.184800915170781
400.0,68.873,47.236,5.281,2.913,2964.137,1.6206451391429713,1.6205771273867402,1.6205771273867402,1.6206451391429713,2.6481714494741104,2.64788309964364,2.64788309964364,2.6481714494741104,1.69765186613566,1.6975384016166726,1.6975384016166726,1.69765186613566,0.4504027236350173,0.4504180036152252,0.4504180036152252,0.4504027236350173,3.377216367378842
400.0,69.458,63.447,5.569,3.578,2986.942,1.6200986274605116,1.620030357299745,1.620030357299745,1.6200986274605116,2.6502781883869533,2.649988943336175,2.649988943336175,2.6502781883869533,1.6999859034020532,1.6998734460401117,1.6998734460401117,1.6999859034020532,0.4509150166010273,0.45092734201383,0.45092734201383,0.4509150166010273,3.353195048077351
400.0,69.631,22.144,4.92,4.674,4063.973,1.6200508832360867,1.6199837760168216,1.6199837760168216,1.6200508832360867,2.643385752989151,2.6431031638414924,2.6431031638414924,2.643385752989151,1.6942508430896663,1.6941273417807932,1.6941273417807932,1.6942508430896663,0.4500585078040584,0.4500911043434824,0.4500911043434824,0.4500585078040584,2.4612284932087425
400.0,70.368,36.728,3.772,3.194,3107.099,1.620318713988674,1.620250718447812,1.620250718447812,1.620318713988674,2.648527160455949,2.6482393458134235,2.6482393458134235,2.648527160455949,1.697172416735958,1.6970566196629593,1.6970566196629593,1.697172416735958,0.4506222416751819,0.4506412807569447,0.4506412807569447,0.4506222416751819,3.220718302978156
400.0,70.609,37.847,2.892,5.298,661.545,1.6327482185435116,1.6326783564964868,1.6326783564964868,1.6327482185435116,2.6945810297713244,2.69427609732948,2.69427609732948,2.6945810297713244,1.7080870043626102,1.707964211868182,1.707964211868182,1.7080870043626102,0.4512501676163155,0.4512704060297836,0.4512704060297836,0.4512501676163155,15.127199709779616
400.0,70.932,88.513,5.591,4.276,1381.096,1.6232460331326282,1.6231764730134863,1.6231764730134863,1.6232460331326282,2.6693760624031566,2.669078417812789,2.669078417812789,2.6693760624031566,1.707485255839806,1.7073705339127112,1.7073705339127112,1.707485255839806,0.4520621381031165,0.4520724936571453,0.4520724936571453,0.4520621381031165,7.257929151786491
400.0,71.005,42.969,6.415,6.461,4301.295,1.6190713180302687,1.6190034360162822,1.6190034360162822,1.6190713180302687,2.6464824677860475,2.6461960125678288,2.6461960125678288,2.6464824677860475,1.6975433735862424,1.6974294709846267,1.6974294709846267,1.6975433735862424,0.4509031603911984,0.4509193766470575,0.4509193766470575,0.4509031603911984,2.327001503883797
400.0,71.413,90.584,4.383,3.005,3269.631,1.6186714214730915,1.618602488625728,1.618602488625728,1.6186714214730915,2.654132680398405,2.6538412939359817,2.6538412939359817,2.654132680398405,1.7043084831712891,1.7041955900754846,1.7041955900754846,1.7043084831712891,0.4520569803908879,0.4520675102422337,0.4520675102422337,0.4520569803908879,3.0659759120322847
400.0,72.164,25.258,4.516,5.743,4409.211,1.6190997868114767,1.6190316748283573,1.6190316748283573,1.6190997868114767,2.646138850424527,2.6458513054663197,2.6458513054663197,2.646138850424527,1.696056830444444,1.6959358467430716,1.6959358467430716,1.696056830444444,0.450872748801054,0.4509003619655878,0.4509003619655878,0.450872748801054,2.2687367598044053
400.0,73.433,71.412,5.631,2.633,1005.706,1.6258152622037327,1.6257453161333144,1.6257453161333144,1.6258152622037327,2.681435701591488,2.681134639358475,2.681134639358475,2.681435701591488,1.7094009936865378,1.7092836081591216,1.7092836081591216,1.7094009936865378,0.4525853899661639,0.4525978669608784,0.4525978669608784,0.4525853899661639,9.961410580231725
400.0,73.733,30.69,4.773,5.833,1037.462,1.626307184011345,1.6262373091112434,1.6262373091112434,1.626307184011345,2.676903229110896,2.676602331778968,2.676602331778968,2.676903229110896,1.7043047678994814,1.7041814527711088,1.7041814527711088,1.7043047678994814,0.4518006235108728,0.4518251390563337,0.4518251390563337,0.4518006235108728,9.643726014937783
400.0,73.824,74.66,3.983,4.183,3308.155,1.6183492292118722,1.6182801663691309,1.6182801663691309,1.6183492292118722,2.6556403786979423,2.655348769794521,2.655348769794521,2.6556403786979423,1.703853515342428,1.703740084207082,1.703740084207082,1.703853515342428,0.4524479691385678,0.4524594679171795,0.4524594679171795,0.4524479691385678,3.0286925398498403
400.0,74.083,88.97,3.661,4.037,1885.574,1.6203670679385902,1.620297294012696,1.620297294012696,1.6203670679385902,2.6660488102335225,2.6657520869379097,2.6657520869379097,2.6660488102335225,1.7078277909562207,1.7077129493270842,1.7077129493270842,1.7078277909562207,0.4529363173564419,0.4529470709033878,0.4529470709033878,0.4529363173564419,5.316161470761553
400.0,74.66,91.755,3.491,2.853,605.19,1.6320269161594818,1.6319550446426392,1.6319550446426392,1.6320269161594818,2.7103429426079386,2.7100281429500384,2.7100281429500384,2.7103429443081724,1.7186216192163586,1.7185005279646188,1.7185005279646188,1.7186216192163586,0.4536960113272678,0.4537066510392494,0.4537066510392494,0.4536960113272678,16.56468027855719
400.0,75.873,81.15,3.415,2.824,4370.456,1.6168926929929697,1.6168233222296262,1.6168233222296262,1.6168926929929697,2.656056772062352,2.655764580883013,2.655764580883013,2.656056772062352,1.7053060535118076,1.7051923400543183,1.7051923400543183,1.7053060535118076,0.4531688420188896,0.4531800745229871,0.4531800745229871,0.4531688420188896,2.293003636090692
400.0,76.002,58.257,5.834,2.63,4031.754,1.617566177557492,1.6174966012482574,1.6174966012482574,1.61756617755774,2.6548633693512174,2.6545692939898973,2.6545692939898973,2.6548633440309035,1.7027361767627325,1.702621541764786,1.702621541764786,1.7027361767627325,0.4527337986323014,0.4527478591929597,0.4527478591929597,0.4527337986323014,2.4837857868452904
400.0,76.053,19.166,3.439,5.29,4066.312,1.6183984900893305,1.6183297170841295,1.6183297170841295,1.6183984900893305,2.651277769189871,2.650988116316958,2.650988116316958,2.651277769189871,1.6980793997011607,1.6979492329704862,1.6979492329704862,1.6980793997011607,0.4519148659615143,0.45195493383368,0.45195493383368,0.4519148659615143,2.4595487439286825
400.0,76.218,52.92,3.904,3.74,1025.518,1.6252877681256677,1.6252173223414044,1.6252173223414044,1.6252877681256677,2.6826116389109456,2.6823088842151006,2.6823088842151006,2.6826116389109456,1.7087349026150238,1.708615946522395,1.708615946522395,1.7087349026150238,0.4530337243217745,0.4530488575398519,0.4530488575398519,0.4530337243217745,9.763060594860287
400.0,76.632,51.329,3.005,5.939,680.834,1.6304357235213482,1.6303645172393522,1.6303645172393522,1.6304357235213482,2.7020529697169606,2.7017429892208766,2.7017429892208766,2.7020529697169606,1.713240145355697,1.7131184908922594,1.7131184908922594,1.713240145355697,0.4533583130500325,0.4533735118093218,0.4533735118093218,0.4533583130500325,14.70490861798548
400.0,76.873,62.887,4.309,5.2,4116.261,1.6171804435471668,1.6171108623842492,1.6171108623842492,1.6171804435471668,2.6562146918343914,2.655921086032196,2.655921086032196,2.6562146918343914,1.703817108761314,1.7037028370427256,1.7037028370427256,1.703817108761314,0.4530926724063261,0.4531054591102169,0.4531054591102169,0.4530926724063261,2.433156111123804
400.0,77.545,71.32,5.578,4.287,1063.929,1.6241716135405415,1.6241003736844857,1.6241003736844857,1.6241716135405415,2.6847010056763767,2.6843948149151395,2.6843948149151395,2.6847010056763767,1.711548071719885,1.7114301014999995,1.7114301014999995,1.711548071719885,0.4538133645899195,0.4538252803816289,0.4538252803816289,0.4538133645899195,9.416196442751012
400.0,78.347,42.224,6.074,3.181,1681.813,1.620949577905233,1.6208792493365571,1.6208792493365571,1.620949577905233,2.669741241894242,2.66944163547818,2.66944163547818,2.669741241894242,1.7053640903246348,1.7052455055195592,1.7052455055195592,1.7053640903246348,0.4532727629272911,0.453290247979053,0.453290247979053,0.4532727629272911,5.95114889194695
400.0,78.51,84.911,3.179,3.743,3586.961,1.616644426574194,1.6165742848123887,1.6165742848123887,1.616644426574194,2.661746571136116,2.661450680392182,2.661450680392182,2.661746571136116,1.7079110223761833,1.7077962896311416,1.7077962896311416,1.7079110223761833,0.4540736604140782,0.4540846723897773,0.4540846723897773,0.4540736604140782,2.794188230142632
400.0,78.896,60.212,3.152,5.458,2650.359,1.6181217815712208,1.6180515659206065,1.6180515659206065,1.6181217815712208,2.6637558458477093,2.663458804008795,2.663458804008795,2.6637558458477093,1.7059872645213496,1.7058714395335486,1.7058714395335486,1.7059872645213496,0.4537156448542901,0.4537290947315753,0.4537290947315753,0.4537156448542901,3.7785776611945305
400.0,78.932,96.02,3.685,3.854,3786.298,1.6161372349037706,1.6160667546195626,1.6160667546195626,1.6161372349037706,2.662761790853689,2.6624644116501326,2.6624644116501326,2.662761790853689,1.7094274660016746,1.7093125852666142,1.7093125852666142,1.7094274660016746,0.4544308476215853,0.4544413033656084,0.4544413033656084,0.4544308476215853,2.6480373428715143
400.0,80.527,74.765,3.874,4.845,3070.164,1.6168334947772218,1.6167627295761693,1.6167627295761693,1.6168334947772218,2.665244119027516,2.6649449162817804,2.6649449162817804,2.665244119027516,1.7083722806680304,1.708257002069166,1.708257002069166,1.7083722806680304,0.4544963757220557,0.4545076776375964,0.4545076776375964,0.4544963757220557,3.2634420092345007
400.0,81.378,42.873,5.785,3.886,3188.556,1.6171789964363237,1.6171084188239124,1.6171084188239124,1.6171789964363237,2.662930586328451,2.662632456009685,2.662632456009685,2.662930586328451,1.704862202765138,1.7047437640381071,1.7047437640381071,1.704862202765138,0.4540696848908242,0.4540878583175698,0.4540878583175698,0.4540696848908242,3.139010044636686
400.0,81.401,91.194,5.197,5.955,3362.499,1.6159500537427407,1.6158789571771894,1.6158789571771894,1.6159500537427407,2.666827905426252,2.6665274603628166,2.6665274603628166,2.666827905426252,1.7107200138166123,1.7106046170845484,1.7106046170845484,1.7107200138166123,0.4550996193845677,0.4551098066946064,0.4551098066946064,0.4550996193845677,2.9813065248802286
400.0,81.539,87.647,5.811,2.688,3300.562,1.6160499182603696,1.6159788633290584,1.6159788633290584,1.6160499182603696,2.666892980842776,2.666592978194736,2.666592978194736,2.666892980842776,1.710418833813378,1.710303192614974,1.710303192614974,1.710418833813378,0.4550688393439651,0.4550795313370857,0.4550795313370857,0.4550688393439651,3.0369016057810487
400.0,81.65,40.097,4.031,6.132,2153.231,1.618757683095734,1.6186870045291692,1.6186870045291692,1.618757683095734,2.6688346708159214,2.668535064406617,2.668535064406617,2.6688346708159214,1.7060489972204214,1.7059295643942194,1.7059295643942194,1.7060489972204214,0.4541692153117673,0.4541877751648604,0.4541877751648604,0.4541692153117673,4.647890769801576
400.0,81.725,10.724,6.255,5.346,4758.54,1.6167055403270298,1.6166349619104146,1.6166349619104146,1.6167055403270298,2.6564349214347223,2.6561372067576587,2.6561372067576587,2.6564349214347223,1.7007613479736987,1.7005847747845677,1.7005847747845677,1.7007613479736987,0.453397137079354,0.4535076103229158,0.4535076103229158,0.453397137079354,2.10116060266177
400.0,82.17,58.562,5.844,6.182,3106.86,1.616716156671436,1.616645646500544,1.616645646500544,1.616716156671436,2.6657363681760957,2.6654393186900878,2.6654393186900878,2.6657363681760957,1.707386335449818,1.707269509914528,1.707269509914528,1.707386335449818,0.4546503324196538,0.4546644983788158,0.4546644983788158,0.4546503324196538,3.223189442389816
400.0,82.25,15.175,5.223,5.8,4128.827,1.6168051701462014,1.6167356337925296,1.6167356337925296,1.6168051701462014,2.6587529453020635,2.6584612488894774,2.6584612488894774,2.6587529453020635,1.7017045600459393,1.7015619561330573,1.7015619561330573,1.7017045600459393,0.4536931829893883,0.4537499519931366,0.4537499519931366,0.4536931829893883,2.421969520237315
400.0,82.67,66.526,4.298,3.64,2312.166,1.6175806868172706,1.617509580735239,1.617509580735239,1.6175806868172706,2.6714014832473167,2.6711005277084707,2.6711005277084707,2.6714014832473167,1.7096924658246315,1.7095753439868238,1.7095753439868238,1.7096924658246315,0.4550297837263388,0.4550427420328154,0.4550427420328154,0.4550297837263388,4.33211536864018
400.0,82.713,75.533,5.691,3.462,3245.287,1.6160613042788847,1.6159902620755062,1.6159902620755062,1.6160613042788847,2.6675013700222023,2.667201740709848,2.667201740709848,2.6675013700222023,1.709718046156245,1.7096018326678042,1.7096018326678042,1.709718046156245,0.4551720282791949,0.4551838534845209,0.4551838534845209,0.4551720282791949,3.087405302724452
400.0,83.454,66.747,2.701,4.26,4695.602,1.61505455919052,1.6149836073923167,1.6149836073923167,1.61505455919052,2.663983957508372,2.6636855331136307,2.6636855331136307,2.663983957508372,1.7082475181667431,1.7081308777071762,1.7081308777071762,1.7082475181667431,0.4551616491135104,0.4551752252149175,0.4551752252149175,0.4551616491135104,2.133199343410059
400.0,83.681,80.965,2.704,3.081,2740.053,1.616293163534048,1.6162218333905607,1.6162218333905607,1.616293163534048,2.6714769752271694,2.671175914421529,2.671175914421529,2.6714769752271694,1.7115307029283169,1.7114136776370577,1.7114136776370577,1.7115307029283169,0.4556140658244322,0.4556258735447495,0.4556258735447495,0.4556140658244322,3.657323610287517
400.0,83.923,72.882,6.127,5.536,2558.494,1.6166779736518215,1.6166069719926848,1.6166069719926848,1.6166779736518215,2.6720354753811004,2.6717360967073587,2.6717360967073587,2.6720354753811004,1.7109152485718475,1.7107977856226406,1.7107977856226406,1.7109152485718475,0.4555283672866934,0.4555411405147107,0.4555411405147107,0.4555283672866934,3.915827911398702
400.0,85.143,37.325,5.843,3.854,4176.523,1.6155317643528573,1.6154609018901886,1.6154609018901886,1.6155317643528573,2.6644733008030395,2.6641748359965733,2.6641748359965733,2.6644733008030395,1.7059225268726803,1.7058023735129793,1.7058023735129793,1.7059225268726803,0.4550615122929267,0.4550816701840146,0.4550816701840146,0.4550615122929267,2.396023576067833
400.0,86.369,10.3,3.293,3.784,2032.46,1.6184634097433557,1.6183910470793184,1.6183910470793184,1.6184634097433557,2.673304784087978,2.672996454161704,2.672996454161704,2.673304784087978,1.7062552938780629,1.7060663857330152,1.7060663857330152,1.7062552938780629,0.4549394290510262,0.4550646502459436,0.4550646502459436,0.4549394290510262,4.91926479849666
400.0,86.732,85.144,3.581,3.385,4446.927,1.6139325074834996,1.6138604973310606,1.6138604973310606,1.6139325074834996,2.670488207179328,2.670184899910767,2.670184899910767,2.670488207179328,1.7127615392676088,1.7126445270718953,1.7126445270718953,1.7127615392676088,0.4565693236737905,0.4565806028824524,0.4565806028824524,0.4565693236737905,2.253822944181492
400.0,86.838,32.376,3.177,3.082,662.138,1.6286584164256908,1.6285855514351557,1.6285855514351557,1.6286584164256908,2.7154373346153524,2.7151210039594407,2.7151210039594407,2.7154373346153524,1.7178856183088294,1.71775600066234,1.71775600066234,1.7178856183088294,0.456127787141677,0.456151452993436,0.456151452993436,0.456127787141677,15.110523328536342
400.0,87.722,96.492,2.575,5.876,2498.314,1.6152898550149015,1.615217499610011,1.615217499610011,1.6152898550149015,2.679653840262468,2.679348253692761,2.679348253692761,2.679653840262468,1.716412012425693,1.7162933948302308,1.7162933948302308,1.716412012425693,0.4572131064730375,0.4572238061553166,0.4572238061553166,0.4572131064730375,4.01320298446293
400.0,87.876,87.808,6.379,5.001,3991.606,1.6138520750009369,1.6137798904757654,1.6137798904757654,1.6138520750009369,2.6732482791131496,2.672945019869178,2.672945019869178,2.6732482791131496,1.7140678587497769,1.7139503139274983,1.7139503139274983,1.7140678587497769,0.456993147559543,0.4570042436876962,0.4570042436876962,0.456993147559543,2.511126691473195
400.0,89.764,90.017,6.441,3.382,4007.861,1.613309202912038,1.6132364047197467,1.6132364047197467,1.613309202912038,2.675935204246836,2.675628878008198,2.675628878008198,2.675935204246836,1.715563139329623,1.7154447350900244,1.7154447350900244,1.715563139329623,0.457624481325058,0.4576359727515926,0.4576359727515926,0.457624481325058,2.501113839385864
400.0,90.223,83.531,6.442,5.401,1217.011,1.619402271210686,1.6193286406851697,1.6193286406851697,1.619402271210686,2.698139290658628,2.6978249946835127,2.6978249946835127,2.698139290658628,1.720242271720716,1.720121107676172,1.720121107676172,1.720242271720716,0.4579367138867629,0.4579479454534155,0.4579479454534155,0.4579367138867629,8.234865890945006
400.0,90.491,58.804,5.137,5.525,3157.065,1.6144988332816006,1.6144262196898096,1.6144262196898096,1.6144988332816006,2.676546345936577,2.6762404738848096,2.6762404738848096,2.676546345936577,1.712744924125258,1.7126255187759407,1.7126255187759407,1.712744924125258,0.4572109779377914,0.4572253317167192,0.4572253317167192,0.4572109779377914,3.171912676160189
400.0,90.555,16.431,4.337,4.609,1859.44,1.6177270732687823,1.617654648480205,1.617654648480205,1.6177270732687823,2.6811772304133683,2.680870478858047,2.680870478858047,2.6811772304133683,1.709819725073629,1.7096753322837497,1.7096753322837497,1.709819725073629,0.4564182740620619,0.456471625218413,0.456471625218413,0.4564182740620619,5.378029892496378
400.0,90.662,19.17,2.792,6.383,4403.652,1.6143569813527312,1.6142847020195292,1.6142847020195292,1.6143569813527312,2.669562569425256,2.6692583680179487,2.6692583680179487,2.669562569425256,1.7072791072864344,1.707142864916281,1.707142864916281,1.7072791072864344,0.4563483078839842,0.4563913859376142,0.4563913859376142,0.4563483078839842,2.2710804470685746
400.0,90.663,33.196,2.841,6.172,984.611,1.6224089566904525,1.6223357640851783,1.6223357640851783,1.6224089566904525,2.7014437539724008,2.7011299686313874,2.7011299686313874,2.7014437539724008,1.7159967965099658,1.7158690972052493,1.7158690972052493,1.7159967965099658,0.4570819409159121,0.457105013615096,0.457105013615096,0.4570819409159121,10.161900663245738
400.0,90.815,58.419,4.841,6.07,1198.196,1.6199159391922728,1.619842408676908,1.619842408676908,1.6199159391922728,2.6970296292104856,2.696715519654161,2.696715519654161,2.6970296292104856,1.7176031124624005,1.717480820297553,1.717480820297553,1.7176031124624005,0.4575825625293759,0.4575970708260236,0.4575970708260236,0.4575825625293759,8.357347934464116
400.0,91.591,29.529,3.67,6.484,979.209,1.6223086077621107,1.6222348251587255,1.6222348251587255,1.6223086077621107,2.702557447505689,2.702240237848295,2.702240237848295,2.702557447505689,1.7161947086825733,1.7160648835106842,1.7160648835106842,1.7161947086825733,0.4572933897920763,0.4573196004243995,0.4573196004243995,0.4572933897920763,10.216719206348996
400.0,91.697,78.017,5.388,2.924,3303.892,1.6136321239936249,1.6135590716311918,1.6135590716311918,1.6136321239936249,2.679438290199609,2.6791307699156417,2.6791307699156417,2.679438290199609,1.7158026681202645,1.7156834884969707,1.7156834884969707,1.7158026681202645,0.4579933767645231,0.4580055536877035,0.4580055536877035,0.4579933767645231,3.0328376553303555
400.0,91.759,73.625,6.305,3.742,1757.233,1.6165355220454332,1.6164620375203862,1.6164620375203862,1.6165355220454332,2.6894426804384564,2.6891311320374527,2.6891311320374527,2.6894426804384564,1.7177119427067462,1.717591384459609,1.717591384459609,1.7177119427067462,0.4580636626926884,0.4580760489990504,0.4580760489990504,0.4580636626926884,5.701408450490577
400.0,92.292,83.593,4.361,2.629,3956.43,1.612832540787624,1.6127591390876643,1.6127591390876643,1.612832540787624,2.678833487581741,2.6785243116029767,2.6785243116029767,2.678833487581741,1.7164362183684,1.7163173540656995,1.7163173540656995,1.7164362183684,0.458272219410047,0.4582836838738935,0.4582836838738935,0.458272219410047,2.533086305384884
400.0,92.608,77.342,3.962,2.604,1937.508,1.6156785704133132,1.6156051365194612,1.6156051365194612,1.6156785704133132,2.6888842999963583,2.688573617281679,2.688573617281679,2.6888842999963583,1.7182517351479072,1.7181312228968886,1.7181312228968886,1.7182517351479072,0.4583802420219966,0.458392403532881,0.458392403532881,0.4583802420219966,5.171543353993187
400.0,93.26,73.067,6.054,3.717,3504.005,1.6131537205337845,1.6130805019090138,1.6130805019090138,1.6131537205337845,2.680391378216932,2.680083324794628,2.680083324794628,2.680391378216932,1.7160450536102108,1.7159255127176571,1.7159255127176571,1.7160450536102108,0.4583624053085254,0.4583749666767262,0.4583749666767262,0.4583624053085254,2.859165466939276
400.0,93.433,17.705,5.636,6.01,1211.742,1.620006252728408,1.6199324921256268,1.6199324921256268,1.620006252728408,2.6962895544852685,2.6959748010217375,2.6959748010217375,2.6962895544852685,1.7143984892448936,1.7142547471358007,1.7142547471358007,1.7143984892448936,0.4574956003375599,0.4575441562684254,0.4575441562684254,0.4574956003375599,8.25295574877306
400.0,93.499,82.005,6.189,4.025,3692.366,1.612749829473439,1.6126763441270973,1.6126763441270973,1.612749829473439,2.681002981955304,2.680693687876357,2.680693687876357,2.681002981955304,1.717188927383125,1.7170695092061576,1.7170695092061576,1.717188927383125,0.4586231593046036,0.4586349053154099,0.4586349053154099,0.4586231593046036,2.714096515186391
400.0,93.993,12.152,5.25,2.7,3616.833,1.6141663463566036,1.6140926626149608,1.6140926626149608,1.6141663463566036,2.675229696448533,2.6749179917236314,2.6749179917236314,2.675229696448533,1.7093623266251046,1.7091953572865592,1.7091953572865592,1.7093623266251046,0.4572291044233738,0.4573181673049509,0.4573181673049509,0.4572291044233738,2.764491247238412
400.0,94.331,75.292,4.275,5.967,4434.693,1.6121980565683487,1.61212463515798,1.61212463515798,1.6121980565683487,2.679718393619477,2.6794104780957975,2.6794104780957975,2.679718393619477,1.7164787601359994,1.7163589494466562,1.7163589494466562,1.7164787601359994,0.45871063270052,0.4587233503426768,0.4587233503426768,0.45871063270052,2.25928667162484
400.0,94.566,15.912,5.206,4.566,4794.897,1.6132194079222826,1.6131459632573175,1.6131459632573175,1.6132194079222826,2.6737169657224182,2.673407532880846,2.673407532880846,2.6737169657224182,1.7093931742379305,1.7092497568672418,1.7092497568672418,1.7093931742379305,0.4574679795635132,0.4575203980508554,0.4575203980508554,0.4574679795635132,2.085534636434525
400.0,94.7,87.929,4.041,4.47,4440.658,1.6118347914115423,1.6117608537547397,1.6117608537547397,1.6118347914115423,2.681417146537443,2.6811061459152303,2.6811061459152303,2.681417146537443,1.7183029901982472,1.7181836814778737,1.7181836814778737,1.7183029901982472,0.4591015975936179,0.4591125664022044,0.4591125664022044,0.4591015975936179,2.2571767954684048
400.0,95.132,17.632,2.569,2.812,3814.317,1.6136031393361687,1.613529370640855,1.613529370640855,1.6136031393361687,2.6767094839942467,2.6763983237615174,2.6763983237615174,2.6767094839942467,1.7103814600611142,1.7102392733107017,1.7102392733107017,1.7103814600611142,0.4577114119146974,0.4577614040613325,0.4577614040613325,0.4577114119146974,2.621823453322401
400.0,95.559,51.716,5.642,5.416,2151.533,1.6149207824657874,1.614847004365903,1.614847004365903,1.6149207824657874,2.688407527231806,2.688096177029067,2.688096177029067,2.688407527231806,1.7165013541897975,1.7163787589834518,1.7163787589834518,1.7165013541897975,0.4587138755639202,0.4587300899930288,0.4587300899930288,0.4587138755639202,4.653202851882806
400.0,95.683,43.196,3.269,6.153,4420.655,1.6125382456699733,1.6124650116916153,1.6124650116916153,1.6125382456699733,2.678491227124697,2.6781845374203006,2.6781845374203006,2.678491227124697,1.713345990501102,1.7132237285151604,1.7132237285151604,1.713345990501102,0.4584319839147466,0.4584501323571501,0.4584501323571501,0.4584319839147466,2.2640930909529
400.0,95.734,98.336,5.489,3.728,1933.777,1.6144601562475578,1.6143855281338546,1.6143855281338546,1.6144601562475578,2.695181779230416,2.694866085510097,2.694866085510097,2.695181779230416,1.7229494480760583,1.722827892559536,1.722827892559536,1.7229494480760583,0.4598009533726086,0.459811681493061,0.459811681493061,0.4598009533726086,5.185024361562046
400.0,96.112,34.321,3.872,4.875,4929.663,1.6123687079297444,1.6122952348436743,1.6122952348436743,1.6123687079297444,2.6773124919393125,2.6770039431705137,2.6770039431705137,2.6773124919393125,1.7123030449564267,1.7121780771270043,1.7121780771270043,1.7123030449564267,0.4583572089401832,0.4583801739864811,0.4583801739864811,0.4583572089401832,2.0297295382950886
400.0,96.139,79.959,3.59,4.708,4968.275,1.6113823339946511,1.6113085855289002,1.6113085855289002,1.6113823339946511,2.6816627491484413,2.681353484625624,2.681353484625624,2.6816627491484413,1.7180262293528183,1.7179061384236645,1.7179061384236645,1.7180262293528183,0.4593603407687242,0.4593725451147888,0.4593725451147888,0.4593603407687242,2.0169436721000142
400.0,96.431,50.73,4.16,3.733,444.374,1.6337970275704907,1.6337207710938897,1.6337207710938897,1.6337970275704907,2.75925560405807,2.7589194447016108,2.7589194447016108,2.75925560405807,1.7332487132455017,1.7331150575027607,1.7331150575027607,1.7332487132455017,0.4599021844021244,0.4599200139214256,0.4599200139214256,0.4599021844021244,22.52822210113959
400.0,96.719,31.879,3.573,3.338,4958.198,1.6122522445893988,1.612179167664739,1.612179167664739,1.6122522445893988,2.6778466306955497,2.6775404992501994,2.6775404992501994,2.6778466306955497,1.7123814385184133,1.7122554821556757,1.7122554821556757,1.7123814385184133,0.4584915639660444,0.4585158995801066,0.4585158995801066,0.4584915639660444,2.017885753123364
400.0,97.057,74.261,5.185,4.15,413.531,1.6349844022599234,1.6349071280573433,1.6349071280573433,1.6349844022599234,2.7691466259893707,2.768803664017536,2.768803664017536,2.7691466259893707,1.738179142493504,1.7380454817574609,1.7380454817574609,1.738179142493504,0.4606948745504708,0.4607090168755281,0.4607090168755281,0.4606948745504708,24.22693081480941
400.0,97.328,52.687,3.707,2.986,344.127,1.640603754008804,1.6405259331654696,1.6405259331654696,1.640603754008804,2.78669788020606,2.7863475016283124,2.7863475016283124,2.78669788020606,1.7401075728803774,1.7399698155880248,1.7399698155880248,1.7401075728803774,0.4605587906432429,0.4605761947025833,0.4605761947025833,0.4605587906432429,29.092431012403143
400.0,98.056,55.812,5.97,3.306,2585.27,1.6133722987979189,1.6132978802989215,1.6132978802989215,1.6133722987979189,2.689146503346375,2.6888330035717174,2.6888330035717174,2.689146503346375,1.7179378340651414,1.7178151064183618,1.7178151064183618,1.7179378340651414,0.4595324879568579,0.4595480456280464,0.4595480456280464,0.4595324879568579,3.873025059540184
400.0,98.207,85.603,5.531,3.024,380.498,1.6367504427488258,1.636672479457504,1.636672479457504,1.6367504427488258,2.780332291877855,2.77998476716435,2.77998476716435,2.780332291877855,1.742318395572494,1.7421832433893782,1.7421832433893782,1.742318395572494,0.4614132861138832,0.4614263434403286,0.4614263434403286,0.4614132861138832,26.339739177800404
400.0,98.28,35.376,3.706,5.7,4792.255,1.6118528717480434,1.6117794111428918,1.6117794111428918,1.6118528717480434,2.680550984934519,2.6802435672082003,2.6802435672082003,2.680550984934519,1.7138980959392984,1.7137723715360167,1.7137723715360167,1.7138980959392984,0.4590583992188919,0.4590813750639675,0.4590813750639675,0.4590583992188919,2.0879910737730447
400.0,98.611,94.378,5.682,5.858,2366.53,1.6128117630211884,1.6127367349753037,1.6127367349753037,1.6128117630211884,2.695035424231054,2.6947189697000566,2.6947189697000566,2.695035424231054,1.7234836957456927,1.723361548892604,1.723361548892604,1.7234836957456927,0.4605517905939579,0.460563160663041,0.460563160663041,0.4605517905939579,4.23630985113947
400.0,99.857,94.07,3.246,6.269,2654.083,1.6120179508192736,1.6119426391866123,1.6119426391866123,1.6120179508192736,2.69492545116124,2.694608484755649,2.694608484755649,2.69492545116124,1.723849178139244,1.7237269004781006,1.7237269004781006,1.723849178139244,0.4609050155581233,0.4609165164416933,0.4609165164416933,0.4609050155581233,3.777287767641437
