Vout,ronp,rons,vfp,vfs,rm,sw_p1,sw_p2,sw_p3,sw_p4,cond_p1,cond_p2,cond_p3,cond_p4,sw_s1,sw_s2,sw_s3,sw_s4,cond_s1,cond_s2,cond_s3,cond_s4,core_t1
400.0,100.284,19.106,3.998,2.75,3037.901,1.612962576976126,1.6128883913688985,1.6128883913688985,1.612962576976126,2.686377206674972,2.686065800785983,2.686065800785983,2.686377206674972,1.7144596592547394,1.7143212870063704,1.7143212870063704,1.7144596592547394,0.4593879616285926,0.459428630726922,0.459428630726922,0.4593879616285926,3.292024142675212
400.0,100.63,40.626,3.793,3.216,1946.373,1.614387324020078,1.6143125487000825,1.6143125487000825,1.614387324020078,2.696118121544658,2.695802153833336,2.695802153833336,2.696118121544658,1.7188745805379249,1.71874773014493,1.71874773014493,1.7188745805379249,0.4600668645961144,0.4600875871563726,0.4600875871563726,0.4600668645961144,5.141775341052625
400.0,100.641,49.505,3.371,4.417,2338.699,1.6132833951096348,1.6132088537585507,1.6132088537585507,1.6132833951096348,2.6936357806165194,2.6933222075947705,2.6933222075947705,2.6936357806165194,1.719211017583414,1.7190868211610124,1.7190868211610124,1.719211017583414,0.4602147095607758,0.4602314009382916,0.4602314009382916,0.4602147095607758,4.280461892367989
400.0,100.786,99.715,5.042,3.471,3718.89,1.6105192630470753,1.6104439849724153,1.6104439849724153,1.6105192630470753,2.69253699120011,2.6922210387547,2.6922210387547,2.69253699120011,1.7241884804119385,1.7240666361949144,1.7240666361949144,1.7241884804119385,0.4612535943976484,0.4612643880298403,0.4612643880298403,0.4612535943976484,2.69625324947312
400.0,101.82,76.481,2.863,4.934,1274.942,1.616235248181899,1.6161590886055737,1.6161590886055737,1.616235248181899,2.711816032568644,2.711491743511666,2.711491743511666,2.711816032568644,1.7266578331200513,1.7265324897776109,1.7265324897776109,1.7266578331200513,0.4613619816462559,0.4613750311718867,0.4613750311718867,0.4613619816462559,7.858726239344521
400.0,102.056,97.901,3.175,3.559,4087.861,1.609980577834574,1.6099050340766787,1.6099050340766787,1.609980577834574,2.693156842517771,2.6928393765542906,2.6928393765542906,2.693156842517771,1.724576707766028,1.7244546758266095,1.7244546758266095,1.724576707766028,0.4615942675450845,0.4616048505874558,0.4616048505874558,0.4615942675450845,2.452739502159372
400.0,102.08,94.162,4.842,2.986,2013.779,1.612738761569218,1.6126628234637437,1.6126628234637437,1.612738761569218,2.702667391977193,2.7023469495039376,2.7023469495039376,2.702667391977193,1.7264270291443249,1.7263032814976722,1.7263032814976722,1.7264270291443249,0.4616639433250099,0.4616754771910541,0.4616754771910541,0.4616639433250099,4.978305823571905
400.0,103.123,50.295,5.518,2.973,1377.612,1.615822850710123,1.615747301034165,1.615747301034165,1.615822850710123,2.708759619103985,2.7084394460270564,2.7084394460270564,2.708759619103985,1.7236728210641503,1.7235457315129736,1.7235457315129736,1.7236728210641503,0.4611668520880499,0.4611843567578386,0.4611843567578386,0.4611668520880499,7.266837560267207
400.0,103.5,67.967,6.458,4.112,735.637,1.6221519026547029,1.6220748170965695,1.6220748170965695,1.6221519026547029,2.7358576184394616,2.73552497970286,2.73552497970286,2.7358576184394616,1.7319700865682894,1.7318404980866275,1.7318404980866275,1.7319700865682894,0.462023644590761,0.4620380687284377,0.4620380687284377,0.462023644590761,13.616153488926392
400.0,103.553,17.839,4.703,4.43,2160.986,1.6135793198099049,1.6135043537615947,1.6135043537615947,1.6135793198099049,2.6958997138715155,2.69558379693665,2.69558379693665,2.6958997138715155,1.7177308670923692,1.7175846675062796,1.7175846675062796,1.7177308670923692,0.4604365756370327,0.4604869558180372,0.4604869558180372,0.4604365756370327,4.6276813504312235
400.0,103.664,66.921,5.221,3.865,3656.507,1.6105223094173755,1.6104468381821082,1.6104468381821082,1.6105223094173755,2.6934571196333468,2.693140860527212,2.693140860527212,2.6934571196333468,1.7219862845882534,1.721863140196006,1.721863140196006,1.7219862845882534,0.4614385560093425,0.4614522313656756,0.4614522313656756,0.4614385560093425,2.739319118451232
400.0,105.085,46.828,4.497,5.061,369.778,1.6366799375376218,1.6366006957068455,1.6366006957068455,1.6366799375376218,2.789386759326613,2.7890325271701184,2.7890325271701184,2.789386759326613,1.7427376744800582,1.7425978040782553,1.7425978040782553,1.7427376744800582,0.4627982008930897,0.4628173907956248,0.4628173907956248,0.4627982008930897,27.068857571527587
400.0,105.309,62.548,6.472,2.664,2904.989,1.6109547696739444,1.610878866569026,1.610878866569026,1.6109547696739444,2.6980543461624427,2.6977354313892303,2.6977354313892303,2.6980543461624427,1.7231670804967352,1.7230428971169882,1.7230428971169882,1.7231670804967352,0.461894874423125,0.4619091483042945,0.4619091483042945,0.461894874423125,3.4474746801348
400.0,105.42,68.447,4.193,5.525,4329.284,1.6095986104211546,1.6095226678057104,1.6095226678057104,1.6095986104211546,2.694360415981375,2.6940426707564247,2.6940426707564247,2.694360415981375,1.7229488025193125,1.7228249867285448,1.7228249867285448,1.7229488025193125,0.4619914985242799,0.4620056108028313,0.4620056108028313,0.4619914985242799,2.3137333357611465
400.0,105.626,11.689,2.548,5.976,519.552,1.6288264150302287,1.628748029864482,1.628748029864482,1.6288264150302287,2.7554846447373404,2.755140987001823,2.755140987001823,2.7554846447373404,1.7320804184911809,1.7318876108303265,1.7318876108303265,1.7320804184911809,0.461735850850426,0.4618444830917839,0.4618444830917839,0.461735850850426,19.24375979821987
400.0,106.793,21.258,5.65,5.064,1552.085,1.6146298916543695,1.614553318911734,1.614553318911734,1.6146298916543695,2.7077757464201166,2.707451019272236,2.707451019272236,2.7077757464201166,1.7217965598109373,1.7216550618847428,1.7216550618847428,1.7217965598109373,0.4616235120591655,0.4616633856638514,0.4616633856638514,0.4616235120591655,6.443836260941642
400.0,107.558,48.786,3.478,3.8,3846.157,1.6097769649842475,1.6097008615766832,1.6097008615766832,1.6097769649842475,2.696508270411062,2.696189288059569,2.696189288059569,2.696508270411062,1.72213961751058,1.722013252799663,1.722013252799663,1.72213961751058,0.4622446371761797,0.4622628570069262,0.4622628570069262,0.4622446371761797,2.6026934547008223
400.0,108.853,83.486,4.416,2.534,432.064,1.6308630936853394,1.6307831206526275,1.6307831206526275,1.6308630936853394,2.783227461422311,2.7828742495462397,2.7828742495462397,2.783227461422311,1.746365485361637,1.7462287592222483,1.7462287592222483,1.746365485361637,0.4646025735873752,0.4646154686087853,0.4646154686087853,0.4646025735873752,23.194144174869272
400.0,108.869,70.149,3.064,4.129,2624.277,1.6103061335275852,1.6102293650752135,1.6102293650752135,1.6103061335275852,2.7051644162077446,2.7048423566039257,2.7048423566039257,2.7051644162077446,1.7268306733746577,1.7267047615865965,1.7267047615865965,1.7268306733746577,0.4631917401234316,0.4632060074450571,0.4632060074450571,0.4631917401234316,3.8171571191403495
400.0,109.586,18.381,3.784,3.58,4528.512,1.6094755111896748,1.6093991595484525,1.6093991595484525,1.6094755111896748,2.6947831977190364,2.6944634538703744,2.6944634538703744,2.6947831977190364,1.7195295488103322,1.7193831553261023,1.7193831553261023,1.7195295488103322,0.4621774556357572,0.4622270634877901,0.4622270634877901,0.4621774556357572,2.208329927263628
400.0,109.735,93.629,4.783,2.551,1335.879,1.613562725558586,1.6134847633387983,1.6134847633387983,1.613562725558586,2.7231683292182374,2.7228375856099323,2.7228375856099323,2.7231683292182374,1.7337790694804625,1.7336513959329036,1.7336513959329036,1.7337790694804625,0.4641984528460269,0.4642102021987635,0.4642102021987635,0.4641984528460269,7.504313311381766
400.0,109.823,91.327,4.72,4.103,723.383,1.6204047396896446,1.620326175269335,1.620326175269335,1.6204047396896446,2.748260134531588,2.747921731541919,2.747921731541919,2.748260134531588,1.7393989451941447,1.739267394423844,1.739267394423844,1.7393989451941447,0.4645502312915866,0.4645625316140739,0.4645625316140739,0.4645502312915866,13.857139997985644
400.0,109.951,39.905,4.91,4.5,4115.734,1.60917999106674,1.6091032923399262,1.6091032923399262,1.60917999106674,2.6982741284952745,2.697952619397941,2.697952619397941,2.6982741284952745,1.7224398488466088,1.722311390864418,1.722311390864418,1.7224398488466088,0.4627855565987859,0.4628066215564672,0.4628066215564672,0.4627855565987859,2.4315068042922374
400.0,110.087,80.153,6.226,2.642,3031.842,1.6092588756466717,1.6091815285754705,1.6091815285754705,1.6092588756466717,2.7058613244969374,2.7055366288907283,2.7055366288907283,2.7058613244969374,1.728437335017236,1.7283120504596967,1.7283120504596967,1.728437335017236,0.4637625013528886,0.4637749429994607,0.4637749429994607,0.4637625013528886,3.305091805958293
400.0,110.29,19.552,4.016,3.095,628.368,1.6239491392573298,1.6238703609468057,1.6238703609468057,1.6239491392573298,2.7497947225451425,2.749452481576117,2.749452481576117,2.7497947225451425,1.7327264642750453,1.7325738877043393,1.7325738877043393,1.7327264642750453,0.4632263274456496,0.4632735148808346,0.4632735148808346,0.4632263274456496,15.915253266104845
400.0,110.478,30.154,5.09,3.45,2699.374,1.610607758859141,1.6105309333282425,1.6105309333282425,1.610607758859141,2.703032215028224,2.702708966889157,2.702708966889157,2.703032215028224,1.7227260182610027,1.7225931041743283,1.7225931041743283,1.7227260182610027,0.4628110111781922,0.462838183253349,0.462838183253349,0.4628110111781922,3.706132341522645
400.0,112.093,86.644,4.805,6.224,1673.573,1.6115060629642168,1.6114280877555296,1.6114280877555296,1.6115060629642168,2.719845937549262,2.7195166711760272,2.7195166711760272,2.719845937549262,1.7330742728009725,1.7329465981432013,1.7329465981432013,1.7330742728009725,0.4646987559727693,0.4647112390964018,0.4647112390964018,0.4646987559727693,5.988716680911111
400.0,112.1,77.221,3.364,4.796,1748.87,1.611415911395519,1.6113378525870503,1.6113378525870503,1.611415911395519,2.717896619765472,2.7175676074517034,2.7175676074517034,2.717896619765472,1.7316399286595694,1.7315122947053534,1.7315122947053534,1.7316399286595694,0.4644776362642033,0.4644910559459424,0.4644910559459424,0.4644776362642033,5.729120167815226
400.0,112.37,37.964,5.56,5.362,1743.23,1.6121535185550446,1.612076043178847,1.612076043178847,1.6121535185550446,2.7144142693945965,2.7140873736283164,2.7140873736283164,2.7144142693945965,1.726841283960946,1.726709400839498,1.726709400839498,1.726841283960946,0.4636985666909992,0.4637210945464641,0.4637210945464641,0.4636985666909992,5.7403287655167645
400.0,112.58,20.143,3.842,4.187,1893.656,1.6119733995072607,1.6118958122566498,1.6118958122566498,1.6119733995072607,2.7111429098920694,2.7108155235489675,2.7108155235489675,2.7111429098920694,1.7244804295670946,1.724335802008096,1.724335802008096,1.7244804295670946,0.4633374834323862,0.4633803066522336,0.4633803066522336,0.4633374834323862,5.281278411185571
400.0,112.646,20.251,3.85,5.781,3768.262,1.6091485858876662,1.6090715525659682,1.6090715525659682,1.6091485858876662,2.700944780316779,2.700621779962181,2.700621779962181,2.700944780316779,1.7221100463824126,1.721965630323006,1.721965630323006,1.7221100463824126,0.4632007843310344,0.4632455750228923,0.4632455750228923,0.4632007843310344,2.6540066182854583
400.0,112.934,19.854,3.712,4.487,3010.714,1.6097980046951446,1.609720745463144,1.609720745463144,1.6097980046951446,2.7039222155591363,2.7035972707355618,2.7035972707355618,2.7039222155591363,1.722886005281923,1.7227409823256867,1.7227409823256867,1.722886005281923,0.4633226030530067,0.4633673455685818,0.4633673455685818,0.4633226030530067,3.321752632670255
400.0,112.951,15.36,3.272,4.07,1020.132,1.6168154066727325,1.616736923879136,1.616736923879136,1.6168154066724625,2.7289326642469445,2.7285970560484767,2.7285970560484767,2.7289326870968926,1.7285408083894018,1.7283782823906828,1.7283782823906828,1.7285408083894018,0.4636088487839816,0.4636751341915105,0.4636751341915105,0.4636088487839816,9.801969097339766
400.0,113.02,11.659,6.148,4.75,3050.988,1.6098963739586472,1.609818610644949,1.609818610644949,1.6098963739586472,2.703058812893644,2.7027312491252564,2.7027312491252564,2.703058812893644,1.7222800077880889,1.7220972912211387,1.7220972912211387,1.7222800077880889,0.4631391753692601,0.4632423923449512,0.4632423923449512,0.4631391753692601,3.277031473789735
400.0,113.893,79.183,3.243,5.179,1136.417,1.614248219070448,1.61416912468911,1.61416912468911,1.614248219070448,2.7329100030803604,2.7325735086305247,2.7325735086305247,2.7329100030803604,1.7359461212631804,1.735816027730224,1.735816027730224,1.7359461212631804,0.4652765331535335,0.4652897871726685,0.4652897871726685,0.4652765331535335,8.817227913916483
400.0,114.169,35.443,3.472,3.639,3432.944,1.608741253976283,1.6086635474496973,1.6086635474496973,1.608741253976283,2.7055961680537424,2.705270117159745,2.705270117159745,2.7055961680537424,1.7251139026583215,1.7249824508222005,1.7249824508222005,1.7251139026583215,0.4640361729749313,0.4640596159484178,0.4640596159484178,0.4640361729749313,2.9146696823131952
400.0,114.469,99.67,5.939,6.24,3246.716,1.6075641373174054,1.6074855614363015,1.6074855614363015,1.6075641373174054,2.71313728986872,2.7128078589131066,2.7128078589131066,2.71313728986872,1.7336563958988565,1.7335292750407827,1.7335292750407827,1.7336563958988565,0.4655593519431259,0.4655713308050827,0.4655713308050827,0.4655593519431259,3.0882843145512484
400.0,114.551,22.732,4.549,4.182,4795.065,1.6080186881528276,1.607941479527094,1.607941479527094,1.6080186881528276,2.701612070374352,2.7012896791494927,2.7012896791494927,2.701612070374352,1.7230424548217853,1.7229024908445367,1.7229024908445367,1.7230424548217853,0.4638198170345563,0.4638573252607812,0.4638573252607812,0.4638198170345563,2.085846423813134
400.0,115.333,54.245,3.807,3.974,1617.037,1.6115838435514445,1.6115057689293883,1.6115057689293883,1.6115838435514445,2.722017685951237,2.7216882591342157,2.7216882591342157,2.722017685951237,1.7313032175446883,1.7311729981088793,1.7311729981088793,1.7313032175446883,0.4650208166807816,0.4650375798749684,0.4650375798749684,0.4650208166807816,6.19153790318248
400.0,115.409,76.028,3.214,5.963,1565.385,1.6113534021354614,1.6112740452348628,1.6112740452348628,1.6113534021354614,2.7251993066670854,2.7248629795231247,2.7248629795231247,2.7251993066670854,1.7343279100635849,1.734199057521663,1.734199057521663,1.7343279100635849,0.4655401105075316,0.4655530779976255,0.4655530779976255,0.4655401105075316,6.400360819844744
400.0,115.692,63.694,3.947,5.69,3986.725,1.6073675597876704,1.60728954725789,1.60728954725789,1.6073675597876704,2.708968991253532,2.7086425384733177,2.7086425384733177,2.708968991253532,1.7293506507092666,1.7292230021840491,1.7292230021840491,1.7293506507092666,0.4651148803506888,0.4651301796606664,0.4651301796606664,0.4651148803506888,2.5121019239754925
400.0,115.919,41.785,5.408,5.398,1260.869,1.613562829582565,1.6134843779865933,1.6134843779865933,1.613562829582565,2.728525267347417,2.728192623769647,2.728192623769647,2.728525267347417,1.7317223087109055,1.7315893541016365,1.7315893541016365,1.7317223087109055,0.465038036697355,0.4650583391659142,0.4650583391659142,0.465038036697355,7.937269275373035
400.0,116.135,41.637,3.372,2.749,1907.269,1.6106251754004963,1.6105469707475684,1.6105469707475684,1.6106251754004963,2.718118297389825,2.7177889819098557,2.7177889819098557,2.718118297389825,1.729366065456705,1.7292337043395545,1.7292337043395545,1.729366065456705,0.4649361709362259,0.4649575060712852,0.4649575060712852,0.4649361709362259,5.247209460503456
400.0,116.291,48.402,5.922,5.219,856.747,1.617367961412852,1.6172887043384163,1.6172887043384163,1.617367961412852,2.7446662208547887,2.744327442231315,2.744327442231315,2.7446662208547887,1.7362821395556356,1.7361470104119547,1.7361470104119547,1.7362821395556356,0.4655325866316459,0.4655522755987722,0.4655522755987722,0.4655325866316459,11.683668500913354
400.0,116.313,94.186,3.074,6.073,4055.759,1.606565405298308,1.6064866701341,1.6064866701341,1.606565405298308,2.7128028594721947,2.7124734732068765,2.7124734732068765,2.7128028594721947,1.7336264945862505,1.7334995038462746,1.7334995038462746,1.7336264945862505,0.4659835484150509,0.4659953416106268,0.4659953416106268,0.4659835484150509,2.4717865646001447
400.0,116.322,91.351,4.992,4.854,4023.79,1.60664064812109,1.6065618585391632,1.6065618585391632,1.60664064812109,2.7126014315770988,2.712271567200975,2.712271567200975,2.7126014315770988,1.7332855173831572,1.733158268385831,1.733158268385831,1.7332855173831572,0.4659247866082978,0.4659371699966524,0.4659371699966524,0.4659247866082978,2.491195215295856
400.0,116.752,42.016,2.658,5.481,4996.787,1.607001615101021,1.6069233097763065,1.6069233097763065,1.607001615101021,2.7063052737689857,2.705977462206885,2.705977462206885,2.7063052737689857,1.7268278473680294,1.7266977916674917,1.7266977916674917,1.7268278473680294,0.4649377107095813,0.4649579061208778,0.4649579061208778,0.4649377107095813,2.0028865495067283
400.0,116.755,48.019,2.712,3.376,2516.929,1.608992312339432,1.608913788808387,1.608913788808387,1.608992312339432,2.714665034056352,2.7143353386392657,2.7143353386392657,2.714665034056352,1.729417693884393,1.7292872600536129,1.7292872600536129,1.729417693884393,0.4651951235289405,0.4652139835276525,0.4652139835276525,0.4651951235289405,3.977038589920576
400.0,117.111,49.03,3.445,6.167,371.518,1.6336788071858364,1.6335971008853292,1.6335971008853292,1.6336788071858364,2.807023935394104,2.806660126876188,2.806660126876188,2.807023935394104,1.751094693880756,1.750950025577253,1.750950025577253,1.751094693880756,0.4667267571931833,0.4667463823652028,0.4667463823652028,0.4667267571931833,26.943271506736075
400.0,117.525,58.907,6.122,3.214,1787.14,1.6103282175027287,1.6102490016398887,1.6102490016398887,1.6103282175027287,2.723353897121287,2.723019340575989,2.723019340575989,2.723353897121287,1.732823092705176,1.7326929444035324,1.7326929444035324,1.732823092705176,0.4657829039342512,0.4657988235668512,0.4657988235668512,0.4657829039342512,5.603043696166833
400.0,117.894,98.554,4.347,4.044,2508.872,1.607731833567159,1.6076523637667566,1.6076523637667566,1.607731833567159,2.7216240338330366,2.7212901974186416,2.7212901974186416,2.7216240338330366,1.7366579021342583,1.7365292937580976,1.7365292937580976,1.7366579021342583,0.466679710169743,0.4666915223636933,0.4666915223636933,0.466679710169743,3.996353736686504
400.0,117.929,57.28,5.068,3.191,4064.457,1.606897634284472,1.6068192528590344,1.6068192528590344,1.606897634284472,2.71129782930816,2.7109703023370737,2.7109703023370737,2.71129782930816,1.7299824390784808,1.729854139057349,1.729854139057349,1.7299824390784808,0.4656770191475255,0.4656927576492753,0.4656927576492753,0.4656770191475255,2.4635345287148693
400.0,118.309,71.602,5.658,5.582,4640.645,1.6061942098868889,1.6061155469005126,1.6061155469005126,1.6061942098868889,2.7121242742216336,2.71179595340533,2.71179595340533,2.7121242742216336,1.7317853474548366,1.731657500567759,1.731657500567759,1.7317853474548366,0.4660956166529808,0.4661096729968795,0.4661096729968795,0.4660956166529808,2.1586621015858007
400.0,118.328,92.705,6.485,4.818,3078.042,1.6069494096184902,1.6068701706262003,1.6068701706262003,1.6069494096184902,2.7187094346309806,2.718377118987953,2.718377118987953,2.7187094346309806,1.7355157861740345,1.7353875738515652,1.7353875738515652,1.7355157861740345,0.4666405567481344,0.4666527242789678,0.4666527242789678,0.4666405567481344,3.2567572048248103
400.0,118.4,41.105,4.429,5.435,810.837,1.6177167610326708,1.6176369292040471,1.6176369292040471,1.6177167610326708,2.7496396641910703,2.7492972099271467,2.7492972099271467,2.7496396641910703,1.7373834912693422,1.737246102715894,1.737246102715894,1.7373834912693422,0.4660846145327454,0.466106626894941,0.466106626894941,0.4660846145327454,12.342210494689336
400.0,119.176,48.64,2.812,2.581,3627.47,1.607085157100398,1.6070064885059343,1.6070064885059343,1.607085157100398,2.713400266117715,2.7130711476948286,2.7130711476948286,2.713400266117715,1.7299900209192989,1.7298598188818886,1.7298598188818886,1.7299900209192989,0.4658983381089599,0.4659167822102242,0.4659167822102242,0.4658983381089599,2.7595245324400284
400.0,119.21,69.821,2.693,5.729,4962.973,1.6058645688905693,1.605785360935019,1.605785360935019,1.6058645688905693,2.7127111022610406,2.712379676712748,2.712379676712748,2.7127111022610406,1.732034208337542,1.7319059263562897,1.7319059263562897,1.732034208337542,0.4663327328652846,0.4663470972200983,0.4663470972200983,0.4663327328652846,2.0183448917734967
400.0,119.598,21.445,5.988,3.875,1353.021,1.6124913743944942,1.6124116589116588,1.6124116589116588,1.6124913743944942,2.7296226226274705,2.729283920960468,2.729283920960468,2.7296226226274705,1.7312306539656273,1.7310836079429937,1.7310836079429937,1.7312306539656273,0.4657133713801846,0.4657546471859201,0.4657546471859201,0.4657133713801846,7.391737140497109
400.0,119.885,97.337,6.359,4.906,3690.451,1.6059049163196326,1.6058253705216028,1.6058253705216028,1.6059049163196326,2.719328422363544,2.7189955957429723,2.7189955957429723,2.719328422363544,1.736660142989497,1.7365315539646793,1.7365315539646793,1.736660142989497,0.4672051678927341,0.4672171941150368,0.4672171941150368,0.4672051678927341,2.716719301285466
400.0,120.203,90.665,3.87,4.241,4479.443,1.6054456780524853,1.6053661234472452,1.6053661234472452,1.6054456780524853,2.7171931450433515,2.716860575098095,2.716860575098095,2.7171931450433515,1.735574800616956,1.735446482073023,1.735446482073023,1.735574800616956,0.467126873729008,0.4671392174796232,0.4671392174796232,0.467126873729008,2.237721790892388
400.0,120.386,31.129,3.49,4.264,1594.879,1.6109020023250809,1.610822701226731,1.610822701226731,1.6109020023250809,2.727302991734696,2.72696794329283,2.72696794329283,2.727302991734696,1.7318226715417044,1.7316846150534744,1.7316846150534744,1.7318226715417044,0.4661142399932993,0.466141882254143,0.466141882254143,0.4661142399932993,6.27277981000897
400.0,120.598,49.596,3.712,5.114,1144.571,1.6131506184479427,1.6130706491926756,1.6130706491926756,1.6131506184478113,2.7394135911101865,2.739073757214936,2.739073757214936,2.739413568084992,1.7366143457420713,1.7364803344875923,1.7364803344875923,1.7366143457420713,0.4667537839517426,0.4667718891354523,0.4667718891354523,0.4667537839517426,8.745888209094058
400.0,120.65,31.599,3.317,5.439,3646.91,1.6070444381699662,1.6069654266472877,1.6069654266472877,1.6070444381699662,2.713700762730324,2.713369839430424,2.713369839430424,2.713700762730324,1.7287870226780837,1.7286515376230045,1.7286515376230045,1.7287870226780837,0.4659834262740277,0.4660102710694547,0.4660102710694547,0.4659834262740277,2.7432872913693926
400.0,120.653,70.876,6.4,2.614,531.35,1.6236451705503538,1.6235630411585893,1.6235630411585893,1.6236451705503538,2.782168997934126,2.78181018009912,2.78181018009912,2.782168997934126,1.7487802261763614,1.748641110682865,1.748641110682865,1.7487802261763614,0.4678830792758568,0.4678983911607484,0.4678983911607484,0.4678830792758568,18.85209177912112
400.0,121.069,99.426,4.544,5.445,1749.505,1.608819379941926,1.6087391253808971,1.6087391253808971,1.608819379941926,2.7332990406528768,2.7329607056352883,2.7329607056352883,2.7332990406528768,1.7405265338438063,1.740395695875508,1.740395695875508,1.7405265338438063,0.4678259608399373,0.4678380471460744,0.4678380471460744,0.4678259608399373,5.731067000133449
400.0,121.331,69.322,4.257,3.073,1845.597,1.60901793204174,1.6089376742435268,1.6089376742435268,1.60901793204174,2.729318021066464,2.7289794363947424,2.7289794363947424,2.729318021066464,1.7365554075584635,1.736424654209946,1.736424654209946,1.7365554075584635,0.46721690690562,0.4672312885418204,0.4672312885418204,0.46721690690562,5.427368992662172
400.0,122.112,17.945,4.986,3.936,2492.645,1.608322178083506,1.6082430333849511,1.6082430333849511,1.608322178083506,2.7194675817599987,2.719135745629095,2.719135745629095,2.7194675817599987,1.7295082428398567,1.7293525273576942,1.7293525273576942,1.7295082428398567,0.4662121418344613,0.4662685565976843,0.4662685565976843,0.4662121418344613,4.011817974441593
400.0,122.361,87.986,4.746,5.127,2975.946,1.606193828437867,1.6061136740634434,1.6061136740634434,1.606193828437867,2.72458629534691,2.724249987296832,2.724249987296832,2.72458629534691,1.7377365587629057,1.737606649182431,1.737606649182431,1.7377365587629057,0.4678300258547459,0.4678429429025007,0.4678429429025007,0.4678300258547459,3.367943125884904
400.0,122.427,29.786,5.447,5.539,361.116,1.633658935064166,1.6335756139457207,1.6335756139457207,1.633658935064166,2.8161403562642437,2.815768505262352,2.815768505262352,2.8161403562642437,1.752992761440345,1.7528386268046543,1.7528386268046543,1.752992761440345,0.4680763314208303,0.4681085390691276,0.4681085390691276,0.4680763314208303,27.701700839495214
400.0,123.159,80.946,4.16,3.33,2824.275,1.6063343356313329,1.6062540568862056,1.6062540568862056,1.6063343356313329,2.725742097955564,2.725405454119283,2.725405454119283,2.725742097955564,1.7375380017470532,1.7374079005115064,1.7374079005115064,1.7375380017470532,0.4679397495074642,0.467952910776596,0.467952910776596,0.4679397495074642,3.547992405923063
400.0,123.755,93.553,2.971,4.165,717.056,1.6172097840347832,1.6171280063348197,1.6171280063348197,1.6172097840347832,2.7696966144664463,2.769345598722614,2.769345598722614,2.7696966144664463,1.7492844855852183,1.7491473767555854,1.7491473767555854,1.7492844855852183,0.4690956025513243,0.4691087944703996,0.4691087944703996,0.4690956025513243,13.97999934149358
400.0,124.19,84.02,4.737,5.604,2142.845,1.6072430673224,1.6071626180644254,1.6071626180644254,1.6072430673224,2.73209451618541,2.7317573408680613,2.7317573408680613,2.73209451618541,1.7396815171737148,1.739550154424899,1.739550154424899,1.7396815171737148,0.4684139624228863,0.4684273010144035,0.4684273010144035,0.4684139624228863,4.676711963784724
400.0,124.277,65.808,4.951,4.266,2545.621,1.6067772641537197,1.606696883741156,1.606696883741156,1.6067772641537197,2.7273430973423056,2.7270059366945847,2.7270059366945847,2.7273430973423056,1.7367077429124995,1.7365765202817425,1.7365765202817425,1.7367077429124995,0.4679841888913149,0.4679993117844267,0.4679993117844267,0.4679841888913149,3.9344246453531495
400.0,124.3,74.997,4.677,6.269,1916.67,1.607984014365722,1.6079032745121449,1.6079032745121449,1.607984014365722,2.733505815715164,2.7331653406859058,2.7331653406859058,2.733505815715164,1.7391075272666474,1.738975693212357,1.738975693212357,1.7391075272666474,0.4682832095361069,0.4682973967548133,0.4682973967548133,0.4682832095361069,5.227046034096434
400.0,124.417,46.076,4.106,6.437,1329.563,1.6109967471319446,1.610916358974491,1.610916358974491,1.6109967471319446,2.7398285815987005,2.7394893449288302,2.7394893449288302,2.7398285815987005,1.7376126087205066,1.7374768468930506,1.7374768468930506,1.7376126087205066,0.4678213089318241,0.4678416182127591,0.4678416182127591,0.4678213089318241,7.528100354395316
400.0,124.629,21.294,5.986,5.346,4003.11,1.6060218515575673,1.6059422387769084,1.6059422387769084,1.6060218515575673,2.717468311769729,2.7171357646729075,2.7171357646729075,2.717468311769729,1.7300523289067302,1.729906723495566,1.729906723495566,1.7300523289067302,0.4669963064965823,0.4670370708090943,0.4670370708090943,0.4669963064965823,2.498331313976548
400.0,124.63,36.727,3.616,3.116,597.697,1.621084423798995,1.621002464898095,1.621002464898095,1.621084423798995,2.7760669896927315,2.775711730200588,2.775711730200588,2.7760669896927315,1.7451519496192294,1.7450078389467265,1.7450078389467265,1.7451519496192294,0.4682730887273563,0.4682983085909709,0.4682983085909709,0.4682730887273563,16.740768240941428
400.0,125.086,28.2,5.943,3.772,326.458,1.6363015073354998,1.6362175117191031,1.6362175117191031,1.6363015073354998,2.8319255476088645,2.8315489583331743,2.8315489583331743,2.8319255476088645,1.7573810507873326,1.7572220824700495,1.7572220824700495,1.7573810507873326,0.4690962702753577,0.4691316715232636,0.4691316715232636,0.4690962702753577,30.6407448152977
400.0,125.377,19.958,4.276,4.935,4954.416,1.605352333693974,1.6052727998745626,1.6052727998745626,1.605352333693974,2.7165114351828805,2.716180172338753,2.716180172338753,2.7165114351828805,1.730004618643333,1.7298554689497243,1.7298554689497243,1.730004618643333,0.4671703080645003,0.4672165233276367,0.4672165233276367,0.4671703080645003,2.0185329925486575
400.0,125.501,43.388,4.19,4.934,3461.664,1.6058001686014316,1.6057202262027446,1.6057202262027446,1.6058001686014316,2.722629880535038,2.7222959155355366,2.7222959155355366,2.722629880535038,1.7336846505068173,1.7335510035221655,1.7335510035221655,1.7336846505068173,0.4678029015180368,0.4678237426885644,0.4678237426885644,0.4678029015180368,2.8911682438628974
400.0,125.505,13.587,3.863,4.175,4888.606,1.6054761351339324,1.6053959871156496,1.6053959871156496,1.6054761351339324,2.7161442118913226,2.7158088057190226,2.7158088057190226,2.7161442118913226,1.72962324786349,1.729449995770476,1.729449995770476,1.72962324786349,0.4670527752750918,0.4671361156848041,0.4671361156848041,0.4670527752750918,2.045282191710648
400.0,125.995,10.987,6.113,3.18,819.604,1.6163470968701392,1.6162651921840188,1.6162651921840188,1.6163470968701392,2.757187422073521,2.756836022979291,2.756836022979291,2.757187422073521,1.7392365908705034,1.739028809573345,1.739028809573345,1.7392365908705034,0.4677954220858802,0.4679230457130632,0.4679230457130632,0.4677954220858802,12.198070550579772
400.0,126.136,34.277,2.573,5.308,3985.293,1.6054230441458186,1.6053428579595272,1.6053428579595272,1.6054230441458186,2.72111757543228,2.7207828719259317,2.7207828719259317,2.72111757543228,1.732593243195736,1.732456849250528,1.732456849250528,1.732593243195736,0.4677748994976698,0.4678004757175761,0.4678004757175761,0.4677748994976698,2.510552047985969
400.0,126.19,41.857,3.093,5.031,3964.888,1.6052714741113403,1.6051912888721354,1.6051912888721354,1.6052714741113403,2.7220258108012314,2.72169083444322,2.72169083444322,2.7220258108012314,1.7336132656066974,1.7334794500568833,1.7334794500568833,1.7336132656066974,0.4679646465336455,0.4679856164817046,0.4679856164817046,0.4679646465336455,2.524093156807919
400.0,126.393,67.955,5.913,3.215,4246.14,1.6045370737989886,1.6044565171990774,1.6044565171990774,1.6045370737989886,2.7244121178963967,2.724075677066798,2.724075677066798,2.7244121178963967,1.7369489028921197,1.736817836435367,1.736817836435367,1.7369489028921197,0.4686060761140235,0.4686211740958781,0.4686211740958781,0.4686060761140235,2.358902381495974
400.0,126.519,50.895,4.078,4.395,4143.579,1.6048992554252486,1.604819129372811,1.604819129372811,1.6048992554252486,2.7230268786614538,2.7226923631230764,2.7226923631230764,2.7230268786614538,1.734893298210278,1.7347609026096316,1.7347609026096316,1.734893298210278,0.4682666241791534,0.4682847241785014,0.4682847241785014,0.4682666241791534,2.415949611445245
400.0,126.54,52.594,2.716,3.518,3827.237,1.6050803958610853,1.60499990644227,1.60499990644227,1.6050803958610853,2.7240541994153187,2.723718445983025,2.723718445983025,2.7240541994153187,1.7353149610870944,1.735182424460762,1.735182424460762,1.7353149610870944,0.4683248169074513,0.4683430916193477,0.4683430916193477,0.4683248169074513,2.6157857057634493
400.0,128.193,70.438,5.26,2.623,1217.798,1.6103896121202188,1.6103078425883612,1.6103078425883612,1.6103896121202188,2.7508368508491854,2.750490266905688,2.750490266905688,2.7508368508491854,1.743964574405673,1.743829595649942,1.743829595649942,1.743964574405673,0.4696378431648861,0.4696526086713908,0.4696526086713908,0.4696378431648861,8.22543242731167
400.0,128.245,23.864,4.499,5.049,1409.893,1.6100509497662847,1.6099697428134618,1.6099697428134618,1.6100509497662847,2.741440917177528,2.741097900308346,2.741097900308346,2.741440917177528,1.7369892375888285,1.7368424252725847,1.7368424252725847,1.7369892375888285,0.4685194605773075,0.4685562121620217,0.4685562121620217,0.4685194605773075,7.09400763264904
400.0,128.414,45.431,2.609,6.216,4052.563,1.6046170408087597,1.6045363594845032,1.6045363594845032,1.6046170408087597,2.7254970561661174,2.725160732246048,2.725160732246048,2.7254970561661174,1.7355244383327524,1.7353901682860724,1.7353901682860724,1.7355244383327524,0.4687546850377737,0.4687752346475651,0.4687752346475651,0.4687546850377737,2.469761959232771
400.0,128.578,99.216,5.156,4.056,2643.079,1.6049657920792415,1.6048840766119965,1.6048840766119965,1.6049657920792415,2.7367269544125,2.736384503058445,2.736384503058445,2.7367269544125,1.7438078587158756,1.7436753754100127,1.7436753754100127,1.7438078587158756,0.4701139811769556,0.4701265729036813,0.4701265729036813,0.4701139811769556,3.7934285760199926
400.0,128.838,66.879,6.48,5.259,4466.182,1.6038522324994366,1.6037710262277596,1.6037710262277596,1.6038522324994366,2.727465613215976,2.7271262110288856,2.7271262110288856,2.727465613215976,1.7383585097909648,1.738226522231662,1.738226522231662,1.7383585097909648,0.46936026307436,0.4693757671725424,0.4693757671725424,0.46936026307436,2.2425933105050126
400.0,129.177,62.48,5.385,2.598,4487.61,1.603844391073157,1.603763424403576,1.603763424403576,1.603844391073157,2.727458103895115,2.727120362777929,2.727120362777929,2.727458103895115,1.738010999575489,1.737878479989144,1.737878479989144,1.738010999575489,0.4693692543491585,0.4693856878308537,0.4693856878308537,0.4693692543491585,2.231564937554748
400.0,129.297,11.542,2.619,5.036,3026.91,1.605961087559449,1.6058798754828778,1.6058798754828778,1.605961087559449,2.726559403771652,2.7262189645036656,2.7262189645036656,2.726559403771652,1.7332041999920402,1.7330095045232423,1.7330095045232423,1.7332041999920402,0.4682885482180889,0.4684017795494704,0.4684017795494704,0.4682885482180889,3.3029803145126695
400.0,129.458,56.046,3.501,4.068,3414.257,1.6046553794866607,1.6045738472266695,1.6045738472266695,1.6046553794866607,2.7299945919067103,2.7296530747400305,2.7296530747400305,2.7299945919067103,1.73802899482185,1.7378956624930764,1.7378956624930764,1.73802899482185,0.4693624651905607,0.4693798125560657,0.4693798125560657,0.4693624651905607,2.9324935294148675
400.0,129.878,35.316,5.668,3.86,3968.006,1.6045136984102668,1.6044329482285378,1.6044329482285378,1.6045136984102668,2.726778589125363,2.726441830269684,2.726441830269684,2.726778589125363,1.7352571414413698,1.7351193532477829,1.7351193532477829,1.7352571414413698,0.4689988795979949,0.4690247156200314,0.4690247156200314,0.4689988795979949,2.5215542320402657
400.0,130.513,59.51,4.629,3.258,3882.581,1.603959876418249,1.603878254775067,1.603878254775067,1.603959876418249,2.730525858224855,2.730184549105572,2.730184549105572,2.730525858224855,1.7388590124558152,1.7387259246755375,1.7387259246755375,1.7388590124558152,0.4697571080855105,0.4697736982045218,0.4697736982045218,0.4697571080855105,2.5790562614454204
400.0,130.765,60.946,4.237,5.96,3248.282,1.6044161258171397,1.6043347514760893,1.6043347514760893,1.6044161258171397,2.733072932074774,2.7327327450827936,2.7327327450827936,2.733072932074774,1.739686310204697,1.7395529341046334,1.7395529341046334,1.739686310204697,0.4699058037756569,0.4699221328929674,0.4699221328929674,0.4699058037756569,3.0828138869567785
400.0,131.335,16.807,5.801,3.783,2311.182,1.6064698031221534,1.6063883734072082,1.6063883734070077,1.6064698031221534,2.7342117333725744,2.73386996427156,2.7338699621524767,2.7342117333725744,1.7359421346895367,1.7357807107192995,1.7357807107192995,1.7359421346895367,0.4691584796441812,0.4692186006378014,0.4692186006378014,0.4691584796441812,4.326562840093736
400.0,131.439,11.669,3.813,4.381,2617.942,1.6059932641321,1.6059115579227572,1.6059115579227572,1.6059932641321,2.731773165361363,2.731430138989151,2.731430138989151,2.731773165361363,1.73514821924526,1.7349534591604798,1.7349534591604798,1.73514821924526,0.4690157418890782,0.4691275155797546,0.4691275155797546,0.4690157418890782,3.818957573870617
400.0,131.532,28.511,4.713,3.988,3029.676,1.6050924317423922,1.6050113893544031,1.6050113893544031,1.6050924317423922,2.7316408694687886,2.73130227306254,2.73130227306254,2.7316408694687886,1.7362294545281292,1.7360873842198017,1.7360873842198017,1.7362294545281292,0.4694294893542284,0.4694606592085289,0.4694606592085289,0.4694294893542284,3.301767806642937
400.0,131.657,10.579,3.501,3.363,1771.084,1.6079351578073482,1.6078528464010513,1.6078528464010513,1.6079351578073482,2.739315985094718,2.738968364989724,2.738968364989724,2.739315985094718,1.7369278270041997,1.736713768038212,1.736713768038212,1.7369278270041997,0.469172613844528,0.4693130251960935,0.4693130251960935,0.469172613844528,5.644804935990532
400.0,131.99,94.066,5.682,5.684,1125.838,1.6097989089638098,1.609715753119002,1.609715753119002,1.6097989089638098,2.7618441124829887,2.761491448553125,2.761491448553125,2.7618441124829887,1.7502644210186649,1.7501274648175127,1.7501274648175127,1.7502644210186649,0.4714602041185717,0.4714735086864166,0.4714735086864166,0.4714602041185717,8.904043196635792
400.0,132.235,59.168,3.615,5.372,1560.406,1.6077044328431307,1.6076220262614018,1.6076220262614018,1.6077044328433845,2.7484586665653135,2.74811148712319,2.74811148712319,2.7484586919337137,1.7435816630779275,1.7434451344972868,1.7434451344972868,1.7435816630779275,0.4705723334137488,0.4705897797933962,0.4705897797933962,0.4705723334137488,6.41704130021279
400.0,132.356,83.936,3.484,5.653,2626.377,1.604397215916074,1.6043146891742537,1.6043146891742537,1.604397215916074,2.7408623210150123,2.740516089380289,2.740516089380289,2.7408623210150123,1.7444352557694889,1.7443014001406534,1.7443014001406534,1.7444352557694889,0.4709952135694434,0.4710090146011621,0.4710090146011621,0.4709952135694434,3.815629002681951
400.0,134.014,58.413,3.382,4.645,1587.936,1.607186519303654,1.6071038690786994,1.6071038690786994,1.607186519303654,2.75062803104814,2.7502802897075527,2.7502802897075527,2.75062803104814,1.7445968437987571,1.744459231462988,1.744459231462988,1.7445968437987571,0.4711270668552998,0.4711454624853387,0.4711454624853387,0.4711270668552998,6.30561305860488
400.0,135.19,31.946,3.156,4.387,1357.756,1.6085655898547733,1.6084827057153044,1.6084827057153044,1.6085655898547733,2.7538478960057855,2.753497485197237,2.753497485197237,2.7538478960057855,1.7429741367044,1.7428288862776244,1.7428288862776244,1.7429741367044,0.4709775045791579,0.4710079474051543,0.4710079474051543,0.4709775045791579,7.368235788285587
400.0,135.313,83.729,2.67,5.125,430.374,1.6249400126053717,1.624853777968599,1.624853777968599,1.6249400126053717,2.824035814999158,2.8236558635129687,2.8236558635129687,2.824035814999158,1.7647772073107102,1.7646295937305383,1.7646295937305383,1.7647772073107102,0.4733106412902004,0.4733255620700518,0.4733255620700518,0.4733106412902004,23.28408419475007
400.0,136.232,37.831,4.123,3.278,2473.943,1.6046132469794294,1.604530555239699,1.604530555239699,1.6046132469794294,2.74267887346094,2.742332484950032,2.742332484950032,2.74267887346094,1.7413234871030565,1.741183476633146,1.741183476633146,1.7413234871030565,0.4712196317247915,0.4712440988925667,0.4712440988925667,0.4712196317247915,4.044637556049161
400.0,136.467,66.153,3.957,2.76,3778.845,1.602513782034773,1.6024309749730132,1.6024309749730132,1.602513782034773,2.7404676280219054,2.7401219039671063,2.7401219039671063,2.7404676280219054,1.7438515064084237,1.743716333419122,1.743716333419122,1.7438515064084237,0.4718464079661194,0.4718623371087458,0.4718623371087458,0.4718464079661194,2.6503928437074555
400.0,136.936,89.314,5.011,4.884,4860.707,1.601874026458458,1.601673154750926,1.601673154751044,1.6018740264583515,3.687098527545164,3.6859281690438146,3.685928169044448,3.6870985275439887,1.7456211082806887,1.7453022864756906,1.7453022864756906,1.7456211082806887,0.6262040854676759,0.6262354124690453,0.6262354124690453,0.6262040854676759,2.062038549650399
400.0,137.317,95.105,3.568,5.9,3324.6,1.6027439303502649,1.6026410505194515,1.6026410505194515,1.6027439303502649,3.696324311999705,3.6957216139733298,3.6957216139733298,3.696324311999705,1.74729526940553,1.7471572805317306,1.7471572805317306,1.74729526940553,0.6272205986706676,0.6272352245439017,0.6272352245439017,0.6272205986706676,3.015348557295769
400.0,137.69,62.406,2.69,3.976,341.409,1.631465068236296,1.6313777921765196,1.6313777921765196,1.631465068236296,2.850075310933248,2.8496856452995214,2.8496856452995214,2.850075310933248,1.7693987631664767,1.7692450252564869,1.7692450252564869,1.7693987631664767,0.4740275394544891,0.4740461988880543,0.4740461988880543,0.4740275394544891,29.33073255860725
400.0,137.702,61.803,3.924,3.44,2431.507,1.6038977275158566,1.603814583996216,1.603814583996216,1.6038977275158566,2.747774797505486,2.747426767300183,2.747426767300183,2.747774797505486,1.7455128271805194,1.7453757722355463,1.7453757722355463,1.7455128271805194,0.4722553286087315,0.4722726064799337,0.4722726064799337,0.4722553286087315,4.118417268418833
400.0,137.755,34.939,6.28,4.164,533.629,1.6203135908512676,1.620228399925632,1.620228399925632,1.6203135908512676,2.804085766990131,2.8037152831447645,2.8037152831447645,2.804085766990131,1.7558455534126445,1.7556942070941988,1.7556942070941988,1.7558455534126445,0.4726856773387587,0.4727133130207561,0.4727133130207561,0.4726856773387587,18.74899689249676
400.0,137.845,82.074,2.8,2.511,4063.204,1.602259755153752,1.602120930676396,1.602120930676396,1.602259755153752,3.6909949877468984,3.690184931829041,3.690184931829041,3.6909949877468984,1.7455329744833816,1.7453384930984093,1.7453384930984093,1.7455329744833816,0.6266328556953006,0.6266541348543545,0.6266541348543545,0.6266328556953006,2.466178872188619
400.0,138.324,16.487,2.83,2.549,1057.558,1.610400440710949,1.610315972719372,1.610315972719372,1.610400440710949,2.765379409661044,2.7650200599057495,2.7650200599057495,2.765379409661044,1.7455254955464607,1.745353654140303,1.745353654140303,1.7455254955464607,0.4717799841836369,0.4718478220139334,0.4718478220139334,0.4717799841836369,9.454940714043268
400.0,138.472,75.244,2.897,4.0,4729.622,1.601876133682988,1.601765467226745,1.601765467226745,1.601876133682988,3.688882245017767,3.688236854673856,3.688236854673856,3.688882245017767,1.7446852405145272,1.7445360135934544,1.7445360135934544,1.7446852405145272,0.626488482158101,0.6265059999181162,0.6265059999181162,0.626488482158101,2.118214864414768
400.0,138.714,83.236,3.489,6.052,2928.148,1.6031009606469846,1.6030208081405466,1.6030208081405466,1.6031009606469846,3.700562657773847,3.7000930030426966,3.7000930030426966,3.700562657773847,1.7470328015372074,1.7469252113847342,1.7469252113847342,1.7470328015372074,0.6277122210558908,0.6277287238352784,0.6277287238352784,0.6277122210558908,3.422275901382927
400.0,139.522,96.804,4.874,5.762,2227.873,1.6038786319363882,1.603824007455567,1.603824007455567,1.6038786319363882,3.713776427832415,3.7134567093083217,3.7134567093083217,3.713776427832415,1.7502544509288045,1.7501951223187462,1.7501951223187462,1.7502544509288045,0.6293602933251986,0.6293701754048858,0.6293701754048858,0.6293602933251986,4.499946633645224
400.0,140.208,61.228,3.451,5.655,2845.748,1.6032636976918286,1.6031735053956186,1.6031735053956186,1.6032636976918286,3.7004754921294594,3.699948543744509,3.699948543744509,3.7004754921294594,1.7453122691073435,1.7451901733736177,1.7451901733736177,1.7453122691073435,0.6276447882397039,0.6276649474742174,0.6276649474742174,0.6276447882397039,3.518839995815856
400.0,140.329,43.346,2.733,2.686,4962.362,1.601899440364594,1.6016637637588311,1.6016637637588311,1.601899440364594,3.6860562205438825,3.6846865329930583,3.6846865329930583,3.6860562205438825,1.7420257973941098,1.7416229358638666,1.7416229358638666,1.7420257973941098,0.6260627366795793,0.6261050521169168,0.6261050521169168,0.6260627366795793,2.016770044766856
400.0,140.766,31.415,4.017,5.832,432.72,1.624499983427648,1.6244134508139416,1.6244134508139416,1.624499983427648,2.8261593844236845,2.825779011876404,2.825779011876404,2.8261593844236845,1.7616312453891114,1.761472412795411,1.761472412795411,1.7616312453891114,0.4739135151255803,0.4739468518734029,0.4739468518734029,0.4739135151255803,23.118225861559328
400.0,140.986,49.175,5.304,3.126,2347.328,1.6041013595765912,1.603984562420416,1.603984562420416,1.6041013595765912,3.70506953398876,3.704384105274452,3.704384105274452,3.70506953398876,1.7450395448962304,1.7448773428695648,1.7448773428695648,1.7450395448962304,0.6279837916738435,0.6280070763112423,0.6280070763112423,0.6279837916738435,4.264331332910432
400.0,141.021,99.215,2.632,3.981,4083.42,1.6013150829193026,1.6012755215945609,1.6012755215945609,1.6013150829193026,3.704621049026112,3.7043898450086687,3.7043898450086687,3.704621049026112,1.7496324757565958,1.7495944896565478,1.7495944896565478,1.7496324757565958,0.6290958007600994,0.6291041922078713,0.6291041922078713,0.6290958007600994,2.4553184113456066
400.0,141.391,37.36,3.216,6.355,773.092,1.613111825161771,1.6130264120650049,1.6130264120650049,1.613111825161771,2.786467874398776,2.7861017028554618,2.7861017028554618,2.786467874398776,1.7531993575694915,1.7530511328099443,1.7530511328099443,1.7531993575694915,0.4735423835854015,0.4735684136456541,0.4735684136456541,0.4735423835854015,12.942573949226992
400.0,142.455,20.848,4.044,5.003,2867.698,1.6034089984363549,1.6031848064244496,1.6031848064244496,1.6034089984363549,3.6971968839170537,3.695887814707459,3.695887814707459,3.6971968839170537,1.7421372663535155,1.741738278671006,1.741738278671006,1.7421372663535155,0.6270980896034714,0.627167445122805,0.627167445122805,0.6270980896034714,3.4873123161472583
400.0,142.457,73.698,5.628,2.927,2124.873,1.6038879264471688,1.60384310910426,1.60384310910426,1.6038879264471688,3.718601593513368,3.718336365129759,3.718336365129759,3.718601593513368,1.7494300577582456,1.7493819740974816,1.7493819740974816,1.7494300577582456,0.6301064409075205,0.6301191277366003,0.6301191277366003,0.6301064409075205,4.7145029753551455
400.0,142.797,37.891,2.82,4.409,3890.566,1.602114843995375,1.6020550404161291,1.6020550404161291,1.602114843995375,3.696220750760872,3.695872043092317,3.695872043092317,3.696220750760872,1.7430657211245144,1.7429894016787466,1.7429894016787466,1.7430657211245144,0.6275168831110454,0.6275379772090399,0.6275379772090399,0.6275168831110454,2.5718892928542654
400.0,142.885,34.94,3.803,5.088,979.529,1.6103149291126375,1.6097499900989831,1.6097499900989831,1.6103149291126375,3.7585159636967136,2.767103748399125,2.767103748399125,3.7585159636967136,1.7513387797857316,1.7500692727101417,1.7500692727101417,1.7513387797857316,0.4737843759673113,0.6319088562347484,0.6319088562347484,0.4737843759673113,10.21411395781792
400.0,144.431,93.72,3.8,3.793,4518.55,1.600406628958728,1.6003749923443675,1.6003749923443675,1.600406628958728,3.7117328666854728,3.711548285694793,3.711548285694793,3.7117328666854728,1.751004116246187,1.7509761737588787,1.7509761737588787,1.751004116246187,0.6305903234240019,0.6305989064822282,0.6305989064822282,0.6305903234240019,2.2184617011594026
400.0,144.645,78.201,3.063,6.081,2343.452,1.6028700504548463,1.602834847197526,1.602834847197526,1.6028700504548463,3.723166870398584,3.722960108886492,3.722960108886492,3.723166870398584,1.7510718552245383,1.7510390141650702,1.7510390141650702,1.7510718552245383,0.6312474606299473,0.6312575321040803,0.6312575321040803,0.6312474606299473,4.275379626048228
400.0,144.664,68.385,5.737,4.81,4269.96,1.6009377205016158,1.6009019027914086,1.6009019027914086,1.6009377205016158,3.7073548475211706,3.707147166001306,3.707147166001306,3.7073548475211706,1.747989775035096,1.7479561035909166,1.7479561035909166,1.747989775035096,0.6297063125690812,0.6297179734006977,0.6297179734006977,0.6297063125690812,2.3456840236982983
400.0,146.27,96.4,6.243,5.946,4883.576,1.5997810222832225,1.599752718135284,1.599752718135284,1.5997810222832225,3.7166767900040294,3.716512031948227,3.716512031948227,3.7166767900040294,1.7524516267861616,1.7524282544840082,1.7524282544840082,1.7524516267861616,0.6316223629372316,0.6316292368625565,0.6316292368625565,0.6316223629372316,2.052811502441493
400.0,146.984,66.208,3.772,2.672,3552.652,1.60098600196607,1.6009545701727468,1.6009545701727468,1.60098600196607,3.717055467305544,3.716871762348009,3.716871762348009,3.717055467305544,1.7497299627887497,1.7497032022604606,1.7497032022604606,1.7497299627887497,0.6311665763473083,0.6311748776656497,0.6311748776656497,0.6311665763473083,2.819079596845936
400.0,147.003,65.658,4.928,3.493,3640.209,1.6009177787569275,1.6008868899480062,1.6008868899480062,1.6009177787569275,3.7165034846769074,3.7163231184463785,3.7163231184463785,3.7165034846769074,1.7496053687855262,1.7495769706664055,1.7495769706664055,1.7496053687855262,0.631112157452695,0.6311228677926759,0.6311228677926759,0.631112157452695,2.7512243743837375
400.0,148.359,10.976,6.034,4.38,4950.146,1.6007843053774402,1.6007487141168872,1.6007487141168872,1.6007843053774402,3.7025191624150944,3.702312447006648,3.702312447006648,3.7025191624150944,1.7434971904781351,1.7433841699651087,1.7433841699651087,1.7434971904781351,0.6290240990571659,0.6291604492431717,0.6291604492431717,0.6290240990571659,2.0195844558471405
400.0,148.511,51.223,4.731,5.964,1692.933,1.6042836297961052,1.6042535173346033,1.6042535173346033,1.6042836297961052,3.7398606707877384,3.739681908105416,3.739681908105416,3.7398606707877384,1.7517418226002948,1.7517089459488675,1.7517089459488675,1.7517418226002948,0.6331880483178755,0.6332040935337423,0.6332040935337423,0.6331880483178755,5.91296564683209
400.0,148.728,57.932,6.175,4.151,4368.7,1.600178053637039,1.600150155848563,1.600150155848563,1.600178053637039,3.716588559838616,3.716424875159944,3.716424875159944,3.716588559838616,1.7493436500892026,1.749315754220396,1.749315754220396,1.7493436500892026,0.631459151114843,0.631473083958006,0.631473083958006,0.631459151114843,2.2918686168982094
400.0,148.873,83.466,6.497,5.456,2864.111,1.6010160862509943,1.600989726331754,1.600989726331754,1.6010160862509943,3.7315804449568977,3.731424906588852,3.731424906588852,3.7315804449568977,1.7539136832339617,1.75389158636428,1.75389158636428,1.7539136832339617,0.6333602486064464,0.6333671919596767,0.6333671919596767,0.6333602486064464,3.4987363497078863
400.0,148.997,83.704,5.308,3.441,1559.972,1.6041761399668242,1.6041476795618916,1.6041476795618916,1.6041761399668242,3.752702523560042,3.7525354224620338,3.7525354224620338,3.752702523560042,1.7567936872093874,1.7567690716905713,1.7567690716905713,1.7567936872093874,0.6351779600791075,0.6351872916690906,0.6351872916690906,0.6351779600791075,6.423702262611139
400.0,149.151,12.859,4.562,3.253,1541.135,1.6054353655227591,1.6054010534713827,1.6054010534713827,1.6054353655227591,3.7367013641827618,3.736494714654057,3.736494714654057,3.7367013641827618,1.7484062361967188,1.74831280771238,1.74831280771238,1.7484062361967188,0.6321845780597314,0.6322851648080989,0.6322851648080989,0.6321845780597314,6.487275527632427
400.0,149.388,20.598,3.665,3.308,1135.609,1.6077809880107887,1.6077429518996162,1.6077429518996162,1.6077809880107887,3.755662778306484,3.7554376634272457,3.7554376634272457,3.755662778306484,1.751374544524105,1.7513156621697834,1.7513156621697834,1.751374544524105,0.6340536994254448,0.634099569213207,0.634099569213207,0.6340536994254448,8.806061706324643
400.0,149.715,32.203,4.537,3.744,1736.161,1.6041920222140622,1.604159033108228,1.604159033108228,1.6041920222140622,3.73790042130998,3.737707071695334,3.737707071695334,3.73790042130998,1.7499470321948796,1.7499116245243862,1.7499116245243862,1.7499470321948796,0.632943068390623,0.6329629426755127,0.6329629426755127,0.632943068390623,5.762164190688591
400.0,151.401,48.491,4.864,3.094,1222.849,1.6061952399528705,1.6061663128575447,1.6061663128575447,1.6061952399528705,3.764072155230191,3.763898955083061,3.763898955083061,3.764072155230191,1.7555168605132727,1.7554882510570733,1.7554882510570733,1.7555168605132727,0.6360422341484315,0.6360566312723227,0.6360566312723227,0.6360422341484315,8.185200353681969
400.0,151.587,80.342,2.632,2.574,3377.911,1.5999164638978265,1.599893515697606,1.599893515697606,1.5999164638978265,3.735322869621781,3.7351879363608074,3.7351879363608074,3.735322869621781,1.7548815188874003,1.7548602029397764,1.7548602029397764,1.7548815188874003,0.6344219534801138,0.6344316130983916,0.6344316130983916,0.6344219534801138,2.9662425870340394
400.0,151.604,36.844,3.505,2.69,3083.908,1.600960025814036,1.6009326673487208,1.6009326673487208,1.600960025814036,3.726916630021204,3.726758118574975,3.726758118574975,3.726916630021204,1.749466416801909,1.7494333456952824,1.7494333456952824,1.749466416801909,0.6326990767592172,0.6327237364358078,0.6327237364358078,0.6326990767592172,3.2444397912949503
400.0,151.618,39.975,3.806,3.178,755.026,1.6118476318402437,1.611814746465756,1.611814746465756,1.6118476318402437,3.798839829999817,3.798641763287012,3.798641763287012,3.798839829999817,1.7593662140261317,1.7593291095156074,1.7593291095156074,1.7593662140261317,0.638840433985635,0.6388621180912984,0.6388621180912984,0.638840433985635,13.253060976303669
400.0,151.647,12.978,6.257,5.407,3395.477,1.6010392263278754,1.6010076799355255,1.6010076799355255,1.6010392263278754,3.7192641924273975,3.7190807760184104,3.7190807760184104,3.7192641924273975,1.7467542965867195,1.74667201653385,1.74667201653385,1.7467542965867195,0.6314779106018377,0.6315766652027472,0.6315766652027472,0.6314779106018377,2.9444465689458488
400.0,151.912,45.838,4.217,5.297,4240.228,1.599768849119616,1.5997426272646216,1.5997426272646216,1.599768849119616,3.723705803625717,3.7235522163800105,3.7235522163800105,3.723705803625717,1.7500146498970366,1.7499879742920852,1.7499879742920852,1.7500146498970366,0.632738805126912,0.63275541268263,0.63275541268263,0.632738805126912,2.360363748072132
400.0,153.383,85.314,3.713,4.802,1985.589,1.6017084509745847,1.6016854178515356,1.6016854178514888,1.6017084509745847,3.7566657573683138,3.756530152737551,3.756530149162837,3.7566657573683138,1.7587455491256123,1.7587250347035552,1.7587250347035552,1.7587455491256123,0.6368957703018967,0.636905857040758,0.636905857040758,0.6368957703018967,5.046985439503317
400.0,154.104,22.739,5.721,6.192,1434.1,1.6047343316385738,1.60471004377457,1.60471004377457,1.6047343316385738,3.757487054756136,3.757341832879407,3.757341832879407,3.757487054756136,1.7530385550948333,1.7529952657268248,1.7529952657268248,1.7530385550948333,0.6356981694770864,0.6357385051005596,0.6357385051005596,0.6356981694770864,6.973602818641385
400.0,154.114,90.636,2.798,5.504,3300.895,1.5992718868430222,1.5992498045599732,1.5992498045599732,1.5992718868430222,3.745940362455524,3.745810932646133,3.745810932646133,3.745940362455524,1.7580523182003347,1.7580343811711123,1.7580343811711123,1.7580523182003347,0.6363371723794312,0.6363447488653947,0.6363447488653947,0.6363371723794312,3.0364462537291472
400.0,154.439,99.807,6.024,6.057,2799.826,1.599630984751018,1.5996103692737644,1.5996103692737644,1.599630984751018,3.7529540304221394,3.7528322322555017,3.7528322322555017,3.7529540304221394,1.7599968351951776,1.759978740863822,1.759978740863822,1.7599968351951776,0.6372522889801164,0.6372605314544301,0.6372605314544301,0.6372522889801164,3.5809199741650186
400.0,154.858,56.392,6.375,3.205,3845.203,1.599217097864431,1.5991940150124804,1.5991940150124804,1.599217097864431,3.736827377171731,3.736692088284416,3.736692088284416,3.736827377171731,1.7536519822586143,1.7536296401427678,1.7536296401427678,1.7536519822586143,0.6349894489876239,0.6350035987209481,0.6350035987209481,0.6349894489876239,2.6037212627362307
400.0,155.131,27.102,5.954,5.03,2523.758,1.6011483027097473,1.601123159297161,1.601123159297161,1.6011483027097473,3.740281615756988,3.740134711677354,3.740134711677354,3.740281615756988,1.7512940150816827,1.7512581365381972,1.7512581365381972,1.7512940150816827,0.6346664164728184,0.6346995933597349,0.6346995933597349,0.6346664164728184,3.9632522179473098
400.0,155.188,55.629,4.239,3.412,2525.86,1.600642766274852,1.6006206248741273,1.6006206248741273,1.600642766274852,3.747285747932856,3.7471550562903175,3.7471550562903175,3.747285747932856,1.7550729091921915,1.7550490298976045,1.7550490298976045,1.7550729091921915,0.6359555909670532,0.6359716152790509,0.6359716152790509,0.6359555909670532,3.963625042974116
400.0,155.47,75.812,4.846,2.888,1619.682,1.602673356729414,1.6026516727755291,1.6026516727755291,1.602673356729414,3.7688723600713754,3.768742620689305,3.768742620689305,3.7688723600713754,1.7600254939104945,1.7600044970072273,1.7600044970072273,1.7600254939104945,0.6383470588429583,0.6383587035368053,0.6383587035368053,0.6383470588429583,6.185214551986643
400.0,156.277,99.609,5.532,3.621,1408.667,1.6031246442451903,1.60310297730939,1.60310297730939,1.6031246442451903,3.7838491239958447,3.7837211470219105,3.7837211470219105,3.7838491239958447,1.7646125712495693,1.7645959761654604,1.7645959761654604,1.7646125712495693,0.6404371086947207,0.6404432751093422,0.6404432751093422,0.6404371086947207,7.117213450131096
400.0,156.289,43.791,3.021,5.965,1467.839,1.6037456453055663,1.6037215075245894,1.6037215075245894,1.6037456453055663,3.768191995221637,3.768048727115366,3.768048727115366,3.768191995221637,1.7569934207697369,1.7569662971503008,1.7569662971503008,1.7569934207697369,0.6377762124211076,0.637796294507592,0.637796294507592,0.6377762124211076,6.81794308358726
400.0,156.308,65.992,5.105,5.693,533.314,1.6165382142928235,1.6165113333871677,1.6165113333871677,1.6165382142928235,3.8599111844786687,3.859747335462852,3.859747335462852,3.8599111844786687,1.7713061017239118,1.771280570599121,1.771280570599121,1.7713061017239118,0.6461179316102763,0.646130691352398,0.646130691352398,0.6461179316102763,18.778141741742093
400.0,156.69,57.21,4.684,6.072,4010.101,1.5986937219545192,1.5986705821061606,1.5986705821061606,1.5986937219545192,3.741829292887672,3.741693819629577,3.741693819629577,3.741829292887672,1.754926640511412,1.7549063246149093,1.7549063246149093,1.754926640511412,0.6359929061230036,0.6360052384059043,0.6360052384059043,0.6359929061230036,2.4967104270493423
400.0,156.788,85.909,3.676,4.188,1228.179,1.6043940767957594,1.604373280098073,1.604373280098073,1.6043940767957594,3.7895690088892335,3.7894448129832794,3.7894448129832794,3.7895690088892335,1.76415655146215,1.7641374672346206,1.7641374672346206,1.76415655146215,0.6407532127551588,0.6407626825745449,0.6407626825745449,0.6407532127551588,8.159474945761366
400.0,156.912,90.971,3.294,4.042,4009.01,1.598080714394886,1.5980586142660822,1.5980586142660822,1.598080714394886,3.750732978703232,3.7506038501049512,3.7506038501049512,3.750732978703232,1.759534713665355,1.7595168790343745,1.7595168790343745,1.759534713665355,0.6376133404337918,0.6376219070853416,0.6376219070853416,0.6376133404337918,2.5001284589769464
400.0,157.141,45.963,4.621,4.781,2362.307,1.6006895966882655,1.6006692716175883,1.6006692716175883,1.600689596688314,3.7528505661748377,3.752730724370976,3.752730724370976,3.752850566175022,1.7554145443754463,1.755390601577561,1.755390601577561,1.7554145443754463,0.6367972453360679,0.6368145867947993,0.6368145867947993,0.6367972453360679,4.236692526662526
400.0,158.453,58.879,5.648,6.125,4582.749,1.597947334170508,1.5979252876917407,1.5979252876917407,1.597947334170508,3.74539022700228,3.7452613978208698,3.7452613978208698,3.74539022700228,1.7560738952134238,1.7560538567894857,1.7560538567894857,1.7560738952134238,0.6368756559761926,0.6368878123194436,0.6368878123194436,0.6368756559761926,2.1848383126777384
400.0,158.489,23.707,5.868,4.994,4652.583,1.5985003455122098,1.5984789468194645,1.5984789468194645,1.5985003455122098,3.736754270706761,3.7366294670075346,3.7366294670075346,3.736754270706761,1.7515651308610252,1.7515321656697993,1.7515321656697993,1.7515651308610252,0.6353164206779849,0.63534869493676,0.63534869493676,0.6353164206779849,2.14958886626848
400.0,158.512,91.118,5.248,4.715,2502.796,1.5993825823709424,1.599361862707021,1.599361862707021,1.5993825823709424,3.7663997277438535,3.766277298362725,3.766277298362725,3.7663997277438535,1.7620994878605845,1.7620829242352316,1.7620829242352316,1.7620994878605845,0.6394453963410968,0.6394525103819553,0.6394525103819553,0.6394453963410968,4.0047283978612365
400.0,158.594,24.68,2.747,4.595,3771.599,1.599022464646496,1.5990018255688334,1.5990018255688334,1.599022464646496,3.7409566973479538,3.7408377495488225,3.7408377495488225,3.7409566973479538,1.7522038857465556,1.752166692853296,1.752166692853296,1.7522038857465556,0.6357175322875973,0.6357563951121441,0.6357563951121441,0.6357175322875973,2.6517799814285943
400.0,158.632,91.566,5.433,3.292,3558.604,1.598048839583112,1.5980275251957734,1.5980275251957734,1.598048839583112,3.7583936357437455,3.758269014361724,3.758269014361724,3.7583936357437455,1.7611121983955207,1.761095232834076,1.761095232834076,1.7611121983955207,0.6388119929889177,0.638819352394754,0.638819352394754,0.6388119929889177,2.8166045819772525
400.0,158.644,86.079,2.691,6.239,3576.697,1.5981346327400452,1.598116254394664,1.598116254394664,1.5981346327400452,3.757070692342362,3.7569612904264806,3.7569612904264806,3.757070692342362,1.7603902075607527,1.7603708114201693,1.7603708114201693,1.7603902075607527,0.6385649120558454,0.638576161491022,0.638576161491022,0.6385649120558454,2.801859715372266
400.0,159.697,29.644,4.302,5.629,2791.776,1.5997066422841333,1.599686309768369,1.599686309768369,1.5997066422841333,3.75205812195608,3.7519360855286017,3.7519360855286017,3.75205812195608,1.7544261651557722,1.754393274616031,1.754393274616031,1.7544261651557722,0.6371230255815546,0.6371560393104185,0.6371560393104185,0.6371230255815546,3.5830289614191098
400.0,159.817,41.822,3.407,5.568,1455.45,1.6030925129925366,1.6030726338039794,1.6030726338040917,1.6030925129925366,3.778982363796205,3.7788638883131087,3.778863891916784,3.778982363796205,1.7592432192009912,1.759217818865915,1.759217818865915,1.7592432192009912,0.6397378304438917,0.6397585248461034,0.6397585248461034,0.6397378304438917,6.875477521475896
400.0,159.864,24.321,4.144,5.034,3266.377,1.5991923003600457,1.5991710134267378,1.5991710134267378,1.5991923003600457,3.747573891691728,3.747449136560979,3.747449136560979,3.747573891691728,1.7534419707160651,1.7534098814871668,1.7534098814871668,1.7534419707160651,0.6366688088936073,0.636700452626982,0.636700452626982,0.6366688088936073,3.0618905038700808
400.0,160.247,77.662,5.524,5.185,2975.77,1.5985440766774297,1.5985232576119544,1.5985232576119544,1.5985440766774297,3.7639131951934943,3.7637913321641494,3.7637913321641494,3.7639131951934943,1.7609288374813614,1.7609109534157157,1.7609109534157157,1.7609288374813614,0.6394501710120792,0.6394592482369478,0.6394592482369478,0.6394501710120792,3.366728616287008
400.0,160.317,79.964,5.698,3.432,3089.505,1.5983558368312858,1.5983347651890971,1.5983347651890971,1.5983558368312858,3.7638115839997353,3.76368727849082,3.76368727849082,3.7638115839997353,1.7611637868680103,1.7611468955633047,1.7611468955633047,1.7611637868680103,0.6395181065760804,0.6395263958330836,0.6395263958330836,0.6395181065760804,3.243029774330689
400.0,160.427,69.462,3.536,4.2,2952.171,1.5986751338100975,1.598655490982314,1.598655490982314,1.5986751338100975,3.7626705197973225,3.7625540026703583,3.7625540026703583,3.7626705197973225,1.7599989477802604,1.759980620995639,1.759980620995639,1.7599989477802604,0.6392030889499603,0.6392131799902012,0.6392131799902012,0.6392030889499603,3.3927377393676035
400.0,160.561,86.37,5.792,5.654,4508.259,1.5970798563043986,1.5970610465105013,1.5970610465105013,1.5970798563043986,3.758844355428375,3.758733774282319,3.758733774282319,3.758844355428375,1.7612103824166547,1.761192448369498,1.761192448369498,1.7612103824166547,0.6393220923531368,0.639332440233107,0.639332440233107,0.6393220923531368,2.2229097017540296
400.0,160.688,43.14,3.878,3.683,4114.144,1.5980099936754724,1.5979887633181198,1.5979887633181198,1.5980099936754724,3.7501818606510655,3.750057283310492,3.750057283310492,3.7501818606510655,1.7557929182966996,1.755770487201426,1.755770487201426,1.7557929182966996,0.6375944913492658,0.6376114400239598,0.6376114400239598,0.6375944913492658,2.4324366917260303
400.0,161.338,46.178,5.35,3.839,1438.942,1.6027834480901977,1.6027635858825542,1.6027635858825542,1.6027834480901977,3.785320287491545,3.785201736986497,3.785201736986497,3.785320287491545,1.7609531284641493,1.7609296121432148,1.7609296121432148,1.7609531284641493,0.6408565016441214,0.6408755797388409,0.6408755797388409,0.6408565016441214,6.955308123222424
400.0,161.42,43.545,5.451,4.22,1931.146,1.6008614145023607,1.6008417032213973,1.6008417032213973,1.6008614145023607,3.7721922181395935,3.7720753334898833,3.7720753334898833,3.7721922181395935,1.7589726399630603,1.7589498963440091,1.7589498963440091,1.7589726399630603,0.6397019659762223,0.6397201111171519,0.6397201111171519,0.6397019659762223,5.18213742000376
400.0,162.45,57.021,2.959,2.523,3179.897,1.5981977551660138,1.5981774236304422,1.5981774236304422,1.5981977551660138,3.7641819043078306,3.764061629716315,3.764061629716315,3.7641819043078306,1.7595388161312528,1.7595205432574073,1.7595205432574073,1.7595388161312528,0.6396580068106537,0.6396691061778808,0.6396691061778808,0.6396580068106537,3.1484838881103765
400.0,162.616,45.686,5.182,5.383,4627.717,1.5972632062865582,1.5972436461794814,1.597243646179496,1.5972632062865582,3.7548087827227232,3.7546935848581353,3.7546935885051176,3.7548087827227232,1.7572103001702286,1.7571899188658453,1.7571899188658453,1.7572103001702286,0.638643727341306,0.6386590220475136,0.6386590220475136,0.638643727341306,2.162659669528592
400.0,162.789,40.296,6.288,5.677,963.759,1.6063568941362667,1.6063354068209108,1.6063354068209108,1.6063568941362667,3.813154000410093,3.8130258476270895,3.8130258476270895,3.813154000410093,1.7644657597724132,1.7644406862515796,1.7644406862515796,1.7644657597724132,0.6435429982288062,0.6435641560115944,0.6435641560115944,0.6435429982288062,10.38255482892783
400.0,162.922,90.5,5.386,3.771,3346.879,1.5973647655237144,1.5973457804823534,1.5973457804823534,1.5973647655237144,3.7727351784993775,3.772623799583601,3.772623799583601,3.7727351784993775,1.7641514495814326,1.7641359948715136,1.7641359948715136,1.7641514495814326,0.6413399091443653,0.6413475219403519,0.6413475219403519,0.6413399091443653,2.9946483455387494
400.0,163.015,64.481,3.064,6.002,711.04,1.6100153297395845,1.6099929294601427,1.6099929294601427,1.6100153297395845,3.846874964153775,3.8467401151187217,3.8467401151187217,3.846874964153775,1.7713719461719513,1.7713526014100347,1.7713526014100347,1.7713719461719513,0.6470847291969842,0.6470962024646105,0.6470962024646105,0.6470847291969842,14.083703319015312
400.0,163.189,58.749,4.892,4.807,1095.458,1.6045973910640363,1.604578821080312,1.604578821080312,1.6045973910640363,3.810002318603612,3.809890628345893,3.809890628345893,3.810002318603612,1.7660006301700644,1.7659808994266302,1.7659808994266302,1.7660006301700644,0.6438457518588265,0.6438594527666816,0.6438594527666816,0.6438457518588265,9.13982233281276
400.0,163.986,51.302,3.329,3.39,2483.107,1.598934934829422,1.5989155902358096,1.5989155902358096,1.598934934829422,3.7738507973538407,3.773737930241368,3.773737930241368,3.7738507973538407,1.7607008209360169,1.7606784224617666,1.7606784224617666,1.7607008209360169,0.6408219623002274,0.640840511386172,0.640840511386172,0.6408219623002274,4.03121705258704
400.0,163.988,12.242,3.624,5.948,4620.643,1.5975359981399255,1.597520982203088,1.597520982203088,1.5975359981399255,3.7508823543884695,3.7507963625140817,3.7507963625140817,3.7508823543884695,1.754491199936146,1.7544096045556112,1.7544096045556112,1.754491199936146,0.637890756598866,0.638005605177384,0.638005605177384,0.637890756598866,2.1636140678686635
400.0,164.174,32.867,3.975,5.267,1583.974,1.601708591822803,1.6016919901423696,1.6016919901423696,1.601708591822803,3.786285981099861,3.786186026925642,3.786186026925642,3.786285981099861,1.7605772202410364,1.7605456926104897,1.7605456926104897,1.7605772202410364,0.6414976234643943,0.6415306339884836,0.6415306339884836,0.6414976234643943,6.315699816256614
400.0,164.462,44.912,3.406,4.859,2653.407,1.5986558880843904,1.5986370891607011,1.5986370891607011,1.5986558880843904,3.7718945320841257,3.7717843553884847,3.7717843553884847,3.7718945320841257,1.7599405030223736,1.759917705760493,1.759917705760493,1.7599405030223736,0.6406504010801141,0.6406696613462338,0.6406696613462338,0.6406504010801141,3.771700409334085
400.0,164.545,28.748,3.819,5.123,1617.951,1.601555262473282,1.6015355128362907,1.6015355128362907,1.601555262473282,3.785486259350797,3.785369440142544,3.785369440142544,3.785486259350797,1.7601635031266576,1.760134427643996,1.760134427643996,1.7601635031266576,0.6414474399721005,0.6414767401009968,0.6414767401009968,0.6414474399721005,6.182239306203983
400.0,164.555,29.291,3.449,5.131,2571.132,1.5990281991130844,1.599006634789655,1.599006634789655,1.5990281991130844,3.7691927571263286,3.76906788618452,3.76906788618452,3.7691927571263286,1.7580530414902484,1.7580271243620298,1.7580271243620298,1.7580530414902484,0.6400736567290001,0.6400977439521169,0.6400977439521169,0.6400736567290001,3.890418636123657
400.0,164.639,85.386,5.391,2.63,779.15,1.6079852768804144,1.6079661473835631,1.6079661473835631,1.6079852768804144,3.8483960507375063,3.8482807869679214,3.8482807869679214,3.8483960507375063,1.7741274635328743,1.774110067738582,1.774110067738582,1.7741274635328743,0.6482424931872427,0.6482527810330273,0.6482527810330273,0.6482424931872427,12.861247605882506
400.0,165.153,64.736,3.719,6.046,1954.779,1.599668158909482,1.5996484750228694,1.5996484750228694,1.599668158909431,3.7886722271303657,3.788556507160752,3.788556507160752,3.788672227129564,1.7643418999225602,1.7643241588579397,1.7643241588579397,1.7643418999225602,0.6427791233768761,0.642790899593568,0.642790899593568,0.6427791233768761,5.122961480874936
400.0,165.317,43.363,4.588,3.707,1547.736,1.6014594659297705,1.6014405537098733,1.6014405537098733,1.6014594659297705,3.793532698138375,3.793419386875615,3.793419386875615,3.793532698138375,1.762909422238204,1.7628875027950328,1.7628875027950328,1.762909422238204,0.6427334813378164,0.6427520984718444,0.6427520984718444,0.6427334813378164,6.465756372391065
400.0,165.384,78.545,3.695,6.014,4759.845,1.5960776300533823,1.5960594050572228,1.5960594050572228,1.5960776300533823,3.7711127324118054,3.7710063993196576,3.7710063993196576,3.7711127324118054,1.7634480607462173,1.763433590676836,1.763433590676836,1.7634480607462173,0.641679654987174,0.6416872653778388,0.6416872653778388,0.641679654987174,2.104856795724944
400.0,165.504,73.453,5.865,6.474,3189.477,1.5972700181394592,1.5972528235172676,1.5972528235172676,1.5972700181394592,3.7776468093567295,3.7775445489232906,3.7775445489232906,3.7776468093567295,1.7638461805597243,1.763828767715107,1.763828767715107,1.7638461805597243,0.6421547165253692,0.6421664034438455,0.6421664034438455,0.6421547165253692,3.140676242582101
400.0,165.709,33.706,3.458,5.321,4525.445,1.5968686861146246,1.5968509441190153,1.5968509441190153,1.5968686861146246,3.761818937344021,3.761715712680057,3.761715712680057,3.761818937344021,1.757837579519932,1.7578120305396503,1.7578120305396503,1.757837579519932,0.6399064272549145,0.6399311626837539,0.6399311626837539,0.6399064272549145,2.210658243493856
400.0,166.426,60.095,6.103,6.183,3757.919,1.5967758875352949,1.5967580797196983,1.5967580797196983,1.5967758875352949,3.7738035822170466,3.773698076291725,3.773698076291725,3.7738035822170466,1.762265821344787,1.7622463818791738,1.7622463818791738,1.762265821344787,0.6417908355183258,0.6418061941675814,0.6418061941675814,0.6417908355183258,2.6644415163019186
400.0,166.462,84.947,4.498,2.709,4650.55,1.5957996773158096,1.5957829830749566,1.595782983075032,1.5957996773158096,3.776420423832755,3.7763219798652257,3.7763219761687608,3.776420423832755,1.7651076708815807,1.7650928340898937,1.7650928340898937,1.7651076708815807,0.6426260192644317,0.6426345507581976,0.6426345507581976,0.6426260192644317,2.1547656339863375
400.0,166.471,26.226,6.263,4.093,725.993,1.60958930007336,1.609570159131836,1.609570159131836,1.60958930007336,3.846042146530922,3.8459263977234186,3.8459263977234186,3.846042146530922,1.7685051331479225,1.7684672735500218,1.7684672735500218,1.7685051331479225,0.6471742048376035,0.6472160459553602,0.6472160459553602,0.6471742048376035,13.776389415704145
400.0,166.547,94.624,6.043,4.737,3697.049,1.596238606974408,1.5962211361440335,1.5962211361440335,1.596238606974408,3.783124643089361,3.7830222397992417,3.7830222397992417,3.783124643089361,1.7669860015119927,1.7669714733070954,1.7669714733070954,1.7669860015119927,0.6434597180831106,0.6434676282278639,0.6434676282278639,0.6434597180831106,2.711345586186808
400.0,167.076,28.645,5.004,4.685,4121.745,1.5968988995328366,1.5968813522494634,1.5968813522494634,1.5968988995328366,3.7663436611621535,3.766241501994396,3.766241501994396,3.7663436611621535,1.7583285211888782,1.7582978388228707,1.7582978388228707,1.7583285211888782,0.640594386653478,0.6406276903732234,0.6406276903732234,0.640594386653478,2.426770757014077
400.0,167.504,54.784,5.248,6.102,3959.809,1.5964917647352252,1.5964717550130445,1.5964717550130445,1.5964917647352252,3.774893924480079,3.774777490912298,3.774777490912298,3.774893924480079,1.7621874564953468,1.7621691812192812,1.7621691812192812,1.7621874564953468,0.6420925115675683,0.6421069386478598,0.6421069386478598,0.6420925115675683,2.5281535776482214
400.0,167.866,99.321,6.189,2.795,739.353,1.6078971409565852,1.6078793788745116,1.6078793788745116,1.6078971409565852,3.867569840632296,3.867461231950588,3.867461231950588,3.867569840632296,1.7789657223859896,1.778951118564954,1.778951118564954,1.7789657223859896,0.651267852487801,0.6512747159407578,0.6512747159407578,0.651267852487801,13.559525976494992
400.0,168.824,23.118,5.099,3.365,4465.386,1.5964200022706936,1.5964037627366017,1.5964037627366017,1.5964200022706936,3.769088394254051,3.76899450771192,3.76899450771192,3.769088394254051,1.758823107458276,1.75878941583784,1.75878941583784,1.758823107458276,0.6412370976639774,0.6412762719237507,0.6412762719237507,0.6412370976639774,2.239603195815776
400.0,168.865,77.323,3.608,4.157,4808.052,1.5953585426814223,1.595342349851064,1.595342349851064,1.5953585426814223,3.7816340078382016,3.781537437720216,3.781537437720216,3.7816340078382016,1.7657219421113048,1.7657065201219142,1.7657065201219142,1.7657219421113048,0.6436376697156597,0.6436475882916682,0.6436475882916682,0.6436376697156597,2.0836521515859534
400.0,169.125,25.925,4.325,3.645,4428.997,1.596331970974934,1.596313066437943,1.596313066437943,1.596331970974934,3.77086550078092,3.7707553662968367,3.7707553662968367,3.77086550078092,1.7592869870726278,1.7592565163685674,1.7592565163685674,1.7592869870726278,0.6415520026947211,0.6415866746565795,0.6415866746565795,0.6415520026947211,2.258208227061148
400.0,169.406,89.99,5.921,5.617,2544.93,1.5970815498652575,1.5970641305315567,1.5970641305315567,1.5970815498652575,3.799916906285248,3.799814372870959,3.799814372870959,3.799916906285248,1.7695733374460918,1.7695576197231364,1.7695576197231364,1.7695733374460918,0.6456889763399879,0.6456991243495039,0.6456991243495039,0.6456889763399879,3.9381743348817033
400.0,169.639,71.625,6.247,6.303,1807.658,1.5990967218995282,1.59907923040114,1.59907923040114,1.5990967218995282,3.807647063951491,3.807543750059837,3.807543750059837,3.807647063951491,1.7688281212732062,1.7688120496951467,1.7688120496951467,1.7688281212732062,0.645984996750864,0.645995597649999,0.645995597649999,0.645984996750864,5.541074774695056
400.0,169.725,11.12,4.9,5.706,4118.5,1.596628575086726,1.5966170107208748,1.5966170107208748,1.596628575086726,3.7702377828271656,3.770169888665501,3.770169888665501,3.7702377828271656,1.7586773737001813,1.7585837689348884,1.7585837689348884,1.7586773737001813,0.641283993870578,0.6414213800262584,0.6414213800262584,0.641283993870578,2.427285443517772
400.0,169.95,18.576,2.769,5.146,4294.737,1.59637510791056,1.5963573438604104,1.5963573438604104,1.59637510791056,3.772239077589529,3.7721369096357247,3.7721369096357247,3.772239077589529,1.759336314007665,1.7592911819129735,1.7592911819129735,1.759336314007665,0.6417308605879642,0.641789222831118,0.641789222831118,0.6417308605879642,2.328244389249177
400.0,169.956,41.571,4.497,3.169,1608.918,1.6002643104124212,1.6002467753001193,1.6002467753001193,1.6002643104124212,3.8060029421232704,3.8058979042877192,3.8058979042877192,3.8060029421232704,1.7657082321182571,1.765683905243106,1.765683905243106,1.7657082321182571,0.6452124878986306,0.6452360930376823,0.6452360930376823,0.6452124878986306,6.219450149141884
400.0,170.02,58.14,6.076,2.978,4512.978,1.5955765140287588,1.595560007793812,1.595560007793812,1.5955765140287588,3.7814255186193466,3.7813278334023392,3.7813278334023392,3.7814255186193466,1.7641080892208207,1.7640915242832578,1.7640915242832578,1.7641080892208207,0.6435205126155217,0.6435331895321632,0.6435331895321632,0.6435205126155217,2.218499030261301
400.0,170.419,86.719,5.297,4.232,1974.65,1.5981839741362174,1.5981662523570146,1.5981662523570146,1.5981839741362174,3.8105905459490215,3.810486372797552,3.810486372797552,3.8105905459490215,1.770949132009242,1.7709353258295333,1.7709353258295333,1.770949132009242,0.6468512230058893,0.6468587060737063,0.6468587060737063,0.6468512230058893,5.074958304201525
400.0,171.133,92.998,5.662,3.359,4305.953,1.5949116011187052,1.5948946261734138,1.5948946261734138,1.5949116011187052,3.7945503179383944,3.794450156906035,3.794450156906035,3.7945503179383944,1.7696526641585244,1.769638359435137,1.769638359435137,1.7696526641585244,0.6458419205994143,0.645850406185627,0.645850406185627,0.6458419205994143,2.3277865471594192
400.0,171.234,58.235,5.143,5.252,3330.746,1.5961941720187995,1.5961772270768833,1.5961772270768833,1.5961941720187995,3.79099700379122,3.790897676794396,3.790897676794396,3.79099700379122,1.7657355406998034,1.7657197460163998,1.7657197460163998,1.7657355406998034,0.6447271089037383,0.6447390257608295,0.6447390257608295,0.6447271089037383,3.005940632772855
400.0,171.297,24.768,5.731,3.824,2300.54,1.598199994640968,1.5981818361792255,1.5981818361792255,1.598199994640968,3.792491804050397,3.792386704862985,3.792386704862985,3.792491804050397,1.7627325392316744,1.7627019710525758,1.7627019710525758,1.7627325392316744,0.6440602297223114,0.6440943543455044,0.6440943543455044,0.6440602297223114,4.3472958416164165
400.0,171.521,61.682,2.61,3.438,633.941,1.6102911881623283,1.6102726150757896,1.6102726150757896,1.6102911881623283,3.8865778274495337,3.886463315778204,3.886463315778204,3.8865778274495337,1.7787216172879177,1.77870208635596,1.77870208635596,1.7787216172879177,0.6531503940300188,0.6531640137520848,0.6531640137520848,0.6531503940300188,15.794710673644792
400.0,171.542,11.401,5.856,3.315,4691.945,1.5959241679183254,1.595913638397735,1.595913638397735,1.5959241679183254,3.773900880379822,3.773837851916926,3.773837851916926,3.773900880379822,1.7596875175116833,1.759599352951326,1.759599352951326,1.7596875175116833,0.6421717314935907,0.6423022548778492,0.6423022548778492,0.6421717314935907,2.1306349519249315
400.0,171.957,22.081,6.305,3.532,4893.381,1.5955710331430697,1.5955577477822105,1.5955577477822105,1.5955710331430697,3.7772572242248215,3.777177268551153,3.777177268551153,3.7772572242248215,1.760753031387875,1.7607256589760951,1.7607256589760951,1.760753031387875,0.6428932157789417,0.6429243631086233,0.6429243631086233,0.6428932157789417,2.043633167981767
400.0,171.987,30.858,4.623,3.444,4833.396,1.5954496746602422,1.5954329736849049,1.5954329736849049,1.5954496746602422,3.779732177789587,3.7796368082985974,3.7796368082985974,3.779732177789587,1.7617264720815715,1.7617014222022649,1.7617014222022649,1.7617264720815715,0.6433278607826461,0.6433552521084585,0.6433552521084585,0.6433278607826461,2.0695861091002974
400.0,172.049,54.893,4.307,5.895,3162.741,1.596256748932342,1.596240360537727,1.596240360537727,1.596256748932342,3.793901805899178,3.7938042412365087,3.7938042412365087,3.793901805899178,1.7660232247063816,1.766006477706493,1.766006477706493,1.7660232247063816,0.6451524494867799,0.6451657573528311,0.6451657573528311,0.6451524494867799,3.1652657568908
400.0,172.543,50.447,5.601,2.818,2422.466,1.597293174370901,1.5972778501478222,1.5972778501478222,1.597293174370901,3.8013637720355824,3.801272328915382,3.801272328915382,3.8013637720355824,1.7667078057834176,1.7666902197205845,1.7666902197205845,1.7667078057834176,0.6458440371718818,0.6458586720485437,0.6458586720485437,0.6458440371718818,4.1319215758536565
400.0,172.632,12.175,6.18,5.547,782.232,1.6074707367351193,1.6074544344259951,1.6074544344259951,1.6074707367351193,3.8550986100741382,3.854999986414328,3.854999986414328,3.8550986100741382,1.770794549564061,1.7707036695912317,1.7707036695912317,1.770794549564061,0.6495292085597099,0.6496577926427868,0.6496577926427868,0.6495292085597099,12.779905336793712
400.0,172.665,93.331,6.115,6.356,4617.985,1.5944255502533875,1.5944094054741167,1.5944094054741167,1.5944255502533875,3.7984172431532017,3.798321022427521,3.798321022427521,3.7984172431532017,1.770635036157679,1.770621291754818,1.770621291754818,1.770635036157679,0.6466666028040594,0.6466741547123561,0.6466741547123561,0.6466666028040594,2.1705156928799894
400.0,172.896,83.424,5.184,2.51,3152.08,1.5956467324190775,1.5956302125843635,1.5956302125843635,1.5956467324190775,3.8039534661533367,3.8038556747095935,3.8038556747095935,3.8039534661533367,1.7704468623681646,1.77043188981446,1.77043188981446,1.7704468623681646,0.646977715693132,0.646987985117915,0.646987985117915,0.646977715693132,3.178905228561241
400.0,173.124,17.505,2.607,5.305,3395.353,1.596425421022635,1.596408700289906,1.596408700289906,1.596425421022635,3.786495847156744,3.7864003497414505,3.7864003497414505,3.786495847156744,1.7620809180785149,1.762032899338016,1.762032899338016,1.7620809180785149,0.6439132125443389,0.6439769733732367,0.6439769733732367,0.6439132125443389,2.9448368713555344
400.0,174.096,72.976,4.467,4.169,4370.774,1.5945932327434855,1.5945770246281896,1.5945770246281896,1.5945932327434855,3.7987192894762094,3.7986234971133457,3.7986234971133457,3.7987192894762094,1.7690488597568512,1.7690336049532025,1.7690336049532025,1.7690488597568512,0.6466498113433379,0.6466601366834983,0.6466601366834983,0.6466498113433379,2.291757108220997
400.0,174.968,86.754,2.791,4.188,614.465,1.609804309113973,1.6097876007629233,1.6097876007629233,1.609804309113973,3.9083904091969774,3.9082888361188703,3.9082888361188703,3.9083904091969774,1.7850732191848817,1.7850572597095005,1.7850572597095005,1.7850732191848817,0.6567879010151054,0.6567974032078348,0.6567974032078348,0.6567879010151054,16.30843397412833
400.0,175.469,33.872,2.956,6.106,2776.979,1.5963970401210132,1.5963810136875078,1.5963810136875078,1.5963970401210132,3.802797442965135,3.8027029042501375,3.8027029042501375,3.802797442965135,1.7660689165709955,1.766044790025754,1.766044790025754,1.7660689165709955,0.6464753565670018,0.6465014214093693,0.6465014214093693,0.6464753565670018,3.602475128088156
400.0,175.589,99.366,3.701,3.25,1428.567,1.5991160380475895,1.5990996341937274,1.5990996341937274,1.5991160380475895,3.8448980328818094,3.844801395056666,3.844801395056666,3.8448980328818094,1.7782251992998723,1.778211479402201,1.778211479402201,1.7782251992998723,0.6517742683424401,0.6517825693768031,0.6517825693768031,0.6517742683424401,7.017665892258928
400.0,175.873,76.421,4.124,3.795,332.469,1.6253452256630176,1.6253257241981798,1.6253257241981798,1.6253452256630176,4.012745730298152,4.012622510469497,4.012622510469497,4.012745730298152,1.7977597071802154,1.7977426872638833,1.7977426872638833,1.7977597071802154,0.6659825163860174,0.6659923530009798,0.6659923530009798,0.6659825163860174,30.12998618235448
400.0,176.098,15.244,5.323,5.13,984.017,1.6038190361794926,1.6038030868520778,1.6038030868520778,1.6038190361794926,3.847934291690139,3.8478296086831807,3.8478296086831807,3.847934291690139,1.7709805631484332,1.7709278544813327,1.7709278544813327,1.7709805631484332,0.6501184561353154,0.6501867799431214,0.6501867799431214,0.6501184561353154,10.160202590333824
400.0,177.162,67.922,2.631,4.585,1609.925,1.5984359114464668,1.5984190476524671,1.5984190476524671,1.5984359114464668,3.8362380276117753,3.8361399641581335,3.8361399641581335,3.8362380276117753,1.77436168791958,1.7743449766598614,1.7743449766598614,1.77436168791958,0.6507395257573855,0.6507520224169466,0.6507520224169466,0.6507395257573855,6.22077018315382
400.0,178.33,26.611,6.307,6.206,3633.114,1.594984416372109,1.594969962183607,1.594969962183607,1.594984416372109,3.8038932800825336,3.803808395727492,3.803808395727492,3.8038932800825336,1.766340029857628,1.7663093218914534,1.7663093218914534,1.766340029857628,0.647297023753257,0.6473348914225476,0.6473348914225476,0.647297023753257,2.752892408663533
400.0,178.556,65.548,3.073,5.742,4966.302,1.5935223136605536,1.593511513184957,1.593511513184957,1.5935223136605536,3.809288994990257,3.809224839694156,3.809224839694156,3.809288994990257,1.7709709174078143,1.7709596629295272,1.7709596629295272,1.7709709174078143,0.64879116106968,0.6488018925605241,0.6488018925605241,0.64879116106968,2.0164363631310565
400.0,178.594,47.52,5.881,5.099,826.89,1.6049892282632887,1.6049735882137668,1.6049735882137668,1.6049892282632887,3.8788694455346544,3.878773736141482,3.878773736141482,3.8788694455346544,1.778342609523502,1.7783228822672288,1.7783228822672288,1.778342609523502,0.6544247146410772,0.6544430358659229,0.6544430358659229,0.6544247146410772,12.103391522151004
400.0,178.656,53.954,3.597,6.346,709.319,1.6071305976335493,1.6071138926793047,1.6071138926793047,1.6071305976335493,3.895734366176348,3.895634101791888,3.895634101791888,3.895734366176348,1.7812049201971072,1.7811857567902307,1.7811857567902307,1.7812049201971072,0.6560727293325638,0.6560906716600826,0.6560906716600826,0.6560727293325638,14.112466664077417
400.0,180.239,46.875,5.908,3.871,1489.911,1.5986803391747604,1.5986645298273496,1.5986645298273496,1.5986803391747604,3.8443623011606167,3.8442699354284047,3.8442699354284047,3.8443623011606167,1.7742165252658293,1.7741975723317478,1.7741975723317478,1.7742165252658293,0.6519266459171303,0.6519452141979823,0.6519452141979823,0.6519266459171303,6.717195753171479
400.0,180.402,10.834,2.916,2.609,2002.056,1.5973079016571912,1.597299369086396,1.597299369086396,1.5973079016571912,3.8230092798659774,3.822958397451404,3.822958397451404,3.8230092798659774,1.7687158871242676,1.768609573104361,1.768609573104361,1.7687158871242676,0.6491636151467363,0.6493241856679188,0.6493241856679188,0.6491636151467363,4.993051001002787
400.0,180.539,15.317,4.69,3.948,2399.426,1.596278595571366,1.596270400711495,1.596270400711495,1.596278595571366,3.8184532474903934,3.818403895530059,3.818403895530059,3.8184532474903934,1.7683525206654658,1.7683069449232935,1.7683069449232935,1.7683525206654658,0.6489757501372729,0.6490399590524104,0.6490399590524104,0.6489757501372729,4.166756100279736
400.0,181.109,71.801,5.877,3.901,3025.371,1.5943432736766312,1.5943330754062603,1.5943330754062603,1.5943432736766312,3.8286578355409624,3.8285971556755225,3.8285971556755225,3.8286578355409624,1.7748882133031727,1.7748771949290965,1.7748771949290965,1.7748882133031727,0.651449183564963,0.6514600278499834,0.6514600278499834,0.651449183564963,3.3107220993038746
400.0,181.352,90.469,5.208,6.262,2526.116,1.5947350783319667,1.5947242938426196,1.5947242938426196,1.5947350783319667,3.839130362723328,3.8390676710426472,3.8390676710426472,3.839130362723328,1.7782234498908664,1.778214090831989,1.778214090831989,1.7782234498908664,0.6529036537627931,0.6529113499217583,0.6529113499217583,0.6529036537627931,3.9674392951982544
400.0,181.456,87.168,5.89,6.482,2921.123,1.5941726757696315,1.5941616007119206,1.5941616007119206,1.5941726757696315,3.8346845936742073,3.8346190130157294,3.8346190130157294,3.8346845936742073,1.7773282090526965,1.7773181591303242,1.7773181591303242,1.7773282090526965,0.6524647435380323,0.6524738235844976,0.6524738235844976,0.6524647435380323,3.43058001373309
400.0,181.484,31.321,2.963,4.347,2989.566,1.5949555029866778,1.594940751791084,1.594940751791084,1.5949555029866778,3.8197928784911768,3.819705548437492,3.819705548437492,3.8197928784911768,1.7697568499512055,1.7697320743636022,1.7697320743636022,1.7697568499512055,0.6497871139426667,0.6498160207163391,0.6498160207163391,0.6497871139426667,3.3459765840007485
400.0,181.985,82.82,4.93,3.712,3431.179,1.593565220271643,1.5935544758273958,1.5935544758273958,1.593565220271643,3.831516775115279,3.831453052194906,3.831453052194906,3.831516775115279,1.7766311951828435,1.7766220113355282,1.7766220113355282,1.7766311951828435,0.6522530069919475,0.6522604404236853,0.6522604404236853,0.6522530069919475,2.9201997482501185
400.0,182.411,85.848,3.137,4.461,2195.448,1.5952825592056592,1.5952721600278326,1.5952721600277588,1.5952825592056592,3.845956589127881,3.84589487208073,3.845894872080581,3.845956589127881,1.7789457351869904,1.7789364542540516,1.7789364542540516,1.7789457351869904,0.6537180552740794,0.6537254880348438,0.6537254880348438,0.6537180552740794,4.564297105288234
400.0,182.444,78.751,5.014,5.685,3378.361,1.5935867971340285,1.5935771297768329,1.5935771297768329,1.5935867971340285,3.832297819404239,3.832240978464175,3.832240978464175,3.832297819404239,1.7764579551143267,1.7764470050338388,1.7764470050338388,1.7764579551143267,0.6523674479732687,0.6523778757866338,0.6523778757866338,0.6523674479732687,2.965459652027553
400.0,182.806,83.512,5.285,5.227,4911.641,1.592413777764883,1.5924033785054377,1.5924033785054377,1.592413777764883,3.8279104557502177,3.827849048144696,3.827849048144696,3.8279104557502177,1.7764642641860109,1.7764548598483638,1.7764548598483638,1.7764642641860109,0.6522191990862821,0.6522269350774926,0.6522269350774926,0.6522191990862821,2.040040562177389
400.0,182.928,68.572,5.882,2.544,4736.077,1.5927060633843655,1.592694797440818,1.592694797440818,1.5927060633843655,3.8249956022464096,3.8249281123004946,3.8249281123004946,3.8249956022464096,1.7746042288634247,1.7745911536400218,1.7745911536400218,1.7746042288634247,0.6516310119474705,0.6516450952600462,0.6516450952600462,0.6516310119474705,2.114637722491484
400.0,183.031,40.822,3.148,3.254,4261.097,1.593386300059926,1.5933753033143714,1.5933753033143714,1.593386300059926,3.819937098418996,3.8198735844221474,3.8198735844221474,3.819937098418996,1.7711728616939393,1.7711549458040754,1.7711549458040754,1.7711728616939393,0.650531809398626,0.6505536897505644,0.6505536897505644,0.650531809398626,2.3482391388260524
400.0,183.116,87.311,4.639,4.396,604.849,1.6085464093286217,1.6085309157317145,1.6085309157317145,1.6085464093286217,3.938175223632318,3.9380806879137102,3.9380806879137102,3.938175223632318,1.7913439794011563,1.7913299206792666,1.7913299206792666,1.7913439794011563,0.6620909139835898,0.662100710043732,0.662100710043732,0.6620909139835898,16.567588843655606
400.0,183.402,36.215,4.543,2.767,2609.085,1.5950250178583427,1.5950142973513444,1.5950142973513444,1.5950250178583427,3.8308240381451215,3.830760510989312,3.830760510989312,3.8308240381451215,1.7722546773983738,1.7722341308668068,1.7722341308668068,1.7722546773983738,0.6514900182581748,0.6515162195229408,0.6515162195229408,0.6514900182581748,3.83450023304496
400.0,183.46,57.458,4.082,2.988,966.711,1.6019571472058698,1.6019414946352406,1.6019414946352406,1.6019571472058698,3.88485104471924,3.884756810641264,3.884756810641264,3.88485104471924,1.7815055767566368,1.781487815494849,1.781487815494849,1.7815055767566368,0.6567664155756964,0.6567825207705313,0.6567825207705313,0.6567664155756964,10.356054775997167
400.0,184.711,67.095,6.324,3.392,3812.878,1.5929492756681085,1.592938767965942,1.592938767965942,1.5929492756681085,3.8342711943167855,3.834209977985725,3.834209977985725,3.8342711943167855,1.7761850985682577,1.776174382088464,1.776174382088464,1.7761850985682577,0.6529786684254024,0.6529891666481727,0.6529891666481727,0.6529786684254024,2.626505826505376
400.0,185.167,47.794,3.322,5.387,2808.687,1.594209795991608,1.5941975179228138,1.5941975179228138,1.594209795991608,3.837728402375752,3.837657603785961,3.837657603785961,3.837728402375752,1.7748245937974758,1.7748087113267157,1.7748087113267157,1.7748245937974758,0.652941706168066,0.6529607769368365,0.6529607769368365,0.652941706168066,3.5633220898492226
400.0,185.178,81.928,6.058,3.727,1649.986,1.5964820696800706,1.596471640251392,1.596471640251392,1.5964820696800706,3.8652849437907486,3.86522292858079,3.86522292858079,3.8652849437907486,1.7818793017076846,1.781868659532184,1.781868659532184,1.7818793017076846,0.6562125543732474,0.6562225126081391,0.6562225126081391,0.6562125543732474,6.072347257265994
400.0,186.155,77.54,6.397,5.064,2421.736,1.594197775371385,1.5941871363254092,1.5941871363254092,1.594197775371385,3.853018596865161,3.852954523744837,3.852954523744837,3.853018596865161,1.7801119962556204,1.7801004574504735,1.7801004574504735,1.7801119962556204,0.6553433794591695,0.6553548741346648,0.6553548741346648,0.6553433794591695,4.136648510640296
400.0,186.287,50.187,2.864,4.923,4854.628,1.5922948395686654,1.5922818507410177,1.5922818507410177,1.5922948395686654,3.831049874919066,3.830973350081202,3.830973350081202,3.831049874919066,1.774497382764164,1.7744834042376114,1.7744834042376114,1.774497382764164,0.6527726171265783,0.6527867464960563,0.6527867464960563,0.6527726171265783,2.061751384786032
400.0,187.806,20.892,4.401,3.427,4974.559,1.5923652311487655,1.5923542950101028,1.5923542950101028,1.5923652311487655,3.82789892408536,3.82783393994554,3.82783393994554,3.82789892408536,1.771943205784433,1.7719054459596562,1.7719054459596562,1.771943205784433,0.6522553496956743,0.6523073077266289,0.6523073077266289,0.6522553496956743,2.01012285738163
400.0,188.041,41.455,2.692,6.053,2610.759,1.5940717604528387,1.5940595661245496,1.5940595661245496,1.5940717604528387,3.847763371174755,3.847691528919917,3.847691528919917,3.847763371174755,1.7763037301668545,1.7762864741274085,1.7762864741274085,1.7763037301668545,0.6545777641014819,0.6545970564100444,0.6545970564100444,0.6545777641014819,3.8326496338103584
400.0,188.218,54.943,3.345,3.406,4345.863,1.5921038278201365,1.5920940413266975,1.5920940413266975,1.5921038278201365,3.840421471804814,3.840362808765784,3.840362808765784,3.840421471804814,1.776770004756549,1.776754631932197,1.776754631932197,1.776770004756549,0.6543369616445819,0.654354776878967,0.654354776878967,0.6543369616445819,2.3034596140702925
400.0,188.231,45.892,6.38,4.886,3856.001,1.5925539449620043,1.592542816424086,1.592542816424086,1.5925539449620043,3.840180064934649,3.8401157739718976,3.8401157739718976,3.840180064934649,1.775829979400886,1.7758141894256838,1.7758141894256838,1.775829979400886,0.654100394187153,0.65411930969246,0.65411930969246,0.654100394187153,2.5953223060164845
400.0,188.413,36.882,6.248,3.271,4688.688,1.5921400219445712,1.592129620986405,1.592129620986405,1.5921400219445712,3.834998337519573,3.834936198365039,3.834936198365039,3.834998337519573,1.7742942182363746,1.774274745047044,1.774274745047044,1.7742942182363746,0.6534795295934784,0.6535041190452661,0.6535041190452661,0.6534795295934784,2.133783017828144
400.0,188.513,41.521,2.704,2.778,2308.102,1.5945405961434855,1.5945299760274112,1.5945299760274112,1.5945405961434855,3.853088251468329,3.8530246708151217,3.8530246708151217,3.853088251468329,1.7771438283108516,1.7771260789337855,1.7771260789337855,1.7771438283108516,0.6551990206454013,0.6552191770992953,0.6552191770992953,0.6551990206454013,4.3352159339855785
400.0,188.826,84.701,5.384,5.723,2536.187,1.5933697000012048,1.5933595088563697,1.5933595088563697,1.5933697000012048,3.862503557204594,3.862442768081908,3.862442768081908,3.862503557204594,1.7828514568654654,1.7828412407045546,1.7828412407045546,1.7828514568654654,0.6572243836878082,0.6572334384607184,0.6572334384607184,0.6572243836878082,3.950863354593764
400.0,189.081,45.006,2.974,3.667,3697.356,1.5925478271993792,1.592534895933634,1.592534895933634,1.5925478271993792,3.8437383342843927,3.8436628371831474,3.8436628371831474,3.8437383342843927,1.7764420875987337,1.7764249505357406,1.7764249505357406,1.7764420875987337,0.6546539829403086,0.6546734362331021,0.6546734362331021,0.6546539829403086,2.70660018310198
400.0,189.297,36.599,4.527,5.163,4477.888,1.5920852170637705,1.5920750094709433,1.5920750094709433,1.5920852170637705,3.8386146164472135,3.8385530321873578,3.8385530321873578,3.8386146164472135,1.7749951378911852,1.7749753510392987,1.7749753510392987,1.7749951378911852,0.6540736865578558,0.6540984532191719,0.6540984532191719,0.6540736865578558,2.2342066239099694
400.0,189.538,33.03,3.353,3.743,2635.789,1.5938463002374652,1.593836025856345,1.593836025856345,1.593846300237481,3.8501261169251713,3.8500635704565394,3.8500635704565394,3.850126116925313,1.7762098806444195,1.7761891914024912,1.7761891914024912,1.7762098806444195,0.65506715810899,0.6550931293965113,0.6550931293965113,0.65506715810899,3.7951981770335848
400.0,189.919,61.194,3.79,2.563,700.329,1.6051333310817588,1.605118790677995,1.605118790677995,1.6051333310817588,3.9375970678767054,3.937507358720326,3.937507358720326,3.9375970678767054,1.7905785327936343,1.7905617205252435,1.7905617205252435,1.7905785327936343,0.6636244513833696,0.6636395401231393,0.6636395401231393,0.6636244513833696,14.296505147950633
400.0,190.366,50.634,2.883,5.127,2955.411,1.5929832512476858,1.592971130702391,1.592971130702391,1.5929832512476858,3.854630010159665,3.854558950055829,3.854558950055829,3.854630010159665,1.7787963726053604,1.7787816970328656,1.7787816970328656,1.7787963726053604,0.6561646877973808,0.6561804090006598,0.6561804090006598,0.6561646877973808,3.386683766798006
400.0,190.582,13.853,3.567,4.763,1829.615,1.5957973921430824,1.5957865862742635,1.5957865862742635,1.5957973921430824,3.860963133596487,3.860898696289539,3.860898696289539,3.860963133596487,1.7767456620394464,1.77667359157187,1.77667359157187,1.7767456620394464,0.655844001497135,0.6559486959976567,0.6559486959976567,0.655844001497135,5.4640195369729
400.0,190.806,42.092,4.327,3.707,2954.071,1.5930032613638896,1.5929931128242365,1.5929931128242365,1.5930032613638896,3.85369450319788,3.853634282651492,3.853634282651492,3.85369450319788,1.777951804274878,1.777936733363006,1.777936733363006,1.777951804274878,0.6560236657566304,0.6560412228085463,0.6560412228085463,0.6560236657566304,3.3872730709924688
400.0,190.849,52.07,4.098,6.392,3737.069,1.592055921261636,1.592044417383452,1.592044417383452,1.592055921261636,3.851230230292781,3.8511642228209535,3.8511642228209535,3.851230230292781,1.7786466436200716,1.778633541650555,1.778633541650555,1.7786466436200716,0.6560691482375378,0.6560837017361222,0.6560837017361222,0.6560691482375378,2.678435809532846
400.0,191.085,31.409,3.612,5.467,4962.518,1.5915823587764597,1.5915700607534378,1.5915700607534378,1.5915823587764597,3.8416422849402423,3.8415710381689374,3.8415710381689374,3.8416422849402423,1.7753740937521405,1.7753515883723645,1.7753515883723645,1.7753740937521405,0.6547808892616023,0.6548100388774093,0.6548100388774093,0.6547808892616023,2.0156705046747487
400.0,192.008,62.102,4.505,4.025,2313.404,1.5935334761265885,1.5935220595097526,1.5935220595097526,1.5935334761265885,3.870121663378157,3.870054994520829,3.870054994520829,3.870121663378157,1.7824627772054704,1.782450751481614,1.782450751481614,1.7824627772054704,0.6583614035567164,0.6583742506425033,0.6583742506425033,0.6583614035567164,4.328119662382593
400.0,192.079,74.286,4.364,2.757,2291.932,1.5933901100226633,1.593379280954759,1.593379280954759,1.5933901100226633,3.873952468551772,3.873888002990191,3.873888002990191,3.873952468551772,1.7842159070537833,1.7842036379237811,1.7842036379237811,1.7842159070537833,0.6590275302209679,0.6590404109019778,0.6590404109019778,0.6590275302209679,4.370391643974311
400.0,192.259,24.066,6.05,5.481,3372.818,1.5925201907862412,1.592510183713123,1.592510183713123,1.5925201907862412,3.850642004710086,3.8505824325353166,3.8505824325353166,3.850642004710086,1.7763642862948166,1.7763351964759018,1.7763351964759018,1.7763642862948166,0.655768366671357,0.655807108207662,0.655807108207662,0.655768366671357,2.9649869428310023
400.0,192.629,32.906,5.151,4.397,4614.229,1.5914241774706992,1.5914143084593213,1.5914143084593213,1.5914241774706992,3.8482880209809194,3.8482291815363583,3.8482291815363583,3.8482880209809194,1.776839302780286,1.7768173989444764,1.7768173989444764,1.776839302780286,0.6559063497163277,0.6559345750542832,0.6559345750542832,0.6559063497163277,2.167910520468256
400.0,192.711,80.332,3.772,4.713,4865.107,1.5905982528307303,1.5905878656556538,1.5905878656556538,1.5905982528307303,3.8604723657315927,3.860411504633997,3.860411504633997,3.8604723657315927,1.7832444557467348,1.7832326281174269,1.7832326281174269,1.7832444557467348,0.6581922826603017,0.6582043264340299,0.6582043264340299,0.6581922826603017,2.0592841951230163
400.0,192.876,69.718,6.104,5.255,1673.799,1.5951168892923373,1.5951069534266855,1.5951069534266855,1.5951168892923373,3.8875102303507054,3.887450376862172,3.887450376862172,3.8875102303507054,1.7857510151035692,1.785738982706519,1.785738982706519,1.7857510151035692,0.6603751265274259,0.6603877260086842,0.6603877260086842,0.6603751265274259,5.983456190866232
400.0,193.193,82.807,3.924,3.387,3780.42,1.5911340944451264,1.5911235637210663,1.5911235637210663,1.5911340944451264,3.8671811597819015,3.86711900717508,3.86711900717508,3.8671811597819015,1.7845110350952085,1.784500105483136,1.784500105483136,1.7845110350952085,0.6590063657688248,0.6590170038224143,0.6590170038224143,0.6590063657688248,2.6503444522348816
400.0,193.242,44.0,4.93,2.58,2399.087,1.5933891003594074,1.5933780452271034,1.5933780452271034,1.5933891003594074,3.8682829073268263,3.86821653058582,3.86821653058582,3.8682829073268263,1.7807479334775882,1.7807301773685045,1.7807301773685045,1.7807479334775882,0.6581457376973314,0.6581675166295284,0.6581675166295284,0.6581457376973314,4.171077949368386
400.0,193.392,28.922,4.466,4.891,2971.555,1.592683081369546,1.5926723888693854,1.5926723888693854,1.592683081369546,3.85875508298488,3.8586899501732375,3.8586899501732375,3.85875508298488,1.7780217844806705,1.7779962350332588,1.7779962350332588,1.7780217844806705,0.6569715471831131,0.6570050429335621,0.6570050429335621,0.6569715471831131,3.3658800491643275
400.0,193.717,57.913,3.335,4.313,2414.702,1.5930807651473726,1.5930707477022297,1.5930707477022297,1.5930807651473726,3.873515561061972,3.873455478332724,3.873455478332724,3.873515561061972,1.782968319192067,1.7829529161809423,1.7829529161809423,1.782968319192067,0.6591071582923131,0.659125044882694,0.659125044882694,0.6591071582923131,4.145972469016628
400.0,193.83,42.857,4.296,5.59,3147.627,1.5921862859865257,1.5921754462045947,1.5921754462045947,1.5921862859865257,3.8625776681953896,3.862513798513332,3.862513798513332,3.8625776681953896,1.780050091480592,1.7800334617346962,1.7800334617346962,1.780050091480592,0.6578042005694471,0.6578243909524635,0.6578243909524635,0.6578042005694471,3.179033300842305
400.0,194.406,64.938,5.519,2.757,4657.797,1.59059451680459,1.5905835542073328,1.5905835542073328,1.59059451680459,3.862695608929644,3.862631260724295,3.862631260724295,3.862695608929644,1.782471042594284,1.782459053188228,1.782459053188228,1.782471042594284,0.6585624647457863,0.6585748421839748,0.6585748421839748,0.6585624647457863,2.1498530721602416
400.0,194.701,37.768,5.184,5.289,2530.644,1.5929609250537935,1.5929500460177426,1.5929500460177426,1.5929609250537935,3.8699319998624353,3.8698676635462426,3.8698676635462426,3.8699319998624353,1.780749719040028,1.780730433101105,1.780730433101105,1.780749719040028,0.6586105410239473,0.6586347865963877,0.6586347865963877,0.6586105410239473,3.9534264651150615
400.0,194.867,36.788,5.704,4.397,3910.548,1.5913811894656371,1.5913699899005616,1.5913699899005616,1.5913811894656371,3.859811838566925,3.8597471899956073,3.8597471899956073,3.859811838566925,1.7793692006537651,1.7793514776310513,1.7793514776310513,1.7793692006537651,0.6577463545666296,0.6577682227255544,0.6577682227255544,0.6577463545666296,2.558317048264585
400.0,195.041,33.203,6.127,3.383,4263.563,1.5911637890778192,1.5911543642936703,1.5911543642936703,1.5911637890778192,3.857860955823837,3.857803670741756,3.857803670741756,3.857860955823837,1.778800644448041,1.7787782562277412,1.7787782562277412,1.778800644448041,0.6575375638432001,0.6575662857926561,0.6575662857926561,0.6575375638432001,2.346220310714955
400.0,195.525,73.737,2.778,3.555,1337.55,1.5963030956379196,1.5962917394066212,1.5962917394066212,1.5963030956379196,3.9092716781975008,3.9092037422429913,3.9092037422429913,3.9092716781975008,1.7897283825356791,1.7897159060687469,1.7897159060687469,1.7897283825356791,0.6632647614915037,0.6632756256602736,0.6632756256602736,0.6632647614915037,7.488556242241057
400.0,195.711,89.485,6.383,3.162,3771.96,1.5905749193523009,1.5905644823803995,1.5905644823803995,1.5905749193523009,3.877590406117237,3.877528442640765,3.877528442640765,3.877590406117237,1.7872718260366052,1.7872607364026374,1.7872607364026374,1.7872718260366052,0.6609258955598449,0.6609364075941676,0.6609364075941676,0.6609258955598449,2.6568427035630204
400.0,195.719,42.18,3.26,5.789,3420.707,1.5915690873566293,1.5915581677222108,1.5915581677222108,1.5915690873566293,3.8669833787783423,3.8669195487263033,3.8669195487263033,3.8669833787783423,1.781091876019424,1.781072244203,1.781072244203,1.781091876019424,0.6587847759730596,0.6588094011011086,0.6588094011011086,0.6587847759730596,2.925170700114167
400.0,196.027,14.146,3.218,6.123,1127.461,1.5985932721760905,1.5985850476574888,1.5985850476574888,1.5985932721759877,3.905100338221017,3.9050547531601993,3.9050547531601993,3.905100338220527,1.78408921914139,1.7840213349748104,1.7840213349748104,1.78408921914139,0.6615229895639579,0.6616263474014508,0.6616263474014508,0.6615229895639579,8.8667624172827
400.0,196.603,29.853,2.883,2.758,3802.6,1.5912684754007715,1.5912572754944556,1.5912572754944556,1.5912684754007715,3.8645758690627914,3.8645092801996,3.8645092801996,3.8645758690627914,1.779768851942273,1.7797399272664007,1.7797399272664007,1.779768851942273,0.6585378521059954,0.6585744180582747,0.6585744180582747,0.6585378521059954,2.6303414831679284
400.0,196.842,58.891,4.631,4.819,1411.954,1.5957925910096111,1.5957818214795885,1.5957818214795885,1.5957925910095905,3.9065683299056273,3.9065046091750695,3.9065046091750695,3.9065683299062193,1.7882722573169052,1.7882606660953613,1.7882606660953613,1.7882722573169052,0.663100870915659,0.6631131779777466,0.6631131779777466,0.663100870915659,7.0904935649526974
400.0,196.935,27.923,3.55,3.259,3184.751,1.5917856303614402,1.591774098416301,1.591774098416301,1.5917856303614402,3.868870189280557,3.868802418005389,3.868802418005389,3.868870189280557,1.780282906524254,1.780257660877653,1.780257660877653,1.780282906524254,0.65899034845338,0.659023176715747,0.659023176715747,0.65899034845338,3.1404279999595794
400.0,197.129,81.211,2.982,3.648,3418.863,1.5907649603336496,1.5907541697217604,1.5907541697217604,1.5907649603336496,3.882439486740079,3.8823760981912634,3.8823760981912634,3.882439486740079,1.7874583429245483,1.7874467930126787,1.7874467930126787,1.7874583429245483,0.6616026399705043,0.6616127213475832,0.6616127213475832,0.6616026399705043,2.9304440354611545
400.0,198.06,53.423,4.972,2.618,438.448,1.6135034948369145,1.6134899791527493,1.6134899791527493,1.6135034948369145,4.029653772193886,4.0295687262743085,4.0295687262743085,4.029653772193886,1.80396517649238,1.803946731568203,1.803946731568203,1.80396517649238,0.6743870252896838,0.6744056215316035,0.6744056215316035,0.6743870252896838,22.828952483132184
400.0,198.075,16.519,4.52,5.351,885.478,1.6009020127361402,1.6008988436539675,1.6008988436539675,1.6009020127361402,3.931035364149551,3.9310104450120176,3.9310104450120176,3.931035364149551,1.7881877266328727,1.78812271689408,1.78812271689408,1.7881877266328727,0.6645796245818008,0.6646751507525446,0.6646751507525446,0.6645796245818008,11.290592534537106
400.0,198.2,92.187,4.296,2.655,4047.361,1.5898835936177682,1.5898728343697497,1.5898728343697497,1.5898835936177682,3.885567811077412,3.8855043400915696,3.8855043400915696,3.885567811077412,1.7893007021949272,1.7892902296901754,1.7892902296901754,1.7893007021949272,0.662522383741531,0.6625319456596265,0.6625319456596265,0.662522383741531,2.4762598192716463
400.0,199.051,42.319,4.857,5.322,4552.763,1.590117520321183,1.590106375568234,1.590106375568234,1.590117520321183,3.872839989247717,3.8727747421716856,3.8727747421716856,3.872839989247717,1.7828251646889697,1.782805646376598,1.782805646376598,1.7828251646889697,0.6604060105727682,0.660430730418414,0.660430730418414,0.6604060105727682,2.1978091770602117
400.0,199.062,74.162,5.166,3.885,1426.401,1.5950997230910788,1.5950892283520202,1.5950892283520202,1.5950997230910788,3.9179522382633567,3.9178890536394975,3.9178890536394975,3.9179522382633567,1.7919357740306243,1.7919239094415262,1.7919239094415262,1.7919357740306243,0.6652398775753807,0.665252239112199,0.665252239112199,0.6652398775753807,7.022104349128806
400.0,199.144,66.517,4.378,4.512,4484.137,1.5897990164128135,1.5897885085028909,1.5897885085028909,1.5897990164128135,3.880001156913384,3.8799384830982153,3.8799384830982153,3.880001156913384,1.7862364700666324,1.7862249255956546,1.7862249255956546,1.7862364700666324,0.6616883338267667,0.661700135758045,0.661700135758045,0.6616883338267667,2.233195571708546
400.0,199.166,30.672,2.506,4.995,4692.053,1.5898834405061906,1.5898820654693004,1.5898820654693302,1.5898834405061906,3.8692170832279937,3.869208111403912,3.869208107465913,3.8692170832279937,1.7812331509822872,1.7812121613934893,1.7812121613934893,1.7812331509822872,0.6585432404846457,0.6585809845639718,0.6585809845639718,0.6585432404846457,2.131763183073428
400.0,199.292,44.847,4.425,5.987,3971.558,1.5904015801328164,1.590390783923149,1.590390783923149,1.5904015801328164,3.8767796289497047,3.876714886315976,3.876714886315976,3.8767796289497047,1.7836612420790523,1.783645039967002,1.783645039967002,1.7836612420790523,0.660900056115097,0.6609193929529171,0.6609193929529171,0.660900056115097,2.5196440169130856
400.0,199.604,12.031,5.903,4.126,1688.126,1.594637039156576,1.5946276042156915,1.5946276042156915,1.594637039156576,3.8945527152777353,3.8944977704335457,3.8944977704335457,3.8945527152777353,1.783637173742976,1.7835477165858336,1.7835477165858336,1.783637173742976,0.6617028072099708,0.6618351050201362,0.6618351050201362,0.6617028072099708,5.9214679789990665
400.0,199.792,67.091,6.34,4.191,3638.498,1.590254964321249,1.590244027803573,1.590244027803573,1.590254964321249,3.886285405746188,3.886219937067473,3.886219937067473,3.886285405746188,1.7872985345283725,1.787285837721272,1.787285837721272,1.7872985345283725,0.6624760508532793,0.6624896628965421,0.6624896628965421,0.6624760508532793,2.7522646803268938
