Vout,ronp,rons,vfp,vfs,rm,sw_p1,sw_p2,sw_p3,sw_p4,cond_p1,cond_p2,cond_p3,cond_p4,sw_s1,sw_s2,sw_s3,sw_s4,cond_s1,cond_s2,cond_s3,cond_s4,core_t1
300.0,10.19,15.232,5.895,5.099,3467.946,1.916005237480008,1.915987351226998,1.915987351226998,1.916005237480008,1.6419621875503922,1.6419061029973143,1.6419061029973143,1.6419621875503922,0.2894047444004215,0.2893870241602409,0.2893870241602409,0.2894047444004215,0.2243383830129117,0.2243536336150004,0.2243536336150004,0.2243383830129117,1.6222856872085074
300.0,10.19,56.256,4.234,5.836,4256.403,1.9142236836780044,1.914215638407308,1.914215638407308,1.9142236836780044,1.6398383770660985,1.6398117561380203,1.6398117561380203,1.6398383770660985,0.2902796438627929,0.2902822369813039,0.2902822369813039,0.2902796438627929,0.2242853700104044,0.2242842502026972,0.2242842502026972,0.2242853700104044,1.3235414391878495
300.0,10.218,81.588,6.039,3.339,2620.149,1.914014343041317,1.914022343131087,1.914022343131087,1.914014343041317,1.6426034926088473,1.642629389938171,1.642629389938171,1.6426034926088473,0.2926018644058306,0.2925923741276912,0.2925923741276912,0.2926018644058306,0.2243322669841288,0.2243393067627648,0.2243393067627648,0.2243322669841288,2.15184895841697
300.0,10.51,24.163,2.602,4.023,1753.039,1.9170051032551911,1.917001254533213,1.917001254533213,1.9170051032551911,1.6480860492588163,1.6480763583657996,1.6480763583657996,1.6480860492588163,0.2925821180143087,0.2925843807017287,0.2925843807017287,0.2925821180143087,0.2244738353198028,0.2244736399435562,0.2244736399435562,0.2244738353198028,3.210210572629809
300.0,10.677,75.514,4.502,3.045,2564.407,1.9141712834862583,1.91416949141866,1.91416949141866,1.9141712834862583,1.6428044202132206,1.6427981148937083,1.6427981148937083,1.6428044202132206,0.2926500943344165,0.2926518010556188,0.2926518010556188,0.2926500943344165,0.2243391617075184,0.2243383356891534,0.2243383356891534,0.2243391617075184,2.1981878289413856
300.0,11.116,95.126,4.382,5.552,4452.451,1.9125134371463783,1.9125109946910477,1.9125109946910477,1.9125134371463783,1.6384796462753215,1.638472077443982,1.638472077443982,1.6384796462753215,0.2918845523083135,0.2918835206680772,0.2918835206680772,0.2918845523083135,0.2242341164420827,0.2242352334076234,0.2242352334076234,0.2242341164420827,1.2668639697155666
300.0,11.208,81.022,4.52,4.373,2542.896,1.9138505501528873,1.913857195221352,1.913857195221352,1.9138505501528873,1.6425890763798952,1.6426142979045146,1.6426142979045146,1.6425890763798952,0.2930882564346363,0.2930799139818798,0.2930799139818798,0.2930882564346363,0.2243256748955774,0.2243322156862856,0.2243322156862856,0.2243256748955774,2.2171794808528933
300.0,11.246,46.223,6.122,6.011,3410.638,1.9146307937248577,1.914611839358644,1.914611839358644,1.9146307937248577,1.641090087053537,1.641027261620817,1.641027261620817,1.641090087053537,0.290916660636498,0.2909299015958887,0.2909299015958887,0.290916660636498,0.2243121172330942,0.2243037248216939,0.2243037248216939,0.2243121172330942,1.6512095226780676
300.0,11.331,90.959,6.304,3.321,4994.966,1.9124913396604912,1.912487543351312,1.912487543351312,1.9124913396604912,1.6379520735408426,1.6379413275390442,1.6379413275390442,1.6379520735408426,0.2915866331215287,0.2915883978125635,0.2915883978125635,0.2915866331215287,0.2242236330621476,0.2242230698525024,0.2242230698525024,0.2242236330621476,1.1291141978597463
300.0,11.371,63.821,4.148,2.68,2566.225,1.9144280644084737,1.9144273502031708,1.9144273502031708,1.9144280644084737,1.642845057765983,1.6428426921336745,1.6428426921336745,1.642845057765983,0.2925220655199904,0.2925204335038144,0.2925204335038144,0.2925220655199904,0.2243383788791918,0.2243402505975526,0.2243402505975526,0.2243383788791918,2.1957938640895813
300.0,11.396,18.741,5.25,2.962,2212.001,1.9163926509985765,1.916391737699913,1.916391737699913,1.9163926509985765,1.64523525624082,1.6452328525826865,1.6452328525826865,1.64523525624082,0.2915909801961693,0.2915907474932713,0.2915907474932713,0.2915909801961693,0.2244070428058692,0.2244085472627114,0.2244085472627114,0.2244070428058692,2.543684299277364
300.0,11.484,81.927,6.109,5.216,967.994,1.916971320253498,1.91696507296193,1.91696507296193,1.916971320253498,1.657172180107826,1.657150261412476,1.657150261412476,1.657172180107826,0.2994857616600885,0.2994868677917457,0.2994868677917457,0.2994857616600885,0.2246455669180655,0.22464514788203,0.22464514788203,0.2246455669180655,5.8246182828459
300.0,11.822,69.498,5.273,6.015,3301.536,1.9136734345999729,1.913671598712904,1.913671598712904,1.9136734345999729,1.6406085409505593,1.6406047167018205,1.6406047167018205,1.6406085409505593,0.2920473268237944,0.2920463212714773,0.2920463212714773,0.2920473268237944,0.2242849134224032,0.2242863735391219,0.2242863735391219,0.2242849134224032,1.7070669024759568
300.0,11.839,73.692,5.871,4.827,1392.699,1.9155999722742527,1.915597928242076,1.915597928242076,1.9155999722742527,1.6500055679337569,1.6499985847224017,1.6499985847224017,1.6500055679337569,0.2962595863971401,0.2962599456056759,0.2962599456056759,0.2962595863971401,0.224488640137166,0.2244888527052401,0.2244888527052401,0.224488640137166,4.047318808198994
300.0,11.869,38.271,4.684,5.831,2014.129,1.915783585899979,1.915778175186788,1.915778175186788,1.915783585899979,1.6456963076837463,1.645675349643234,1.645675349643234,1.6456963076837463,0.2928825224066083,0.2928836711803508,0.2928836711803508,0.2928825224066083,0.2244071346627825,0.2244069531840606,0.2244069531840606,0.2244071346627825,2.7953557088073366
300.0,11.941,25.721,3.319,2.905,4207.7,1.9149288260599473,1.914923456766812,1.914923456766812,1.9149288260599473,1.640043021446938,1.6400262197799818,1.6400262197799818,1.640043021446938,0.2899545075142903,0.2899479484301238,0.2899479484301238,0.2899545075142903,0.2242858137535201,0.2242918314319516,0.2242918314319516,0.2242858137535201,1.337528245231573
300.0,11.944,37.674,6.201,2.562,4282.487,1.9144640998076363,1.9144669952799405,1.9144669952799405,1.914464099807536,1.6396726098525365,1.6396837269164728,1.6396837269164728,1.6396726098519727,0.2903252886213839,0.2903177132767741,0.2903177132767741,0.2903252886213839,0.2242732775935097,0.2242795775093393,0.2242795775093393,0.2242732775935097,1.3146826610261273
300.0,12.064,19.233,4.609,5.187,1775.682,1.916766597021095,1.9167678586347012,1.9167678586347012,1.916766597021095,1.64756023346565,1.64756429372256,1.64756429372256,1.64756023346565,0.2929623263460198,0.292952915500993,0.292952915500993,0.2929623263460198,0.2244494560786039,0.2244574406399768,0.2244574406399768,0.2244494560786039,3.1687627061940478
300.0,12.391,11.956,4.716,4.108,2983.078,1.915810216487702,1.915812316792026,1.915812316792026,1.915810216487728,1.6424125184796683,1.6424271823674532,1.6424271823674532,1.6424125307863224,0.2906261446884477,0.29059327773833,0.29059327773833,0.2906261446884477,0.2243289989217487,0.2243555516260853,0.2243555516260853,0.2243289989217487,1.8857662221733336
300.0,12.411,48.235,5.971,3.477,1712.132,1.915722508544295,1.915718974885244,1.915718974885244,1.915722508544295,1.6473189979879117,1.6473061918913088,1.6473061918913088,1.6473189979879117,0.2942967790982458,0.2942988123318061,0.2942988123318061,0.2942967790982458,0.2244355426723133,0.2244347233902095,0.2244347233902095,0.2244355426723133,3.2894833806375647
300.0,12.929,61.332,5.016,6.191,3155.498,1.9137734021937156,1.9137685287198505,1.9137685287198505,1.9137734021937156,1.640787807615438,1.6407686003198194,1.6407686003198194,1.640787807615438,0.2923412139765473,0.2923411254154139,0.2923411254154139,0.2923412139765473,0.224284746134982,0.2242849476784969,0.2242849476784969,0.224284746134982,1.785594053824202
300.0,13.305,24.433,4.893,6.408,4210.407,1.9146312739449256,1.914643517144776,1.914643517144776,1.9146312739449256,1.6396395186962092,1.6396766577887454,1.6396766577887454,1.6396395186962092,0.2904549258829028,0.2904335455202809,0.2904335455202809,0.2904549258829028,0.2242643021048875,0.2242799632876869,0.2242799632876869,0.2242643021048875,1.3366104753973882
300.0,13.548,80.863,4.94,3.214,4152.809,1.9125188322202171,1.9125174303978836,1.9125174303978836,1.9125188322202171,1.6384417708035512,1.6384380294889884,1.6384380294889884,1.6384417708035512,0.2925156796796856,0.292516688678559,0.292516688678559,0.2925156796796856,0.2242228215460382,0.2242227470058413,0.2242227470058413,0.2242228215460382,1.3576404189234728
300.0,13.818,96.256,3.109,5.633,4820.129,1.9117182514755713,1.9117184063537944,1.9117184063537944,1.9117182514755713,1.6372714854729016,1.6372703527757972,1.6372703527757972,1.6372714854729016,0.2928291277719291,0.2928283498947093,0.2928283498947093,0.2928291277719291,0.2241900668210166,0.224190726414529,0.224190726414529,0.2241900668210166,1.1702685971230296
300.0,13.835,42.939,3.91,2.553,3447.387,1.9140891719131,1.914089144834286,1.914089144834286,1.9140891719131,1.640299873776101,1.6402965950253303,1.6402965950253303,1.640299873776101,0.2918057485335823,0.2918033872239514,0.2918033872239514,0.2918057485335823,0.2242740883321476,0.2242762459646448,0.2242762459646448,0.2242740883321476,1.6334295996412576
300.0,13.878,23.284,5.913,5.174,4026.976,1.914597341384098,1.914588635319312,1.914588635319312,1.914597341384098,1.6397688706651428,1.6397424862859893,1.6397424862859893,1.6397688706651428,0.2907357786316792,0.2907373972368456,0.2907373972368456,0.2907357786316792,0.2242697590028972,0.2242703251555226,0.2242703251555226,0.2242697590028972,1.3974398451908043
300.0,13.991,83.446,3.22,6.343,1511.494,1.9144295162029292,1.9144241335133776,1.9144241335133776,1.9144295162029292,1.647880055526526,1.6478620224303144,1.6478620224303144,1.647880055526526,0.2969017798864158,0.2969051831776772,0.2969051831819054,0.2969017798864158,0.224425924948879,0.2244239666142456,0.2244239666135491,0.224425924948879,3.730398975314515
300.0,14.269,23.643,6.409,5.192,2405.082,1.9153204188537392,1.9153248412574784,1.9153248412574784,1.9153204188537392,1.643443097470258,1.6434574929277213,1.6434574929277213,1.643443097470258,0.2925487655384513,0.2925354843348972,0.2925354843348972,0.2925487655384513,0.2243421609778733,0.2243527448807127,0.2243527448807127,0.2243421609778733,2.339844778799664
300.0,14.495,49.108,6.135,5.155,795.647,1.9185568353386215,1.918550059517785,1.918550059517785,1.9185568353386708,1.6621260456460696,1.6621024837638096,1.6621024837638096,1.6621260517077274,0.3017494476292879,0.3017509776188134,0.3017509776188134,0.3017494476292879,0.2247465298846891,0.2247461112734955,0.2247461112734955,0.2247465298846891,7.078706654350152
300.0,14.755,95.821,4.97,2.828,4075.788,1.9116908120815996,1.911690864870972,1.911690864870972,1.9116908120815996,1.6378642989028722,1.6378647454537485,1.6378647454537485,1.6378642989028722,0.2935587248042437,0.293557371443765,0.293557371443765,0.2935587248042437,0.2241969017993545,0.224198232007042,0.224198232007042,0.2241969017993545,1.3839674774563624
300.0,15.304,24.929,5.452,2.774,3403.008,1.9144103386095457,1.9144053534492376,1.9144053534492376,1.9144103386095457,1.6403491995606696,1.6403306632060055,1.6403306632060055,1.6403491995606696,0.2918061813557832,0.2918017873358254,0.2918017873358254,0.2918061813557832,0.2242707551178574,0.2242745308337213,0.2242745308337213,0.2242707551178574,1.6537580127599525
300.0,15.419,29.919,3.093,3.343,3082.69,1.914344820603416,1.9143515868605636,1.9143515868605636,1.914344820603416,1.6408793608211951,1.6409067864682876,1.6409067864682876,1.6408793608211951,0.2923293998225431,0.2923122895546324,0.2923122895546324,0.2923293998225431,0.2242750534883107,0.2242888178395379,0.2242888178395379,0.2242750534883107,1.825893585820335
300.0,15.499,40.583,3.896,4.333,739.206,1.9191015144128607,1.9190977915800504,1.9190977915800504,1.9191015144128607,1.6642146067235586,1.6642009488120235,1.6642009488120235,1.6642146067235586,0.3027990971326152,0.3028005472192738,0.3028005472192738,0.3027990971326152,0.2247892918347232,0.2247889737570905,0.2247889737570905,0.2247892918347232,7.617059342238707
300.0,15.959,10.155,4.872,5.931,2519.666,1.9153046649489849,1.9153064639856263,1.9153064639856263,1.9153046649489849,1.6428047748180403,1.6428150391203995,1.6428150391203995,1.6428047748180403,0.2925880810483748,0.2925390236660093,0.2925390236660093,0.2925880810483748,0.2243080607549693,0.2243460815203551,0.2243460815203551,0.2243080607549693,2.2324537953982406
300.0,15.993,74.298,4.195,5.036,3114.045,1.9125600213754177,1.912553919083564,1.912553919083564,1.9125600213754177,1.6397065246982503,1.6396885867941833,1.6396885867941833,1.6397065246982503,0.294047336586293,0.2940509477333856,0.2940509477333856,0.294047336586293,0.2242373943051833,0.2242356615655703,0.2242356615655703,0.2242373943051833,1.810121035080148
300.0,16.111,45.239,4.221,3.369,1623.465,1.9150736161525972,1.9150771782645768,1.9150771782645768,1.9150736161525972,1.6470109933426191,1.6470262362973658,1.6470262362973658,1.6470109933426191,0.2959843924784925,0.2959787124849475,0.2959787124849475,0.2959843924784925,0.2244030994463628,0.2244082413457088,0.2244082413457088,0.2244030994463628,3.4687894071399534
300.0,16.668,99.978,6.165,6.22,4383.692,1.910978164344036,1.9109779796562925,1.9109779796562925,1.910978164344036,1.6368285087132253,1.6368299613345063,1.6368299613345063,1.6368285087132253,0.2942956369948807,0.2942958342562348,0.2942958342562348,0.2942956369948807,0.2241609588392005,0.2241613601915128,0.2241613601915128,0.2241609588392005,1.2869319307888587
300.0,16.669,13.289,5.55,3.084,997.696,1.9180535723481265,1.9180480050087865,1.9180480050087865,1.9180535723481265,1.6563955974049125,1.6563706028034275,1.6563706028034275,1.6563955974049125,0.2988967640530348,0.2988766868409686,0.2988766868409686,0.2988967640530348,0.2246105418991497,0.2246261259189031,0.2246261259189031,0.2246105418991497,5.6385753016676405
300.0,17.104,73.264,6.328,4.427,4959.733,1.9117203482895293,1.9117157907977576,1.9117157907977576,1.9117203482895293,1.6366732673796482,1.636656357742911,1.636656357742911,1.6366732673796482,0.29328360303637,0.2932851849073703,0.2932851849073703,0.29328360303637,0.2241644867786019,0.2241635191776663,0.2241635191776663,0.2241644867786019,1.1364741660008713
300.0,17.118,18.293,3.593,4.355,2408.486,1.9148089303078693,1.9148111041924656,1.9148111041924656,1.9148089303078693,1.6427118002430403,1.6427200594393538,1.6427200594393538,1.6427118002430403,0.2934913875579771,0.2934773577814114,0.2934773577814114,0.2934913875579771,0.2243090894921689,0.2243204885929674,0.2243204885929674,0.2243090894921689,2.336124792444052
300.0,17.223,64.83,4.212,2.884,4507.139,1.912099776374632,1.9121020897857115,1.9121020897857115,1.912099776374632,1.637269595513868,1.6372748985116163,1.6372748985116163,1.637269595513868,0.2932407469068573,0.293235385677386,0.293235385677386,0.2932407469068573,0.2241771354584221,0.2241812179689689,0.2241812179689689,0.2241771354584221,1.2502521200895809
300.0,17.306,45.153,6.138,6.434,3133.095,1.9132939290967768,1.9132927712591168,1.9132927712591168,1.9132939290967768,1.639895937041468,1.6398920586785726,1.6398920586785726,1.639895937041468,0.2935469335893925,0.2935437652136088,0.2935437652136088,0.2935469335893925,0.2242411219107133,0.2242439643503301,0.2242439643503301,0.2242411219107133,1.797406656379273
300.0,17.386,49.6,4.419,4.581,4237.497,1.9126938497578043,1.9126919432004348,1.9126919432004348,1.9126938497578043,1.637880959651079,1.6378757113256188,1.6378757113256188,1.637880959651079,0.2929156118454181,0.2929144495455749,0.2929144495455749,0.2929156118454181,0.2241955214395187,0.2241971047537385,0.2241971047537385,0.2241955214395187,1.3291494440062874
300.0,17.613,70.258,5.287,4.171,4581.849,1.911787163943102,1.9117841829531177,1.9117841829531177,1.911787163943102,1.6369646055894116,1.6369532664909276,1.6369532664909276,1.6369646055894116,0.293545101548566,0.2935470311725685,0.2935470311725685,0.293545101548566,0.2241685088510496,0.2241675627533354,0.2241675627533354,0.2241685088510496,1.2300828818015428
300.0,17.764,24.019,4.25,3.147,2756.294,1.9141727650677012,1.91417961497472,1.91417961497472,1.9141727650677012,1.6411978645602652,1.641219775346603,1.641219775346603,1.6411978645602652,0.2934315180031885,0.2934193165363014,0.2934193165363014,0.2934315180031885,0.2242705453541193,0.2242803262916653,0.2242803262916653,0.2242705453541193,2.041717196750476
300.0,18.221,53.507,4.731,5.934,2716.932,1.9129991739981107,1.913005239869799,1.913005239869799,1.9129991739981107,1.640548060713627,1.6405655351266628,1.6405655351266628,1.640548060713627,0.2946824725269195,0.2946740583903265,0.2946740583903265,0.2946824725269195,0.2242452249555506,0.2242514469896618,0.2242514469896618,0.2242452249555506,2.0732840202909464
300.0,18.244,64.367,3.245,2.956,1642.893,1.9138021372944607,1.9138084321571929,1.9138084321571929,1.9138021372944607,1.6458105800617215,1.64583375711054,1.64583375711054,1.6458105800617215,0.2974292935119682,0.2974219101058445,0.2974219101058445,0.2974292935119682,0.2243566772913049,0.2243626592201175,0.2243626592201175,0.2243566772913049,3.4298967891838927
300.0,18.394,19.235,3.417,2.541,1364.871,1.9160517438422553,1.9160475808698392,1.9160475808698392,1.9160517438422553,1.6495790138613349,1.6495660807686754,1.6495660807686754,1.6495790138613349,0.2971415668577662,0.2971358306295908,0.2971358306295908,0.2971415668577662,0.2244532052058619,0.2244587540860573,0.2244587540860573,0.2244532052058619,4.122492984076277
300.0,18.534,10.09,3.698,4.486,4819.196,1.9137196434528396,1.9137197299492887,1.9137197299492887,1.9137196434528396,1.63774464453148,1.637744188015685,1.637744188015685,1.63774464453148,0.2917510984235833,0.2917053968041928,0.2917053968041928,0.2917510984235833,0.2241826310706921,0.2242176585483323,0.2242176585483323,0.2241826310706921,1.1672108408308337
300.0,18.672,82.495,3.032,5.254,2445.703,1.9120267320268671,1.9120283001779583,1.9120283001779583,1.9120267320268671,1.640737159487393,1.6407417795102268,1.6407417795102268,1.640737159487393,0.2962654576832968,0.296263927517835,0.296263927517835,0.2962654576832968,0.224239399944476,0.2242409346128301,0.2242409346128301,0.224239399944476,2.3053841209924
300.0,18.745,59.635,4.958,4.407,1384.938,1.914421657423113,1.9144226931507435,1.9144226931507435,1.914421657423113,1.6483610928058354,1.6483664991033995,1.6483664991033995,1.6483610928058354,0.2985768159218211,0.2985742534363761,0.2985742534363761,0.2985768159218211,0.2244126296563256,0.2244153386075636,0.2244153386075636,0.2244126296563256,4.068108091618552
300.0,19.33,64.435,5.417,5.64,4417.088,1.9116096782388992,1.9116145485062817,1.9116145485062817,1.9116096782388992,1.636760599217688,1.636777272821081,1.636777272821081,1.636760599217688,0.2941133328326009,0.2941056824997291,0.2941056824997291,0.2941133328326009,0.2241519717262756,0.2241581297413632,0.2241581297413632,0.2241519717262756,1.2757217929972786
300.0,19.331,18.536,4.789,3.848,3688.953,1.9135294194220347,1.913526730005432,1.913526730005432,1.9135294194220347,1.63878340391612,1.6387719965465888,1.6387719965465888,1.63878340391612,0.2929669318204868,0.2929532243215724,0.2929532243215724,0.2929669318204868,0.2242088809241698,0.2242198844522183,0.2242198844522183,0.2242088809241698,1.5252457505530224
300.0,19.46,49.454,4.067,4.041,3861.756,1.9122982579462409,1.9122914724963664,1.9122914724963664,1.9122982579462409,1.637805387054627,1.6377813722168315,1.6377813722168315,1.637805387054627,0.2939602995475523,0.2939630064919752,0.2939630064919752,0.2939602995475523,0.2241822289450872,0.2241808708471348,0.2241808708471348,0.2241822289450872,1.4584621211301856
300.0,19.589,82.814,3.641,2.788,2195.845,1.9120195128298945,1.9120204833650316,1.9120204833650316,1.9120195128298945,1.64152813859382,1.641529913972522,1.641529913972522,1.64152813859382,0.2971016212627953,0.2970993712996342,0.2970993712996342,0.2971016212627953,0.2242507818677539,0.2242526344820873,0.2242526344820873,0.2242507818677539,2.567729770075064
300.0,19.635,68.602,5.853,3.112,4352.065,1.9113985141606848,1.9113999386692384,1.9113999386692384,1.9113985141606848,1.6366655597907946,1.6366706302157497,1.6366706302157497,1.6366655597907946,0.2944106474192503,0.2944077542552344,0.2944077542552344,0.2944106474192503,0.2241482631368495,0.2241508151481817,0.2241508151481817,0.2241482631368495,1.2949571086313392
300.0,20.151,51.294,5.734,5.756,567.256,1.9196135314632987,1.9196065331653347,1.9196065331653347,1.9196135314632987,1.672093552680301,1.6720728849468065,1.6720728849468065,1.672093552680301,0.3090837415176125,0.3090868631872821,0.3090868631872821,0.3090837415176125,0.2249351446946045,0.2249339183098094,0.2249339183098094,0.2249351446946045,9.92937033229227
300.0,20.232,54.553,4.651,4.173,4519.813,1.9117245880619924,1.911724959177644,1.911724959177644,1.9117245880619924,1.636599089755646,1.6366004942241574,1.6366004942241574,1.636599089755646,0.2940756130927174,0.2940775485398343,0.2940775485398343,0.2940756130927174,0.2241492614059374,0.2241483493253193,0.2241483493253193,0.2241492614059374,1.2463254649748623
300.0,20.345,33.478,4.173,4.553,1631.223,1.9144364654357855,1.914440169787192,1.914440169787192,1.9144364654357855,1.6459516988399965,1.6459709788435428,1.6459709788435428,1.6459516988399965,0.2972444544484085,0.2972332285765697,0.2972332285765697,0.2972444544484085,0.2243546765317874,0.2243644618283151,0.2243644618283151,0.2243546765317874,3.4509555475528275
300.0,20.386,30.37,2.819,5.467,4543.49,1.912576034086616,1.91256944866968,1.91256944866968,1.912576034086616,1.6370604656838652,1.6370423334454245,1.6370423334454245,1.6370604656838652,0.2932909431926955,0.2932878576103788,0.2932878576103788,0.2932909431926955,0.2241637889265028,0.2241674626436129,0.2241674626436129,0.2241637889265028,1.2388549926218564
300.0,20.826,84.854,2.65,3.852,4826.694,1.9103905100238547,1.9103877204225588,1.9103877204225588,1.9103905100238547,1.6354631202907113,1.6354553449311495,1.6354553449311495,1.6354631202907113,0.295226811668671,0.2952286983968629,0.2952286983968629,0.295226811668671,0.2241108938057519,0.2241101675328091,0.2241101675328091,0.2241108938057519,1.1682351048126365
300.0,21.04,17.37,2.934,5.533,1457.119,1.9152224865484395,1.9152270360220949,1.9152270360220949,1.9152224865484395,1.6477708645527127,1.6477840174113731,1.6477840174113731,1.6477708645527127,0.2976866988523949,0.2976695932192002,0.2976695932192002,0.2976866988523949,0.2243938429885279,0.2244075115184314,0.2244075115184314,0.2243938429885279,3.8612615486196087
300.0,21.144,83.319,2.714,3.936,1721.443,1.912244508012428,1.912239040496828,1.912239040496828,1.912244508012428,1.6439443582638935,1.6439268550045023,1.6439268550045023,1.6439443582638935,0.2989748066304777,0.2989784058892161,0.2989784058892161,0.2989748066304777,0.2242961751235907,0.2242941928206131,0.2242941928206131,0.2242961751235907,3.275400344549546
300.0,21.253,50.419,3.967,3.128,2504.744,1.9125164580468144,1.9125112502974768,1.9125112502974768,1.9125164580468144,1.640458226668539,1.640439972384726,1.640439972384726,1.640458226668539,0.2960898617253083,0.2960898431926921,0.2960898431926921,0.2960898617253083,0.2242276368480934,0.2242283110700783,0.2242283110700783,0.2242276368480934,2.248687264527252
300.0,21.29,68.366,6.39,6.134,3338.089,1.91134431591686,1.9113434520357009,1.9113434520357009,1.91134431591686,1.6377837992738975,1.6377802480317076,1.6377802480317076,1.6377837992738975,0.2957486953646944,0.2957478540381775,0.2957478540381775,0.2957486953646944,0.2241632198031432,0.2241642098612192,0.2241642098612192,0.2241632198031432,1.688295747355096
300.0,21.306,55.778,5.27,4.381,367.02,1.9240032602564867,1.9240081330400312,1.9240081330400312,1.9240032602564867,1.694010512322307,1.6940271687612267,1.6940271687612267,1.694010512322307,0.319196178946697,0.3191864795185341,0.3191864795185341,0.319196178946697,0.2254195472497312,0.2254271271815409,0.2254271271815409,0.2254195472497312,15.348664580938816
300.0,21.696,29.167,3.563,5.626,808.934,1.917384189720864,1.9173890924968409,1.9173890924968409,1.917384189720864,1.6599324225230456,1.6599484518851215,1.6599484518851215,1.6599324225230456,0.3037597214820164,0.3037543521954731,0.3037543521954731,0.3037597214820164,0.2246590170742496,0.2246636234313372,0.2246636234313372,0.2246590170742496,6.957866373312652
300.0,21.777,33.751,3.684,5.893,4756.928,1.9120524697877688,1.9120486413997968,1.9120486413997968,1.9120524697877688,1.6363521759941682,1.636343289968586,1.636343289968586,1.6363521759941682,0.2938647964804759,0.2938629725295027,0.2938629725295027,0.2938647964804759,0.2241388091113278,0.2241415789040924,0.2241415789040924,0.2241388091113278,1.1833967790567004
300.0,21.794,61.506,5.48,6.25,645.707,1.917745974070847,1.91774506968518,1.91774506968518,1.917745974070847,1.6664504730283638,1.6664462608063368,1.6664462608063368,1.6664504730283638,0.3080042981943078,0.3080008839605217,0.3080008839605217,0.3080042981943078,0.2247958306931266,0.2247986813253545,0.2247986813253545,0.2247958306931266,8.725887970821967
300.0,21.926,77.816,5.648,5.56,775.642,1.9158089825609772,1.915806885147296,1.915806885147296,1.9158089825609772,1.660090184395123,1.6600866907023035,1.6600866907023035,1.660090184395123,0.3060730225309774,0.3060721644644094,0.3060721644644094,0.3060730225309774,0.2246494262430214,0.2246508915691069,0.2246508915691069,0.2246494262430214,7.268005237721395
300.0,21.959,88.267,3.733,4.834,2938.797,1.9106477220976807,1.9106488987438337,1.9106488987438337,1.9106477220976807,1.6380987412504109,1.6381024931274908,1.6381024931274908,1.6380987412504109,0.2971109446771631,0.2971080946165349,0.2971080946165349,0.2971109446771631,0.2241593457519439,0.2241617267314846,0.2241617267314846,0.2241593457519439,1.918923848795639
300.0,22.354,87.665,5.693,4.917,4534.377,1.9099736536006695,1.9099737886917785,1.9099737886917785,1.9099736536006695,1.6352621279151098,1.6352610010665083,1.6352610010665083,1.6352621279151098,0.2960702378620474,0.2960686576450303,0.2960686576450303,0.2960702378620474,0.224095623024251,0.224096997101644,0.224096997101644,0.224095623024251,1.2436595381449966
300.0,22.419,22.08,3.927,5.134,3941.096,1.9125390220129752,1.9125347365413663,1.9125347365413663,1.9125390220129752,1.6374049858700253,1.6373877011518247,1.6373877011518247,1.6374049858700253,0.2941485617255955,0.294137404075434,0.294137404075434,0.2941485617255955,0.2241587959647149,0.224167729626323,0.224167729626323,0.2241587959647149,1.4278239641418269
300.0,22.647,41.562,4.201,6.42,1999.317,1.91299607476362,1.9129970239187053,1.9129970239187053,1.91299607476362,1.6425368287104487,1.6425360241275695,1.6425360241275695,1.6425368287104487,0.2973341838933576,0.2973314563356476,0.2973314563356476,0.2973341838933576,0.2242669957288012,0.2242692192874876,0.2242692192874876,0.2242669957288012,2.8163365490183847
300.0,22.777,11.385,3.829,4.299,377.125,1.9248938797227568,1.9248860754560688,1.9248860754560688,1.9248938797227568,1.6927832689077311,1.6927530600427287,1.6927530600427287,1.6927832689077311,0.3175300094453478,0.3175045974439795,0.3175045974439795,0.3175300094453478,0.2253871530370725,0.2254075090475609,0.2254075090475609,0.2253871530370725,14.915844227844373
300.0,22.864,49.031,5.349,4.593,1607.654,1.9132775923540069,1.9132787987621864,1.9132787987621864,1.9132775923540069,1.64509935416798,1.6451004498080752,1.6451004498080752,1.64509935416798,0.2988799958130832,0.2988767295591994,0.2988767295591994,0.2988799958130832,0.2243195340902243,0.2243221647067016,0.2243221647067016,0.2243195340902243,3.5033128954157955
300.0,22.867,81.459,5.223,5.917,3676.051,1.9103345164716827,1.9103300173550988,1.9103300173550988,1.9103345164716827,1.6364309984836003,1.636415832226346,1.636415832226346,1.6364309984836003,0.2965634453580045,0.2965668631102699,0.2965668631102699,0.2965634453580045,0.2241212660724902,0.2241192920883978,0.2241192920883978,0.2241212660724902,1.533731827187247
300.0,22.971,76.544,5.39,4.232,2328.718,1.9112736531063823,1.9112681884193703,1.9112681884193703,1.9112736531063823,1.640093756302824,1.6400765734445413,1.6400765734445413,1.640093756302824,0.2979836816625257,0.2979867505644586,0.2979867505644586,0.2979836816625257,0.22420262257176,0.2242011119331521,0.2242011119331521,0.22420262257176,2.4207180092460545
300.0,23.2,18.765,2.992,2.91,888.914,1.916838732280584,1.9168275678968427,1.9168275678968427,1.916838732280584,1.657188874204231,1.6571491641595386,1.6571491641595386,1.657188874204231,0.3029073258478649,0.3029101174136116,0.3029101174136116,0.3029073258478649,0.2245946282055493,0.2245939832376049,0.2245939832376049,0.2245946282055493,6.329683271681569
300.0,23.205,76.838,6.348,3.368,480.011,1.919523382723335,1.9195200799073089,1.9195200799073089,1.919523382723335,1.678113523536862,1.6781020793518864,1.6781020793518864,1.678113523536862,0.314387482755374,0.3143883687940424,0.3143883687940424,0.314387482755374,0.2250485255310514,0.2250483535161233,0.2250483535161233,0.2250485255310514,11.74379820207272
300.0,23.369,76.382,6.196,5.355,788.216,1.9153946926774128,1.9153937133144971,1.9153937133144971,1.9153946926774128,1.6592286142234305,1.6592249939843626,1.6592249939843626,1.6592286142234305,0.3064066923410763,0.3064049215252455,0.3064049215252455,0.3064066923410763,0.2246227394223945,0.2246245026583863,0.2246245026583863,0.2246227394223945,7.151722433559438
300.0,23.386,57.611,5.45,3.602,2766.149,1.911525822513584,1.911523854606388,1.911523854606388,1.911525822513584,1.63882708765366,1.6388178630100547,1.6388178630100547,1.63882708765366,0.2968258951477904,0.2968219493283048,0.2968219493283048,0.2968258951477904,0.2241756136409067,0.2241788099542322,0.2241788099542322,0.2241756136409067,2.0366570327952886
300.0,24.003,86.144,6.47,6.481,2225.871,1.9107617050114163,1.9107599331774616,1.9107599331774616,1.9107617050114163,1.6400401637912108,1.6400336542109692,1.6400336542109692,1.6400401637912108,0.2989311300027651,0.2989304646591947,0.2989304646591947,0.2989311300027651,0.2241916044537958,0.2241924910551571,0.2241924910551571,0.2241916044537958,2.5333554738936166
300.0,24.158,74.562,5.551,5.027,3865.885,1.910197434836009,1.9101955163781796,1.9101955163781796,1.910197434836009,1.6358889103606833,1.6358819368939743,1.6358819368939743,1.6358889103606833,0.2967136139069427,0.2967108779037881,0.2967108779037881,0.2967136139069427,0.224101843594152,0.224104288340967,0.224104288340967,0.224101843594152,1.4580891962725129
300.0,24.347,74.075,4.811,5.12,3632.243,1.910252583972317,1.9102485387668056,1.9102485387668056,1.910252583972317,1.6362279814562353,1.636212513501378,1.636212513501378,1.6362279814562353,0.2969328919007999,0.2969367393766456,0.2969367393766456,0.2969328919007999,0.2241107582014975,0.2241082047454442,0.2241082047454442,0.2241107582014975,1.5518548087284856
300.0,24.35,12.239,4.087,2.515,4550.052,1.9122459171337227,1.912241968989004,1.912241968989004,1.9122459171337227,1.6362771484322238,1.636261514927902,1.636261514927902,1.6362771484322238,0.2942528483212942,0.2942260395072384,0.2942260395072384,0.2942528483212942,0.2241190365840746,0.2241402977102697,0.2241402977102697,0.2241190365840746,1.2363338332325722
300.0,24.564,30.287,4.208,3.295,2059.005,1.9128561772609276,1.9128551891145709,1.9128551891145709,1.9128561772609276,1.6418861697821117,1.6418835994916054,1.6418835994916054,1.6418861697821117,0.2975702992041773,0.297566754690486,0.297566754690486,0.2975702992041773,0.2242439087539427,0.2242475066861831,0.2242475066861831,0.2242439087539427,2.73368718854097
300.0,24.597,68.47,3.596,3.717,2928.949,1.910722757955468,1.9107216760041887,1.9107216760041887,1.910722757955468,1.6377759477406426,1.637773293440708,1.637773293440708,1.6377759477406426,0.2974919622880386,0.2974910016988314,0.2974910016988314,0.2974919622880386,0.2241430641175882,0.2241445823776372,0.2241445823776372,0.2241430641175882,1.9241307096980245
300.0,24.609,43.562,4.174,3.77,1652.978,1.9129538049251011,1.9129548987416864,1.9129548987416864,1.9129538049251011,1.6443183126506649,1.6443181882945723,1.6443181882945723,1.6443183126506649,0.2992243520295082,0.2992201367179034,0.2992201367179034,0.2992243520295082,0.2242934263528118,0.2242967080418421,0.2242967080418421,0.2242934263528118,3.40664198145704
300.0,24.683,95.203,5.764,3.1,3787.529,1.909337565405915,1.9093360895781923,1.9093360895781923,1.90933756540596,1.635420207913715,1.6354165210385003,1.6354165210385003,1.6354202079138258,0.2976969634797949,0.2976970583507074,0.2976970583507074,0.2976969634797949,0.2240836340838275,0.224084179799113,0.224084179799113,0.2240836340838275,1.4892529280091673
300.0,24.744,80.852,5.746,4.959,3266.225,1.9100581670905497,1.9100556729794071,1.9100556729794071,1.9100581670905497,1.6366703115112202,1.636662018467155,1.636662018467155,1.6366703115112202,0.2976360737956135,0.2976346002344561,0.2976346002344561,0.2976360737956135,0.2241142331698595,0.2241159409539874,0.2241159409539874,0.2241142331698595,1.726137218686869
300.0,24.997,20.562,4.754,5.073,3600.348,1.912068256221464,1.9120595873650768,1.9120595873650768,1.912068256221464,1.6372448803055717,1.6372082746841716,1.6372082746841716,1.6372448803055717,0.2953603156826523,0.2953546608178944,0.2953546608178944,0.2953603156826523,0.2241417933912288,0.2241466976574249,0.2241466976574249,0.2241417933912288,1.5628750660442032
300.0,25.307,70.134,4.989,4.048,608.159,1.9170250562678608,1.9170233450290224,1.9170233450290224,1.9170250562678608,1.6674659734519175,1.6674591096039617,1.6674591096039617,1.6674659734519175,0.3106811656708758,0.3106831465172351,0.3106831465172351,0.3106811656708758,0.2247999985163615,0.2247990686215307,0.2247990686215307,0.2247999985163615,9.26719210135388
300.0,25.376,92.469,3.247,3.657,2316.683,1.910101686735902,1.9100990914993297,1.9100990914993297,1.910101686735902,1.6391091151229114,1.63909917365075,1.63909917365075,1.6391091151229114,0.2995316043470036,0.2995332310536261,0.2995332310536261,0.2995316043470036,0.224162403664352,0.2241614304547055,0.2241614304547055,0.224162403664352,2.4345483184179773
300.0,25.743,39.055,5.93,6.045,1552.426,1.913030762980328,1.9130287302323967,1.9130287302323967,1.913030762980328,1.644984790907141,1.6449749636487478,1.6449749636487478,1.644984790907141,0.2999097659188291,0.299907534986555,0.299907534986555,0.2999097659188291,0.2243035441461006,0.2243054349138078,0.2243054349138078,0.2243035441461006,3.626755284603057
300.0,25.822,76.902,6.288,4.711,1800.38,1.9111770594770023,1.911174542479094,1.911174542479094,1.9111770594770023,1.642137166727183,1.6421276568494934,1.6421276568494934,1.642137166727183,0.3003885000024612,0.300388041274387,0.300388041274387,0.3003885000024612,0.2242301804054265,0.2242308411317769,0.2242308411317769,0.2242301804054265,3.1311232754813663
300.0,25.893,39.784,3.277,5.158,3889.199,1.9110283912613115,1.9110337689876808,1.9110337689876808,1.9110283912613115,1.6360766253901098,1.6360942185507428,1.6360942185507428,1.6360766253901098,0.2961854375025057,0.296179563311547,0.296179563311547,0.2961854375025057,0.2241052038960169,0.2241101167253398,0.2241101167253398,0.2241052038960169,1.4477065755044631
300.0,26.262,74.91,5.842,2.863,3102.797,1.9099748998469543,1.9099795630135608,1.9099795630135608,1.9099748998469543,1.6367120693263515,1.636727936765236,1.636727936765236,1.6367120693263515,0.2982014028633815,0.2981943144138878,0.2981943144138878,0.2982014028633815,0.224106550481926,0.2241118955326501,0.2241118955326501,0.224106550481926,1.8167002485502703
300.0,26.563,23.38,6.114,4.861,2715.298,1.912022309744282,1.912015095180725,1.912015095180725,1.912022309744282,1.638782305772264,1.638758607797005,1.638758607797005,1.638782305772264,0.296977284870668,0.2969727484264325,0.2969727484264325,0.296977284870668,0.22416498123942,0.2241697755140945,0.2241697755140945,0.22416498123942,2.0724800553878207
300.0,26.609,94.152,4.08,4.614,2811.485,1.9093551214169011,1.9093531153563816,1.9093531153563816,1.9093551214169011,1.6369876734499285,1.636980170300706,1.636980170300706,1.6369876734499285,0.2993407864471411,0.2993398921537548,0.2993398921537548,0.2993407864471411,0.2241071867309918,0.2241083103537066,0.2241083103537066,0.2241071867309918,2.0061925753062577
300.0,26.791,22.211,5.536,5.042,1500.609,1.9134981303322656,1.9134933568616117,1.9134933568616117,1.9134981303322656,1.6455413787384847,1.6455298670363274,1.6455298670363274,1.6455413787384847,0.2999653772521788,0.2999622185556234,0.2999622185556234,0.2999653772521788,0.2243132721224445,0.2243174336482891,0.2243174336482891,0.2243132721224445,3.74992966518822
300.0,26.876,78.269,5.403,5.315,3293.537,1.9096080941376152,1.909608426573973,1.909608426573973,1.9096080941376152,1.636046568894291,1.6360456224961375,1.6360456224961375,1.636046568894291,0.2983797472352895,0.2983777500265937,0.2983777500265937,0.2983797472352895,0.2240891738153389,0.2240908180311053,0.2240908180311053,0.2240891738153389,1.7116754670498804
300.0,27.07,48.26,6.353,3.893,4842.135,1.9101780705753264,1.9101736087945569,1.9101736087945569,1.9101780705753264,1.6344197108250933,1.6344028989167323,1.6344028989167323,1.6344197108250933,0.2964500580945777,0.2964534052492786,0.2964534052492786,0.2964500580945777,0.2240623126660027,0.2240605746530761,0.2240605746530761,0.2240623126660027,1.1631168500044493
300.0,27.224,79.652,6.337,5.814,4117.836,1.909168693111571,1.9091668690406476,1.9091668690406476,1.909168693111571,1.6345333496498984,1.6345259945580388,1.6345259945580388,1.6345333496498984,0.2979694882360851,0.2979671546305233,0.2979671546305233,0.2979694882360851,0.224053244922977,0.2240552045439306,0.2240552045439306,0.224053244922977,1.369098316257266
300.0,27.392,14.384,5.517,3.907,1595.233,1.9134370748092124,1.9134335758001264,1.9134335758001264,1.9134370748092124,1.6446369255654434,1.6446239694025866,1.6446239694025866,1.6446369255654434,0.2995515344583943,0.2995348843678986,0.2995348843678986,0.2995515344583943,0.2242869432628941,0.2243011634899047,0.2243011634899047,0.2242869432628941,3.5265910718117106
300.0,28.152,70.449,3.513,5.588,3903.067,1.909339698679096,1.9093388127701625,1.9093388127701625,1.909339698679096,1.6347619398135935,1.6347592441918273,1.6347592441918273,1.6347619398135935,0.2981530660398684,0.298152416672161,0.298152416672161,0.2981530660398684,0.2240561292961304,0.2240570575569141,0.2240570575569141,0.2240561292961304,1.4439998972260233
300.0,28.194,64.275,4.996,4.69,1706.217,1.9111963478419107,1.911200828467732,1.911200828467732,1.9111963478419107,1.6424057482517187,1.642418730897932,1.642418730897932,1.6424057482517187,0.3012106420226457,0.3012056768512796,0.3012056768512796,0.3012106420226457,0.2242251682787168,0.2242288737679989,0.2242288737679989,0.2242251682787168,3.302558979993852
300.0,28.226,27.541,5.654,4.867,1618.043,1.9126984535769045,1.9126906361715177,1.9126906361715177,1.9126984535769045,1.643915482982594,1.64388847689769,1.64388847689769,1.643915482982594,0.3002492042356836,0.3002533934041856,0.3002533934041856,0.3002492042356836,0.224270620525037,0.224268628457737,0.224268628457737,0.224270620525037,3.4783658268795308
300.0,28.285,64.155,5.126,5.847,4956.975,1.9092669754481129,1.9092632397132183,1.9092632397132183,1.9092669754481129,1.6336182714612142,1.633608577283528,1.633608577283528,1.6336182714612142,0.2974498557716437,0.2974482629295568,0.2974482629295568,0.2974498557716437,0.2240312911631846,0.2240333734876856,0.2240333734876856,0.2240312911631846,1.136756565439229
300.0,28.517,61.64,2.921,5.451,4381.893,1.909431836662526,1.9094316683263168,1.9094316683263168,1.909431836662526,1.6342046076019725,1.6342023008557307,1.6342023008557307,1.6342046076019725,0.2977161738936467,0.2977143508107406,0.2977143508107406,0.2977161738936467,0.2240439179806964,0.2240456003359926,0.2240456003359926,0.2240439179806964,1.2858394871661298
300.0,28.636,57.311,4.462,2.685,1656.18,1.9114318009852445,1.9114303719320425,1.9114303719320425,1.9114318009852445,1.6428417805870914,1.6428320682078734,1.6428320682078734,1.6428417805870914,0.3013196390368115,0.3013161033134522,0.3013161033134522,0.3013196390368115,0.2242347609865151,0.2242372794230743,0.2242372794230743,0.2242347609865151,3.401564295882219
300.0,28.837,51.752,3.137,2.921,322.7,1.9241374201684869,1.924135791115421,1.924135791115421,1.9241374201684869,1.700684283399157,1.7006761141954323,1.7006761141954323,1.700684283399157,0.3258776439234992,0.3258764849628764,0.3258764849628764,0.3258776439234992,0.2255436470926981,0.2255450110917819,0.2255450110917819,0.2255436470926981,17.45421790596469
300.0,29.006,72.227,5.131,6.169,3501.404,1.909208049394553,1.9092043699227208,1.9092043699227208,1.909208049394553,1.6351525664689417,1.6351402381018056,1.6351402381018056,1.6351525664689417,0.2988484694953726,0.2988512443132293,0.2988512443132293,0.2988484694953726,0.224060657544837,0.2240593267801282,0.2240593267801282,0.224060657544837,1.60973996502895
300.0,29.262,17.048,6.023,5.816,2178.61,1.9120319383676636,1.912025168343516,1.912025168343516,1.9120319383676636,1.6401933062292102,1.640178229937182,1.640178229937182,1.6401933062292102,0.2987443923421601,0.2987242478669156,0.2987242478669156,0.2987443923421601,0.2241757708842944,0.2241928917824662,0.2241928917824662,0.2241757708842944,2.5824808864568727
300.0,29.327,56.744,3.103,3.926,1820.127,1.9110091203811803,1.911006289457421,1.911006289457421,1.9110091203811803,1.641409142103916,1.6413983318000265,1.6413983318000265,1.641409142103916,0.3010413213073235,0.3010408651914767,0.3010408651914767,0.3010413213073235,0.2242002296532656,0.2242009730819849,0.2242009730819849,0.2242002296532656,3.0951116670616514
300.0,29.426,27.076,3.31,3.399,4404.461,1.910466578222324,1.910464013864852,1.910464013864852,1.910466578222324,1.6346495339232476,1.63464047729459,1.63464047729459,1.6346495339232476,0.2968639268928349,0.2968624529702712,0.2968624529702712,0.2968639268928349,0.2240580303977622,0.2240600709529944,0.2240600709529944,0.2240580303977622,1.277811032289092
300.0,29.568,63.651,4.092,4.729,3895.468,1.9092348063575233,1.9092370944370831,1.9092370944370831,1.9092348063575233,1.6345032924449132,1.6345097116078675,1.6345097116078675,1.6345032924449132,0.2984924349423554,0.2984899286244466,0.2984899286244466,0.2984924349423554,0.2240439616335987,0.2240461940357834,0.2240461940357834,0.2240439616335987,1.446494652965508
300.0,29.686,61.296,6.317,3.447,4427.316,1.9091374588042536,1.9091413063259488,1.9091413063259488,1.9091374588042536,1.6338165304548404,1.633824740547996,1.633824740547996,1.6338165304548404,0.2981545930307978,0.2981490079251978,0.2981490079251978,0.2981545930307978,0.2240280603116802,0.224032129465098,0.224032129465098,0.2240280603116802,1.2726316181746289
300.0,29.717,43.59,3.825,2.623,419.247,1.9206082066485517,1.9206084421261385,1.9206084421261385,1.9206082066485517,1.6839109148806948,1.68391183269924,1.68391183269924,1.6839109148806948,0.3188887254695164,0.3188851455408429,0.3188851455408429,0.3188887254695164,0.225155333203393,0.2251588288478213,0.2251588288478213,0.225155333203393,13.4312440398031
300.0,29.737,18.666,5.678,5.4,2147.803,1.9118840322962412,1.911881167333632,1.911881167333632,1.9118840322962412,1.6401764169326285,1.6401640691645154,1.6401640691645154,1.6401764169326285,0.2990513810433177,0.2990443662334478,0.2990443662334478,0.2990513810433177,0.2241784736678583,0.2241846523243751,0.2241846523243751,0.2241784736678583,2.619660912538163
300.0,29.815,41.116,4.527,6.2,2355.786,1.910836639425628,1.9108339932953584,1.9108339932953584,1.910836639425628,1.638738985072524,1.6387326846985546,1.6387326846985546,1.638738985072524,0.299459932229171,0.2994571954965594,0.2994571954965594,0.299459932229171,0.2241413716611185,0.2241444868318762,0.2241444868318762,0.2241413716611185,2.3901287703892766
300.0,29.918,55.141,4.925,2.552,2997.294,1.9098441341339083,1.9098424782860128,1.9098424782860128,1.9098441341339083,1.6363425171883828,1.6363350355196744,1.6363350355196744,1.6363425171883828,0.2990939108937317,0.29909392281918,0.29909392281918,0.2990939108937317,0.2240855544186844,0.2240860398014968,0.2240860398014968,0.2240855544186844,1.8794315389333656
300.0,30.022,87.773,5.548,3.91,4937.809,1.90796615948818,1.9079676386401652,1.9079676386401652,1.90796615948818,1.63262517694203,1.6326273578510762,1.6326273578510762,1.63262517694203,0.2989865529154172,0.2989832104156073,0.2989832104156073,0.2989865529154172,0.2239936705342689,0.2239961106249063,0.2239961106249063,0.2239936705342689,1.142044290101156
300.0,30.071,17.912,3.751,5.38,3047.73,1.9111468595372076,1.9111407047345463,1.9111407047345463,1.9111468595372076,1.6369697501421685,1.636948774476,1.636948774476,1.6369697501421685,0.2977998198366889,0.2978001044732042,0.2978001044732042,0.2977998198366889,0.2241081197177652,0.2241094166044064,0.2241094166044064,0.2241081197177652,1.8460901265882037
300.0,30.318,27.459,3.917,4.391,1206.408,1.9132222288044811,1.9132240408735484,1.9132240408735484,1.9132222288044811,1.6481175241333503,1.648127655757473,1.648127655757473,1.6481175241333503,0.3031791857386824,0.3031752719620012,0.3031752719620012,0.3031791857386824,0.2243493240042494,0.2243537408373341,0.2243537408373341,0.2243493240042494,4.665179648947209
300.0,30.399,81.012,4.328,2.725,2519.659,1.9090882938568332,1.9090872085159976,1.9090872085159976,1.9090882938568332,1.6370978450128633,1.637092797468623,1.637092797468623,1.6370978450128633,0.300822168811721,0.3008194533145633,0.3008194533145633,0.300822168811721,0.2240921446358159,0.2240945215959146,0.2240945215959146,0.2240921446358159,2.2375838523008738
300.0,30.436,23.142,3.261,4.702,2354.269,1.9113395479125432,1.9113394078034325,1.9113394078034325,1.9113395479125432,1.6389400014125892,1.6389418060105492,1.6389418060105492,1.6389400014125892,0.2990881193171424,0.2990797906098234,0.2990797906098234,0.2990881193171424,0.2241452135523759,0.2241528100459207,0.2241528100459207,0.2241452135523759,2.3902681860962214
300.0,30.641,62.095,5.871,6.068,2720.853,1.9095719892834448,1.909576845324968,1.909576845324968,1.9095719892834448,1.636748158102595,1.6367639246777188,1.6367639246777188,1.636748158102595,0.2999686220815491,0.2999617087480388,0.2999617087480388,0.2999686220815491,0.2240867048351088,0.224092136074855,0.224092136074855,0.2240867048351088,2.070848817722217
300.0,31.096,94.707,6.133,3.809,1604.557,1.9095390505556915,1.9095381426001796,1.9095381426002247,1.9095390505556915,1.6417849169349858,1.6417801739380076,1.6417801620416532,1.6417849169349858,0.3038237790721626,0.3038227290679109,0.3038227290679109,0.3038237790721626,0.2241900969564111,0.2241910017439542,0.2241910017439542,0.2241900969564111,3.5152662384579414
300.0,31.714,16.026,5.944,2.962,447.932,1.9203312585541712,1.9203439892545453,1.9203439892545453,1.9203312585541712,1.6803064651390305,1.6803521113259112,1.6803521113259112,1.6803064651390305,0.3172469364725757,0.3172082998407688,0.3172082998407688,0.3172469364725757,0.2250570488276096,0.2250866242985619,0.2250866242985619,0.2250570488276096,12.559829838239036
300.0,32.029,41.359,3.189,2.511,1276.843,1.912056504449716,1.9120577677330184,1.9120577677330184,1.912056504449716,1.6462954217668673,1.6462983930361652,1.6462983930361652,1.6462954217668673,0.3039115140449167,0.3039044667397583,0.3039044667397583,0.3039115140449167,0.2242956483401293,0.2243013094147508,0.2243013094147508,0.2242956483401293,4.409820400519768
300.0,32.128,76.622,5.572,5.108,4012.869,1.908077194086252,1.9080761043243,1.9080761043243,1.908077194086252,1.6333180989770346,1.6333131704809027,1.6333131704809027,1.6333180989770346,0.2999091007266914,0.2999070992879835,0.2999070992879835,0.2999091007266914,0.2240009248004301,0.2240026091370157,0.2240026091370157,0.2240009248004301,1.4047652894549287
300.0,32.254,13.666,3.311,5.735,4489.79,1.9102241540328129,1.9102256178891663,1.9102256178891663,1.9102241540328129,1.6340083686595497,1.634013758098616,1.634013758098616,1.6340083686595497,0.2975062284931289,0.2974775759540917,0.2974775759540917,0.2975062284931289,0.2240218022069921,0.2240444084550296,0.2240444084550296,0.2240218022069921,1.2529741096561915
300.0,32.439,69.492,3.25,2.957,4716.027,1.908076404212229,1.908073575319062,1.908073575319062,1.908076404212229,1.632532445593362,1.6325227877019357,1.6325227877019357,1.632532445593362,0.2994148356418164,0.2994175226973496,0.2994175226973496,0.2994148356418164,0.2239849495401796,0.2239836113266971,0.2239836113266971,0.2239849495401796,1.1950376902226785
300.0,32.642,82.411,5.992,6.012,805.204,1.9126875511006312,1.9126837929134275,1.9126837929134275,1.9126875511006312,1.6558102239401036,1.6557988043002012,1.6557988043002012,1.6558102239401036,0.3101461192539858,0.3101469538922674,0.3101469538922674,0.3101461192539858,0.2244997344248362,0.224499812270957,0.224499812270957,0.2244997344248362,7.00214854808847
300.0,32.711,51.768,5.71,2.689,1506.279,1.910907124285472,1.9109051186347117,1.9109051186347117,1.910907124285472,1.6431441199109162,1.6431396278928982,1.6431396278928982,1.6431441199109162,0.3033724078478181,0.303372560668135,0.303372560668135,0.3033724078478181,0.2242222171080861,0.2242230543262538,0.2242230543262538,0.2242222171080861,3.7393846601234912
300.0,32.74,43.391,5.64,6.082,829.78,1.9139020783123624,1.9139073599915049,1.9139073599915049,1.9139020783123624,1.6557202695902495,1.6557366131830562,1.6557366131830562,1.6557202695902495,0.3084492198450858,0.3084397182737731,0.3084397182737731,0.3084492198450858,0.2245019455142391,0.2245094290925972,0.2245094290925972,0.2245019455142391,6.78613551672011
300.0,32.93,50.765,5.838,4.575,692.872,1.914775126142776,1.9147779504050744,1.9147779504050744,1.914775126142776,1.6610043718601093,1.661012568563376,1.661012568563376,1.6610043718601093,0.3111435541147396,0.3111376597540525,0.3111376597540525,0.3111435541147396,0.2246196398021246,0.2246244152665038,0.2246244152665038,0.2246196398021246,8.128980074688974
300.0,33.295,15.974,6.034,4.333,2451.28,1.9108042379836176,1.9107954571963468,1.9107954571963468,1.9108042379836176,1.6379008992504358,1.637868728317034,1.637868728317034,1.6379008992504358,0.2998274203974378,0.299817703504073,0.299817703504073,0.2998274203974378,0.2241077250560886,0.2241160545970586,0.2241160545970586,0.2241077250560886,2.295129838325915
300.0,33.643,95.409,2.716,3.429,1658.53,1.9087676889434573,1.9087706800324775,1.9087706800324775,1.9087676889434573,1.6405740219434524,1.6405845836145367,1.6405845836145367,1.6405740219434524,0.3046884090732571,0.3046847606369417,0.3046847606369417,0.3046884090732571,0.2241494806721117,0.2241526320295924,0.2241526320295924,0.2241494806721117,3.400939385833047
300.0,33.673,13.151,4.365,6.246,424.308,1.9205701786419376,1.9205620224809232,1.9205620224809232,1.9205701786419376,1.6827207701699238,1.6826937349573892,1.6826937349573892,1.6827207701699238,0.3191756315294693,0.3191616401545354,0.3191616401545354,0.3191756315294693,0.2251118926712467,0.2251240312930304,0.2251240312930304,0.2251118926712467,13.257827691663712
300.0,33.7,64.125,6.413,5.353,3208.037,1.908446964801239,1.90845180629332,1.90845180629332,1.908446964801239,1.6345447710675642,1.6345592785432046,1.6345592785432046,1.6345447710675642,0.3007289189380901,0.3007205787300909,0.3007205787300909,0.3007289189380901,0.2240207846388932,0.2240270139824859,0.2240270139824859,0.2240207846388932,1.7564743294811522
300.0,33.724,75.182,3.064,4.989,4001.085,1.907730247071468,1.9077315591986217,1.9077315591986217,1.907730247071468,1.6329051524321103,1.6329081796542524,1.6329081796542524,1.6329051524321103,0.3005120664908893,0.3005116866745142,0.3005116866745142,0.3005120664908893,0.2239843910964112,0.2239847807621824,0.2239847807621824,0.2239843910964112,1.4088340901508527
300.0,33.873,38.483,5.59,3.817,3542.122,1.9092010294407271,1.9091996259431416,1.9091996259431416,1.9092010294407271,1.6343712517752056,1.6343651559595278,1.6343651559595278,1.6343712517752056,0.2996042480884568,0.299602666252919,0.299602666252919,0.2996042480884568,0.2240243581490924,0.2240262847950656,0.2240262847950656,0.2240243581490924,1.5894802684410938
300.0,33.893,82.321,5.806,5.117,1349.066,1.9098745808241528,1.9098742779368023,1.909874277936756,1.9098745808241528,1.643946042016342,1.6439436315886269,1.6439436375126653,1.643946042016342,0.3056988348933789,0.3056946886593662,0.3056946886593662,0.3056988348933789,0.2242261380484144,0.2242294747224019,0.2242294747224019,0.2242261380484144,4.1793010628397615
300.0,34.322,73.568,3.639,5.562,978.52,1.9114877788182212,1.9114846287800429,1.9114846287800764,1.9114877788182212,1.6504499299139317,1.650438728945107,1.6504387230368214,1.6504499299139317,0.3083450004000332,0.3083435821838256,0.3083435821838256,0.3083450004000332,0.2243724338409942,0.2243739191324248,0.2243739191324248,0.2243724338409942,5.7602609117921695
300.0,34.365,47.246,6.224,4.605,4855.441,1.9083729900886277,1.908374372298872,1.908374372298872,1.9083729900886277,1.6322975177277097,1.6323052778634806,1.6323052778634806,1.6322975177277097,0.2993583024536586,0.2993525458161774,0.2993525458161774,0.2993583024536586,0.2239720817631256,0.2239773719997775,0.2239773719997775,0.2239720817631256,1.159882151121896
300.0,34.426,47.13,4.892,4.188,1084.581,1.911929616046418,1.9119294714550827,1.9119294714550827,1.911929616046418,1.648663961640454,1.6486635500527609,1.6486635500527609,1.648663961640454,0.3064672390632879,0.3064601895816847,0.3064601895816847,0.3064672390632879,0.2243352550150144,0.2243411261225246,0.2243411261225246,0.2243352550150144,5.192501639577773
300.0,34.674,93.276,2.881,3.243,1254.956,1.9095536215309652,1.9095543889016584,1.9095543889016584,1.909553621531072,1.6447748059855254,1.644775331347916,1.644775331347916,1.6447748000755635,0.3069552623457163,0.3069525870354283,0.3069525870354283,0.3069552623457163,0.2242392497016354,0.2242411969296006,0.2242411969296006,0.2242392497016354,4.4943047767764375
300.0,35.273,79.354,6.314,3.55,2979.863,1.907611745410764,1.9076124409684907,1.9076124409684907,1.907611745410764,1.634334091934364,1.63433688203169,1.63433688203169,1.634334091934364,0.3021377802616308,0.3021363881700214,0.3021363881700214,0.3021377802616308,0.2240067279421709,0.2240080958922301,0.2240080958922301,0.2240067279421709,1.891904906206333
300.0,35.375,32.755,4.474,3.226,4240.948,1.9087999617934064,1.9087973228251087,1.9087973228251087,1.9087999617934064,1.6330029515837736,1.632990980900735,1.632990980900735,1.6330029515837736,0.299551454869749,0.2995506547274706,0.2995506547274706,0.299551454869749,0.2239879973189554,0.2239889778216994,0.2239889778216994,0.2239879973189554,1.3273157057534697
300.0,35.932,96.855,3.904,4.722,4513.722,1.9062378238148208,1.9062373296845032,1.9062373296845032,1.9062378238148208,1.6311917873171975,1.6311903401520205,1.6311903401520205,1.6311917873171975,0.3018934437476978,0.3018921905336388,0.3018921905336388,0.3018934437476978,0.223929553150753,0.223930773171263,0.223930773171263,0.223929553150753,1.249706749275026
300.0,35.95,47.045,2.997,4.374,356.919,1.9209792573258797,1.9209781822960967,1.9209781822960967,1.9209792573258797,1.6917698054310568,1.6917639086043934,1.6917639086043934,1.6917698054310568,0.325743139013821,0.3257394806067501,0.3257394806067501,0.325743139013821,0.2253110528287698,0.2253142063623897,0.2253142063623897,0.2253110528287698,15.778326494670388
300.0,36.212,17.163,5.479,3.101,1467.81,1.911374233276796,1.9113744369116377,1.9113744369116377,1.911374233276796,1.6432484557376548,1.6432487730509413,1.6432487730509413,1.6432484557376548,0.3037600672928115,0.3037469243009695,0.3037469243009695,0.3037600672928115,0.2242101142580302,0.2242211679202949,0.2242211679202949,0.2242101142580302,3.833052990141117
300.0,36.512,88.903,5.287,5.93,2873.415,1.907011375955414,1.9070119485638328,1.9070119485638328,1.907011375955414,1.634076486214299,1.6340789029328908,1.6340789029328908,1.634076486214299,0.303102761863805,0.3031014592149169,0.3031014592149169,0.303102761863805,0.2239925671912881,0.2239939558990959,0.2239939558990959,0.2239925671912881,1.9625984336184896
300.0,36.649,46.988,4.541,3.23,537.01,1.9160649667565772,1.9160616921643987,1.9160616921643987,1.9160649667565772,1.669706572540564,1.669699217268843,1.669699217268843,1.669706572540564,0.3166971386634565,0.3166979255462786,0.3166979255462786,0.3166971386634565,0.2248029403103984,0.2248037370982685,0.2248037370982685,0.2248029403103984,10.48697296297188
300.0,36.864,48.858,4.279,4.073,3601.459,1.9080399389549163,1.9080371279117805,1.9080371279117805,1.9080399389549163,1.633197914249306,1.6331891709793505,1.6331891709793505,1.633197914249306,0.3011375796931075,0.3011354772226213,0.3011354772226213,0.3011375796931075,0.2239799177014942,0.2239823318351676,0.2239823318351676,0.2239799177014942,1.5638150831591937
300.0,36.949,64.732,3.193,6.215,4556.633,1.907144060287844,1.9071451714245793,1.9071451714245793,1.907144060287844,1.6315114335971188,1.6315148263080053,1.6315148263080053,1.6315114335971188,0.3011558319055039,0.3011515220866103,0.3011515220866103,0.3011558319055039,0.2239379993855558,0.2239414842044677,0.2239414842044677,0.2239379993855558,1.236643432025568
300.0,37.253,33.358,6.085,3.385,2059.877,1.9095401068764168,1.9095426841630156,1.9095426841630156,1.9095401068764168,1.6381397662828987,1.6381492159082938,1.6381492159082938,1.6381397662828987,0.3028106725925345,0.3028060751730192,0.3028060751730192,0.3028106725925345,0.2240906811570645,0.2240950751347267,0.2240950751347267,0.2240906811570645,2.7327686730375564
300.0,37.344,88.804,3.204,4.087,1897.977,1.907695268727856,1.907692995484406,1.907692995484406,1.907695268727856,1.637933375634544,1.6379279766091184,1.6379279766091184,1.637933375634544,0.3052128552829009,0.3052132211292005,0.3052132211292005,0.3052128552829009,0.2240749925230822,0.2240755510925446,0.2240755510925446,0.2240749925230822,2.971232317179581
300.0,37.471,96.34,3.012,6.429,752.149,1.911391555311656,1.9113922761890505,1.9113922761890505,1.9113915553116003,1.6561824704511128,1.6561838192503624,1.6561838192503624,1.6561824645969578,0.31350315138103,0.3135000024951593,0.3135000024951593,0.31350315138103,0.2244832027029636,0.2244858258175928,0.2244858258175928,0.2244832027029636,7.499415807007465
300.0,37.485,83.634,6.09,5.744,3842.179,1.9065222114733045,1.9065181888561664,1.9065181888561664,1.9065222114733045,1.631913844774174,1.631899309225732,1.631899309225732,1.631913844774174,0.3024414538143716,0.3024443764537986,0.3024443764537986,0.3024414538143716,0.2239422667406904,0.2239405369402574,0.2239405369402574,0.2239422667406904,1.4674986194070778
300.0,38.771,96.841,5.452,4.422,3885.996,1.905692766525798,1.9056907684689377,1.9056907684689377,1.905692766525798,1.631202065041486,1.6311933475209277,1.6311933475209277,1.631202065041486,0.3034070003957538,0.3034061309336496,0.3034061309336496,0.3034070003957538,0.2239164810569031,0.2239172196003267,0.2239172196003267,0.2239164810569031,1.4515735398846823
300.0,38.889,38.903,4.87,2.61,1606.308,1.909605230411613,1.9096049854286128,1.9096049854286128,1.909605230411613,1.6407009569173538,1.6406996923538075,1.6406996923538075,1.6407009569173538,0.3050308323219517,0.3050295782966371,0.3050295782966371,0.3050308323219517,0.2241396203395609,0.2241412470272387,0.2241412470272387,0.2241396203395609,3.505035195428887
300.0,38.99,79.36,5.388,4.799,4884.472,1.9060172504665496,1.9060145773865969,1.9060145773865969,1.9060172504665496,1.630303236738984,1.6302941863200742,1.6302941863200742,1.630303236738984,0.3023565829358894,0.3023539792971189,0.3023539792971189,0.3023565829358894,0.2238980228323045,0.2239005385588906,0.2239005385588906,0.2238980228323045,1.1541884773542703
300.0,39.01,80.63,5.949,5.567,2020.965,1.9074101713466385,1.907406977356606,1.907406977356606,1.9074101713466385,1.6368981082886769,1.6368854786690452,1.6368854786690452,1.6368981082886769,0.305287109595699,0.3052886504794573,0.3052886504794573,0.305287109595699,0.2240465594893395,0.2240457546635509,0.2240457546635509,0.2240465594893395,2.789668109989789
300.0,39.135,79.78,6.206,3.319,3917.858,1.9062144325289747,1.9062146608851636,1.9062146608851636,1.9062144325289747,1.6313998175373363,1.6314007541210664,1.6314007541210664,1.6313998175373363,0.3029332421305731,0.3029287627666557,0.3029287627666557,0.3029332421305731,0.2239211937799092,0.2239249415328615,0.2239249415328615,0.2239211937799092,1.438969340058717
300.0,39.194,43.231,3.883,5.847,319.472,1.921936463310833,1.9219360730775112,1.9219360730775112,1.921936463310833,1.6986201830370276,1.6986239898823867,1.6986239898823867,1.6986201830370276,0.3302417449749652,0.330238391437705,0.330238391437705,0.3302417449749652,0.2254592823734317,0.2254631631996412,0.2254631631996412,0.2254592823734317,17.625464271765548
300.0,39.379,88.435,4.485,2.928,2759.71,1.906370543203228,1.9063643716058487,1.9063643716058487,1.906370543203148,1.633605463527848,1.6335857166589582,1.6335857166589582,1.6336054576251362,0.3043997159234432,0.3044015970455796,0.3044015970455796,0.3043997159234432,0.2239694432675007,0.2239688112444502,0.2239688112444502,0.2239694432675007,2.0434247714231826
300.0,39.909,30.823,4.368,4.779,4322.689,1.90769319376821,1.9076974113998209,1.9076974113998209,1.90769319376821,1.6316401101412186,1.63165348674823,1.63165348674823,1.6316401101412186,0.3012856277362331,0.3012757224412577,0.3012757224412577,0.3012856277362331,0.2239314073994512,0.2239394880649081,0.2239394880649081,0.2239314073994512,1.302128616540433
300.0,39.919,45.062,4.733,3.297,1113.743,1.9104892173561772,1.9104892420319328,1.9104892420319328,1.9104892173561772,1.6465950858142298,1.6465924249330983,1.6465924249330983,1.6465950858142298,0.3084037768212067,0.308402424797709,0.308402424797709,0.3084037768212067,0.224265684595216,0.2242671155341849,0.2242671155341849,0.224265684595216,5.056173382884187
300.0,39.954,33.27,5.744,4.553,1812.464,1.9091868984136449,1.9091875462276815,1.9091875462276815,1.9091868984136449,1.6388916646900773,1.638894530152186,1.638894530152186,1.6388916646900773,0.3045657244421315,0.3045628722214621,0.3045628722214621,0.3045657244421315,0.2240946197935455,0.2240977089350878,0.2240977089350878,0.2240946197935455,3.1057889047377683
300.0,40.297,27.208,6.484,4.662,978.476,1.911666070131852,1.911660444420664,1.911660444420664,1.911666070131852,1.6496985736522396,1.6496809778869557,1.6496809778869557,1.6496985736522396,0.3091582839332098,0.3091610748476928,0.3091610748476928,0.3091582839332098,0.2243380277383192,0.2243375213626198,0.2243375213626198,0.2243380277383192,5.751798794531659
300.0,40.698,92.351,3.39,3.074,512.944,1.9138108267987504,1.9138101756654569,1.9138101756654569,1.9138108267987504,1.669694605558848,1.6696923838301767,1.6696923838301767,1.669694605558848,0.3208713993646603,0.3208718400061787,0.3208718400061787,0.3208713993646603,0.224781365438405,0.2247816356087521,0.2247816356087521,0.224781365438405,10.995145909016555
300.0,41.261,99.508,3.173,3.295,4012.467,1.9049152550128892,1.9049129222547565,1.9049129222547565,1.9049152550128892,1.6302507532177692,1.6302412786657987,1.6302412786657987,1.6302507532177692,0.3044411230212028,0.3044404042831583,0.3044404042831583,0.3044411230212028,0.2238833916804075,0.2238841480409687,0.2238841480409687,0.2238833916804075,1.4059388946054316
300.0,41.414,40.795,3.443,4.257,1675.212,1.9087643105076448,1.90876257318402,1.90876257318402,1.9087643105076448,1.6393613962704323,1.6393569254308529,1.6393569254308529,1.6393613962704323,0.3058765592551406,0.3058773780608911,0.3058773780608911,0.3058765592551406,0.2240977454721101,0.2240980974123573,0.2240980974123573,0.2240977454721101,3.361067766781716
300.0,41.437,73.512,5.573,4.969,4887.508,1.9056013196807224,1.9056031591836888,1.9056031591836888,1.9056013196807224,1.6297130693583122,1.629720838510285,1.629720838510285,1.6297130693583122,0.3031491494286493,0.3031456796448411,0.3031456796448411,0.3031491494286493,0.2238743352288047,0.2238775486020161,0.2238775486020161,0.2238743352288047,1.1532492807265309
300.0,41.499,32.533,6.176,2.525,4336.657,1.9072239857312112,1.9072223365072587,1.9072223365072587,1.9072239857312112,1.6311484805273513,1.6311426599757093,1.6311426599757093,1.6311484805273513,0.301982249848706,0.3019802477438722,0.3019802477438722,0.301982249848706,0.223914681519289,0.2239170189293491,0.2239170189293491,0.223914681519289,1.2980046699345953
300.0,41.532,50.838,3.322,5.278,3027.581,1.907037251761484,1.9070368254162315,1.9070368254162315,1.907037251761484,1.6330316673730336,1.6330266204346964,1.6330266204346964,1.6330316673730336,0.3036324362657838,0.3036318424755782,0.3036318424755782,0.3036324362657838,0.2239537884501411,0.2239544306776909,0.2239544306776909,0.2239537884501411,1.860347477294028
300.0,41.987,90.393,5.485,3.876,4245.217,1.9049959658524684,1.9049918044823624,1.9049918044823624,1.9049959658524684,1.6299228110665949,1.6299085759225935,1.6299085759225935,1.6299228110665949,0.3042786024506458,0.3042799424530721,0.3042799424530721,0.3042786024506458,0.2238750873732496,0.2238745166401184,0.2238745166401184,0.2238750873732496,1.3284614294875423
300.0,42.066,51.926,5.366,4.898,966.286,1.910368265813535,1.9103683697481493,1.9103683697481493,1.910368265813535,1.6489848998245975,1.648985262793284,1.648985262793284,1.6489848998245975,0.3108958791210564,0.3108924325441304,0.3108924325441304,0.3108958791210564,0.2243080319591351,0.2243112978523506,0.2243112978523506,0.2243080319591351,5.829038857826414
300.0,42.127,13.427,3.208,5.537,591.628,1.9150243309111248,1.9150382896985323,1.9150382896985323,1.9150243309111248,1.6648306388234602,1.6648672639013518,1.6648672639013518,1.6648306388234602,0.3160855901037345,0.3160550648037821,0.3160550648037821,0.3160855901037345,0.2246648106679523,0.2246877178172759,0.2246877178172759,0.2246648106679523,9.508403743192092
300.0,42.142,48.719,5.602,3.68,3891.195,1.9065910023490555,1.9065947130397685,1.9065947130397685,1.9065910023490555,1.6312205657797365,1.631232243942205,1.631232243942205,1.6312205657797365,0.3030825400318376,0.3030749879926991,0.3030749879926991,0.3030825400318376,0.2239083314130471,0.2239145318195299,0.2239145318195299,0.2239083314130471,1.447360804253962
300.0,42.333,82.193,6.338,3.112,1503.113,1.9073476744055708,1.9073450489725248,1.9073450489725248,1.9073476744055475,1.6398173155419558,1.6398071481013812,1.6398071481013812,1.6398173155418667,0.308404280101541,0.3084040629246963,0.3084040629246963,0.308404280101541,0.2240966058231135,0.2240971118930919,0.2240971118930919,0.2240966058231135,3.7509368663941514
300.0,42.347,64.97,2.896,5.443,2035.381,1.9071109101762045,1.9071072571195489,1.9071072571195489,1.9071109101762045,1.6361878911759584,1.6361732248768015,1.6361732248768015,1.6361878911759584,0.3060668271233433,0.3060677372681621,0.3060677372681621,0.3060668271233433,0.2240182837856926,0.2240178894844191,0.2240178894844191,0.2240182837856926,2.768488706820066
300.0,42.452,84.745,3.943,3.989,4994.949,1.904904765687796,1.9049066405502193,1.9049066405502193,1.9049047656877105,1.6290899673111887,1.6290972850332088,1.6290972850332088,1.6290899732003226,0.3039198885079365,0.3039157182696225,0.3039157182696225,0.3039198885079365,0.2238535024851501,0.2238572018795386,0.2238572018795386,0.2238535024851501,1.128854600138164
300.0,42.522,23.206,4.475,4.94,1472.768,1.9095334426796096,1.90953073291766,1.90953073291766,1.9095334426797124,1.64128073651495,1.6412788096383826,1.6412788096383826,1.641280736514758,0.3065278984523126,0.306521947484545,0.306521947484545,0.3065278984523126,0.2241359915283787,0.2241425973532941,0.2241425973532941,0.2241359915283787,3.8208773336717266
300.0,42.807,82.112,5.699,4.494,3368.13,1.9053940170385744,1.9053906499296809,1.9053906499296809,1.9053940170385744,1.6312596861503297,1.6312478587969887,1.6312478587969887,1.6312596861503297,0.3049316631674128,0.3049313732634761,0.3049313732634761,0.3049316631674128,0.2239022498094614,0.2239030942847823,0.2239030942847823,0.2239022498094614,1.6739499102926187
300.0,42.914,13.192,2.618,5.812,376.259,1.919681439307524,1.9196841452101263,1.9196841452101263,1.9196814393074335,1.6870832814158854,1.687091507723986,1.687091507723986,1.687083281416235,0.3260411335208766,0.3260094152044216,0.3260094152044216,0.3260411335208766,0.2251715094445157,0.2251965447164747,0.2251965447164747,0.2251715094445157,14.950715939721643
300.0,43.021,26.36,5.781,6.348,869.823,1.911632225487755,1.9116316803465745,1.9116316803465745,1.911632225487755,1.6518654059253977,1.6518677779375428,1.6518677779375428,1.6518654059253977,0.3115225980109501,0.3115212886882623,0.3115212886882623,0.3115225980109501,0.224373563482422,0.2243762994700063,0.2243762994700063,0.224373563482422,6.470079704543075
300.0,43.581,86.709,3.331,2.983,1510.875,1.9068429989921036,1.906840623186836,1.906840623186836,1.9068429989921036,1.6392908414584983,1.639281263089984,1.639281263089984,1.6392908414584983,0.30904485610431,0.3090460797787247,0.3090460797787247,0.30904485610431,0.2240793824225402,0.2240787349266459,0.2240787349266459,0.2240793824225402,3.732210784411051
300.0,43.783,15.904,3.763,4.254,3962.988,1.9073548092172563,1.9073541898372333,1.9073541898372333,1.9073548092172563,1.6313371909305312,1.631329982528511,1.631329982528511,1.6313371909305312,0.3025500918538929,0.3025349113917067,0.3025349113917067,0.3025500918538929,0.2239070563124906,0.2239192577261998,0.2239192577261998,0.2239070563124906,1.419620398699254
300.0,43.916,88.96,4.235,2.865,2798.51,1.905154976349875,1.9051543145084489,1.9051543145084489,1.905154976349875,1.6321790272100674,1.632176221502381,1.632176221502381,1.6321790272100674,0.3062332029945845,0.3062322392161285,0.3062322392161285,0.3062332029945845,0.2239170092216353,0.2239181181357229,0.2239181181357229,0.2239170092216353,2.015118325059365
300.0,43.982,81.382,4.557,5.066,2512.332,1.9056197046538104,1.9056195376731673,1.9056195376731673,1.9056197046538104,1.633246367784566,1.6332427060745962,1.6332427060745962,1.633246367784566,0.3063959240311457,0.3063933961521841,0.3063933961521841,0.3063959240311457,0.2239413959954777,0.2239433191571094,0.2239433191571094,0.2239413959954777,2.244105098173649
300.0,44.08,12.987,4.947,5.053,1701.198,1.909050862221956,1.9090546044709031,1.9090546044709031,1.909050862221956,1.6389573202644256,1.6389654505889524,1.6389654505889524,1.6389573202644256,0.3059140978193274,0.3058770212468005,0.3058770212468005,0.3059140978193274,0.2240685340834979,0.224096820487103,0.224096820487103,0.2240685340834979,3.3067237974273405
300.0,44.255,30.066,4.774,3.114,2856.304,1.907195606537024,1.9071987029110755,1.9071987029110755,1.907195606537024,1.633125065314585,1.6331376926903465,1.6331376926903465,1.633125065314585,0.3042125782648867,0.3042054002558115,0.3042054002558115,0.3042125782648867,0.2239445763931326,0.2239510823302526,0.2239510823302526,0.2239445763931326,1.970563297758261
300.0,44.268,80.915,3.771,6.139,1649.565,1.9065997827609544,1.9065986504892385,1.9065986504892385,1.9065997827609544,1.6379358025079145,1.6379318243624756,1.6379318243624756,1.6379358025079145,0.3085695016927524,0.3085687801784005,0.3085687801784005,0.3085695016927524,0.22404604985882,0.2240472027668168,0.2240472027668168,0.22404604985882,3.417773545869101
300.0,44.361,84.967,3.569,2.701,3759.047,1.904731944537896,1.904732602201696,1.904732602201696,1.90473194453786,1.6300473636535622,1.6300485028692304,1.6300485028692304,1.630047357782519,0.3053655375396018,0.3053629177843738,0.3053629177843738,0.3053655375396018,0.223867400059459,0.2238694213082855,0.2238694213082855,0.223867400059459,1.500007005301093
300.0,44.376,22.498,4.992,4.054,1458.39,1.9091167756248817,1.909111084492619,1.909111084492619,1.9091167756248817,1.6409328068854474,1.6409073628834705,1.6409073628834705,1.6409328068854474,0.3073322979236234,0.3073227977116446,0.3073227977116446,0.3073322979236234,0.2241196950474196,0.2241271721628578,0.2241271721628578,0.2241196950474196,3.858450850319574
300.0,44.681,86.794,4.632,3.067,826.875,1.909284652900788,1.9092859737612125,1.9092859737612125,1.909284652900788,1.651550914050929,1.6515543068262135,1.6515543068262135,1.651550914050929,0.3149609497924643,0.3149587249911966,0.3149587249911966,0.3149609497924643,0.224351869507651,0.2243537343475628,0.2243537343475628,0.224351869507651,6.819519620533722
300.0,44.729,85.69,3.466,6.482,1649.428,1.9063053267631689,1.90630383960732,1.90630383960732,1.9063053267631689,1.637708971718564,1.6377045883989747,1.6377045883989747,1.637708971718564,0.3089306842456361,0.3089300233611689,0.3089300233611689,0.3089306842456361,0.2240384329861322,0.2240394893116159,0.2240394893116159,0.2240384329861322,3.418586363015823
300.0,45.1,31.943,5.794,5.228,4249.831,1.906340869410244,1.9063381167156728,1.9063381167156728,1.906340869410244,1.630240471023011,1.6302287009542376,1.6302287009542376,1.630240471023011,0.3034797548229848,0.3034793545367658,0.3034793545367658,0.3034797548229848,0.2238785792530978,0.2238793922627546,0.2238793922627546,0.2238785792530978,1.3244931229005554
300.0,45.102,68.741,5.479,6.272,2137.792,1.9061405332271173,1.9061415436287,1.9061415436287,1.9061405332271173,1.6347758128252208,1.634780710532212,1.634780710532212,1.6347758128252208,0.3071024938605688,0.3070994706948908,0.3070994706948908,0.3071024938605688,0.2239726395806849,0.2239756410321838,0.2239756410321838,0.2239726395806849,2.636182183489575
300.0,45.143,10.838,5.12,3.696,2930.237,1.9076319582791752,1.9076314979734057,1.9076314979734057,1.9076319582791752,1.6330721175909788,1.6330728469453983,1.6330728469453983,1.6330721175909788,0.3038232712443353,0.303784077290834,0.303784077290834,0.3038232712443353,0.2239307696692012,0.223961666970744,0.223961666970744,0.2239307696692012,1.9196399394603256
300.0,45.365,29.955,5.988,4.956,4125.379,1.9063775726029235,1.9063812274373968,1.9063812274373968,1.9063775726029235,1.6303554972070418,1.6303668697521667,1.6303668697521667,1.6303554972070418,0.3035942288823789,0.3035820069027361,0.3035820069027361,0.3035942288823789,0.2238759677694374,0.2238857109258529,0.2238857109258529,0.2238759677694374,1.36436115528571
300.0,45.463,39.207,3.293,5.459,4672.583,1.9058709858214569,1.9058725615385588,1.9058725615385588,1.9058709858214569,1.629490422685535,1.6294967875722868,1.6294967875722868,1.629490422685535,0.3036754070068806,0.3036728648458267,0.3036728648458267,0.3036754070068806,0.2238579694747006,0.2238608604636618,0.2238608604636618,0.2238579694747006,1.2049444509785994
300.0,45.486,40.12,5.888,5.613,4085.023,1.9059850557052416,1.9059858285636393,1.9059858285636393,1.9059850557052416,1.6301693006275229,1.6301704574561908,1.6301704574561908,1.6301693006275229,0.3040261143400883,0.3040181945639421,0.3040181945639421,0.3040261143400883,0.2238710521713622,0.2238774523269003,0.2238774523269003,0.2238710521713622,1.3782945586927742
300.0,45.498,19.458,4.45,3.833,4698.586,1.906583438000031,1.9065839792902413,1.9065839792902413,1.906583438000031,1.6298644886369849,1.6298695049373797,1.6298695049373797,1.6298644886369849,0.3029792746839301,0.3029758273962174,0.3029758273962174,0.3029792746839301,0.2238691227910538,0.223873467213813,0.223873467213813,0.2238691227910538,1.1975051230885594
300.0,45.604,53.671,2.545,5.968,3305.644,1.905740895998292,1.905745814179812,1.905745814179812,1.905740895998292,1.631168130483703,1.6311794973784424,1.6311794973784424,1.631168130483703,0.3051286550449004,0.3051230216151225,0.3051230216151225,0.3051286550449004,0.22389176151021,0.2238958534807107,0.2238958534807107,0.22389176151021,1.704009537690058
300.0,45.765,21.287,3.182,3.741,2367.03,1.9074867264294573,1.9074926027290275,1.9074926027290275,1.9074867264294573,1.6345224572889052,1.6345413060804133,1.6345413060804133,1.6345224572889052,0.3052432810820263,0.3052303428675214,0.3052303428675214,0.3052432810820263,0.2239688720026902,0.2239793586148742,0.2239793586148742,0.2239688720026902,2.37720086086652
300.0,46.222,11.866,3.912,4.709,3878.019,1.9068990002565416,1.9069004743577145,1.9069004743577145,1.9068990002565416,1.6308393399755807,1.6308457959153628,1.6308457959153628,1.6308393399755807,0.3034731795531642,0.3034320266057301,0.3034320266057301,0.3034731795531642,0.2238754343517709,0.2239073977660567,0.2239073977660567,0.2238754343517709,1.4505303621142922
300.0,46.261,34.134,2.899,2.534,2043.76,1.9072223571795088,1.9072176619932717,1.9072176619932717,1.9072223571795088,1.6356579580248292,1.635643758577636,1.635643758577636,1.6356579580248292,0.3065625048752379,0.3065618084891679,0.3065618084891679,0.3065625048752379,0.2239938220182524,0.2239956701475629,0.2239956701475629,0.2239938220182524,2.754361154698363
300.0,47.202,34.399,5.325,4.43,2895.29,1.9062488583038268,1.9062528579137987,1.9062528579137987,1.9062488583038268,1.6320879841900793,1.6320995798980125,1.6320995798980125,1.6320879841900793,0.3055312229859943,0.305519715325316,0.305519715325316,0.3055312229859943,0.2239062620614383,0.2239152778072127,0.2239152778072127,0.2239062620614383,1.9442969614628447
300.0,47.234,45.975,5.345,2.676,1434.255,1.9075675051823808,1.9075663688658333,1.9075663688658333,1.9075675051823808,1.6398909164188586,1.6398853577508343,1.6398853577508343,1.6398909164188586,0.3094575096575226,0.3094552315857512,0.3094552315857512,0.3094575096575226,0.2240832052382906,0.2240852533133939,0.2240852533133939,0.2240832052382906,3.9263657731927695
300.0,47.279,77.216,2.85,3.637,4385.254,1.904069814571508,1.9040732417140835,1.9040732417140835,1.904069814571508,1.6285085133658566,1.628517381207881,1.628517381207881,1.6285085133658566,0.3059142831207881,0.3059077469278002,0.3059077469278002,0.3059142831207881,0.2238204799060923,0.2238253022994812,0.2238253022994812,0.2238204799060923,1.2854814634281952
300.0,47.315,61.219,3.632,4.186,3488.271,1.9049403162060512,1.9049432801615307,1.9049432801615307,1.9049403162060512,1.6301638264118803,1.630174267863561,1.630174267863561,1.6301638264118803,0.3059427884522619,0.3059396888699707,0.3059396888699707,0.3059427884522619,0.2238610336856167,0.2238641287667689,0.2238641287667689,0.2238610336856167,1.615191234972171
300.0,47.324,70.0,6.437,6.401,4039.301,1.9044226174189145,1.904421731248256,1.904421731248256,1.9044226174189145,1.6290943348486888,1.6290923864338456,1.6290923864338456,1.6290943348486888,0.3058680298783353,0.3058667744888817,0.3058667744888817,0.3058680298783353,0.22383611503515,0.2238376546552847,0.2238376546552847,0.22383611503515,1.3952496469474776
300.0,47.324,87.86,4.782,3.17,3807.612,1.9038388895619276,1.903840478734422,1.903840478734422,1.9038388895619276,1.6290660750906667,1.6290726414336056,1.6290726414336056,1.6290660750906667,0.3066557518103992,0.3066530482505164,0.3066530482505164,0.3066557518103992,0.2238323963764725,0.2238348712011402,0.2238348712011402,0.2238323963764725,1.4810096339554435
300.0,47.687,19.358,5.058,2.527,2570.849,1.9068964801001147,1.90689542743634,1.90689542743634,1.9068964801001147,1.6332591010424968,1.6332559120378882,1.6332559120378882,1.6332591010424968,0.3056277172224582,0.3056202831002412,0.3056202831002412,0.3056277172224582,0.2239339415113465,0.2239408241135691,0.2239408241135691,0.2239339415113465,2.1885938058145444
300.0,48.151,51.283,5.959,4.859,803.974,1.9098591888055871,1.9098539428309091,1.9098539428309091,1.9098591888055871,1.6520819795103006,1.6520635868462936,1.6520635868462936,1.6520819795103006,0.3154782736378858,0.3154807478121423,0.3154807478121423,0.3154782736378858,0.2243570947461096,0.2243559496085953,0.2243559496085953,0.2243570947461096,7.005643501826016
300.0,48.462,56.599,3.045,2.891,2382.172,1.9054764325052755,1.9054746294326428,1.9054746294326428,1.9054764325052755,1.6329780576711506,1.6329740944741014,1.6329740944741014,1.6329780576711506,0.3075751316809246,0.307577679124823,0.307577679124823,0.3075751316809246,0.2239221636809309,0.223921087434219,0.223921087434219,0.2239221636809309,2.3648009508587853
300.0,48.729,85.094,6.471,5.753,3517.922,1.9036823093039288,1.9036842404529264,1.9036842404529264,1.9036823093039288,1.6292185652824076,1.629224265091317,1.629224265091317,1.6292185652824076,0.307354204437037,0.3073483591065949,0.3073483591065949,0.307354204437037,0.2238294422166537,0.2238341810341787,0.2238341810341787,0.2238294422166537,1.602819736067287
300.0,48.803,89.224,2.998,6.237,3174.075,1.903665408362026,1.9036639431171156,1.9036639431171156,1.903665408362026,1.6298218747073825,1.6298175935942216,1.6298175935942216,1.6298218747073825,0.3078369172607158,0.3078376526322809,0.3078376526322809,0.3078369172607158,0.2238443955362778,0.2238444966307723,0.2238444966307723,0.2238443955362778,1.7766903887009051
300.0,49.252,56.299,5.882,4.26,2221.998,1.9054331166906229,1.9054289523778971,1.9054289523778971,1.9054331166906229,1.633454816083317,1.633443213354981,1.633443213354981,1.633454816083317,0.3081934307589646,0.3081947367971357,0.3081947367971357,0.3081934307589646,0.223929030253567,0.2239292043512402,0.2239292043512402,0.223929030253567,2.535241621870555
300.0,49.485,54.21,4.161,5.489,728.898,1.91004112579164,1.910038895164078,1.910038895164078,1.91004112579164,1.6545916301619694,1.6545854570719305,1.6545854570719305,1.6545916301619694,0.3174221779442372,0.3174204941949593,0.3174204941949593,0.3174221779442372,0.2244080617276762,0.2244102385846558,0.2244102385846558,0.2244080617276762,7.727936355292645
300.0,49.495,92.321,2.756,5.723,2975.529,1.9034756553020684,1.9034743507758871,1.9034743507758871,1.9034756553020684,1.630044980501632,1.6300382467871213,1.6300382467871213,1.630044980501632,0.3084443463629587,0.3084437838233856,0.3084437838233856,0.3084443463629587,0.223846288584876,0.2238468641783965,0.2238468641783965,0.223846288584876,1.8954321460981147
300.0,49.635,28.684,5.52,5.841,4172.898,1.905302689792568,1.9053015216547955,1.9053015216547955,1.905302689792568,1.6291088677241696,1.629104429204936,1.629104429204936,1.6291088677241696,0.3052706327123089,0.3052676045364096,0.3052676045364096,0.3052706327123089,0.2238329132781801,0.2238359652942726,0.2238359652942726,0.2238329132781801,1.34876266827832
300.0,49.93,64.094,2.858,5.176,4447.893,1.9038490942781905,1.90384465588694,1.90384465588694,1.9038490942781905,1.627964678201801,1.6279491332543785,1.6279491332543785,1.627964678201801,0.306502701822996,0.3065068399389502,0.3065068399389502,0.306502701822996,0.2238028314780597,0.2238005065733826,0.2238005065733826,0.2238028314780597,1.2668329261782325
300.0,49.976,83.151,2.509,6.004,2593.329,1.903933811949739,1.903932709149071,1.903932709149071,1.903933811949739,1.6312251299589753,1.6312218735276456,1.6312218735276456,1.6312251299589753,0.3088102583389594,0.3088091122301605,0.3088091122301605,0.3088102583389594,0.2238718366661945,0.2238732032604012,0.2238732032604012,0.2238718366661945,2.1741261048873697
300.0,50.007,71.148,4.835,4.008,4070.395,1.90366985591132,1.903671790021992,1.903671790021992,1.90366985591132,1.6282637477651634,1.6282687346128497,1.6282687346128497,1.6282637477651634,0.3069981843035649,0.3069945264707065,0.3069945264707065,0.3069981843035649,0.2238058691698159,0.2238087513523549,0.2238087513523549,0.2238058691698159,1.3846395477630271
300.0,50.151,16.311,5.31,3.461,1015.753,1.909327978760066,1.9093243786348444,1.9093243786348444,1.909327978760066,1.646247349297553,1.646237554254999,1.646237554254999,1.646247349297553,0.3124771911081193,0.3124691122898994,0.3124691122898994,0.3124771911081193,0.2242166877151536,0.2242249997660004,0.2242249997660004,0.2242166877151536,5.53869097215347
300.0,50.363,15.672,4.687,3.742,1896.787,1.9070205721377789,1.907021265024028,1.907021265024028,1.9070205721377789,1.6357273491451012,1.6357255534779267,1.6357255534779267,1.6357273491451012,0.3079920928115557,0.3079554361462322,0.3079554361462322,0.3079920928115557,0.2239684240420681,0.2239962564617822,0.2239962564617822,0.2239684240420681,2.9659869506352448
300.0,50.675,53.122,4.762,4.024,492.93,1.9130474121800696,1.9130511957235885,1.9130511957235885,1.9130474121800696,1.6694676498432153,1.6694778202599512,1.6694778202599512,1.6694676498432153,0.3244521889376335,0.3244467446196711,0.3244467446196711,0.3244521889376335,0.2247472384221746,0.2247514472664457,0.2247514472664457,0.2247472384221746,11.42686592215716
300.0,50.727,64.141,4.75,4.958,2351.988,1.9046333935158704,1.9046322388052996,1.9046322388052996,1.9046333935158704,1.6323060071315685,1.632301910549414,1.632301910549414,1.6323060071315685,0.3088370035468591,0.3088358497182596,0.3088358497182596,0.3088370035468591,0.2238959176492131,0.2238973685401869,0.2238973685401869,0.2238959176492131,2.395731898564362
300.0,50.731,30.434,5.581,2.59,2294.875,1.905924960881212,1.905925572671797,1.905925572671797,1.905924960881212,1.6332305174066932,1.6332357767183494,1.6332357767183494,1.6332305174066932,0.3077392850086544,0.3077418732278125,0.3077418732278125,0.3077392850086544,0.2239226959392099,0.2239221252172046,0.2239221252172046,0.2239226959392099,2.4526608818692
300.0,50.75,99.355,4.12,5.077,3124.395,1.902806839088807,1.9028097628572869,1.9028097628572869,1.902806839088807,1.6291736726588173,1.6291801666568997,1.6291801666568997,1.6291736726588173,0.309057765362726,0.3090538373202579,0.3090538373202579,0.309057765362726,0.2238202294767545,0.2238231197472632,0.2238231197472632,0.2238202294767545,1.8055320638315635
300.0,50.793,75.727,3.474,3.259,1988.631,1.9045775369204605,1.9045741857291547,1.9045741857291547,1.9045775369204605,1.6338303873296955,1.6338200099749391,1.6338200099749391,1.6338303873296955,0.3100534623971985,0.3100552338886931,0.3100552338886931,0.3100534623971985,0.2239297468136739,0.2239292089481209,0.2239292089481209,0.2239297468136739,2.8345395805771987
300.0,50.971,59.57,3.029,4.414,4806.08,1.9036566974688376,1.9036585662652632,1.9036585662652632,1.9036566974688376,1.627372662556484,1.6273767332970577,1.6273767332970577,1.627372662556484,0.306608366126404,0.3066035365197845,0.3066035365197845,0.306608366126404,0.2237834438317271,0.2237872427781108,0.2237872427781108,0.2237834438317271,1.1722448217548251
300.0,51.087,36.158,5.181,4.935,1200.421,1.9075985509305728,1.9075983875923024,1.9075983875923024,1.9075985509305728,1.6421052454426115,1.6421045240791985,1.6421045240791985,1.6421052454426115,0.3120625403785493,0.3120547797089185,0.3120547797089185,0.3120625403785493,0.2241176687613759,0.2241240779290911,0.2241240779290911,0.2241176687613759,4.6896706616182655
300.0,51.316,37.632,3.347,4.088,1985.378,1.9058479496055751,1.9058429448176653,1.9058429448176653,1.9058479496055751,1.634478473382578,1.6344622995824478,1.6344622995824478,1.634478473382578,0.3089184887067671,0.3089151993294458,0.3089151993294458,0.3089184887067671,0.2239451925398781,0.2239484532946086,0.2239484532946086,0.2239451925398781,2.835665022869037
300.0,51.331,98.475,5.068,3.29,1857.674,1.9037742210882331,1.9037745349426771,1.9037745349426771,1.9037742210882331,1.6340222409666965,1.6340236561823407,1.6340236561823407,1.6340222409666965,0.3114489398472237,0.3114471361747249,0.3114471361747249,0.3114489398472237,0.223928862892205,0.2239307238444719,0.2239307238444719,0.223928862892205,3.0366032030042747
300.0,51.396,49.672,3.633,3.387,905.511,1.9083712509181687,1.9083721333675003,1.9083721333675003,1.9083712509181687,1.6479749553254968,1.6479773578276695,1.6479773578276695,1.6479749553254968,0.3153839025530141,0.3153821924475015,0.3153821924475015,0.3153839025530141,0.2242512160024237,0.2242533758072806,0.2242533758072806,0.2242512160024237,6.2197445083686285
300.0,51.397,63.781,6.089,5.557,3648.483,1.9037205423137575,1.9037188289272493,1.9037188289272493,1.9037205423137575,1.6286761725235186,1.6286680570313106,1.6286680570313106,1.6286761725235186,0.3075928741694813,0.3075897912434618,0.3075897912434618,0.3075928741694813,0.2238109005669144,0.2238134980463858,0.2238134980463858,0.2238109005669144,1.5443858728796716
300.0,51.404,12.357,5.203,6.132,4070.372,1.9054697008314812,1.9054721689096663,1.9054721689096663,1.9054697008314812,1.6290737680750769,1.6290827702689346,1.6290827702689346,1.6290737680750769,0.305495132252781,0.3054594317551761,0.3054594317551761,0.305495132252781,0.2238153424352442,0.2238431415610657,0.2238431415610657,0.2238153424352442,1.381997133666813
300.0,51.552,48.525,2.683,5.083,816.822,1.9089699098092976,1.908971811415812,1.908971811415812,1.9089699098092976,1.650711716019728,1.6507167661775524,1.6507167661775524,1.650711716019728,0.3166080819866665,0.3166037602409787,0.3166037602409787,0.3166080819866665,0.224312692219232,0.2243163869968216,0.2243163869968216,0.224312692219232,6.89480880852713
300.0,51.627,83.187,2.67,3.214,4410.069,1.9027085104766237,1.9027077603438507,1.9027077603438507,1.9027085104766237,1.6271309160817196,1.6271288300349382,1.6271288300349382,1.6271309160817196,0.3079089909805163,0.3079084772424359,0.3079084772424359,0.3079089909805163,0.2237739131534227,0.2237748007948832,0.2237748007948832,0.2237739131534227,1.278489970196791
300.0,51.654,80.725,3.086,6.428,531.84,1.9110400691952745,1.9110388287182944,1.9110388287182944,1.9110400691952745,1.6652191903501836,1.665214709903586,1.665214709903586,1.6652191903501836,0.3243745260283889,0.3243735078109165,0.3243735078109165,0.3243745260283889,0.2246462391176873,0.2246473872708158,0.2246473872708158,0.2246462391176873,10.600371187868678
300.0,51.778,62.761,2.794,3.884,1289.174,1.90615383298096,1.9061527451430036,1.9061527451430036,1.90615383298096,1.640059004866952,1.6400559325252533,1.6400559325252533,1.640059004866952,0.3127267492454162,0.3127246628782127,0.3127246628782127,0.3127267492454162,0.224067897258201,0.2240701072548466,0.2240701072548466,0.224067897258201,4.370596294429864
300.0,51.825,38.249,4.001,3.271,2480.902,1.9051873493012468,1.905190537689268,1.905190537689268,1.9051873493012468,1.632010997048304,1.6320211480632898,1.6320211480632898,1.632010997048304,0.3081498182391782,0.3081399673446396,0.3081399673446396,0.3081498182391782,0.2238855155346715,0.2238933056927447,0.2238933056927447,0.2238855155346715,2.269327794065398
300.0,51.9,13.061,2.939,5.512,2810.592,1.9058687678111328,1.9058562444586136,1.9058562444586136,1.9058687678111328,1.6314551970369602,1.6314108808810552,1.6314108808810552,1.6314551970369602,0.3068096237540539,0.3068011847101597,0.3068011847101597,0.3068096237540539,0.2238763877833766,0.2238838582262977,0.2238838582262977,0.2238763877833766,2.001487998541978
300.0,51.94,60.986,5.012,4.181,4765.548,1.903360112156102,1.90335912438338,1.90335912438338,1.903360112156102,1.6271108941541126,1.6271097310474754,1.6271097310474754,1.6271108941541126,0.3070761284734873,0.3070746852514553,0.3070746852514553,0.3070761284734873,0.2237745036389902,0.2237763200911526,0.2237763200911526,0.2237745036389902,1.18226851035183
300.0,52.029,72.497,3.554,3.56,3358.735,1.9033528187813724,1.9033478778966193,1.9033478778966193,1.9033528187813724,1.6288635385556618,1.6288453257561342,1.6288453257561342,1.6288635385556618,0.3084015425686136,0.3084006888680639,0.3084006888680639,0.3084015425686136,0.2238124785387355,0.2238135727394946,0.2238135727394946,0.2238124785387355,1.6780911420289628
300.0,52.081,42.93,3.537,3.719,727.517,1.909786832758779,1.9097867858577369,1.9097867858577369,1.909786832758779,1.654140403966024,1.6541383164724837,1.6541383164724837,1.654140403966024,0.3181296993336535,0.3181290708394031,0.3181290708394031,0.3181296993336535,0.224391470992067,0.2243926848657843,0.2243926848657843,0.224391470992067,7.739744462867324
300.0,52.09,45.206,3.945,5.16,3419.519,1.904312687293036,1.9043130391854688,1.9043130391854688,1.904312687293036,1.6292736598533453,1.6292760593129454,1.6292760593129454,1.6292736598533453,0.3073989532441563,0.3073973702230164,0.3073973702230164,0.3073989532441563,0.2238246996025906,0.2238267986158267,0.2238267986158267,0.2238246996025906,1.6467986573315538
300.0,52.615,30.243,6.357,5.488,2359.558,1.90537822086822,1.905380744013924,1.905380744013924,1.90537822086822,1.63242558608857,1.6324338549389272,1.6324338549389272,1.63242558608857,0.3083989111417567,0.3083872728419062,0.3083872728419062,0.3083989111417567,0.2238923041279234,0.2239016897229036,0.2239016897229036,0.2238923041279234,2.38540705606119
300.0,52.802,60.051,3.937,5.546,1925.824,1.9047074361282257,1.9047062785812463,1.9047062785812463,1.9047074361282257,1.6339513804947283,1.6339497659218407,1.6339497659218407,1.6339513804947283,0.3104926848420525,0.3104901167733519,0.3104901167733519,0.3104926848420525,0.2239257087183714,0.2239285163893287,0.2239285163893287,0.2239257087183714,2.9254833568688254
300.0,52.816,56.771,6.333,3.991,2779.782,1.9040334709668747,1.9040292361649207,1.9040292361649207,1.9040334709668747,1.6303762456687414,1.6303609969571993,1.6303609969571993,1.6303762456687414,0.3087837494004634,0.3087848001459458,0.3087848001459458,0.3087837494004634,0.2238462856953524,0.223846263560579,0.223846263560579,0.2238462856953524,2.0265517136729536
300.0,52.85,90.5,5.002,3.483,4548.062,1.9020836061969968,1.9020843922266693,1.9020843922266693,1.9020836061969968,1.6264795548193671,1.6264800817373952,1.6264800817373952,1.6264795548193671,0.3086099893650284,0.3086071410279124,0.3086071410279124,0.3086099893650284,0.2237534808900353,0.2237556882571429,0.2237556882571429,0.2237534808900353,1.2399924626673782
300.0,53.776,49.502,3.701,4.856,3058.671,1.9038818670910789,1.9038840055827129,1.9038840055827129,1.9038818670910789,1.62949196228765,1.6294999097095415,1.6294999097095415,1.62949196228765,0.3085973483279428,0.3085920606065172,0.3085920606065172,0.3085973483279428,0.2238217587447183,0.2238263291542637,0.2238263291542637,0.2238217587447183,1.841333938035157
300.0,53.786,21.495,2.944,3.26,4012.734,1.9045311120621695,1.9045230919543543,1.9045230919543543,1.9045311120621695,1.6283026702737158,1.6282818251147029,1.6282818251147029,1.6283026702737158,0.306826230165595,0.3068151374789051,0.3068151374789051,0.306826230165595,0.2237947711228664,0.2238050828103925,0.2238050828103925,0.2237947711228664,1.4022623909009273
300.0,53.804,18.066,3.494,6.069,4075.103,1.9046264181981516,1.9046331232434213,1.9046331232434213,1.9046264181981516,1.6282690801646766,1.6282843858864209,1.6282843858864209,1.6282690801646766,0.3066794228819922,0.306655956785615,0.306655956785615,0.3066794228819922,0.2237921584695227,0.2238096022418317,0.2238096022418317,0.2237921584695227,1.3806479692858027
300.0,54.345,77.495,5.332,5.801,4548.193,1.902169680593184,1.902168480221768,1.902168480221768,1.902169680593184,1.6263258329277386,1.6263216543992431,1.6263216543992431,1.6263258329277386,0.3087633875978649,0.3087623538158082,0.3087623538158082,0.3087633875978649,0.2237467721913535,0.223747897549746,0.223747897549746,0.2237467721913535,1.239430107356058
300.0,54.481,51.206,4.587,4.437,2071.007,1.9044113311964204,1.9044098470181323,1.9044098470181323,1.9044113311964204,1.6328291315469952,1.6328201973102074,1.6328201973102074,1.6328291315469952,0.3105089065043439,0.3105054182166336,0.3105054182166336,0.3105089065043439,0.2238955665802964,0.223898229357768,0.223898229357768,0.2238955665802964,2.719611607408978
300.0,54.594,46.116,3.161,5.008,2196.67,1.9044321738930243,1.904428460432752,1.904428460432752,1.9044321738930243,1.632269971271867,1.6322580911486375,1.6322580911486375,1.632269971271867,0.3100952683216396,0.3100962619167448,0.3100962619167448,0.3100952683216396,0.2238842780450133,0.2238844193527469,0.2238844193527469,0.2238842780450133,2.563608615013249
300.0,54.644,94.473,2.576,4.859,2095.247,1.9027453447328908,1.902743559443269,1.902743559443269,1.9027453447328908,1.6317741379026436,1.631765504545027,1.631765504545027,1.6317741379026436,0.3120743880276932,0.3120735988719702,0.3120735988719702,0.3120743880276932,0.2238682057726159,0.2238690568380879,0.2238690568380879,0.2238682057726159,2.6919355118979884
300.0,54.808,75.462,4.789,6.28,2786.516,1.902813121053308,1.9028141672173355,1.9028141672173355,1.902813121053308,1.6294081767332464,1.62940847336711,1.62940847336711,1.6294081767332464,0.3102758951023647,0.310270703398501,0.310270703398501,0.3102758951023647,0.223813975986324,0.2238178237356347,0.2238178237356347,0.223813975986324,2.02288002839204
300.0,54.954,10.559,2.73,4.803,3237.757,1.9049168691813485,1.9049197721187787,1.9049197721187787,1.9049168691813485,1.6295362284410684,1.6295514769571684,1.6295514769571684,1.6295362284410684,0.3075319926255665,0.3074875161390421,0.3074875161390421,0.3075319926255665,0.2238080568451955,0.2238431680657363,0.2238431680657363,0.2238080568451955,1.7372807156835617
300.0,55.052,40.739,6.48,3.722,1858.979,1.9049186280756367,1.9049195012888949,1.9049195012888949,1.9049186280756367,1.6341334311164275,1.6341350657634794,1.6341350657634794,1.6341334311164275,0.310922896880745,0.3109184699890695,0.3109184699890695,0.310922896880745,0.2239239503938464,0.2239277491616361,0.2239277491616361,0.2239239503938464,3.02876573385813
300.0,55.098,93.773,4.339,5.142,2960.126,1.9019585634499028,1.9019569086377244,1.9019569086377244,1.9019585634499028,1.628477311197166,1.6284715405881385,1.6284715405881385,1.628477311197166,0.3108423358449867,0.3108405091622434,0.3108405091622434,0.3108423358449867,0.2237911995761477,0.2237929485021839,0.2237929485021839,0.2237911995761477,1.905372893174156
300.0,55.196,81.291,6.421,5.608,3107.632,1.9023118106692676,1.9023116962646929,1.9023116962646929,1.9023118106692676,1.6283340783638167,1.6283332645670303,1.6283332645670303,1.6283340783638167,0.3102743120209359,0.3102717562017283,0.3102717562017283,0.3102743120209359,0.2237884770562721,0.2237908111580769,0.2237908111580769,0.2237884770562721,1.8141969680019847
300.0,55.363,76.557,5.112,5.405,2915.377,1.9025475100432256,1.902548135445326,1.902548135445326,1.9025475100432256,1.6288652726685755,1.6288675282640142,1.6288675282640142,1.6288652726685755,0.3103855955589813,0.3103838615877853,0.3103838615877853,0.3103855955589813,0.2238007157483471,0.2238024396189812,0.2238024396189812,0.2238007157483471,1.9335352423673204
300.0,55.442,74.722,2.789,3.467,1822.429,1.903618367241276,1.903617483363968,1.903617483363968,1.903618367241276,1.633584974478118,1.6335842034358756,1.6335842034358756,1.633584974478118,0.312413446398553,0.312410494254281,0.312410494254281,0.312413446398553,0.2239073056965892,0.2239104434263686,0.2239104434263686,0.2239073056965892,3.092926954674033
300.0,56.031,25.477,5.457,3.663,1050.415,1.9072842199317923,1.907281280529319,1.907281280529319,1.9072842199317923,1.6436557995363896,1.6436443623077932,1.6436443623077932,1.6436557995363896,0.3149267966775227,0.3149260680434571,0.3149260680434571,0.3149267966775227,0.2241402122732996,0.2241417667487674,0.2241417667487674,0.2241402122732996,5.3574913459181115
300.0,56.048,65.296,2.732,3.726,2373.422,1.9031720178031195,1.9031697895993869,1.9031697895993869,1.9031720178031195,1.6306961169159493,1.6306883534381271,1.6306883534381271,1.6306961169159493,0.3110510310068175,0.3110490972306685,0.3110490972306685,0.3110510310068175,0.2238409985403584,0.2238428936522648,0.2238428936522648,0.2238409985403584,2.374173307804469
300.0,56.153,26.784,5.168,5.289,439.794,1.9137923087391684,1.913796803445236,1.913796803445236,1.9137923087391684,1.6741264381670806,1.6741417413412671,1.6741417413412671,1.6741264381670806,0.3282838079270162,0.3282721141000357,0.3282721141000357,0.3282838079270162,0.224841092182041,0.224850813270859,0.224850813270859,0.224841092182041,12.796382372929644
300.0,56.221,76.203,3.713,2.812,4157.665,1.901825159844978,1.901822543844947,1.901822543844947,1.901825159844978,1.6262974065285705,1.6262894896947042,1.6262894896947042,1.6262974065285705,0.3097046106039736,0.3097016306190367,0.3097016306190367,0.3097046106039736,0.2237390448816711,0.2237420054469529,0.2237420054469529,0.2237390448816711,1.3557902450424932
300.0,56.489,22.553,5.817,2.557,2771.322,1.9043273588512617,1.9043332070120345,1.9043332070120345,1.9043273588512617,1.630041656573625,1.6300623088071786,1.6300623088071786,1.630041656573625,0.3090963209334167,0.3090911101150678,0.3090911101150678,0.3090963209334167,0.2238274489486312,0.2238326230519816,0.2238326230519816,0.2238274489486312,2.0304669283068617
300.0,57.427,38.343,3.348,3.813,1581.481,1.9048474285242287,1.904848684878258,1.904848684878258,1.9048474285242287,1.6356674244865244,1.6356745719289965,1.6356745719289965,1.6356674244865244,0.312771437731691,0.3127689292841044,0.3127689292841044,0.312771437731691,0.2239517431882168,0.223954928990612,0.223954928990612,0.2239517431882168,3.5599259498334828
300.0,57.578,65.828,4.169,4.597,1066.42,1.905317531296796,1.90531611020386,1.90531611020386,1.905317531296796,1.6420845595181592,1.6420816820591728,1.6420816820591728,1.6420845595181592,0.3168871474936787,0.3168836704141994,0.3168836704141994,0.3168871474936787,0.2240960491152393,0.2240993637066497,0.2240993637066497,0.2240960491152393,5.284011741885104
300.0,57.993,21.396,2.632,4.03,2553.62,1.904124439917123,1.9041262463862956,1.9041262463862956,1.904124439917123,1.6303445927414548,1.6303504495041825,1.6303504495041825,1.6303445927414548,0.3099901827505674,0.3099814504277028,0.3099814504277028,0.3099901827505674,0.2238283589798825,0.2238361292578459,0.2238361292578459,0.2238283589798825,2.2034810160346288
300.0,58.014,13.509,4.35,3.593,2595.845,1.9043801469895727,1.9043821298605677,1.9043821298605677,1.9043801469895727,1.630363265807968,1.630364004257857,1.630364004257857,1.630363265807968,0.3096611509638863,0.3096335063713243,0.3096335063713243,0.3096611509638863,0.2238226276232609,0.2238439573521681,0.2238439573521681,0.2238226276232609,2.1670842608007104
300.0,58.366,96.831,3.891,6.06,3518.273,1.9007134812903868,1.900710514320164,1.900710514320164,1.9007134812903868,1.626279164400722,1.6262673915118435,1.6262673915118435,1.626279164400722,0.3117788362014289,0.3117787896603432,0.3117787896603432,0.3117788362014289,0.22373192422041,0.2237322322944827,0.2237322322944827,0.22373192422041,1.6032547917288262
300.0,59.08,37.359,4.174,3.922,4034.991,1.9025348410187009,1.902535764924336,1.902535764924336,1.9025348410187009,1.6264435998999007,1.6264472353930957,1.6264472353930957,1.6264435998999007,0.3095742571172437,0.3095663389734789,0.3095663389734789,0.3095742571172437,0.2237349454838397,0.2237416821730859,0.2237416821730859,0.2237349454838397,1.395239984444835
300.0,59.232,33.98,5.755,4.154,320.278,1.9169605149220752,1.9169603656143728,1.9169603656143728,1.9169605149220752,1.692968009777874,1.692967413918738,1.692967413918738,1.692968009777874,0.3383952204509604,0.3383822387867517,0.3383822387867517,0.3383952204509604,0.2252806223398307,0.2252912994436931,0.2252912994436931,0.2252806223398307,17.575460803423272
300.0,59.312,15.895,5.025,6.33,2847.979,1.9037807647930445,1.9037770737246955,1.9037770737246955,1.9037807647930445,1.6291731033977308,1.6291645059392186,1.6291645059392186,1.6291731033977308,0.3099371724453299,0.309925365528066,0.309925365528066,0.3099371724453299,0.223795609898351,0.2238069237500766,0.2238069237500766,0.223795609898351,1.975381134817475
300.0,59.69,29.262,4.956,4.039,3420.104,1.9028914960881205,1.9028941149161704,1.9028941149161704,1.9028914960881205,1.627448504469747,1.627459593276113,1.627459593276113,1.627448504469747,0.3099826515905002,0.309978233656588,0.309978233656588,0.3099826515905002,0.2237580704527917,0.2237622917716804,0.2237622917716804,0.2237580704527917,1.645649261909124
300.0,59.697,58.976,4.868,4.556,2847.491,1.9020864587212585,1.902087417648308,1.902087417648308,1.9020864587212585,1.6281915105215097,1.6281945268992324,1.6281945268992324,1.6281915105215097,0.311643732727156,0.3116399143553458,0.3116399143553458,0.311643732727156,0.2237727998443287,0.2237762187110014,0.2237762187110014,0.2237727998443287,1.978490949412158
300.0,60.203,67.446,4.743,6.091,852.973,1.905728547250905,1.9057284488700084,1.9057284488700084,1.905728547250905,1.6467160531553615,1.646715893724396,1.646715893724396,1.6467160531553615,0.3204071111456285,0.3204054241590841,0.3204054241590841,0.3204071111456285,0.224196992834014,0.2241990332787183,0.2241990332787183,0.224196992834014,6.606595028346039
300.0,60.406,31.047,2.809,4.88,3233.658,1.9027189923117824,1.9027180715648708,1.9027180715648708,1.9027189923117824,1.6275946011063098,1.627593707521246,1.627593707521246,1.6275946011063098,0.3105150839206605,0.3105083467897957,0.3105083467897957,0.3105150839206605,0.223757974795324,0.223764132492454,0.223764132492454,0.223757974795324,1.7406335819804692
300.0,61.118,13.594,4.285,6.433,2618.979,1.903534431177633,1.9035364009356768,1.9035364009356768,1.903534431177633,1.6294067042318292,1.6294126137047404,1.6294126137047404,1.6294067042318292,0.3109250737723355,0.3108928251009382,0.3108928251009382,0.3109250737723355,0.2237890632009562,0.2238141338043517,0.2238141338043517,0.2237890632009562,2.1479394063013144
300.0,61.257,58.495,5.81,5.484,3797.873,1.9012518151062603,1.9012519639946228,1.9012519639946228,1.9012518151062603,1.6257592070903155,1.6257600700612544,1.6257600700612544,1.6257592070903155,0.3113958499727583,0.3113930125734211,0.3113930125734211,0.3113958499727583,0.2237129971204426,0.2237158314280502,0.2237158314280502,0.2237129971204426,1.4833673957599154
300.0,61.522,11.058,6.187,5.36,2522.486,1.9035924691131447,1.90359556749058,1.903595567490589,1.9035924691131447,1.6296784836050833,1.62968471206921,1.6296847063069697,1.6296784836050833,0.3111511285188624,0.3111139900383387,0.3111139900383387,0.3111511285188624,0.2237926976897323,0.2238209988225974,0.2238209988225974,0.2237926976897323,2.229918415721348
300.0,61.845,76.675,2.524,4.939,4188.253,1.900308109885408,1.9003101354391077,1.9003101354391077,1.900308109885408,1.6246945066564655,1.6246981973830528,1.6246981973830528,1.6246945066564655,0.3120502333228544,0.3120463488991105,0.3120463488991105,0.3120502333228544,0.2236854174727883,0.2236884664153574,0.2236884664153574,0.2236854174727883,1.3459003355935213
300.0,62.294,20.631,5.425,5.147,1840.132,1.9037605008488787,1.9037698158341927,1.9037698158341927,1.9037605008488787,1.6326144473627415,1.6326426996884127,1.6326426996884127,1.6326144473627415,0.3132823587972899,0.3132681115569733,0.3132681115569733,0.3132823587972899,0.2238653089825426,0.2238764366037372,0.2238764366037372,0.2238653089825426,3.0577604198420185
300.0,62.541,41.566,4.933,3.25,1632.57,1.9032703551201653,1.9032688799649675,1.9032688799649675,1.9032703551201653,1.6337204126850022,1.6337178981904752,1.6337178981904752,1.6337204126850022,0.3148295077063109,0.3148276206120754,0.3148276206120754,0.3148295077063109,0.2238924011693571,0.2238950772246148,0.2238950772246148,0.2238924011693571,3.448865119191458
300.0,62.619,78.775,3.51,3.68,913.704,1.9042774016434336,1.904277555827768,1.904277555827768,1.9042774016434336,1.6440274636441052,1.644027509112667,1.644027509112667,1.6440274636441052,0.3210573450373795,0.3210555276130676,0.3210555276130676,0.3210573450373795,0.2241293204228988,0.2241310432631475,0.2241310432631475,0.2241293204228988,6.169738639438087
300.0,62.681,36.078,4.315,4.565,4951.557,1.90139373529822,1.9013964511713832,1.9013964511713832,1.90139373529822,1.6244087009544457,1.624418853999403,1.624418853999403,1.6244087009544457,0.3105669769693145,0.3105621974171444,0.3105621974171444,0.3105669769693145,0.2236788610033645,0.2236833661358389,0.2236833661358389,0.2236788610033645,1.1369200548558922
300.0,62.704,67.253,4.861,4.923,548.285,1.9083190779063224,1.9083158836472387,1.9083158836472387,1.9083190779063224,1.6610857569425854,1.6610762265585357,1.6610762265585357,1.6610857569425854,0.3280184913726286,0.328017807948055,0.328017807948055,0.3280184913726286,0.2245271640263274,0.2245284352816999,0.2245284352816999,0.2245271640263274,10.277800610562556
300.0,62.897,24.261,4.85,5.681,2795.967,1.9025458537506752,1.9025473152423804,1.9025473152423804,1.9025458537506752,1.6281379870291324,1.6281459276880763,1.6281459276880763,1.6281379870291324,0.3117970461703799,0.3117887635310319,0.3117887635310319,0.3117970461703799,0.2237623206794477,0.2237700002045441,0.2237700002045441,0.2237623206794477,2.0126671100220284
300.0,63.124,16.943,5.007,3.729,3215.618,1.902524259491717,1.902525688303767,1.902525688303767,1.902524259491717,1.6271607808220745,1.6271635322239912,1.6271635322239912,1.6271607808220745,0.3111633543800849,0.3111466280799191,0.3111466280799191,0.3111633543800849,0.223736848552349,0.2237505199413712,0.2237505199413712,0.223736848552349,1.7495896328394047
300.0,63.23,25.592,4.377,3.378,477.156,1.9110645066903744,1.9110632339438232,1.9110632339438232,1.9110645066903744,1.6680434335198318,1.668036557221308,1.668036557221308,1.6680434335198318,0.3294659461325174,0.3294600606915092,0.3294600606915092,0.3294659461325174,0.2246868484119732,0.2246921093186167,0.2246921093186167,0.2246868484119732,11.79385766909517
300.0,63.355,41.281,3.334,6.375,2338.644,1.9021430548835287,1.9021439849442752,1.9021439849442752,1.9021430548835287,1.6292700861386358,1.6292714125857657,1.6292714125857657,1.6292700861386358,0.3133022185427081,0.3132997275748957,0.3132997275748957,0.3133022185427081,0.22378847521334,0.2237908808817571,0.2237908808817571,0.22378847521334,2.4075763113019275
300.0,63.458,28.341,3.405,4.157,1124.461,1.9048843741111632,1.9048929942838904,1.9048929942838904,1.9048843741111632,1.6400595471949917,1.6400828322387704,1.6400828322387704,1.6400595471949917,0.3175263779860992,0.3175095309725576,0.3175095309725576,0.3175263779860992,0.2240320361380808,0.2240444127260191,0.2240444127260191,0.2240320361380808,5.005129024784717
300.0,63.617,45.818,3.952,6.055,650.358,1.9074267604556816,1.907435328279492,1.907435328279492,1.9074267604556816,1.6545982544430669,1.6546268202093126,1.6546268202093126,1.6545982544430669,0.324748485719718,0.324738868339086,0.324738868339086,0.324748485719718,0.2243707404034574,0.2243783780949315,0.2243783780949315,0.2243707404034574,8.658685290534121
300.0,63.937,84.107,6.478,3.774,2364.274,1.9003835243217897,1.9003832739626287,1.9003832739626287,1.9003835243217897,1.6281461284449448,1.6281463209630076,1.6281463209630076,1.6281461284449448,0.3150504203458416,0.3150484321591744,0.3150484321591744,0.3150504203458416,0.2237595902509314,0.2237615508468054,0.2237615508468054,0.2237595902509314,2.3847967688073752
300.0,64.024,23.122,4.102,5.529,3501.42,1.9019270682990077,1.9019305047639703,1.9019305047639703,1.9019270682990077,1.6261953642119966,1.626213977401938,1.626213977401938,1.6261953642119966,0.3115050248891961,0.3114941281394845,0.3114941281394845,0.3115050248891961,0.223713888072335,0.223723749248631,0.223723749248631,0.223713888072335,1.6071021840844673
300.0,64.172,59.579,5.096,2.618,1176.093,1.9033532521876968,1.9033492359224475,1.9033492359224475,1.9033532521876968,1.6383649700275371,1.638351750647538,1.638351750647538,1.6383649700275371,0.3185589848437796,0.3185589425231569,0.3185589425231569,0.3185589848437796,0.2239954188208019,0.2239963798147618,0.2239963798147618,0.2239954188208019,4.79026206139861
300.0,64.229,55.7,3.026,2.648,1590.676,1.9023729430278016,1.9023757417713787,1.9023757417713787,1.9023729430278016,1.6333277517795628,1.6333362953421309,1.6333362953421309,1.6333277517795628,0.3162147612174395,0.316209828505745,0.316209828505745,0.3162147612174395,0.2238782350414037,0.2238821932356737,0.2238821932356737,0.2238782350414037,3.5413197417029227
300.0,64.376,40.361,5.077,3.679,2182.003,1.9020569323897476,1.902055832650916,1.902055832650916,1.9020569323897476,1.6297063104875107,1.6297019120252294,1.6297019120252294,1.6297063104875107,0.3140072939039405,0.3140015553149826,0.3140015553149826,0.3140072939039405,0.2237944634607138,0.2237992696764878,0.2237992696764878,0.2237944634607138,2.580330956557201
300.0,64.471,71.624,4.135,3.128,325.335,1.9139398018021667,1.9139379425664085,1.9139379425664085,1.9139398018021667,1.6896821719232993,1.6896773790172266,1.6896773790172266,1.6896821719232993,0.3415505822090195,0.3415506357832131,0.3415506357832131,0.3415505822090195,0.2252055834933108,0.2252062851757684,0.2252062851757684,0.2252055834933108,17.323376483184557
300.0,64.571,13.643,2.585,3.946,1115.745,1.9051649276149307,1.9051697962813268,1.9051697962813268,1.9051649276149307,1.6401997649243718,1.6402190549613087,1.6402190549613087,1.6401997649243718,0.3175385542951932,0.3175111696478958,0.3175111696478958,0.3175385542951932,0.2240273092989892,0.2240499025059049,0.2240499025059049,0.2240273092989892,5.041805081988554
300.0,64.713,50.31,3.759,4.224,1982.343,1.9018279832352791,1.9018265853393657,1.9018265853393657,1.9018279832352791,1.6304725178148591,1.63046570382737,1.63046570382737,1.6304725178148591,0.3149711587288637,0.3149709924955425,0.3149709924955425,0.3149711587288637,0.2238131960957237,0.2238137201215224,0.2238137201215224,0.2238131960957237,2.841137585127649
300.0,64.831,81.948,5.481,4.8,2934.373,1.8998141848774064,1.8998140867522963,1.8998140867522963,1.8998141848774064,1.6260622147199508,1.6260631701543058,1.6260631701543058,1.6260622147199508,0.3145217991135382,0.3145189177077296,0.3145189177077296,0.3145217991135382,0.223709214220529,0.2237121132410636,0.2237121132410636,0.223709214220529,1.9213356002246764
300.0,65.205,88.308,4.665,5.212,4131.12,1.898990305045064,1.8989870519695669,1.8989870519695669,1.898990305045064,1.623581588302662,1.6235701570416867,1.6235701570416867,1.623581588302662,0.3139136730081015,0.3139144824702616,0.3139144824702616,0.3139136730081015,0.2236524773604527,0.223652381687206,0.223652381687206,0.2236524773604527,1.3650256628989814
300.0,66.143,80.557,4.177,6.317,4821.895,1.8988490504638456,1.898849864342805,1.898849864342805,1.8988490504638456,1.6226803365449127,1.6226812581901655,1.6226812581901655,1.6226803365449127,0.3136795995043741,0.3136775770912256,0.3136775770912256,0.3136795995043741,0.2236291280571957,0.2236309051353243,0.2236309051353243,0.2236291280571957,1.1691790455237698
300.0,66.173,72.847,5.521,3.871,4918.999,1.899107654629226,1.8991050525405413,1.8991050525405413,1.899107654629226,1.622736938657248,1.6227275916547508,1.6227275916547508,1.622736938657248,0.3133699411226921,0.3133696677300483,0.3133696677300483,0.3133699411226921,0.2236309481009056,0.2236315920412712,0.2236315920412712,0.2236309481009056,1.14581111836645
300.0,66.21,57.668,6.4,3.935,1239.112,1.9026593437173016,1.902657884834985,1.902657884834985,1.9026593437173016,1.6368425647965286,1.6368341737363763,1.6368341737363763,1.6368425647965286,0.3189177365138909,0.3189134136048699,0.3189134136048699,0.3189177365138909,0.2239547813486554,0.2239581143668292,0.2239581143668292,0.2239547813486554,4.546346286940719
300.0,66.589,61.492,4.905,5.047,4820.74,1.899434832770713,1.8994337923882905,1.8994337923882905,1.899434832770713,1.6229425046679855,1.6229360920527298,1.6229360920527298,1.6229425046679855,0.3131753650026687,0.3131743066617054,0.3131743066617054,0.3131753650026687,0.2236349729913046,0.223635874299847,0.223635874299847,0.2236349729913046,1.168733325803918
300.0,66.74,23.816,5.006,3.965,4099.494,1.9009687539246596,1.9009663932869807,1.9009663932869807,1.9009687539246596,1.6244882509885668,1.6244798282652606,1.6244798282652606,1.6244882509885668,0.3122443090080199,0.3122392012109787,0.3122392012109787,0.3122443090080199,0.2236694935697013,0.2236744818069791,0.2236744818069791,0.2236694935697013,1.372670206115048
300.0,66.748,57.578,3.122,4.069,3775.682,1.8998194899679977,1.8998195589094464,1.8998195589094464,1.8998194899679977,1.6242762980773395,1.624275693262624,1.624275693262624,1.6242762980773395,0.3136796333860386,0.3136763978108111,0.3136763978108111,0.3136796333860386,0.2236646121752047,0.2236674010884129,0.2236674010884129,0.2236646121752047,1.492032060333336
300.0,66.838,28.094,3.172,6.369,4161.166,1.9007617388455755,1.9007647518537143,1.9007647518537143,1.9007617388455755,1.624280203753246,1.6242876759405915,1.6242876759405915,1.624280203753246,0.3124063596871957,0.3123963131805028,0.3123963131805028,0.3124063596871957,0.2236632152999328,0.2236713296580225,0.2236713296580225,0.2236632152999328,1.352514753193586
300.0,67.172,17.314,5.199,6.299,4875.347,1.900902340116472,1.9008939125862985,1.9008939125862985,1.900902340116472,1.623620708976217,1.6235967662107351,1.6235967662107351,1.623620708976217,0.3117996867796366,0.3117962726828734,0.3117962726828734,0.3117996867796366,0.223648835302515,0.2236535051296617,0.2236535051296617,0.223648835302515,1.1539811689965582
300.0,67.25,75.588,5.244,4.411,2802.755,1.899476364569885,1.8994768490638152,1.8994768490638152,1.899476364569885,1.6258837081997288,1.625885638680971,1.625885638680971,1.6258837081997288,0.3154711859256126,0.3154688206885999,0.3154688206885999,0.3154711859256126,0.2237000538584419,0.2237023144807122,0.2237023144807122,0.2237000538584419,2.011140197967608
300.0,67.445,68.644,4.345,6.113,1224.148,1.9019702457745344,1.9019695190734232,1.9019695190734232,1.9019702457745344,1.6365085898950802,1.6365032897865246,1.6365032897865246,1.6365085898950802,0.3199368239184448,0.3199382993624067,0.3199382993624067,0.3199368239184448,0.2239464961159249,0.2239456421660745,0.2239456421660745,0.2239464961159249,4.603559141351782
300.0,67.475,96.008,6.147,4.086,2514.675,1.898867111079004,1.8988638654553909,1.898863865455408,1.898867111079004,1.6263538879017296,1.6263458141691671,1.6263458141694696,1.6263538879017296,0.3167196191346103,0.3167201502889859,0.3167201502889859,0.3167196191346103,0.2237108810235199,0.2237112084141431,0.2237112084141431,0.2237108810235199,2.2430233981061214
300.0,67.497,98.503,5.255,6.269,767.812,1.9032740701073108,1.9032759488258115,1.9032759488258115,1.9032740701073108,1.647085683352946,1.6470937496678273,1.6470937496678273,1.647085683352946,0.325952103129445,0.3259490951455339,0.3259490951455339,0.325952103129445,0.2241920745353944,0.2241947815770751,0.2241947815770751,0.2241920745353944,7.346705705429299
300.0,67.818,10.287,3.367,5.998,1277.523,1.9038546352582475,1.9038503737441643,1.9038503737441643,1.9038546352582475,1.636772492258484,1.6367576071137802,1.6367576071137802,1.636772492258484,0.3176563221571367,0.3176036698916307,0.3176036698916307,0.3176563221571367,0.2239316071624703,0.2239719494453064,0.2239719494453064,0.2239316071624703,4.4028476871587925
300.0,67.888,98.308,4.65,4.139,3316.183,1.8981920302781403,1.898190168263024,1.898190168263024,1.8981920302781403,1.623995514801816,1.6239901074975525,1.6239901074975525,1.623995514801816,0.3160089320365799,0.3160085462593243,0.3160085462593243,0.3160089320365799,0.2236554090435106,0.2236562219481376,0.2236562219481376,0.2236554090435106,1.7010218431523507
300.0,67.889,42.78,2.52,4.627,1511.19,1.9020323009446372,1.9020322256829223,1.9020322256829223,1.9020323009446372,1.6333359762518342,1.6333375539800432,1.6333375539800432,1.6333359762518342,0.3176234286808618,0.3176173584548512,0.3176173584548512,0.3176234286808618,0.2238693490917626,0.2238745156539007,0.2238745156539007,0.2238693490917626,3.726002553022133
300.0,68.057,21.827,5.639,4.903,3144.491,1.9010539586784,1.9010515858422317,1.9010515858422317,1.9010539586784,1.6258485860792888,1.6258435129490654,1.6258435129490654,1.6258485860792888,0.3134714469483297,0.3134667886864427,0.3134667886864427,0.3134714469483297,0.2236972705235036,0.2237024829292841,0.2237024829292841,0.2236972705235036,1.789440484019254
300.0,68.223,27.621,2.718,4.367,3641.498,1.9005779506184304,1.900582147095746,1.900582147095746,1.9005779506184304,1.6246963371565246,1.6247046741499451,1.6247046741499451,1.6246963371565246,0.3133192434749286,0.3133011979023276,0.3133011979023276,0.3133192434749286,0.2236663430092451,0.2236798668085193,0.2236798668085193,0.2236663430092451,1.5455002846560966
300.0,68.323,87.45,5.47,2.513,1500.242,1.9002927762531616,1.9002880321468645,1.9002880321468645,1.9002927762531616,1.6324524524716757,1.6324361412458814,1.6324361412458814,1.6324524524716757,0.3194795106872994,0.3194790230402935,0.3194790230402935,0.3194795106872994,0.2238499402483424,0.2238507008787778,0.2238507008787778,0.2238499402483424,3.758652146127052
300.0,68.358,53.484,3.447,5.097,1138.685,1.902586811802797,1.9025872174280745,1.9025872174280745,1.902586811802797,1.6379552096399512,1.6379584803977436,1.6379584803977436,1.6379552096399512,0.3203928547155015,0.3203892963681889,0.3203892963681889,0.3203928547155015,0.2239759999357861,0.2239794778907791,0.2239794778907791,0.2239759999357861,4.9466256746805115
300.0,68.615,93.999,5.364,4.048,4563.69,1.8977424304472488,1.8977447911602217,1.8977447911602217,1.8977424304472488,1.6219924557298468,1.6219985953195897,1.6219985953195897,1.6219924557298468,0.3153290284289914,0.3153260346197659,0.3153260346197659,0.3153290284289914,0.2236073130461406,0.2236095826832608,0.2236095826832608,0.2236073130461406,1.2358657319382131
300.0,68.735,14.867,6.458,3.609,3542.893,1.900954822380772,1.9009458136387127,1.9009458136387127,1.900954822380772,1.6249886055938687,1.6249658348286269,1.6249658348286269,1.6249886055938687,0.3131423679152731,0.3131393736006678,0.3131393736006678,0.3131423679152731,0.223675621641087,0.2236807383781005,0.2236807383781005,0.223675621641087,1.5878535590608505
300.0,68.97,99.225,6.439,2.846,2506.28,1.8983503177768304,1.89834829853534,1.89834829853534,1.8983503177768304,1.625908390811838,1.6259003291292162,1.6259003291292162,1.625908390811838,0.3174823766411998,0.317483319478478,0.317483319478478,0.3174823766411998,0.223697989714117,0.2236976127972157,0.2236976127972157,0.223697989714117,2.250768821622476
300.0,69.071,76.949,5.611,6.271,4608.1,1.898241301367661,1.8982381684809548,1.8982381684809548,1.898241301367661,1.6221648719623194,1.62215491528893,1.62215491528893,1.6221648719623194,0.3148767809539917,0.314879072491465,0.314879072491465,0.3148767809539917,0.2236118352996773,0.2236109285170776,0.2236109285170776,0.2236118352996773,1.223276279283762
300.0,69.126,84.712,3.64,6.027,3469.402,1.8982908785567596,1.8982931749015317,1.8982931749015317,1.8982908785567596,1.6236114674367588,1.623620710729034,1.623620710729034,1.6236114674367588,0.3159036309448248,0.315900705677196,0.315900705677196,0.3159036309448248,0.2236430504448505,0.2236460484917059,0.2236460484917059,0.2236430504448505,1.6251780967009777
300.0,69.137,16.008,3.759,3.329,3760.759,1.900715921423252,1.9007201016303032,1.9007201016303032,1.900715921423252,1.6244652529107249,1.624480428343809,1.624480428343809,1.6244652529107249,0.313201909909875,0.3131716396809701,0.3131716396809701,0.313201909909875,0.2236541782380163,0.2236776431430986,0.2236776431430986,0.2236541782380163,1.4959225719838958
300.0,69.199,11.524,3.266,3.333,412.595,1.911605583973336,1.9116071992409829,1.9116071992409829,1.911605583973336,1.674262054168921,1.674269941515952,1.674269941515952,1.674262054168921,0.3348439808977351,0.3348024035486848,0.3348024035486848,0.3348439808977351,0.2248116571976742,0.2248445356101645,0.2248445356101645,0.2248116571976742,13.632931504027924
300.0,69.443,24.142,4.79,4.166,4811.801,1.9000453639632189,1.9000471156109493,1.9000471156109493,1.9000453639632189,1.6229004364864694,1.6229055342544914,1.6229055342544914,1.6229004364864694,0.3130280243850108,0.313021338870418,0.313021338870418,0.3130280243850108,0.2236260459017359,0.2236319089201277,0.2236319089201277,0.2236260459017359,1.169478272251997
300.0,69.484,69.529,4.679,4.264,2603.931,1.8992325938910024,1.899231904626696,1.899231904626696,1.8992325938910024,1.6260099871373994,1.6260070190129392,1.6260070190129392,1.6260099871373994,0.3164681389284553,0.3164656868275386,0.3164656868275386,0.3164681389284553,0.223697979808696,0.2237002579404045,0.2237002579404045,0.223697979808696,2.1642696202071607
300.0,69.671,25.28,2.867,3.128,490.39,1.909060687621122,1.9090601975096455,1.9090601975096455,1.909060687621122,1.6649699790204873,1.6649633827211092,1.6649633827211092,1.6649699790204873,0.3316503592061519,0.3316367316233401,0.3316367316233401,0.3316503592061519,0.2246024723960084,0.2246131932771086,0.2246131932771086,0.2246024723960084,11.475401174187995
300.0,70.055,80.032,6.219,5.856,837.615,1.9027189886021507,1.902721591506566,1.902721591506566,1.9027189886021507,1.6442280579431685,1.6442391958880749,1.6442391958880749,1.6442280579431685,0.3252733839790452,0.3252701812105373,0.3252701812105373,0.3252733839790452,0.2241204255396243,0.2241235936986529,0.2241235936986529,0.2241204255396243,6.730408068641043
300.0,70.432,58.546,4.465,5.061,1856.649,1.9001496463687133,1.9001485129695237,1.9001485129695237,1.9001496463687133,1.6295018246419288,1.6294962704441855,1.6294962704441855,1.6295018246419288,0.3180287441424139,0.3180276491245105,0.3180276491245105,0.3180287441424139,0.2237774214005277,0.2237785986205718,0.2237785986205718,0.2237774214005277,3.0342728819170413
300.0,70.504,19.776,3.265,4.357,1790.634,1.901659728461885,1.9016581550505671,1.9016581550505671,1.901659728461885,1.6306917805111236,1.6306894499410751,1.6306894499410751,1.6306917805111236,0.3168563984480808,0.316840384566694,0.316840384566694,0.3168563984480808,0.2237987167216123,0.2238123069504063,0.2238123069504063,0.2237987167216123,3.14216692032525
300.0,70.654,37.917,5.856,4.336,1975.817,1.900689289747463,1.9006895821912824,1.9006895821912824,1.900689289747463,1.6291014177168872,1.6291022662053016,1.6291022662053016,1.6291014177168872,0.3170458977198065,0.317040610429202,0.317040610429202,0.3170458977198065,0.2237659376471472,0.2237706874105118,0.2237706874105118,0.2237659376471472,2.8493534448124853
300.0,70.671,85.134,5.939,5.87,4664.576,1.8974907018850515,1.897488774182728,1.897488774182728,1.8974907018850515,1.6214965467995106,1.6214922381219836,1.6214922381219836,1.6214965467995106,0.3158257258007494,0.3158255469267395,0.3158255469267395,0.3158257258007494,0.2235921284885613,0.223592998923881,0.223592998923881,0.2235921284885613,1.2087855067140396
300.0,70.676,42.316,3.96,3.905,4866.332,1.8990285234019624,1.8990283563376031,1.8990283563376031,1.8990285234019624,1.622147204475987,1.6221432463638057,1.6221432463638057,1.622147204475987,0.3141811307628431,0.3141773356107826,0.3141773356107826,0.3141811307628431,0.2236064611165418,0.223609765539221,0.223609765539221,0.2236064611165418,1.1570560967264776
300.0,70.771,95.88,6.082,5.02,1765.669,1.898817812069859,1.898814719538302,1.898814719538302,1.898817812069859,1.6293085480644491,1.6293005748335985,1.6293005748335985,1.6293085480644491,0.3198156282124855,0.3198149127738887,0.3198149127738887,0.3198156282124855,0.2237724814203576,0.2237737496109857,0.2237737496109857,0.2237724814203576,3.1944970412842397
300.0,70.813,20.247,2.804,3.456,404.936,1.911081956358828,1.911078459663863,1.911078459663863,1.911081956358828,1.6747363279548908,1.674729780946011,1.674729780946011,1.6747363279548908,0.3363063710757363,0.3363020752909994,0.3363020752909994,0.3363063710757363,0.2248356678201015,0.2248410356374381,0.2248410356374381,0.2248356678201015,13.894711955901244
300.0,70.88,30.196,4.939,4.068,4101.573,1.8996108193853667,1.899611663321876,1.899611663321876,1.8996108193853667,1.6232026641481498,1.6232044916487185,1.6232044916487185,1.6232026641481498,0.3142165403318381,0.3142069255951414,0.3142069255951414,0.3142165403318381,0.2236282155829749,0.2236361556749504,0.2236361556749504,0.2236282155829749,1.3722524896109616
300.0,70.943,87.967,4.136,6.22,1999.337,1.898732336438746,1.898732137769355,1.898732137769355,1.898732336438746,1.62789715143799,1.6278969755800246,1.6278969755800246,1.62789715143799,0.3189311146099056,0.318930012759138,0.318930012759138,0.3189311146099056,0.2237393402851664,0.2237407409086946,0.2237407409086946,0.2237393402851664,2.8204226206158127
300.0,71.127,51.058,2.977,6.102,4125.645,1.898773316266945,1.8987652487377504,1.8987652487377504,1.898773316266945,1.6227160800618166,1.6226846979976968,1.6226846979976968,1.6227160800618166,0.3150581702317492,0.3150592743805354,0.3150592743805354,0.3150581702317492,0.2236190098859849,0.2236196328729286,0.2236196328729286,0.2236190098859849,1.365172771134584
300.0,71.144,31.245,6.32,3.396,2427.816,1.9003377495871063,1.900334061084812,1.900334061084812,1.9003377495871063,1.6269516863961897,1.6269369927024075,1.6269369927024075,1.6269516863961897,0.3160562931855829,0.3160562429322693,0.3160562429322693,0.3160562931855829,0.2237173015039912,0.2237179073180043,0.2237179073180043,0.2237173015039912,2.318371237769404
300.0,71.221,56.514,3.258,3.211,4958.816,1.8983321635757235,1.8983362762139775,1.8983362762139775,1.8983321635757235,1.6216104992567093,1.6216227168069155,1.6216227168069155,1.6216104992567093,0.3148896698704875,0.3148838975343151,0.3148838975343151,0.3148896698704875,0.2235923154646847,0.2235970312704095,0.2235970312704095,0.2235923154646847,1.1360008970846198
300.0,71.278,32.449,4.611,4.299,3487.466,1.899635246555224,1.89963165355187,1.89963165355187,1.899635246555224,1.6240322261803566,1.6240200433577627,1.6240200433577627,1.6240322261803566,0.3148953408861714,0.314892513445834,0.314892513445834,0.3148953408861714,0.2236484732929107,0.2236515170416929,0.2236515170416929,0.2236484732929107,1.6140103342136578
300.0,71.701,14.342,5.258,3.496,1647.976,1.901775124888348,1.9017787769843548,1.9017787769843548,1.901775124888348,1.631575791267459,1.6315836761057525,1.6315836761057525,1.631575791267459,0.3176610476874558,0.3176272995329464,0.3176272995329464,0.3176610476874558,0.2238105105448023,0.2238365379186435,0.2238365379186435,0.2238105105448023,3.4135616803866964
300.0,71.739,82.195,4.622,5.424,4898.611,1.897257419928336,1.897257908177008,1.897257908177008,1.897257419928336,1.621022946992691,1.621023969600076,1.621023969600076,1.621022946992691,0.316067241021533,0.3160653434343298,0.3160653434343298,0.316067241021533,0.2235786263786873,0.2235804200149938,0.2235804200149938,0.2235786263786873,1.1509229766799407
300.0,71.782,43.238,3.758,5.023,2636.345,1.8995554828618513,1.8995566997674176,1.8995566997674176,1.8995554828618513,1.62578384758395,1.625787811235629,1.625787811235629,1.62578384758395,0.3164352018023214,0.3164333067734052,0.3164333067734052,0.3164352018023214,0.2236883165018204,0.223690385310214,0.223690385310214,0.2236883165018204,2.1358254039713933
300.0,72.096,41.188,3.182,2.572,2847.993,1.89940731925741,1.8994081600483343,1.8994081600483343,1.89940731925741,1.6250937752684638,1.6250973397490205,1.6250973397490205,1.6250937752684638,0.3162103477026631,0.316202767302285,0.316202767302285,0.3162103477026631,0.2236696037060808,0.2236758927591175,0.2236758927591175,0.2236696037060808,1.976969679895328
300.0,72.177,19.947,3.433,2.95,2484.464,1.9004256903324983,1.900426909999661,1.900426909999661,1.9004256903324983,1.6266669257576465,1.6266678779015915,1.6266678779015915,1.6266669257576465,0.3159933665571525,0.3159805786608236,0.3159805786608236,0.3159933665571525,0.2237040108464234,0.223714261001731,0.223714261001731,0.2237040108464234,2.2646739057518386
300.0,72.456,81.368,2.978,4.723,2152.008,1.8983941663244963,1.8983901297121024,1.8983901297120596,1.8983941663244963,1.6268227465978224,1.6268077271353127,1.6268077271350114,1.6268227465978224,0.3189722972542623,0.3189723572650806,0.3189723572650806,0.3189722972542623,0.2237115644979369,0.2237123353486151,0.2237123353486151,0.2237115644979369,2.6197653739254068
300.0,72.706,31.183,5.931,5.838,1267.163,1.901788231287424,1.9017843993712016,1.9017843993712016,1.901788231287424,1.635153612090022,1.6351414267495985,1.6351414267495985,1.635153612090022,0.3205271237308793,0.320525408972161,0.320525408972161,0.3205271237308793,0.2239033053371629,0.223905533468751,0.223905533468751,0.2239033053371629,4.441841776047864
300.0,72.757,61.482,3.025,6.012,4650.87,1.8978065852654469,1.8978013718986948,1.8978013718986948,1.8978065852654469,1.621425356456026,1.6214073264098192,1.6214073264098192,1.621425356456026,0.3158512750840596,0.315850088243147,0.315850088243147,0.3158512750840596,0.2235852180022663,0.2235874170874405,0.2235874170874405,0.2235852180022663,1.2114116685502374
300.0,72.823,44.165,5.319,6.014,4827.425,1.898385379253084,1.8983831869073,1.8983831869073,1.898385379253084,1.621553676392671,1.6215457834828295,1.6215457834828295,1.621553676392671,0.3151690865451264,0.3151687044389945,0.3151687044389945,0.3151690865451264,0.2235890794992622,0.2235900622816678,0.2235900622816678,0.2235890794992622,1.166448741115529
300.0,73.167,84.328,4.756,4.656,1845.194,1.8984697731168336,1.8984674392187644,1.8984674392187644,1.8984697731168336,1.6283146422385797,1.6283050902549687,1.6283050902549687,1.6283146422385797,0.3201649206115647,0.3201656802469459,0.3201656802469459,0.3201649206115647,0.2237462227152984,0.2237458412038017,0.2237458412038017,0.2237462227152984,3.0556625769075825
300.0,73.488,35.676,4.041,2.949,3987.596,1.8987369315139029,1.8987301069089375,1.8987301069089375,1.8987369315139029,1.6225379428117,1.6225177894375962,1.6225177894375962,1.6225379428117,0.3155818830912788,0.3155817114534105,0.3155817114534105,0.3155818830912788,0.2236098138275644,0.2236114277031622,0.2236114277031622,0.2236098138275644,1.4117232430035278
300.0,73.551,86.7,3.178,3.276,2490.848,1.897578082054847,1.8975782580791547,1.8975782580791547,1.897578082054847,1.6249447216742758,1.6249449175723385,1.6249449175723385,1.6249447216742758,0.3189945293192989,0.3189936319019537,0.3189936319019537,0.3189945293192989,0.2236668710522858,0.2236678055932615,0.2236678055932615,0.2236668710522858,2.2637785659826206
300.0,73.709,42.139,5.224,6.451,4313.073,1.8983449188341648,1.8983354568864077,1.8983354568864077,1.8983449188341648,1.6219219395772504,1.6218918988135107,1.6218918988135107,1.6219219395772504,0.3157180814493836,0.31572056978741,0.31572056978741,0.3157180814493836,0.2235961776403293,0.2235955356110566,0.2235955356110566,0.2235961776403293,1.3054649949956796
300.0,73.893,40.828,6.182,3.504,4427.173,1.8983114472610627,1.898306978464016,1.898306978464016,1.8983114472610627,1.6217500283966542,1.6217382488812255,1.6217382488812255,1.6217500283966542,0.3156894674298457,0.3156876377762608,0.3156876377762608,0.3156894674298457,0.2235903154543772,0.2235929734710001,0.2235929734710001,0.2235903154543772,1.2717649910599045
300.0,74.007,59.747,5.528,3.71,2726.889,1.8982778908327491,1.8982761209779533,1.8982761209779533,1.8982778908327491,1.624556205654281,1.6245521269528551,1.6245521269528551,1.624556205654281,0.3178508068650019,0.3178510798875519,0.3178510798875519,0.3178508068650019,0.22365618622391,0.2236569872248279,0.2236569872248279,0.22365618622391,2.066013213682239
300.0,74.02,83.463,2.765,3.598,4786.645,1.8966142611648715,1.8966124917024163,1.8966124917024163,1.8966142611648715,1.6204865472755745,1.620480018651133,1.620480018651133,1.6204865472755745,0.3171278915746096,0.3171267913987449,0.3171267913987449,0.3171278915746096,0.2235624350444524,0.2235634498062291,0.2235634498062291,0.2235624350444524,1.1778900344684633
300.0,74.257,94.344,3.939,5.139,4355.111,1.8962467732503163,1.89624952335912,1.89624952335912,1.896246773250312,1.6206641396752175,1.6206719070645024,1.6206719070645024,1.620664134043086,0.3178377588254924,0.3178333984835745,0.3178333984835745,0.3178377588254924,0.2235655625179637,0.2235688206704131,0.2235688206704131,0.2235655625179637,1.2950613607873502
300.0,74.608,16.56,4.249,5.104,1452.931,1.901309174182496,1.9013050693631937,1.9013050693631937,1.901309174182496,1.6325993510275922,1.6325858587040527,1.6325858587040527,1.6325993510275922,0.3197832702571785,0.3197776304162661,0.3197776304162661,0.3197832702571785,0.2238382737159246,0.223843979448379,0.223843979448379,0.2238382737159246,3.8720744097609097
300.0,74.686,50.758,2.957,4.392,1475.058,1.8999720750322724,1.8999701928147903,1.8999701928147903,1.8999720750322724,1.6316710936896264,1.631665396242313,1.631665396242313,1.6316710936896264,0.3209594345684988,0.3209580299200958,0.3209580299200958,0.3209594345684988,0.223819583146062,0.2238214295184708,0.2238214295184708,0.223819583146062,3.818234270911169
300.0,75.021,52.879,4.558,2.918,2980.893,1.8980998467657488,1.8980980440902973,1.8980980440902973,1.8980998467657488,1.6237006385432555,1.6236928348469477,1.6236928348469477,1.6237006385432555,0.3177156623490405,0.3177125829352838,0.3177125829352838,0.3177156623490405,0.2236336406012958,0.223636226655017,0.223636226655017,0.2236336406012958,1.8895424753188368
300.0,75.134,16.495,3.642,4.464,1609.914,1.9008290260148188,1.900834068082276,1.900834068082276,1.9008290260146936,1.6309068669982685,1.6309220050143989,1.6309220050143989,1.630906861359282,0.3193371524505351,0.3193100554092503,0.3193100554092503,0.3193371524505351,0.2237912618719048,0.2238122815618789,0.2238122815618789,0.2237912618719048,3.494495243326984
300.0,75.465,34.659,4.393,6.484,2072.064,1.8993834703211776,1.8993791207723545,1.8993791207723545,1.899383470321058,1.6273018403273989,1.627289504214007,1.627289504214007,1.6273018346912833,0.3187288497201017,0.318723484099418,0.318723484099418,0.3187288497201017,0.2237148023743201,0.223719678084343,0.223719678084343,0.2237148023743201,2.7166982749093416
300.0,75.53,44.01,5.142,3.855,2531.398,1.8985853229039715,1.8985824678080512,1.8985824678080512,1.8985853229039715,1.6250971777453398,1.6250856276946628,1.6250856276946628,1.6250971777453398,0.3182076094879869,0.3182092606860774,0.3182092606860774,0.3182076094879869,0.2236663670839359,0.2236657873524953,0.2236657873524953,0.2236663670839359,2.22441991734542
300.0,75.616,95.069,5.932,2.76,2810.51,1.8964760275628487,1.8964763996703848,1.8964763996703848,1.8964760275628487,1.6231619847292147,1.623162011542546,1.623162011542546,1.6231619847292147,0.319719296092113,0.3197179105896691,0.3197179105896691,0.319719296092113,0.2236224884135597,0.2236238244143602,0.2236238244143602,0.2236224884135597,2.0068433886001404
300.0,75.649,31.926,4.275,2.624,524.897,1.9065100100845327,1.9065121364027264,1.9065121364027264,1.9065100100845327,1.6600428123203617,1.660051387781643,1.660051387781643,1.6600428123203617,0.3331141259633856,0.3331087466222404,0.3331087466222404,0.3331141259633856,0.2244838966681894,0.2244890033743393,0.2244890033743393,0.2244838966681894,10.723246573187344
300.0,75.925,70.066,4.103,5.543,3927.233,1.8968137758890045,1.896813904293282,1.896813904293282,1.8968137758890045,1.6212623999612006,1.6212593391939727,1.6212593391939727,1.6212623999612006,0.3179109177715308,0.317906887605142,0.317906887605142,0.3179109177715308,0.2235759828417047,0.2235790188204463,0.2235790188204463,0.2235759828417047,1.4350229895391309
300.0,75.948,63.099,3.038,3.581,597.089,1.9041342430668915,1.9041340059068728,1.9041340059068728,1.9041342430668915,1.6540451700043524,1.654041645971798,1.654041645971798,1.6540451700043524,0.3320543415688725,0.3320519089437847,0.3320519089437847,0.3320543415688725,0.2243456792863902,0.2243476853372437,0.2243476853372437,0.2243456792863902,9.43632745601376
300.0,76.321,24.116,4.651,4.402,1623.764,1.9001992417714937,1.900198550208452,1.900198550208452,1.9001992417714937,1.6303128791212564,1.6303111213870891,1.6303111213870891,1.6303128791212564,0.3200578880359533,0.3200472830820114,0.3200472830820114,0.3200578880359533,0.223780888879114,0.2237900597110268,0.2237900597110268,0.223780888879114,3.4655465555524048
300.0,76.586,39.354,4.729,6.452,2371.212,1.8985999202340968,1.8985984344990647,1.8985984344990647,1.8985999202340968,1.625504562933114,1.6254973450525387,1.6254973450525387,1.625504562933114,0.3187581099487943,0.3187561377724655,0.3187561377724655,0.3187581099487943,0.2236726632286837,0.2236747835205474,0.2236747835205474,0.2236726632286837,2.3743257419017274
300.0,76.595,63.266,5.457,4.513,2177.209,1.897897567431712,1.8978989333004932,1.8978989333004932,1.897897567431848,1.625884873470649,1.6258866138846553,1.6258866138846553,1.6258848622422333,0.3200203017569995,0.3200143687827027,0.3200143687827027,0.3200203017569995,0.2236816194653502,0.2236859072839202,0.2236859072839202,0.2236816194653502,2.5879061525329226
300.0,76.605,85.77,4.655,6.492,2770.247,1.8965750946300752,1.8965746958725775,1.8965746958725775,1.8965750946300752,1.623191900241822,1.6231881826176864,1.6231881826176864,1.623191900241822,0.3198520857415636,0.3198503484797476,0.3198503484797476,0.3198520857415636,0.2236211141092068,0.2236225590553178,0.2236225590553178,0.2236211141092068,2.035392957634908
300.0,76.659,94.457,2.8,4.528,4769.993,1.895490625270486,1.8954878237673127,1.8954878237673127,1.895490625270486,1.6195605004499527,1.619551028004804,1.619551028004804,1.6195605004499527,0.3186585181628807,0.3186588015395493,0.3186588015395493,0.3186585181628807,0.2235374329625764,0.2235376784431879,0.2235376784431879,0.2235374329625764,1.1824214143399945
300.0,76.672,34.563,5.18,5.03,4125.378,1.8978615609365952,1.8978624906168653,1.8978624906168653,1.8978615609365952,1.6214794116707885,1.621481742358707,1.621481742358707,1.6214794116707885,0.3168070102900534,0.3168021953891509,0.3168021953891509,0.3168070102900534,0.223578367037683,0.2235827612574975,0.2235827612574975,0.223578367037683,1.364518854573625
300.0,77.019,99.027,5.045,4.408,3802.818,1.8954835902039628,1.8954838361801407,1.8954838361801407,1.8954835902039628,1.6205732537794053,1.620574426787159,1.620574426787159,1.6205732537794053,0.3195215407116219,0.3195208617177911,0.3195208617177911,0.3195215407116219,0.2235605071503091,0.2235613773146918,0.2235613773146918,0.2235605071503091,1.4833674877547405
300.0,77.28,25.506,3.306,4.279,2883.498,1.8985532476880929,1.8985494370518077,1.8985494370518077,1.8985532476880929,1.6238821029583974,1.623870682777407,1.623870682777407,1.6238821029583974,0.3177895853563282,0.3177837262852522,0.3177837262852522,0.3177895853563282,0.2236314147572434,0.223637423384324,0.223637423384324,0.2236314147572434,1.951620418771748
300.0,77.399,50.961,4.961,5.164,4658.701,1.8969159059948888,1.8969198523220052,1.8969198523220052,1.8969159059948888,1.6203138609990844,1.6203258593601189,1.6203258593601189,1.6203138609990844,0.3174347872936518,0.3174281294747001,0.3174281294747001,0.3174347872936518,0.2235501996833281,0.2235553694629796,0.2235553694629796,0.2235501996833281,1.2089550840850964
300.0,77.486,25.5,5.933,5.528,2730.2,1.8985917312285123,1.8985867867722304,1.8985867867722304,1.8985917312285123,1.624263488135188,1.624250655187076,1.624250655187076,1.624263488135188,0.3180760035253706,0.318068605995043,0.318068605995043,0.3180760035253706,0.2236396520520807,0.2236464665660764,0.2236464665660764,0.2236396520520807,2.061200078094049
300.0,77.493,78.969,6.092,4.022,2438.15,1.8968284666469557,1.8968255538166712,1.8968255538166712,1.8968284666469557,1.624209863095616,1.6241978274325193,1.6241978274325193,1.624209863095616,0.320477890925042,0.3204788052829806,0.3204788052829806,0.320477890925042,0.2236441672577127,0.2236437089857463,0.2236437089857463,0.2236441672577127,2.312115991784892
300.0,77.719,93.456,6.417,3.205,3524.976,1.8956017606737348,1.8955985524652936,1.8955985524652936,1.8956017606737348,1.6209684290524589,1.620959711749177,1.620959711749177,1.6209684290524589,0.3198256396408356,0.3198255535391311,0.3198255535391311,0.3198256396408356,0.2235684031391517,0.2235691989109873,0.2235691989109873,0.2235684031391517,1.599995899551742
300.0,77.858,70.259,3.534,5.502,3413.952,1.8964643482424484,1.8964661097028777,1.8964661097028777,1.8964643482424484,1.621590087604311,1.6215921054206273,1.6215921054206273,1.621590087604311,0.3191284391444865,0.3191233966841134,0.3191233966841134,0.3191284391444865,0.2235805501968839,0.2235841607082737,0.2235841607082737,0.2235805501968839,1.6507821524405388
300.0,78.153,76.427,2.613,4.132,3090.279,1.8963131608963288,1.8963131259976216,1.8963131259976216,1.8963131608963288,1.6221088357901954,1.622110699789192,1.622110699789192,1.6221088357901954,0.3197901909179616,0.3197878584164252,0.3197878584164252,0.3197901909179616,0.2235927022399334,0.223595040692693,0.223595040692693,0.2235927022399334,1.8240489612790736
300.0,78.197,26.974,5.016,3.236,1242.512,1.900516032197616,1.9005185248718564,1.9005185248718564,1.900516032197616,1.6340632660795753,1.6340672022537364,1.6340672022537364,1.6340632660795753,0.32287611344799,0.3228655948504283,0.3228655948504283,0.32287611344799,0.2238663686702455,0.2238746403852814,0.2238746403852814,0.2238663686702455,4.529320098310905
300.0,78.439,36.469,3.867,5.444,3078.934,1.8977183371487707,1.8977127014049704,1.8977127014049704,1.8977183371487707,1.622838128198002,1.6228217375642828,1.6228217375642828,1.622838128198002,0.3184605229164622,0.3184564351168605,0.3184564351168605,0.3184605229164622,0.2236064133381411,0.223610698013265,0.223610698013265,0.2236064133381411,1.8283896438638891
300.0,78.718,13.1,5.151,4.416,3154.753,1.8984627941121943,1.898468598445532,1.898468598445532,1.8984627941121943,1.6230275360822732,1.6230467271414082,1.6230467271414082,1.6230275360822732,0.3176593954241938,0.3176265755447422,0.3176265755447422,0.3176593954241938,0.2235994912146185,0.2236253355930441,0.2236253355930441,0.2235994912146185,1.7830910243241282
300.0,78.721,31.155,5.533,3.881,2100.082,1.8985845754944235,1.8985876987908896,1.8985876987908896,1.8985845754944235,1.626310359072298,1.6263191795750405,1.6263191795750405,1.626310359072298,0.3199243849423917,0.3199106600379298,0.3199106600379298,0.3199243849423917,0.2236838211368691,0.2236943849612549,0.2236943849612549,0.2236838211368691,2.680137778103547
300.0,78.888,98.849,3.034,5.23,3385.99,1.8951392111343288,1.895138775728976,1.895138775728976,1.8951392111343288,1.6208130987561635,1.6208117173272676,1.6208117173272676,1.6208130987561635,0.3206409949261467,0.320639691769036,0.320639691769036,0.3206409949261467,0.2235636303673466,0.2235649130083642,0.2235649130083642,0.2235636303673466,1.6659614492820431
300.0,79.067,40.339,3.989,4.828,2264.418,1.8979786016401776,1.897979800930812,1.897979800930812,1.8979786016401776,1.6252459038496938,1.625249814695785,1.625249814695785,1.6252459038496938,0.3200537891621085,0.3200494893069055,0.3200494893069055,0.3200537891621085,0.2236621985875863,0.2236660127087343,0.2236660127087343,0.2236621985875863,2.4863750325265723
300.0,79.084,72.732,4.767,3.822,3185.747,1.8961415636072436,1.8961408555873245,1.8961408555873245,1.8961415636072436,1.621690192681828,1.6216868136495353,1.6216868136495353,1.621690192681828,0.3199537706301803,0.3199524436804423,0.3199524436804423,0.3199537706301803,0.2235824573276916,0.2235835718312814,0.2235835718312814,0.2235824573276916,1.7691720853544457
300.0,79.091,69.078,2.844,6.241,712.615,1.9016959228300887,1.9016970450269508,1.9016970450269508,1.9016959228300887,1.6467898243947046,1.646792174066756,1.646792174066756,1.6467898243947046,0.3308792096617982,0.3308765469942371,0.3308765469942371,0.3308792096617982,0.2241719199209896,0.2241744058361089,0.2241744058361089,0.2241719199209896,7.908078261115185
300.0,79.144,44.883,6.008,6.123,707.757,1.9026200784369407,1.9026191788065696,1.9026191788065696,1.9026200784369407,1.6474507891687291,1.6474471051175874,1.6474471051175874,1.6474507891687291,0.3301068393665425,0.3301044630115292,0.3301044630115292,0.3301068393665425,0.2241849807893062,0.2241874569583312,0.2241874569583312,0.2241849807893062,7.956091889552216
300.0,79.259,60.442,4.941,3.142,2803.097,1.896759702520626,1.8967616711679067,1.8967616711679067,1.896759702520626,1.6228592085257398,1.622863459108108,1.622863459108108,1.6228592085257398,0.3200140669422852,0.3200079120208457,0.3200079120208457,0.3200140669422852,0.223607022076759,0.2236117438611692,0.2236117438611692,0.223607022076759,2.0098765299452044
300.0,79.282,96.087,5.771,4.389,2036.401,1.8961031390936849,1.8961037264856304,1.8961037264856304,1.8961031390936849,1.6252263473873438,1.625228031989457,1.625228031989457,1.6252263473873438,0.3226959951812704,0.3226927858800123,0.3226927858800123,0.3226959951812704,0.2236655271791835,0.2236682999776396,0.2236682999776396,0.2236655271791835,2.7697933555030687
300.0,79.407,44.268,4.531,4.774,3028.893,1.8971861757617348,1.8971868806738967,1.8971868806738967,1.8971861757617348,1.6225304480386602,1.6225331375605818,1.6225331375605818,1.6225304480386602,0.3192145250100911,0.3192073702362126,0.3192073702362126,0.3192145250100911,0.2235977228518643,0.2236038509232964,0.2236038509232964,0.2235977228518643,1.859068036247948
300.0,79.6,26.004,2.567,5.141,2982.199,1.8978375426839948,1.8978402230059184,1.8978402230059184,1.8978375426839948,1.6229607911398507,1.622973046483235,1.622973046483235,1.6229607911398507,0.3186806220180757,0.318670745623295,0.318670745623295,0.3186806220180757,0.2236051283884137,0.2236137924154655,0.2236137924154655,0.2236051283884137,1.8870524284414427
300.0,79.855,38.695,3.544,5.914,1090.177,1.9001901062152289,1.9001826671107027,1.9001826671107027,1.9001901062152289,1.635971928139978,1.635948367243435,1.635948367243435,1.635971928139978,0.3251514153704383,0.3251525329563248,0.3251525329563248,0.3251514153704383,0.2239138570681518,0.2239139623835455,0.2239139623835455,0.2239138570681518,5.164174963138838
300.0,79.948,53.161,4.898,5.154,2793.56,1.8968477854825505,1.8968450766338247,1.8968450766338247,1.8968477854825505,1.622843265021389,1.6228373713712394,1.6228373713712394,1.622843265021389,0.3200501685393676,0.3200495684032001,0.3200495684032001,0.3200501685393676,0.2236066545346038,0.2236080445302264,0.2236080445302264,0.2236066545346038,2.016259110493668
300.0,80.125,36.592,3.738,3.748,486.019,1.905866497474489,1.9058650562066703,1.9058650562066703,1.905866497474489,1.6622599635189852,1.6622588894568002,1.6622588894568002,1.6622599635189852,0.3367780843989496,0.3367715895196106,0.3367715895196106,0.3367780843989496,0.2245350573972825,0.2245412395614665,0.2245412395614665,0.2245350573972825,11.582714495858232
300.0,80.135,33.646,5.319,4.364,3138.779,1.8973242881722707,1.897321711777788,1.897321711777788,1.8973242881722707,1.6222795176244875,1.622270261873921,1.622270261873921,1.6222795176244875,0.3190162736245612,0.319011185770054,0.319011185770054,0.3190162736245612,0.2235907926580014,0.2235953534378508,0.2235953534378508,0.2235907926580014,1.7933615322144625
300.0,80.201,74.549,3.858,2.979,2214.551,1.8964495143437656,1.8964490545207513,1.8964490545207513,1.8964495143437656,1.6244932977823918,1.6244915195610667,1.6244915195610667,1.6244932977823918,0.321895966588348,0.3218932365560364,0.3218932365560364,0.321895966588348,0.2236459448399771,0.2236485507875886,0.2236485507875886,0.2236459448399771,2.5451899776971465
300.0,80.217,57.395,5.019,6.396,1168.87,1.8990888531967067,1.8990872751359151,1.8990872751359151,1.8990888531967067,1.634083084633829,1.6340765326724067,1.6340765326724067,1.634083084633829,0.3253710604249952,0.3253686379468533,0.3253686379468533,0.3253710604249952,0.2238696256675208,0.2238718044693987,0.2238718044693987,0.2238696256675208,4.819432763129488
300.0,80.448,28.867,3.876,5.65,2805.166,1.897600285696486,1.8976014648656383,1.8976014648656383,1.897600285696486,1.6231426591737093,1.6231501714490555,1.6231501714490555,1.6231426591737093,0.3193601926910625,0.3193532904687739,0.3193532904687739,0.3193601926910625,0.2236093428327325,0.2236160310359731,0.2236160310359731,0.2236093428327325,2.0063286064211847
300.0,80.461,28.809,6.49,4.373,1332.195,1.8995572031441283,1.8995563885232047,1.8995563885232047,1.8995572031441283,1.6321635458215835,1.6321583213609403,1.6321583213609403,1.6321635458215835,0.3233592535999156,0.3233556103611516,0.3233556103611516,0.3233592535999156,0.223821517184375,0.2238249856576203,0.2238249856576203,0.223821517184375,4.224649303730824
300.0,80.529,59.375,5.277,5.193,852.309,1.9005090751938756,1.900508605430092,1.900508605430092,1.9005090751938756,1.6412631860293472,1.6412647921132275,1.6412647921132275,1.6412631860293472,0.3288077371062304,0.328803476545911,0.328803476545911,0.3288077371062304,0.2240381267375803,0.2240422548291274,0.2240422548291274,0.2240381267375803,6.609855912764624
300.0,80.805,73.85,5.833,3.793,1112.872,1.898532196788005,1.8985298335895455,1.8985298335895455,1.898532196788005,1.6345915061074583,1.6345868230943232,1.6345868230943232,1.6345915061074583,0.3266681105009132,0.3266675091856608,0.3266675091856608,0.3266681105009132,0.2238831216208347,0.2238844553135576,0.2238844553135576,0.2238831216208347,5.064647862779768
300.0,80.873,76.25,5.186,6.286,377.186,1.9071699469427843,1.90716905714392,1.90716905714392,1.9071699469427843,1.675183746035592,1.6751820289962516,1.6751820289962516,1.675183746035592,0.3446215444339532,0.3446203774421527,0.3446203774421527,0.3446215444339532,0.2248568944033491,0.2248584861951373,0.2248584861951373,0.2248568944033491,14.943960294723317
300.0,80.975,17.743,4.988,3.329,3945.735,1.897354898183736,1.897359262700071,1.897359262700071,1.897354898183736,1.62087627475318,1.6208783400778928,1.6208783400778928,1.62087627475318,0.3181380495404257,0.3181182530254842,0.3181182530254842,0.3181380495404257,0.2235521254252335,0.2235666759090943,0.2235666759090943,0.2235521254252335,1.4258566659261844
300.0,81.085,33.0,2.776,2.627,2668.574,1.8973666862238552,1.8973660192701327,1.8973660192701327,1.8973666862238552,1.623323264525246,1.6233217632758212,1.6233217632758212,1.623323264525246,0.319965648315032,0.3199623071450151,0.3199623071450151,0.319965648315032,0.2236141615580787,0.2236177087588709,0.2236177087588709,0.2236141615580787,2.1093052652742723
300.0,81.143,67.211,6.068,6.457,2069.479,1.89662075464135,1.896617098894284,1.896617098894284,1.89662075464135,1.6251077185068183,1.6250936155728313,1.6250936155728313,1.6251077185068183,0.3223478672712537,0.3223486687920516,0.3223486687920516,0.3223478672712537,0.2236599362483397,0.2236596985073242,0.2236596985073242,0.2236599362483397,2.7229569204819675
300.0,81.253,56.298,5.838,2.849,696.643,1.9017287362868056,1.9017274674554725,1.9017274674554725,1.9017287362868056,1.6471743897155116,1.6471714450973238,1.6471714450973238,1.6471743897155116,0.33167039037054,0.3316687171401548,0.3316687171401548,0.33167039037054,0.2241786044088897,0.2241808415688118,0.2241808415688118,0.2241786044088897,8.085999811113004
300.0,81.267,73.318,3.217,3.501,2386.714,1.8960407998656628,1.8960399359372089,1.8960399359372089,1.8960407998656628,1.623483519566865,1.6234828919329385,1.6234828919329385,1.623483519566865,0.3219741795440997,0.3219735043966363,0.3219735043966363,0.3219741795440997,0.223621651690367,0.2236229758909915,0.2236229758909915,0.223621651690367,2.36150019894532
300.0,81.947,79.311,2.535,6.13,2308.157,1.8957042624487872,1.8957086776384904,1.8957086776384904,1.8957042624487872,1.6235187216053402,1.623533882822067,1.623533882822067,1.6235187216053402,0.322632296006329,0.322629890400813,0.322629890400813,0.322632296006329,0.2236220416594152,0.223623585349343,0.223623585349343,0.2236220416594152,2.4423471369802883
300.0,82.451,37.823,5.473,3.226,4896.139,1.8959594078362365,1.895962754566609,1.895962754566609,1.8959594078362365,1.6189396711114288,1.6189506325278256,1.6189506325278256,1.6189396711114288,0.3189969524238943,0.3189913818230377,0.3189913818230377,0.3189969524238943,0.2235101309790746,0.2235149125100635,0.2235149125100635,0.2235101309790746,1.149828619239367
300.0,82.579,54.894,4.638,5.299,3863.572,1.895563158953244,1.8955633953015292,1.8955633953015292,1.895563158953244,1.6198193679787762,1.6198201283222875,1.6198201283222875,1.6198193679787762,0.3202319159522155,0.3202301947600321,0.3202301947600321,0.3202319159522155,0.2235330712217803,0.2235348147195791,0.2235348147195791,0.2235330712217803,1.4579374107688492
300.0,82.654,16.991,2.901,4.008,2471.602,1.8976751614179888,1.8976708769058497,1.8976708769058497,1.8976751614179888,1.62388691486723,1.6238731718775732,1.6238731718775732,1.62388691486723,0.3203640797765235,0.3203340941307202,0.3203340941307202,0.3203640797765235,0.223614349601875,0.2236378117922287,0.2236378117922287,0.223614349601875,2.2762149949309944
300.0,82.753,30.092,3.319,3.755,3366.315,1.8966274773131224,1.8966321535525887,1.8966321535525887,1.8966274773131224,1.621149399098469,1.621164871277014,1.621164871277014,1.621149399098469,0.3197828755766631,0.3197780010580989,0.3197780010580989,0.3197828755766631,0.223561204993976,0.2235651513084025,0.2235651513084025,0.223561204993976,1.6719471301942417
300.0,82.776,69.786,6.456,4.334,1944.611,1.8962269455427416,1.8962226863439624,1.8962226863439624,1.8962269455427416,1.6253177319683996,1.6253062152541653,1.6253062152541653,1.6253177319683996,0.3234577562547661,0.3234619763667048,0.3234619763667048,0.3234577562547661,0.2236644465060478,0.2236625113958263,0.2236625113958263,0.2236644465060478,2.898041939792064
300.0,82.998,58.12,3.172,5.23,3194.618,1.8955998596800312,1.895598976190296,1.895598976190296,1.8955998596800312,1.6208895048773002,1.6208877893228852,1.6208877893228852,1.6208895048773002,0.3210787898628806,0.3210781132677853,0.3210781132677853,0.3210787898628806,0.2235578949832978,0.2235592206736103,0.2235592206736103,0.2235578949832978,1.7634141138666093
300.0,83.699,62.85,4.377,2.766,1615.963,1.8967483387862247,1.8967435301327351,1.8967435301327351,1.8967483387862247,1.6275972405949062,1.6275820098523106,1.6275820098523106,1.6275972405949062,0.3246635807046991,0.3246628229730941,0.3246628229730941,0.3246635807046991,0.2237148791552197,0.2237161819209945,0.2237161819209945,0.2237148791552197,3.4866385430396853
300.0,83.994,14.024,5.196,3.886,4877.611,1.896417726676276,1.896420779238084,1.896420779238084,1.896417726676276,1.6190077808387904,1.6190118635397543,1.6190118635397543,1.6190077808387904,0.3188001762108786,0.3187735277107889,0.3187735277107889,0.3188001762108786,0.223500956178937,0.2235212543125548,0.2235212543125548,0.223500956178937,1.1533002834502302
300.0,84.161,22.155,4.205,4.261,1805.923,1.8977975121715265,1.8978045584608048,1.8978045584608048,1.8977975121715265,1.6267554117013474,1.6267727010560056,1.6267727010560056,1.6267554117013474,0.3227079153552618,0.3226905970897798,0.3226905970897798,0.3227079153552618,0.223686176383774,0.2236990318813123,0.2236990318813123,0.223686176383774,3.115761532930652
300.0,84.355,90.328,2.571,6.126,3988.602,1.8937227286646847,1.8937264266577611,1.8937264266577611,1.8937227286646847,1.6184757868532105,1.6184889171468173,1.6184889171468173,1.6184757868532105,0.3222152970323449,0.3222159584428857,0.3222159584428857,0.3222152970323449,0.2235036971068558,0.2235029473549069,0.2235029473549069,0.2235036971068558,1.413862283580438
300.0,84.444,59.355,5.169,5.655,1491.916,1.8969246357376148,1.8969231313089767,1.8969231313089767,1.8969246357376148,1.628635211425158,1.6286323663633682,1.6286323663633682,1.628635211425158,0.3253789303809262,0.3253783208058237,0.3253783208058237,0.3253789303809262,0.2237384273082991,0.2237398410323948,0.2237398410323948,0.2237384273082991,3.7761045972928233
300.0,84.665,41.876,6.014,5.218,566.995,1.902948902155596,1.9029473475330505,1.9029473475330505,1.902948902155596,1.6541069206023364,1.6541047168409302,1.6541047168409302,1.6541069206023364,0.3359591003550951,0.3359607784344288,0.3359607784344288,0.3359591003550951,0.2243428905697671,0.2243429906872146,0.2243429906872146,0.2243428905697671,9.930203381205821
300.0,84.878,84.268,6.352,3.112,4925.483,1.8935619062894335,1.8935626958368732,1.8935626958368732,1.8935619062894335,1.617348663980393,1.6173484117510613,1.6173484117510613,1.617348663980393,0.3217330925575911,0.3217289022007286,0.3217289022007286,0.3217330925575911,0.2234745133028715,0.223477649125783,0.223477649125783,0.2234745133028715,1.1447041201978256
300.0,85.12,92.386,3.783,5.539,1833.851,1.8948939994234248,1.894895954610576,1.894895954610576,1.8948939994234248,1.6249539659841454,1.624961681908574,1.624961681908574,1.6249539659841454,0.3256204698725479,0.3256183783024715,0.3256183783024715,0.3256204698725479,0.2236548305726044,0.2236568336408761,0.2236568336408761,0.2236548305726044,3.075326769654461
300.0,85.184,43.958,4.7,3.599,501.25,1.9038820854951315,1.9038789017228912,1.9038789017228912,1.9038820854951315,1.659299364209475,1.6592928090972547,1.6592928090972547,1.659299364209475,0.338622761315509,0.3386218366755935,0.3386218366755935,0.338622761315509,0.2244674755039478,0.2244694952877891,0.2244694952877891,0.2244674755039478,11.233398209887955
300.0,86.043,64.607,3.056,3.448,1959.609,1.8954934944117576,1.895494610196215,1.895494610196215,1.8954934944117576,1.624450562597807,1.624450716126863,1.624450716126863,1.624450562597807,0.3246341581411217,0.3246305166685551,0.3246305166685551,0.3246341581411217,0.2236388926508649,0.2236416953292527,0.2236416953292527,0.2236388926508649,2.875365492593864
300.0,86.574,71.158,5.891,4.314,2437.644,1.894605610029563,1.894604001073948,1.894604001073948,1.894605610029563,1.621884547046272,1.621877294456802,1.621877294456802,1.621884547046272,0.3240859632167624,0.324083807093556,0.324083807093556,0.3240859632167624,0.2235792649823008,0.2235809493743798,0.2235809493743798,0.2235792649823008,2.311984075295276
300.0,86.593,98.711,5.599,5.893,491.552,1.9016705099179307,1.901669407378518,1.901669407378518,1.9016705099179307,1.6588402204417887,1.6588357580757531,1.6588357580757531,1.6588402204417887,0.3416871706838214,0.3416873209465999,0.3416873209465999,0.3416871706838214,0.2244691839492704,0.2244693037992018,0.2244693037992018,0.2244691839492704,11.475428015375778
300.0,86.713,54.158,4.96,5.976,2638.382,1.8950420928266647,1.8950377600581123,1.8950377600581123,1.8950420928266647,1.6214603586503369,1.621447899859099,1.621447899859099,1.6214603586503369,0.3231975640647307,0.3231992521611623,0.3231992521611623,0.3231975640647307,0.2235681411414279,0.2235678862326514,0.2235678862326514,0.2235681411414279,2.1348989038489474
300.0,86.747,95.158,6.436,3.435,3652.738,1.892990677758224,1.8929908722412363,1.8929908722412363,1.892990677758224,1.618249451322528,1.6182507128341992,1.6182507128341992,1.618249451322528,0.3236594831274058,0.3236570282520142,0.3236570282520142,0.3236594831274058,0.2234958662169261,0.2234982106370121,0.2234982106370121,0.2234958662169261,1.5441020987211478
300.0,86.833,53.635,3.903,5.853,385.452,1.9060585778709636,1.9060570458176165,1.9060570458176165,1.9060585778709636,1.672654515331284,1.6726465006225932,1.6726465006225932,1.672654515331284,0.3458276023664027,0.3458247019231753,0.3458247019231753,0.3458276023664027,0.2247951630210469,0.2247977856658015,0.2247977856658015,0.2247951630210469,14.6126605642024
300.0,86.85,89.28,5.238,3.468,1342.226,1.8955206972433036,1.8955194447396972,1.8955194447396972,1.8955206972433036,1.629130810361022,1.6291259194149756,1.6291259194149756,1.629130810361022,0.328286752779091,0.3282880117032037,0.3282880117032037,0.328286752779091,0.2237538943799287,0.2237533886862288,0.2237533886862288,0.2237538943799287,4.2013030623560494
300.0,87.125,21.54,4.679,2.539,4472.417,1.895364434159608,1.8953642051281456,1.8953642051281456,1.895364434159608,1.6184311666980284,1.6184272664646735,1.6184272664646735,1.6184311666980284,0.320596463019954,0.3205817969130223,0.3205817969130223,0.320596463019954,0.223488485202125,0.2234997830814951,0.2234997830814951,0.223488485202125,1.2580915947854838
300.0,87.617,99.992,4.519,6.199,2614.929,1.8931078810973423,1.893107702088232,1.893107702088232,1.8931078810973423,1.6204042919916886,1.620406084120772,1.620406084120772,1.6204042919916886,0.3253214535017152,0.3253192364669557,0.3253192364669557,0.3253214535017152,0.2235471086512348,0.2235495178858051,0.2235495178858051,0.2235471086512348,2.15725792738679
300.0,87.691,69.499,3.59,5.834,4412.475,1.893450498151164,1.8934476150579087,1.8934476150579087,1.893450498151164,1.6174436513015968,1.6174280839215969,1.6174280839215969,1.6174436513015968,0.3226333464825688,0.3226321223019967,0.3226321223019967,0.3226333464825688,0.2234737076348383,0.2234749532860958,0.2234749532860958,0.2234737076348383,1.2771728780131475
300.0,87.792,18.066,3.555,5.018,2001.461,1.8966867806973136,1.8966796120729708,1.8966796120729708,1.8966867806973136,1.6246549754180146,1.6246326970675156,1.6246326970675156,1.6246549754180146,0.323558136596193,0.323551291430391,0.323551291430391,0.323558136596193,0.2236339976716308,0.2236416668913153,0.2236416668913153,0.2236339976716308,2.8109733897784697
300.0,87.834,12.972,5.735,5.717,3674.39,1.8957217779589195,1.8957258791371256,1.8957258791371256,1.895721777959041,1.6195025994662628,1.619518237717477,1.619518237717477,1.6195025994665393,0.3210873394734498,0.3210574810280008,0.3210574810280008,0.3210873394734498,0.2235059040857196,0.223529856853634,0.223529856853634,0.2235059040857196,1.530902976924248
300.0,88.119,85.7,6.25,2.828,2375.122,1.893689748148691,1.8936899099659323,1.8936899099659323,1.893689748148691,1.6214338388941272,1.6214316660317527,1.6214316660317527,1.6214338388941272,0.3254018619589168,0.3253989310306851,0.3253989310306851,0.3254018619589168,0.2235692850910125,0.223571643999692,0.223571643999692,0.2235692850910125,2.3739628123711007
300.0,88.253,94.324,3.356,3.755,2407.514,1.893308430597802,1.893309144168277,1.893309144168277,1.8933084305978596,1.6211124744094672,1.6211134811680488,1.6211134811680488,1.621112474410116,0.3257207289059808,0.3257174985081903,0.3257174985081903,0.3257207289059808,0.2235624184982147,0.2235648859506016,0.2235648859506016,0.2235624184982147,2.3426782510050352
300.0,88.446,30.225,3.504,6.496,1859.033,1.896233203962009,1.8962347686144352,1.8962347686144352,1.896233203962009,1.6250876685988591,1.6250918897994715,1.6250918897994715,1.6250876685988591,0.3246810862309997,0.324672083306958,0.324672083306958,0.3246810862309997,0.2236463257945802,0.2236537512250912,0.2236537512250912,0.2236463257945802,3.0275279619909248
300.0,88.52,37.384,4.559,4.093,912.339,1.8987166557139656,1.898718811873065,1.898718811873065,1.8987166557139656,1.637728005993499,1.637737459137636,1.637737459137636,1.637728005993499,0.3306681384112946,0.3306619501024843,0.3306619501024843,0.3306681384112946,0.2239474577837132,0.2239533432310716,0.2239533432310716,0.2239474577837132,6.170465676774153
300.0,88.553,97.169,4.073,3.75,2806.841,1.8928224948731824,1.8928212608272363,1.8928212608272363,1.8928224948731824,1.6196132867216673,1.6196082440553004,1.6196082440553004,1.6196132867216673,0.3253537001257623,0.3253517498608722,0.3253517498608722,0.3253537001257623,0.2235278511373749,0.2235296099616219,0.2235296099616219,0.2235278511373749,2.009573532637248
300.0,88.562,50.863,6.157,2.68,3068.5,1.894383335138484,1.8943837022289944,1.8943837022289944,1.894383335138484,1.619803729767737,1.619806418432446,1.619806418432446,1.619803729767737,0.3233328663270768,0.3233285895316152,0.3233285895316152,0.3233328663270768,0.2235254812194645,0.2235295234169942,0.2235295234169942,0.2235254812194645,1.8354467067839555
300.0,88.563,78.541,3.492,6.006,335.22,1.9066087491447992,1.906606854455954,1.906606854455954,1.9066087491447992,1.6808787218281094,1.68087360670408,1.68087360670408,1.6808787218281094,0.3515067469230687,0.3515072508543749,0.3515072508543749,0.3515067469230687,0.2250067351738962,0.2250072562298522,0.2250072562298522,0.2250067351738962,16.815853551236277
300.0,88.626,18.344,3.324,4.887,1345.33,1.897643424122412,1.8976417103377088,1.8976417103377088,1.897643424122412,1.629964537252975,1.6299663166638387,1.6299663166638387,1.629964537252975,0.3264167260713842,0.3263980852041141,0.3263980852041141,0.3264167260713842,0.2237548883132622,0.2237713598582903,0.2237713598582903,0.2237548883132622,4.181939115302038
300.0,88.715,47.888,4.18,3.297,1627.579,1.89588317878703,1.8958797349863568,1.8958797349863568,1.89588317878703,1.626423741120653,1.6264121217732244,1.6264121217732244,1.626423741120653,0.3262267777897969,0.3262267780862626,0.3262267780862626,0.3262267777897969,0.2236830369419329,0.2236837800808458,0.2236837800808458,0.2236830369419329,3.460051436351644
300.0,88.942,76.292,3.974,5.859,1736.343,1.8945779215446623,1.8945762328056015,1.8945762328056015,1.8945779215446623,1.6249380563198013,1.6249337345550332,1.6249337345550332,1.6249380563198013,0.3269859661098434,0.3269861200321642,0.3269861200321642,0.3269859661098434,0.2236515047015314,0.2236519294274357,0.2236519294274357,0.2236515047015314,3.246314005747555
300.0,88.982,93.947,5.557,4.263,587.897,1.8995132817451172,1.899513915453677,1.899513915453677,1.8995132817451172,1.6505387516225405,1.6505397760754938,1.6505397760754938,1.6505387516225405,0.3391537606219643,0.3391522877998205,0.3391522877998205,0.3391537606219643,0.224267812646476,0.2242690722336241,0.2242690722336241,0.224267812646476,9.593330208260936
300.0,89.09,71.877,5.446,3.781,477.226,1.9022638433452577,1.9022646211087044,1.9022646211087044,1.9022638433452577,1.660075125161372,1.6600768028668516,1.6600768028668516,1.660075125161372,0.3424079123158285,0.3424052708603733,0.3424052708603733,0.3424079123158285,0.2244944144486546,0.2244965457303575,0.2244965457303575,0.2244944144486546,11.809566252776865
300.0,89.507,23.371,6.032,5.174,4647.98,1.8945886091247073,1.894592551338716,1.894592551338716,1.8945886091247073,1.6175526567144722,1.6175619114634652,1.6175619114634652,1.6175526567144722,0.3215988044954846,0.3215849528278002,0.3215849528278002,0.3215988044954846,0.223465820297008,0.2234769711170301,0.2234769711170301,0.223465820297008,1.210639584766208
300.0,89.61,62.114,6.117,4.467,2207.476,1.8943043437735123,1.894304354916824,1.894304354916824,1.8943043437735123,1.6222092367737002,1.6222098764153494,1.6222098764153494,1.6222092367737002,0.3254950385615053,0.3254941873538047,0.3254941873538047,0.3254950385615053,0.2235845770072061,0.2235858068863411,0.2235858068863411,0.2235845770072061,2.552288950140655
300.0,89.761,12.282,2.691,5.393,1245.537,1.8978487623531173,1.8978488510575209,1.8978488510575209,1.8978487623531173,1.6311542887096195,1.6311569177220877,1.6311569177220877,1.6311542887096195,0.3273010694779038,0.3272607092821833,0.3272607092821833,0.3273010694779038,0.223774304789878,0.2238057586947026,0.2238057586947026,0.223774304789878,4.51609819728576
300.0,90.019,85.497,6.388,6.347,562.436,1.899918055485124,1.899918553305008,1.899918553305008,1.899918055485124,1.6522025896257837,1.6522036277872612,1.6522036277872612,1.6522025896257837,0.3400820164199461,0.3400784499242335,0.3400784499242335,0.3400820164199461,0.2243062758487983,0.2243092485697065,0.2243092485697065,0.2243062758487983,10.024846406993014
300.0,90.524,88.638,4.172,3.72,4568.117,1.891905144793797,1.8919044769844997,1.8919044769844997,1.891905144793797,1.6161086708398376,1.6161042517671094,1.6161042517671094,1.6161086708398376,0.3244864169121636,0.3244848466941575,0.3244848466941575,0.3244864169121636,0.2234435863912591,0.2234449092405268,0.2234449092405268,0.2234435863912591,1.2344219957975315
300.0,90.597,21.401,2.557,6.205,2433.528,1.895336441738368,1.895339387517203,1.895339387517203,1.895336441738368,1.6218025423363749,1.6218097252036137,1.6218097252036137,1.6218025423363749,0.3239928286291342,0.3239734702171632,0.3239734702171632,0.3239928286291342,0.223561798911989,0.2235771396499112,0.2235771396499112,0.223561798911989,2.3121381261376563
300.0,90.94,43.482,3.184,4.407,3158.157,1.8939475048200336,1.8939524507538812,1.8939524507538812,1.8939475048200336,1.619104773987611,1.6191182583220187,1.6191182583220187,1.619104773987611,0.3239910123822772,0.3239823067020188,0.3239823067020188,0.3239910123822772,0.2235057048657073,0.2235125568952701,0.2235125568952701,0.2235057048657073,1.782906048460873
300.0,91.044,50.939,3.957,5.452,717.843,1.8989890455179508,1.8989907000140271,1.8989907000140271,1.8989890455179508,1.6436573530400216,1.6436637692820513,1.6436637692820513,1.6436573530400216,0.3353033348653515,0.3352989111697014,0.3352989111697014,0.3353033348653515,0.2240931811360967,0.2240967624729866,0.2240967624729866,0.2240931811360967,7.845744331060553
300.0,91.235,70.897,5.177,5.776,2662.932,1.893139797184116,1.893140272501346,1.893140272501346,1.893139797184116,1.6198325389268882,1.619834553833958,1.619834553833958,1.6198325389268882,0.325733102066308,0.3257315482715279,0.3257315482715279,0.325733102066308,0.2235287400330139,0.2235303659142764,0.2235303659142764,0.2235287400330139,2.1163575911376604
300.0,91.461,84.745,3.328,5.606,1445.818,1.894138482175928,1.8941371795393227,1.8941371795393227,1.894138482175928,1.6267712706500457,1.6267666550144362,1.6267666550144362,1.6267712706500457,0.3295736048103333,0.3295755343028349,0.3295755343028349,0.3295736048103333,0.2236965839078866,0.223695552143814,0.223695552143814,0.2236965839078866,3.899687605640683
300.0,91.484,91.828,5.909,2.999,1958.282,1.8929659583411629,1.8929652780977,1.8929652780977,1.8929659583411629,1.6224609253186075,1.6224598695347554,1.6224598695347554,1.6224609253186075,0.3279991921555345,0.3280004606516533,0.3280004606516533,0.3279991921555345,0.2235950543109623,0.2235948470934994,0.2235948470934994,0.2235950543109623,2.8798448424026883
300.0,91.908,31.696,4.212,2.879,4286.073,1.8936980569974728,1.8937002463799677,1.8937002463799677,1.8936980569974728,1.6171541829024996,1.6171601150566348,1.6171601150566348,1.6171541829024996,0.3231222848878138,0.3231112883999892,0.3231112883999892,0.3231222848878138,0.2234567103078981,0.2234657563588141,0.2234657563588141,0.2234567103078981,1.313215232936443
300.0,91.993,68.791,5.163,5.832,2990.029,1.8927994255478615,1.8928022992134863,1.8928022992134863,1.8927994255477776,1.6187267525742373,1.618737045343308,1.618737045343308,1.6187267525744544,0.3255650249088137,0.3255607870062777,0.3255607870062777,0.3255650249088137,0.2235012819419283,0.2235050596525779,0.2235050596525779,0.2235012819419283,1.8847068295077096
300.0,92.091,32.2,2.901,2.92,1665.541,1.895449067813329,1.8954535312596528,1.8954535312596528,1.895449067813329,1.6254907879311256,1.6255082718940663,1.6255082718940663,1.6254907879311256,0.3269644189090169,0.3269600488785646,0.3269600488785646,0.3269644189090169,0.2236556525160405,0.2236602087078824,0.2236602087078824,0.2236556525160405,3.3794484219026355
300.0,92.118,49.641,4.152,4.775,2420.302,1.8938678408498937,1.8938653130286751,1.8938653130286751,1.8938678408498937,1.6208688384945422,1.6208618383561104,1.6208618383561104,1.6208688384945422,0.3257106121946756,0.3257073092798958,0.3257073092798958,0.3257106121946756,0.2235490933353238,0.2235526844965897,0.2235526844965897,0.2235490933353238,2.3269051203890325
300.0,92.713,89.33,5.369,5.507,4862.657,1.8911992175061407,1.8911983532668488,1.8911983532668488,1.8911992175061407,1.615200824446403,1.615199307928239,1.615199307928239,1.615200824446403,0.3253228951443805,0.3253219402546149,0.3253219402546149,0.3253228951443805,0.223421489936229,0.2234228821156442,0.2234228821156442,0.223421489936229,1.159673958248305
300.0,93.154,71.922,5.96,4.878,2230.752,1.8929238250758869,1.8929232318807667,1.8929232318807667,1.8929238250758869,1.6209650351402551,1.6209627474176476,1.6209627474176476,1.6209650351402551,0.327345110958891,0.3273457348244742,0.3273457348244742,0.327345110958891,0.2235563552391773,0.223556245261497,0.223556245261497,0.2235563552391773,2.5264537803172726
300.0,93.377,45.46,5.207,2.909,3471.636,1.8930466420141625,1.8930474587083663,1.8930474587083663,1.8930466420141625,1.61774481861188,1.6177485817150763,1.6177485817150763,1.61774481861188,0.3248221885097579,0.3248186102513329,0.3248186102513329,0.3248221885097579,0.2234745419290176,0.2234778996821913,0.2234778996821913,0.2234745419290176,1.6220153468619607
300.0,93.526,98.814,3.209,5.45,2330.216,1.8917335062331384,1.891730814416578,1.891730814416578,1.8917335062331384,1.6199384506564205,1.6199308066166576,1.6199308066166576,1.6199384506564205,0.3283151869423391,0.3283141916688692,0.3283141916688692,0.3283151869423391,0.2235351482385704,0.223536654417309,0.223536654417309,0.2235351482385704,2.4207274771245824
300.0,93.655,79.886,4.857,3.446,3529.437,1.8916698690759024,1.8916672571878423,1.8916672571878423,1.8916698690759024,1.6169077530556344,1.6168997088173445,1.6168997088173445,1.6169077530556344,0.3261726261802361,0.3261741341709023,0.3261741341709023,0.3261726261802361,0.2234613768462564,0.2234609325790893,0.2234609325790893,0.2234613768462564,1.597238899939352
300.0,93.689,87.542,5.021,2.904,977.304,1.8950505871939147,1.8950517728211929,1.8950517728211929,1.8950505871939147,1.6337277918180275,1.6337314752121244,1.6337314752121244,1.6337277918180275,0.3340456165998876,0.3340430362656419,0.3340430362656419,0.3340456165998876,0.2238630535032268,0.2238654074325917,0.2238654074325917,0.2238630535032268,5.76966967788045
300.0,93.982,62.345,3.616,6.121,1352.463,1.8944954529000544,1.8944921137566777,1.8944921137567277,1.8944954529000544,1.627614890934711,1.6276039933838091,1.6276040043040771,1.627614890934711,0.3303239660649482,0.3303253959764343,0.3303253959764343,0.3303239660649482,0.2237129461409966,0.2237124977101141,0.2237124977101141,0.2237129461409966,4.165819309336129
300.0,94.335,65.288,5.342,6.143,4857.031,1.8916339708782373,1.891634717893504,1.891634717893504,1.8916339708782373,1.6152308759605274,1.6152327462944336,1.6152327462944336,1.6152308759605274,0.3251342031162435,0.3251304130996816,0.3251304130996816,0.3251342031162435,0.223417681769679,0.2234209065812428,0.2234209065812428,0.223417681769679,1.1601073118024925
300.0,94.413,38.621,5.277,6.402,1762.942,1.8943921141187952,1.894395167035254,1.894395167035254,1.8943921141187952,1.6239832057046315,1.6239903012900148,1.6239903012900148,1.6239832057046315,0.32787065677798,0.327866546458634,0.327866546458634,0.32787065677798,0.2236211155686666,0.2236246115536618,0.2236246115536618,0.2236211155686666,3.193394671832233
300.0,94.459,10.872,4.851,2.83,2403.138,1.8946606828595465,1.894659773064316,1.894659773064316,1.8946606828595465,1.6210462572702422,1.6210453442921773,1.6210453442921773,1.6210462572702422,0.3253377483039294,0.3252886645563257,0.3252886645563257,0.3253377483039294,0.2235301947380765,0.2235683576082937,0.2235683576082937,0.2235301947380765,2.3405632745956555
300.0,94.661,22.1,3.563,3.378,2929.167,1.8938175569564195,1.8938197838290065,1.8938197838290065,1.8938175569564195,1.6190783509276296,1.6190854407793267,1.6190854407793267,1.6190783509276296,0.3250593226856751,0.3250468619294382,0.3250468619294382,0.3250593226856751,0.2234991846170306,0.2235095846330912,0.2235095846330912,0.2234991846170306,1.920940420477472
300.0,94.799,29.122,3.247,4.578,2299.929,1.8939870890986168,1.8939823012373225,1.8939823012373225,1.8939870890986168,1.62105469880158,1.6210404331003967,1.6210404331003967,1.62105469880158,0.3263293664770841,0.3263251093777763,0.3263251093777763,0.3263293664770841,0.2235488940491658,0.223553664721378,0.223553664721378,0.2235488940491658,2.447049457931465
300.0,94.944,30.631,3.241,5.795,4638.275,1.892800339879764,1.89280290676569,1.89280290676569,1.892800339879764,1.615975121076989,1.6159803754860538,1.6159803754860538,1.615975121076989,0.3242103281290335,0.3242021716100704,0.3242021716100704,0.3242103281290335,0.2234285341797992,0.223435123257424,0.223435123257424,0.2234285341797992,1.2134512916921687
300.0,95.091,56.12,3.286,3.783,2406.179,1.892806112801272,1.892805288400326,1.892805288400326,1.892806112801272,1.6200180263727162,1.6200144530432297,1.6200144530432297,1.6200180263727162,0.3272653960631031,0.3272604637737399,0.3272604637737399,0.3272653960631031,0.2235288381053518,0.2235330810305003,0.2235330810305003,0.2235288381053518,2.3410496745987555
300.0,95.272,32.14,4.82,4.366,4933.731,1.8925824579433164,1.8925873372892643,1.8925873372892643,1.8925824579433164,1.6155391269117427,1.6155549097796709,1.6155549097796709,1.6155391269117427,0.3242774294201632,0.32426837902016,0.32426837902016,0.3242774294201632,0.223418074560315,0.2234255697118307,0.2234255697118307,0.223418074560315,1.1408401122339191
300.0,95.459,10.691,4.562,4.787,1844.574,1.8950096357763015,1.8950087072807655,1.8950087072807655,1.8950096357763015,1.6236602989170918,1.623659032557938,1.623659032557938,1.6236602989170918,0.3270505462260567,0.3270031283132832,0.3270031283132832,0.3270505462260567,0.2235923499319707,0.2236293669328292,0.2236293669328292,0.2235923499319707,3.049295033975824
300.0,95.54,51.611,5.489,5.984,4616.426,1.891855188478749,1.8918540957927128,1.8918540957927128,1.891855188478749,1.6154161803343787,1.6154132893592428,1.6154132893592428,1.6154161803343787,0.325256599631552,0.3252529566319472,0.3252529566319472,0.325256599631552,0.2234196865621047,0.2234231930119813,0.2234231930119813,0.2234196865621047,1.2200269690930383
300.0,95.768,65.874,4.176,6.486,738.932,1.8969092454980263,1.8969080289512807,1.8969080289512807,1.8969092454980263,1.6412026451067747,1.6412022180115229,1.6412022180115229,1.6412026451067747,0.3375274397300603,0.337525162098859,0.337525162098859,0.3375274397300603,0.2240400650357129,0.2240428100764238,0.2240428100764238,0.2240400650357129,7.625493692283725
300.0,95.807,71.365,3.022,2.574,457.236,1.900852107864884,1.9008503210914385,1.9008503210914385,1.900852107864884,1.6604532498131823,1.6604497433417118,1.6604497433417118,1.6604532498131823,0.3463045778366632,0.3463035030777672,0.3463035030777672,0.3463045778366632,0.2245118736387606,0.2245136723018378,0.2245136723018378,0.2245118736387606,12.325550306495137
300.0,95.867,46.472,5.1,5.896,3095.976,1.8924822365698912,1.892478485052328,1.892478485052328,1.8924822365698912,1.6178573977414905,1.6178480612279849,1.6178480612279849,1.6178573977414905,0.3262950473192088,0.3262912847606657,0.3262912847606657,0.3262950473192088,0.223476351733261,0.2234801912459731,0.2234801912459731,0.223476351733261,1.818881482064724
300.0,95.874,56.23,3.724,2.501,2548.853,1.8924632491435396,1.8924619419691595,1.8924619419691595,1.8924632491435396,1.6192640048818607,1.6192626320490469,1.6192626320490469,1.6192640048818607,0.3273710402412713,0.3273675653906667,0.3273675653906667,0.3273710402412713,0.223511408873975,0.2235151281030069,0.2235151281030069,0.223511408873975,2.2100129707080867
300.0,95.957,83.21,5.251,5.09,625.966,1.897429131893456,1.897427673776138,1.897427673776138,1.897429131893456,1.6464807933734047,1.6464764361326822,1.6464764361326822,1.6464807933734047,0.3407673402941831,0.3407658405450991,0.3407658405450991,0.3407673402941831,0.2241735040141847,0.224175062015728,0.224175062015728,0.2241735040141847,9.006696771225926
300.0,96.148,54.203,3.41,4.624,855.334,1.8963208471353208,1.8963183640010133,1.8963183640010133,1.8963208471354696,1.637080096813946,1.6370680165528444,1.6370680165528444,1.6370800913933834,0.3353677170192549,0.3353664844078991,0.3353664844078991,0.3353677170192549,0.2239386183734232,0.2239400345487413,0.2239400345487413,0.2239386183734232,6.585250473851129
300.0,96.16,15.416,4.311,5.151,4428.042,1.893070230739524,1.8930692425929472,1.8930692425929472,1.893070230739524,1.61616464215243,1.6161554390658983,1.6161554390658983,1.61616464215243,0.324282733332269,0.3242598072514015,0.3242598072514015,0.324282733332269,0.2234257384048851,0.2234432735953206,0.2234432735953206,0.2234257384048851,1.270432560272298
300.0,96.223,65.917,5.389,4.229,1605.421,1.8931464743203217,1.8931449067516368,1.8931449067516368,1.8931464743203217,1.6242559676839026,1.6242520075564002,1.6242520075564002,1.6242559676839026,0.3302434855734254,0.3302435060119312,0.3302435060119312,0.3302434855734254,0.2236338018633478,0.2236345722843766,0.2236345722843766,0.2236338018633478,3.50983275157302
300.0,96.269,27.591,3.522,5.081,667.239,1.8989040879124104,1.8989072444970971,1.8989072444970971,1.8989040879124104,1.6451335344886522,1.6451406044539847,1.6451406044539847,1.6451335344886522,0.337805481537762,0.337796529385569,0.337796529385569,0.337805481537762,0.2241253791111532,0.2241328557502632,0.2241328557502632,0.2241253791111532,8.43430074655892
300.0,96.489,32.935,2.92,3.733,4129.805,1.892415409919256,1.8924123024974864,1.8924123024974864,1.892415409919256,1.6161350012609466,1.616120801341974,1.616120801341974,1.6161350012609466,0.3252313549748439,0.3252308675591625,0.3252308675591625,0.3252313549748439,0.2234343305353641,0.2234355235762102,0.2234355235762102,0.2234343305353641,1.362953506600707
300.0,96.692,32.486,5.419,5.343,2654.69,1.8930335114430992,1.8930315863582652,1.8930315863582652,1.8930335114430992,1.61913165010388,1.619127226820389,1.619127226820389,1.61913165010388,0.3266812332914261,0.3266791418910476,0.3266791418910476,0.3266812332914261,0.2235049340032096,0.2235077675892887,0.2235077675892887,0.2235049340032096,2.120263915626615
300.0,96.799,67.687,6.444,2.999,3467.481,1.8912596401492276,1.8912572270493055,1.8912572270493055,1.8912596401492276,1.6164126175364586,1.616404116616922,1.616404116616922,1.6164126175364586,0.3271339609871447,0.3271350566124166,0.3271350566124166,0.3271339609871447,0.2234476589141586,0.2234473205868053,0.2234473205868053,0.2234476589141586,1.625127267409316
300.0,97.406,77.897,5.989,5.73,2644.534,1.8911537816794328,1.891152420225391,1.891152420225391,1.891153781679288,1.6181105835090177,1.6181023613832726,1.6181023613832726,1.618110594403383,0.3287004230170346,0.3286980550315018,0.3286980550315018,0.3287004230170346,0.2234891200580397,0.223490889378218,0.223490889378218,0.2234891200580397,2.1315516042912
300.0,97.488,20.355,3.654,2.851,2593.255,1.8933087087773763,1.8933011649457183,1.8933011649457183,1.8933087087773763,1.619368720693786,1.6193483636508272,1.6193483636508272,1.619368720693786,0.3266658198622998,0.3266612682703729,0.3266612682703729,0.3266658198622998,0.2235067187851179,0.2235124951705201,0.2235124951705201,0.2235067187851179,2.169633617205364
300.0,97.585,87.293,3.124,4.22,4981.011,1.8898776605139236,1.8898781629802948,1.8898781629802948,1.8898776605139236,1.61383847731103,1.6138420434842091,1.6138420434842091,1.61383847731103,0.3273120337584852,0.3273118801212655,0.3273118801212655,0.3273120337584852,0.223389413640325,0.2233898693106171,0.2233898693106171,0.223389413640325,1.132037685097128
300.0,97.907,58.277,6.079,5.174,521.514,1.899389377536728,1.8993901490395588,1.8993901490395588,1.899389377536728,1.6538354487552975,1.653838102411402,1.653838102411402,1.6538354487552975,0.3439768744595258,0.3439731513224825,0.3439731513224825,0.3439768744595258,0.2243487973770456,0.2243521658193527,0.2243521658193527,0.2243487973770456,10.8017802496803
300.0,98.061,61.509,4.84,4.587,1747.081,1.8925376105022889,1.8925376758513603,1.8925376758513603,1.8925376105022889,1.6226873257774108,1.6226893717389113,1.6226893717389113,1.6226873257774108,0.3303646564704163,0.3303616303240972,0.3303616303240972,0.3303646564704163,0.2235950758529371,0.2235983166745968,0.2235983166745968,0.2235950758529371,3.224774696591343
300.0,98.113,15.855,4.614,6.125,2669.96,1.8932400373790057,1.893233140804966,1.8932331408049936,1.8932400373790057,1.6190187093736237,1.6190008777552256,1.619000877755673,1.6190187093736237,0.3266626044150555,0.3266456109096184,0.3266456109096184,0.3266626044150555,0.223493253387399,0.2235084244369776,0.2235084244369776,0.223493253387399,2.1069923283223253
300.0,98.336,21.609,4.542,4.883,1828.962,1.8938123835584155,1.893812008628706,1.893812008628706,1.8938123835584155,1.6227796433528323,1.6227815990558443,1.6227815990558443,1.6227796433528323,0.3287396319226143,0.3287192857052881,0.3287192857052881,0.3287396319226143,0.22358268409188,0.2236001605898041,0.2236001605898041,0.22358268409188,3.0764106068805814
300.0,98.875,43.27,4.443,5.275,1736.122,1.893001080605324,1.8930016727724008,1.8930016727724008,1.893001080605324,1.62289995538158,1.6229001776322172,1.6229001776322172,1.62289995538158,0.3300754701527563,0.3300700401424421,0.3300700401424421,0.3300754701527563,0.2235964443738902,0.2236009895789683,0.2236009895789683,0.2235964443738902,3.243201713075532
300.0,98.909,54.18,4.474,4.64,2162.447,1.892023826450575,1.8920240266228652,1.8920240266228652,1.892023826450575,1.6200817514763832,1.6200824496370292,1.6200824496370292,1.6200817514763832,0.3293347221525835,0.3293284412898283,0.3293284412898283,0.3293347221525835,0.2235306929267087,0.2235358864603553,0.2235358864603553,0.2235306929267087,2.6047334284426946
300.0,99.208,41.604,4.717,3.731,1794.869,1.8928762197710527,1.8928740544870533,1.8928740544870533,1.8928762197710527,1.6224086225824828,1.6224038217724102,1.6224038217724102,1.6224086225824828,0.3299642066409236,0.3299602876726531,0.3299602876726531,0.3299642066409236,0.2235843201476257,0.2235882935242403,0.2235882935242403,0.2235843201476257,3.1368791142503207
300.0,99.236,42.754,3.086,4.675,4846.815,1.891090922736833,1.891090142181736,1.891090142181736,1.891090922736833,1.614375443734939,1.6143735379654285,1.6143735379654285,1.614375443734939,0.3264246787734217,0.3264198322273952,0.3264198322273952,0.3264246787734217,0.2233928439598708,0.2233969244332629,0.2233969244332629,0.2233928439598708,1.1616941523269857
300.0,99.404,61.14,5.114,4.823,529.686,1.8987132038136376,1.898706325139728,1.898706325139728,1.8987132038136376,1.6527091524095134,1.652691315638853,1.652691315638853,1.6527091524095134,0.3444441912106341,0.3444455637306484,0.3444455637306484,0.3444441912106341,0.2243255984874985,0.2243258208472762,0.2243258208472762,0.2243255984874985,10.636106271508469
300.0,99.435,21.253,2.541,4.025,2315.278,1.892962909717444,1.892960865863675,1.892960865863675,1.892962909717444,1.6199462581277748,1.6199344528152206,1.6199344528152206,1.6199462581277748,0.3280257493175218,0.3280117948717877,0.3280117948717877,0.3280257493175218,0.223516938867436,0.2235289368529891,0.2235289368529891,0.223516938867436,2.430191999187441
300.0,99.477,13.014,3.133,5.988,506.924,1.9008935917781953,1.9008903901301784,1.9008903901301784,1.9008935917781953,1.6555332334949566,1.6555201195103393,1.6555201195103393,1.6555332334949566,0.3435459531776718,0.3435193493630602,0.3435193493630602,0.3435459531776718,0.2243714550144309,0.2243927302898149,0.2243927302898149,0.2243714550144309,11.096293375627248
300.0,99.547,45.468,4.833,3.277,1909.605,1.8924678514399111,1.8924703550060715,1.8924703550060715,1.8924678514399111,1.6214717073937146,1.621481422602844,1.621481422602844,1.6214717073937146,0.329915585429265,0.3299081610636744,0.3299081610636744,0.329915585429265,0.2235619666632395,0.2235682323864718,0.2235682323864718,0.2235619666632395,2.9487741863592847
300.0,99.569,87.369,5.667,4.827,972.773,1.8934155489141695,1.8934137632800367,1.8934137632800367,1.8934155489141695,1.6322798467909652,1.6322744514866634,1.6322744514866634,1.6322798467909652,0.3366719046392979,0.3366687692041598,0.3366687692041598,0.3366719046392979,0.2238328060985654,0.22383552297313,0.22383552297313,0.2238328060985654,5.79646874560362
300.0,99.616,72.945,4.389,6.496,2481.117,1.8908344115704816,1.890835282837685,1.890835282837685,1.8908344115704816,1.6181898673434292,1.6181876203533645,1.6181876203533645,1.6181898673434292,0.329733351760749,0.3297327833515386,0.3297327833515386,0.329733351760749,0.2234915374436657,0.223492087474479,0.223492087474479,0.2234915374436657,2.271572693261592
300.0,99.679,56.446,6.327,4.277,3168.529,1.89099389060986,1.890991619105676,1.890991619105676,1.89099389060986,1.616475711750086,1.6164708118441813,1.6164708118441813,1.616475711750086,0.328245755339133,0.3282476879072437,0.3282476879072437,0.328245755339133,0.2234478037092297,0.2234476578224859,0.2234476578224859,0.2234478037092297,1.7778015668476908
350.0,10.048,53.719,4.773,5.117,1122.348,1.7547741126250722,1.754765771493346,1.754765771493346,1.7547741126250722,1.7992850653248562,1.799253294196693,1.799253294196693,1.7992850653248562,0.9324616787792622,0.9324565841108948,0.9324565841108948,0.9324616787792622,0.2665044981425848,0.2665081441485321,0.2665081441485321,0.2665044981425848,6.831069699307012
350.0,10.177,16.413,3.513,4.965,4839.026,1.7510287995429057,1.7510231856980163,1.7510231856980163,1.7510287995429057,1.781603532747625,1.781584247529771,1.781584247529771,1.781603532747625,0.9205112624978864,0.9204897225283748,0.9204897225283748,0.9205112624978864,0.2664398246432497,0.2664578993277397,0.2664578993277397,0.2664398246432497,1.5824610610380747
350.0,10.471,28.298,4.127,3.798,4360.406,1.750698407618109,1.7506891841829657,1.7506891841829657,1.750698407618109,1.7822904577487364,1.7822545572584596,1.7822545572584596,1.7822904577487364,0.9218910566474096,0.921879957216798,0.921879957216798,0.9218910566474096,0.2665349528241305,0.2665442089697805,0.2665442089697805,0.2665349528241305,1.7568388144701323
350.0,10.597,11.806,5.58,2.784,3150.077,1.7518550907412564,1.7518483185693814,1.7518483185693814,1.7518550907412564,1.7844468709211294,1.7844227147708718,1.7844227147708718,1.7844468709211294,0.9220447194602224,0.921991357948489,0.921991357948489,0.9220447194602224,0.2664153695174656,0.2664574593539479,0.2664574593539479,0.2664153695174656,2.4305475391388613
350.0,11.073,20.968,2.907,3.696,2862.395,1.7516250756563738,1.7516165953986664,1.7516165953986664,1.7516250756563738,1.7853703640510754,1.7853381929414551,1.7853381929414551,1.7853703640510754,0.9234837877157822,0.9234731078530876,0.9234731078530876,0.9234837877157822,0.2665213423628812,0.2665309095320318,0.2665309095320318,0.2665213423628812,2.67562307660066
350.0,11.402,16.062,4.005,3.201,4510.806,1.7507617178841284,1.7507540918842732,1.7507540918842732,1.7507617178841284,1.7821257023470352,1.7820966979939212,1.7820966979939212,1.7821257023470352,0.921641232363502,0.9216225364001316,0.9216225364001316,0.921641232363502,0.2665467933881771,0.2665628863388616,0.2665628863388616,0.2665467933881771,1.697584120316494
350.0,11.426,20.893,3.794,2.696,3766.533,1.7509057350456834,1.7509009584284947,1.7509009584284947,1.7509057350456834,1.7832649338871862,1.7832502485691102,1.7832502485691102,1.7832649338871862,0.9226072969764056,0.9225863643251356,0.9225863643251356,0.9226072969764056,0.266567305901327,0.2665844064031731,0.2665844064031731,0.266567305901327,2.0333484323259583
350.0,11.453,36.992,4.412,4.187,2165.393,1.7517771551167232,1.7517686695302108,1.7517686695302108,1.7517771551167232,1.7883783541779197,1.7883457625486765,1.7883457625486765,1.7883783541779197,0.9264653470435794,0.9264596637883992,0.9264596637883992,0.9264653470435794,0.2666279579184327,0.2666327641661022,0.2666327641661022,0.2666279579184327,3.538700436890688
350.0,11.483,85.562,6.462,5.75,3058.847,1.7491460355223063,1.7491388460218709,1.7491388460218709,1.7491460355223063,1.7852418808373438,1.785215119392132,1.785215119392132,1.7852418808373438,0.9281109869870776,0.9281076283996724,0.9281076283996724,0.9281109869870776,0.2669458616478409,0.2669479179607589,0.2669479179607589,0.2669458616478409,2.509051155494909
350.0,11.534,44.826,4.535,5.419,1506.785,1.7529514603545675,1.7529437470429523,1.7529437470429523,1.7529514603545675,1.793589523984559,1.7935604947159027,1.7935604947159027,1.793589523984559,0.9298634958303305,0.9298571760249515,0.9298571760249515,0.9298634958303305,0.2666380607326394,0.2666429958608047,0.2666429958608047,0.2666380607326394,5.086737930643873
350.0,11.537,50.418,3.872,5.775,3576.338,1.749973372499334,1.749966715405018,1.749966715405018,1.749973372499334,1.7838197546642005,1.7837959482111605,1.7837959482111605,1.7838197546642005,0.9249873222877514,0.924982343019473,0.924982343019473,0.9249873222877514,0.2667534303537228,0.2667572698861783,0.2667572698861783,0.2667534303537228,2.143543805684284
350.0,11.599,80.241,3.315,4.577,3774.738,1.7488386759280272,1.7488317182578683,1.7488317182578683,1.7488386759280272,1.7836385128933387,1.7836129989432488,1.7836129989432488,1.7836385128933387,0.9269673237789184,0.926964184955535,0.926964184955535,0.9269673237789184,0.2669382061486409,0.2669401268746885,0.2669401268746885,0.2669382061486409,2.0328504979361
350.0,11.629,66.842,5.258,4.846,542.484,1.7607714141509,1.760763227561728,1.760763227561728,1.7607714141508235,1.8240282530549727,1.823997281482556,1.823997281482556,1.824028252428041,0.9477656317478048,0.9477617339851389,0.9477617339851389,0.9477656317478048,0.2665208922021564,0.2665231678979046,0.2665231678979046,0.2665208922021564,14.138736504355174
350.0,11.977,27.69,3.788,4.895,2696.225,1.7512658194527213,1.7512578384055313,1.7512578384055313,1.7512658194527213,1.7860616590160934,1.786031666604122,1.786031666604122,1.7860616590160934,0.9249628054262634,0.9249526446017646,0.9249526446017646,0.9249628054262634,0.2666390600102285,0.2666477111579703,0.2666477111579703,0.2666390600102285,2.8411416558470566
350.0,12.105,60.3,3.536,2.936,1308.239,1.7529789865073433,1.7529729987568057,1.7529729987568057,1.7529789865073433,1.7963309837863952,1.7963101904501442,1.7963101904501442,1.7963309837863952,0.9328058274103366,0.9328006626519592,0.9328006626519592,0.9328058274103366,0.2667612610707865,0.2667649376917618,0.2667649376917618,0.2667612610707865,5.8616745459944015
350.0,12.114,30.632,4.179,4.559,506.881,1.7627757945848677,1.7627667775938043,1.7627667775938043,1.7627757945848677,1.827152584822218,1.8271176368333464,1.8271176368333464,1.827152584822218,0.9473248353017636,0.947316183409104,0.947316183409104,0.9473248353017636,0.2663187987487718,0.2663257789247412,0.2663257789247412,0.2663187987487718,15.113992636504298
350.0,12.411,18.421,4.387,3.651,3421.294,1.7508692673930102,1.7508673934822674,1.7508673934822674,1.7508692673930102,1.7840379090390546,1.7840362968537338,1.7840362968537338,1.7840379090390546,0.9235674390062129,0.9235410875664272,0.9235410875664272,0.9235674390062129,0.2666349219888358,0.2666563536975832,0.2666563536975832,0.2666349219888358,2.2383485078934307
350.0,12.422,64.36,4.304,4.795,767.871,1.7566576611626197,1.7566496709949555,1.7566496709949555,1.7566576611626197,1.8101928601290964,1.8101625520194944,1.8101625520194944,1.8101928601290964,0.9407551934640312,0.9407508457401466,0.9407508457401466,0.9407551934640312,0.2666996762724763,0.2667025261145538,0.2667025261145538,0.2666996762724763,9.987933142453553
350.0,12.822,47.447,4.474,2.561,319.327,1.7704683959971308,1.7704590470532888,1.7704590470532888,1.7704683959971308,1.8573515371825209,1.85731544708091,1.85731544708091,1.8573515371825209,0.965106176726348,0.9650989360720622,0.9650989360720622,0.965106176726348,0.2662226189376503,0.2662273535358358,0.2662273535358358,0.2662226189376503,24.003941438136223
350.0,12.822,91.164,3.52,4.156,1136.005,1.7525561121081623,1.7525496051978118,1.7525496051978118,1.7525561121081623,1.7996010242945015,1.799577673026532,1.799577673026532,1.7996010242945015,0.9371852511955392,0.9371819299243745,0.9371819299243745,0.9371852511955392,0.2669876897154221,0.2669895297910563,0.2669895297910563,0.2669876897154221,6.757153441660946
350.0,12.938,27.944,4.231,3.574,4209.188,1.7499858515498683,1.7499765381474603,1.7499765381474603,1.7499858515498683,1.782779113127329,1.7827425082937056,1.7827425082937056,1.782779113127329,0.9238966905829322,0.9238891258166257,0.9238891258166257,0.9238966905829322,0.2667575846490738,0.2667643753346752,0.2667643753346752,0.2667575846490738,1.8199286599869249
350.0,13.061,46.845,3.484,5.164,1735.646,1.751763176906236,1.7517551176798027,1.7517551176798027,1.751763176906504,1.7915490756960106,1.7915183928374636,1.7915183928374636,1.7915490750818208,0.9299991357230096,0.9299945383191836,0.9299945383191836,0.9299991357230096,0.266810278333947,0.2668139138878766,0.2668139138878766,0.266810278333947,4.416288343998205
350.0,13.095,51.325,5.822,4.116,2242.342,1.7506540525474783,1.7506492364641315,1.7506492364641315,1.7506540525474783,1.7882483816736925,1.7882331336229966,1.7882331336229966,1.7882483816736925,0.9285570148905352,0.9285495335044136,0.9285495335044136,0.9285570148905352,0.2668661375102659,0.2668717929995078,0.2668717929995078,0.2668661375102659,3.418853813256972
350.0,13.139,49.79,6.188,3.181,997.146,1.7547409545720971,1.7547318650144654,1.7547318650144654,1.7547409545720971,1.8025002246032331,1.802464681845084,1.802464681845084,1.8025002246032331,0.9361466905925252,0.9361413984870148,0.9361413984870148,0.9361466905925252,0.2667441481522362,0.2667481171953774,0.2667481171953774,0.2667441481522362,7.687767821557565
350.0,13.282,43.014,4.979,4.01,659.872,1.7586555390986665,1.75864662469359,1.75864662469359,1.7586555390986665,1.815624828081052,1.8155901942277015,1.8155901942277015,1.815624828081052,0.942834910104727,0.9428298793058392,0.9428298793058392,0.942834910104727,0.26660628806788,0.266610184998323,0.266610184998323,0.26660628806788,11.614521838055548
350.0,13.355,63.484,5.922,3.038,2320.356,1.7500530046463665,1.7500454750481658,1.7500454750481658,1.7500530046463665,1.7879817062139038,1.78795349974944,1.78795349974944,1.7879817062139038,0.9294245810520874,0.9294212148195884,0.9294212148195884,0.9294245810520874,0.2669667326603222,0.2669690807411821,0.2669690807411821,0.2669667326603222,3.305213297292468
350.0,13.534,64.59,5.261,2.579,2218.115,1.750103321964413,1.7500951381862906,1.7500951381862906,1.750103321964413,1.7885197406128728,1.7884881822016665,1.7884881822016665,1.7885197406128728,0.9299180524479156,0.9299142308188298,0.9299142308188298,0.9299180524479156,0.2669855548608131,0.2669882559278481,0.2669882559278481,0.2669855548608131,3.4576868292804037
350.0,13.541,17.066,5.478,4.999,4626.901,1.7500071798043706,1.7499982518895705,1.7499982518895705,1.7500071798043706,1.782235676303461,1.7822009237404282,1.7822009237404282,1.782235676303461,0.9232986953273776,0.923283285807248,0.923283285807248,0.9232986953273776,0.2667502606809082,0.2667638354269975,0.2667638354269975,0.2667502606809082,1.6550396220327948
350.0,13.691,80.771,6.254,5.625,1094.474,1.752873530179352,1.7528664456038554,1.7528664456038554,1.752873530179352,1.80049491439564,1.8004686425653518,1.8004686425653518,1.80049491439564,0.9375819043630224,0.9375784515102704,0.9375784515102704,0.9375819043630224,0.2669999596159062,0.2670020350835849,0.2670020350835849,0.2669999596159062,7.011181466154843
350.0,13.795,65.667,5.62,4.777,3653.981,1.7486967676509702,1.7486906345487037,1.7486906345487037,1.7486967676509702,1.7840282469975577,1.7840066746130212,1.7840066746130212,1.7840282469975577,0.9277609180279606,0.9277563426445125,0.9277563426445125,0.9277609180279606,0.2670523195797986,0.2670555221913076,0.2670555221913076,0.2670523195797986,2.099031676691884
350.0,14.491,95.696,2.561,2.652,2919.231,1.7479620711526935,1.7479557889234525,1.7479557889234525,1.7479620711526935,1.7860705274642508,1.7860480735720423,1.7860480735720423,1.7860705274642508,0.9314136825480304,0.9314102376846228,0.9314102376846228,0.9314136825480304,0.2672814415274897,0.2672834715888428,0.2672834715888428,0.2672814415274897,2.629907873185886
350.0,14.522,28.729,2.567,5.618,4646.448,1.749291760626778,1.7492847026100171,1.7492847026100171,1.749291760626778,1.7823925178128464,1.7823664798758312,1.7823664798758312,1.7823925178128464,0.9248814976099105,0.924871282940357,0.924871282940357,0.9248814976099105,0.2669110414639159,0.2669198019212356,0.2669198019212356,0.2669110414639159,1.6487013523107392
350.0,14.996,83.921,3.444,4.992,3596.574,1.7477306072954015,1.7477230810540052,1.7477230810540052,1.7477306072954015,1.7844078658858749,1.7843792241265897,1.7843792241265897,1.7844078658858749,0.930072826673165,0.930070387674834,0.930070387674834,0.930072826673165,0.2672716461148249,0.2672731157208343,0.2672731157208343,0.2672716461148249,2.1337992716277374
350.0,15.048,99.189,2.736,3.296,1552.424,1.7498612915085978,1.7498542449770187,1.7498542449770187,1.7498612915085978,1.7938872026667902,1.7938610818842953,1.7938610818842953,1.7938872026667902,0.9362638062567,0.9362611468660272,0.9362611468660272,0.9362638062567,0.2672934681935242,0.2672948566464092,0.2672948566464092,0.2672934681935242,4.945915623646958
350.0,15.207,80.353,4.636,5.939,1143.656,1.7521199298204404,1.7521133283603365,1.7521133283603365,1.7521199298204404,1.7996750579665155,1.7996512593094718,1.7996512593094718,1.7996750579665155,0.9382075222720544,0.938202725725341,0.938202725725341,0.9382075222720544,0.2671474750588495,0.267150557851087,0.267150557851087,0.2671474750588495,6.7095678048846095
350.0,15.458,28.726,3.948,5.822,4383.393,1.7490878155496976,1.7490801410370087,1.7490801410370087,1.7490878155496976,1.7828328548744563,1.7828038266869972,1.7828038266869972,1.7828328548744563,0.9257884269371188,0.925778908333854,0.925778908333854,0.9257884269371188,0.2669945631953755,0.2670028256486289,0.2670028256486289,0.2669945631953755,1.74764057724849
350.0,15.477,57.126,6.245,6.498,4337.906,1.7481381132492069,1.7481298958889142,1.7481298958889142,1.7481381132492069,1.7830785870905788,1.7830467858723196,1.7830467858723196,1.7830785870905788,0.927869161916175,0.9278668670716638,0.9278668670716638,0.927869161916175,0.2671667209503495,0.2671685409458282,0.2671685409458282,0.2671667209503495,1.7675992231653677
350.0,15.714,71.818,2.878,4.765,361.793,1.766051208556519,1.7660435423191916,1.7660435423191916,1.766051208556519,1.848432171673894,1.8484034920329528,1.8484034920329528,1.848432171673894,0.9641202767943748,0.9641162333889975,0.9641162333889975,0.9641202767943748,0.2667385104248781,0.2667407298359204,0.2667407298359204,0.2667385104248781,21.203284371538608
350.0,15.73,95.603,3.179,2.906,4501.427,1.7466959090408656,1.7466900767613025,1.7466900767613025,1.7466959090408656,1.7831438382246394,1.783123315130548,1.783123315130548,1.7831438382246394,0.9307210257205232,0.9307165606541616,0.9307165606541616,0.9307210257205232,0.2674199756331511,0.2674228170775515,0.2674228170775515,0.2674199756331511,1.705521681992766
350.0,15.837,58.794,4.132,5.31,3296.811,1.748494691740584,1.7484881397606782,1.7484881397606782,1.748494691740584,1.7849877865538977,1.784963934173632,1.784963934173632,1.7849877865538977,0.9292754212295316,0.929269849484468,0.929269849484468,0.9292754212295316,0.2671939963584887,0.2671981720481999,0.2671981720481999,0.2671939963584887,2.325911154865996
350.0,15.875,79.704,3.132,4.202,3644.09,1.7475663682150746,1.747560203975457,1.747560203975457,1.7475663682150746,1.784391646046251,1.7843695665983448,1.7843695665983448,1.784391646046251,0.9304098725933636,0.9304055848417384,0.9304055848417384,0.9304098725933636,0.2673282031325253,0.267331084612728,0.267331084612728,0.2673282031325253,2.1056857278656373
350.0,16.011,43.584,5.734,6.236,1271.039,1.752464870273185,1.752458073027536,1.752458073027536,1.752464870273185,1.7972712864911826,1.7972463195903905,1.7972463195903905,1.7972712864911826,0.9349827617348552,0.9349760660478909,0.9349760660478909,0.9349827617348552,0.2670201534612816,0.2670255530735027,0.2670255530735027,0.2670201534612816,6.029919254619952
350.0,16.284,51.05,3.33,3.955,3580.868,1.7484402857741048,1.7484319875041248,1.7484319875041248,1.7484402857741048,1.7843809454393444,1.7843487697382463,1.7843487697382463,1.7843809454393444,0.9287358535256868,0.9287339704839188,0.9287339704839188,0.9287358535256868,0.2671955730040571,0.2671972901101027,0.2671972901101027,0.2671955730040571,2.1408649622075
350.0,16.412,78.817,5.158,6.403,1274.213,1.7511368419373987,1.7511297976286646,1.7511297976286646,1.7511368419373987,1.7975210077799255,1.7974947689655183,1.7974947689655183,1.7975210077799255,0.937810258693113,0.9378073809167506,0.9378073809167506,0.937810258693113,0.2672704978850274,0.2672722910901321,0.2672722910901321,0.2672704978850274,6.021794359691269
350.0,16.422,59.098,4.604,4.738,829.312,1.7548625345867914,1.754854954611399,1.754854954611399,1.7548625345867914,1.808186602161005,1.808158001131696,1.808158001131696,1.808186602161005,0.942207834866704,0.942204006268292,0.942204006268292,0.942207834866704,0.2670657046922487,0.2670684330148841,0.2670684330148841,0.2670657046922487,9.246345771304426
350.0,16.746,68.222,3.062,3.98,4728.302,1.747219766273861,1.747213245840592,1.747213245840592,1.747219766273861,1.7828153651721783,1.7827916408758446,1.7827916408758446,1.7828153651721783,0.9293995051591905,0.92939580391181,0.92939580391181,0.9293995051591905,0.2673535258174718,0.2673561839231206,0.2673561839231206,0.2673535258174718,1.6222397341911867
350.0,16.828,89.508,5.945,4.941,2714.784,1.747615318191826,1.7476079801684117,1.7476079801684117,1.747615318191826,1.7869819699177796,1.7869542886651404,1.7869542886651404,1.7869819699177796,0.9331614331627844,0.9331585294015816,0.9331585294015816,0.9331614331627844,0.2674574206040873,0.2674591875650111,0.2674591875650111,0.2674574206040873,2.8273856350994975
350.0,16.863,91.536,4.306,3.986,4932.754,1.7463320061072234,1.746324999852172,1.746324999852172,1.7463320061072234,1.782763196898712,1.7827371411145827,1.7827371411145827,1.782763196898712,0.9310491535532852,0.931046250137298,0.931046250137298,0.9310491535532852,0.2675055676663561,0.2675073165581887,0.2675073165581887,0.2675055676663561,1.5561807833972183
350.0,16.984,92.062,4.759,6.127,789.865,1.754017582012528,1.754010124836643,1.754010124836643,1.754017582012528,1.8100596444402788,1.8100314826688664,1.8100314826688664,1.8100596444402788,0.9458731209634564,0.9458698690613888,0.9458698690613888,0.9458731209634564,0.2673059166088582,0.267307718955887,0.267307718955887,0.2673059166088582,9.718531062355662
350.0,17.028,61.115,6.089,5.542,1774.956,1.7499260742794642,1.749919863754043,1.749919863754043,1.7499260742794642,1.791799366914917,1.7917772209227545,1.7917772209227545,1.791799366914917,0.9339636874866624,0.9339591499720884,0.9339591499720884,0.9339636874866624,0.2672664549141223,0.2672698117120702,0.2672698117120702,0.2672664549141223,4.320469633379214
350.0,17.296,40.932,3.286,6.146,4900.744,1.7479135150156202,1.7479060552073322,1.7479060552073322,1.7479135150156202,1.78251524953602,1.782487169603202,1.782487169603202,1.78251524953602,0.927766575493649,0.9277627604298088,0.9277627604298088,0.927766575493649,0.2672435715295952,0.2672470497200694,0.2672470497200694,0.2672435715295952,1.5637680114570356
350.0,17.412,11.27,4.575,3.7,4156.954,1.749147769655014,1.7491371917650134,1.7491371917650134,1.749147769655014,1.783278716917102,1.7832358474835774,1.7832358474835774,1.783278716917102,0.9262586262862184,0.9262023281662108,0.9262023281662108,0.9262586262862184,0.2670510084655983,0.2670955725001487,0.2670955725001487,0.2670510084655983,1.841787550966745
350.0,17.59,98.045,2.789,5.033,738.134,1.7542722433411346,1.7542651735910808,1.7542651735910808,1.7542722433411346,1.8124719818781487,1.8124456394482489,1.8124456394482489,1.8124719818781487,0.9480178961090188,0.9480142440545328,0.9480142440545328,0.9480178961090188,0.2673817089969255,0.2673837434636199,0.2673837434636199,0.2673817089969255,10.401644125081718
350.0,17.629,71.757,5.803,2.584,2241.528,1.7485237979613897,1.7485169382361034,1.7485169382361034,1.7485237979613897,1.7889485137550616,1.7889234090050865,1.7889234090050865,1.7889485137550616,0.9335848737242436,0.9335815817768464,0.9335815817768464,0.9335848737242436,0.2674103410461661,0.267412578415016,0.267412578415016,0.2674103410461661,3.422352619989307
350.0,17.83,65.597,2.689,4.04,900.688,1.7535002841299423,1.7534932616576075,1.7534932616576075,1.7535002841299423,1.805962004125646,1.805935859881428,1.805935859881428,1.805962004125646,0.9424733782900918,0.9424688175141904,0.9424688175141904,0.9424733782900918,0.2672575448832226,0.2672607489860796,0.2672607489860796,0.2672575448832226,8.515399735266385
350.0,18.392,25.298,2.534,4.648,1466.973,1.751559320882037,1.751552510013913,1.751552510013913,1.751559320882037,1.7947508982665048,1.7947258130039303,1.7947258130039303,1.7947508982665048,0.9340915684545826,0.934083428117286,0.934083428117286,0.9340915684545826,0.2671541479488651,0.2671616416006313,0.2671616416006313,0.2671541479488651,5.221425492126578
350.0,18.793,11.688,3.971,3.673,553.831,1.7600731681549266,1.7600627645975322,1.7600627645975322,1.7600731681549266,1.8235761131970636,1.8235338938925505,1.8235338938925505,1.8235761131970636,0.948975667631435,0.9489204401804971,0.9489204401804971,0.948975667631435,0.2668581769615699,0.2669017825075791,0.2669017825075791,0.2668581769615699,13.824125113387284
350.0,19.128,97.673,4.913,3.709,2948.541,1.7463954048892658,1.7463874681104876,1.7463874681104876,1.7463954048892658,1.786585758131126,1.7865551639812296,1.7865551639812296,1.786585758131126,0.9351607036037016,0.935159218450325,0.935159218450325,0.9351607036037016,0.2677283297817614,0.267728996881126,0.267728996881126,0.2677283297817614,2.6039187028170163
350.0,19.165,39.474,3.568,4.433,4944.742,1.7473506866426072,1.7473475172390365,1.7473475172390365,1.7473506866426072,1.78267659792074,1.7826686724815477,1.7826686724815477,1.78267659792074,0.9291039026777992,0.9290947934433494,0.9290947934433494,0.9291039026777992,0.2674064928331999,0.2674139699381998,0.2674139699381998,0.2674064928331999,1.5497769268291983
350.0,19.169,16.665,3.064,3.916,3015.536,1.749064265948207,1.749052985518351,1.749052985518351,1.749064265948207,1.7858496724026136,1.785803542946886,1.785803542946886,1.7858496724026136,0.9292584498199687,0.9292357060156003,0.9292357060156003,0.9292584498199687,0.2672397622207649,0.2672588848538026,0.2672588848538026,0.2672397622207649,2.5393663757792697
350.0,19.451,98.386,3.176,3.89,2219.474,1.7470783350948624,1.7470717883107238,1.7470717883107238,1.7470783350948624,1.7894838515858502,1.7894598691433188,1.7894598691433188,1.7894838515858502,0.9370084957093038,0.9370055068038456,0.9370055068038456,0.9370084957093038,0.267740888929622,0.2677426521297943,0.2677426521297943,0.267740888929622,3.4593465752889334
350.0,19.489,77.089,3.839,2.523,1428.616,1.7495978017587497,1.7495912325378284,1.7495912325378284,1.749597801758449,1.7957287125503434,1.7957048512155267,1.7957048512155267,1.7957287119504437,0.9389452111503096,0.9389432238183077,0.9389432238183077,0.9389452111503096,0.2675673230189061,0.2675685365656643,0.2675685365656643,0.2675673230189061,5.370650260056768
350.0,19.62,15.647,5.139,5.479,1650.186,1.750943352925211,1.7509372186152157,1.7509372186152157,1.750943352925211,1.7928991241905148,1.792877491965299,1.792877491965299,1.7928991241905148,0.9333279405160376,0.9332996264600492,0.9332996264600492,0.9333279405160376,0.2672186016949511,0.2672419646731678,0.2672419646731678,0.2672186016949511,4.6402498988175305
350.0,19.638,58.8,3.591,4.952,2786.738,1.7476859821268151,1.7476785545744826,1.7476785545744826,1.7476859821268151,1.7868798075777867,1.7868516067215314,1.7868516067215314,1.7868798075777867,0.9330268292351452,0.9330234449741232,0.9330234449741232,0.9330268292351452,0.2675376925341324,0.2675403515257626,0.2675403515257626,0.2675376925341324,2.751623649606153
350.0,19.73,18.662,6.156,3.389,1701.211,1.7506713040831845,1.7506713514851218,1.7506713514851218,1.7506713040830106,1.7924536280349697,1.7924613508166287,1.7924613508166287,1.7924536145656205,0.9333833632926052,0.9333491460751724,0.9333491460751724,0.9333833632926052,0.2672485065964059,0.2672758245099722,0.2672758245099722,0.2672485065964059,4.501516265172666
350.0,19.793,40.294,5.642,4.174,1559.368,1.7503130962099045,1.750306276666156,1.750306276666156,1.7503130962099045,1.793997890415305,1.7939727423621583,1.7939727423621583,1.793997890415305,0.9357160053207196,0.935710681460094,0.935710681460094,0.9357160053207196,0.267384495308742,0.267389076175099,0.267389076175099,0.267384495308742,4.9144399030690495
350.0,19.909,89.03,5.083,5.745,2765.273,1.7465998031786825,1.7465941375815737,1.7465941375815737,1.7465998031786825,1.787194882692401,1.787175158167774,1.787175158167774,1.787194882692401,0.9354628592917416,0.9354604998063476,0.9354604998063476,0.9354628592917416,0.2677449280562329,0.2677463361506524,0.2677463361506524,0.2677449280562329,2.775709810008121
350.0,19.929,69.884,5.19,2.682,2341.066,1.747715752873945,1.7477085187947483,1.7477085187947483,1.747715752873945,1.7887425658449134,1.7887155512588735,1.7887155512588735,1.7887425658449134,0.935000679021222,0.9349965488021982,0.9349965488021982,0.935000679021222,0.2676180138870145,0.2676209408381917,0.2676209408381917,0.2676180138870145,3.276632637415081
350.0,20.067,79.081,3.179,2.693,3572.296,1.7462911476944216,1.746284378001684,1.746284378001684,1.7462911476944216,1.7850554298094783,1.7850303378491288,1.7850303378491288,1.7850554298094783,0.933738334931892,0.9337364361809872,0.9337364361809872,0.933738334931892,0.2677157082148927,0.2677169088950642,0.2677169088950642,0.2677157082148927,2.1479505554152736
350.0,20.125,45.988,5.576,3.825,2692.057,1.7480543222419282,1.7480477621546668,1.7480477621546668,1.7480543222419282,1.787172917321045,1.7871488901430683,1.7871488901430683,1.787172917321045,0.9326601932928436,0.9326561386209244,0.9326561386209244,0.9326601932928436,0.2675035439119223,0.267507038185061,0.267507038185061,0.2675035439119223,2.847210225477285
350.0,20.141,67.822,4.425,4.393,4354.996,1.746281614812636,1.74627546243878,1.74627546243878,1.746281614812636,1.7836975814336804,1.7836755516392109,1.7836755516392109,1.7836975814336804,0.9322881654949324,0.9322852700074492,0.9322852700074492,0.9322881654949324,0.2676642219731783,0.2676663220083654,0.2676663220083654,0.2676642219731783,1.7612667016788406
350.0,20.245,62.553,5.045,5.261,4250.367,1.7464673215080515,1.7464610138350674,1.7464610138350674,1.7464673215080515,1.7838192128821393,1.783796396767645,1.783796396767645,1.7838192128821393,0.9320680619511578,0.9320649455728944,0.9320649455728944,0.9320680619511578,0.267641120867891,0.2676435056131022,0.2676435056131022,0.267641120867891,1.8043132492006555
350.0,20.654,30.414,3.25,3.153,2002.061,1.749340549853161,1.7493345087339385,1.7493345087339385,1.749340549853161,1.7904052255383696,1.7903837141672274,1.7903837141672274,1.7904052255383696,0.9337261534206922,0.9337145655056512,0.9337145655056512,0.9337261534206922,0.2674315224082696,0.2674412558915814,0.2674412558915814,0.2674315224082696,3.8265348586525927
350.0,20.938,92.033,3.772,3.931,690.799,1.7540864993155725,1.7540808236673298,1.7540808236673298,1.7540864993155725,1.8152740538297427,1.815254098772496,1.815254098772496,1.8152740538297427,0.9515395671971784,0.9515355391933736,0.9515355391933736,0.9515395671971784,0.2676473732438109,0.2676498474093474,0.2676498474093474,0.2676473732438109,11.112162743756004
350.0,21.016,65.656,2.903,4.908,603.31,1.7564764354587203,1.7564709087244927,1.7564709087244927,1.7564764354587203,1.8204834953939169,1.8204646296992,1.8204646296992,1.8204834953939169,0.9525913021251754,0.9525863651455192,0.9525863651455192,0.9525913021251754,0.2674504205685797,0.2674538662363857,0.2674538662363857,0.2674504205685797,12.712648556012413
350.0,21.153,53.628,3.986,5.838,1079.01,1.7515070581051555,1.7514997917167163,1.7514997917167163,1.7515070581051555,1.8015955382011295,1.8015681072236915,1.8015681072236915,1.8015955382011295,0.941703136930787,0.9416996705671508,0.9416996705671508,0.941703136930787,0.2675374272208679,0.267540218624696,0.267540218624696,0.2675374272208679,7.105325589977457
350.0,21.28,59.475,6.127,3.975,4381.33,1.7461891078260292,1.746183386260302,1.7461833862605984,1.7461891078258902,1.7837474290450803,1.7837273759647987,1.783727361928953,1.7837474284512915,0.932563850394966,0.9325593582150992,0.9325593582150992,0.932563850394966,0.2677202466671632,0.2677237463538854,0.2677237463538854,0.2677202466671632,1.750202720758702
350.0,21.413,38.302,3.628,4.507,337.798,1.7667996309241385,1.7667917135740248,1.7667917135740248,1.7667996309241385,1.854057530343924,1.854027261072773,1.854027261072773,1.854057530343924,0.9689989755760604,0.9689915496603366,0.9689915496603366,0.9689989755760604,0.2670457801861357,0.2670516317770835,0.2670516317770835,0.2670457801861357,22.684444223461668
350.0,21.706,88.054,4.617,5.59,4274.335,1.7451306170747447,1.7451249148092076,1.7451249148092076,1.7451306170747447,1.7841510922650612,1.7841310941559645,1.7841310941559645,1.7841510922650612,0.9350453401214615,0.9350421730431038,0.9350421730431038,0.9350453401214615,0.2679321698643035,0.2679342262486877,0.2679342262486877,0.2679321698643035,1.7956814123276783
350.0,21.848,80.724,4.646,5.624,2241.092,1.7468753733258566,1.746869984750521,1.746869984750521,1.7468753733258566,1.789553673286476,1.7895350211620098,1.7895350211620098,1.789553673286476,0.9375656544713896,0.9375608973805588,0.9375608973805588,0.9375656544713896,0.2678603736314776,0.2678637123813918,0.2678637123813918,0.2678603736314776,3.424000743668234
350.0,21.879,63.343,4.012,5.251,2210.727,1.7474964104126929,1.7474891985245335,1.7474891985245335,1.7474964104126929,1.7895921081839357,1.7895649591869682,1.7895649591869682,1.7895921081839357,0.9364151688863124,0.9364115058564632,0.9364115058564632,0.9364151688863124,0.2677572646406085,0.267760026545938,0.267760026545938,0.2677572646406085,3.4690681217244075
350.0,21.979,53.17,3.546,5.195,1244.081,1.7503632545691947,1.7503568359417574,1.7503568359417574,1.7503632545691947,1.7985417232421437,1.7985183943073002,1.7985183943073002,1.7985417232421437,0.9406226850197444,0.9406181703421796,0.9406181703421796,0.9406226850197444,0.2676367317631169,0.2676403040823024,0.2676403040823024,0.2676367317631169,6.162464299601574
350.0,22.066,54.825,3.368,3.231,4093.481,1.746211678270885,1.7462049993253377,1.7462049993253377,1.746211678270885,1.7842278081497718,1.7842030471870651,1.7842030471870651,1.7842278081497718,0.9330688489543136,0.9330648827622772,0.9330648827622772,0.9330688489543136,0.2677630286254946,0.2677662536637928,0.2677662536637928,0.2677630286254946,1.8729899752861787
350.0,22.306,29.979,3.543,2.739,4066.078,1.746987212773876,1.7469784348380175,1.7469784348380175,1.746987212773876,1.784132529042116,1.7840979843593043,1.7840979843593043,1.784132529042116,0.9314886801575084,0.9314818800486028,0.9314818800486028,0.9314886801575084,0.267634476764806,0.2676407731690222,0.2676407731690222,0.267634476764806,1.8840880768490744
350.0,22.383,21.141,5.049,4.847,4717.197,1.7470142104731254,1.7470071970419552,1.7470071970419552,1.7470142104731254,1.7832098344685152,1.7831840343177516,1.7831840343177516,1.7832098344685152,0.9304479095195568,0.9304313884218935,0.9304313884218935,0.9304479095195568,0.26759131798429,0.2676054477718528,0.2676054477718528,0.26759131798429,1.6235588277362831
350.0,22.62,79.397,4.106,3.705,4888.603,1.7449165015741814,1.744910490631313,1.744910490631313,1.7449165015741814,1.7834555554156477,1.7834341985445898,1.7834341985445898,1.7834555554156477,0.9347330310528804,0.9347306478408172,0.9347306478408172,0.9347330310528804,0.2679716672827833,0.2679732462484492,0.2679732462484492,0.2679716672827833,1.5696055005582412
350.0,23.207,37.058,5.49,4.984,2466.082,1.7476169350659172,1.7476108653820883,1.7476108653820883,1.7476169350659172,1.788371770193675,1.788350097699764,1.788350097699764,1.788371770193675,0.9349154823913348,0.934908822912513,0.934908822912513,0.9349154823913348,0.2677310718118279,0.2677369080334333,0.2677369080334333,0.2677310718118279,3.10719529102744
350.0,23.477,93.243,5.217,4.668,1187.598,1.748817673849177,1.7488116331204184,1.7488116331204184,1.748817673849177,1.8000349932707715,1.8000136051283593,1.8000136051283593,1.8000349932707715,0.9452542001225044,0.945250353001019,0.945250353001019,0.9452542001225044,0.2680168271983457,0.2680192063499753,0.2680192063499753,0.2680168271983457,6.4639607337803415
350.0,23.523,73.159,5.639,6.301,4606.697,1.744929276031401,1.7449224051066965,1.7449224051066965,1.744929276031401,1.7838506347164438,1.7838251212149343,1.7838251212149343,1.7838506347164438,0.9351676242523111,0.9351650910007948,0.9351650910007948,0.9351676242523111,0.2680165257796973,0.2680183295546556,0.2680183295546556,0.2680165257796973,1.6653173352615205
350.0,23.533,23.243,4.509,4.834,4407.704,1.7466812813933643,1.7466766475056092,1.7466766475056092,1.7466812813933643,1.783743448256217,1.783728592271414,1.783728592271414,1.783743448256217,0.931709341565129,0.9316928567893066,0.9316928567893066,0.931709341565129,0.2677085803653721,0.2677225576418705,0.2677225576418705,0.2677085803653721,1.7376756202679038
350.0,23.547,72.782,4.436,5.02,2832.968,1.7459223925542815,1.7459155746987456,1.7459155746987456,1.7459223925542815,1.787332441500226,1.7873069991075123,1.7873069991075123,1.787332441500226,0.9370417748873964,0.9370388766914524,0.9370388766914524,0.9370417748873964,0.2679909857367191,0.2679930763243864,0.2679930763243864,0.2679909857367191,2.7079406227505527
350.0,23.878,10.919,3.297,3.867,1425.121,1.7504358384082872,1.750430180465964,1.750430180465964,1.7504358384082872,1.7958566605120236,1.7958371187304665,1.7958371187304665,1.7958566605120236,0.937686147705941,0.9376176197527146,0.9376176197527146,0.937686147705941,0.2675557677753581,0.2676094923005354,0.2676094923005354,0.2675557677753581,5.372215182537575
350.0,24.028,24.515,5.467,5.967,4370.825,1.7464944017109587,1.7464880873404405,1.7464880873404405,1.7464944017109587,1.7838679066748229,1.7838452281277362,1.7838452281277362,1.7838679066748229,0.9322165659152312,0.9322005781721308,0.9322005781721308,0.9322165659152312,0.2677623948144539,0.2677758708119052,0.2677758708119052,0.2677623948144539,1.7524087848373615
350.0,24.058,46.796,5.921,4.403,1957.044,1.7477822475211844,1.7477763928455985,1.7477763928455985,1.7477822475211844,1.7912547005608337,1.7912340395184287,1.7912340395184287,1.7912547005608337,0.9377531081501408,0.9377466946226692,0.9377466946226692,0.9377531081501408,0.2678504447969133,0.2678557053176927,0.2678557053176927,0.2678504447969133,3.916628406099559
350.0,24.119,68.646,3.508,5.308,896.859,1.75142809135858,1.7514208087727183,1.7514208087727183,1.75142809135858,1.8069551387663432,1.806927639635393,1.806927639635393,1.8069551387663432,0.9477617270361378,0.9477577902057824,0.9477577902057824,0.9477617270361378,0.2678751901987054,0.2678779697886049,0.2678779697886049,0.2678751901987054,8.552542181227993
350.0,24.161,73.866,3.296,3.201,1339.797,1.748552627405324,1.7485457147328487,1.7485457147328487,1.748552627405324,1.7975185217606262,1.7974927508350818,1.7974927508350818,1.7975185217606262,0.9430605828690782,0.9430575872857224,0.9430575872857224,0.9430605828690782,0.2679819038985371,0.2679839742314717,0.2679839742314717,0.2679819038985371,5.726055352118462
350.0,24.172,45.269,4.073,6.297,3293.804,1.746291555753772,1.7462832321762234,1.7462832321762234,1.746291555753772,1.785952017123687,1.785919635727702,1.785919635727702,1.785952017123687,0.9348593641043996,0.9348549095547352,0.9348549095547352,0.9348593641043996,0.2678916927937092,0.2678955734541376,0.2678955734541376,0.2678916927937092,2.326988431826144
350.0,24.2,46.204,3.361,5.84,510.624,1.7583109665266043,1.7583045394113594,1.7583045394113594,1.7583109665266043,1.828545317313516,1.8285219945123297,1.8285219945123297,1.828545317313516,0.957901596148624,0.9578959951851432,0.9578959951851432,0.957901596148624,0.2675778233101464,0.267582302314769,0.267582302314769,0.2675778233101464,15.010601766114393
350.0,24.655,85.376,4.291,4.71,4636.614,1.7441442870035897,1.744138886958764,1.744138886958764,1.7441442870035897,1.7840502174637054,1.784031547900199,1.784031547900199,1.7840502174637054,0.9369308644013123,0.9369264708078076,0.9369264708078076,0.9369308644013123,0.268197334018289,0.2682003710668652,0.2682003710668652,0.268197334018289,1.6552276772134449
350.0,24.827,73.077,4.704,4.086,1540.941,1.7476561987912516,1.7476501197616685,1.7476501197616685,1.7476561987912516,1.7950978343585666,1.7950760154731027,1.7950760154731027,1.7950978343585666,0.9421816697002112,0.9421778035287321,0.9421778035287321,0.9421816697002112,0.2680586458012778,0.2680613933723125,0.2680613933723125,0.2680586458012778,4.978485202750672
350.0,24.846,12.938,4.149,4.881,3276.422,1.7471788664413757,1.7471714106646117,1.7471714106646117,1.7471788664413757,1.7858483584467313,1.7858202470199458,1.7858202470199458,1.7858483584467313,0.9330943263472754,0.9330532026426795,0.9330532026426795,0.9330943263472754,0.2677450671555821,0.2677783427970195,0.2677783427970195,0.2677450671555821,2.336871031592135
350.0,24.846,48.564,5.589,2.869,2270.758,1.7469579111440203,1.7469506136852586,1.7469506136852586,1.7469579111440203,1.7895656168952807,1.7895377601947755,1.7895377601947755,1.7895656168952807,0.9375250162475394,0.9375213232713012,0.9375213232713012,0.9375250162475394,0.267949946000385,0.2679532184046994,0.2679532184046994,0.267949946000385,3.375723320761012
350.0,24.903,37.637,3.548,6.011,3466.002,1.7462035153011286,1.7461982976068504,1.7461982976068504,1.7462035153011286,1.7855985490007673,1.7855808462613114,1.7855808462613114,1.7855985490007673,0.9346775359796948,0.9346693516527488,0.9346693516527488,0.9346775359796948,0.2679157191292377,0.2679227130510263,0.2679227130510263,0.2679157191292377,2.210828054999131
350.0,25.002,87.877,3.125,4.994,4672.062,1.7439371558273318,1.743931706418839,1.743931706418839,1.7439371558273318,1.7840732786704678,1.7840545255622884,1.7840545255622884,1.7840732786704678,0.9373639038971672,0.9373608355351924,0.9373608355351924,0.9373639038971672,0.2682462554531525,0.2682482654954864,0.2682482654954864,0.2682462554531525,1.6428018321877167
350.0,25.155,51.159,5.091,2.839,4527.226,1.7451759821660433,1.745169357972115,1.745169357972115,1.7451759821660433,1.7840012597865715,1.7839767581114476,1.7839767581114476,1.7840012597865715,0.934916827575041,0.9349116901328672,0.9349116901328672,0.934916827575041,0.2680351948308629,0.2680394344142152,0.2680394344142152,0.2680351948308629,1.693334686016666
350.0,25.667,45.525,5.422,4.002,500.858,1.7581447413762534,1.7581389556520943,1.7581389556520943,1.7581447413762534,1.8297383222990289,1.8297178518998671,1.8297178518998671,1.8297383222990289,0.959563637369488,0.9595558643173469,0.9595558643173469,0.959563637369488,0.267708185607324,0.2677143570646426,0.2677143570646426,0.267708185607324,15.3029175764459
350.0,25.673,42.51,3.014,5.715,487.034,1.758658500396172,1.758651191292024,1.758651191292024,1.758658500396172,1.831183716317836,1.831155662271712,1.831155662271712,1.831183716317836,0.9601348953469404,0.960130105495247,0.960130105495247,0.9601348953469404,0.267679866692423,0.2676839765769302,0.2676839765769302,0.267679866692423,15.735720662702104
350.0,25.824,84.476,3.832,4.94,2841.862,1.7447916942487978,1.7447849203301535,1.7447849203301535,1.7447916942487978,1.7876960510579456,1.787670872950414,1.787670872950414,1.7876960510579456,0.9396808154022764,0.9396776009614968,0.9396776009614968,0.9396808154022764,0.2682784126501415,0.2682805828212594,0.2682805828212594,0.2682784126501415,2.700485594740511
350.0,26.282,62.043,5.923,3.281,1853.549,1.746763994250886,1.7467588229757236,1.7467588229757236,1.746763994250886,1.7923968986052576,1.7923795984095807,1.7923795984095807,1.7923968986052576,0.9410166352687928,0.941012338498152,0.941012338498152,0.9410166352687928,0.2681499356098782,0.2681532001212004,0.2681532001212004,0.2681499356098782,4.13735728361207
350.0,26.39,53.299,5.915,3.28,3310.626,1.7452975489911935,1.7452904769889142,1.7452904769889142,1.7452975489911935,1.7862597788897452,1.7862330408345566,1.7862330408345566,1.7862597788897452,0.9371741927568786,0.9371687701304672,0.9371687701304672,0.9371741927568786,0.2681499447968641,0.2681543412144886,0.2681543412144886,0.2681499447968641,2.3157635838429638
350.0,26.393,31.6,3.909,3.1,1668.271,1.748190167018212,1.748182241118488,1.748182241118488,1.748190167018212,1.7937233664183565,1.7936926978632013,1.7936926978632013,1.7937233664183565,0.9397263520740152,0.9397187626029468,0.9397187626029468,0.9397263520740152,0.2679619225700701,0.267968783037212,0.267968783037212,0.2679619225700701,4.592297316819957
350.0,27.085,86.026,3.395,4.044,4519.592,1.7433841820748206,1.7433788461378454,1.7433788461378454,1.7433841820748206,1.7845247913943303,1.784506258422564,1.784506258422564,1.7845247913943303,0.9389818490992606,0.9389782462447666,0.9389782462447666,0.9389818490992606,0.268431323206536,0.2684338018824826,0.2684338018824826,0.268431323206536,1.6981159456714754
350.0,27.342,97.767,2.527,5.57,3177.824,1.7435872730218864,1.7435813352056997,1.7435813352056997,1.7435872730218864,1.7870496906352575,1.7870283830705116,1.7870283830705116,1.7870496906352575,0.9413391333491312,0.9413355435764148,0.9413355435764148,0.9413391333491312,0.2685113651136579,0.2685136915058666,0.2685136915058666,0.2685113651136579,2.416028800352457
350.0,27.563,83.932,5.521,3.876,318.809,1.7646343621737848,1.764627035289652,1.764627035289652,1.7646343621737848,1.8600547449061653,1.8600268319949247,1.8600268319949247,1.8600547449061653,0.9798229926145342,0.9798181964779052,0.9798181964779052,0.9798229926145342,0.2679104168189628,0.2679133000285873,0.2679133000285873,0.2679104168189628,24.07107395021266
350.0,27.63,47.487,5.979,5.589,1049.561,1.7498309785601385,1.7498243450050797,1.7498243450050797,1.7498309785601385,1.8030933806350584,1.803068777696304,1.803068777696304,1.8030933806350584,0.946769208854454,0.946764268370648,0.946764268370648,0.946769208854454,0.2681127456033545,0.2681169264109167,0.2681169264109167,0.2681127456033545,7.303173925207519
350.0,27.637,84.043,3.039,2.62,1595.259,1.7462273965684936,1.7462207322085148,1.7462207322085148,1.7462273965684936,1.7950052227713442,1.794980577214662,1.794980577214662,1.7950052227713442,0.9449105434735408,0.9449087953520312,0.9449087953520312,0.9449105434735408,0.2683998848802274,0.2684009517884686,0.2684009517884686,0.2683998848802274,4.810671239429159
350.0,27.716,64.105,5.62,4.047,4607.261,1.7438897203162842,1.7438834927057738,1.7438834927057738,1.7438897203162842,1.784337617997112,1.7843150244816492,1.7843150244816492,1.784337617997112,0.9378287746350512,0.9378250197671932,0.9378250197671932,0.9378287746350512,0.2683576741010423,0.2683606130911295,0.2683606130911295,0.2683576741010423,1.664615147176845
350.0,27.927,37.224,2.916,4.553,2344.599,1.7462509835318871,1.7462434041380028,1.7462434041380028,1.7462509835318871,1.7895355707332137,1.7895064246739718,1.7895064246739718,1.7895355707332137,0.9389512078774848,0.9389447837415764,0.9389447837415764,0.9389512078774848,0.2681743909064682,0.2681801108293456,0.2681801108293456,0.2681743909064682,3.2681903907444134
350.0,27.992,63.408,2.562,6.053,2881.448,1.7447697876787538,1.7447635814550768,1.7447635814550768,1.7447697876787538,1.7877033165419949,1.7876806188277063,1.7876806188277063,1.7877033165419949,0.9398024278567784,0.939798129719784,0.939798129719784,0.9398024278567784,0.2683562106518127,0.2683595803458482,0.2683595803458482,0.2683562106518127,2.6615547234174173
350.0,28.0,81.162,2.894,6.093,1573.904,1.7462696667917643,1.7462628709413317,1.7462628709413317,1.7462696667917643,1.795251894354167,1.7952264978204404,1.7952264978204404,1.795251894354167,0.9451089062789884,0.9451056686093544,0.9451056686093544,0.9451089062789884,0.2684148941973404,0.2684171232290489,0.2684171232290489,0.2684148941973404,4.875485308767875
350.0,28.096,85.088,6.036,3.119,4259.196,1.743190122599821,1.7431839153790427,1.7431839153790427,1.743190122599821,1.7850048238732752,1.784982089805084,1.784982089805084,1.7850048238732752,0.9399042661594126,0.9399015623874848,0.9399015623874848,0.9399042661594126,0.2685198924999433,0.2685217638434011,0.2685217638434011,0.2685198924999433,1.8018771455958889
350.0,28.343,29.494,5.887,2.971,3667.043,1.7452598186559594,1.7452528055299772,1.7452528055299772,1.7452598186559594,1.7855895173833036,1.785563077978345,1.785563077978345,1.7855895173833036,0.936585286461826,0.93657942829833,0.93657942829833,0.936585286461826,0.2681946448421913,0.2682004187695892,0.2682004187695892,0.2681946448421913,2.089060516945776
350.0,28.45,35.967,5.443,3.816,3142.03,1.745337009827284,1.7453318997344698,1.7453318997344698,1.745337009827284,1.7868153662704582,1.7867978887871827,1.7867978887871827,1.7868153662704582,0.9377742205370332,0.93776501664659,0.93776501664659,0.9377742205370332,0.2682350133203898,0.2682428743731364,0.2682428743731364,0.2682350133203898,2.438641670133618
350.0,28.598,11.103,3.228,5.898,1113.717,1.75034390396429,1.7503361576335283,1.7503361576335283,1.75034390396429,1.8015273275952384,1.801497532686493,1.801497532686493,1.8015273275952384,0.9441575816130326,0.9440948652846204,0.9440948652846204,0.9441575816130326,0.2679698891416742,0.2680194295799446,0.2680194295799446,0.2679698891416742,6.874322405513587
350.0,28.74,92.996,5.886,5.119,1070.394,1.7478155259985857,1.7478092001177556,1.7478092001177556,1.7478155259985857,1.8031506524974463,1.8031274901390768,1.8031274901390768,1.8031506524974463,0.9507236451692131,0.9507210151554571,0.9507210151554571,0.9507236451692131,0.2685059910109372,0.2685076035934968,0.2685076035934968,0.2685059910109372,7.171635521076928
350.0,28.759,58.957,3.729,4.399,3882.839,1.7440224980992882,1.7440162831262602,1.7440162831262602,1.7440224980992882,1.7854776031868556,1.785455091858216,1.785455091858216,1.7854776031868556,0.9388432777722636,0.9388407650790918,0.9388407650790918,0.9388432777722636,0.2684185679002513,0.2684207150768275,0.2684207150768275,0.2684185679002513,1.9748488134284183
350.0,28.875,72.793,3.216,6.311,488.632,1.7565795551700487,1.7565722951519689,1.7565722951519689,1.7565795551700487,1.8317648524070216,1.8317372675595665,1.8317372675595665,1.8317648524070216,0.9648495816831149,0.9648466178192142,0.9648466178192142,0.9648495816831149,0.2681862093512822,0.2681881531773741,0.2681881531773741,0.2681862093512822,15.69965918778444
350.0,28.92,43.132,5.905,5.682,4623.377,1.7442039565141787,1.744198144468854,1.744198144468854,1.7442039565141787,1.784320654869056,1.7842999392743129,1.7842999392743129,1.784320654869056,0.9372495372165728,0.9372430493547936,0.9372430493547936,0.9372495372165728,0.2683427133252979,0.2683482626948291,0.2683482626948291,0.2683427133252979,1.6576787438787977
350.0,29.02,70.153,6.156,5.021,351.586,1.7624742202095225,1.762467878130272,1.762467878130272,1.7624742202095225,1.852511655563032,1.852488519107694,1.852488519107694,1.852511655563032,0.9759097585906016,0.97590397909548,0.97590397909548,0.9759097585906016,0.2680276641818478,0.268031588836984,0.268031588836984,0.2680276641818478,21.81725615997269
350.0,29.241,48.964,5.994,4.516,3268.72,1.7445559001939512,1.7445494917918485,1.7445494917918485,1.7445559001939512,1.786707651066763,1.7866841678678689,1.7866841678678689,1.786707651066763,0.9391717550160312,0.9391679302520732,0.9391679302520732,0.9391717550160312,0.2683940794184006,0.2683974698459241,0.2683974698459241,0.2683940794184006,2.345113970936874
350.0,29.334,31.658,4.357,4.363,1790.08,1.7469459949082546,1.7469405349645983,1.7469405349645983,1.7469459949082546,1.793067999882516,1.7930489550492952,1.7930489550492952,1.793067999882516,0.941497775719983,0.941491167984574,0.941491167984574,0.941497775719983,0.2682501302483801,0.2682563119330412,0.2682563119330412,0.2682501302483801,4.279801019292841
350.0,29.426,52.086,3.721,4.858,588.205,1.75455738249505,1.7545497626410005,1.7545497626410005,1.75455738249505,1.822679853078824,1.8226505426320003,1.8226505426320003,1.822679853078824,0.9589432013924262,0.9589389754651432,0.9589389754651432,0.9589432013924262,0.2681758076373095,0.2681792071774759,0.2681792071774759,0.2681758076373095,13.033225983948014
350.0,29.743,30.717,2.802,4.995,3326.367,1.7449705953919965,1.7449647610146537,1.7449647610146537,1.7449705953919965,1.7864986717953586,1.7864778614582342,1.7864778614582342,1.7864986717953586,0.938171401352002,0.9381633164890892,0.9381633164890892,0.938171401352002,0.2683290830176817,0.2683364513923672,0.2683364513923672,0.2683290830176817,2.30310258672425
350.0,29.774,48.444,6.018,4.296,2202.685,1.7454786051225255,1.7454724990582582,1.7454724990582582,1.7454786051225255,1.790574852107104,1.790552840046084,1.790552840046084,1.790574852107104,0.9416147471705606,0.9416108942717152,0.9416108942717152,0.9416147471705606,0.2684154280304216,0.2684188462565462,0.2684188462565462,0.2684154280304216,3.480015547749413
350.0,29.823,77.514,3.252,4.506,1665.13,1.7455535080956683,1.7455474317967967,1.7455474317967967,1.7455535080956683,1.7945815411054349,1.7945596092730918,1.7945596092730918,1.7945815411054349,0.9458127847599996,0.9458094436753212,0.9458094436753212,0.9458127847599996,0.2685738794566162,0.2685762783153407,0.2685762783153407,0.2685738794566162,4.607820452438018
350.0,30.308,78.407,2.793,3.465,3663.821,1.7429817388635132,1.742976327329725,1.742976327329725,1.7429817388635132,1.7862352699501909,1.7862165774698209,1.7862165774698209,1.7862352699501909,0.941707206263162,0.9417029821016945,0.9417029821016945,0.941707206263162,0.2686830139140055,0.2686860627614993,0.2686860627614993,0.2686830139140055,2.0942228878069784
350.0,30.398,88.96,3.751,3.645,4729.966,1.7421502714583026,1.7421447195675746,1.7421447195675746,1.7421502714583026,1.7847524023172316,1.784732848118022,1.784732848118022,1.7847524023172316,0.9416931495467542,0.9416907818237032,0.9416907818237032,0.9416931495467542,0.2687681961571303,0.2687697871204937,0.2687697871204937,0.2687681961571303,1.6227380272863705
350.0,30.815,22.614,3.761,3.788,4528.035,1.744319937218486,1.7443127475765274,1.7443127475765274,1.744319937218486,1.784540346929118,1.7845129220346707,1.7845129220346707,1.784540346929118,0.9373247446021248,0.937315053749284,0.937315053749284,0.9373247446021248,0.2683946280393022,0.268403827128723,0.268403827128723,0.2683946280393022,1.6914488882262344
350.0,30.88,16.824,4.668,6.161,2923.661,1.745375117771256,1.7453669672279235,1.7453669672279235,1.745375117771256,1.7876136365796758,1.787581719553672,1.787581719553672,1.7876136365796758,0.9386433628312124,0.9386255945838672,0.9386255945838672,0.9386433628312124,0.2683407736378351,0.2683564925552764,0.2683564925552764,0.2683407736378351,2.619143994434272
350.0,31.057,27.703,5.125,5.676,3671.353,1.7444429032144022,1.7444385892211194,1.7444385892211194,1.7444429032144022,1.7859254634800052,1.785911678778895,1.785911678778895,1.7859254634800052,0.9386044041753868,0.9385921341241108,0.9385921341241108,0.9386044041753868,0.2684390427516532,0.268449726674697,0.268449726674697,0.2684390427516532,2.086479761064828
350.0,31.142,85.89,4.796,3.521,4602.952,1.7420566172323566,1.7420515047905771,1.7420515047905771,1.7420566172323566,1.7849808436020316,1.7849634180053198,1.7849634180053198,1.7849808436020316,0.9421431893755506,0.942139384843434,0.942139384843434,0.9421431893755506,0.2688190226813048,0.2688217152283996,0.2688217152283996,0.2688190226813048,1.6673480552439144
350.0,31.257,88.257,4.376,5.767,1316.933,1.7458903982414593,1.7458843639607096,1.7458843639607096,1.7458903982414593,1.798965742036918,1.7989439691903144,1.7989439691903144,1.798965742036918,0.949959029248228,0.9499560732494796,0.9499560732494796,0.949959029248228,0.2687518079211975,0.268753776524694,0.268753776524694,0.2687518079211975,5.828145805390387
350.0,31.318,13.938,4.464,4.12,3922.562,1.7446964668659652,1.744692452680631,1.744692452680631,1.7446964668659652,1.7854087202789055,1.7853965537215029,1.7853965537215029,1.7854087202789055,0.937582347255016,0.9375423142313962,0.9375423142313962,0.937582347255016,0.268371844549847,0.2684043149699413,0.2684043149699413,0.268371844549847,1.9519822922573584
350.0,31.834,52.533,4.212,6.093,3836.108,1.7432724213095612,1.7432659572068627,1.7432659572068627,1.7432724213095612,1.7859306131343031,1.7859067168878058,1.7859067168878058,1.7859306131343031,0.9408629329737752,0.940859332754576,0.940859332754576,0.9408629329737752,0.2686716828021892,0.2686748260049076,0.2686748260049076,0.2686716828021892,1.9984813436037907
350.0,32.219,76.893,2.696,5.03,1074.827,1.7472100277018896,1.7472033101438018,1.7472033101438018,1.747210027701834,1.8034206595829012,1.8033955764408507,1.8033955764408507,1.8034206595827973,0.952281684459595,0.9522788093445635,0.9522788093445635,0.952281684459595,0.2687445342042623,0.2687465761708555,0.2687465761708555,0.2687445342042623,7.138285478717688
350.0,32.297,47.616,5.33,3.379,556.749,1.7544887573855688,1.75448138398394,1.75448138398394,1.7544887573855688,1.8255570090660824,1.825528791491808,1.825528791491808,1.8255570090660824,0.9622738702504908,0.9622678648154472,0.9622678648154472,0.9622738702504908,0.2684116779875529,0.2684165872608987,0.2684165872608987,0.2684116779875529,13.767543141800584
350.0,32.48,90.971,3.335,5.359,899.013,1.747984002055858,1.7479784365758668,1.7479784365758668,1.747984002055858,1.8082797120255325,1.8082599659311136,1.8082599659311136,1.8082797120255325,0.9560658273467428,0.9560620385003776,0.9560620385003776,0.9560658273467428,0.2688262897759401,0.2688288259799772,0.2688288259799772,0.2688262897759401,8.53816406790673
350.0,32.636,42.782,2.895,5.654,3201.696,1.743717311092028,1.7437120726427606,1.7437120726427606,1.743717311092028,1.7872877476168891,1.7872696923011926,1.7872696923011926,1.7872877476168891,0.9415104058826856,0.941502895329844,0.941502895329844,0.9415104058826856,0.268677844533399,0.26868422799278,0.26868422799278,0.268677844533399,2.3937150359941493
350.0,33.04,20.377,3.501,5.493,2766.448,1.7446995453727363,1.7446927608219915,1.7446927608219915,1.7446995453727363,1.7884313268882286,1.788405996078553,1.788405996078553,1.7884313268882286,0.940885801555858,0.9408710777009912,0.9408710777009912,0.940885801555858,0.2685666142569063,0.2685797219527909,0.2685797219527909,0.2685666142569063,2.7682990865452872
350.0,33.272,51.977,5.764,4.446,319.495,1.7638197274811227,1.7638117110910327,1.7638117110910327,1.7638197274811227,1.8604772157490816,1.8604455123082355,1.8604455123082355,1.8604772157490816,0.982043489543824,0.9820374523693826,0.9820374523693826,0.982043489543824,0.2682851785067304,0.2682898258522273,0.2682898258522273,0.2682851785067304,23.994319244507263
350.0,33.43,34.917,4.588,4.449,4194.316,1.7431886134252392,1.7431835161204488,1.7431835161204488,1.7431886134252392,1.785438320232344,1.7854208229811672,1.7854208229811672,1.785438320232344,0.940540213574171,0.94053164538985,0.94053164538985,0.940540213574171,0.2687174120955331,0.2687249797011064,0.2687249797011064,0.2687174120955331,1.8267542581225364
350.0,33.465,65.17,3.868,5.807,2342.404,1.7435318223600151,1.7435258492840644,1.7435258492840644,1.7435318223600151,1.790531783523342,1.7905101621267538,1.7905101621267538,1.790531783523342,0.9454012010035304,0.9453978270464822,0.9453978270464822,0.9454012010035304,0.2688786033144343,0.2688813078343712,0.2688813078343712,0.2688786033144343,3.2742082439941025
350.0,33.476,23.931,3.953,5.228,3545.274,1.7438616447351931,1.7438560420380724,1.7438560420380724,1.7438616447351931,1.7864791877848736,1.7864594407381074,1.7864594407381074,1.7864791877848736,0.9403843633859476,0.9403727363504044,0.9403727363504044,0.9403843633859476,0.2686451211658641,0.2686556396377287,0.2686556396377287,0.2686451211658641,2.160409158643686
350.0,33.482,79.821,4.809,3.645,3297.711,1.7421336983505356,1.7421281918809866,1.7421281918809866,1.7421336983505356,1.787474055608766,1.787454600063067,1.787454600063067,1.787474055608766,0.9447641100687768,0.9447604769884764,0.9447604769884764,0.9447641100687768,0.2689922296953947,0.2689948812533744,0.2689948812533744,0.2689922296953947,2.326820128015819
350.0,33.65,64.805,5.837,4.256,4700.975,1.7419253258542369,1.7419192627887607,1.7419192627887607,1.7419253258542369,1.7850508319562928,1.7850286365834078,1.7850286365834078,1.7850508319562928,0.9425382353841661,0.9425344810795464,0.9425344810795464,0.9425382353841661,0.2689300964960318,0.2689331328458276,0.2689331328458276,0.2689300964960318,1.631457108234565
350.0,33.672,53.643,2.666,5.629,2955.992,1.7432071635057098,1.7432014733300334,1.7432014733300334,1.7432071635057098,1.788188095122191,1.7881679424575827,1.7881679424575827,1.788188095122191,0.9434889213541808,0.9434847021641504,0.9434847021641504,0.9434889213541808,0.2688415492223678,0.2688451308257078,0.2688451308257078,0.2688415492223678,2.593595303774284
350.0,34.097,95.104,4.034,5.029,2198.268,1.742527957108864,1.7425223765605888,1.7425223765605888,1.742527957108864,1.7915941982571189,1.7915746327297355,1.7915746327297355,1.7915941982571189,0.9484931041504396,0.948490446770811,0.948490446770811,0.9484931041504396,0.2691225581163717,0.269124263681762,0.269124263681762,0.2691225581163717,3.492286070452894
350.0,34.136,64.756,4.893,4.662,1380.245,1.7454980728951237,1.7454919737330965,1.7454919737330965,1.7454980728951237,1.7982870778560514,1.7982648733947353,1.7982648733947353,1.7982870778560514,0.9500584606385912,0.9500539964106144,0.9500539964106144,0.9500584606385912,0.26889016434946,0.2688936481966931,0.2688936481966931,0.26889016434946,5.556541322995438
350.0,34.379,67.407,3.883,4.711,3336.651,1.7422352970187376,1.742230472890432,1.742230472890432,1.7422352970187376,1.7874076892168067,1.7873914418517889,1.7873914418517889,1.7874076892168067,0.9445234019582798,0.9445182351828147,0.9445182351828147,0.9445234019582798,0.2690015394101379,0.2690055381876425,0.2690055381876425,0.2690015394101379,2.298734906507451
350.0,34.438,62.091,6.292,4.774,1459.884,1.7452015775781096,1.7451961580782442,1.7451961580782442,1.7452015775781096,1.7972881808851853,1.7972690231555926,1.7972690231555926,1.7972881808851853,0.9495544412944626,0.949548670358566,0.949548670358566,0.9495544412944626,0.2689090623265936,0.2689136133223311,0.2689136133223311,0.2689090623265936,5.252967372183524
350.0,34.624,63.186,4.548,2.536,486.985,1.755109039627314,1.755102538675836,1.755102538675836,1.755109039627314,1.832743983050369,1.8327198357902084,1.8327198357902084,1.832743983050369,0.9689067354818928,0.9689019672516404,0.9689019672516404,0.9689067354818928,0.2686951571714913,0.26869873898263,0.26869873898263,0.2686951571714913,15.74773354613922
350.0,34.704,90.506,4.224,2.837,4280.204,1.740874884507507,1.7408683415897293,1.7408683415897293,1.740874884507507,1.7859515609518968,1.7859271142019095,1.7859271142019095,1.7859515609518968,0.9455534996654475,0.9455516557093242,0.9455516557093242,0.9455534996654475,0.2691893238729682,0.2691905684918591,0.2691905684918591,0.2691893238729682,1.7933351567583646
350.0,34.969,62.629,5.711,2.955,4089.226,1.7418046665117135,1.741799131671095,1.741799131671095,1.7418046665117135,1.786036895152546,1.7860172805272756,1.7860172805272756,1.786036895152546,0.9438749973810292,0.9438705588619524,0.9438705588619524,0.9438749973810292,0.2690380709910327,0.2690416557861335,0.2690416557861335,0.2690380709910327,1.875387305537173
350.0,35.028,14.807,4.405,2.776,4389.936,1.743274298109742,1.7432673599874666,1.7432673599874666,1.743274298109742,1.78523330493453,1.78520704977164,1.78520704977164,1.78523330493453,0.9402069987791521,0.9401771767775065,0.9401771767775065,0.9402069987791521,0.2687394580372953,0.2687643907746775,0.2687643907746775,0.2687394580372953,1.7442068722494035
350.0,35.079,51.233,3.3,3.424,2314.579,1.7435163816023596,1.7435113202265748,1.7435113202265748,1.7435163816023596,1.7907774004628925,1.7907602338369042,1.7907602338369042,1.7907774004628925,0.9457449499314872,0.9457371381205012,0.9457371381205012,0.9457449499314872,0.2689452730787353,0.2689515646487526,0.2689515646487526,0.2689452730787353,3.3120609616606824
350.0,35.207,66.967,6.055,4.64,4179.832,1.7415437799822515,1.7415376606872908,1.7415376606872908,1.7415437799822515,1.7859717748574166,1.785949311400839,1.785949311400839,1.7859717748574166,0.9443080325270736,0.9443055160271377,0.9443055160271377,0.9443080325270736,0.2690896791044245,0.2690917926611522,0.2690917926611522,0.2690896791044245,1.834993252710612
350.0,35.283,56.009,2.785,3.569,788.652,1.7493879271830015,1.7493817730950003,1.7493817730950003,1.7493879271830015,1.8124114164772045,1.8123888123341,1.8123888123341,1.8124114164772045,0.9579272308980507,0.95792186194659,0.95792186194659,0.9579272308980507,0.2688536893417933,0.2688580233835567,0.2688580233835567,0.2688536893417933,9.721857330347271
350.0,35.458,84.241,5.299,3.327,1594.779,1.7437087878471054,1.7437032541590376,1.7437032541590376,1.7437087878471054,1.7961374240261974,1.7961178593954563,1.7961178593954563,1.7961374240261974,0.9511911787056894,0.9511874328539432,0.9511874328539432,0.9511911787056894,0.269158035710359,0.2691607082026177,0.2691607082026177,0.269158035710359,4.812106796589318
350.0,35.487,39.109,4.958,5.453,3315.45,1.7428438381554163,1.7428376979158695,1.7428376979158695,1.7428438381554163,1.7873859157423155,1.787363554776384,1.787363554776384,1.7873859157423155,0.9433639657522008,0.9433576315268464,0.9433576315268464,0.9433639657522008,0.2689312561244343,0.2689369747819402,0.2689369747819402,0.2689312561244343,2.3113022822436293
350.0,35.674,50.92,3.865,3.327,4143.25,1.7419471136317672,1.7419425090574596,1.7419425090574596,1.7419471136317672,1.785957375468544,1.785942299367926,1.785942299367926,1.785957375468544,0.9435365206712844,0.9435314008495344,0.9435314008495344,0.9435365206712844,0.2690333494479371,0.2690377324826214,0.2690377324826214,0.2690333494479371,1.8502275982787255
350.0,35.788,24.127,5.885,5.396,627.141,1.7526744600286617,1.7526702679956845,1.7526702679956845,1.7526744600286617,1.820639702588803,1.8206264424644696,1.8206264424644696,1.820639702588803,0.9605547146997602,0.9605422665620968,0.9605422665620968,0.9605547146997602,0.2686418506151218,0.2686529732052641,0.2686529732052641,0.2686418506151218,12.212859148126588
350.0,35.905,29.473,5.894,3.685,2064.785,1.7443606960546134,1.7443570544531106,1.7443570544531106,1.7443606960546134,1.792055879090117,1.7920452517115424,1.7920452517115424,1.792055879090117,0.945543338646978,0.9455308444688808,0.9455308444688808,0.945543338646978,0.2688786777291746,0.2688894868501836,0.2688894868501836,0.2688786777291746,3.7101145359611847
350.0,36.132,67.243,4.99,3.333,2784.501,1.7421090007671534,1.7421025201836255,1.7421025201836255,1.7421090007671534,1.7891919574232151,1.789167640449384,1.789167640449384,1.7891919574232151,0.9467414788939634,0.9467385144651584,0.9467385144651584,0.9467414788939634,0.2691612096066311,0.2691636498114732,0.2691636498114732,0.2691612096066311,2.7545389013440262
350.0,36.704,11.659,6.435,2.92,2388.182,1.7442265201855094,1.7442193330146472,1.7442193330146472,1.7442265201855094,1.7903458647568993,1.7903184612001308,1.7903184612001308,1.7903458647568993,0.9439850645633902,0.9439303791604972,0.9439303791604972,0.9439850645633902,0.2688396422853092,0.2688833458900323,0.2688833458900323,0.2688396422853092,3.205846627809295
350.0,36.709,29.024,2.662,2.968,1995.449,1.7442398981727445,1.7442342110482425,1.7442342110482425,1.7442398981727445,1.792605206001137,1.7925847976847376,1.7925847976847376,1.792605206001137,0.9463875410276152,0.9463742037600572,0.9463742037600572,0.9463875410276152,0.2689504501288509,0.268961867762037,0.268961867762037,0.2689504501288509,3.838969574285152
350.0,37.056,39.605,4.973,2.838,4089.604,1.7419050532669758,1.7418987581350356,1.7418987581350356,1.7419050532669758,1.7861476456201382,1.786124345698678,1.786124345698678,1.7861476456201382,0.9438562874464484,0.943850382247473,0.943850382247473,0.9438562874464484,0.2690952975005493,0.2691007136587039,0.2691007136587039,0.2690952975005493,1.873805112061128
350.0,37.266,35.647,4.645,4.871,4897.82,1.7416765570536097,1.7416708289364853,1.7416708289364853,1.7416765570536097,1.785107262340472,1.785086378094714,1.785086378094714,1.785107262340472,0.943172289396318,0.9431642579015266,0.9431642579015266,0.943172289396318,0.2690965600947513,0.2691037905894903,0.2691037905894903,0.2690965600947513,1.5643966792774022
350.0,37.329,58.211,3.164,4.357,4109.98,1.741182173164969,1.741176737206374,1.741176737206374,1.741182173164969,1.7863083735871843,1.7862891230840563,1.7862891230840563,1.7863083735871843,0.94542023662606,0.9454160454930152,0.9454160454930152,0.94542023662606,0.2692389766552596,0.2692425185898805,0.2692425185898805,0.2692389766552596,1.8656436613641287
350.0,37.83,65.735,5.107,5.335,2177.357,1.742340521022686,1.742335195710132,1.742335195710132,1.742340521022686,1.7920041291087647,1.7919854256998131,1.7919854256998131,1.7920041291087647,0.9493913149289912,0.949387234240652,0.949387234240652,0.9493913149289912,0.2693003007412304,0.2693035794616901,0.2693035794616901,0.2693003007412304,3.5224439238861023
350.0,38.32,34.127,2.654,4.645,2492.321,1.7428203338809385,1.7428151954647435,1.7428151954647435,1.7428203338809385,1.7903104687760427,1.7902926706686333,1.7902926706686333,1.7903104687760427,0.9466540904857956,0.946644696999906,0.946644696999906,0.9466540904857956,0.2691565499898914,0.2691647744308319,0.2691647744308319,0.2691565499898914,3.0741354537410004
350.0,38.535,22.946,4.599,4.033,1605.82,1.7447389714291188,1.7447333914393488,1.7447333914393488,1.7447389714291188,1.7959489058862623,1.7959286717252732,1.7959286717252732,1.7959489058862623,0.9491006233501064,0.9490897568042495,0.9490897568042495,0.9491006233501064,0.2690703261510096,0.2690805057456765,0.2690805057456765,0.2690703261510096,4.769481288881253
350.0,38.686,62.138,4.378,4.952,3401.812,1.7409802199682218,1.740975149516379,1.740975149516379,1.7409802199682218,1.7878427460365856,1.7878251146980513,1.7878251146980513,1.7878427460365856,0.947503711674892,0.947498994604752,0.947498994604752,0.947503711674892,0.2693872387416045,0.2693910983094951,0.2693910983094951,0.2693872387416045,2.2543056080981336
350.0,38.733,84.163,5.033,3.81,4820.842,1.7395963615848244,1.7395906007174813,1.7395906007174813,1.7395963615848244,1.7858139414244922,1.7857931105773974,1.7857931105773974,1.7858139414244922,0.9479509979039576,0.9479484267950724,0.9479484267950724,0.9479509979039576,0.2695450431693022,0.2695469498234064,0.2695469498234064,0.2695450431693022,1.5918845593213795
350.0,39.017,33.064,4.275,5.127,4355.307,1.741381445129596,1.7413768781957002,1.7413768781957002,1.741381445129596,1.785988295498429,1.785973198524942,1.785973198524942,1.785988295498429,0.9447364794343776,0.944728339983608,0.944728339983608,0.9447364794343776,0.269245482207465,0.2692529134778513,0.2692529134778513,0.269245482207465,1.7591119577292338
350.0,39.394,62.003,5.075,2.793,1545.669,1.7433282313178584,1.743323623406878,1.743323623406878,1.7433282313178584,1.7970431711225374,1.797027779969318,1.797027779969318,1.7970431711225374,0.9530001924230432,0.9529946472448712,0.9529946472448712,0.9530001924230432,0.2693992130413354,0.2694036766441774,0.2694036766441774,0.2693992130413354,4.961385219141958
350.0,39.48,46.736,5.135,5.426,3242.199,1.7413462952023564,1.741340192838571,1.741340192838571,1.7413462952023564,1.7882026037595125,1.7881801305937646,1.7881801305937646,1.7882026037595125,0.9472112269238716,0.9472054872228703,0.9472054872228703,0.9472112269238716,0.269364867847809,0.2693699347837834,0.2693699347837834,0.269364867847809,2.3640971348031363
350.0,39.489,20.804,2.618,6.043,2702.763,1.742662819323215,1.7426563817843097,1.7426563817843097,1.742662819323215,1.7895676479221778,1.7895435189555182,1.7895435189555182,1.7895676479221778,0.9461808956069764,0.946163799368386,0.946163799368386,0.9461808956069764,0.2691883979283248,0.2692033487324537,0.2692033487324537,0.2691883979283248,2.8335457832723034
350.0,39.665,57.713,5.655,5.898,3373.108,1.7408305086153164,1.7408249859203495,1.7408249859203495,1.7408305086153164,1.7880150206374352,1.7879954880592053,1.7879954880592053,1.7880150206374352,0.9479992422603072,0.9479936049013334,0.9479936049013334,0.9479992422603072,0.2694540542192611,0.2694586681427368,0.2694586681427368,0.2694540542192611,2.2731589412489224
350.0,39.703,18.271,5.729,5.545,4787.43,1.7415082903515458,1.7415000575718027,1.7415000575718027,1.7415082903515458,1.7854403370963168,1.7854076153559584,1.7854076153559584,1.7854403370963168,0.9439159376686846,0.9438976159826064,0.9438976159826064,0.9439159376686846,0.269218372235963,0.2692345021125928,0.2692345021125928,0.269218372235963,1.5995594216067746
350.0,39.703,25.906,6.358,5.693,4414.151,1.7413787345588527,1.741372234360676,1.741372234360676,1.7413787345588527,1.7859539207118298,1.7859294502898209,1.7859294502898209,1.7859539207118298,0.944717890994934,0.9447091828636914,0.9447091828636914,0.944717890994934,0.2692672482000424,0.2692755765645891,0.2692755765645891,0.2692672482000424,1.7352558012881532
350.0,39.858,95.097,4.228,5.885,1158.453,1.743651776420069,1.7436464622334276,1.7436464622334276,1.743651776420069,1.8030084401898656,1.80298960098586,1.80298960098586,1.8030084401898656,0.9588489576648116,0.9588453084497583,0.9588453084497583,0.9588489576648116,0.2696221103344677,0.2696246375769423,0.2696246375769423,0.2696221103344677,6.62685350305204
350.0,40.039,59.235,5.853,3.168,2910.473,1.741001454854777,1.7409962068410123,1.7409962068410123,1.741001454854777,1.7892967777418831,1.7892783531604697,1.7892783531604697,1.7892967777418831,0.9490696910438484,0.949066154737242,0.949066154737242,0.9490696910438484,0.2694935598460244,0.2694966458855965,0.2694966458855965,0.2694935598460244,2.6346179744807894
350.0,40.062,21.111,2.889,2.938,2416.722,1.7427850369675442,1.7427798877121785,1.7427798877121785,1.7427850369675442,1.7907771616190664,1.7907590954351713,1.7907590954351713,1.7907771616190664,0.9472755441880248,0.9472546710680336,0.9472546710680336,0.9472755441880248,0.2692375313852287,0.2692552433255227,0.2692552433255227,0.2692375313852287,3.1689505868633567
350.0,40.172,28.244,5.944,3.869,1807.399,1.743525179099783,1.7435207568415834,1.7435207568415834,1.743525179099783,1.7944451684573424,1.794430616334704,1.794430616334704,1.7944451684573424,0.949833597381968,0.949820890886534,0.949820890886534,0.949833597381968,0.2692740603866395,0.2692851756990793,0.2692851756990793,0.2692740603866395,4.238267414956645
350.0,40.281,54.915,4.954,5.099,4728.984,1.7401060348332742,1.740100969602996,1.740100969602996,1.7401060348332742,1.785893650556864,1.7858761298357937,1.7858761298357937,1.785893650556864,0.9470985589207787,0.9470933635986408,0.9470933635986408,0.9470985589207787,0.2695098123541628,0.2695142235241281,0.2695142235241281,0.2695098123541628,1.6212599157870171
350.0,40.329,18.247,4.342,4.628,1489.33,1.7446703488743571,1.744665848190492,1.744665848190492,1.7446703488743571,1.7974255002891355,1.7974102495843536,1.7974102495843536,1.7974255002891355,0.9508801340336088,0.9508614074320928,0.9508614074320928,0.9508801340336088,0.2692047576742719,0.26922127951026,0.26922127951026,0.2692047576742719,5.141733988573774
350.0,40.895,82.068,5.252,4.02,2537.17,1.740328113749227,1.7403230306746102,1.7403230306746102,1.740328113749227,1.7909310206086602,1.7909134167340055,1.7909134167340055,1.7909310206086602,0.9521494238832994,0.9521454612754268,0.9521454612754268,0.9521494238832994,0.2697141890017262,0.2697171636557636,0.2697171636557636,0.2697141890017262,3.024499384509531
350.0,41.266,71.378,4.563,3.526,3588.822,1.7397238824765833,1.7397193915756282,1.7397193915756282,1.7397238824765833,1.7879132371395576,1.7878984111380565,1.7878984111380565,1.7879132371395576,0.9500418533507654,0.9500377414880112,0.9500377414880112,0.9500418533507654,0.2697003060279213,0.2697035719360562,0.2697035719360562,0.2697003060279213,2.1374718565299573
350.0,41.393,23.827,4.642,5.448,3517.845,1.741319654817228,1.7413155070063462,1.7413155070063462,1.741319654817244,1.7876616619786363,1.787648631169286,1.787648631169286,1.7876616761566726,0.9467278913589476,0.9467123936282368,0.9467123936282368,0.9467278913589476,0.2694066083238557,0.2694201347849018,0.2694201347849018,0.2694066083238557,2.177226453269536
350.0,41.605,29.297,2.718,5.264,4765.14,1.7405270155075707,1.740520689642732,1.740520689642732,1.7405270155075707,1.7858314190156377,1.7858076881804326,1.7858076881804326,1.7858314190156377,0.946254894038272,0.9462469802780726,0.9462469802780726,0.946254894038272,0.2694761394463368,0.2694836917766963,0.2694836917766963,0.2694761394463368,1.6076152602708895
350.0,41.796,51.562,4.734,6.373,2195.786,1.741505205154726,1.7414993618237151,1.7414993618237151,1.741505205154726,1.7923765387993438,1.792355336886284,1.792355336886284,1.7923765387993438,0.9514823893609716,0.9514783120609384,0.9514783120609384,0.9514823893609716,0.2695994528746357,0.2696031128335746,0.2696031128335746,0.2695994528746357,3.491253720642527
350.0,41.913,17.008,3.262,6.265,580.122,1.751886004782004,1.7518740339654115,1.7518740339654115,1.751886004782004,1.824897351107546,1.824846490745747,1.824846490745747,1.824897351107546,0.9668099872992508,0.9667885912300798,0.9667885912300798,0.9668099872992508,0.2691798010613346,0.2691983301663488,0.2691983301663488,0.2691798010613346,13.19955807851984
350.0,41.932,28.89,6.085,6.265,2759.903,1.741542822467149,1.7415385652423228,1.7415385652423228,1.741542822467149,1.7897948377972182,1.78978123935531,1.78978123935531,1.7897948377972182,0.9486223457301728,0.9486116676231608,0.9486116676231608,0.9486223457301728,0.2694809145946756,0.2694905042409185,0.2694905042409185,0.2694809145946756,2.775603319325611
350.0,42.911,21.647,5.028,3.062,3517.159,1.7409019664539809,1.7408958806951518,1.7408958806951518,1.7409019664539809,1.787873829841506,1.7878513809192482,1.7878513809192482,1.787873829841506,0.9477838795699128,0.9477712462247352,0.9477712462247352,0.9477838795699128,0.26954173612262,0.2695534085306882,0.2695534085306882,0.26954173612262,2.1774925362008437
350.0,42.961,63.446,5.533,5.11,1226.46,1.743355668256478,1.7433505068381348,1.7433505068381348,1.743355668256478,1.8019585554723063,1.801940571593753,1.801940571593753,1.8019585554723063,0.958347694359958,0.95834242007071,0.95834242007071,0.958347694359958,0.2697344476049393,0.2697386885963257,0.2697386885963257,0.2697344476049393,6.252937015686388
350.0,43.297,24.017,4.636,3.287,339.234,1.7601863460094362,1.760179971260557,1.760179971260557,1.7601863460094362,1.8571001990538545,1.8570760341779051,1.8570760341779051,1.8571001990538545,0.9856656732383806,0.9856512333214332,0.9856512333214332,0.9856656732383806,0.2691598399824301,0.2691725061670285,0.2691725061670285,0.2691598399824301,22.577306206925943
350.0,43.345,32.771,4.038,3.595,4393.379,1.7399747248999975,1.7399688648630227,1.7399688648630227,1.7399747248999975,1.78657573234182,1.7865544843532275,1.7865544843532275,1.78657573234182,0.9481546476356568,0.948146490369202,0.948146490369202,0.9481546476356568,0.2696650662341197,0.2696725583327827,0.2696725583327827,0.2696650662341197,1.7438422585801607
350.0,43.515,56.245,5.701,5.003,3427.697,1.7395982812969215,1.7395932176987898,1.7395932176987898,1.7395982812969215,1.7884591857617986,1.7884416934058327,1.7884416934058327,1.7884591857617986,0.9509192978718471,0.9509141882964002,0.9509141882964002,0.9509192978718471,0.2698225089942939,0.2698268601889099,0.2698268601889099,0.2698225089942939,2.2368398142618258
350.0,43.647,31.614,5.809,6.498,3966.872,1.7400925526037956,1.7400885670400936,1.7400885670400936,1.7400925526037956,1.7872364854061014,1.7872239615043253,1.7872239615043253,1.7872364854061014,0.9486559099464708,0.9486459972872172,0.9486459972872172,0.9486559099464708,0.2696829270230568,0.2696918100842962,0.2696918100842962,0.2696829270230568,1.9312618082339548
350.0,43.849,44.587,5.349,5.128,1215.193,1.743753814663696,1.7437477475165584,1.7437477475165584,1.743753814663696,1.8021175820965352,1.8020950897909047,1.8020950897909047,1.8021175820965352,0.9577770173349625,0.95777014245122,0.95777014245122,0.9577770173349625,0.2696999261475376,0.2697059100569219,0.2697059100569219,0.2696999261475376,6.307032268847621
350.0,44.177,55.623,5.384,3.863,3940.619,1.7391275243132045,1.7391229721904908,1.7391229721904908,1.7391275243132045,1.7875749871604345,1.787559844216872,1.787559844216872,1.7875749871604345,0.9508744153235562,0.9508687878632666,0.9508687878632666,0.9508744153235562,0.2698890468328974,0.2698938165441143,0.2698938165441143,0.2698890468328974,1.945646191008508
350.0,44.3,60.437,3.223,2.773,1160.437,1.7433613489637705,1.7433561696607225,1.7433561696607225,1.7433613489637705,1.803342004937104,1.8033238238782527,1.8033238238782527,1.803342004937104,0.959861145519656,0.959856509523402,0.959856509523402,0.959861145519656,0.2698414903420722,0.2698453449780984,0.2698453449780984,0.2698414903420722,6.608034895972359
350.0,44.456,59.675,5.321,5.271,1993.868,1.7407074275123318,1.7407024727844151,1.7407024727844151,1.7407074275123318,1.7940475650656016,1.7940303613027262,1.7940303613027262,1.7940475650656016,0.9548736937528632,0.9548697927892824,0.9548697927892824,0.9548736937528632,0.2699063732732559,0.2699097856641098,0.2699097856641098,0.2699063732732559,3.8458128162181384
350.0,44.697,32.814,5.5,4.566,1320.257,1.7433944421414478,1.7433887375754813,1.7433887375754813,1.7433944421414478,1.8004465114167734,1.8004257978092886,1.8004257978092886,1.8004465114167734,0.9566753972607068,0.9566650598025493,0.9566650598025493,0.9566753972607068,0.2697173410588528,0.2697264358357699,0.2697264358357699,0.2697173410588528,5.802902791488696
350.0,44.841,62.475,3.734,5.568,4741.879,1.738370672301404,1.7383649554762095,1.7383649554762095,1.738370672301404,1.7866363973211434,1.7866157831113008,1.7866157831113008,1.7866363973211434,0.9513140166808044,0.9513091270159936,0.9513091270159936,0.9513140166808044,0.2700047153231252,0.2700087522901445,0.2700087522901445,0.2700047153231252,1.617239823716318
350.0,44.856,31.8,4.972,5.781,4990.446,1.7393181645415614,1.739312703788082,1.7393127037882028,1.7393181645415614,1.7860928559060625,1.7860734092660473,1.786073380880174,1.7860928559060625,0.9489153765982972,0.9489081921235378,0.9489081921235378,0.9489153765982972,0.2698112251936642,0.269818123420992,0.269818123420992,0.2698112251936642,1.5351547114417934
350.0,44.875,85.125,5.275,3.575,4408.897,1.7377165832218668,1.7377121351156233,1.7377121351156233,1.7377165832218668,1.7872564050190938,1.7872416697388211,1.7872416697388211,1.7872564050190938,0.9532407858128488,0.9532373217547944,0.9532373217547944,0.9532407858128488,0.270151236552639,0.2701538746967653,0.2701538746967653,0.270151236552639,1.7406635008602958
350.0,45.012,42.852,2.763,3.495,3186.99,1.7397223690846877,1.739716657799064,1.739716657799064,1.7397223690846877,1.7891373011717784,1.789116525734906,1.789116525734906,1.7891373011717784,0.9514446322033808,0.9514404385685168,0.9514404385685168,0.9514446322033808,0.269881371300497,0.2698855368727167,0.2698855368727167,0.269881371300497,2.4047311330973806
350.0,45.065,43.88,6.483,4.163,1889.771,1.741240515434434,1.741234681319897,1.741234681319897,1.741240515434434,1.794711327138794,1.7946901952613763,1.7946901952613763,1.794711327138794,0.9545855601851952,0.9545793721716096,0.9545793721716096,0.9545855601851952,0.2698605138609975,0.2698660299622729,0.2698660299622729,0.2698605138609975,4.055567832339106
350.0,45.101,46.933,5.471,3.244,1505.325,1.7421115947581165,1.7421068306109142,1.7421068306109142,1.7421115947581165,1.7982335517193002,1.798217284700908,1.798217284700908,1.7982335517193002,0.9567371102796532,0.9567321737766604,0.9567321737766604,0.9567371102796532,0.269863961269624,0.2698684735260609,0.2698684735260609,0.269863961269624,5.091821032439761
350.0,45.422,82.145,4.425,5.385,2006.338,1.7396207912876975,1.739615314244268,1.739615314244268,1.7396207912876975,1.7943315533859798,1.7943118607005972,1.7943118607005972,1.7943315533859798,0.9572766683428804,0.9572741210243456,0.9572741210243456,0.9572766683428804,0.2701474976862705,0.2701494822746796,0.2701494822746796,0.2701474976862705,3.824699761801941
350.0,45.439,38.901,5.071,2.705,4427.356,1.7390755959024666,1.7390707227408415,1.7390707227408415,1.7390755959024666,1.786899786958686,1.7868831019736056,1.7868831019736056,1.786899786958686,0.9502663104783564,0.9502576184459832,0.9502576184459832,0.9502663104783564,0.2699094369709976,0.2699170554278643,0.2699170554278643,0.2699094369709976,1.7308002523970096
350.0,45.44,73.648,5.168,4.841,1612.66,1.740787096347101,1.740781186695422,1.740781186695422,1.740787096347101,1.7974003460746324,1.7973788275877305,1.7973788275877305,1.7974003460746324,0.9583708183611698,0.9583669811361276,0.9583669811361276,0.9583708183611698,0.2700764083137631,0.2700794009815485,0.2700794009815485,0.2700764083137631,4.757055569469963
350.0,45.448,39.769,3.389,4.821,560.76,1.7504199645537852,1.7504147183539605,1.7504147183539605,1.7504199645537852,1.827237503009052,1.827218997026819,1.827218997026819,1.827237503009052,0.9722157720691846,0.9722069834896936,0.9722069834896936,0.9722157720691846,0.2696785219204159,0.2696860570617031,0.2696860570617031,0.2696785219204159,13.665362053098876
350.0,45.598,98.132,5.395,2.648,2569.984,1.7382312236163988,1.738226768254123,1.738226768254123,1.7382312236163988,1.7916837873630322,1.7916690443311376,1.7916690443311376,1.7916837873630322,0.957071545336558,0.9570682125690116,0.9570682125690116,0.957071545336558,0.2702835206922132,0.2702859027284313,0.2702859027284313,0.2702835206922132,2.987425390439989
350.0,45.599,14.681,4.595,6.317,4647.511,1.7397597717889417,1.7397536089957375,1.7397536089957375,1.7397597717889417,1.7864361410789773,1.7864131259680178,1.7864131259680178,1.7864361410789773,0.9484705905660622,0.9484375349935464,0.9484375349935464,0.9484705905660622,0.2697629420214103,0.2697904730662429,0.2697904730662429,0.2697629420214103,1.6475122456650295
350.0,45.631,91.001,4.607,4.376,1069.536,1.742447486955379,1.7424424773701843,1.7424424773701843,1.742447486955379,1.805753484155614,1.8057361083958203,1.8057361083958203,1.805753484155614,0.9642438131991952,0.9642411048228327,0.9642411048228327,0.9642438131991952,0.2701618739952235,0.2701638225857254,0.2701638225857254,0.2701618739952235,7.176771022968651
350.0,45.681,26.617,6.439,5.821,1159.835,1.744047702671674,1.7440406694673227,1.7440406694673227,1.744047702671674,1.803253460225676,1.8032262591605792,1.8032262591605792,1.803253460225676,0.9584846863471342,0.9584705013740074,0.9584705013740074,0.9584846863471342,0.2697576825330299,0.2697700730823942,0.2697700730823942,0.2697576825330299,6.604181200196483
350.0,45.716,43.996,3.678,4.074,3039.711,1.7395664985343755,1.7395602461924902,1.7395602461924902,1.7395664985343755,1.789649440511909,1.7896262191884444,1.7896262191884444,1.789649440511909,0.9523113171866056,0.9523041892194511,0.9523041892194511,0.9523113171866056,0.269954763620149,0.2699609990239519,0.2699609990239519,0.269954763620149,2.5213351780725706
350.0,45.816,16.769,5.894,2.848,1474.204,1.7429910385627665,1.742986674785963,1.742986674785963,1.7429910385627665,1.7984243515541052,1.7984103083504837,1.7984103083504837,1.7984243515541052,0.9552905526918892,0.9552650064904008,0.9552650064904008,0.9552905526918892,0.2697312757102464,0.2697529961772229,0.2697529961772229,0.2697312757102464,5.194206986001166
350.0,45.995,30.123,2.921,3.103,1795.488,1.7416012701334147,1.7415959944373394,1.7415959944373394,1.7416012701334147,1.7954448341059983,1.7954261049787743,1.7954261049787743,1.7954448341059983,0.954711559806132,0.95470187032862,0.95470187032862,0.954711559806132,0.2698589056227467,0.2698677506707314,0.2698677506707314,0.2698589056227467,4.266614215912587
350.0,46.003,37.028,5.353,4.152,515.955,1.7514666697328471,1.7514612539183183,1.7514612539183183,1.7514666697328471,1.831334484993742,1.8313149093496617,1.8313149093496617,1.831334484993742,0.9746455159839624,0.9746377549633264,0.9746377549633264,0.9746455159839624,0.2696927804271938,0.2696997533220165,0.2696997533220165,0.2696927804271938,14.850683682818936
350.0,46.004,76.777,5.917,5.886,1681.883,1.7403129351639846,1.7403079765798777,1.7403079765798777,1.7403129351639846,1.7968579260995683,1.7968408299966436,1.7968408299966436,1.7968579260995683,0.9587022229469334,0.958698009224564,0.958698009224564,0.9587022229469334,0.270156336119224,0.2701595903531018,0.2701595903531018,0.270156336119224,4.56172643018922
350.0,46.078,60.355,4.718,3.09,4504.376,1.738121019052344,1.7381156780409288,1.7381156780409288,1.738121019052344,1.7870942283616316,1.7870752131530343,1.7870752131530343,1.7870942283616316,0.9523100725262656,0.9523064408437624,0.9523064408437624,0.9523100725262656,0.2701119274062893,0.2701151479230573,0.2701151479230573,0.2701119274062893,1.7023923740918474
350.0,46.092,51.032,3.874,5.817,3012.927,1.7392291434899922,1.7392241674480726,1.7392241674480726,1.7392291434899922,1.7898446593347188,1.7898275286291443,1.7898275286291443,1.7898446593347188,0.9531757041725992,0.9531703235387023,0.9531703235387023,0.9531757041725992,0.2700372052866835,0.2700419110222671,0.2700419110222671,0.2700372052866835,2.544330389320366
350.0,46.172,31.49,3.467,2.877,3971.888,1.7392743294267243,1.7392700777333758,1.7392700777333758,1.7392743294267243,1.787611257190489,1.7875975055213182,1.7875975055213182,1.787611257190489,0.9506726532532654,0.9506639269094984,0.9506639269094984,0.9506726532532654,0.2699303734803046,0.2699384301632049,0.2699384301632049,0.2699303734803046,1.9288090085496377
350.0,46.707,23.733,4.95,3.555,4220.923,1.7392529075417236,1.7392483218661987,1.7392483218661987,1.7392529075417236,1.7872413835327945,1.7872260370223287,1.7872260370223287,1.7872413835327945,0.9503238341969322,0.9503110383979998,0.9503110383979998,0.9503238341969322,0.2699339046970903,0.269945525008818,0.269945525008818,0.2699339046970903,1.8145498340758417
350.0,46.82,54.078,5.651,3.258,4897.971,1.737959627052587,1.7379551304865444,1.7379551304865444,1.737959627052587,1.7866902368482052,1.786675186913304,1.786675186913304,1.7866902368482052,0.9521951937175472,0.9521900298804384,0.9521900298804384,0.9521951937175472,0.2701470319051051,0.2701515359383658,0.2701515359383658,0.2701470319051051,1.5652693930180783
350.0,46.953,62.314,4.606,5.092,1618.462,1.7406578976475229,1.7406530621971883,1.7406530621971883,1.7406578976475229,1.7974733937106335,1.7974569017755595,1.7974569017755595,1.7974733937106335,0.9587262767540444,0.958721354317388,0.958721354317388,0.9587262767540444,0.2701540961790502,0.2701581581161109,0.2701581581161109,0.2701540961790502,4.7382449226696535
350.0,47.04,33.74,4.175,5.666,3791.326,1.7390045811151469,1.7389992320958123,1.7389992320958123,1.7390045811151469,1.7880768810299246,1.7880578887354863,1.7880578887354863,1.7880768810299246,0.9517058205513445,0.9516979923808024,0.9516979923808024,0.9517058205513445,0.2700288156237779,0.2700360938836451,0.2700360938836451,0.2700288156237779,2.020814280336767
350.0,47.14,26.801,5.875,4.479,3077.784,1.739649934474799,1.7396448772158777,1.7396448772158777,1.739649934474799,1.7896049723623184,1.7895872071670764,1.7895872071670764,1.7896049723623184,0.9521335130988908,0.9521223666705784,0.9521223666705784,0.9521335130988908,0.2699841121831878,0.2699942958792062,0.2699942958792062,0.2699841121831878,2.488748254489468
350.0,47.155,37.696,4.633,6.043,3844.043,1.7388082908911615,1.738802411417176,1.738802411417176,1.7388082908911615,1.7880388946696644,1.7880173079960582,1.7880173079960582,1.7880388946696644,0.9520401386340802,0.9520334168483304,0.9520334168483304,0.9520401386340802,0.270066511911399,0.2700727638475712,0.2700727638475712,0.270066511911399,1.9933572419383243
350.0,47.361,71.031,5.988,2.74,2662.09,1.7384665939849642,1.738462141394727,1.738462141394727,1.7384665939849642,1.791359400143428,1.791344629084498,1.791344629084498,1.791359400143428,0.9562982096429709,0.9562939830153744,0.9562939830153744,0.9562982096429709,0.2702857468976883,0.2702891755028038,0.2702891755028038,0.2702857468976883,2.8815163438892712
350.0,47.417,57.196,3.201,3.747,969.03,1.74370325506214,1.7436979590094228,1.7436979590094228,1.74370325506214,1.808223562567618,1.808204743207092,1.808204743207092,1.808223562567618,0.964547224841088,0.9645436973500388,0.9645436973500388,0.964547224841088,0.2701075597752004,0.270110729692262,0.270110729692262,0.2701075597752004,7.912407934387554
350.0,47.476,87.793,2.795,5.274,3033.585,1.7375339643158396,1.7375282920980122,1.7375282920980122,1.7375339643158396,1.7903519898854423,1.7903313070660676,1.7903313070660676,1.7903519898854423,0.9569895600317552,0.9569871949502344,0.9569871949502344,0.9569895600317552,0.270412613925431,0.2704144364690945,0.2704144364690945,0.270412613925431,2.530022844889932
350.0,47.596,26.958,6.392,2.578,2675.574,1.7398517762666217,1.7398470119551712,1.7398470119551712,1.7398517762666217,1.7909359275563503,1.790919637750367,1.790919637750367,1.7909359275563503,0.9532000585236466,0.9531868600884648,0.9531868600884648,0.9532000585236466,0.2700223682510791,0.270034053338633,0.270034053338633,0.2700223682510791,2.862885877314875
350.0,47.813,61.841,3.503,3.088,4766.667,1.7374179791334416,1.7374133880888956,1.7374133880888956,1.7374179791334416,1.78706266339287,1.7870473281477717,1.7870473281477717,1.78706266339287,0.953651042334462,0.953646114664258,0.953646114664258,0.953651042334462,0.2702944138763545,0.2702985459166752,0.2702985459166752,0.2702944138763545,1.6087906366414275
350.0,48.06,99.267,6.008,2.814,2286.742,1.737747688051387,1.7377420123001133,1.7377420123001133,1.737747688051387,1.7933417944870196,1.793321100073887,1.793321100073887,1.7933417944870196,0.9598328937089596,0.9598302248944368,0.9598302248944368,0.9598328937089596,0.2705302820835688,0.2705321759817648,0.2705321759817648,0.2705302820835688,3.3575681853871133
350.0,48.072,19.772,3.462,4.056,4929.003,1.7386930399988672,1.7386899148761044,1.7386899148761044,1.7386930399988672,1.7865349948803697,1.786526536562964,1.786526536562964,1.7865349948803697,0.950657999284058,0.950635739240916,0.950635739240916,0.950657999284058,0.2700442349124702,0.2700632535804258,0.2700632535804258,0.2700442349124702,1.5536769206402927
350.0,48.271,85.524,3.294,2.728,1804.343,1.7389911287684865,1.7389858693341451,1.7389858693341451,1.7389911287684865,1.7962664878815482,1.7962477956385712,1.7962477956385712,1.7962664878815482,0.9606275670688864,0.9606234901559614,0.9606234901559614,0.9606275670688864,0.2704454997297767,0.2704485711562197,0.2704485711562197,0.2704454997297767,4.253322704399513
350.0,48.4,93.498,4.939,3.437,3848.661,1.7365336804860625,1.7365287532286242,1.7365287532286242,1.7365336804860625,1.7887494209351051,1.788732315084947,1.788732315084947,1.7887494209351051,0.9571816125215946,0.9571785108545416,0.9571785108545416,0.9571816125215946,0.2705510403165463,0.2705533367496658,0.2705533367496658,0.2705510403165463,1.9945795886241973
350.0,48.408,82.922,5.284,4.149,2291.274,1.7381732357377453,1.7381685367935271,1.7381685367935271,1.7381732357377453,1.7932141497863303,1.7931981685831286,1.7931981685831286,1.7932141497863303,0.9588865018588592,0.9588829837592234,0.9588829837592234,0.9588865018588592,0.2704588426497599,0.2704615561719347,0.2704615561719347,0.2704588426497599,3.3491450420788333
350.0,48.907,30.149,6.146,6.395,2050.084,1.740149061650832,1.7401450133698413,1.7401450133698413,1.740149061650832,1.7941133386509387,1.7941002617214472,1.7941002617214472,1.7941133386509387,0.9560972063059558,0.9560855511661592,0.9560855511661592,0.9560972063059558,0.2701570742189368,0.2701674188350214,0.2701674188350214,0.2701570742189368,3.7367445781870994
350.0,48.914,56.842,3.67,4.557,3277.838,1.7379225347332412,1.7379164821137087,1.7379164821137087,1.7379225347332412,1.789653625050323,1.7896311400321467,1.7896311400321467,1.789653625050323,0.955510304880785,0.955506765347673,0.955506765347673,0.955510304880785,0.2703588181989461,0.2703620457180542,0.2703620457180542,0.2703588181989461,2.339135205523068
350.0,48.959,60.565,4.657,5.668,383.61,1.7546476944489775,1.754642196626896,1.754642196626896,1.7546476944489775,1.849586921958746,1.84956705262747,1.84956705262747,1.849586921958746,0.988282604473894,0.9882771376914554,0.9882771376914554,0.988282604473894,0.2700477709077081,0.2700521513930202,0.2700521513930202,0.2700477709077081,19.989251794562666
350.0,48.997,30.153,5.42,3.44,3374.052,1.7387257308168016,1.7387202877330852,1.7387202877330852,1.7387257308168016,1.7891900945673778,1.7891704586982704,1.7891704586982704,1.7891900945673778,0.9534784426718236,0.9534693028773346,0.9534693028773346,0.9534784426718236,0.2701939932368683,0.2702024886572156,0.2702024886572156,0.2701939932368683,2.270460409853942
350.0,49.053,60.061,3.965,4.756,1715.662,1.7397956055971613,1.7397910559595315,1.7397910559595315,1.7397956055971613,1.7968837641486202,1.796868475458862,1.796868475458862,1.7968837641486202,0.959771296994812,0.95976615749258,0.95976615749258,0.959771296994812,0.2703541693849061,0.2703584959251503,0.2703584959251503,0.2703541693849061,4.469463224173506
350.0,49.195,71.746,4.83,4.579,3632.999,1.737114879109191,1.7371097158050042,1.7371097158050042,1.737114879109191,1.789067871120538,1.7890496198080346,1.7890496198080346,1.789067871120538,0.9564254672401642,0.9564218756639176,0.9564218756639176,0.9564254672401642,0.2704871710024987,0.2704901458400438,0.2704901458400438,0.2704871710024987,2.111485398257128
350.0,49.674,85.531,3.74,4.006,2719.161,1.7371733071295812,1.7371685374118608,1.7371685374118608,1.7371733071295812,1.7916693910752446,1.7916531034494847,1.7916531034494847,1.7916693910752446,0.9591433367291606,0.9591400146845598,0.9591400146845598,0.9591433367291606,0.2706120799881932,0.2706146135642843,0.2706146135642843,0.2706120799881932,2.8223602105664702
350.0,49.882,84.057,6.474,4.82,2612.605,1.7372647448378402,1.7372597252670945,1.7372597252670945,1.7372647448378402,1.7920774011192913,1.7920598439636384,1.7920598439636384,1.7920774011192913,0.959413049935034,0.9594101984097672,0.9594101984097672,0.959413049935034,0.2706213838935546,0.2706236202388153,0.2706236202388153,0.2706213838935546,2.937330007284936
350.0,49.898,95.202,3.45,5.165,695.61,1.7446080364778025,1.744603219565678,1.744603219565678,1.7446080364778025,1.8195842611074304,1.8195676463912052,1.8195676463912052,1.8195842611074304,0.9751407153871762,0.9751369601660198,0.9751369601660198,0.9751407153871762,0.2705496773249634,0.2705523569895983,0.2705523569895983,0.2705496773249634,11.036051671248474
350.0,49.959,61.394,4.028,6.193,4721.425,1.736749544521621,1.7367451800108715,1.7367451800108715,1.736749544521621,1.7874506424664194,1.7874362875358605,1.7874362875358605,1.7874506424664194,0.9553828111622736,0.9553776291573794,0.9553776291573794,0.9553828111622736,0.270504301012395,0.270508660812419,0.270508660812419,0.270504301012395,1.624178854280235
350.0,50.017,12.335,3.27,5.877,3728.255,1.7387859231945968,1.7387799637695047,1.7387799637695047,1.7387859231945968,1.7884594492621295,1.788437182490043,1.788437182490043,1.7884594492621295,0.9526062066345178,0.95255987395072,0.95255987395072,0.9526062066345178,0.2701700844866733,0.2702078391981908,0.2702078391981908,0.2701700844866733,2.053561758870816
350.0,50.021,22.491,5.057,4.404,742.987,1.7463095472126364,1.746304206023372,1.746304206023372,1.7463095472126364,1.816449730579622,1.8164303070111767,1.8164303070111767,1.816449730579622,0.9685167516261924,0.9684954863799908,0.9684954863799908,0.9685167516261924,0.2700912541540749,0.2701092948278842,0.2701092948278842,0.2700912541540749,10.307935654953765
350.0,50.465,12.149,3.314,4.897,2826.166,1.7392695713550548,1.7392635210616016,1.7392635210616016,1.7392695713550548,1.7907366358517178,1.7907139031696364,1.7907139031696364,1.7907366358517178,0.9541597854887356,0.9541092351135944,0.9541092351135944,0.9541597854887356,0.270199743745348,0.2702406177211864,0.2702406177211864,0.270199743745348,2.7090221780495605
350.0,50.751,29.273,5.775,4.06,4731.468,1.7375638822980506,1.7375590210805656,1.7375590210805656,1.7375638822980506,1.7872631953898177,1.7872462790558166,1.7872462790558166,1.7872631953898177,0.9536373852729302,0.9536254493300528,0.9536254493300528,0.9536373852729302,0.2703729801596516,0.2703836352135388,0.2703836352135388,0.2703729801596516,1.6190369749173603
350.0,50.909,85.55,4.043,5.934,2605.615,1.7368881672952898,1.7368832771282916,1.7368832771282916,1.7368881672952898,1.7922871710884078,1.792270198417545,1.792270198417545,1.7922871710884078,0.960375846800702,0.960371983051768,0.960371983051768,0.960375846800702,0.2707337587127592,0.2707367339788062,0.2707367339788062,0.2707337587127592,2.9453490423719786
350.0,50.946,93.751,3.968,5.761,578.817,1.7464462072118243,1.7464406888909862,1.7464406888909862,1.7464462072118243,1.827321925900225,1.827302032775824,1.827302032775824,1.827321925900225,0.9799966601913088,0.9799928540101484,0.9799928540101484,0.9799966601913088,0.2706067228373375,0.2706093974596694,0.2706093974596694,0.2706067228373375,13.262214100173228
350.0,51.041,45.525,5.465,5.726,3616.154,1.7374002431546398,1.737395100038821,1.737395100038821,1.7374002431546398,1.7891466702913743,1.7891285438225253,1.7891285438225253,1.7891466702913743,0.9559921335435332,0.9559872971833432,0.9559872971833432,0.9559921335435332,0.2705008317231016,0.2705054012440361,0.2705054012440361,0.2705008317231016,2.1195076480210244
350.0,51.336,92.608,3.536,5.542,4397.018,1.7353724515141609,1.735367639690599,1.735367639690599,1.7353724515141609,1.7883813914275253,1.7883648255596698,1.7883648255596698,1.7883813914275253,0.9590448070200116,0.95904201668846,0.95904201668846,0.9590448070200116,0.2708436082516869,0.2708457053777262,0.2708457053777262,0.2708436082516869,1.7457768179428472
350.0,51.571,73.353,5.869,2.543,1392.278,1.7395231805646474,1.7395178186721263,1.7395178186721263,1.7395231805646474,1.8009408384835828,1.8009214083329912,1.8009214083329912,1.8009408384835828,0.9647210825868978,0.9647180947713284,0.9647180947713284,0.9647210825868978,0.2706763156863416,0.2706788347287448,0.2706788347287448,0.2706763156863416,5.509943187706898
350.0,51.634,73.628,4.951,6.079,3399.343,1.736396284842454,1.7363913646990508,1.7363913646990508,1.736396284842454,1.7899702720608788,1.789953379157177,1.789953379157177,1.7899702720608788,0.958812767559358,0.958809173703892,0.958809173703892,0.958812767559358,0.2707407571059802,0.2707436896089544,0.2707436896089544,0.2707407571059802,2.256750488330914
350.0,51.877,59.875,5.859,5.566,3509.726,1.736709163302766,1.7367042440226117,1.7367042440226117,1.736709163302766,1.7896363648329363,1.7896192711372798,1.7896192711372798,1.7896363648329363,0.9578548025358418,0.9578515837688172,0.9578515837688172,0.9578548025358418,0.2706769037772379,0.2706798796372335,0.2706798796372335,0.2706769037772379,2.1847964759041125
350.0,52.154,49.487,3.176,4.252,3077.761,1.7372573753762743,1.7372530379758833,1.7372530379758833,1.7372573753762743,1.790612632175399,1.7905983159639407,1.7905983159639407,1.790612632175399,0.9578713806322025,0.9578656727412934,0.9578656727412934,0.9578713806322025,0.2706308820161055,0.2706359832484266,0.2706359832484266,0.2706308820161055,2.490590061629785
350.0,52.344,64.449,6.094,2.922,2682.246,1.737045771250502,1.7370402771535816,1.7370402771535816,1.737045771250502,1.7920323673275038,1.792012398940258,1.792012398940258,1.7920323673275038,0.959814782254902,0.95981098050514,0.95981098050514,0.959814782254902,0.2707417405033537,0.2707450344829616,0.2707450344829616,0.2707417405033537,2.859233625502239
350.0,52.356,86.675,4.74,2.701,2693.767,1.73628859759879,1.7362831278139232,1.7362831278139232,1.73628859759879,1.7922146144074067,1.7921947830339426,1.7921947830339426,1.7922146144074067,0.9614607549094594,0.9614586937820692,0.9614586937820692,0.9614607549094594,0.270889061417833,0.2708907273083272,0.2708907273083272,0.270889061417833,2.8490630155645995
350.0,52.367,90.612,3.627,3.461,4871.957,1.7349414629141726,1.7349371378801008,1.7349371378801008,1.7349414629141726,1.7879573197355645,1.787943011669886,1.787943011669886,1.7879573197355645,0.9594222399662536,0.9594197717234074,0.9594197717234074,0.9594222399662536,0.2709371242250553,0.2709390646463887,0.2709390646463887,0.2709371242250553,1.5754872933651485
350.0,52.697,91.717,3.324,2.788,4778.741,1.7348267198223706,1.7348219271478744,1.7348219271478744,1.734826719822372,1.7881276741928032,1.788111156022267,1.788111156022267,1.7881276884972126,0.9598300288844238,0.9598270706036824,0.9598270706036824,0.9598300288844238,0.2709768375891264,0.2709790968230411,0.2709790968230411,0.2709768375891264,1.6062763358262726
350.0,53.045,26.028,4.78,2.999,4609.016,1.7369649467522996,1.7369608020080165,1.7369608020080165,1.7369649467522996,1.7877413305630223,1.7877279355738602,1.7877279355738602,1.7877413305630223,0.9553325356846014,0.9553193479960828,0.9553193479960828,0.9553325356846014,0.2705788333749352,0.2705906660258254,0.2705906660258254,0.2705788333749352,1.661871175931116
350.0,53.084,59.02,3.814,4.486,2498.247,1.737186118031785,1.7371810646570316,1.7371810646570316,1.737186118031785,1.7928100654448793,1.792792269602638,1.792792269602638,1.7928100654448793,0.9603998576703222,0.960395072827268,0.960395072827268,0.9603998576703222,0.2707766930578914,0.270780846342816,0.270780846342816,0.2707766930578914,3.0692740354076338
350.0,53.109,15.748,6.245,3.105,4166.959,1.7374563870517978,1.7374520222970389,1.7374520222970389,1.7374563870517978,1.7882478862467042,1.7882333452885963,1.7882333452885963,1.7882478862467042,0.9549531435427484,0.954922632930058,0.954922632930058,0.9549531435427484,0.270508741649164,0.2705343686437268,0.2705343686437268,0.270508741649164,1.8375570077470185
350.0,53.446,11.017,3.158,3.075,3976.333,1.737588973643786,1.7375839085749012,1.7375839085749012,1.737588973643786,1.7885553671166845,1.7885374822429667,1.7885374822429667,1.7885553671166845,0.955054978207428,0.9549883268193337,0.9549883268193337,0.955054978207428,0.270496591644896,0.2705495367246708,0.2705495367246708,0.270496591644896,1.9253525602236223
350.0,53.463,75.87,5.653,5.648,1846.717,1.7375316743811915,1.7375269242761415,1.7375269242761415,1.7375316743811915,1.7967003685901577,1.796683970200006,1.796683970200006,1.7967003685901577,0.9639607632932748,0.9639571570926462,0.9639571570926462,0.9639607632932748,0.2709073791700344,0.2709103464395973,0.2709103464395973,0.2709073791700344,4.154396482152993
350.0,53.492,22.513,4.253,5.926,1117.5,1.741882076100528,1.7418768256285746,1.7418768256285746,1.741882076100528,1.8053221424196448,1.8053032964876317,1.8053032964876317,1.8053221424196448,0.964990477396924,0.9649761292676362,0.9649761292676362,0.964990477396924,0.2705091340219522,0.2705221174948727,0.2705221174948727,0.2705091340219522,6.853392469198052
350.0,53.584,89.275,6.468,6.333,4129.012,1.7348596516761428,1.734854524877895,1.734854524877895,1.7348596516761428,1.789103921659004,1.789085852974579,1.789085852974579,1.789103921659004,0.9608354780485145,0.9608327365520318,0.9608327365520318,0.9608354780485145,0.2710461366103258,0.2710482673911709,0.2710482673911709,0.2710461366103258,1.8588849025508132
350.0,53.619,56.821,5.91,5.048,1230.365,1.7400977595087297,1.7400927092114238,1.7400927092114238,1.7400977595087297,1.803567144994004,1.8035492031426577,1.8035492031426577,1.803567144994004,0.9664949518362286,0.9664893914176476,0.9664893914176476,0.9664949518362286,0.2707617367907784,0.270766519709281,0.270766519709281,0.2707617367907784,6.23166336043511
350.0,53.63,23.179,4.692,4.305,4083.589,1.7370725449737303,1.737068986614683,1.737068986614683,1.7370725449737303,1.7885273420048378,1.7885165813605794,1.7885165813605794,1.7885273420048378,0.955990235098598,0.955972219170765,0.955972219170765,0.955990235098598,0.2706131226331587,0.2706287567534989,0.2706287567534989,0.2706131226331587,1.875524779728898
350.0,53.819,15.937,5.951,3.804,753.927,1.74514882782499,1.7451445123539853,1.7451445123539853,1.74514882782499,1.8165118619629304,1.8164971793111089,1.8164971793111089,1.8165118619629304,0.9708662135713632,0.9708347582924108,0.9708347582924108,0.9708662135713632,0.2704328857928617,0.270459244127207,0.270459244127207,0.2704328857928617,10.156149706582012
350.0,53.869,93.865,4.254,6.278,2105.043,1.736314759803403,1.7363102997049404,1.7363102997049404,1.736314759803403,1.7952303693888894,1.7952154820398718,1.7952154820398718,1.7952303693888894,0.9647012154028606,0.9646974374588948,0.9646974374588948,0.9647012154028606,0.2710753101424696,0.2710781223054576,0.2710781223054576,0.2710753101424696,3.646710988559181
350.0,53.881,22.506,5.832,2.559,2176.0,1.738578291897959,1.738573444476932,1.738573444476932,1.738578291897959,1.7941125307550885,1.794095843941965,1.794095843941965,1.7941125307550885,0.9591698130431978,0.9591518462103916,0.9591518462103916,0.9591698130431978,0.2706055819739211,0.2706212036510326,0.2706212036510326,0.2706055819739211,3.519617073087121
350.0,53.961,23.983,4.887,3.123,2238.871,1.738408986772194,1.7384034920278253,1.7384034920278253,1.738408986772194,1.7938080586037588,1.7937881445797774,1.7937881445797774,1.7938080586037588,0.9591593899623522,0.9591484166032804,0.9591484166032804,0.9591593899623522,0.2706275206913793,0.2706379002497112,0.2706379002497112,0.2706275206913793,3.4209451782144944
350.0,54.072,15.852,2.554,3.569,2103.605,1.7388541550401413,1.7388485810132075,1.7388485810132075,1.7388541550401413,1.7944890202766042,1.794468472826289,1.794468472826289,1.7944890202766042,0.9590571142951672,0.9590299789844734,0.9590299789844734,0.9590571142951672,0.2705756099027623,0.2705987663835925,0.2705987663835925,0.2705756099027623,3.639954101454257
350.0,54.225,49.084,6.479,5.978,413.141,1.7519504239677297,1.7519446267611118,1.7519446267611118,1.7519504239677297,1.8455283259439856,1.8455069013262075,1.8455069013262075,1.8455283259439856,0.9891585478764706,0.9891522747235386,0.9891522747235386,0.9891585478764706,0.270549094755158,0.2705544798779244,0.2705544798779244,0.270549094755158,18.55341761075393
350.0,54.497,11.532,4.437,5.781,3601.531,1.7374190174516908,1.7374134524982183,1.7374134524982183,1.7374190174516908,1.7894061019574392,1.7893855888998589,1.7893855888998589,1.7894061019574392,0.956311091298642,0.9562497694584656,0.9562497694584656,0.956311091298642,0.2706033012359941,0.2706522584899026,0.2706522584899026,0.2706033012359941,2.1257514927524475
350.0,54.547,57.786,3.69,3.145,3238.103,1.7360824396125687,1.7360778651447746,1.7360778651447746,1.7360824396125687,1.790672034796618,1.7906565584974576,1.7906565584974576,1.790672034796618,0.9602097014957016,0.9602037445569364,0.9602037445569364,0.9602097014957016,0.2709272342777145,0.2709322971640843,0.2709322971640843,0.2709272342777145,2.367895142403761
350.0,54.678,44.271,2.784,3.91,2772.928,1.7368694253010863,1.7368641697926737,1.7368641697926737,1.7368694253010863,1.791901174181509,1.791882495307881,1.791882495307881,1.791901174181509,0.9600394870493159,0.9600320940572816,0.9600320940572816,0.9600394870493159,0.2708448037387981,0.2708513436174929,0.2708513436174929,0.2708448037387981,2.763906024637976
350.0,55.133,21.442,3.141,3.679,1469.693,1.7398167622643306,1.739811656333492,1.739811656333492,1.7398167622643306,1.8000261835035851,1.8000080242220846,1.8000080242220846,1.8000261835035851,0.9632226130901757,0.9632090175704092,0.9632090175704092,0.9632226130901757,0.2706968964832768,0.2707094412484653,0.2707094412484653,0.2706968964832768,5.210883417679104
350.0,55.342,48.752,3.863,2.765,3718.582,1.7358342103887985,1.7358288881418014,1.7358288881418014,1.7358342103887985,1.7896834930939025,1.7896642869815542,1.7896642869815542,1.7896834930939025,0.9596187337389844,0.9596132953698628,0.9596132953698628,0.9596187337389844,0.2709532951554581,0.2709582632100118,0.2709582632100118,0.2709532951554581,2.061331542696053
350.0,55.623,79.111,4.661,3.314,2487.6,1.7357009000381989,1.73569599704221,1.73569599704221,1.7357009000381989,1.7934833940970585,1.793466329831606,1.793466329831606,1.7934833940970585,0.9639977114921072,0.9639939915567732,0.9639939915567732,0.9639977114921072,0.2711652104327626,0.2711681862949921,0.2711681862949921,0.2711652104327626,3.0844150941890343
350.0,56.96,30.14,3.161,3.16,4047.706,1.7357675805770778,1.7357635514079353,1.7357635514079353,1.7357675805770778,1.7891973654722175,1.7891843131189604,1.7891843131189604,1.7891973654722175,0.9592402520815582,0.9592292261946018,0.9592292261946018,0.9592402520815582,0.2709946302091239,0.2710046274002329,0.2710046274002329,0.2709946302091239,1.8925721641009152
350.0,57.159,67.461,4.365,2.909,4007.774,1.7344744621985506,1.7344697181969846,1.7344697181969846,1.7344744621985506,1.7896733719317133,1.7896568483670892,1.7896568483670892,1.7896733719317133,0.962224846442944,0.9622198728676228,0.9622198728676228,0.962224846442944,0.2712621965037214,0.2712663875231841,0.2712663875231841,0.2712621965037214,1.913750972905961
350.0,57.161,91.939,5.787,4.895,1855.5,1.7357732801826766,1.7357687326947504,1.7357687326947504,1.7357732801826766,1.7974354242196553,1.797420013015588,1.797420013015588,1.7974354242196553,0.9681589945061794,0.9681556587732087,0.9681556587732087,0.9681589945061794,0.2713901663507725,0.2713927234006622,0.2713927234006622,0.2713901663507725,4.136872239818343
350.0,57.252,48.501,4.348,3.059,351.806,1.7540976924529723,1.7540919820425127,1.7540919820425127,1.7540976924529723,1.8571759369018048,1.8571546718748488,1.8571546718748488,1.8571759369018048,0.9976337590356352,0.9976269157338964,0.9976269157338964,0.9976337590356352,0.2708037755197699,0.2708096655720114,0.2708096655720114,0.2708037755197699,21.787484395917836
350.0,57.287,26.676,5.577,2.808,2305.146,1.7371384539377477,1.7371337607573951,1.7371337607573951,1.7371384539377477,1.7940514508355356,1.7940352137937323,1.7940352137937323,1.7940514508355356,0.9618879941513684,0.9618743078176824,0.9618743078176824,0.9618879941513684,0.2709806290790206,0.2709928198864385,0.2709928198864385,0.2709806290790206,3.322868102451477
350.0,57.462,22.76,3.419,6.48,4635.803,1.735622281338988,1.7356171446017807,1.7356171446017807,1.735622281338988,1.7883994840040005,1.788381096796722,1.788381096796722,1.7883994840040005,0.9586572435787056,0.958642719395676,0.958642719395676,0.9586572435787056,0.2709992070337308,0.2710123604078951,0.2710123604078951,0.2709992070337308,1.6520833359126164
350.0,57.652,11.589,5.263,2.612,2341.088,1.7374744721747144,1.7374699873648576,1.7374699873648576,1.7374744721747144,1.7937866893625711,1.7937713007086424,1.7937713007086424,1.7937866893625711,0.9609875660700796,0.9609277480968532,0.9609277480968532,0.9609875660700796,0.2709015972921646,0.2709495137444729,0.2709495137444729,0.2709015972921646,3.270245929203188
350.0,58.026,77.927,4.46,4.857,2638.598,1.7347877779786742,1.7347832090618365,1.7347832090618365,1.7347877779785494,1.7932857815591272,1.793270141302873,1.793270141302873,1.7932857959339792,0.9655509204634926,0.9655475406217392,0.9655475406217392,0.9655509204634926,0.2714046257518332,0.2714074494148578,0.2714074494148578,0.2714046257518332,2.907784060918801
350.0,58.028,70.63,5.445,3.057,2931.053,1.7347541834306668,1.7347495396288353,1.7347495396288353,1.7347541834306668,1.7922292624314309,1.7922132221932805,1.7922132221932805,1.7922292624314309,0.9644689734574036,0.9644655002660864,0.9644655002660864,0.9644689734574036,0.2713608952947328,0.2713639340120181,0.2713639340120181,0.2713608952947328,2.617030929281592
350.0,58.513,70.812,4.39,3.852,3678.16,1.7340837097911852,1.7340786450295984,1.7340786450295984,1.7340837097911852,1.7905190243762326,1.7905011905089487,1.7905011905089487,1.7905190243762326,0.963899313509524,0.963895064589772,0.963895064589772,0.963899313509524,0.2714193811147488,0.2714229402069439,0.2714229402069439,0.2714193811147488,2.0854728195037318
350.0,58.534,17.535,6.292,2.97,3731.342,1.7358259115854098,1.7358226075432752,1.7358226075432752,1.7358259115854098,1.7898730400128628,1.7898633423216572,1.7898633423216572,1.7898730400128628,0.9598824851111004,0.9598613210478886,0.9598613210478886,0.9598824851111004,0.2710638466304239,0.271082485288399,0.271082485288399,0.2710638466304239,2.05218853775914
350.0,58.806,45.333,5.599,3.321,1177.318,1.739056512856882,1.7390510201612666,1.7390510201612666,1.739056512856882,1.8052907357104937,1.8052706438457524,1.8052706438457524,1.8052907357104937,0.9704038839230422,0.9703996224555937,0.9703996224555937,0.9704038839230422,0.2712104898475388,0.2712147481944776,0.2712147481944776,0.2712104898475388,6.509970292708568
350.0,59.001,59.728,6.113,4.158,1503.439,1.7371666391828242,1.7371617583043335,1.7371617583043335,1.7371666391828242,1.8006907376643393,1.800673665609812,1.800673665609812,1.8006907376643393,0.9690360834313342,0.9690319575219856,0.9690319575219856,0.9690360834313342,0.2713488197160101,0.2713525159111445,0.2713525159111445,0.2713488197160101,5.100243301218791
350.0,59.058,32.049,4.104,6.053,3573.729,1.735256685023849,1.7352512791509067,1.7352512791509067,1.735256685023849,1.7904189237798749,1.7903994065057347,1.7903994065057347,1.7904189237798749,0.9615553004305172,0.96154635759634,0.96154635759634,0.9615553004305172,0.2712157627665876,0.2712240848626921,0.2712240848626921,0.2712157627665876,2.143707592239599
350.0,59.468,46.776,5.886,4.465,1839.031,1.7365580102296982,1.7365531366317253,1.7365531366317253,1.7365580102296982,1.7974819826156727,1.7974648965085227,1.7974648965085227,1.7974819826156727,0.9667270671907136,0.9667221134293486,0.9667221134293486,0.9667270671907136,0.2713246750636361,0.2713294047504507,0.2713294047504507,0.2713246750636361,4.167781305473887
350.0,59.66,37.43,5.669,5.343,2629.035,1.7356134248334345,1.735608493417221,1.735608493417221,1.7356134248334345,1.7931797941333183,1.793162660374733,1.793162660374733,1.7931797941333183,0.9638720317811712,0.9638639769169026,0.9638639769169026,0.9638720317811712,0.2713007074698003,0.2713080739246077,0.2713080739246077,0.2713007074698003,2.9145137256048885
350.0,59.93,21.055,4.1,2.653,3856.605,1.7351884424925978,1.7351839482008822,1.7351839482008822,1.7351884424925978,1.789920415562143,1.789905194459265,1.789905194459265,1.789920415562143,0.9611583580471604,0.9611398487870374,0.9611398487870374,0.9611583580471604,0.2712301113771892,0.2712463583015045,0.2712463583015045,0.2712301113771892,1.985757450121286
350.0,60.007,73.7,3.975,5.084,4302.567,1.733210685342174,1.7332061220213877,1.7332061220213877,1.733210685342174,1.78978280920151,1.7897672348254003,1.7897672348254003,1.78978280920151,0.9647805443808728,0.9647769633181784,0.9647769633181784,0.9647805443808728,0.2715954410725825,0.2715985074635872,0.2715985074635872,0.2715954410725825,1.7829847198041433
350.0,60.011,22.03,6.448,5.209,979.3,1.7406939959730543,1.7406875324792368,1.7406875324792368,1.7406939959730543,1.809717117939724,1.8096922432215303,1.8096922432215303,1.809717117939724,0.972084498568036,0.9720643312666988,0.9720643312666988,0.972084498568036,0.2711515546761721,0.2711689335702661,0.2711689335702661,0.2711515546761721,7.820356305946388
350.0,60.096,37.305,5.352,3.466,3581.571,1.734736609033023,1.734732260305944,1.734732260305944,1.734736609033023,1.7906306322635903,1.7906162120799565,1.7906162120799565,1.7906306322635903,0.9627874593642296,0.9627780470517388,0.9627780470517388,0.9627874593642296,0.2713555317145424,0.2713639231912503,0.2713639231912503,0.2713555317145424,2.139376859261872
350.0,60.108,18.964,4.404,2.944,664.342,1.744307941765763,1.7443033753284591,1.7443033753284591,1.744307941765763,1.8223075765176453,1.8222920051775655,1.8222920051775655,1.8223075765176453,0.9787988385428344,0.9787746335277994,0.9787746335277994,0.9787988385428344,0.2710782971362115,0.2710989749384588,0.2710989749384588,0.2710782971362115,11.52669732367858
350.0,60.193,25.724,2.577,4.796,1568.814,1.737706035996358,1.737701221648006,1.737701221648006,1.737706035996358,1.799814624105103,1.799797832264891,1.799797832264891,1.799814624105103,0.9670706388527908,0.967060514855327,0.967060514855327,0.9670706388527908,0.2712455741389068,0.2712552315394594,0.2712552315394594,0.2712455741389068,4.8822976372691365
350.0,60.289,18.936,5.144,3.82,3029.063,1.73565845297,1.7356535185699449,1.7356535185699449,1.73565845297,1.7917945493833145,1.791777141069804,1.791777141069804,1.7917945493833145,0.9622944279554064,0.9622767723310066,0.9622767723310066,0.9622944279554064,0.2712442594243594,0.2712601415666949,0.2712601415666949,0.2712442594243594,2.528090618252582
350.0,60.442,49.828,4.762,4.131,1489.259,1.7370712671417912,1.7370665281086253,1.7370665281086253,1.7370712671417912,1.801000510812252,1.8009842731992376,1.8009842731992376,1.801000510812252,0.9695659540377852,0.9695599194950812,0.9695599194950812,0.9695659540377852,0.2714290380747995,0.2714344101289508,0.2714344101289508,0.2714290380747995,5.147138419430207
350.0,60.461,89.65,5.677,4.432,3639.337,1.732840988846145,1.7328359040889174,1.7328359040889174,1.732840988846145,1.7911316125805177,1.7911136206505471,1.7911136206505471,1.7911316125805177,0.9669535635272644,0.966950452461124,0.966950452461124,0.9669535635272644,0.2717434942727304,0.2717459407556301,0.2717459407556301,0.2717434942727304,2.1090057841037284
350.0,60.465,80.957,3.92,4.917,2329.863,1.7342577189868815,1.7342526196315189,1.7342526196315189,1.7342577189868815,1.7950485149840238,1.7950303733903183,1.7950303733903183,1.7950485149840238,0.9684920733608238,0.9684885029769704,0.9684885029769704,0.9684920733608238,0.2716681726966662,0.2716710947130683,0.2716710947130683,0.2716681726966662,3.293413765419473
350.0,60.479,51.775,3.366,6.481,2676.371,1.7348182345811056,1.7348134928628465,1.7348134928628465,1.7348182345811056,1.7932961266031269,1.7932797293106555,1.7932797293106555,1.7932961266031269,0.9655212747407238,0.9655162210455184,0.9655162210455184,0.9655212747407238,0.2714810425278506,0.2714856876738455,0.2714856876738455,0.2714810425278506,2.8642992468126622
350.0,60.529,16.654,3.796,4.966,1912.991,1.7370610240885815,1.737055772944866,1.737055772944866,1.7370610240885815,1.7968029904902767,1.7967839307739597,1.7967839307739597,1.7968029904902767,0.9650518556071604,0.9650228720405551,0.9650228720405551,0.9650518556071604,0.2712262864635398,0.2712507762709292,0.2712507762709292,0.2712262864635398,4.002716666830173
350.0,60.667,45.019,6.335,3.202,2073.043,1.7357752220993976,1.7357711136161529,1.7357711136161529,1.7357752220993976,1.7960767275506415,1.7960632355722723,1.7960632355722723,1.7960767275506415,0.9667101094411028,0.9667038135544664,0.9667038135544664,0.9667101094411028,0.2714422504868596,0.2714480664681246,0.2714480664681246,0.2714422504868596,3.697093056735296
350.0,60.921,54.298,3.393,6.279,4269.485,1.7335716217782844,1.7335667868018263,1.7335667868018263,1.7335716217782844,1.7897846589569888,1.7897677872122848,1.7897677872122848,1.7897846589569888,0.9640973147753248,0.9640929091295652,0.9640929091295652,0.9640973147753248,0.2715591677080053,0.2715632298606306,0.2715632298606306,0.2715591677080053,1.7956644975849545
350.0,61.043,49.727,5.779,4.669,1390.712,1.7372258803245983,1.7372209201504982,1.7372209201504982,1.7372258803245983,1.8023427446801925,1.8023252523536353,1.8023252523536353,1.8023427446801925,0.9707283788531594,0.9707213032742376,0.9707213032742376,0.9707283788531594,0.2714841326316144,0.2714902972496938,0.2714902972496938,0.2714841326316144,5.511844664767404
350.0,61.35,22.345,5.141,4.553,4371.831,1.734456800181727,1.7344526441545711,1.7344526441545711,1.734456800181727,1.7893826269586903,1.7893689052595425,1.7893689052595425,1.7893826269586903,0.96198240036749,0.9619627027948584,0.9619627027948584,0.96198240036749,0.2713856334567165,0.2714026849723426,0.2714026849723426,0.2713856334567165,1.751804313663702
350.0,61.584,75.213,6.001,4.303,1015.499,1.7381487976788788,1.738143857461784,1.738143857461784,1.7381487976788788,1.8096414333620203,1.809624073604052,1.809624073604052,1.8096414333620203,0.9768674233841164,0.9768639786495396,0.9768639786495396,0.9768674233841164,0.2716812665396384,0.2716841490557364,0.2716841490557364,0.2716812665396384,7.554631980939424
350.0,61.636,99.315,5.642,3.375,4192.246,1.73187076322082,1.7318658873028887,1.7318658873028887,1.73187076322082,1.7905020639246567,1.7904847583349257,1.7904847583349257,1.7905020639246567,0.9681330160733124,0.9681305376584622,0.9681305376584622,0.9681330160733124,0.2719327312609531,0.2719346796685326,0.2719346796685326,0.2719327312609531,1.83142550986959
350.0,61.773,19.3,4.752,5.578,4357.711,1.7344244985574218,1.7344218648718053,1.7344218648718053,1.7344244985574218,1.7894384243940105,1.789432349179194,1.789432349179194,1.7894384243940105,0.962111834741543,0.9620884699316204,0.9620884699316204,0.962111834741543,0.271406810817768,0.2714268409063238,0.2714268409063238,0.271406810817768,1.7573054469611369
350.0,61.96,39.492,3.242,2.644,2480.123,1.7349587089165703,1.734953127476615,1.734953127476615,1.7349587089165703,1.7941921747881269,1.794171709716844,1.794171709716844,1.7941921747881269,0.9662327465203951,0.966226061319915,0.966226061319915,0.9662327465203951,0.2715465262164112,0.2715528100422497,0.2715528100422497,0.2715465262164112,3.089705430009127
350.0,62.255,89.81,4.59,4.081,3483.012,1.732338812267999,1.7323344201771915,1.7323344201771915,1.732338812267999,1.7917692173800464,1.7917544673713448,1.7917544673713448,1.7917692173800464,0.9686157417689306,0.9686123431323068,0.9686123431323068,0.9686157417689306,0.2719271474154911,0.2719298332139659,0.2719298332139659,0.2719271474154911,2.2036685205466
350.0,62.358,93.116,4.604,3.777,1123.993,1.7366069856565456,1.7366020898531247,1.7366020898531247,1.7366069856565456,1.8075096206427048,1.8074925292847144,1.8074925292847144,1.8075096206427048,0.9775124838979808,0.977509395292202,0.977509395292202,0.9775124838979808,0.2718935916208232,0.2718959419922656,0.2718959419922656,0.2718935916208232,6.829391150719752
350.0,62.366,69.661,5.14,4.395,3192.305,1.7331639744547176,1.7331590643072865,1.7331590643072865,1.7331639744547176,1.7922504082090822,1.7922332195347817,1.7922332195347817,1.7922504082090822,0.967558928346209,0.9675544247425663,0.9675544247425663,0.967558928346209,0.2718003270472594,0.271804133126631,0.271804133126631,0.2718003270472594,2.4027701644115806
350.0,62.68,64.853,2.685,6.489,3872.484,1.7328189751022147,1.7328145485649893,1.7328145485649893,1.7328189751022147,1.7908248566361809,1.7908099029450444,1.7908099029450444,1.7908248566361809,0.9666738633589012,0.966669539193497,0.966669539193497,0.9666738633589012,0.2718064926880025,0.2718102515571629,0.2718102515571629,0.2718064926880025,1.9804279109996688
350.0,62.689,79.147,3.92,3.173,4768.55,1.7319858024696797,1.7319813377665083,1.7319813377665083,1.7319858024696797,1.7897211436164038,1.789706016382539,1.789706016382539,1.7897211436164038,0.9670693427359058,0.9670659949183285,0.9670659949183285,0.9670693427359058,0.271908660292566,0.2719114738654975,0.2719114738654975,0.271908660292566,1.609030932620935
350.0,62.812,93.459,3.182,5.085,1594.62,1.734523306697858,1.7345190008671885,1.734519000866937,1.734523306697858,1.8007522813639518,1.8007379765586666,1.800737977055296,1.8007522813639518,0.974180977916584,0.9741776365733104,0.9741776365733104,0.974180977916584,0.2719721170076273,0.2719746755675232,0.2719746755675232,0.2719721170076273,4.813866164963699
350.0,62.842,17.623,5.915,3.623,417.448,1.7499998255737257,1.7499939859211673,1.7499939859211673,1.749999825573421,1.846109637514816,1.846088013434932,1.846088013434932,1.8461096227002944,0.9936267318560204,0.9935952992816934,0.9935952992816934,0.9936267318560204,0.2712385804392668,0.2712647491362865,0.2712647491362865,0.2712385804392668,18.343005425402843
350.0,63.05,29.948,5.434,4.532,2456.575,1.734947354358814,1.734942461978876,1.734942461978876,1.734947354358814,1.7943791658904529,1.7943620054591327,1.7943620054591327,1.7943791658904529,0.9664655355974888,0.9664562365224316,0.9664562365224316,0.9664655355974888,0.2715928232086525,0.2716016105984573,0.2716016105984573,0.2715928232086525,3.1183486262443663
350.0,63.415,41.421,2.594,5.873,3679.425,1.7334574563151284,1.733452899560301,1.733452899560301,1.7334574563151284,1.79105467874912,1.7910394518844432,1.7910394518844432,1.79105467874912,0.9657075602068333,0.9657003812233278,0.9657003812233278,0.9657075602068333,0.2717226429691954,0.2717292942317258,0.2717292942317258,0.2717226429691954,2.0827507602076807
350.0,63.643,74.741,3.74,5.801,591.349,1.7426772840073446,1.7426724848061854,1.7426724848061854,1.7426772840073446,1.828484527155272,1.828467533395612,1.828467533395612,1.828484527155272,0.9885927605640425,0.9885891373228652,0.9885891373228652,0.9885927605640425,0.2718111535129248,0.2718141731429258,0.2718141731429258,0.2718111535129248,12.972929406029165
350.0,63.798,15.353,3.845,3.294,2795.677,1.7348272629548047,1.7348237263003616,1.7348237263003616,1.7348272629548047,1.7930700659942922,1.7930591833558875,1.7930591833558875,1.7930700659942922,0.9652930331593764,0.9652626148857276,0.9652626148857276,0.9652930331593764,0.2715693469629489,0.2715951361916457,0.2715951361916457,0.2715693469629489,2.7388056182066887
350.0,63.938,42.658,4.613,3.856,1346.857,1.7366843651129054,1.7366798751931438,1.7366798751931438,1.7366843651129302,1.8033890342290169,1.8033737741441331,1.8033737741441331,1.803389034228944,0.9729117803784608,0.9729062820020566,0.9729062820020566,0.9729117803784608,0.2717329151937357,0.2717382403156467,0.2717382403156467,0.2717329151937357,5.689984768036377
350.0,65.071,62.558,2.868,2.845,1607.421,1.7347716545143022,1.7347676917091066,1.7347676917091066,1.7347716545143022,1.8006830766238815,1.8006701253172233,1.8006701253172233,1.8006830766238815,0.9736399296074948,0.97363476781141,0.97363476781141,0.9736399296074948,0.2719975928457291,0.2720021407698868,0.2720021407698868,0.2719975928457291,4.770718375444864
350.0,65.163,64.618,6.344,5.068,369.248,1.750010130214488,1.7500042195337082,1.7500042195337082,1.750010130214488,1.8554072520378035,1.8553850372339509,1.8553850372339509,1.8554072520378035,1.0036111265238816,1.0036068707302856,1.0036068707302856,1.0036111265238816,0.2717814310836722,0.2717850062677855,0.2717850062677855,0.2717814310836722,20.768998340115026
350.0,65.527,97.719,4.605,3.842,3718.218,1.7308726532902905,1.7308678928802863,1.7308678928802863,1.7308726532902905,1.7919755611281014,1.79195896269895,1.79195896269895,1.7919755611281014,0.9716525399670694,0.9716502304548263,0.9716502304548263,0.9716525399670694,0.2723203753482261,0.2723222074126293,0.2723222074126293,0.2723203753482261,2.0647921679706327
350.0,65.749,12.277,4.243,5.906,464.36,1.7474461045183305,1.747440586000346,1.747440586000346,1.7474461045183305,1.840246359779096,1.8402258142272667,1.8402258142272667,1.840246359779096,0.9922180344198,0.9921618858826016,0.9921618858826016,0.9922180344198,0.2715316277086261,0.2715769086549756,0.2715769086549756,0.2715316277086261,16.48699117208862
350.0,65.927,63.84,3.36,4.69,510.933,1.7442485536844967,1.7442435507511145,1.7442435507511145,1.7442485536844967,1.8357752830539809,1.8357576341190247,1.8357576341190247,1.8357752830539809,0.9934709696077944,0.9934665070420619,0.9934665070420619,0.9934709696077944,0.2719477907779187,0.2719515944413094,0.2719515944413094,0.2719477907779187,15.00935804437491
350.0,66.205,26.868,5.377,4.663,4583.208,1.7326354559284487,1.7326312034122875,1.7326312034122875,1.7326354559284487,1.789998270893678,1.7899843362772851,1.7899843362772851,1.789998270893678,0.9661441521072652,0.966130297525862,0.966130297525862,0.9661441521072652,0.2719141115875563,0.2719264667170143,0.2719264667170143,0.2719141115875563,1.6712469426004628
350.0,66.284,52.286,5.205,4.809,1898.115,1.7340185427759176,1.7340139731932926,1.7340139731932926,1.7340185427759176,1.7983109758033284,1.7982954271538776,1.7982954271538776,1.7983109758033284,0.9725102991827173,0.9725043505857353,0.9725043505857353,0.9725102991827173,0.2720638749564895,0.2720691749913576,0.2720691749913576,0.2720638749564895,4.038737971889257
350.0,66.297,65.429,2.575,6.067,4341.67,1.7314092326732913,1.7314040953637528,1.7314040953637528,1.7314092326732913,1.79074817897794,1.7907295722087413,1.7907295722087413,1.79074817897794,0.9692960170841126,0.9692930536459212,0.9692930536459212,0.9692960170841126,0.2721856030077066,0.27218837912515,0.27218837912515,0.2721856030077066,1.7664370012126993
350.0,66.709,29.606,5.732,6.034,3240.001,1.733038475427596,1.733034401926571,1.733034401926571,1.733038475427596,1.7924642393376184,1.7924509560844268,1.7924509560844268,1.7924642393376184,0.9680487189677364,0.9680377219391932,0.9680377219391932,0.9680487189677364,0.2719758595754621,0.2719859790685998,0.2719859790685998,0.2719758595754621,2.364303360193068
350.0,66.779,10.083,5.7,3.782,1277.004,1.737131829577625,1.737126589919037,1.737126589919037,1.737131829577625,1.8045945007473825,1.804575401242352,1.804575401242352,1.8045945007473825,0.9734168545977748,0.9733265401059578,0.9733265401059578,0.9734168545977748,0.2717708395846444,0.2718415905429955,0.2718415905429955,0.2717708395846444,5.9948473978110055
350.0,66.81,20.954,5.664,3.44,4500.0,1.7326633160789753,1.732658572553894,1.732658572553894,1.7326633160789753,1.7901473640299184,1.7901307398554474,1.7901307398554474,1.7901473640299184,0.9662548871610378,0.9662376457942978,0.9662376457942978,0.9662548871610378,0.2719347016560306,0.271950148850652,0.271950148850652,0.2719347016560306,1.7018207045218898
350.0,66.871,91.943,5.981,6.072,556.065,1.741848557398468,1.741843730344047,1.741843730344047,1.741848557398468,1.8321459126430728,1.8321289153116984,1.8321289153116984,1.8321459126430728,0.9941433071172132,0.9941396360734008,0.9941396360734008,0.9941433071172132,0.2722607112122719,0.2722635120441828,0.2722635120441828,0.2722607112122719,13.803757917028737
350.0,67.099,96.171,5.299,2.582,2402.391,1.7314865497493892,1.7314822276491355,1.7314822276491355,1.7314865497493892,1.7960805688977233,1.796066053899242,1.796066053899242,1.7960805688977233,0.9749339428804707,0.9749311089576151,0.9749311089576151,0.9749339428804707,0.2724583577814201,0.2724606083122377,0.2724606083122377,0.2724583577814201,3.195539103621594
350.0,67.976,22.671,4.532,6.323,1654.417,1.7350140588679044,1.7350091842627169,1.7350091842627169,1.7350140588679044,1.8003046892007488,1.8002871569668686,1.8002871569668686,1.8003046892007488,0.9727779841739048,0.972762094690872,0.972762094690872,0.9727779841739048,0.2720269671069973,0.2720413051887344,0.2720413051887344,0.2720269671069973,4.629172766496032
350.0,68.086,83.856,5.682,5.743,2164.956,1.731905398864915,1.7319006614083967,1.7319006614083967,1.7319053988650277,1.7973123781281133,1.7972958744469858,1.7972958744469858,1.797312377642202,0.9754677037156172,0.9754640223589696,0.9754640223589696,0.9754677037156172,0.2724727104342206,0.2724757266912231,0.2724757266912231,0.2724727104342206,3.5445743677543646
350.0,68.48,87.207,5.875,3.39,2931.025,1.7307817684804827,1.7307768542185804,1.7307768542185804,1.7307817684804827,1.7942802719061577,1.794263006426926,1.794263006426926,1.7942802719061577,0.9743272455287874,0.9743240550960688,0.9743240550960688,0.9743272455287874,0.2725484985809817,0.2725511091430198,0.2725511091430198,0.2725484985809817,2.6184316850515694
350.0,68.624,58.402,3.637,6.043,4530.936,1.7308094791320312,1.7308048853086428,1.7308048853086428,1.7308094791320312,1.790844745814206,1.7908290575750412,1.7908290575750412,1.790844745814206,0.9705474048513444,0.9705414149582006,0.9705414149582006,0.9705474048513444,0.2723785714723993,0.2723837466430884,0.2723837466430884,0.2723785714723993,1.6922577312243292
350.0,68.725,88.771,5.642,3.296,1502.546,1.733024437639069,1.7330199793738654,1.7330199793738654,1.733024437639069,1.8027991553250795,1.802784062537249,1.802784062537249,1.8027991553250795,0.979276244369992,0.979272812615764,0.979272812615764,0.979276244369992,0.2725533016397726,0.2725560592171145,0.2725560592171145,0.2725533016397726,5.108031951518092
350.0,68.798,23.607,4.408,2.679,3269.681,1.7325310467753343,1.7325272277146315,1.7325272277146315,1.7325310467753343,1.792698866227994,1.7926864449920032,1.7926864449920032,1.792698866227994,0.9692778445089852,0.969260477892618,0.969260477892618,0.9692778445089852,0.2721483868915047,0.2721637049892299,0.2721637049892299,0.2721483868915047,2.3423780250045074
350.0,69.089,45.265,4.197,5.416,3202.385,1.7317623536243454,1.7317574829257592,1.7317574829257727,1.7317623536243454,1.7931629827806452,1.7931458329410033,1.7931458473716535,1.7931629827806452,0.9712407917442692,0.9712351029023704,0.9712351029023704,0.9712407917442692,0.2723288766933637,0.2723343085813308,0.2723343085813308,0.2723288766933637,2.3932862056490944
350.0,69.152,27.166,3.273,3.01,3456.531,1.7321759418848284,1.7321711144705192,1.7321711144705192,1.7321759418848284,1.792375299392612,1.7923582262374709,1.7923582262374709,1.792375299392612,0.969600766034568,0.9695879305297808,0.9695879305297808,0.969600766034568,0.2722123897661215,0.2722240635678834,0.2722240635678834,0.2722123897661215,2.216011880519636
350.0,69.912,34.667,2.992,5.166,2407.719,1.7325966378832844,1.7325921662609256,1.7325921662609256,1.7325966378832844,1.7958731750176224,1.795858024873854,1.795858024873854,1.7958731750176224,0.9725889761013112,0.9725787701149684,0.9725787701149684,0.9725889761013112,0.2723306289014999,0.2723397947752516,0.2723397947752516,0.2723306289014999,3.182084952701973
350.0,69.989,86.762,4.551,4.342,2658.579,1.7305566848604814,1.73055228446046,1.73055228446046,1.7305566848604814,1.7954669900628433,1.7954522168122424,1.7954522168122424,1.7954669900628433,0.9760439712327644,0.9760407940742972,0.9760407940742972,0.9760439712327644,0.2726998552177003,0.2727024571939928,0.2727024571939928,0.2726998552177003,2.886715681630177
350.0,69.994,26.357,4.452,2.752,3029.954,1.7322230609800553,1.7322180700859502,1.7322180700859502,1.7322230609800553,1.793577781802182,1.7935600302495636,1.7935600302495636,1.793577781802182,0.9708153943190044,0.9708003814439186,0.9708003814439186,0.9708153943190044,0.2722892531067903,0.2723025844073102,0.2723025844073102,0.2722892531067903,2.52792633412276
350.0,70.119,17.37,4.852,2.651,4956.201,1.7315443410683444,1.7315399734583774,1.7315399734583774,1.7315443410683444,1.7901666104927094,1.7901516728521527,1.7901516728521527,1.7901666104927094,0.9684196735963356,0.9683912051004646,0.9683912051004646,0.9684196735963356,0.2722487086140276,0.2722728827363603,0.2722728827363603,0.2722487086140276,1.5449873765422537
350.0,70.338,19.138,6.095,6.318,1573.351,1.7345825104822885,1.7345779467946654,1.7345779467946654,1.7345825104822885,1.8015068029064607,1.8014909217804247,1.8014909217804247,1.8015068029064607,0.9749055928067806,0.9748901218017244,0.9748901218017244,0.9749055928067806,0.2722451619827148,0.2722595724322819,0.2722595724322819,0.2722451619827148,4.8671117582250165
350.0,70.731,33.925,4.24,5.498,4829.721,1.7308301242706448,1.7308261737075157,1.7308261737075157,1.7308301242706448,1.790598367315812,1.7905855351867224,1.7905855351867224,1.790598367315812,0.9702415601691118,0.970231301217176,0.970231301217176,0.9702415601691118,0.272430590037666,0.2724399332873052,0.2724399332873052,0.272430590037666,1.5863003261280202
350.0,70.837,79.99,5.073,4.685,671.398,1.7386711497660712,1.738666419553668,1.738666419553668,1.7386711497660712,1.8246668981122456,1.8246503596655608,1.8246503596655608,1.8246668981122456,0.9921436816964996,0.9921399918598516,0.9921399918598516,0.9921436816964996,0.2726348734856942,0.272637908109152,0.272637908109152,0.2726348734856942,11.428062217207197
350.0,70.927,55.819,6.172,6.416,823.33,1.7374171701958565,1.7374126802893046,1.7374126802893046,1.7374171701958565,1.8171743699172875,1.817159009794208,1.817159009794208,1.8171743699172875,0.9864421162243814,0.9864361136784238,0.9864361136784238,0.9864421162243814,0.2725040513508563,0.2725093228432518,0.2725093228432518,0.2725040513508563,9.311908205840863
350.0,70.954,89.152,3.461,4.093,1989.659,1.7310869430479638,1.7310824870259092,1.7310824870259092,1.7310869430479638,1.7989753309762593,1.7989600981634006,1.7989600981634006,1.7989753309762593,0.978833098568179,0.9788295697221931,0.9788295697221931,0.978833098568179,0.2728055132792487,0.2728083666888782,0.2728083666888782,0.2728055132792487,3.857513594112563
350.0,71.022,40.226,4.921,5.305,1860.802,1.7329397436253022,1.7329349027094063,1.7329349027094063,1.7329397436253022,1.7993212342484153,1.79930405429727,1.79930405429727,1.7993212342484153,0.9756674724716144,0.9756601794999727,0.9756601794999727,0.9756674724716144,0.2724732125616291,0.2724800517868629,0.2724800517868629,0.2724732125616291,4.118081542627417
350.0,71.031,70.364,2.569,5.789,1823.519,1.7320129332389649,1.7320090618986463,1.7320090618986463,1.7320129332389649,1.7999428830643152,1.7999303225151824,1.7999303225151824,1.7999428830643152,0.9781234925555226,0.9781189596077872,0.9781189596077872,0.9781234925555226,0.2726799940350719,0.2726838784162097,0.2726838784162097,0.2726799940350719,4.206398448721894
350.0,71.187,95.762,5.813,2.638,1808.939,1.731159716119351,1.7311551849117617,1.7311551849117617,1.731159716119351,1.800409888452524,1.8003942808401008,1.8003942808401008,1.800409888452524,0.9802491126043856,0.9802457360162372,0.9802457360162372,0.9802491126043856,0.2728709956795104,0.2728736628773129,0.2728736628773129,0.2728709956795104,4.243803131336896
350.0,71.593,24.832,4.681,3.479,854.609,1.7378956058882722,1.7378903557942649,1.7378903557942649,1.7378956058882722,1.815761087388428,1.8157421209401168,1.8157421209401168,1.815761087388428,0.9840050010954452,0.9839908763004696,0.9839908763004696,0.9840050010954452,0.2723625033790187,0.2723753309338657,0.2723753309338657,0.2723625033790187,8.962041297025861
350.0,71.852,27.614,3.466,2.728,1751.869,1.733329080340694,1.733324931987846,1.733324931987846,1.733329080340694,1.80019818272066,1.8001843932987107,1.8001843932987107,1.80019818272066,0.9758771241902768,0.975865077003827,0.975865077003827,0.9758771241902768,0.2724687050669628,0.2724798074676782,0.2724798074676782,0.2724687050669628,4.372346309866126
350.0,71.918,42.15,5.285,6.065,2201.646,1.7319726935165896,1.7319679420459884,1.7319679420459884,1.7319726935165896,1.797343411632384,1.7973267313343453,1.7973267313343453,1.797343411632384,0.9753688261379448,0.9753618742538516,0.9753618742538516,0.9753688261379448,0.2725879550729206,0.2725944550244875,0.2725944550244875,0.2725879550729206,3.480763397523124
350.0,71.936,71.597,6.408,3.111,2538.949,1.7305489440816448,1.7305444993698966,1.7305444993698966,1.7305489440816448,1.796118393861326,1.7961032466225149,1.7961032466225149,1.796118393861326,0.976759715523846,0.9767564421224694,0.9767564421224694,0.976759715523846,0.2727983271542838,0.2728012731825778,0.2728012731825778,0.2727983271542838,3.021233000955967
350.0,72.067,76.89,3.979,5.6,2026.533,1.731060156766986,1.7310554531541702,1.7310554531541702,1.731060156766986,1.7988034958959354,1.798787127525611,1.798787127525611,1.7988034958959354,0.9786938495411588,0.9786903058820916,0.9786903058820916,0.9786938495411588,0.2728391891517136,0.2728422325926555,0.2728422325926555,0.2728391891517136,3.785809720414087
350.0,72.125,30.407,2.608,3.374,1541.646,1.7337112322979926,1.733706474270999,1.733706474270999,1.7337112322979926,1.8022947674424048,1.8022780359273691,1.8022780359273691,1.8022947674424048,0.977428029202271,0.9774171540915924,0.9774171540915924,0.977428029202271,0.2725091809631332,0.2725191714711188,0.2725191714711188,0.2725091809631332,4.969016564329228
350.0,72.329,13.236,5.65,2.985,4303.779,1.7311770423908108,1.731172298498198,1.731172298498198,1.7311770423908108,1.79131676562374,1.7912999323102223,1.7912999323102223,1.79131676562374,0.9703721934183964,0.9703278174007682,0.9703278174007682,0.9703721934183964,0.2724402744674238,0.2724767361416334,0.2724767361416334,0.2724402744674238,1.7789514446821777
350.0,72.505,16.83,3.863,6.474,4483.994,1.730930275100501,1.7309273318892036,1.7309273318892036,1.730930275100501,1.7911423913237172,1.7911340306487455,1.7911340306487455,1.7911423913237172,0.9706506538319972,0.970617591843744,0.970617591843744,0.9706506538319972,0.2724881140760003,0.2725157687970611,0.2725157687970611,0.2724881140760003,1.7076537609187854
350.0,72.602,12.54,4.428,5.142,2585.883,1.7322370299920218,1.7322330575334726,1.7322330575334726,1.7322370299920218,1.795370006443446,1.7953570344218492,1.7953570344218492,1.795370006443446,0.972749859749402,0.9726958932269592,0.9726958932269592,0.972749859749402,0.2724457135689293,0.2724893199743884,0.2724893199743884,0.2724457135689293,2.960701234934497
350.0,72.602,35.748,3.428,3.718,2389.451,1.7316988120436725,1.7316943768652495,1.7316943768652495,1.7316988120436725,1.7964663038149986,1.7964511510824972,1.7964511510824972,1.7964663038149986,0.9749409629959508,0.9749320066234626,0.9749320066234626,0.9749409629959508,0.2726182096455682,0.2726265072979814,0.2726265072979814,0.2726182096455682,3.206514312608128
350.0,72.772,25.583,5.689,3.325,1015.927,1.7361211462933237,1.7361161551918634,1.7361161551918634,1.7361211462933237,1.81113870763495,1.811120906097493,1.811120906097493,1.81113870763495,0.982392378501428,0.9823755320528988,0.9823755320528988,0.982392378501428,0.2725095860045752,0.2725243584407051,0.2725243584407051,0.2725095860045752,7.539160358063
350.0,73.011,69.098,3.198,5.354,3536.898,1.7294648196853553,1.729460418238806,1.729460418238806,1.7294648196853553,1.7933955612407324,1.7933804018871864,1.7933804018871864,1.7933955612407324,0.9758755666246954,0.9758709241991704,0.9758709241991704,0.9758755666246954,0.2729032842969515,0.2729073515435511,0.2729073515435511,0.2729032842969515,2.1686036380451967
350.0,73.022,16.04,2.921,4.52,3943.687,1.7310102971049293,1.7310047189222364,1.7310047189222364,1.7310102971049293,1.792028508839649,1.7920072354996333,1.7920072354996333,1.792028508839649,0.9714522202337098,0.971421728463749,0.971421728463749,0.9714522202337098,0.2725345510572659,0.2725603519409565,0.2725603519409565,0.2725345510572659,1.9415600036366687
350.0,73.023,64.681,4.866,5.799,623.589,1.7392976639423043,1.7392927143589698,1.7392927143589698,1.7392976639423043,1.8279071787471288,1.8278894723041264,1.8278894723041264,1.8279071787471288,0.9944448899088124,0.994440323705832,0.994440323705832,0.9944448899088124,0.272751383895789,0.2727553744061935,0.2727553744061935,0.272751383895789,12.298061445907353
350.0,73.317,36.046,5.151,6.253,1922.731,1.7321966232214945,1.73219184849458,1.73219184849458,1.7321966232214945,1.799251591784494,1.7992348962406743,1.7992348962406743,1.799251591784494,0.9770074105185734,0.9769973107811852,0.9769973107811852,0.9770074105185734,0.2726852978460309,0.2726943943624048,0.2726943943624048,0.2726852978460309,3.984887910103869
350.0,73.325,15.275,2.817,4.785,1305.931,1.7346762072792916,1.7346711399443715,1.7346711399443715,1.7346762072792916,1.8054019672510049,1.8053830626517788,1.8053830626517788,1.8054019672510049,0.9789574226620484,0.9789222202695204,0.9789222202695204,0.9789574226620484,0.2725109705998043,0.2725402771440345,0.2725402771440345,0.2725109705998043,5.863000849852833
350.0,73.359,50.152,5.52,4.173,1919.076,1.731722494580476,1.7317179314316746,1.7317179314316746,1.731722494580476,1.799452027829421,1.7994361254775288,1.7994361254775288,1.799452027829421,0.9781267739546556,0.978122744408296,0.978122744408296,0.9781267739546556,0.2727886876875873,0.2727927621171351,0.2727927621171351,0.2727886876875873,3.9943102635336
350.0,73.755,18.301,3.117,5.475,3784.308,1.7307705502162,1.7307666669448696,1.7307666669448696,1.7307705502162,1.7924633751425725,1.7924507575249953,1.7924507575249953,1.7924633751425725,0.9723756058901704,0.9723570444271868,0.9723570444271868,0.9723756058901704,0.2726296080107009,0.2726464302905955,0.2726464302905955,0.2726296080107009,2.023477052372173
350.0,73.87,71.595,3.997,6.271,4846.59,1.7285406195194957,1.7285363709740529,1.7285363709740529,1.7285406195194957,1.7915977539205454,1.7915834568221778,1.7915834568221778,1.7915977539205454,0.9756873139779376,0.9756825090985988,0.9756825090985988,0.9756873139779376,0.2730170993680737,0.273021215756899,0.273021215756899,0.2730170993680737,1.582710699860153
350.0,73.877,80.899,2.574,2.782,879.77,1.735046847126498,1.7350423197286002,1.7350423197286002,1.735046847126498,1.816013778246509,1.8159982230758729,1.8159982230758729,1.816013778246509,0.9897189142111312,0.9897146245382192,0.9897146245382192,0.9897189142111312,0.273000033071676,0.2730035133296839,0.2730035133296839,0.273000033071676,8.721603576158726
350.0,74.136,81.781,6.164,5.007,1124.742,1.733119055004321,1.733114793584248,1.733114793584248,1.733119055004321,1.809604434968801,1.809590253740136,1.809590253740136,1.809604434968801,0.9864551010995364,0.9864515899728932,0.9864515899728932,0.9864551010995364,0.2730566071896696,0.273059522197538,0.273059522197538,0.2730566071896696,6.822223475561496
350.0,74.211,50.988,3.667,3.755,456.391,1.743684666054216,1.7436797830443884,1.7436797830443884,1.743684666054216,1.8434333745410407,1.84341617970787,1.84341617970787,1.8434333745410407,1.002819219357038,1.0028139680443726,1.0028139680443726,1.002819219357038,0.2727253226205495,0.2727301266261868,0.2727301266261868,0.2727253226205495,16.795810324082847
350.0,74.736,75.673,3.503,4.583,1421.501,1.7317619566787987,1.7317570816309271,1.7317570816309271,1.7317619566787987,1.804791455251832,1.804774143176028,1.804774143176028,1.804791455251832,0.9838314862520025,0.98382838406623,0.98382838406623,0.9838314862520025,0.2730944809969317,0.2730972601128052,0.2730972601128052,0.2730944809969317,5.396917976188321
350.0,75.007,90.437,3.095,2.853,3736.776,1.7279910954572466,1.7279866264303474,1.7279866264303474,1.7279910954572466,1.7936382746977184,1.7936227539289418,1.7936227539289418,1.7936382746977184,0.9789468734168248,0.97894340774465,0.97894340774465,0.9789468734168248,0.2732619418366643,0.2732648105752121,0.2732648105752121,0.2732619418366643,2.054025976865653
350.0,75.307,91.985,4.795,6.123,3540.074,1.7279500838940112,1.727945824541533,1.727945824541533,1.7279500838940112,1.7941027029647,1.7940883686198417,1.7940883686198417,1.7941027029647,0.9795277147707828,0.9795248564096724,0.9795248564096724,0.9795277147707828,0.2733033538953729,0.2733057372948189,0.2733057372948189,0.2733033538953729,2.1682642771996803
350.0,75.482,14.702,2.808,4.133,4197.957,1.730122789773238,1.730118790446755,1.730118790446755,1.730122789773238,1.792040471892119,1.792027154414284,1.792027154414284,1.792040471892119,0.973173566083284,0.9731331421955774,0.9731331421955774,0.973173566083284,0.2727788349429363,0.2728121994566219,0.2728121994566219,0.2727788349429363,1.8238747044501908
350.0,75.541,90.887,2.997,2.82,1705.957,1.7301348741289246,1.7301305644966514,1.7301305644966514,1.7301348741289246,1.802069271025592,1.8020545533339467,1.8020545533339467,1.802069271025592,0.9839900138268832,0.9839857858362716,0.9839857858362716,0.9839900138268832,0.2732951516489359,0.2732985249580046,0.2732985249580046,0.2732951516489359,4.499245653022635
350.0,75.552,76.865,3.135,6.275,3077.088,1.7286807863121048,1.7286764509356856,1.7286764509356856,1.7286807863121048,1.7950764569117166,1.7950615899145004,1.7950615899145004,1.7950764569117166,0.9791847590454552,0.9791810421067804,0.9791810421067804,0.9791847590454552,0.2732208065529199,0.2732240474884967,0.2732240474884967,0.2732208065529199,2.493278687458452
350.0,75.733,27.276,5.096,2.928,3149.645,1.7302096140223484,1.7302047779018623,1.7302047779018623,1.7302096140223484,1.7943262481915232,1.7943090927271177,1.7943090927271177,1.7943262481915232,0.9754504391896586,0.975442187076832,0.975442187076832,0.9754504391896586,0.2728969774266364,0.2729053411756564,0.2729053411756564,0.2728969774266364,2.4319159685153804
350.0,76.505,28.69,3.367,6.264,3134.648,1.729918684788754,1.729913889295425,1.729913889295425,1.729918684788754,1.7945275872603872,1.794510992351137,1.794510992351137,1.7945275872603872,0.9762234857855988,0.9762097306690016,0.9762097306690016,0.9762234857855988,0.2729855302467784,0.2729978526159609,0.2729978526159609,0.2729855302467784,2.443661356002453
350.0,76.582,32.574,3.565,5.387,1566.499,1.7321009142463546,1.7320968414408011,1.7320968414408011,1.7321009142463546,1.8029183884362412,1.802904826994967,1.802904826994967,1.8029183884362412,0.9811497408422664,0.9811404841687273,0.9811404841687273,0.9811497408422664,0.2729948740076233,0.2730036314605137,0.2730036314605137,0.2729948740076233,4.890499078621747
350.0,76.616,98.31,5.658,6.438,3429.427,1.7273772187370104,1.7273727299841897,1.7273727299841897,1.7273772187370104,1.794674184313481,1.7946586276620862,1.7946586276620862,1.794674184313481,0.981234807940418,0.9812323241491347,0.9812323241491347,0.981234807940418,0.273485267052169,0.2734873086213344,0.2734873086213344,0.273485267052169,2.2386769878563264
350.0,76.956,30.43,4.221,3.721,2785.511,1.7300047811158787,1.7300000961312372,1.7300000961312372,1.7300047811158787,1.7956772061061848,1.7956605087376991,1.7956605087376991,1.7956772061061848,0.9773015130183133,0.9772892889614196,0.9772892889614196,0.9773015130183133,0.2730421245291136,0.2730532275017392,0.2730532275017392,0.2730421245291136,2.750103969748023
350.0,77.012,45.425,2.692,5.073,3269.394,1.7290958076440983,1.7290915979268158,1.7290915979268158,1.7290958076440983,1.7944657853431043,1.7944516086288558,1.7944516086288558,1.7944657853431043,0.9777313009290192,0.9777237743254203,0.9777237743254203,0.9777313009290192,0.2731576492582491,0.2731644471589649,0.2731644471589649,0.2731576492582491,2.344222262123667
350.0,77.188,87.972,3.687,6.372,2981.681,1.7278509803992883,1.7278468185732276,1.7278468185732276,1.7278509803992883,1.7958022300434966,1.7957881133951985,1.7957881133951985,1.7958022300434966,0.981548458188468,0.9815454351547834,0.9815454351547834,0.981548458188468,0.2734704442786832,0.2734730652625183,0.2734730652625183,0.2734704442786832,2.573981443557487
350.0,77.238,90.561,2.653,5.532,1313.335,1.7308690724799607,1.730864253299249,1.730864253299249,1.7308690724799607,1.8069772784855127,1.806960193082386,1.806960193082386,1.8069772784855127,0.9879027427903174,0.987899660509684,0.987899660509684,0.9879027427903174,0.2734600570084458,0.2734626087761459,0.2734626087761459,0.2734600570084458,5.844209033868896
350.0,77.528,52.668,5.55,5.656,4485.682,1.7280833507869495,1.7280795671343276,1.7280795671343276,1.7280833507869495,1.7925035709389228,1.792491473754679,1.792491473754679,1.7925035709389228,0.9775236444234108,0.9775161937313654,0.9775161937313654,0.9775236444234108,0.2732689266862626,0.2732754622740261,0.2732754622740261,0.2732689266862626,1.7089912394678417
350.0,77.592,71.341,3.708,3.959,3135.296,1.7281471893544336,1.7281429102873245,1.7281429102873245,1.7281471893544336,1.795248490874462,1.7952338675609458,1.7952338675609458,1.795248490874462,0.980377228208201,0.9803737065122056,0.9803737065122056,0.980377228208201,0.2733988750605148,0.2734021030968011,0.2734021030968011,0.2733988750605148,2.446544386917081
350.0,77.98,85.388,5.804,6.485,618.334,1.7370935965200287,1.737089118676724,1.737089118676724,1.7370935965200287,1.8295607666870948,1.8295451952823327,1.8295451952823327,1.8295607666870948,1.0004235995502158,1.000419120644744,1.000419120644744,1.0004235995502158,0.2734323547621057,0.273435980379925,0.273435980379925,0.2734323547621057,12.410847796063283
350.0,78.236,23.969,3.972,5.307,1772.382,1.731297065438275,1.7312933077343138,1.7312933077343138,1.731297065438275,1.8011969868526383,1.8011849425512498,1.8011849425512498,1.8011969868526383,0.9808123825217528,0.9807985343289608,0.9807985343289608,0.9808123825217528,0.2731147041534505,0.2731274877366538,0.2731274877366538,0.2731147041534505,4.321192855063017
350.0,78.381,47.54,5.154,6.419,3285.452,1.7285677051468689,1.7285635960620789,1.7285635960620789,1.7285677051468689,1.794731328245852,1.7947173645513672,1.7947173645513672,1.794731328245852,0.979007445093547,0.9790017610492368,0.9790017610492368,0.979007445093547,0.2733175754392936,0.2733230577438203,0.2733230577438203,0.2733175754392936,2.3329206029607543
350.0,78.643,80.921,5.34,4.071,3811.011,1.7270697260667562,1.727065423763984,1.727065423763984,1.7270697260667562,1.794096131288223,1.7940812319512045,1.7940812319512045,1.794096131288223,0.981178280857793,0.9811751805275456,0.9811751805275456,0.981178280857793,0.2735815302115071,0.2735843359351957,0.2735843359351957,0.2735815302115071,2.0133826047973846
350.0,78.77,95.067,4.176,4.582,2226.268,1.7279297235352675,1.7279258229368994,1.7279258229368994,1.7279297235352675,1.799179447966948,1.7991663957189643,1.7991663957189643,1.799179447966948,0.9850497837975504,0.9850471811937392,0.9850471811937392,0.9850497837975504,0.2736799458850686,0.2736822046653994,0.2736822046653994,0.2736799458850686,3.448163323686681
350.0,79.36,83.166,5.459,6.308,3892.726,1.7267186045620646,1.726714648344973,1.726714648344973,1.7267186045620646,1.7941208507759543,1.7941077405465613,1.7941077405465613,1.7941208507759543,0.9818712727945772,0.981867407674264,0.981867407674264,0.9818712727945772,0.2736735609326518,0.2736768577081066,0.2736768577081066,0.2736735609326518,1.9712601802994985
350.0,79.375,37.643,3.921,5.161,3360.527,1.72851759047971,1.7285133582337522,1.7285133582337522,1.72851759047971,1.7946271941194023,1.794612684225204,1.794612684225204,1.7946271941194023,0.9789839881401792,0.9789744857677533,0.9789744857677533,0.9789839881401792,0.2733531112809763,0.2733618320874772,0.2733618320874772,0.2733531112809763,2.280065630124162
350.0,79.376,62.391,3.428,3.266,1895.721,1.7293817667622202,1.729377521348074,1.729377521348074,1.7293817667622202,1.800937665493044,1.8009232448952106,1.8009232448952106,1.800937665493044,0.9841750693651748,0.9841698263483222,0.9841698263483222,0.9841750693651748,0.2735094510324009,0.2735141382080886,0.2735141382080886,0.2735094510324009,4.045097321722168
350.0,79.39,69.026,4.629,5.177,566.651,1.7382527960058498,1.7382482460362816,1.7382482460362816,1.7382527960058498,1.8335217213470945,1.833505825862002,1.833505825862002,1.8335217213470945,1.0024778459740429,1.0024728631012567,1.0024728631012567,1.0024778459740429,0.2734576640043122,0.2734619230399273,0.2734619230399273,0.2734576640043122,13.535559049447643
350.0,79.429,37.732,6.001,3.412,2797.509,1.728934966194002,1.728930337757622,1.728930337757622,1.728934966194002,1.7962024944615913,1.7961861234492813,1.7961861234492813,1.7962024944615913,0.9798942009583904,0.9798852460118798,0.9798852460118798,0.9798942009583904,0.2733550837530113,0.2733633495374515,0.2733633495374515,0.2733550837530113,2.7389507984808183
350.0,79.74,22.093,4.069,3.822,2304.5,1.729908941296734,1.7299052193801512,1.7299052193801512,1.729908941296734,1.7980657559837294,1.798053815400298,1.798053815400298,1.7980657559837294,0.9800592600183572,0.9800411806296884,0.9800411806296884,0.9800592600183572,0.2732698699044898,0.2732859893489615,0.2732859893489615,0.2732698699044898,3.3232076063405662
350.0,79.779,36.136,2.637,2.798,2788.589,1.7288765239366923,1.728872157491402,1.728872157491402,1.7288765239366923,1.7962672123596857,1.79625205980396,1.79625205980396,1.7962672123596857,0.9800820447909456,0.980073855637218,0.980073855637218,0.9800820447909456,0.273381057892746,0.2733888375197275,0.2733888375197275,0.273381057892746,2.7475679023756854
350.0,79.936,10.108,2.651,4.147,1018.304,1.7342504994152768,1.7342450650017942,1.7342450650017942,1.7342504994152768,1.8122724991257688,1.8122522570019417,1.8122522570019417,1.8122724991257688,0.9872050666352938,0.9871109271989976,0.9871109271989976,0.9872050666352938,0.2731340889889151,0.2732078073182369,0.2732078073182369,0.2731340889889151,7.517703827340669
350.0,80.581,52.05,6.364,4.332,674.436,1.7363396532256912,1.7363354547760066,1.7363354547760066,1.7363396532256912,1.8261088926661515,1.826094745897611,1.826094745897611,1.8261088926661515,0.9981186133489398,0.998111501700662,0.998111501700662,0.9981186133489398,0.2734899870232976,0.273496287144253,0.273496287144253,0.2734899870232976,11.366114915418146
350.0,80.842,18.162,4.093,5.941,1123.319,1.7330181356629657,1.733010434957596,1.733010434957596,1.7330181356629657,1.810171597874217,1.8101409490593632,1.8101409490593632,1.810171597874217,0.9872271068716332,0.987202082202144,0.987202082202144,0.9872271068716332,0.2733207721166564,0.273342376240998,0.273342376240998,0.2733207721166564,6.816682857957876
350.0,81.086,10.892,4.349,3.159,4309.43,1.7283596759091946,1.7283548293182789,1.7283548293182789,1.7283596759091946,1.7929277281407752,1.7929103613401811,1.7929103613401811,1.7929277281407752,0.9774614778090676,0.9773836822187302,0.9773836822187302,0.9774614778090676,0.2733275667431485,0.2733891106577636,0.2733891106577636,0.2733275667431485,1.7764628935298228
350.0,81.294,42.122,6.069,3.402,3301.758,1.7277737910383193,1.727769607724799,1.727769607724799,1.7277737910383193,1.795195850851951,1.7951814597962246,1.7951814597962246,1.795195850851951,0.9810029876448416,0.9809950792388998,0.9809950792388998,0.9810029876448416,0.2735878957576549,0.2735952715852453,0.2735952715852453,0.2735878957576549,2.320980839041132
350.0,81.534,60.773,5.657,3.232,2215.797,1.7281653693022845,1.7281607878994307,1.7281607878994307,1.7281653693022845,1.7993572489144714,1.7993410382739994,1.7993410382739994,1.7993572489144714,0.9847639977971444,0.9847590611982434,0.9847590611982434,0.9847639977971444,0.2737342717654707,0.2737388205263002,0.2737388205263002,0.2737342717654707,3.460584642466848
350.0,81.724,29.328,6.325,4.079,4706.059,1.727394012559184,1.7273899420533143,1.7273899420533143,1.727394012559184,1.7927639666784083,1.7927502480254418,1.7927502480254418,1.7927639666784083,0.9790875307674634,0.9790767305740437,0.9790767305740437,0.9790875307674634,0.2735498182279325,0.2735599997457199,0.2735599997457199,0.2735498182279325,1.6277167384550413
350.0,82.125,41.07,3.56,5.572,455.022,1.7414597808411578,1.741455297347574,1.741455297347574,1.7414597808411578,1.84514618827998,1.845130492604969,1.845130492604969,1.84514618827998,1.00888012715853,1.0088714297098824,1.0088714297098824,1.00888012715853,0.2735208738915522,0.2735287728305111,0.2735287728305111,0.2735208738915522,16.840751565071223
350.0,82.378,86.142,6.486,5.673,4696.764,1.7253024460877244,1.7252985484506127,1.7252985484506127,1.7253024460877244,1.7936121292775449,1.7935990766240757,1.7935990766240757,1.7936121292775449,0.9839954921171228,0.9839919578033068,0.9839919578033068,0.9839954921171228,0.2740195669232254,0.2740226648387064,0.2740226648387064,0.2740195669232254,1.633952605390939
350.0,83.157,90.738,2.78,2.544,4329.197,1.7250217555356795,1.7250179481608416,1.7250179481608416,1.7250217555356795,1.7942875742344142,1.7942748824345345,1.7942748824345345,1.7942875742344142,0.9852657194166354,0.9852625173448344,0.9852625173448344,0.9852657194166354,0.274134257646193,0.2741370384439891,0.2741370384439891,0.274134257646193,1.7729450142539116
350.0,83.179,56.244,3.882,5.347,459.623,1.7404569213151466,1.7404525431960047,1.7404525431960047,1.7404569213151466,1.8450137119138816,1.8449987714537124,1.8449987714537124,1.8450137119138816,1.0106398083066284,1.01063434346469,1.01063434346469,1.0106398083066284,0.2737495353883532,0.2737544348080294,0.2737544348080294,0.2737495353883532,16.680378965864854
350.0,83.581,11.034,6.382,3.85,2398.069,1.7288808621971794,1.7288760001804702,1.7288760001804702,1.7288808621971794,1.7982439489077642,1.7982264683976823,1.7982264683976823,1.7982439489077642,0.9822051092409556,0.9821305524197944,0.9821305524197944,0.9822051092409556,0.2735806282994571,0.2736398065051779,0.2736398065051779,0.2735806282994571,3.192375561465816
350.0,83.637,88.104,2.573,3.489,925.151,1.7311918566616673,1.7311876779640345,1.7311876779640345,1.7311918566616673,1.816657563237271,1.816643264736892,1.816643264736892,1.816657563237271,0.9977100120802964,0.9977061530170352,0.9977061530170352,0.9977100120802964,0.2741107276318009,0.2741139479949807,0.2741139479949807,0.2741107276318009,8.2956252470868
350.0,83.741,15.884,5.977,4.431,4048.881,1.727423581121942,1.7274195675366053,1.7274195675366053,1.727423581121942,1.7938944913629795,1.7938809612629882,1.7938809612629882,1.7938944913629795,0.9802481943537512,0.9802144009182244,0.9802144009182244,0.9802481943537512,0.2736587808892221,0.2736872434237905,0.2736872434237905,0.2736587808892221,1.891079759493301
350.0,84.183,73.649,6.378,2.642,1671.57,1.727943144738625,1.7279391484005406,1.7279391484005406,1.727943144738625,1.8039098226574168,1.803896309131436,1.803896309131436,1.8039098226574168,0.990096012776644,0.9900919442912504,0.9900919442912504,0.990096012776644,0.274100010472186,0.2741036873513531,0.2741036873513531,0.274100010472186,4.589173297174629
350.0,84.261,88.706,4.106,3.137,1798.162,1.7271134481303465,1.7271091883607754,1.7271091883607754,1.7271134481303465,1.8030206110230296,1.8030058480181943,1.8030058480181943,1.8030206110230296,0.9907169314487217,0.9907141367172458,0.9907141367172458,0.9907169314487217,0.2742183071038744,0.2742208110902268,0.2742208110902268,0.2742183071038744,4.268183222336095
350.0,84.321,59.891,5.622,3.587,628.03,1.7356582237443552,1.735653803255761,1.735653803255761,1.7356582237443552,1.8298977450914973,1.8298824444906008,1.8298824444906008,1.8298977450914973,1.0034780177442524,1.0034722494470507,1.0034722494470507,1.0034780177442524,0.273946943219574,0.2739520661517936,0.2739520661517936,0.273946943219574,12.209006375714896
350.0,84.513,65.691,3.138,5.409,816.389,1.7326919376412495,1.73268788680673,1.73268788680673,1.7326919376412495,1.8203098003845153,1.8202959939288488,1.8202959939288488,1.8203098003845153,0.9987947974485966,0.9987906441815558,0.9987906441815558,0.9987947974485966,0.2740362630213216,0.2740401362258075,0.2740401362258075,0.2740362630213216,9.3939132578749
350.0,84.543,28.657,4.247,5.723,4325.125,1.7266197513953505,1.7266156517501303,1.7266156517501303,1.7266197513953505,1.7938009703513431,1.7937870226291197,1.7937870226291197,1.7938009703513431,0.9816605759983587,0.9816469165459036,0.9816469165459036,0.9816605759983587,0.2738423510419907,0.2738547183224775,0.2738547183224775,0.2738423510419907,1.771031550272342
350.0,84.612,23.759,3.9,4.043,435.886,1.741918842404286,1.7419131324363462,1.7419131324363462,1.741918842404286,1.8479952330801404,1.8479734336119449,1.8479734336119449,1.8479952330801404,1.0110590609899437,1.0110388079090735,1.0110388079090735,1.0110590609899437,0.273659606821489,0.2736772479355951,0.2736772479355951,0.273659606821489,17.57008246006329
350.0,84.793,40.572,2.986,6.188,969.058,1.7320081781454857,1.7320043343377458,1.7320043343377458,1.7320081781454857,1.8149632629674408,1.8149506412444167,1.8149506412444167,1.8149632629674408,0.9943086157265252,0.9943002594394502,0.9943002594394502,0.9943086157265252,0.2739001594124431,0.2739079319858445,0.2739079319858445,0.2739001594124431,7.907519700811565
350.0,84.803,32.99,4.38,5.621,3448.871,1.7268201546763833,1.726816276277775,1.726816276277775,1.7268201546763833,1.7954413395115358,1.795428362632714,1.795428362632714,1.7954413395115358,0.9830532665379376,0.9830424236008356,0.9830424236008356,0.9830532665379376,0.2738976245075471,0.273907660399172,0.273907660399172,0.2738976245075471,2.22130847013076
350.0,84.811,54.196,4.603,3.723,3199.081,1.726282703333306,1.7262787544165454,1.7262787544165454,1.726282703333306,1.7963045725229614,1.7962911236294756,1.7962911236294756,1.7963045725229614,0.985013042207975,0.9850079284724292,0.9850079284724292,0.985013042207975,0.2740483841910741,0.274053328347363,0.274053328347363,0.2740483841910741,2.3964043276639844
350.0,84.83,85.572,6.047,3.447,1679.551,1.7273165482941282,1.7273127052221149,1.7273127052221149,1.7273165482941282,1.8041270889665355,1.8041141369826876,1.8041141369826876,1.8041270889665355,0.991521694073432,0.9915183198345228,0.9915183198345228,0.991521694073432,0.2742550296108863,0.2742580404558003,0.2742580404558003,0.2742550296108863,4.569134736394208
350.0,84.888,78.112,2.777,6.28,2393.91,1.7262349986440524,1.726231082481212,1.726231082481212,1.7262349986440524,1.7993683574805734,1.799355223632349,1.799355223632349,1.7993683574805734,0.988436647933056,0.9884329845004488,0.9884329845004488,0.988436647933056,0.2742193468403628,0.2742226618909017,0.2742226618909017,0.2742193468403628,3.204901257992624
350.0,85.013,49.496,5.255,2.551,3446.272,1.7262066602054975,1.7262026862064936,1.7262026862064936,1.7262066602054975,1.795699275161608,1.7956858759039942,1.7956858759039942,1.795699275161608,0.9845000673687508,0.9844925685038122,0.9844925685038122,0.9845000673687508,0.2740375996837009,0.2740444080671395,0.2740444080671395,0.2740375996837009,2.224176951385379
350.0,85.075,84.042,4.801,4.255,4972.906,1.7243939394093706,1.7243902409827474,1.7243902409827474,1.7243939394093706,1.7938239227394388,1.7938116218786957,1.7938116218786957,1.7938239227394388,0.9859284666519968,0.9859250069166116,0.9859250069166116,0.9859284666519968,0.2742950029156286,0.2742980663352022,0.2742980663352022,0.2742950029156286,1.5431096097849202
350.0,85.198,38.862,6.359,4.851,1986.416,1.7280586590153286,1.72805464373648,1.72805464373648,1.7280586590153286,1.8011803798807355,1.8011665988455237,1.8011665988455237,1.8011803798807355,0.9869057749669669,0.9868966263332835,0.9868966263332835,0.9869057749669669,0.2739678113220101,0.2739762955610211,0.2739762955610211,0.2739678113220101,3.857425115725988
350.0,85.233,28.587,5.179,4.414,1984.389,1.7283899336782145,1.7283855338559002,1.7283855338559002,1.7283899336782145,1.80106943160434,1.8010538657486037,1.8010538657486037,1.80106943160434,0.9861544692975984,0.9861412885885378,0.9861412885885378,0.9861544692975984,0.2738975389349326,0.2739096120843032,0.2739096120843032,0.2738975389349326,3.8600740384740577
350.0,85.516,63.495,3.624,3.051,4088.27,1.7252446840794773,1.7252404899191387,1.7252404899191387,1.7252446840794773,1.7947889670042496,1.794774469258403,1.794774469258403,1.7947889670042496,0.9853421157208064,0.9853377207715156,0.9853377207715156,0.9853421157208064,0.2741942423625741,0.2741983596980008,0.2741983596980008,0.2741942423625741,1.875758313474693
350.0,85.712,87.808,6.4,5.988,3611.47,1.724614843985623,1.7246111887966966,1.7246111887966966,1.724614843985623,1.7959887517657374,1.7959763841991736,1.7959763841991736,1.7959887517657374,0.9878477733166618,0.987843901128907,0.987843901128907,0.9878477733166618,0.2743856843414441,0.2743889501465018,0.2743889501465018,0.2743856843414441,2.1250809830251884
350.0,85.715,42.268,3.049,4.206,4864.297,1.7255890094918296,1.7255848184707294,1.7255848184707294,1.7255890094918296,1.793521854939867,1.7935073460276982,1.7935073460276982,1.793521854939867,0.9833180933900028,0.9833104533030084,0.9833104533030084,0.9833180933900028,0.2740669968321027,0.2740741743657926,0.2740741743657926,0.2740669968321027,1.5754208807649468
350.0,86.035,35.553,5.112,4.772,4530.69,1.7258207120528342,1.7258163204632413,1.7258163204632413,1.7258207120528342,1.7939135577985728,1.7938980717135264,1.7938980717135264,1.7939135577985728,0.983285883949334,0.9832775173518172,0.9832775173518172,0.983285883949334,0.2740528911319525,0.2740609795717154,0.2740609795717154,0.2740528911319525,1.691053159766544
350.0,86.307,56.094,6.274,5.6,404.755,1.7416138541819377,1.7416094897957193,1.7416094897957193,1.7416138541819377,1.8535273265843224,1.853512279597308,1.853512279597308,1.8535273265843224,1.0175763304704244,1.0175702030407632,1.0175702030407632,1.0175763304704244,0.2740742537911202,0.2740797057366192,0.2740797057366192,0.2740742537911202,18.9412834218538
350.0,86.487,36.741,2.96,3.883,2519.461,1.726916863481284,1.7269133661124532,1.7269133661124532,1.726916863481284,1.7986119469483786,1.7986005536758725,1.7986005536758725,1.7986119469483786,0.9862955640797456,0.9862848428845886,0.9862848428845886,0.9862955640797456,0.2740975597836913,0.2741073075402877,0.2741073075402877,0.2740975597836913,3.041093413850916
350.0,86.59,51.595,3.219,5.211,4748.034,1.7250248459449735,1.7250204849357875,1.7250204849357875,1.7250248459449735,1.793939633676269,1.7939243843795254,1.7939243843795254,1.793939633676269,0.984841575957602,0.9848381600326483,0.9848381600326483,0.984841575957602,0.2742277239240756,0.2742314715246558,0.2742314715246558,0.2742277239240756,1.6144851924348338
350.0,87.367,38.668,4.997,5.92,3458.832,1.7257768992619371,1.7257727467134507,1.7257727467134507,1.7257768992619371,1.796011839005785,1.7959973687325714,1.7959973687325714,1.796011839005785,0.98562732318719,0.9856198498685464,0.9856198498685464,0.98562732318719,0.2742138777564046,0.2742211613116147,0.2742211613116147,0.2742138777564046,2.2153128080297586
350.0,87.518,60.044,4.643,5.671,3664.133,1.7249028083174136,1.724899140906304,1.724899140906304,1.7249028083174136,1.7958952336977905,1.7958832087338492,1.7958832087338492,1.7958952336977905,0.9871678473031472,0.9871633187001756,0.9871633187001756,0.9871678473031472,0.2743836760490306,0.2743880394482719,0.2743880394482719,0.2743836760490306,2.092643456666953
350.0,88.06,21.677,4.941,3.572,1623.022,1.7285033813030877,1.7284991939682683,1.7284991939682683,1.7285033813030877,1.804496540215924,1.8044818349020435,1.8044818349020435,1.804496540215924,0.9896202746900368,0.9895966433296476,0.9895966433296476,0.9896202746900368,0.2741419167837532,0.2741623131933781,0.2741623131933781,0.2741419167837532,4.718438163461013
350.0,88.315,25.36,4.067,2.724,2773.518,1.7264250517828117,1.72642109052509,1.72642109052509,1.7264250517828117,1.797902545477717,1.797888916627734,1.797888916627734,1.797902545477717,0.9864308723479126,0.9864163608560892,0.9864163608560892,0.9864308723479126,0.2742145759434911,0.2742279486648492,0.2742279486648492,0.2742145759434911,2.7614972635168584
350.0,88.827,11.416,2.532,6.4,1090.903,1.7307901396677818,1.7307855283570726,1.7307855283570726,1.7307901396677392,1.8124022334808392,1.812385937163263,1.812385937163263,1.812402233028353,0.9938348127523136,0.9937633962472144,0.9937633962472144,0.9938348127523136,0.2741149771331571,0.2741719037307517,0.2741719037307517,0.2741149771331571,7.017622575103234
350.0,88.867,29.536,5.08,4.462,3623.112,1.725484843897078,1.7254812940865327,1.7254812940865327,1.725484843897078,1.7958557459541136,1.7958444380610237,1.7958444380610237,1.7958557459541136,0.9859974650055344,0.985984248809138,0.985984248809138,0.9859974650055344,0.2743091032497167,0.2743211862146997,0.2743211862146997,0.2743091032497167,2.114233213337068
350.0,89.108,68.805,6.413,3.504,3008.264,1.7245237395437745,1.7245195297717637,1.7245195297717637,1.7245237395437745,1.7979004290923752,1.7978860748634231,1.7978860748634231,1.7979004290923752,0.9900436192748562,0.990039282211752,0.990039282211752,0.9900436192748562,0.2746147175959781,0.2746188433188991,0.2746188433188991,0.2746147175959781,2.5496052163058844
350.0,89.144,96.876,5.513,2.715,3114.242,1.723505588001438,1.7235008718718154,1.7235008718718154,1.723505588001438,1.7979864270926067,1.7979706473350467,1.7979706473350467,1.7979864270926067,0.9920859543571962,0.9920828485620566,0.9920828485620566,0.9920859543571962,0.2748202813937262,0.274823224144132,0.274823224144132,0.2748202813937262,2.465090365785583
350.0,89.728,92.88,5.13,4.705,3197.885,1.723381849496448,1.7233764608319877,1.7233764608319877,1.723381849496448,1.7978354654590736,1.7978170295236686,1.7978170295236686,1.7978354654590736,0.9921482499917478,0.9921459748434374,0.9921459748434374,0.9921482499917478,0.2748559266364752,0.2748584422784769,0.2748584422784769,0.2748559266364752,2.4003010457351164
350.0,90.089,62.208,3.171,3.759,4345.839,1.7236615832672608,1.7236573712091643,1.7236573712091643,1.7236615832672608,1.795321207396583,1.7953076206659653,1.7953076206659653,1.795321207396583,0.9888857079606213,0.9888810060021296,0.9888810060021296,0.9888857079606213,0.2746790634312835,0.2746836998001515,0.2746836998001515,0.2746790634312835,1.7645013362333697
350.0,90.144,42.053,6.1,3.156,4945.145,1.7241077746622893,1.7241022290996928,1.7241022290996928,1.7241077746622893,1.794351651112554,1.7943330371840345,1.7943330371840345,1.794351651112554,0.9869705052284304,0.9869640409269252,0.9869640409269252,0.9869705052284304,0.2745422217656076,0.2745490903748457,0.2745490903748457,0.2745422217656076,1.5496443087503204
350.0,90.237,80.7,4.34,5.956,327.697,1.7438364889673357,1.7438320740484057,1.7438320740484057,1.7438364889673357,1.8703032365573409,1.8702875150411469,1.8702875150411469,1.8703032365573409,1.0313421886809493,1.0313374312496233,1.0313374312496233,1.0313421886809493,0.2746597245980218,0.274663555696897,0.274663555696897,0.2746597245980218,23.41377387981431
350.0,90.95,56.751,5.558,3.806,4824.215,1.7233925073758811,1.7233861886908288,1.7233861886908288,1.7233925073758811,1.794844774379368,1.7948239559743369,1.7948239559743369,1.794844774379368,0.9888584194535838,0.9888546278052388,0.9888546278052388,0.9888584194535838,0.2747349028838462,0.2747395011097522,0.2747395011097522,0.2747349028838462,1.5892471584775885
350.0,91.071,94.732,4.622,6.31,3349.269,1.7227708640467756,1.722766347545818,1.722766347545818,1.7227708640467756,1.7977702020801676,1.7977549487018143,1.7977549487018143,1.7977702020801676,0.9932261386619976,0.9932234361285333,0.9932234361285333,0.9932261386619976,0.2750164588175114,0.2750190909579042,0.2750190909579042,0.2750164588175114,2.2919431246578195
350.0,91.223,19.818,3.15,6.441,3951.589,1.7248518356870743,1.7248464264979306,1.7248464264979306,1.7248518356870743,1.7956030579622486,1.7955844359140654,1.7955844359140654,1.7956030579622486,0.9869032872954264,0.986885505758342,0.986885505758342,0.9869032872954264,0.2744932221085448,0.2745099327652236,0.2745099327652236,0.2744932221085448,1.93786844102272
350.0,91.459,25.118,6.295,5.926,382.116,1.742005081722083,1.7419998782854411,1.7419998782854411,1.742005081722083,1.8581224432367685,1.8581040069277288,1.8581040069277288,1.8581224432367685,1.0217240791070403,1.0217051193086832,1.0217051193086832,1.0217240791070403,0.2744135125088448,0.2744302845708265,0.2744302845708265,0.2744135125088448,20.043122367887676
350.0,91.506,32.043,5.73,5.206,3497.675,1.724598130621524,1.7245916999310351,1.7245916999310351,1.724598130621524,1.7966927983777154,1.796672049706947,1.796672049706947,1.7966927983777154,0.98855528458706,0.9885436629746138,0.9885436629746138,0.98855528458706,0.2746116581894625,0.274623228289712,0.274623228289712,0.2746116581894625,2.19022625915433
350.0,91.548,80.136,2.614,5.968,370.141,1.7408246209450218,1.7408199255301473,1.7408199255301473,1.7408246209450218,1.861265556032544,1.861248752822383,1.861248752822383,1.861265556032544,1.0273525760454492,1.0273483869668714,1.0273483869668714,1.0273525760454492,0.2748295396190842,0.2748331010702785,0.2748331010702785,0.2748295396190842,20.728612972642303
350.0,91.635,71.326,5.255,5.362,3148.001,1.723493811507118,1.723488530560915,1.723488530560915,1.723493811507118,1.7980763763329712,1.7980585719169675,1.7980585719169675,1.7980763763329712,0.9921624267388256,0.992158632752658,0.992158632752658,0.9921624267388256,0.2749085242842764,0.2749124659699004,0.2749124659699004,0.2749085242842764,2.436622313993927
350.0,91.828,86.914,3.806,4.933,4607.795,1.7221783619195885,1.7221740195674635,1.7221740195674635,1.7221783619195885,1.7956842410541185,1.7956696428529275,1.7956696428529275,1.7956842410541185,0.9920801533222394,0.9920773780352647,0.9920773780352647,0.9920801533222394,0.2750467281126178,0.2750494878556911,0.2750494878556911,0.2750467281126178,1.665521524063324
350.0,91.957,25.537,5.951,4.072,3203.253,1.7248555301521853,1.7248482514071286,1.7248482514071286,1.7248555301518824,1.797390258994493,1.7973660406159615,1.7973660406159615,1.7973902585524226,0.98881409636576,0.9887983995179048,0.9887983995179048,0.98881409636576,0.27461105255655,0.2746262426561896,0.2746262426561896,0.27461105255655,2.391029014843296
350.0,91.976,68.058,4.818,3.184,1298.492,1.7268108085050822,1.726805205227959,1.726805205227959,1.7268108085050822,1.8099985643707583,1.809979369888376,1.809979369888376,1.8099985643707583,0.9987439621662144,0.9987404086794478,0.9987404086794478,0.9987439621662144,0.2748999840553983,0.2749038816127147,0.2749038816127147,0.2748999840553983,5.906573301614766
350.0,92.071,93.404,5.732,4.297,1616.389,1.7248351692315902,1.7248308936020889,1.7248308936020889,1.7248351692315902,1.8063859958913893,1.806371616197208,1.806371616197208,1.8063859958913893,0.9986058265553194,0.9986034149999256,0.9986034149999256,0.9986058265553194,0.2751017510596505,0.2751041664450135,0.2751041664450135,0.2751017510596505,4.74883827387077
350.0,92.182,32.703,4.813,5.574,1802.048,1.726324015208643,1.7263164736198218,1.7263164736198218,1.726324015208643,1.8039009215540207,1.8038751753437208,1.8038751753437208,1.8039009215540207,0.9930620596976196,0.9930537784560796,0.9930537784560796,0.9930620596976196,0.2746770371339777,0.2746862086730818,0.2746862086730818,0.2746770371339777,4.251183726821815
350.0,92.712,60.951,2.534,3.674,1652.478,1.7255890227106916,1.7255846845425669,1.7255846845425669,1.7255890227109425,1.8057236419856584,1.805708586818946,1.805708586818946,1.8057236424217809,0.9964312546890168,0.9964262945797095,0.9964262945797095,0.9964312546890168,0.2749374933401081,0.2749422760104262,0.2749422760104262,0.2749374933401081,4.640224030098064
350.0,92.762,48.378,3.543,6.267,4680.66,1.723108214756527,1.7231022898655517,1.7231022898655517,1.723108214756527,1.7952632195360925,1.795243041706892,1.795243041706892,1.7952632195360925,0.9898338989908256,0.989828988778636,0.989828988778636,0.9898338989908256,0.2748708891322239,0.2748764380700325,0.2748764380700325,0.2748708891322239,1.6375390544941726
350.0,92.776,16.056,3.324,5.106,4873.756,1.7241083348205646,1.7241008264766675,1.7241008264766675,1.7241083348205646,1.794619013936046,1.7945935464165177,1.7945935464165177,1.794619013936046,0.9872378627828436,0.9872035062182652,0.9872035062182652,0.9872378627828436,0.274630197038752,0.274660110808342,0.274660110808342,0.274630197038752,1.57100778881986
350.0,92.781,10.815,5.311,3.736,4547.082,1.7243919399791392,1.7243834008298924,1.7243834008298924,1.7243919399791392,1.7949514412936949,1.7949225825168154,1.7949225825168154,1.7949514412936949,0.9870697439437228,0.9869922630090844,0.9869922630090844,0.9870697439437228,0.2745765511292911,0.2746391952067671,0.2746391952067671,0.2745765511292911,1.6835855383965204
350.0,92.828,45.411,5.162,3.198,790.061,1.7309159542057282,1.730909457619643,1.730909457619643,1.7309159542057282,1.8229296837075977,1.822907415490176,1.822907415490176,1.8229296837075977,1.0048845866259692,1.0048803176725571,1.0048803176725571,1.0048845866259692,0.2748037365274383,0.2748090677023948,0.2748090677023948,0.2748037365274383,9.70044839168992
350.0,93.444,54.702,5.177,4.127,3305.894,1.723327829660833,1.7233229361142623,1.7233229361142623,1.723327829660833,1.7978343705787887,1.7978178528505175,1.7978178528505175,1.7978343705787887,0.9921844442221875,0.9921802912858873,0.9921802912858873,0.9921844442221875,0.2749871162239461,0.2749916531803493,0.2749916531803493,0.2749871162239461,2.3189875563359665
350.0,93.484,56.118,4.102,5.058,399.986,1.7394682102635228,1.7394617641524093,1.7394617641524093,1.7394682102635228,1.8559691478035345,1.8559464258111575,1.8559464258111575,1.8559691478035345,1.024208049589165,1.0242024711774642,1.0242024711774642,1.024208049589165,0.2748847600309246,0.2748904404445546,0.2748904404445546,0.2748847600309246,19.16693900758321
350.0,93.692,24.216,5.79,4.553,4592.087,1.7236297850242015,1.7236230694283472,1.7236230694283472,1.7236297850242015,1.7952577958041973,1.7952355328309475,1.7952355328309475,1.7952577958041973,0.988810113699734,0.9887964166989612,0.9887964166989612,0.988810113699734,0.274795209338382,0.2748088724002947,0.2748088724002947,0.274795209338382,1.6678106277748117
350.0,93.716,60.274,3.981,3.834,2642.707,1.7236116091557738,1.7236072555264017,1.7236072555264017,1.7236116091557738,1.7999623630846595,1.7999478299009233,1.7999478299009233,1.7999623630846595,0.9939460307986516,0.9939412373708258,0.9939412373708258,0.9939460307986516,0.2750533134640222,0.2750581013398552,0.2750581013398552,0.2750533134640222,2.901459594917032
350.0,93.773,28.453,2.786,4.2,957.556,1.729526654804346,1.7295196889633309,1.7295196889633309,1.729526654804346,1.81704842317026,1.8170249384496449,1.8170249384496449,1.81704842317026,1.0011683179301183,1.0011556317453605,1.0011556317453605,1.0011683179301183,0.2747937594985514,0.2748063401508475,0.2748063401508475,0.2747937594985514,7.999247208401765
350.0,94.05,45.13,4.215,6.033,3925.779,1.7230914968331816,1.7230866207603093,1.7230866207603093,1.7230914968331816,1.7965800997992718,1.7965636674354952,1.7965636674354952,1.7965800997992718,0.9912644611390122,0.991257067173658,0.991257067173658,0.9912644611390122,0.2749853357949913,0.2749925643976386,0.2749925643976386,0.2749853357949913,1.9522079934486056
350.0,94.411,88.501,2.935,4.795,4750.231,1.7212193352635912,1.721215769979402,1.721215769979402,1.7212193352635912,1.7960834747083705,1.7960714906272464,1.7960714906272464,1.7960834747083705,0.9943025852960142,0.9942997004753108,0.9942997004753108,0.9943025852960142,0.275341321890476,0.2753440185914647,0.2753440185914647,0.275341321890476,1.6156585763632263
350.0,94.48,21.987,2.904,5.485,867.7,1.7302974144017689,1.7302908432606117,1.7302908432606117,1.730297414401845,1.81995728911694,1.8199346934341003,1.8199346934341003,1.8199572891173812,1.0028396971369786,1.002817124046789,1.002817124046789,1.0028396971369786,0.2748157274530376,0.2748360390051592,0.2748360390051592,0.2748157274530376,8.825743073270726
350.0,94.685,71.5,3.082,5.442,1419.293,1.7253146356050677,1.7253103970145085,1.7253103970145085,1.7253146356050677,1.8089009148446584,1.8088870555940595,1.8088870555940595,1.8089009148446584,1.0003719552793224,1.0003684625419187,1.0003684625419187,1.0003719552793224,0.2752270800493602,0.2752306855946598,0.2752306855946598,0.2752270800493602,5.404430738245706
350.0,94.74,18.633,2.885,4.539,3146.768,1.7241947713901715,1.724188379827362,1.724188379827362,1.7241947713901715,1.7980159519416348,1.7979945492608698,1.7979945492608698,1.7980159519416348,0.9907163244488204,0.9906917602003324,0.9906917602003324,0.9907163244488204,0.2748602155423629,0.2748822866047274,0.2748822866047274,0.2748602155423629,2.433392292070976
350.0,94.741,54.096,3.021,5.78,3890.694,1.722580774524759,1.72257569195315,1.72257569195315,1.722580774524759,1.796900325722306,1.7968835355207295,1.7968835355207295,1.796900325722306,0.992579699125086,0.992575111603648,0.992575111603648,0.992579699125086,0.275126154445594,0.2751311433425953,0.2751311433425953,0.275126154445594,1.970384800789811
350.0,94.847,10.834,5.511,4.107,2067.925,1.725633890570304,1.7256271955899585,1.7256271955899585,1.725633890570304,1.8022927035800331,1.802269558755966,1.802269558755966,1.8022927035800331,0.9926268173421928,0.9925450873923644,0.9925450873923644,0.9926268173421928,0.2747867166550547,0.2748521068699693,0.2748521068699693,0.2747867166550547,3.701954215763053
350.0,95.013,91.365,4.194,4.565,3566.715,1.7214435010306528,1.721440035409063,1.721440035409063,1.7214435010306528,1.7981062317174907,1.7980943019486058,1.7980943019486058,1.7981062317174907,0.9960472048716554,0.9960438843949216,0.9960438843949216,0.9960472048716554,0.2754255009476904,0.2754284678930402,0.2754284678930402,0.2754255009476904,2.151966876498246
350.0,95.39,92.753,6.249,5.542,3461.045,1.7213364926336006,1.7213330857483895,1.7213330857483895,1.7213364926336006,1.798434579582501,1.7984233496246087,1.7984233496246087,1.798434579582501,0.996596475518076,0.9965938099029228,0.9965938099029228,0.996596475518076,0.2764474591256544,0.2764500200820292,0.2764500200820292,0.2764474591256544,2.2177678448325264
350.0,95.653,53.268,2.889,4.386,3693.189,1.7224068540759734,1.7224021150882112,1.7224021150882112,1.7224068540759734,1.7974498757065884,1.797434301156846,1.797434301156846,1.7974498757065884,0.9934881664031266,0.9934821713092532,0.9934821713092532,0.9934881664031266,0.2752190437546815,0.2752249979365908,0.2752249979365908,0.2752190437546815,2.0756984721319247
350.0,96.285,51.112,2.725,2.602,3472.422,1.722396361390635,1.7223919485971149,1.7223919485971149,1.722396361390635,1.7980169464434963,1.7980023847619826,1.7980023847619826,1.7980169464434963,0.9941052863210595,0.9940997577422996,0.9940997577422996,0.9941052863210595,0.2752723050339455,0.2752779612466607,0.2752779612466607,0.2752723050339455,2.207509094672151
350.0,96.578,73.481,5.986,4.147,1022.9,1.7266368742397538,1.7266330879738818,1.7266330879739402,1.7266368742397538,1.8165744497355791,1.8165613656131243,1.8165613651876389,1.8165744497355791,1.006106929584889,1.006102756937875,1.006102756937875,1.006106929584889,0.2754404797508133,0.2754443850677079,0.2754443850677079,0.2754404797508133,7.499189328246023
350.0,96.683,75.23,2.852,3.562,3277.607,1.721597548080143,1.7215935874046224,1.7215935874046224,1.721597548080143,1.7988889352408173,1.7988757592019726,1.7988757592019726,1.7988889352408173,0.9965670465812176,0.9965630863202406,0.9965630863202406,0.9965670465812176,0.2764615172218312,0.2764653834386685,0.2764653834386685,0.2764615172218312,2.340551962751817
350.0,96.683,86.599,3.846,2.822,2627.275,1.721782855547744,1.7217792193069468,1.7217792193069468,1.721782855547744,1.801046899595123,1.8010346789775422,1.8010346789775422,1.801046899595123,0.99854743248815,0.998544428358234,0.998544428358234,0.99854743248815,0.2765436517106432,0.2765465181253552,0.2765465181253552,0.2765436517106432,2.920987651432067
350.0,97.02,43.905,2.618,4.431,2602.438,1.723097019269254,1.7230930596960008,1.7230930596960008,1.723097019269254,1.800612633092734,1.8005995272402753,1.8005995272402753,1.800612633092734,0.9955635139282888,0.9955577894520988,0.9955577894520988,0.9955635139282888,0.2752970012346173,0.275302981475611,0.275302981475611,0.2752970012346173,2.9447732027485727
350.0,97.385,50.642,5.331,5.964,1292.168,1.725616292330358,1.725612376469725,1.725612376469725,1.725616292330358,1.811044839185622,1.8110312982282728,1.8110312982282728,1.811044839185622,1.002051010680728,1.0020456602754135,1.0020456602754135,1.002051010680728,0.2753710804375529,0.2753764962103873,0.2753764962103873,0.2753710804375529,5.932071166241087
350.0,97.437,47.883,6.241,4.371,4405.437,1.7216738433893348,1.7216695191855829,1.7216695191855829,1.7216738433893348,1.796625199850607,1.7966104765209976,1.7966104765209976,1.796625199850607,0.9939460509400015,0.993938250012747,0.993938250012747,0.9939460509400015,0.2753770486834783,0.2753844036625157,0.2753844036625157,0.2753770486834783,1.7398019659637856
350.0,97.52,31.407,5.135,5.442,2121.34,1.723978939303574,1.7239747622455186,1.7239747622455186,1.723978939303574,1.802832334600428,1.8028184588216023,1.8028184588216023,1.802832334600428,0.9962794143676114,0.996268900840296,0.996268900840296,0.9962794143676114,0.2752561229893681,0.275266317338476,0.275266317338476,0.2752561229893681,3.6111427876014752
350.0,97.632,82.415,5.582,2.92,792.09,1.7280963286408808,1.7280927795522554,1.7280927795522554,1.7280963286408808,1.824483184233556,1.8244713190290096,1.8244713190290096,1.824483184233556,1.0118562734121077,1.0118530219601962,1.0118530219601962,1.0118562734121077,0.2756132327161396,0.2756162767923492,0.2756162767923492,0.2756132327161396,9.68717578595214
350.0,97.896,65.15,5.486,3.102,3134.248,1.7216309658052245,1.7216271094049342,1.7216271094049342,1.7216309658052245,1.7993908971607724,1.7993773644803814,1.7993773644803814,1.7993908971607724,0.9970117154293052,0.9970075015083618,0.9970075015083618,0.9970117154293052,0.2765215288594596,0.2765256867791792,0.2765256867791792,0.2765215288594596,2.446800630228072
350.0,97.926,40.835,3.739,4.225,4053.354,1.7218831740429317,1.7218790896251812,1.7218790896251812,1.7218831740429317,1.797137892123705,1.797123896605053,1.797123896605053,1.797137892123705,0.994100406365272,0.994092207817201,0.994092207817201,0.994100406365272,0.275378620179607,0.2753865576376861,0.2753865576376861,0.275378620179607,1.8904898503511216
350.0,98.095,65.286,3.128,5.503,1628.212,1.7237238735376672,1.7237202566953786,1.7237202566953786,1.7237238735376672,1.8071940313670656,1.807181774754949,1.807181774754949,1.8071940313670656,1.0014849204177791,1.0014804196840594,1.0014804196840594,1.0014849204177791,0.2755633782966519,0.2755677635957302,0.2755677635957302,0.2755633782966519,4.710007669017213
350.0,98.211,87.101,4.182,5.886,787.926,1.7278019442028378,1.7277981207823123,1.7277981207823123,1.7278019442028378,1.8248664615470047,1.8248530737360964,1.8248530737360964,1.8248664615470047,1.012820910569583,1.0128172866338008,1.0128172866338008,1.012820910569583,0.2757127412966344,0.2757160325484402,0.2757160325484402,0.2757127412966344,9.739842805190275
350.0,98.719,89.198,4.45,3.568,3795.543,1.7201615244784356,1.7201579827853384,1.7201579827853384,1.7201615244784356,1.7984524284079595,1.7984406098097188,1.7984406098097188,1.7984524284079595,0.9987848585471648,0.9987812864044046,0.9987812864044046,0.9987848585471648,0.2767888242907512,0.2767920623360204,0.2767920623360204,0.2767888242907512,2.0220751808379887
350.0,98.777,58.636,5.764,4.76,714.781,1.7294978770034763,1.7294941186721495,1.7294941186721495,1.7294978770034763,1.8280036617885755,1.8279906715985856,1.8279906715985856,1.8280036617885755,1.012960777383643,1.0129555889933357,1.0129555889933357,1.012960777383643,0.2755604508467833,0.2755654348272302,0.2755654348272302,0.2755604508467833,10.726586001048055
350.0,98.78,72.505,2.97,2.706,1831.491,1.7227601394036574,1.7227565986024214,1.7227565986024214,1.7227601394036574,1.8056578267406,1.8056460521532425,1.8056460521532425,1.8056578267406,1.0016401096021084,1.0016359009333275,1.0016359009333275,1.0016401096021084,0.2766697250651381,0.2766737118757873,0.2766737118757873,0.2766697250651381,4.188219904989541
350.0,98.812,11.558,4.081,5.759,348.427,1.741891076583291,1.7418855436248708,1.7418855436248708,1.741891076583291,1.86639104851526,1.8663712463234745,1.8663712463234745,1.86639104851526,1.0307489093083269,1.0306750162786908,1.0306750162786908,1.0307489093083269,0.2751172274483574,0.2751765116947135,0.2751765116947135,0.2751172274483574,21.971093296804465
350.0,99.099,61.814,3.396,6.067,3196.918,1.7212900557007291,1.7212864313771996,1.7212864313771996,1.7212900557007291,1.799430242421124,1.7994180248984752,1.7994180248984752,1.799430242421124,0.997687313673226,0.9976826401167846,0.9976826401167846,0.997687313673226,0.2766296374585465,0.2766341737927632,0.2766341737927632,0.2766296374585465,2.398571951871165
350.0,99.761,91.298,2.68,6.353,2923.799,1.7203241491744767,1.7203205564743285,1.7203205564743285,1.7203241491744767,1.8007877792313518,1.8007756816137588,1.8007756816137588,1.8007877792313518,1.0009846044289372,1.0009813790368158,1.0009813790368158,1.0009846044289372,0.2769191390901431,0.2769220932939187,0.2769220932939187,0.2769191390901431,2.625139494631477
400.0,10.335,91.595,5.926,6.21,1002.294,1.6425868028006323,1.6425270536135728,1.6425270536135728,1.6425868028006323,2.606619007998104,2.606355462488368,2.606355462488368,2.606619007998104,1.672620894762748,1.6725209598718198,1.6725209598718198,1.672620894762748,0.4346819386306458,0.4346902778310731,0.4346902778310731,0.4346819386306458,10.002821300901802
400.0,10.344,56.913,5.521,4.863,1933.618,1.6385051246493088,1.6384444375659533,1.6384444375659533,1.6385051246493088,2.586043255317068,2.5857751900024386,2.5857751900024386,2.586043255317068,1.6644549904017971,1.6643582375560533,1.6643582375560533,1.6644549904017971,0.4339219699477475,0.4339309406593471,0.4339309406593471,0.4339219699477475,5.179157693359234
400.0,10.447,88.961,4.698,5.209,3556.6,1.6352550996725566,1.6351953437836213,1.6351953437836213,1.6352550996725566,2.5799364925980095,2.5796761845279854,2.5796761845279854,2.5799364925980095,1.666252041078484,1.6661557965863365,1.6661557965863365,1.666252041078484,0.4345020985590742,0.4345098746823987,0.4345098746823987,0.4345020985590742,2.81869559041718
400.0,10.58,90.051,2.83,3.549,2306.382,1.6367547589759937,1.6366943563362608,1.6366943563362608,1.6367547589759937,2.5858236447674523,2.5855580189834235,2.5855580189834235,2.5858236447674523,1.6677614958532672,1.667664732804607,1.667664732804607,1.6677614958532672,0.4345943576207234,0.4346018348342157,0.4346018348342157,0.4345943576207234,4.346771248781084
400.0,10.63,43.667,4.76,6.118,667.842,1.6488285362607713,1.6487674634899787,1.6487674634899787,1.6488285362607713,2.6217178718769985,2.6214429381706617,2.6214429381706617,2.6217178718769985,1.671456949020785,1.6713536354698304,1.6713536354698304,1.671456949020785,0.4339591623918683,0.4339723588401263,0.4339723588401263,0.4339591623918683,14.988736032231529
400.0,10.677,48.043,6.088,5.004,4969.107,1.6353936570739658,1.6353347632934976,1.6353347632934976,1.6353936570739658,2.5740177036212524,2.5737620170012057,2.5737620170012057,2.5740177036212524,1.6609205823119635,1.6608243823871611,1.6608243823871611,1.6609205823119635,0.433773302491159,0.4337841600834414,0.4337841600834414,0.433773302491159,2.01477724884711
400.0,10.884,27.731,3.676,3.092,2678.116,1.6376072805276565,1.6375475373356856,1.6375475373356856,1.6376072805276565,2.57902871967584,2.578766651097472,2.578766651097472,2.57902871967584,1.6601436445074629,1.6600423568430778,1.6600423568430778,1.6601436445074629,0.433482911506027,0.4335019317196619,0.4335019317196619,0.433482911506027,3.7358384230522974
400.0,10.907,59.579,4.141,5.327,373.494,1.6605667118062923,1.6605038930549267,1.6605038930549267,1.6605667118062923,2.6674089515068227,2.6671176542175767,2.6671176542175767,2.6674089515068227,1.6836124023155814,1.6835045113552047,1.6835045113552047,1.6836124023155814,0.4345733706357032,0.4345836006614946,0.4345836006614946,0.4345733706357032,26.81487553621671
400.0,10.983,39.915,3.73,5.397,4691.886,1.635631553230573,1.635572765243516,1.635572765243516,1.635631553230573,2.574161812533404,2.5739067270325404,2.5739067270325404,2.574161812533404,1.6602556774968895,1.6601580259106452,1.6601580259106452,1.6602556774968895,0.4337053551259431,0.4337188775077736,0.4337188775077736,0.4337053551259431,2.133255428587191
400.0,11.005,66.951,5.161,4.086,4736.076,1.6349266800537714,1.6348683395933137,1.6348683395933137,1.6349266800537714,2.576229881849625,2.5759783003653043,2.5759783003653043,2.576229881849625,1.6634100031539654,1.6633138751820138,1.6633138751820138,1.6634100031539654,0.4342221471045849,0.4342313673234737,0.4342313673234737,0.4342221471045849,2.1152104174831363
400.0,11.082,93.452,4.492,5.116,3025.504,1.6354686397739004,1.6354094124964085,1.6354094124964085,1.6354686397739004,2.582830421291942,2.5825730668590063,2.5825730668590063,2.582830421291942,1.6675800259383562,1.6674833513652507,1.6674833513652507,1.6675800259383562,0.4347725862519846,0.4347802617689503,0.4347802617689503,0.4347725862519846,3.3139688152535003
400.0,11.103,84.398,6.276,4.7,1752.635,1.6381538281189458,1.6380930462211558,1.6380930462211558,1.6381538281189458,2.591046158043953,2.5907779542780647,2.5907779542780647,2.591046158043953,1.6685825878551823,1.6684854197667975,1.6684854197667975,1.6685825878551823,0.4346622794931331,0.4346695248442871,0.4346695248442871,0.4346622794931331,5.719074444296727
400.0,11.232,31.551,3.856,4.401,996.483,1.6438761717998795,1.6438148938068604,1.6438148938068604,1.6438761717998795,2.603075150938309,2.60280146604533,2.60280146604533,2.603075150938309,1.6661768594736963,1.666074067031638,1.666074067031638,1.6661768594736963,0.4337904183192539,0.4338068944827007,0.4338068944827007,0.4337904183192539,10.041517125508406
400.0,11.302,97.654,3.625,4.431,1506.52,1.638727501343907,1.6386671298548263,1.6386671298548263,1.638727501343907,2.5957848921521243,2.5955194493551974,2.5955194493551974,2.5957848921521243,1.6710557993553208,1.6709575657659703,1.6709575657659703,1.6710557993553208,0.4349898070012626,0.4349972145014037,0.4349972145014037,0.4349898070012626,6.6562428974295145
400.0,11.473,70.35,3.06,3.838,1815.192,1.6381941558001334,1.638135101006577,1.638135101006577,1.6381941558001334,2.5896146038839283,2.5893572451081894,2.5893572451081894,2.5896146038839283,1.666990272343678,1.6668920688612987,1.6668920688612987,1.666990272343678,0.4344924848310733,0.434502244560591,0.434502244560591,0.4344924848310733,5.519455327422481
400.0,11.674,60.705,2.958,5.157,3529.869,1.6356316703085625,1.6355722832887414,1.6355722832887414,1.6356316703085625,2.579159541928445,2.578900880473276,2.578900880473276,2.579159541928445,1.6636933172931454,1.6635971569736177,1.6635971569736177,1.6636933172931454,0.4343038530622907,0.4343128440862104,0.4343128440862104,0.4343038530622907,2.8374276204148363
400.0,11.721,16.333,4.989,4.035,2454.492,1.6380021476887785,1.6379411829795405,1.6379411829795405,1.6380021476887785,2.5803288337245585,2.5800596463153487,2.5800596463153487,2.5803288337245585,1.6597529847804582,1.659640776855538,1.659640776855538,1.6597529847804582,0.4334962112546978,0.4335321350473682,0.4335321350473682,0.4334962112546978,4.074686053639631
400.0,11.798,88.784,5.689,5.571,1500.165,1.6388346774621392,1.6387745603155284,1.6387745603155284,1.6388346774621392,2.5957427912938646,2.5954788917778315,2.5954788917778315,2.5957427912938646,1.6703363628522143,1.6702383940124472,1.6702383940124472,1.6703363628522143,0.4349590326282906,0.4349662901821343,0.4349662901821343,0.4349590326282906,6.682507139594918
400.0,11.838,19.513,4.359,6.421,2814.004,1.6373558555859795,1.6372947363798132,1.6372947363798132,1.6373558555859795,2.5787822555276065,2.578512463143058,2.578512463143058,2.5787822555276065,1.659598891630125,1.65949114149127,1.65949114149127,1.659598891630125,0.433579238705775,0.4336085874527291,0.4336085874527291,0.433579238705775,3.5544806986014104
400.0,12.04,47.582,2.961,5.483,3125.689,1.6362308424942429,1.636170823758881,1.636170823758554,1.6362308424942429,2.579893842788107,2.579631254947396,2.5796312549443687,2.579893842788107,1.6626896616686824,1.6625922650869838,1.6625922650869838,1.6626896616686824,0.4341635211266879,0.434174977754152,0.434174977754152,0.4341635211266879,3.202963026600734
400.0,12.243,95.655,3.65,5.082,3810.864,1.634384648821404,1.6343250348744496,1.6343250348744496,1.634384648821404,2.581782535624538,2.581523823024288,2.581523823024288,2.581782535624538,1.6679507393339406,1.6678540314918169,1.6678540314918169,1.6679507393339406,0.4351167894840227,0.435124442458207,0.435124442458207,0.4351167894840227,2.63119722350536
400.0,12.455,59.363,3.578,5.32,1270.373,1.6406150860825122,1.6405561284353134,1.6405561284353134,1.6406150860825122,2.598617601707184,2.5983599650675884,2.5983599650675884,2.598617601707184,1.6683111249323,1.6682116055676346,1.6682116055676346,1.6683111249323,0.4346078281616091,0.4346183424982851,0.4346183424982851,0.4346078281616091,7.88371162851434
400.0,12.51,36.335,4.997,5.569,2517.312,1.6371697131006726,1.637110401717769,1.637110401717769,1.6371697131006726,2.582395146931327,2.5821366150677294,2.5821366150677294,2.582395146931327,1.6623156178034466,1.6622163007163262,1.6622163007163262,1.6623156178034466,0.4340962972907301,0.4341108219493444,0.4341108219493444,0.4340962972907301,3.9755853745610854
400.0,12.891,78.441,4.651,2.583,2178.778,1.6366462119596092,1.6365867961406928,1.6365867961406928,1.6366462119596092,2.5884392758859445,2.588180864971319,2.588180864971319,2.5884392758859445,1.6680006722246354,1.667902562487563,1.667902562487563,1.6680006722246354,0.4350142281336895,0.4350234582480424,0.4350234582480424,0.4350142281336895,4.5995948251649565
400.0,13.314,83.601,6.102,3.563,2280.643,1.636187856775326,1.6361278120815383,1.6361278120815383,1.636187856775326,2.588567299293784,2.5883051118709632,2.5883051118709632,2.588567299293784,1.668684119467532,1.668586625154194,1.668586625154194,1.668684119467532,0.4352244305462425,0.4352324185162695,0.4352324185162695,0.4352244305462425,4.394890190076153
400.0,13.348,85.558,6.029,5.358,1725.729,1.6375792875862685,1.637518899756774,1.637518899756774,1.6375792875862685,2.594000471594124,2.593736116475592,2.593736116475592,2.594000471594124,1.6701425475201344,1.6700439483944116,1.6700439483944116,1.6701425475201344,0.4353043726267127,0.4353128737407427,0.4353128737407427,0.4353043726267127,5.8084448037727165
400.0,13.557,78.682,6.433,2.95,1907.189,1.6371226056705166,1.6370632563702745,1.6370632563702745,1.6371226056705166,2.5916365906750407,2.591378810221372,2.591378810221372,2.5916365906750407,1.6689879484958272,1.6688894740135325,1.6688894740135325,1.6689879484958272,0.435217885931483,0.4352269463213759,0.4352269463213759,0.435217885931483,5.254624533194213
400.0,13.587,74.065,2.903,5.731,1295.384,1.6397753015994871,1.639715276469892,1.639715276469892,1.6397753015994871,2.600508844828838,2.6002457320213854,2.6002457320213854,2.600508844828838,1.6705854306937842,1.6704857468308307,1.6704857468308307,1.6705854306937842,0.4351965476724236,0.4352060471341414,0.4352060471341414,0.4351965476724236,7.735184581292091
400.0,14.064,32.749,5.102,6.477,1274.851,1.6407897468711747,1.6407277905327733,1.6407277905327733,1.6407897468711747,2.598221837085664,2.5979459438189942,2.5979459438189942,2.598221837085664,1.666133012197726,1.6660315097211789,1.6660315097211789,1.666133012197726,0.4345440954314484,0.4345589566317323,0.4345589566317323,0.4345440954314484,7.849209589998125
400.0,14.12,52.703,6.26,2.833,3253.407,1.635379389432738,1.6353197309855552,1.6353197309855552,1.6353793894331188,2.5821573556061734,2.581898502851781,2.581898502851781,2.5821573556084134,1.6644203813990588,1.6643228302919322,1.6643228302919322,1.6644203813990588,0.4348272570169597,0.4348378385115302,0.4348378385115302,0.4348272570169597,3.077729891868704
400.0,14.17,78.038,5.958,6.072,4013.429,1.6341375241042568,1.634077844844236,1.634077844844236,1.6341375241042568,2.5820624016863336,2.581803753022944,2.581803753022944,2.5820624016863336,1.666923263704704,1.6668264713297565,1.6668264713297565,1.666923263704704,0.435308662272527,0.4353168695028384,0.4353168695028384,0.435308662272527,2.496958659852483
400.0,14.189,72.75,2.701,3.549,3938.639,1.6343121098518805,1.6342521892609188,1.6342521892609188,1.6343121098518805,2.5818407209545846,2.581580193605741,2.581580193605741,2.5818407209545846,1.6663545789027585,1.6662576317756674,1.6662576317756674,1.6663545789027585,0.4352143716991989,0.4352231366911851,0.4352231366911851,0.4352143716991989,2.5439356140950267
400.0,14.32,46.903,6.187,4.784,3428.375,1.6353053601157748,1.635246610066171,1.635246610066171,1.6353053601157748,2.5813386685155297,2.581085020178844,2.581085020178844,2.5813386685155297,1.6637265578219993,1.6636279286125557,1.6636279286125557,1.6637265578219993,0.4347673536624238,0.4347801875620583,0.4347801875620583,0.4347673536624238,2.9201051828592384
400.0,14.409,15.963,4.514,5.373,1454.395,1.6401132573810038,1.640052267972354,1.640052267972354,1.6401132573810038,2.593681341840469,2.593412019103975,2.593412019103975,2.593681341840469,1.6637265481126633,1.663610203244346,1.663610203244346,1.6637265481126633,0.434287053132219,0.4343264703832227,0.4343264703832227,0.434287053132219,6.876470513937457
400.0,14.461,20.751,5.667,4.718,1534.046,1.639612832906908,1.6395523564204613,1.6395523564204613,1.639612832906908,2.5927917542175374,2.5925256260952936,2.5925256260952936,2.5927917542175374,1.66383390387784,1.663726591568601,1.663726591568601,1.66383390387784,0.4343902918417501,0.4344156437236023,0.4344156437236023,0.4343902918417501,6.520450409095188
400.0,14.521,58.971,5.58,2.521,694.715,1.646762034587703,1.6466999790403694,1.6466999790403694,1.646762034587703,2.6252302729594943,2.624951079391824,2.624951079391824,2.6252302729594943,1.6750997732026645,1.6749970350442909,1.6749970350442909,1.6750997732026645,0.4353203527486799,0.435330468538934,0.435330468538934,0.4353203527486799,14.416040769114517
400.0,14.719,57.817,3.493,3.008,3261.515,1.6350729725512878,1.6350137180291089,1.6350137180291089,1.6350729725512878,2.583205810131124,2.582949375396197,2.582949375396197,2.583205810131124,1.6653711523730288,1.6652731546838158,1.6652731546838158,1.6653711523730288,0.4350884132492823,0.4350992365764667,0.4350992365764667,0.4350884132492823,3.0705875616823928
400.0,15.154,68.007,5.686,4.354,4336.959,1.6339155392278104,1.6338563676830289,1.6338563676830289,1.6339155392278104,2.581681378535271,2.5814260529760285,2.5814260529760285,2.581681378535271,1.666174970758992,1.666077563340467,1.666077563340467,1.666174970758992,0.4353831294392587,0.435392711116183,0.435392711116183,0.4353831294392587,2.3099332446554524
400.0,15.155,73.218,2.666,5.173,3479.32,1.6343692266946803,1.6343100613093573,1.6343100613093573,1.6343692266946803,2.584206919272416,2.583951554212596,2.583951554212596,2.584206919272416,1.6672748892149751,1.6671771194183254,1.6671771194183254,1.6672748892149751,0.4354968124563696,0.4355062493393135,0.4355062493393135,0.4354968124563696,2.8798098685303235
400.0,15.173,35.011,4.86,3.87,1729.696,1.6382976398366005,1.6382388686823188,1.6382388686823188,1.6382976398366005,2.591981290261268,2.5917265932911486,2.5917265932911486,2.591981290261268,1.6652946194648357,1.6651929897233937,1.6651929897233937,1.6652946194648357,0.4348433389819044,0.4348592598239065,0.4348592598239065,0.4348433389819044,5.785588291277232
400.0,15.458,14.52,4.256,3.757,1039.986,1.6426635940865584,1.6426048220210332,1.6426048220210332,1.642663594086474,2.604916746207568,2.604660282557248,2.604660282557248,2.6049167238134983,1.666606480081952,1.66647854543223,1.66647854543223,1.666606480081952,0.4346037323294461,0.4346591128473179,0.4346591128473179,0.4346037323294461,9.616094272123988
400.0,15.496,17.129,4.328,6.24,1127.216,1.6418246844220388,1.641763039869239,1.641763039869239,1.6418246844220388,2.6024109339511234,2.6021372379222045,2.6021372379222045,2.6024109339511234,1.6661695132220546,1.6660536553782266,1.6660536553782266,1.6661695132220546,0.4346558856515827,0.4346925726177908,0.4346925726177908,0.4346558856515827,8.87270224452743
400.0,15.737,25.678,5.353,4.219,3415.169,1.6354416370100613,1.6353821346367383,1.6353821346367383,1.6354416370100613,2.5812937439754937,2.5810359207540987,2.5810359207540987,2.5812937439754937,1.6620971048958983,1.661993430881212,1.661993430881212,1.6620971048958983,0.4347500345432067,0.4347715158316158,0.4347715158316158,0.4347500345432067,2.929367861915904
400.0,16.08,76.455,6.487,5.381,2027.405,1.6361426722816483,1.636082433410261,1.636082433410261,1.6361426722816483,2.593162203719514,2.5928998174915496,2.5928998174915496,2.593162203719514,1.6699748369553329,1.6698760440821123,1.6698760440821123,1.6699748369553329,0.4358646897604324,0.4358737639778634,0.4358737639778634,0.4358646897604324,4.942675544101329
400.0,16.217,26.893,2.533,3.744,3064.565,1.6356176121606372,1.635557730330936,1.635557730330936,1.6356176121606372,2.5831708674332345,2.582910603057881,2.582910603057881,2.5831708674332345,1.6628111440314297,1.662708441086134,1.662708441086134,1.6628111440314297,0.4349138004247034,0.4349332976825347,0.4349332976825347,0.4349138004247034,3.2646310321101524
400.0,16.252,79.575,5.675,6.202,867.973,1.6428083847647266,1.642746662265684,1.642746662265684,1.6428083847647266,2.6181605390648555,2.6178864480291293,2.6178864480291293,2.6181605390648555,1.6761037454607737,1.6760020022645787,1.6760020022645787,1.6761037454607737,0.4361317515365725,0.4361403652714401,0.4361403652714401,0.4361317515365725,11.546173983753876
400.0,16.921,10.597,3.206,2.927,2054.081,1.6374704417243542,1.6374078825495435,1.6374078825495435,1.6374704417243542,2.5886336746950147,2.5883566813536234,2.5883566813536234,2.5886336746950147,1.663143802171333,1.6629933821863332,1.6629933821863332,1.663143802171333,0.4348006581195741,0.4348942990865612,0.4348942990865612,0.4348006581195741,4.868039586643256
400.0,16.937,96.708,3.969,4.66,1477.575,1.6372933364057545,1.637233390391015,1.637233390391015,1.6372933364057545,2.6025990832423544,2.6023383186623006,2.6023383186623006,2.6025990832423544,1.6744534645997955,1.6743534281740435,1.6743534281740435,1.6744534645997955,0.4365356382596424,0.4365438556990796,0.4365438556990796,0.4365356382596424,6.786375311618207
400.0,17.141,91.443,4.548,5.667,730.611,1.64451029216343,1.6444481877361798,1.6444481877361798,1.64451029216343,2.6282471418098416,2.627969643250766,2.627969643250766,2.6282471418098416,1.6799081611318372,1.6798053303985656,1.6798053303985656,1.6799081611318372,0.4366605258568718,0.4366682567172791,0.4366682567172791,0.4366605258568718,13.722211540380352
400.0,17.276,92.18,2.734,2.923,2385.801,1.634655074975878,1.634594626790072,1.634594626790072,1.634655074975878,2.5930265325926056,2.59276373335266,2.59276373335266,2.5930265325926056,1.6719098179361789,1.6718115611050473,1.6718115611050473,1.6719098179361789,0.4364783890527634,0.4364857868085434,0.4364857868085434,0.4364783890527634,4.20232959335296
400.0,17.314,20.942,2.815,5.316,4612.37,1.6343299552125723,1.634269078637904,1.634269078637904,1.6343299552125723,2.579873406349127,2.5796083181325598,2.5796083181325598,2.579873406349127,1.6618318407181312,1.661723722138047,1.661723722138047,1.6618318407181312,0.4350703438659425,0.4350989042166322,0.4350989042166322,0.4350703438659425,2.1686747661106645
400.0,17.326,50.227,5.401,4.299,2096.604,1.6362699152596467,1.636208527692983,1.636208527692983,1.6362699152596467,2.5918743270070053,2.5916046345693515,2.5916046345693515,2.5918743270070053,1.667499039072206,1.6674002631151508,1.6674002631151508,1.667499039072206,0.4357041153246653,0.435714524713039,0.435714524713039,0.4357041153246653,4.77545793815089
400.0,17.569,27.934,2.604,5.767,1113.426,1.6410819987733574,1.6410214788817006,1.6410214788817006,1.6410819987733574,2.6060290257315706,2.605762599779452,2.605762599779452,2.6060290257315706,1.668643260917748,1.6685368395643765,1.6685368395643765,1.668643260917748,0.4354447348480421,0.4354655120747956,0.4354655120747956,0.4354447348480421,8.985728093231211
400.0,17.597,70.94,3.896,2.668,387.901,1.657418968373802,1.6573558243356377,1.6573558243356377,1.657418968373802,2.672445070977053,2.672154838563473,2.672154838563473,2.672445070977053,1.6881909921347842,1.6880816577279487,1.6880816577279487,1.6881909921347842,0.4366672861722077,0.4366772668913604,0.4366772668913604,0.4366672861722077,25.828242549422196
400.0,17.616,48.832,3.09,4.892,4261.303,1.6337324692656867,1.6336718438243791,1.6336718438243791,1.6337324692656867,2.583088449362231,2.582824801143341,2.582824801143341,2.583088449362231,1.6654314959428558,1.6653333837994797,1.6653333837994797,1.6654314959428558,0.4356964195712181,0.4357074366011102,0.4357074366011102,0.4356964195712181,2.349470753636824
400.0,17.645,98.443,5.1,2.873,4870.573,1.63219541743394,1.63213604851856,1.63213604851856,1.63219541743394,2.5859908025584564,2.5857365126372054,2.5857365126372054,2.5859908025584564,1.6710352035866414,1.670936768260788,1.670936768260788,1.6710352035866414,0.4366451059569013,0.4366537506096565,0.4366537506096565,0.4366451059569013,2.0588904186742174
400.0,17.685,54.781,5.873,4.0,3551.125,1.6340468633106873,1.6339873547787749,1.6339873547787749,1.6340468633106873,2.5853790911444294,2.585122067775569,2.585122067775569,2.5853790911444294,1.666573509089761,1.6664753838438575,1.6664753838438575,1.666573509089761,0.4358407999420585,0.4358511578279505,0.4358511578279505,0.4358407999420585,2.8198783160426744
400.0,17.755,76.785,2.583,6.479,4669.907,1.6327895819249922,1.632729701055286,1.632729701055286,1.6327895819249922,2.5847097798766563,2.584451482593402,2.584451482593402,2.5847097798766563,1.6686245740066197,1.6685266278071724,1.6685266278071724,1.6686245740066197,0.4362632302869028,0.4362723317322975,0.4362723317322975,0.4362632302869028,2.145848980705824
400.0,17.929,62.713,4.233,3.004,938.149,1.6418577503635012,1.6417969523182854,1.6417969523182854,1.6418577503635012,2.615500940249794,2.615233046848713,2.615233046848713,2.615500940249794,1.6743908218176713,1.6742882501012883,1.6742882501012883,1.6743908218176713,0.4362550083413899,0.4362661022823731,0.4362661022823731,0.4362550083413899,10.676606107859008
400.0,18.107,30.606,3.732,4.528,922.838,1.642775154481026,1.6427132908485107,1.6427132908485107,1.642775154481026,2.613770535041983,2.6134955012658447,2.6134955012658447,2.613770535041983,1.6708723557140108,1.6707665708427013,1.6707665708427013,1.6708723557140108,0.4356909798875459,0.4357090390955455,0.4357090390955455,0.4356909798875459,10.84241639439456
400.0,18.13,71.36,2.856,4.677,2791.293,1.634298794914752,1.6342387428758989,1.6342387428758989,1.634298794914752,2.590060438216218,2.589800503126455,2.589800503126455,2.590060438216218,1.6694488151101947,1.6693499369391067,1.6693499369391067,1.6694488151101947,0.43630015090552,0.4363099127768038,0.4363099127768038,0.43630015090552,3.5894223316610065
400.0,18.405,84.931,5.666,2.844,992.747,1.6405783982334488,1.6405176919754467,1.6405176919754467,1.6405783982334488,2.615663859524339,2.615397343985276,2.615397343985276,2.615663859524339,1.6767955158020411,1.6766933596537483,1.6766933596537483,1.6767955158020411,0.4368008991617509,0.4368101792735073,0.4368101792735073,0.4368008991617509,10.096721161335283
400.0,18.438,22.47,2.513,4.82,4490.364,1.634029945120458,1.633969915605886,1.633969915605886,1.634029945120458,2.581474095035723,2.581214171021052,2.581214171021052,2.581474095035723,1.662730010228544,1.6626239748586873,1.6626239748586873,1.662730010228544,0.4354115425014344,0.4354363491369737,0.4354363491369737,0.4354115425014344,2.2277066703894746
400.0,18.66,10.598,5.54,5.112,3433.616,1.634967204713088,1.634903571917792,1.634903571917792,1.634967204713088,2.5833352486432735,2.583052959975134,2.583052959975134,2.5833352486432735,1.6625029446629551,1.6623553451091493,1.6623553451091493,1.6625029446629551,0.4352319715400738,0.4353217983875536,0.4353217983875536,0.4352319715400738,2.912189102017606
400.0,19.003,29.752,3.555,6.054,1471.486,1.6383821845476303,1.6383212656785284,1.6383212656785284,1.6383821845476303,2.599672517588174,2.599405757403936,2.599405757403936,2.599672517588174,1.6678400452373767,1.6677356112647692,1.6677356112647692,1.6678400452373767,0.4358242859470016,0.4358428039863215,0.4358428039863215,0.4358242859470016,6.7996159011404975
400.0,19.343,97.86,4.91,5.249,3051.727,1.6329899715559306,1.6329291598083198,1.6329291598083198,1.6329899715558482,2.5924398994362194,2.5921761921714728,2.5921761921714728,2.592439877004428,1.6730421958979678,1.6729434827086007,1.6729434827086007,1.6730421958979678,0.4371376095829228,0.4371453282470269,0.4371453282470269,0.4371376095829228,3.2859272478635355
400.0,19.365,19.19,4.977,3.637,2776.449,1.63525765535316,1.6351971950768187,1.6351971950768187,1.63525765535316,2.5873619742351623,2.587099383273539,2.587099383273539,2.5873619742351623,1.6641061498448853,1.66399447298897,1.66399447298897,1.6641061498448853,0.4356355125176779,0.4356678453812265,0.4356678453812265,0.4356355125176779,3.60248750604321
400.0,19.558,21.551,2.61,5.347,2086.923,1.6363664816186747,1.636305642645032,1.636305642645032,1.6363664816186747,2.592192042076108,2.5919265534028204,2.5919265534028204,2.592192042076108,1.6654912428796014,1.6653817753128437,1.6653817753128437,1.6654912428796014,0.4357662528183087,0.435794328892248,0.435794328892248,0.4357662528183087,4.793121886794976
400.0,20.251,60.544,4.866,2.889,900.676,1.641717112225884,1.6416551196930156,1.6416551196930156,1.641717112225884,2.619656821493063,2.6193821968627624,2.6193821968627624,2.619656821493063,1.675921172020197,1.6758186801119015,1.6758186801119015,1.675921172020197,0.4368739099628232,0.4368838233063766,0.4368838233063766,0.4368739099628232,11.11998727011839
400.0,20.647,75.195,5.568,5.347,4258.951,1.6322216350679364,1.6321606680993277,1.6321606680993277,1.6322216350679364,2.58864309268556,2.58837907793364,2.58837907793364,2.58864309268556,1.670354020260208,1.670255405657607,1.670255405657607,1.670354020260208,0.4370390965373148,0.4370481878748941,0.4370481878748941,0.4370390965373148,2.3527758792569324
400.0,20.883,93.289,4.445,4.045,1132.244,1.6384003389876838,1.6383385692316534,1.6383385692316534,1.6384003389876838,2.6145740266243767,2.6143026797567224,2.6143026797567224,2.6145740266243767,1.6782191504515849,1.6781174353829027,1.6781174353829027,1.6782191504515849,0.4376252381419799,0.4376333094291241,0.4376333094291241,0.4376252381419799,8.855154428205063
400.0,20.891,29.957,3.707,5.555,1080.753,1.6403725638274742,1.6403117963356362,1.6403117963356362,1.6403725638279876,2.61099776774646,2.6107312776835783,2.6107312776835783,2.610997767749133,1.671111140408506,1.671004592436928,1.671004592436928,1.671111140408506,0.4364141403539551,0.436433557593886,0.436433557593886,0.4364141403539551,9.257952688007618
400.0,21.243,84.117,4.708,5.621,4565.536,1.6316714688859897,1.6316110611269314,1.6316110611269314,1.6316714688859897,2.5894544781581943,2.589194159535592,2.589194159535592,2.5894544781581943,1.6716306473875708,1.67153201405171,1.67153201405171,1.6716306473875708,0.4373720129927695,0.4373805176346918,0.4373805176346918,0.4373720129927695,2.1954173779104176
400.0,21.266,38.204,4.626,4.09,313.178,1.6635946610247243,1.66352942062622,1.66352942062622,1.6635946610247243,2.697237398837508,2.6969317114293028,2.6969317114293028,2.697237398837508,1.6918954573978209,1.6917805053767958,1.6917805053767958,1.6918954573978209,0.4372131752304335,0.4372280197424629,0.4372280197424629,0.4372131752304335,31.956363721913785
400.0,21.351,75.857,2.766,2.528,738.835,1.643554357028698,1.6434931330201412,1.6434931330201412,1.643554357028698,2.6312843921628506,2.6310140882885515,2.6310140882885515,2.6312843921628506,1.6804979508697535,1.680393357681426,1.680393357681426,1.6804979508697535,0.4375395636545012,0.4375496445011886,0.4375496445011886,0.4375395636545012,13.562509811837502
400.0,21.383,33.206,4.437,5.983,4444.542,1.63294670656694,1.6328871303943655,1.6328871303943655,1.63294670656694,2.5857396265944885,2.585483556257179,2.585483556257179,2.5857396265944885,1.6657664456149583,1.6656651009095635,1.6656651009095635,1.6657664456149583,0.4364326582287348,0.4364485143009098,0.4364485143009098,0.4364326582287348,2.2514514594531025
400.0,21.565,69.452,2.628,4.06,4744.169,1.6318555487613675,1.631795003536264,1.631795003536264,1.6318555487615911,2.5883327732718064,2.5880717445270327,2.5880717445270327,2.5883327956673408,1.6700226742747288,1.6699237864512566,1.6699237864512566,1.6700226742747288,0.4371768469393113,0.4371865988818027,0.4371865988818027,0.4371768469393113,2.111744919569634
400.0,21.652,54.245,4.879,3.085,4550.146,1.6322974611275094,1.632236959476274,1.632236959476274,1.6322974611275094,2.5875426687925778,2.5872815905140816,2.5872815905140816,2.5875426687925778,1.668359386510485,1.66826015419928,1.66826015419928,1.668359386510485,0.4369110114743546,0.4369221674335715,0.4369221674335715,0.4369110114743546,2.200702670607305
400.0,21.696,46.09,5.031,5.125,833.932,1.6425801155806177,1.6425184810901043,1.6425184810901043,1.6425801155806177,2.6234680086831554,2.6231954927254866,2.6231954927254866,2.6234680086831554,1.6758571587496656,1.6757525475574389,1.6757525475574389,1.6758571587496656,0.4370217645413896,0.4370348056081811,0.4370348056081811,0.4370217645413896,12.00430382446131
400.0,22.419,21.479,5.377,2.585,3231.796,1.6338098052160477,1.63374850220093,1.63374850220093,1.6338098052160477,2.5891221910450284,2.588855509685416,2.588855509685416,2.5891221910450284,1.6657357324462203,1.6656280134653674,1.6656280134653674,1.6657357324462203,0.4365131351406511,0.4365384688642455,0.4365384688642455,0.4365131351406511,3.0951310701756727
400.0,22.551,65.922,5.165,5.973,4088.923,1.632011098543275,1.6319498038424127,1.6319498038424127,1.632011098543275,2.590435176425269,2.5901696374712806,2.5901696374712806,2.590435176425269,1.670490565869171,1.6703916163361088,1.6703916163361088,1.670490565869171,0.4373923642547937,0.4374017944333338,0.4374017944333338,0.4373923642547937,2.449864853395792
400.0,22.779,62.605,4.848,5.51,1034.855,1.6394706396803571,1.6394096694800635,1.6394096694800635,1.6394706396803571,2.6173656053967056,2.617099022757343,2.617099022757343,2.6173656053967056,1.6764577493555093,1.6763545582183423,1.6763545582183423,1.6764577493555093,0.4375853412779632,0.4375963987382018,0.4375963987382018,0.4375853412779632,9.678805478792988
400.0,22.943,53.861,3.214,3.933,1888.442,1.6351306687291869,1.6350693627334094,1.6350693627334094,1.6351306687291869,2.600530822617728,2.6002637529600414,2.6002637529600414,2.600530822617728,1.6717575364840185,1.6716566824557706,1.6716566824557706,1.6717575364840185,0.4373462049682924,0.4373572964624012,0.4373572964624012,0.4373462049682924,5.302437997778742
400.0,23.173,87.169,4.707,3.389,332.327,1.6600170885642107,1.6599522290671496,1.6599522290671496,1.6600170885642107,2.6967307087161654,2.696429771738476,2.696429771738476,2.6967307087161654,1.6973022762372876,1.6971894115687205,1.6971894115687205,1.6973022762372876,0.4386810838488209,0.4386899678572835,0.4386899678572835,0.4386810838488209,30.162954819820303
400.0,23.35,26.992,2.611,4.091,4694.225,1.6324175691969656,1.6323573946626846,1.6323573946626846,1.6324175691969656,2.587033556174384,2.586774493776064,2.586774493776064,2.587033556174384,1.666111977490397,1.666007440682336,1.666007440682336,1.666111977490397,0.4368526303375176,0.4368732058554996,0.4368732058554996,0.4368526303375176,2.1312617573859765
400.0,23.478,73.304,5.872,3.497,358.891,1.6579283106730067,1.6578641715950602,1.6578641715950602,1.6579283106730067,2.687496462863617,2.687201693731089,2.687201693731089,2.687496462863617,1.6939061975731355,1.6937940404264031,1.6937940404264031,1.6939061975731355,0.4384453880805294,0.4384556706636831,0.4384556706636831,0.4384453880805294,27.917853280943508
400.0,23.858,12.491,4.395,5.628,4355.146,1.6328014909707151,1.632741462319229,1.632741462319229,1.6328014909707151,2.587063657443205,2.586806160966844,2.586806160966844,2.587063657443205,1.6652121543410172,1.6650776016890707,1.6650776016890707,1.6652121543410172,0.4366967913031153,0.4367645002382237,0.4367645002382237,0.4366967913031153,2.2961097379724515
400.0,24.201,16.568,6.426,6.132,2362.934,1.6345944708946407,1.6345330783958096,1.6345330783958096,1.6345944708946407,2.5949922462457677,2.5947253488219872,2.5947253488219872,2.5949922462457677,1.6673666839945585,1.667250450749528,1.667250450749528,1.6673666839945585,0.4369379545874149,0.4369751751401479,0.4369751751401479,0.4369379545874149,4.232533762795993
400.0,24.219,57.987,3.674,4.624,3103.318,1.6325332652809272,1.63247246170065,1.63247246170065,1.6325332652809272,2.5945988869241985,2.594336299453736,2.594336299453736,2.5945988869241985,1.671228741158561,1.671128692205749,1.671128692205749,1.671228741158561,0.4377250672797445,0.437735644745811,0.437735644745811,0.4377250672797445,3.2270920151713702
400.0,24.219,63.776,5.952,5.396,337.479,1.659795113694428,1.6597306374263254,1.6597306374263254,1.659795113694428,2.6942593314408576,2.6939612722348403,2.6939612722348403,2.6942593314408576,1.6947671528303991,1.6946534857783049,1.6946534857783049,1.6947671528303991,0.4385136022804906,0.4385253111409939,0.4385253111409939,0.4385136022804906,29.67987809108028
400.0,24.313,12.84,3.097,3.641,2410.614,1.634570565575563,1.6345043052240165,1.6345043052240165,1.634570565575563,2.594523870363589,2.5942269585903994,2.5942269585903994,2.594523870363589,1.6671033977536485,1.6669746645393269,1.6669746645393269,1.6671033977536485,0.4368857338691197,0.4369426218703422,0.4369426218703422,0.4368857338691197,4.148314945075438
400.0,24.409,85.913,5.129,4.096,741.656,1.6424110832402703,1.6423483413012196,1.6423483413012196,1.6424110832402703,2.635507159566594,2.635228792382115,2.635228792382115,2.635507159566594,1.68351544750614,1.6834104304199502,1.6834104304199502,1.68351544750614,0.4385990470975177,0.4386080376798713,0.4386080376798713,0.4385990470975177,13.515294978182595
400.0,24.469,62.787,3.732,3.254,912.05,1.6403388797285718,1.6402779999404316,1.6402779999404316,1.6403388797285718,2.6242131754051647,2.623947390532914,2.623947390532914,2.6242131754051647,1.6786299627762231,1.6785255635790537,1.6785255635790537,1.6786299627762231,0.4380986521704729,0.4381099926963925,0.4381099926963925,0.4380986521704729,10.982051679481971
400.0,24.575,32.017,3.2,2.754,3261.633,1.6329078315584529,1.6328479839518135,1.6328479839518135,1.6329078315584529,2.5923188175977887,2.5920625154413117,2.5920625154413117,2.5923188175977887,1.668244104523583,1.668140648617761,1.668140648617761,1.668244104523583,0.4373165041459487,0.4373340181687784,0.4373340181687784,0.4373165041459487,3.067859718118189
400.0,24.733,48.193,6.269,3.064,3631.33,1.6321453438522673,1.6320848619816244,1.6320848619816244,1.6321453438522673,2.592646553136893,2.5923862196904994,2.5923862196904994,2.592646553136893,1.6699779429839188,1.6698769093390593,1.6698769093390593,1.6699779429839188,0.4376651330154427,0.4376781281269295,0.4376781281269295,0.4376651330154427,2.7569790985743183
400.0,24.894,74.482,2.742,4.304,3456.282,1.631600656370418,1.6315402155742098,1.6315402155742098,1.631600656370418,2.595487164521625,2.5952276982167444,2.5952276982167444,2.595487164521625,1.6733039573227009,1.6732037760153913,1.6732037760153913,1.6733039573227009,0.4382231042682142,0.4382328364602741,0.4382328364602741,0.4382231042682142,2.8990874234501938
400.0,25.053,60.254,4.033,3.181,384.764,1.6558486688179772,1.6557839369825933,1.6557839369825933,1.6558486688179772,2.681204181789515,2.680906834467466,2.680906834467466,2.681204181789515,1.6917016627911254,1.6915902608040871,1.6915902608040871,1.6917016627911254,0.4385989263126232,0.4386098417630159,0.4386098417630159,0.4385989263126232,26.029476277165514
400.0,25.249,85.183,6.499,3.571,584.988,1.645945577571512,1.6458825633569765,1.6458825633569765,1.645945577571512,2.6500075460778585,2.649726251674145,2.649726251674145,2.6500075460778585,1.687071965379028,1.6869648068242329,1.6869648068242329,1.687071965379028,0.4389186587380681,0.4389279756510818,0.4389279756510818,0.4389186587380681,17.13439362730871
400.0,25.31,85.491,5.559,4.238,610.644,1.6451750760473387,1.6451120083662996,1.6451120083662996,1.6451750760473387,2.647404188568323,2.6471227673909734,2.6471227673909734,2.647404188568323,1.6865236305943143,1.686416909146479,1.686416909146479,1.6865236305943143,0.4389232850470441,0.43893249396479,0.43893249396479,0.4389232850470441,16.414669025192243
400.0,25.38,27.448,5.69,2.824,4086.84,1.6321556471938008,1.6320946034111847,1.6320946034111847,1.6321556471938008,2.5905675793624128,2.590304108076883,2.590304108076883,2.5905675793624128,1.6676559058344966,1.667551185954917,1.667551185954917,1.6676559058344966,0.4374338858691465,0.4374537338767953,0.4374537338767953,0.4374338858691465,2.448037982221328
400.0,25.6,31.646,3.249,2.728,3401.571,1.6324975091782474,1.6324361894024926,1.6324361894024926,1.6324975091782474,2.592996765163384,2.592731269982388,2.592731269982388,2.592996765163384,1.6687075542098644,1.6686042034970172,1.6686042034970172,1.6687075542098644,0.4375911067001509,0.4376082061632148,0.4376082061632148,0.4375911067001509,2.941611649682909
400.0,25.827,44.788,5.961,2.539,823.44,1.6416136496253113,1.6415525853368875,1.6415525853368875,1.6416136496253113,2.628735176886808,2.6284676601278014,2.6284676601278014,2.628735176886808,1.678345335920176,1.6782388014960006,1.6782388014960006,1.678345335920176,0.4381631167719963,0.4381777087236297,0.4381777087236297,0.4381631167719963,12.156679961947049
400.0,26.249,57.12,4.863,3.649,2167.323,1.633416952847888,1.6333554255541507,1.6333554255541507,1.633416952847888,2.6020639513169947,2.601797278576699,2.601797278576699,2.6020639513169947,1.6735537974340615,1.6734526032061767,1.6734526032061767,1.6735537974340615,0.4383148132116451,0.4383255154893488,0.4383255154893488,0.4383148132116451,4.620618556116831
400.0,26.675,10.884,3.452,4.006,4744.444,1.6318475456862842,1.631784401185452,1.631784401185452,1.6318475456862842,2.589454735440525,2.5891791863148703,2.5891791863148703,2.589454735440525,1.666634863258022,1.6664864882133112,1.6664864882133112,1.666634863258022,0.4374317718403524,0.4375202518101163,0.4375202518101163,0.4374317718403524,2.107588288249912
400.0,26.74,66.125,6.375,5.434,1894.624,1.6337459040719475,1.6336836648887985,1.6336836648887985,1.6337459040719475,2.605854138351076,2.6055832076684045,2.6055832076684045,2.605854138351076,1.67549219080399,1.6753907962225787,1.6753907962225787,1.67549219080399,0.4386464752226875,0.4386562322882998,0.4386562322882998,0.4386464752226875,5.2872194587973596
400.0,26.869,93.961,5.957,4.403,595.053,1.6449918746608558,1.6449288058147122,1.6449288058147122,1.6449918746608558,2.6515808353179646,2.651299914208273,2.651299914208273,2.6515808353179646,1.6888655387767544,1.6887579872508844,1.6887579872508844,1.6888655387767544,0.4395460759571979,0.4395551617082397,0.4395551617082397,0.4395460759571979,16.849346578073764
400.0,27.058,85.578,4.52,2.676,356.126,1.656900135289157,1.6568353874985031,1.6568353874985031,1.656900135289157,2.6936810458883835,2.693383900557977,2.693383900557977,2.6936810458883835,1.69778444873742,1.6976713418479847,1.6976713418479847,1.69778444873742,0.439727850057234,0.4397372692792226,0.4397372692792226,0.439727850057234,28.1457266743428
400.0,27.235,23.256,3.341,2.708,3150.3,1.6324813654878507,1.6324197967501235,1.6324197967501235,1.6324813654878507,2.5950690432385555,2.594802521380722,2.594802521380722,2.5950690432385555,1.668905623757634,1.6687967419466614,1.6687967419466614,1.668905623757634,0.4378878264154179,0.4379132201484803,0.4379132201484803,0.4378878264154179,3.1753627251938603
400.0,27.293,13.672,5.353,2.801,1176.408,1.6381899413506529,1.6381270777407562,1.6381270777407562,1.6381899413506529,2.6142484816078975,2.613972105907179,2.613972105907179,2.6142484816078975,1.6727217125295897,1.6725897760665442,1.6725897760665442,1.6727217125295897,0.4378528208785483,0.4379106215370783,0.4379106215370783,0.4378528208785483,8.500600939565606
400.0,27.352,74.97,3.543,5.053,2769.837,1.6316377265473223,1.6315763131719216,1.6315763131719216,1.6316377265473223,2.6010511539145007,2.600786702507905,2.600786702507905,2.6010511539145007,1.675471159173638,1.6753699347859083,1.6753699347859083,1.675471159173638,0.4389417686394046,0.4389517173415961,0.4389517173415961,0.4389417686394046,3.617606643994672
400.0,27.586,15.99,3.366,6.082,2064.234,1.6342803089355145,1.634218190575227,1.634218190575227,1.6342803089355145,2.6011154703844985,2.6008450639866294,2.6008450639866294,2.6011154703844985,1.6698978873265262,1.6697772446571928,1.6697772446571928,1.6698978873265262,0.437884744677575,0.4379272684111693,0.4379272684111693,0.437884744677575,4.844876936345608
400.0,27.688,52.364,4.184,3.013,523.788,1.6481260684800514,1.648063022794201,1.648063022794201,1.6481260684800514,2.657666981346159,2.65738489200574,2.65738489200574,2.657666981346159,1.6864013836949534,1.686292114930284,1.686292114930284,1.6864013836949534,0.4390257036951417,0.4390381226796443,0.4390381226796443,0.4390257036951417,19.11588631626523
400.0,27.801,90.072,3.499,5.921,1978.227,1.632639407408064,1.6325778280694667,1.6325778280694667,1.632639407408064,2.6082227211809115,2.607957080724325,2.607957080724325,2.6082227211809115,1.6787883836941704,1.6786863035334394,1.6786863035334394,1.6787883836941704,0.4394046548400796,0.4394138057956738,0.4394138057956738,0.4394046548400796,5.067712406616456
400.0,27.87,44.805,5.615,5.947,1938.195,1.6338230485487506,1.6337612694453425,1.6337612694453425,1.6338230485487506,2.604971949565191,2.604704005700587,2.604704005700587,2.604971949565191,1.6735488437870247,1.6734458632328608,1.6734458632328608,1.6735488437870247,0.4385450850188353,0.4385584349302459,0.4385584349302459,0.4385450850188353,5.164772337773982
400.0,28.277,50.66,6.317,3.309,1990.953,1.6334254285524017,1.6333633441959072,1.6333633441959072,1.6334254285524017,2.605414838176411,2.6051450816379877,2.6051450816379877,2.605414838176411,1.6743711518919937,1.674268915171554,1.674268915171554,1.6743711518919937,0.438769993514073,0.4387817862663547,0.4387817862663547,0.438769993514073,5.0288665439528
400.0,28.495,30.577,3.096,4.19,3000.994,1.632108463091664,1.6320474343610205,1.6320474343610205,1.632108463091664,2.597704084358174,2.5974420556915248,2.5974420556915248,2.597704084358174,1.6706659965241837,1.6705597300744,1.6705597300744,1.6706659965241837,0.4383885105494625,0.4384088808597057,0.4384088808597057,0.4383885105494625,3.3341316326579435
400.0,28.506,23.617,2.828,4.022,4964.044,1.6309180533604193,1.6308572967293236,1.6308572967293236,1.6309180533604193,2.592231812409988,2.5919714642653786,2.5919714642653786,2.592231812409988,1.6687124988377573,1.668604428951272,1.668604428951272,1.6687124988377573,0.4382164984040345,0.4382409110163736,0.4382409110163736,0.4382164984040345,2.015182546409128
400.0,28.771,21.451,2.594,3.118,2225.033,1.6334518797867632,1.6333891430411485,1.6333891430411485,1.6334518797867632,2.601622772278035,2.601349114302741,2.601349114302741,2.601622772278035,1.6707579375979806,1.6706471535462757,1.6706471535462757,1.6707579375979806,0.4383195303645863,0.4383464344044414,0.4383464344044414,0.4383195303645863,4.495540215421469
400.0,29.108,65.346,6.358,4.261,3615.591,1.6305061087664696,1.6304446537674429,1.6304446537674429,1.6305061087664696,2.5991437356461606,2.5988798186632667,2.5988798186632667,2.5991437356461606,1.674664900965247,1.6745639966658743,1.6745639966658743,1.674664900965247,0.4392232956462273,0.4392332895746198,0.4392332895746198,0.4392232956462273,2.7705090166089867
400.0,29.209,60.763,5.975,4.038,4084.925,1.6302612778253365,1.6301995808955594,1.6301995808955594,1.6302612778253365,2.5976977772080083,2.5974323327929087,2.5974323327929087,2.5976977772080083,1.6739075222042503,1.67380631672715,1.67380631672715,1.6739075222042503,0.4391525185589972,0.4391635482463875,0.4391635482463875,0.4391525185589972,2.451828704803362
400.0,29.413,86.033,2.898,5.268,1371.17,1.6346026296831286,1.6345412018333256,1.6345412018333256,1.6346026296831286,2.618165793890899,2.6179004201281426,2.6179004201281426,2.618165793890899,1.6812319406902458,1.681128509992303,1.681128509992303,1.6812319406902458,0.4398475299062485,0.439856843675296,0.439856843675296,0.4398475299062485,7.310344068886933
400.0,29.647,83.16,2.673,4.364,1267.593,1.635224069002907,1.635162047021183,1.635162047021183,1.635224069002907,2.6204391500547226,2.6201698763494474,2.6201698763494474,2.6204391500547226,1.6815492397952712,1.6814456695855864,1.6814456695855864,1.6815492397952712,0.4398750810516224,0.4398843002346687,0.4398843002346687,0.4398750810516224,7.906935039904806
400.0,29.691,99.386,3.416,4.739,1532.529,1.633411046065678,1.6333487150803845,1.6333487150803845,1.633411046065678,2.6167247456944547,2.616454483451691,2.616454483451691,2.6167247456944547,1.6823272660290232,1.6822240064075389,1.6822240064075389,1.6823272660290232,0.4401651734861414,0.4401739410514969,0.4401739410514969,0.4401651734861414,6.5434832935116205
400.0,30.568,55.692,3.634,3.067,2581.256,1.631474206362333,1.6314125066737717,1.6314125066737717,1.631474206362333,2.604195974752103,2.603930306954204,2.603930306954204,2.604195974752103,1.6753652774561814,1.675262844144708,1.675262844144708,1.6753652774561814,0.4394786574694665,0.4394904358529791,0.4394904358529791,0.4394786574694665,3.879450312281521
400.0,30.659,99.336,4.468,3.623,3148.249,1.62967572162506,1.629614036844822,1.629614036844822,1.62967572162506,2.6052970077358304,2.6050327155926114,2.6050327155926114,2.6052970077358304,1.6800093848732942,1.679907493402704,1.679907493402704,1.6800093848732942,0.4403371530932437,0.4403458841052506,0.4403458841052506,0.4403371530932437,3.1852884970193505
400.0,30.768,83.69,2.714,5.659,2127.742,1.6315974226856678,1.6315354504189947,1.6315354504189947,1.6315974226856678,2.60983843112502,2.609571280769098,2.609571280769098,2.60983843112502,1.6795324962326876,1.6794299763722231,1.6794299763722231,1.6795324962326876,0.4401078500706057,0.4401173185509022,0.4401173185509022,0.4401078500706057,4.710610462763009
400.0,30.897,69.183,5.581,2.637,1808.758,1.6327678659684786,1.6327051227074596,1.6327051227074596,1.6327678659688591,2.6118965286374003,2.6116240548706444,2.6116240548706444,2.6118965500434914,1.6786025791167205,1.6785002781726026,1.6785002781726026,1.6786025791167205,0.4398858320744844,0.4398951909496536,0.4398951909496536,0.4398858320744844,5.538733779538537
400.0,30.909,36.778,4.389,6.209,3406.554,1.6308678029451722,1.6308069439843915,1.6308069439843915,1.6308678029451722,2.599523188715936,2.5992630608831457,2.5992630608831457,2.599523188715936,1.6725154623252512,1.672411253936425,1.672411253936425,1.6725154623252512,0.4391757980165286,0.4391920532404701,0.4391920532404701,0.4391757980165286,2.937777875274103
400.0,31.291,11.194,4.077,3.201,3611.168,1.6312123021393496,1.6311495546660657,1.6311495546660657,1.6312123021393496,2.59725490260418,2.5969833247244667,2.5969833247244667,2.59725490260418,1.670012886423603,1.6698660677758606,1.6698660677758606,1.670012886423603,0.438747710111266,0.4388314773959908,0.4388314773959908,0.438747710111266,2.7690121196804167
400.0,31.62,50.975,6.3,4.04,3600.882,1.6301602682233445,1.6300990443871315,1.6300990443871315,1.6301602682233445,2.6009260184788165,2.600664123724258,2.600664123724258,2.6009260184788165,1.6744936001785793,1.6743911995326723,1.6743911995326723,1.6744936001785793,0.4396492389863818,0.4396617120961314,0.4396617120961314,0.4396492389863818,2.7805171159132134
400.0,31.982,24.168,2.547,6.041,4654.012,1.6300591866531016,1.6300004611855938,1.6300004611855938,1.6300591866531016,2.596786855772386,2.5965402056708347,2.5965402056708347,2.596786855772386,1.6709917364980291,1.6708812425299486,1.6708812425299486,1.6709917364980291,0.4392028828676981,0.439229889620981,0.439229889620981,0.4392028828676981,2.149454203861056
400.0,32.007,49.856,4.257,4.21,3409.898,1.630239305216392,1.630177892065353,1.630177892065353,1.630239305216392,2.6018682855913395,2.601605441349065,2.601605441349065,2.6018682855913395,1.6747309029526347,1.6746279528992756,1.6746279528992756,1.6747309029526347,0.4397410702714799,0.4397541754092799,0.4397541754092799,0.4397410702714799,2.936141318863219
400.0,32.078,71.009,4.146,4.653,4426.898,1.629012554835746,1.6289510571321566,1.6289510571321566,1.629012554835746,2.601175906769988,2.60091306167115,2.60091306167115,2.601175906769988,1.676705380657589,1.676603638616932,1.676603638616932,1.676705380657589,0.4401547736162639,0.4401651293140225,0.4401651293140225,0.4401547736162639,2.263173396364061
400.0,32.141,33.198,6.1,4.541,1889.633,1.6330417344812531,1.6329790355266982,1.6329790355266982,1.6330417344812531,2.6094880421816895,2.6092157330321557,2.6092157330321557,2.6094880421816895,1.6748790248953216,1.6747733032811731,1.6747733032811731,1.6748790248953216,0.4395241682240771,0.4395408561261341,0.4395408561261341,0.4395241682240771,5.295468798784977
400.0,32.181,31.028,4.784,5.208,738.405,1.6416264929466349,1.6415623527126373,1.6415623527126373,1.6416264929466349,2.6403263978611853,2.6400413379653767,2.6400413379653767,2.6403263978611853,1.6818039922044512,1.6816935444373653,1.6816935444373653,1.6818039922044512,0.4397359307321377,0.4397540577480486,0.4397540577480486,0.4397359307321377,13.550445363894298
400.0,32.438,92.123,4.402,6.41,2421.959,1.630339030112001,1.6302771839301933,1.6302771839301933,1.630339030112001,2.6103616877435,2.6100962556535143,2.6100962556535143,2.6103616877435,1.6810643325919696,1.680961586520629,1.680961586520629,1.6810643325919696,0.4407291237634636,0.4407383385550157,0.4407383385550157,0.4407291237634636,4.139498695836191
400.0,32.508,32.544,5.997,4.683,645.113,1.6435329123064577,1.6434702794586709,1.6434702794586709,1.6435329123064577,2.6482084933140397,2.647932081498672,2.647932081498672,2.6482084933140397,1.6838871969080091,1.6837751416695803,1.6837751416695803,1.6838871969080091,0.4399149309343589,0.439933991152973,0.439933991152973,0.4399149309343589,15.510744881272595
400.0,32.569,39.856,6.113,3.482,2873.104,1.6308894090710984,1.6308276315064865,1.6308276315064865,1.6308894090710984,2.6037509336672784,2.6034851644541055,2.6034851644541055,2.6037509336672784,1.6743589813338224,1.6742550536981144,1.6742550536981144,1.6743589813338224,0.4397203319081549,0.4397350557988986,0.4397350557988986,0.4397203319081549,3.483574673825083
400.0,32.708,18.758,4.4,3.501,2325.89,1.632206684093222,1.632144077425498,1.632144077425498,1.632206684093222,2.6052423075934428,2.6049712174490147,2.6049712174490147,2.6052423075934428,1.6727254252732178,1.6726097695414,1.6726097695414,1.6727254252732178,0.4393644679859408,0.4393976115277108,0.4393976115277108,0.4393644679859408,4.30020095613893
400.0,33.01,50.346,4.139,4.518,3704.907,1.6297051331916956,1.6296429798215986,1.6296429798215986,1.6297051331916956,2.602207896257235,2.6019407661377287,2.6019407661377287,2.602207896257235,1.675195993133478,1.6750937433101676,1.6750937433101676,1.675195993133478,0.4400269256643556,0.4400387426126742,0.4400387426126742,0.4400269256643556,2.702386207823644
400.0,33.346,98.957,3.333,3.449,1865.607,1.6311998960495804,1.6311372076884283,1.6311372076884283,1.6311998960495804,2.6166320968069865,2.616361320299938,2.616361320299938,2.6166320968069865,1.6835076933793478,1.6834043641630512,1.6834043641630512,1.6835076933793478,0.4411607262358448,0.4411691808865618,0.4411691808865618,0.4411607262358448,5.375140156176665
400.0,33.535,96.34,5.323,4.211,569.552,1.6438979697791585,1.6438341709047697,1.6438341709047697,1.6438979697791585,2.662624617371508,2.6623418691850795,2.6623418691850795,2.662624617371508,1.6939368355691695,1.6938268783707615,1.6938268783707615,1.6939368355691695,0.4415337835180055,0.4415433777088152,0.4415433777088152,0.4415337835180055,17.60492052169772
400.0,33.864,31.489,6.367,2.78,3952.12,1.629746515892451,1.629685167822433,1.629685167822433,1.629746515892451,2.601014060862559,2.6007520053579123,2.6007520053579123,2.601014060862559,1.6733292920234109,1.6732219859534403,1.6732219859534403,1.6733292920234109,0.4398898864276197,0.4399106334363854,0.4399106334363854,0.4398898864276197,2.531790030711694
400.0,34.096,68.696,3.253,4.898,664.975,1.6417633774921156,1.641699958493992,1.641699958493992,1.6417633774921156,2.6514223397741423,2.6511424855210994,2.6511424855210994,2.6514223397741423,1.6887761239589572,1.688667616165156,1.688667616165156,1.6887761239589572,0.4410733825644038,0.4410842726417697,0.4410842726417697,0.4410733825644038,15.065134105060732
400.0,34.171,48.661,3.441,5.953,4098.834,1.6291521426758775,1.629090352669213,1.629090352669213,1.6291521426758775,2.602454467433721,2.6021898604288323,2.6021898604288323,2.602454467433721,1.6754770493795144,1.6753740607632863,1.6753740607632863,1.6754770493795144,0.4403132150123199,0.4403261136309891,0.4403261136309891,0.4403132150123199,2.4425306872026975
400.0,34.529,44.389,5.64,2.803,3928.013,1.6292651540561105,1.6292024766442157,1.6292024766442157,1.6292651540555052,2.602919509252911,2.602649467344178,2.602649467344178,2.602919485285655,1.6752783344139326,1.67517471349826,1.67517471349826,1.6752783344139326,0.4403334253986919,0.4403473868032621,0.4403473868032621,0.4403334253986919,2.548395589149393
400.0,34.579,94.653,6.178,4.328,4760.909,1.627582840724022,1.6275202941415,1.6275202941415,1.627582840724022,2.6054880888974767,2.605220249781864,2.605220249781864,2.6054880888974767,1.68091622566455,1.6808142715454617,1.6808142715454617,1.68091622566455,0.4413230598110368,0.4413315310997961,0.4413315310997961,0.4413230598110368,2.106007141169839
400.0,34.658,25.398,6.371,4.689,1191.572,1.6357325651392405,1.6356693850848971,1.6356693850848971,1.6357325651392405,2.6234244681631367,2.6231486049778345,2.6231486049778345,2.6234244681631367,1.6781756743824292,1.6780642647448212,1.6780642647448212,1.6781756743824292,0.4401759049841962,0.4401987219406127,0.4401987219406127,0.4401759049841962,8.395537663639038
400.0,34.802,28.418,2.566,4.975,3388.391,1.6299925943465077,1.6299302268163127,1.6299302268163127,1.6299925943465077,2.603435146258437,2.6031667155941607,2.6031667155941607,2.603435146258437,1.673898564831253,1.6737903734134387,1.6737903734134387,1.673898564831253,0.4401072051255083,0.4401287963422168,0.4401287963422168,0.4401072051255083,2.952706387241699
400.0,34.808,72.892,5.05,3.819,1887.816,1.6313496808320975,1.6312874784183775,1.6312874784183775,1.6313496808320975,2.615941812419436,2.615674343750976,2.615674343750976,2.615941812419436,1.681236058124942,1.681132400572481,1.681132400572481,1.681236058124942,0.4410612444996446,0.441071311829726,0.441071311829726,0.4410612444996446,5.307393854406821
400.0,34.944,77.365,5.449,5.25,1715.537,1.6317569653900177,1.6316939751913453,1.6316939751913453,1.6317569653900177,2.6184797052028355,2.6182073988501253,2.6182073988501253,2.6184797052028355,1.6823167203773748,1.682212806032509,1.682212806032509,1.6823167203773748,0.4412052414018009,0.4412149720692397,0.4412149720692397,0.4412052414018009,5.841223010388294
400.0,34.973,37.781,5.74,4.713,1231.172,1.6350694320841084,1.6350062225475124,1.6350062225475124,1.6350694320841084,2.623816739239589,2.6235412502711037,2.6235412502711037,2.623816739239589,1.679606089550034,1.6794991281358145,1.6794991281358145,1.679606089550034,0.4405037418357747,0.4405190613871266,0.4405190613871266,0.4405037418357747,8.128771929681848
400.0,35.053,24.816,3.204,6.407,323.813,1.659074456170608,1.6590085393364291,1.6590085393364291,1.659074456170608,2.7088207179591466,2.708516390384053,2.708516390384053,2.7088207179591466,1.6979554301745194,1.697830920510585,1.697830920510585,1.6979554301745194,0.440923122405203,0.4409491354476696,0.4409491354476696,0.440923122405203,30.89280524320924
400.0,35.157,76.524,3.824,4.011,3296.972,1.62882128750711,1.6287588718975876,1.6287588718975876,1.62882128750711,2.6081563454623167,2.6078890241777204,2.6078890241777204,2.6081563454623167,1.679915016342599,1.679812267215482,1.679812267215482,1.679915016342599,0.4411597030400039,0.4411696191397391,0.4411696191397391,0.4411597030400039,3.039329432356772
400.0,35.373,86.725,4.111,3.762,4601.806,1.6276264940421872,1.6275644096395545,1.6275644096395545,1.6276264940421872,2.6060350963748906,2.6057702450687024,2.6057702450687024,2.6060350963748906,1.6805187074472938,1.680416167341504,1.680416167341504,1.6805187074472938,0.4413944708805234,0.4414040105410148,0.4414040105410148,0.4413944708805234,2.178256071379848
400.0,35.507,58.484,5.303,3.42,2344.314,1.630431704626218,1.6303688297913377,1.6303688297913377,1.630431704626218,2.6116920249754734,2.6114207994097094,2.6114207994097094,2.6116920249754734,1.6790474804288953,1.6789440718462356,1.6789440718462356,1.6790474804288953,0.440943346818069,0.4409544297863741,0.4409544297863741,0.440943346818069,4.271906003125838
400.0,35.726,73.845,5.144,6.07,4617.776,1.6278291734703407,1.6277663721758011,1.6277663721758011,1.6278291734703407,2.605349910703053,2.605080503707178,2.605080503707178,2.605349910703053,1.6791891798838503,1.6790869396281802,1.6790869396281802,1.6791891798838503,0.4412406994897117,0.4412504355987264,0.4412504355987264,0.4412406994897117,2.1698132602336546
400.0,35.726,76.452,6.441,3.698,1439.269,1.6327220236168034,1.632659602886131,1.632659602886131,1.6327220236168034,2.623537986600414,2.623268608523503,2.623268608523503,2.623537986600414,1.683662122087994,1.683557173329413,1.683557173329413,1.683662122087994,0.4414457532668675,0.4414561154013891,0.4414561154013891,0.4414457532668675,6.962225669048652
400.0,36.116,70.908,3.349,4.342,3596.499,1.628427110945737,1.6283642903481297,1.6283642903481297,1.628427110945737,2.607873845001873,2.607603890546358,2.607603890546358,2.607873845001873,1.6796119572360826,1.6795095490218055,1.6795095490218055,1.6796119572360826,0.4413139092561529,0.4413235415816946,0.4413235415816946,0.4413139092561529,2.7856928961531198
400.0,36.311,19.454,5.146,2.991,3242.413,1.6299221667123232,1.6298608280379698,1.6298608280379698,1.6299221667123232,2.604954814833251,2.6046934357164577,2.6046934357164577,2.604954814833251,1.6739113664071916,1.6737959167416656,1.6737959167416656,1.6739113664071916,0.4403572484076555,0.4403896633285943,0.4403896633285943,0.4403572484076555,3.084734685899853
400.0,36.402,48.193,6.328,2.887,4470.757,1.62832926964489,1.6282674433121718,1.6282674433121718,1.62832926964489,2.604272745176451,2.60400929463972,2.60400929463972,2.604272745176451,1.6766035348744586,1.6765003852233618,1.6765003852233618,1.6766035348744586,0.4409290455845004,0.4409415121412833,0.4409415121412833,0.4409290455845004,2.2392954789710173
400.0,36.43,48.447,4.803,5.095,4645.13,1.6282286081224937,1.6281661467181814,1.6281661467181814,1.6282286081224937,2.604014939345965,2.603747208017336,2.603747208017336,2.604014939345965,1.6765783185172167,1.6764753112124413,1.6764753112124413,1.6765783185172167,0.4409395119246442,0.4409518594843062,0.4409518594843062,0.4409395119246442,2.155252390185231
400.0,36.727,45.898,4.903,5.717,3281.757,1.6291318496929037,1.629068914041098,1.629068914041098,1.6291318496929037,2.6075088351705844,2.607238145577447,2.607238145577447,2.6075088351705844,1.6772332395807914,1.6771294390346174,1.6771294390346174,1.6772332395807914,0.4410024790455902,0.4410154765212798,0.4410154765212798,0.4410024790455902,3.050373845552772
400.0,36.805,13.441,2.791,3.664,4603.171,1.6289883119936923,1.628924796652128,1.628924796652128,1.6289883119936923,2.601626274773524,2.6013527485470087,2.6013527485470087,2.601626274773524,1.672994399604458,1.6728628213045331,1.6728628213045331,1.672994399604458,0.440337085272088,0.4403954437747628,0.4403954437747628,0.440337085272088,2.172421406818545
400.0,37.125,99.338,2.645,3.586,3681.283,1.6274027697709317,1.6273396658774373,1.6273396658774373,1.6274027697709317,2.611214121622512,2.610943950637452,2.610943950637452,2.611214121622512,1.6835772613744346,1.683474073878285,1.683474073878285,1.6835772613744346,0.4421611500178537,0.4421699191926168,0.4421699191926168,0.4421611500178537,2.724048724130684
400.0,37.165,41.925,3.307,3.655,3402.308,1.6289927784096463,1.6289304667777744,1.6289304667777744,1.6289927784093683,2.60728660722275,2.6070198313111868,2.6070198313111868,2.607286607221451,1.6769332957647092,1.676828483387572,1.676828483387572,1.6769332957647092,0.4410442924102238,0.4410590450122135,0.4410590450122135,0.4410442924102238,2.941910687040969
400.0,37.262,21.122,2.551,2.521,2690.653,1.6302692556473564,1.6302073816215914,1.6302073816215914,1.6302692556473564,2.6085824849486454,2.6083179589764427,2.6083179589764427,2.6085824849486454,1.6751926044897876,1.675078098467896,1.675078098467896,1.6751926044897876,0.4406805492459521,0.4407108297256204,0.4407108297256204,0.4406805492459521,3.71750150682718
400.0,37.267,66.503,2.591,4.472,3993.066,1.627926224031282,1.6278630824476437,1.6278630824476437,1.627926224031282,2.607830037578335,2.607558820843548,2.607558820843548,2.607830037578335,1.6795501276697666,1.6794474757712816,1.6794474757712816,1.6795501276697666,0.4415452223745193,0.4415552633063918,0.4415552633063918,0.4415452223745193,2.5086723648509937
400.0,37.428,92.468,4.551,5.337,1937.254,1.6300191858861497,1.6299555167894113,1.6299555167894113,1.6300191858861497,2.620199239425822,2.619924461554511,2.619924461554511,2.620199239425822,1.6850716227664404,1.6849676790329131,1.6849676790329131,1.6850716227664404,0.4421929103456824,0.4422012960272386,0.4422012960272386,0.4421929103456824,5.175226713064049
400.0,37.638,68.898,5.961,3.828,355.702,1.6544736212713609,1.6544078629948382,1.6544078629948382,1.6544736212713609,2.7053257415761918,2.7050254521679906,2.7050254521679906,2.7053257415761918,1.7024417125538407,1.702325437060351,1.702325437060351,1.7024417125538407,0.4424918676634099,0.4425033425191221,0.4425033425191221,0.4424918676634099,28.163533967235548
400.0,38.252,14.167,5.748,5.266,1540.844,1.6330297385711807,1.6329654611075295,1.6329654611075295,1.6330297385711807,2.619590309184938,2.619310335051201,2.619310335051201,2.619590309184938,1.6776878146901295,1.6775570416717371,1.6775570416717371,1.6776878146901295,0.4409035548933462,0.4409567135001303,0.4409567135001303,0.4409035548933462,6.49008171955355
400.0,38.378,16.1,2.905,5.077,4545.343,1.6285115859550026,1.6284466265062796,1.6284466265062796,1.6285115859550026,2.6038006181250744,2.6035179845984824,2.6035179845984824,2.6038006181250744,1.6741630443274136,1.6740423927339498,1.6740423927339498,1.6741630443274136,0.4408440906618795,0.4408845127518366,0.4408845127518366,0.4408440906618795,2.2002456053708346
400.0,38.39,97.952,4.505,4.018,1030.801,1.6343449447390532,1.6342809378605254,1.6342809378605254,1.6343449447390532,2.6389388164475704,2.6386600911921203,2.6386600911921203,2.6389388164475704,1.6902875087056386,1.6901806900770628,1.6901806900770628,1.6902875087056386,0.4427272582238063,0.4427361208294045,0.4427361208294045,0.4427272582238063,9.727826081953232
400.0,38.509,57.589,5.599,4.549,3235.137,1.6284002316846546,1.6283380915978969,1.6283380915978969,1.6284002316846546,2.6107551247673544,2.6104899591063866,2.6104899591063866,2.6107551247673544,1.6797568591883854,1.679652535491835,1.679652535491835,1.6797568591883854,0.4417413878635378,0.4417538448858911,0.4417538448858911,0.4417413878635378,3.0954998888834
400.0,38.67,78.367,3.628,6.058,2840.955,1.6283058936606498,1.6282430088913002,1.6282430088913002,1.6283058936606498,2.6143079038064374,2.614038571329892,2.614038571329892,2.6143079038064374,1.682715095975985,1.6826113428556364,1.6826113428556364,1.682715095975985,0.442213755688844,0.4422235453359328,0.4422235453359328,0.442213755688844,3.5273809970531564
400.0,38.687,56.304,4.061,3.621,1614.766,1.6315971571819845,1.631533759477784,1.631533759477784,1.6315971571819845,2.6225285814076376,2.6222545119434164,2.6222545119434164,2.6225285814076376,1.6824149342121355,1.6823094747279057,1.6823094747279057,1.6824149342121355,0.4418697533543895,0.4418816701705293,0.4418816701705293,0.4418697533543895,6.20146558200635
400.0,38.974,70.95,3.075,4.886,4093.108,1.6272816831292924,1.6272192230528546,1.6272192230528546,1.6272816831292924,2.609993756760614,2.6097275977280474,2.6097275977280474,2.609993756760614,1.6810750477698702,1.6809716117245013,1.6809716117245013,1.6810750477698702,0.4421171683295162,0.4421276344046009,0.4421276344046009,0.4421171683295162,2.447704742728808
400.0,39.005,77.774,3.464,4.943,578.961,1.6425441305250907,1.64247960576613,1.64247960576613,1.6425441305250907,2.6665973536223437,2.666311303996361,2.666311303996361,2.6665973536223437,1.694866256869235,1.6947556376296375,1.6947556376296375,1.694866256869235,0.4427447962339787,0.4427548568561292,0.4427548568561292,0.4427447962339787,17.30824276964294
400.0,39.144,39.003,6.224,3.461,1038.657,1.6354460447619097,1.6353821530464594,1.6353821530464594,1.6354460447619097,2.634551626070869,2.6342726415333373,2.6342726415333373,2.634551626070869,1.68362246330746,1.6835134924976691,1.6835134924976691,1.68362246330746,0.4417682766194127,0.4417841157121222,0.4417841157121222,0.4417682766194127,9.63575413296421
400.0,39.588,17.516,4.218,3.135,1641.159,1.6321664613249758,1.632102920371924,1.632102920371924,1.6321664613249758,2.6199601940005253,2.6196851946976776,2.6196851946976776,2.6199601940005253,1.6783973248334434,1.6782763654786612,1.6782763654786612,1.6783973248334434,0.4413449952301039,0.4413826428064751,0.4413826428064751,0.4413449952301039,6.094034025271992
400.0,39.614,31.865,5.324,4.752,2754.235,1.6292661197196363,1.629203095619952,1.629203095619952,1.6292661197196363,2.611938174376645,2.6116672975583426,2.6116672975583426,2.611938174376645,1.677831307169953,1.6777228283962318,1.6777228283962318,1.677831307169953,0.4415629563880567,0.4415826721759773,0.4415826721759773,0.4415629563880567,3.6329401585290486
400.0,39.685,80.718,5.089,2.848,2009.29,1.629481240163563,1.6294179913773623,1.6294179913773623,1.629481240163563,2.621205614948931,2.620933894208006,2.620933894208006,2.621205614948931,1.6848932923534172,1.6847888590435047,1.6847888590435047,1.6848932923534172,0.4426006188308747,0.4426098786186819,0.4426098786186819,0.4426006188308747,4.987764268622166
400.0,39.71,27.581,4.743,4.312,1742.953,1.6315238664705618,1.6314603158495378,1.6314603158495378,1.6315238664705618,2.619612541639022,2.6193377293315345,2.6193377293315345,2.619612541639022,1.679213803990914,1.6791028104884087,1.6791028104884087,1.679213803990914,0.4415743170337205,0.4415965199040621,0.4415965199040621,0.4415743170337205,5.740002326982797
400.0,39.809,95.477,5.632,3.515,1332.872,1.6317256788271153,1.6316615836921524,1.6316615836921524,1.6317256788271153,2.6321372476891183,2.631859509858795,2.631859509858795,2.6321372476891183,1.6889484623894992,1.6888423838953237,1.6888423838953237,1.6889484623894992,0.4430148211507,0.4430238040645718,0.4430238040645718,0.4430148211507,7.5225902621801986
400.0,39.933,64.509,5.343,6.31,3761.682,1.6273922259272346,1.627328737066575,1.627328737066575,1.6273922259272346,2.6114051190319008,2.611132691399855,2.611132691399855,2.6114051190319008,1.681080378614744,1.6809766272024813,1.6809766272024813,1.681080378614744,0.4422707561460358,0.4422816083987088,0.4422816083987088,0.4422707561460358,2.6627992397099303
400.0,40.187,19.514,4.249,3.572,1956.34,1.6309343914685264,1.6308719074396687,1.6308719074396687,1.6309343914685264,2.6171452026322384,2.616877389108637,2.616877389108637,2.6171452026322384,1.6780523416803883,1.6779330592724075,1.6779330592724075,1.6780523416803883,0.4415240870454809,0.4415596755384822,0.4415596755384822,0.4415240870454809,5.112571149937888
400.0,40.272,23.388,3.767,3.573,2966.907,1.629016036059458,1.6289529929943958,1.6289529929943958,1.629016036059458,2.6110293490530427,2.610759107751429,2.610759107751429,2.6110293490530427,1.6769963136329786,1.6768832397290527,1.6768832397290527,1.6769963136329786,0.4415708386436105,0.4415979485101046,0.4415979485101046,0.4415708386436105,3.371593594336978
400.0,40.305,89.872,5.516,3.769,399.91,1.6500223409095989,1.6499562855142371,1.6499562855142371,1.6500223409095989,2.6986449068446645,2.69834619227342,2.69834619227342,2.6986449068446645,1.703924202858786,1.703808993168612,1.703808993168612,1.703924202858786,0.4436087699765117,0.4436185424159814,0.4436185424159814,0.4436087699765117,25.067248713572763
400.0,40.422,96.797,5.662,3.271,3987.708,1.6263348554089605,1.62627138240668,1.62627138240668,1.6263348554089605,2.6141489232098416,2.613877600794116,2.613877600794116,2.6141489232098416,1.6851222710101743,1.685018585103464,1.685018585103464,1.6851222710101743,0.4430475807833921,0.4430562782563154,0.4430562782563154,0.4430475807833921,2.5145071909522247
400.0,40.459,91.369,3.399,5.842,3328.369,1.626968475014552,1.6269049637337183,1.6269049637337183,1.626968475014552,2.615604863134669,2.61533314830264,2.61533314830264,2.615604863134669,1.6849271974078135,1.6848232015016196,1.6848232015016196,1.6849271974078135,0.4429672877915307,0.4429763783624785,0.4429763783624785,0.4429672877915307,3.0120892527047314
400.0,40.506,35.522,5.788,2.689,3611.201,1.6280379665053306,1.6279757105790753,1.6279757105790753,1.6280379665053306,2.6100616329173456,2.6097965968879304,2.6097965968879304,2.6100616329173456,1.6780619074086542,1.6779551356841906,1.6779551356841906,1.6780619074086542,0.4418616235393996,0.4418786998648959,0.4418786998648959,0.4418616235393996,2.771143300839412
400.0,40.799,77.31,4.326,4.399,4258.509,1.6265262603238049,1.626463007218689,1.626463007218689,1.6265262603238049,2.612349855385791,2.6120796641092907,2.6120796641092907,2.612349855385791,1.6828764542751329,1.6827726979579596,1.6827726979579596,1.6828764542751329,0.4427622776386667,0.4427722683544959,0.4427722683544959,0.4427622776386667,2.353115910815056
400.0,41.291,95.079,4.232,4.39,1275.558,1.6316797980364597,1.631615509329155,1.631615509329155,1.6316797980364597,2.63516805820844,2.634889324032935,2.634889324032935,2.63516805820844,1.690115411693635,1.6900087388463236,1.6900087388463236,1.690115411693635,0.4434465600442524,0.4434557632931922,0.4434557632931922,0.4434465600442524,7.860474266174272
400.0,41.351,94.684,2.932,3.291,2058.133,1.628570991421998,1.6285070080710848,1.6285070080710848,1.628570991421998,2.6239500960290245,2.6236748786931394,2.6236748786931394,2.6239500960290245,1.6874973857871158,1.687392395943174,1.687392395943174,1.6874973857871158,0.4433540688185615,0.4433628362173103,0.4433628362173103,0.4433540688185615,4.871596419663857
400.0,41.389,80.998,2.876,4.704,3909.483,1.6264933124302838,1.6264299952744108,1.6264299952744108,1.6264933124302838,2.6141559466379287,2.6138855844671927,2.6138855844671927,2.6141559466379287,1.6838650351010078,1.6837611976612954,1.6837611976612954,1.6838650351010078,0.4430120370698942,0.4430215336648433,0.4430215336648433,0.4430120370698942,2.5634991260877498
400.0,41.712,37.845,4.413,5.943,4601.931,1.6270295817537188,1.6269666981897366,1.6269666981897366,1.6270295817537188,2.609449507811859,2.609181274816391,2.609181274816391,2.609449507811859,1.678557840950007,1.6784512822715163,1.6784512822715163,1.678557840950007,0.4422314341266081,0.44224814147805,0.44224814147805,0.4422314341266081,2.1747175840997603
400.0,41.945,88.197,3.685,3.278,3591.751,1.6264045010175765,1.6263409343555126,1.6263409343555126,1.6264045010175765,2.616287299837048,2.6160154524314607,2.6160154524314607,2.616287299837048,1.6852710027341171,1.6851669536893197,1.6851669536893197,1.6852710027341171,0.4433233674941243,0.443332416120785,0.443332416120785,0.4433233674941243,2.7909205336434346
400.0,42.322,14.726,3.628,6.364,578.172,1.6431246432415525,1.6430603404478183,1.6430603404478183,1.6431246432415525,2.665286849101392,2.66500301307172,2.66500301307172,2.665286849101392,1.6896888217254318,1.6895513112921872,1.6895513112921872,1.6896888217254318,0.4424318438993247,0.4424860215718369,0.4424860215718369,0.4424318438993247,17.296270456071692
400.0,42.525,11.897,5.796,4.358,1462.503,1.6322558937631213,1.6321906187350672,1.6321906187350672,1.6322558937631213,2.625791684978859,2.625506936819689,2.625506936819689,2.625791684978859,1.6804568882746396,1.6803103092465506,1.6803103092465506,1.6804568882746396,0.4420799824701175,0.4421561348672994,0.4421561348672994,0.4420799824701175,6.837182039022327
400.0,42.629,96.555,6.417,4.919,3726.402,1.625914394987791,1.625851099254475,1.625851099254475,1.625914394987791,2.6174408783796066,2.6171716408732864,2.6171716408732864,2.6174408783796066,1.6866117465387784,1.6865069519466764,1.6865069519466764,1.6866117465387784,0.443683314279427,0.4436928498888534,0.4436928498888534,0.443683314279427,2.6908011614733205
400.0,42.763,31.166,2.692,5.125,1931.717,1.6300098850922071,1.6299460061291702,1.6299460061291702,1.6300098850922071,2.6214456584313046,2.6211700546534558,2.6211700546534558,2.6214456584313046,1.681025119147594,1.6809148181738482,1.6809148181738482,1.681025119147594,0.4425012919783583,0.4425216322210505,0.4425216322210505,0.4425012919783583,5.179683124246702
400.0,42.785,98.593,2.888,5.375,2667.135,1.626931750577121,1.6268676580063903,1.6268676580063903,1.626931750577121,2.621826305891537,2.6215518458800946,2.6215518458800946,2.621826305891537,1.6878860887438318,1.6877809216255564,1.6877809216255564,1.6878860887438318,0.4438068793033684,0.4438160061774159,0.4438160061774159,0.4438068793033684,3.7597116884544
400.0,43.039,26.804,2.968,4.744,1603.716,1.6311346185031277,1.6310714424079142,1.6310714424079142,1.6311346185031277,2.6253945013656783,2.625122810824569,2.625122810824569,2.6253945013656783,1.6815980602565697,1.6814858057951685,1.6814858057951685,1.6815980602565697,0.4425292773124966,0.4425519553676857,0.4425519553676857,0.4425292773124966,6.238169499502658
400.0,43.105,21.743,4.773,4.819,3757.274,1.627532222726897,1.6274678393155322,1.6274678393155322,1.627532222726897,2.6115925087407126,2.611314693292235,2.611314693292235,2.6115925087407126,1.677912780761922,1.677799298018382,1.677799298018382,1.677912780761922,0.4423221205703247,0.4423493971281247,0.4423493971281247,0.4423221205703247,2.662205404564008
400.0,43.737,91.603,3.553,2.578,1207.626,1.631552283118438,1.6314872657886863,1.6314872657886863,1.631552283118438,2.6395082796054856,2.639225879508164,2.639225879508164,2.6395082796054856,1.6916041318670787,1.6914968893368765,1.6914968893368765,1.6916041318670787,0.4441015317355629,0.4441105456125886,0.4441105456125886,0.4441015317355629,8.301679121753548
400.0,43.861,79.014,6.261,2.603,872.808,1.6351234684934632,1.6350587663555225,1.6350587663555225,1.6351234684934632,2.65060007507708,2.6503181736728947,2.6503181736728947,2.65060007507708,1.692949597453462,1.6928403757095831,1.6928403757095831,1.692949597453462,0.4439941865107458,0.4440046119055008,0.4440046119055008,0.4439941865107458,11.481545629371594
400.0,43.918,13.882,2.693,2.931,803.019,1.6376614662887952,1.6375942094836275,1.6375942094836275,1.6376614662887952,2.6488336161735373,2.6485342893685737,2.6485342893685737,2.6488336161735373,1.686370179296321,1.6862362393501722,1.6862362393501722,1.686370179296321,0.4427213953724834,0.4427727386208728,0.4427727386208728,0.4427213953724834,12.452963297412408
400.0,44.02,68.299,4.309,3.331,815.955,1.6361613738554854,1.6360966612911052,1.6360966612911052,1.6361613738554854,2.6528913546289243,2.652608600148597,2.652608600148597,2.6528913546289243,1.692457169976948,1.6923475087205324,1.6923475087205324,1.692457169976948,0.443852292839149,0.4438634269543946,0.4438634269543946,0.443852292839149,12.277257750525942
400.0,44.169,78.495,5.702,2.909,777.644,1.6365157590370627,1.6364511568353155,1.6364511568353155,1.6365157590370627,2.656246469856456,2.6559643885489175,2.6559643885489175,2.656246469856456,1.694309616791983,1.694199500489584,1.694199500489584,1.694309616791983,0.4441214008971878,0.4441320974932763,0.4441320974932763,0.4441214008971878,12.886357167382176
400.0,44.303,43.022,5.101,6.085,3933.056,1.6265697140823787,1.6265060087348318,1.6265060087348318,1.6265697140823787,2.6143707149564666,2.614098326592849,2.614098326592849,2.6143707149564666,1.6810898791381614,1.6809837836912227,1.6809837836912227,1.6810898791381614,0.4430900180445436,0.4431044752887748,0.4431044752887748,0.4430900180445436,2.5449790975223032
400.0,44.495,43.674,3.883,4.639,2575.455,1.6278918650431908,1.6278279164636198,1.6278279164636198,1.6278918650431908,2.619706608155796,2.6194316819775683,2.6194316819775683,2.619706608155796,1.6824575050783208,1.6823506234487164,1.6823506234487164,1.6824575050783208,0.4432052676129453,0.4432199073852384,0.4432199073852384,0.4432052676129453,3.886591279813852
400.0,44.72,68.368,4.538,2.572,866.043,1.6352293302894434,1.6351648756639197,1.6351648756639197,1.6352293302894434,2.6510661573492658,2.650785834681193,2.650785834681193,2.6510661573492658,1.6922802104554049,1.6921704005897833,1.6921704005897833,1.6922802104554049,0.444033240578427,0.4440448860765446,0.4440448860765446,0.444033240578427,11.567207928535227
400.0,45.044,30.982,3.307,3.253,1212.732,1.632571951830566,1.6325078294685291,1.6325078294685291,1.632571951830566,2.6357512030401247,2.6354732444955435,2.6354732444955435,2.6357512030401247,1.6850917067248574,1.6849796880707173,1.6849796880707173,1.6850917067248574,0.4432607381747228,0.4432806810519167,0.4432806810519167,0.4432607381747228,8.250432390032307
400.0,45.117,10.115,5.206,4.349,1830.477,1.6301529485962387,1.6300884111289478,1.6300884111289478,1.6301529485962387,2.62356175750259,2.62328301661095,2.62328301661095,2.62356175750259,1.680731736697073,1.68056232526565,1.68056232526565,1.680731736697073,0.4427235134940706,0.4428357820629034,0.4428357820629034,0.4427235134940706,5.462398756499113
400.0,45.124,89.099,6.472,5.518,402.319,1.6486015057383252,1.6485342625222894,1.6485342625222894,1.6486015057383252,2.704030408976605,2.703726488860275,2.703726488860275,2.704030408976605,1.7067481972012024,1.7066317346460975,1.7066317346460975,1.7067481972012024,0.4450173398026462,0.4450271775583478,0.4450271775583478,0.4450173398026462,24.91632579773501
400.0,45.169,25.132,5.425,3.983,4411.266,1.626467797409506,1.6264045984701117,1.6264045984701117,1.626467797409506,2.612852228514619,2.612583165686865,2.612583165686865,2.612852228514619,1.6792387033461922,1.6791261418329368,1.6791261418329368,1.6792387033461922,0.4429674099522226,0.4429927425904182,0.4429927425904182,0.4429674099522226,2.2677646105780185
400.0,45.613,33.141,6.355,4.624,1580.966,1.6303677702203951,1.6303038609163238,1.6303038609163238,1.6303677702203951,2.6293692620730504,2.629094219473354,2.629094219473354,2.6293692620730504,1.684020646117642,1.6839098905584229,1.6839098905584229,1.684020646117642,0.4434015665457966,0.4434206383872348,0.4434206383872348,0.4434015665457966,6.329215851719916
400.0,46.125,29.719,3.88,5.953,1721.26,1.6297714970622703,1.6297073499300545,1.6297073499300545,1.6297714970622703,2.627748465317413,2.6274723487333187,2.6274723487333187,2.627748465317413,1.6834740470020195,1.6833630410355278,1.6833630410355278,1.6834740470020195,0.4434623637840219,0.443482117494905,0.443482117494905,0.4434623637840219,5.8126938343823005
400.0,46.254,54.527,3.402,5.627,2249.192,1.6277359408093597,1.6276717907468603,1.6276717907468603,1.6277359408093597,2.6248777767301856,2.624602789637512,2.624602789637512,2.6248777767301856,1.6853402395745414,1.6852332960830942,1.6852332960830942,1.6853402395745414,0.4439502456607604,0.4439631774424173,0.4439631774424173,0.4439502456607604,4.451929700626499
400.0,46.656,42.615,3.159,3.416,839.172,1.635683990211068,1.63561898646842,1.63561898646842,1.635683990211068,2.6526051778432898,2.6523215812815604,2.6523215812815604,2.6526051778432898,1.6907074862728697,1.690595569129649,1.690595569129649,1.6907074862728697,0.4440914437028825,0.4441071453091419,0.4441071453091419,0.4440914437028825,11.927581075677328
400.0,46.706,69.188,2.88,4.642,3621.005,1.6255170879468228,1.6254528578393002,1.6254528578393002,1.6255170879468228,2.62031834729052,2.620044057187517,2.620044057187517,2.62031834729052,1.6859078340329745,1.6858024822804747,1.6858024822804747,1.6859078340329745,0.4443142287860541,0.4443247703648751,0.4443247703648751,0.4443142287860541,2.7666430295107243
400.0,46.911,21.628,5.763,2.7,778.698,1.6370658733873218,1.6370009508868364,1.6370009508868364,1.6370658733873218,2.6546060600332195,2.654322491092392,2.654322491092392,2.6546060600332195,1.6891543097185902,1.6890339613200067,1.6890339613200067,1.6891543097185902,0.4437701577827498,0.4437991336250294,0.4437991336250294,0.4437701577827498,12.845085109968403
400.0,46.951,66.995,3.343,3.812,1977.856,1.627887085463595,1.6278231194554729,1.6278231194554729,1.627887085463595,2.629095143931821,2.628821608217107,2.628821608217107,2.629095143931821,1.6878075058426647,1.687700346011318,1.687700346011318,1.6878075058426647,0.4444243415991169,0.4444360910450819,0.4444360910450819,0.4444243415991169,5.064721086559202
400.0,47.316,57.425,3.692,3.86,1763.157,1.6286512261146244,1.6285871990961984,1.6285871990961984,1.6286512261146244,2.6310435904474327,2.630769337614476,2.630769337614476,2.6310435904474327,1.687420625824807,1.687313273427132,1.687313273427132,1.687420625824807,0.444360378040112,0.4443724479708288,0.4443724479708288,0.444360378040112,5.67967617899326
400.0,47.411,25.21,3.994,2.549,4352.795,1.6258758305796526,1.625812180362016,1.625812180362016,1.6258758305796526,2.6156603291927274,2.615389314546261,2.615389314546261,2.6156603291927274,1.6806507615065478,1.680538082671621,1.680538082671621,1.6806507615065478,0.4436139400894456,0.4436386376182616,0.4436386376182616,0.4436139400894456,2.2982256766899583
400.0,47.779,12.584,5.633,4.315,745.141,1.6376424338849709,1.637576144151914,1.637576144151914,1.6376424338849709,2.6570806815851427,2.656788656967956,2.656788656967956,2.6570806815851427,1.689532286161803,1.689382002766881,1.689382002766881,1.689532286161803,0.4438391572246833,0.4439141690013023,0.4439141690013023,0.4438391572246833,13.41958000427002
400.0,48.193,82.351,4.775,5.946,833.407,1.634439515683232,1.634373383518766,1.634373383518766,1.634439515683232,2.6582728382742378,2.6579834005066223,2.6579834005066223,2.6582728382742378,1.6965380098465193,1.696427716972569,1.696427716972569,1.6965380098465193,0.4453481646789356,0.4453579101456367,0.4453579101456367,0.4453481646789356,12.025578598510467
400.0,48.253,47.965,6.422,4.052,2083.39,1.6277082653461064,1.6276432959392926,1.6276432959392926,1.6277082653461064,2.628075069868456,2.627795235256896,2.627795235256896,2.628075069868456,1.6860973292504964,1.6859898297571865,1.6859898297571865,1.6860973292504964,0.4444099024969212,0.4444231651329388,0.4444231651329388,0.4444099024969212,4.805184391301901
400.0,48.261,44.465,3.393,3.427,3660.715,1.6256379264511829,1.6255741997503854,1.6255741997503854,1.6256379264511829,2.6199661157969163,2.6196949895685813,2.6196949895685813,2.6199661157969163,1.6838669268784696,1.6837596070765657,1.6837596070765657,1.6838669268784696,0.4442648222802407,0.4442795462021815,0.4442795462021815,0.4442648222802407,2.7344261004160946
400.0,48.35,93.557,3.485,3.505,2029.64,1.6267524482572022,1.6266881046568715,1.6266881046568715,1.6267524482572022,2.6326078010245735,2.6323329868775045,2.6323329868775045,2.6326078010245735,1.6917723403659166,1.691665111969699,1.691665111969699,1.6917723403659166,0.4453621554911244,0.44537191103881,0.44537191103881,0.4453621554911244,4.9397551330727945
400.0,48.883,68.959,3.647,5.126,1889.799,1.627557684191364,1.6274936165392186,1.6274936165392186,1.627557684191364,2.632509113809361,2.6322355320981417,2.6322355320981417,2.632509113809361,1.6894520115646143,1.6893441067599233,1.6893441067599233,1.6894520115646143,0.4450337910976942,0.4450457018818241,0.4450457018818241,0.4450337910976942,5.3010388800550325
400.0,48.918,52.576,2.952,5.439,4892.43,1.624552110938118,1.6244878597246477,1.6244878597246477,1.624552110938118,2.6188606667598835,2.618587034350747,2.618587034350747,2.6188606667598835,1.6846465866083038,1.6845396797047072,1.6845396797047072,1.6846465866083038,0.4445922885450013,0.4446061371551743,0.4446061371551743,0.4445922885450013,2.04654830054732
400.0,48.934,95.664,5.817,3.059,4984.745,1.6235015819398966,1.6234366635553494,1.6234366635553494,1.6235015819398966,2.622446734148031,2.622169952089604,2.622169952089604,2.622446734148031,1.689823573445614,1.6897181499755267,1.6897181499755267,1.689823573445614,0.4454650090263153,0.4454738010149384,0.4454738010149384,0.4454650090263153,2.0114629014869907
400.0,49.934,96.425,2.792,5.607,813.54,1.6339563543764468,1.63389022502763,1.63389022502763,1.6339563543764468,2.662783524386489,2.662494955320092,2.662494955320092,2.662783524386489,1.6995977057730067,1.69948627338833,1.69948627338833,1.6995977057730067,0.4461571070011812,0.446166777137436,0.446166777137436,0.4461571070011812,12.32484608218906
400.0,49.954,55.106,4.868,3.005,2367.587,1.6264756473629465,1.6264102646914227,1.6264102646914227,1.6264756473629465,2.62858050259213,2.6282992074569416,2.6282992074569416,2.62858050259213,1.6875068273761866,1.6873994854223255,1.6873994854223255,1.6875068273761866,0.4450260977243831,0.4450384275066999,0.4450384275066999,0.4450260977243831,4.229360965651693
400.0,50.091,46.723,3.512,5.477,4661.173,1.6244717281285004,1.6244074720346868,1.6244074720346868,1.6244717281285004,2.620162764636455,2.6198896569570005,2.6198896569570005,2.620162764636455,1.684756001251717,1.684648740852576,1.684648740852576,1.684756001251717,0.4448178869984413,0.4448321269663412,0.4448321269663412,0.4448178869984413,2.147671875254728
400.0,50.203,96.657,3.424,3.113,3078.847,1.624425682530504,1.624360665871924,1.624360665871924,1.624425682530504,2.6287871789787864,2.6285093236594257,2.6285093236594257,2.6287871789787864,1.691827588400157,1.6917210218790315,1.6917210218790315,1.691827588400157,0.4459020317043603,0.4459111766495823,0.4459111766495823,0.4459020317043603,3.2567136085104007
400.0,50.282,83.769,4.337,5.138,2707.977,1.6251665376921738,1.6251017858604486,1.6251017858604486,1.6251665376921738,2.6294484736514625,2.629172456697582,2.629172456697582,2.6294484736514625,1.6907075121624946,1.6906004873481102,1.6906004873481102,1.6907075121624946,0.4456806378985305,0.4456908502984846,0.4456908502984846,0.4456806378985305,3.701182315575776
400.0,50.497,18.01,5.546,3.866,516.482,1.642996178484161,1.6429285633985424,1.6429285633985424,1.642996178484161,2.6834919187821744,2.6831894158439926,2.6831894158439926,2.6834919187821744,1.696858154752062,1.6967278129021246,1.6967278129021246,1.696858154752062,0.4449715546220933,0.4450094711286359,0.4450094711286359,0.4449715546220933,19.363968737709403
400.0,51.086,54.518,4.979,4.499,4766.486,1.6239663297586364,1.6239023470526848,1.6239023470526848,1.6239663297586364,2.6218620937238337,2.621591008011783,2.621591008011783,2.6218620937238337,1.6862708611177504,1.6861636213242153,1.6861636213242153,1.6862708611177504,0.445261758255439,0.4452752004757565,0.4452752004757565,0.445261758255439,2.1007495673581933
400.0,51.234,71.612,4.997,5.243,945.458,1.6323760287514992,1.6323101987302364,1.6323101987302364,1.6323760287514992,2.6556879529621167,2.6554022375941466,2.6554022375941466,2.6556879529621167,1.695892946918486,1.695781956797427,1.695781956797427,1.695892946918486,0.4459719325214464,0.4459833250120495,0.4459833250120495,0.4459719325214464,10.596631877583668
400.0,51.334,63.901,3.814,5.759,2556.55,1.6255680437313935,1.6255032502214497,1.6255032502214497,1.6255680437313935,2.629842332123523,2.629565757546521,2.629565757546521,2.629842332123523,1.6891524343808992,1.6890451597792264,1.6890451597792264,1.6891524343808992,0.4455937381283153,0.4456050930861274,0.4456050930861274,0.4455937381283153,3.917867736062878
400.0,51.457,80.884,3.727,5.074,4603.829,1.623328279254191,1.6232635715676045,1.6232635715676045,1.623328279254191,2.6248769684569315,2.6246019479938973,2.6246019479938973,2.6248769684569315,1.6897531091925233,1.6896465187066954,1.6896465187066954,1.6897531091925233,0.445906212431159,0.4459167102432632,0.4459167102432632,0.445906212431159,2.176834314696892
400.0,51.673,12.025,3.026,3.057,4860.102,1.624758956535738,1.624694829480062,1.624694829480062,1.624758956535738,2.618769021642004,2.618496943926353,2.618496943926353,2.618769021642004,1.6819172217677307,1.681770621940304,1.681770621940304,1.6819172217677307,0.4445446142558153,0.4446209075912662,0.4446209075912662,0.4445446142558153,2.0574371001554885
400.0,52.456,63.399,5.871,4.583,1514.494,1.6280807316335266,1.6280153849355077,1.6280153849355077,1.6280807316335266,2.641380946003956,2.6411003907123014,2.6411003907123014,2.641380946003956,1.6921606387788743,1.6920512180164682,1.6920512180164682,1.6921606387788743,0.4460137484634173,0.4460259494814594,0.4460259494814594,0.4460137484634173,6.613441706434497
400.0,52.514,23.138,5.663,6.309,2458.889,1.626355536511896,1.6262906529819603,1.6262906529819603,1.626355536511896,2.6283436557455544,2.628066125869091,2.628066125869091,2.6283436557455544,1.685102844798576,1.6849863342389906,1.6849863342389906,1.685102844798576,0.4451125407509937,0.4451400726251723,0.4451400726251723,0.4451125407509937,4.068072188623637
400.0,52.678,24.736,5.471,2.811,1875.572,1.6275895541551204,1.627524643105835,1.6275246431056567,1.6275895541551204,2.633470471500421,2.6331923193509432,2.633192319349317,2.633470471500421,1.686509135458964,1.6863934294241014,1.6863934294241014,1.686509135458964,0.4452419592765672,0.4452672142024279,0.4452672142024279,0.4452419592765672,5.33354176731944
400.0,53.035,65.501,5.797,5.16,3542.567,1.6239324686704866,1.6238674046339734,1.6238674046339734,1.6239324686704866,2.6279398703470966,2.627662952470588,2.627662952470588,2.6279398703470966,1.6894466660452077,1.689339213824198,1.689339213824198,1.6894466660452077,0.446079644743752,0.4460913086786331,0.4460913086786331,0.446079644743752,2.827535045206561
400.0,53.242,90.544,4.373,4.042,2496.628,1.6245314203351489,1.624465746453334,1.624465746453334,1.6245314203351489,2.6348651263738927,2.6345849806203114,2.6345849806203114,2.6348651263738927,1.6936537989465883,1.693545762731072,1.693545762731072,1.6936537989465883,0.446695710385553,0.4467055528021671,0.4467055528021671,0.446695710385553,4.0153654458778245
400.0,53.324,31.521,2.699,6.167,4026.134,1.6242903077565385,1.6242259353617703,1.6242259353617703,1.6242903077565385,2.624062906522697,2.6237897901072595,2.6237897901072595,2.624062906522697,1.685222218004014,1.685111074896478,1.685111074896478,1.685222218004014,0.4454597928431943,0.4454795186119409,0.4454795186119409,0.4454597928431943,2.4851807338538268
400.0,53.619,24.477,4.406,4.476,1980.39,1.6270439700485808,1.626978942728061,1.626978942728061,1.6270439700477792,2.633530597881649,2.63325224291171,2.63325224291171,2.63353057619686,1.6868135094091008,1.6866979881546014,1.6866979881546014,1.6868135094091008,0.4455004556690921,0.4455252119085488,0.4455252119085488,0.4455004556690921,5.051201512744742
400.0,53.626,31.108,3.767,3.803,761.824,1.6353226160310874,1.6352568767391942,1.6352568767391942,1.6353226160310874,2.6647896946880665,2.66450375486064,2.66450375486064,2.6647896946880665,1.694736246713432,1.694618818566925,1.694618818566925,1.694736246713432,0.4459443172084209,0.4459654918065774,0.4459654918065774,0.4459443172084209,13.133503228505004
400.0,54.469,65.941,5.051,4.995,2778.898,1.6243401453535895,1.62427439441039,1.62427439441039,1.6243401453535895,2.632684583564649,2.6324036666353825,2.6324036666353825,2.632684583564649,1.6910784029583812,1.6909703024370637,1.6909703024370637,1.6910784029583812,0.4465385583472601,0.4465500318463259,0.4465500318463259,0.4465385583472601,3.604610475323175
400.0,54.552,29.107,4.476,3.901,4259.707,1.623868128190713,1.6238033026084804,1.6238033026084804,1.623868128190713,2.6248383332619194,2.624562941010615,2.624562941010615,2.6248383332619194,1.6855727402120304,1.685459366886359,1.685459366886359,1.6855727402120304,0.4457611884938323,0.4457842150292631,0.4457842150292631,0.4457611884938323,2.348721537842525
400.0,55.172,67.666,3.374,3.23,516.301,1.6406398048929338,1.6405719160146977,1.6405719160146977,1.6406398048929338,2.6938164340383337,2.6935154449041745,2.6935154449041745,2.6938164340383337,1.7056724290061906,1.70555528852049,1.70555528852049,1.7056724290061906,0.4473871164702121,0.4473996359670116,0.4473996359670116,0.4473871164702121,19.401907129010375
400.0,55.18,17.223,2.693,3.094,4482.039,1.6238518378153963,1.623786338238829,1.623786338238829,1.6238518378153963,2.6241387875520483,2.623859300870572,2.623859300870572,2.6241387875520483,1.6846134709277338,1.6844880529429818,1.6844880529429818,1.6846134709277338,0.4456902201866179,0.4457319285352139,0.4457319285352139,0.4456902201866179,2.2313487404090613
400.0,55.353,70.15,2.64,3.219,1959.075,1.625575057450258,1.6255093791458957,1.6255093791458957,1.625575057450258,2.639861960362528,2.639581762618218,2.639581762618218,2.639861960362528,1.6934704767803757,1.6933612950835917,1.6933612950835917,1.6934704767803757,0.44694330038813,0.4469545570795236,0.4469545570795236,0.44694330038813,5.113734985808513
400.0,55.383,14.534,3.32,4.762,3527.328,1.6244873558755746,1.624421202204403,1.624421202204403,1.6244873558755746,2.6264417751434426,2.626158272774139,2.626158272774139,2.6264417751434426,1.6850782595259626,1.684944943622951,1.684944943622951,1.6850782595259626,0.4457129266527639,0.4457663906488646,0.4457663906488646,0.4457129266527639,2.8350374253774158
400.0,55.416,35.316,4.517,3.371,3659.351,1.623887921061725,1.6238227221258543,1.6238227221258543,1.623887921061725,2.627895263028054,2.6276178425940655,2.6276178425940655,2.627895263028054,1.6871979595419346,1.6870870154632631,1.6870870154632631,1.6871979595419346,0.4461564481524609,0.4461746771518746,0.4461746771518746,0.4461564481524609,2.73460254157544
400.0,55.421,65.32,4.891,3.663,886.519,1.632128932129868,1.6320617473708263,1.6320617473708263,1.632128932129868,2.663024976037505,2.6627323560765213,2.6627323560765213,2.663024976037505,1.6983824598826542,1.6982701221247358,1.6982701221247358,1.6983824598826542,0.4471064565796483,0.44711807710535,0.44711807710535,0.4471064565796483,11.2987449933244
400.0,55.493,97.596,2.877,4.613,885.185,1.6313985272911955,1.6313315396373629,1.6313315396373629,1.6313985272911955,2.6660519959205837,2.665761707935717,2.665761707935717,2.6660519959205837,1.7023737588246577,1.7022611354019117,1.7022611354019117,1.7023737588246577,0.4477905089486931,0.4478003187349233,0.4478003187349233,0.4477905089486931,11.327645255285852
400.0,55.51,77.762,5.804,4.59,1580.522,1.6266364896554038,1.626570047495403,1.626570047495403,1.6266364896554038,2.6453757994495475,2.6450903986577736,2.6450903986577736,2.6453757994495475,1.695573199030616,1.6954633110120485,1.6954633110120485,1.695573199030616,0.4471933112734949,0.447204140520814,0.447204140520814,0.4471933112734949,6.34008922311808
400.0,55.668,75.471,3.97,3.379,2519.73,1.624181499862147,1.6241158318904616,1.6241158318904616,1.624181499862147,2.636403587502937,2.636123999240822,2.636123999240822,2.636403587502937,1.6933111107314542,1.6932023904797853,1.6932023904797853,1.6933111107314542,0.4470990134772269,0.4471099460072822,0.4471099460072822,0.4470990134772269,3.976587981536607
400.0,56.067,22.013,5.456,2.589,1963.933,1.626476699130457,1.6264106556502067,1.6264106556502067,1.626476699130457,2.6364826027445387,2.636199424592548,2.636199424592548,2.6364826027445387,1.6880746880121231,1.687955895880072,1.687955895880072,1.6880746880121231,0.4461650277844394,0.4461938374723694,0.4461938374723694,0.4461650277844394,5.093100600961034
400.0,56.301,66.877,5.819,4.276,712.165,1.6347554317494437,1.6346880244166262,1.634688024416409,1.6347554317494437,2.674806020092118,2.6745112249988194,2.674511180902368,2.674806020092118,1.7015723291459686,1.7014580810348283,1.7014580810348283,1.7015723291459686,0.447506503621995,0.4475184223997849,0.4475184223997849,0.447506503621995,14.065585779358488
400.0,56.477,51.042,2.968,3.846,4658.937,1.6226230608021108,1.6225577149479324,1.6225577149479324,1.6226230608021108,2.628346506249964,2.6280689516475526,2.6280689516475526,2.628346506249964,1.689244785137889,1.6891363335998175,1.6891363335998175,1.689244785137889,0.4467645542348231,0.4467779192655609,0.4467779192655609,0.4467645542348231,2.1489835337874315
400.0,56.563,29.705,3.383,5.422,2098.356,1.6258236367506396,1.6257574402885917,1.6257574402885917,1.6258236367506396,2.63652782168033,2.6362438873705254,2.6362438873705254,2.63652782168033,1.6890253587521258,1.6889109785222267,1.6889109785222267,1.6890253587521258,0.4464568628970901,0.4464786684118267,0.4464786684118267,0.4464568628970901,4.768021436914717
400.0,56.866,90.795,4.138,4.134,4507.156,1.621678205768594,1.6216120364892428,1.6216120364892428,1.621678205768594,2.632587219536435,2.632306290320587,2.632306290320587,2.632587219536435,1.6943797063840214,1.694271662229749,1.694271662229749,1.6943797063840214,0.4476936900945185,0.4477034367880512,0.4477034367880512,0.4476936900945185,2.2242228787876117
400.0,56.924,79.388,3.744,3.992,1818.624,1.625351525280743,1.6252851183309318,1.6252851183309318,1.625351525280743,2.644126173464744,2.6438418401878425,2.6438418401878425,2.644126173464744,1.6959270483087172,1.695817531213473,1.695817531213473,1.6959270483087172,0.4476105749881936,0.4476208096498853,0.4476208096498853,0.4476105749881936,5.510302521405659
400.0,56.963,37.227,5.736,3.43,3096.306,1.6239388782882018,1.623873602104683,1.623873602104683,1.6239388782882018,2.63184730482177,2.631569826945576,2.631569826945576,2.63184730482177,1.6888298683700846,1.6887187604276368,1.6887187604276368,1.6888298683700846,0.4466676958857707,0.4466850479106083,0.4466850479106083,0.4466676958857707,3.2320657959610224
400.0,57.115,33.588,2.73,4.734,4918.803,1.6227350226484911,1.6226695019835693,1.6226695019835693,1.6227350226484911,2.627178156129204,2.626899824042939,2.626899824042939,2.627178156129204,1.6874280297578648,1.6873167911180562,1.6873167911180562,1.6874280297578648,0.4465891448017997,0.4466077074088451,0.4466077074088451,0.4465891448017997,2.034293460444608
400.0,57.264,89.561,3.289,4.432,3226.307,1.62251908757137,1.6224529343984937,1.622452934398584,1.62251908757137,2.6363205639710623,2.6360395311006304,2.636039532618688,2.6363205639710623,1.6952579141542068,1.6951492828857504,1.6951492828857504,1.6952579141542068,0.4478216041080288,0.4478315020833726,0.4478315020833726,0.4478216041080288,3.107113850765856
400.0,57.434,50.451,5.745,4.278,553.325,1.6390592780883486,1.6389915129588322,1.6389915129588322,1.6390592780883486,2.690175004770716,2.6898760348304047,2.6898760348304047,2.690175004770716,1.7038619966668824,1.7037442067897202,1.7037442067897202,1.7038619966668824,0.447660697959695,0.4476755864818008,0.4476755864818008,0.447660697959695,18.09353712841235
400.0,57.544,42.435,5.288,5.789,1298.446,1.6283307572104202,1.6282643801632586,1.6282643801632586,1.6283307572104202,2.6500182591910986,2.6497327351716526,2.6497327351716526,2.6500182591910986,1.6937734742959634,1.6936604668148598,1.6936604668148598,1.6937734742959634,0.4471241515640291,0.4471403855671542,0.4471403855671542,0.4471241515640291,7.708522549088222
400.0,57.687,89.769,6.426,5.257,599.676,1.6366483382015005,1.636579559031461,1.636579559031461,1.6366483382015005,2.6886977780277324,2.6883945975040926,2.6883945975040926,2.6886977780277324,1.707582295283727,1.7074663093164362,1.7074663093164362,1.707582295283727,0.4484947205671,0.4485049242596904,0.4485049242596904,0.4484947205671,16.71638864531102
400.0,57.86,48.978,5.094,2.697,2387.767,1.6244244752353716,1.6243583832529116,1.6243583832529116,1.6244244752353716,2.6376252795299724,2.637343092318276,2.637343092318276,2.6376252795299724,1.6916602472379252,1.6915495474310311,1.6915495474310311,1.6916602472379252,0.4472099084388039,0.4472247507718334,0.4472247507718334,0.4472099084388039,4.192731311363652
400.0,58.02,40.177,5.235,3.848,485.922,1.641772312877402,1.6417041419879703,1.6417041419879703,1.641772312877402,2.6995943846434685,2.6992919964829656,2.6992919964829656,2.6995943846434685,1.7052075807927594,1.7050862166229217,1.7050862166229217,1.7052075807927594,0.4477186307751289,0.4477375123773549,0.4477375123773549,0.4477186307751289,20.596368454570676
400.0,58.168,38.437,4.019,3.232,4960.372,1.6223174336209776,1.6222524541570529,1.6222524541570529,1.6223174336209776,2.6288310692736365,2.6285569290263044,2.6285569290263044,2.6288310692736365,1.6886558282274151,1.6885449294020305,1.6885449294020305,1.6886558282274151,0.4469956854526992,0.447013029439287,0.447013029439287,0.4469956854526992,2.01756071690652
400.0,58.557,64.305,4.392,2.607,1611.28,1.6259950190714754,1.625928486884617,1.625928486884617,1.6259950190714754,2.647522538708131,2.647237964207862,2.647237964207862,2.647522538708131,1.6957448734324667,1.6956337914120916,1.6956337914120916,1.6957448734324667,0.4478120373902423,0.4478244626203255,0.4478244626203255,0.4478120373902423,6.216314071144036
400.0,58.81,91.09,3.046,5.581,2594.921,1.6228561485859143,1.6227896330601888,1.6227896330601888,1.6228561485859143,2.6412529294615514,2.640970074365355,2.640970074365355,2.6412529294615514,1.697084304791858,1.6969748376478868,1.6969748376478868,1.697084304791858,0.448340416080923,0.4483502710574042,0.4483502710574042,0.448340416080923,3.8633041328126287
400.0,58.938,50.283,2.984,5.238,616.363,1.6367192605031062,1.6366512124970352,1.6366512124970352,1.6367192605031062,2.6849942084813128,2.684695381904533,2.684695381904533,2.6849942084813128,1.703155651429474,1.703038510696234,1.703038510696234,1.703155651429474,0.4480361023207988,0.4480507872454923,0.4480507872454923,0.4480361023207988,16.24293353791962
400.0,58.967,94.12,3.731,4.738,1629.104,1.625137899378498,1.6250705997806894,1.6250705997806894,1.625137899378498,2.6504267358722817,2.650138211613644,2.650138211613644,2.6504267358722817,1.6995770522341505,1.6994661494344006,1.6994661494344006,1.6995770522341505,0.4485436594673377,0.4485536864563053,0.4485536864563053,0.4485436594673377,6.154260345508236
400.0,59.011,77.293,5.219,3.1,1741.993,1.6250902584222433,1.625023365916504,1.625023365916504,1.6250902584222433,2.647468988273729,2.6471824163648368,2.6471824163648368,2.647468988273729,1.697200210190758,1.6970896076899484,1.6970896076899484,1.697200210190758,0.4481942958719152,0.4482052905493035,0.4482052905493035,0.4481942958719152,5.752292648411002
400.0,59.234,25.677,3.255,4.919,4388.817,1.6225951956153768,1.6225298567121982,1.6225298567121982,1.6225951956153768,2.630027232397284,2.629750810405199,2.629750810405199,2.630027232397284,1.6880071287638807,1.6878902799902826,1.6878902799902826,1.6880071287638807,0.44705447356249,0.4470811358401596,0.4470811358401596,0.44705447356249,2.2793568981678334
400.0,59.458,42.159,4.599,5.387,2349.502,1.6242184333036298,1.6241524905093014,1.6241524905093014,1.6242184333036298,2.639266826027053,2.6389865792524163,2.6389865792524163,2.639266826027053,1.6918929024857678,1.6917810738622228,1.6917810738622228,1.6918929024857678,0.4475432090911153,0.4475594984791857,0.4475594984791857,0.4475432090911153,4.260060120872097
400.0,59.477,26.691,5.709,3.593,4357.736,1.6225224356768764,1.622456883577856,1.622456883577856,1.6225224356768764,2.6304781473770675,2.6302003326620755,2.6302003326620755,2.6304781473770675,1.6882956478724378,1.688179342149802,1.688179342149802,1.6882956478724378,0.4471474945541585,0.4471731852728562,0.4471731852728562,0.4471474945541585,2.2956890440518034
400.0,59.503,73.552,4.534,2.826,1977.535,1.624327317553292,1.6242604635962896,1.6242604635962896,1.624327317553292,2.645146976127557,2.6448611145762344,2.6448611145762344,2.645146976127557,1.696448231693933,1.696338009776408,1.696338009776408,1.696448231693933,0.4482348176978189,0.4482458049945404,0.4482458049945404,0.4482348176978189,5.0665266905612185
400.0,59.697,23.786,5.639,3.419,2911.445,1.623717906955649,1.6236524908550367,1.6236524908550367,1.623717906955649,2.6348239922162286,2.634547193089309,2.634547193089309,2.6348239922162286,1.689088629549082,1.6889698616264022,1.6889698616264022,1.689088629549082,0.447198669542264,0.4472271648157765,0.4472271648157765,0.447198669542264,3.4357661154100283
400.0,59.758,50.022,3.191,3.073,2043.135,1.6246246564060298,1.6245581252844457,1.6245581252844457,1.6246246564060298,2.6427626707966607,2.642478593269901,2.642478593269901,2.6427626707966607,1.6936004101768187,1.693489348402197,1.693489348402197,1.6936004101768187,0.447819750350584,0.4478336747686027,0.4478336747686027,0.447819750350584,4.9001012007728795
400.0,59.881,33.936,2.532,3.088,4868.228,1.6219948271523994,1.621928569684312,1.621928569684312,1.6219948271523994,2.6307001361346853,2.630418916475806,2.630418916475806,2.6307001361346853,1.6892117844333625,1.6891000967932266,1.6891000967932266,1.6892117844333625,0.4474074857742366,0.4474255069277065,0.4474255069277065,0.4474074857742366,2.0554420455756115
400.0,60.106,89.319,5.036,3.406,1624.602,1.624958769663328,1.6248919894980731,1.6248919894980731,1.624958769663328,2.651493409190751,2.651208371053136,2.651208371053136,2.651493409190751,1.6997263488522634,1.6996148282091652,1.6996148282091652,1.6997263488522634,0.4487835387173042,0.4487943589327378,0.4487943589327378,0.4487835387173042,6.170339387386366
400.0,60.33,64.129,5.76,5.674,1829.704,1.6247460455814915,1.6246797156671513,1.6246797156671513,1.6247460455814915,2.64689990962319,2.6466175607776203,2.6466175607776203,2.64689990962319,1.6961828683399465,1.6960717048967642,1.6960717048967642,1.6961828683399465,0.448302491751912,0.4483149618395403,0.4483149618395403,0.448302491751912,5.474190303529079
400.0,60.575,61.476,3.53,2.548,2741.212,1.622839707918014,1.622772894553614,1.622772894553614,1.622839707918014,2.640051634766891,2.6397668258579063,2.6397668258579063,2.640051634766891,1.6944037417960254,1.6942939379517583,1.6942939379517583,1.6944037417960254,0.4482450052118056,0.4482568086394834,0.4482568086394834,0.4482450052118056,3.653601915870479
400.0,60.603,12.629,3.193,2.897,2543.139,1.62424839705182,1.62418034271727,1.62418034271727,1.62424839705182,2.6368636875213984,2.636571006109989,2.636571006109989,2.6368636875213984,1.6891683444012942,1.68902177525186,1.68902177525186,1.6891683444012942,0.4472368277822589,0.4473077802185256,0.4473077802185256,0.4472368277822589,3.931910583562277
400.0,60.623,48.886,3.893,5.785,876.297,1.6312447905769345,1.6311770014362772,1.6311770014362772,1.6312447905769345,2.668599619005719,2.668305576791719,2.668305576791719,2.668599619005719,1.6997819552380922,1.6996669539323488,1.6996669539323488,1.6997819552380922,0.4483193076461884,0.4483339249347028,0.4483339249347028,0.4483193076461884,11.424345436954962
400.0,60.863,42.023,4.924,5.205,1210.407,1.6280320775025925,1.6279650904865763,1.6279650904865763,1.6280320775025925,2.6562634594454946,2.655975398796045,2.655975398796045,2.6562634594454946,1.6963040175076445,1.696190096032129,1.696190096032129,1.6963040175076445,0.4481205688388026,0.4481363806959168,0.4481363806959168,0.4481205688388026,8.269044027335907
400.0,60.886,57.966,3.894,3.826,2233.085,1.6237040119965007,1.6236369159672737,1.6236369159672737,1.6237040119965007,2.643289712064812,2.6430031297039545,2.6430031297039545,2.643289712064812,1.6949068136606928,1.694796086532789,1.694796086532789,1.6949068136606928,0.4482991416062492,0.4483118575393518,0.4483118575393518,0.4482991416062492,4.484442391557249
400.0,60.991,35.554,2.963,2.674,1302.41,1.627533224401847,1.627466045742956,1.627466045742956,1.627533224401847,2.6536246369131407,2.6533355542910377,2.6533355542910377,2.6536246369131407,1.6950808976434628,1.694965433753368,1.694965433753368,1.6950808976434628,0.4480003130256443,0.4480193698673858,0.4480193698673858,0.4480003130256443,7.683301907305006
400.0,61.001,93.666,4.537,5.548,1883.535,1.6237341524913085,1.6236669425379613,1.6236669425379613,1.6237341524913085,2.6497812078278637,2.64949426454267,2.64949426454267,2.6497812078278637,1.7000731665049114,1.6999622794951357,1.6999622794951357,1.7000731665049114,0.4491043862444805,0.4491142772676637,0.4491142772676637,0.4491043862444805,5.322841314281875
400.0,61.063,77.437,6.454,4.694,3788.63,1.6212896504339154,1.6212232544945488,1.6212232544945488,1.6212896504339154,2.638234869649281,2.63795390494234,2.63795390494234,2.638234869649281,1.6957629809611297,1.6956533814995844,1.6956533814995844,1.6957629809611297,0.4486750051571573,0.4486860124344768,0.4486860124344768,0.4486750051571573,2.644886958080293
400.0,61.099,42.177,5.712,5.117,1027.656,1.629505172603673,1.6294375136520862,1.6294375136520862,1.629505172603673,2.662181196623705,2.6618884471235145,2.6618884471235145,2.662181196623705,1.6977745352612668,1.6976589795098975,1.6976589795098975,1.6977745352612668,0.4482534667713151,0.4482705733278355,0.4482705733278355,0.4482534667713151,9.739584039606205
400.0,61.123,40.915,6.381,2.555,4799.481,1.6215273537386348,1.621460690655702,1.621460690655702,1.6215273537386348,2.6329666526329034,2.6326831400224058,2.6326831400224058,2.6329666526329034,1.6908615817660997,1.6907504269015703,1.6907504269015703,1.6908615817660997,0.4479174395830845,0.4479337752671394,0.4479337752671394,0.4479174395830845,2.085352805799943
400.0,61.13,37.431,4.262,4.704,4937.879,1.6215444134610872,1.6214781493421773,1.6214781493421773,1.6215444134610872,2.6324451850457886,2.6321643775184445,2.6321643775184445,2.6324451850457886,1.6903910827276247,1.69027901664721,1.69027901664721,1.6903910827276247,0.4478449028804763,0.4478629208867143,0.4478629208867143,0.4478449028804763,2.026675640908496
400.0,61.188,42.232,4.703,3.064,958.991,1.63021040349337,1.630143051744657,1.630143051744657,1.63021040349337,2.664958147634675,2.664666712733915,2.664666712733915,2.664958147634675,1.6984558848872515,1.6983396843916054,1.6983396843916054,1.6984558848872515,0.4483095145602973,0.4483270996190655,0.4483270996190655,0.4483095145602973,10.436958763240394
400.0,61.229,37.755,2.621,5.727,2618.628,1.6233827558777694,1.6233163040511551,1.6233163040511551,1.6233827558777694,2.6394173330503,2.6391342922220757,2.6391342922220757,2.6394173330503,1.6920797023918508,1.6919667240274845,1.6919667240274845,1.6920797023918508,0.4479560005025114,0.4479739754673088,0.4479739754673088,0.4479560005025114,3.821681777339817
400.0,61.397,67.078,4.22,5.824,333.743,1.650236103760002,1.650165362465037,1.650165362465037,1.650236103760002,2.742522521258517,2.7422006072709904,2.7422006072709904,2.742522521258517,1.7190221732595954,1.7188972330539998,1.7188972330539998,1.7190221732595954,0.4496587994468813,0.4496717969328668,0.4496717969328668,0.4496587994468813,30.01356031962061
400.0,61.577,37.181,4.992,5.315,2765.673,1.6230897782172813,1.6230229329754633,1.6230229329754633,1.6230897782172813,2.6390298815551447,2.638744969321112,2.638744969321112,2.6390298815551447,1.6920485690257063,1.6919352913781789,1.6919352913781789,1.6920485690257063,0.4480383556108516,0.4480568444580409,0.4480568444580409,0.4480383556108516,3.618422991130145
400.0,62.037,51.489,3.04,4.863,4945.686,1.6209731862101204,1.62090666357207,1.62090666357207,1.6209731862101204,2.6348014949476655,2.6345198613279086,2.6345198613279086,2.6348014949476655,1.692665426168753,1.6925550030857102,1.6925550030857102,1.692665426168753,0.44840190597007,0.448416017543531,0.448416017543531,0.44840190597007,2.024398504957998
400.0,62.243,41.99,2.948,6.228,4544.736,1.621321155542674,1.621254108208938,1.621254108208938,1.621321155542674,2.6348990921789905,2.634613730707465,2.634613730707465,2.6348990921789905,1.6917966345390567,1.691685321935152,1.691685321935152,1.6917966345390567,0.4482746012465282,0.448290545816189,0.448290545816189,0.4482746012465282,2.2023154668694924
400.0,62.681,90.062,2.579,5.512,4588.91,1.6200867364589613,1.620019531200466,1.620019531200466,1.6200867364589613,2.639632655328967,2.639348007153393,2.639348007153393,2.639632655328967,1.6979162425010117,1.6978067039085478,1.6978067039085478,1.6979162425010117,0.4493952006813837,0.4494049352820127,0.4494049352820127,0.4493952006813837,2.184525483171164
400.0,62.687,50.834,5.009,2.512,870.229,1.6307342767488795,1.6306660686875205,1.6306660686875205,1.6307342767488795,2.671692603305332,2.671396487080041,2.671396487080041,2.671692603305332,1.701397212560008,1.7012818409636623,1.7012818409636623,1.701397212560008,0.4489796758038427,0.4489937556070623,0.4489937556070623,0.4489796758038427,11.50468765204734
400.0,62.71,91.223,5.287,4.753,674.578,1.6333417635541905,1.6332726447619914,1.6332726447619914,1.6333417635541905,2.6881561415753774,2.687853815637764,2.687853815637764,2.6881561415753774,1.7093234017811303,1.7092068700972394,1.7092068700972394,1.7093234017811303,0.449963234973962,0.4499735404963949,0.4499735404963949,0.449963234973962,14.860893733094562
400.0,62.784,78.001,4.797,6.158,4183.473,1.6205534485009112,1.6204863745781253,1.6204863745781253,1.6205534485009112,2.6394921892860514,2.6392079407037987,2.6392079407037987,2.6394921892860514,1.6966948624978149,1.6965846866915482,1.6965846866915482,1.6966948624978149,0.4491853124023741,0.4491966405107134,0.4491966405107134,0.4491853124023741,2.39529620755522
400.0,62.914,57.949,3.499,3.266,4293.085,1.6209097763457616,1.6208434723951612,1.6208434723951612,1.620909776345448,2.637638330332486,2.6373583297828205,2.6373583297828205,2.6376383069919305,1.6942758130299225,1.6941651906506,1.6941651906506,1.6942758130299225,0.4488074227664744,0.4488208108441301,0.4488208108441301,0.4488074227664744,2.332617807708111
400.0,63.058,50.915,3.256,5.256,3916.922,1.621265567362947,1.6211985222158387,1.6211985222158387,1.621265567362947,2.638047824684933,2.637763185439089,2.637763185439089,2.638047824684933,1.6937068708966576,1.6935957719887071,1.6935957719887071,1.6937068708966576,0.4487143556100489,0.4487287606010396,0.4487287606010396,0.4487143556100489,2.5560455222539997
400.0,63.058,59.39,4.108,6.08,4263.321,1.6208556990627634,1.6207886069419184,1.6207886069419184,1.6208556990627634,2.6380100743864,2.6377253981799726,2.6377253981799726,2.6380100743864,1.694556050296276,1.6944457151054266,1.6944457151054266,1.694556050296276,0.4488805365123211,0.4488933108524061,0.4488933108524061,0.4488805365123211,2.3490123794671054
400.0,63.204,91.284,2.579,5.469,1699.467,1.6238030890736248,1.6237352911764356,1.6237352911764356,1.6238030890736248,2.6545460810276618,2.6542566510538115,2.6542566510538115,2.6545460810276618,1.7016882922663654,1.701576241699297,1.701576241699297,1.7016882922663654,0.449735814760333,0.4497461936291995,0.4497461936291995,0.449735814760333,5.8988728989475625
400.0,63.42,87.821,4.468,5.094,4996.747,1.6197529169719462,1.6196856761825271,1.6196856761825271,1.6197529169719462,2.6396836309045346,2.6393993724442306,2.6393993724442306,2.6396836309045346,1.6979512050837129,1.697841480979794,1.697841480979794,1.6979512050837129,0.4495605547561133,0.4495705317608018,0.4495705317608018,0.4495605547561133,2.006074991402764
400.0,63.444,81.943,5.992,3.069,4108.108,1.6203325799530062,1.6202654464528352,1.6202654464528352,1.6203325799530062,2.6408400908847587,2.640555651192555,2.640555651192555,2.6408400908847587,1.6976321421733076,1.6975219149925662,1.6975219149925662,1.6976321421733076,0.4494647261896252,0.4494756090945785,0.4494756090945785,0.4494647261896252,2.43954872575934
400.0,63.695,16.762,4.85,3.377,2783.095,1.6229597701659828,1.6228920901343966,1.6228920901343966,1.6229597701659828,2.6397794890998214,2.6394901034544698,2.6394901034544698,2.6397794890998214,1.6911029006107212,1.690973227566194,1.690973227566194,1.6911029006107212,0.4482316199956337,0.4482752069540976,0.4482752069540976,0.4482316199956337,3.5933720567254346
400.0,64.223,41.716,5.438,3.63,4117.355,1.6210307564437292,1.6209634496603795,1.6209634496603795,1.6210307564437292,2.6382154611191213,2.637929804370717,2.637929804370717,2.6382154611191213,1.693207429102618,1.6930950205109352,1.6930950205109352,1.693207429102618,0.4488633979129816,0.4488800366093991,0.4488800366093991,0.4488633979129816,2.4308858220666973
400.0,64.255,58.583,3.911,4.719,1478.176,1.6251809052301924,1.6251130282132336,1.6251130282132336,1.6251809052301924,2.656305535217109,2.656014558036964,2.656014558036964,2.656305535217109,1.699136399558962,1.6990233340386358,1.6990233340386358,1.699136399558962,0.4494095614129651,0.4494226200077817,0.4494226200077817,0.4494095614129651,6.774745561233698
400.0,64.339,49.477,3.487,5.141,2430.122,1.6225868877505425,1.6225196517136578,1.6225196517136578,1.6225868877505425,2.645478964043176,2.645193197453806,2.645193197453806,2.645478964043176,1.695723372723532,1.6956110696558575,1.6956110696558575,1.695723372723532,0.449131756656185,0.4491463558503894,0.4491463558503894,0.449131756656185,4.119680672939009
400.0,64.79,57.64,3.92,3.23,917.414,1.6294024613438165,1.6293341755937318,1.6293341755937318,1.6294024613438165,2.6727187646705843,2.6724236268463044,2.6724236268463044,2.6727187646705843,1.7030387399640838,1.70292309425056,1.70292309425056,1.7030387399640838,0.4497262425285433,0.4497398604865902,0.4497398604865902,0.4497262425285433,10.915359258333094
400.0,64.901,84.099,2.882,5.176,2973.418,1.6208669902859525,1.6207993274481898,1.6207993274481898,1.6208669902859525,2.64641672193085,2.6461297837134765,2.6461297837134765,2.64641672193085,1.6996431471908406,1.6995318796220955,1.6995318796220955,1.6996431471908406,0.4499836770381464,0.449994583805921,0.449994583805921,0.4499836770381464,3.37073340391183
400.0,64.982,31.776,4.021,4.972,955.912,1.6294672383886406,1.6293991389687876,1.6293991389687876,1.6294672383886406,2.6689462517176334,2.6686522472782697,2.6686522472782697,2.6689462517176334,1.6996083671491835,1.6994886259546085,1.6994886259546085,1.6996083671491835,0.4492254540519867,0.4492474419311151,0.4492474419311151,0.4492254540519867,10.466959985531238
400.0,65.13,18.634,4.839,4.215,3479.048,1.6217771523879627,1.6217103640397812,1.6217103640397812,1.6217771523879627,2.6389968601318827,2.6387138768074547,2.6387138768074547,2.6389968601318827,1.6915027081026928,1.6913771295389428,1.6913771295389428,1.6915027081026928,0.4486663151019308,0.4487035264414166,0.4487035264414166,0.4486663151019308,2.874720170245377
400.0,65.502,68.026,4.608,4.123,1677.992,1.6237910983846882,1.6237226917091707,1.6237226917091707,1.6237910983846882,2.655655497614044,2.6553624693289355,2.6553624693289355,2.655655497614044,1.700364696871162,1.700252093561353,1.700252093561353,1.700364696871162,0.4499431363778683,0.4499549531056158,0.4499549531056158,0.4499431363778683,5.969828503828422
400.0,65.905,80.72,4.561,5.471,2589.791,1.6211973691015693,1.6211294642016274,1.6211294642016274,1.6211973691015693,2.6492871915013,2.648998524357828,2.648998524357828,2.6492871915013,1.700308087516224,1.7001966291661543,1.7001966291661543,1.700308087516224,0.450235201825949,0.4502458794164928,0.4502458794164928,0.450235201825949,3.869608070355112
400.0,66.119,19.464,2.905,5.488,3945.974,1.6211356809079518,1.6210682630506008,1.6210682630506008,1.6211356809079518,2.639013715837073,2.6387278199679134,2.6387278199679134,2.639013715837073,1.691883682402425,1.6917585411406784,1.6917585411406784,1.691883682402425,0.4489616404729995,0.4489980295882528,0.4489980295882528,0.4489616404729995,2.5346213131099766
400.0,66.215,21.186,4.5,6.029,3280.753,1.6216075878353444,1.6215403323771098,1.6215403323771098,1.6216075878353444,2.6412443536345878,2.64095898715408,2.64095898715408,2.6412443536345878,1.692528051108188,1.6924043418269,1.6924043418269,1.692528051108188,0.4490492142224493,0.4490830215202132,0.4490830215202132,0.4490492142224493,3.0487215806713333
400.0,66.5,17.6,3.522,5.918,3056.354,1.6218464605223546,1.6217787543784994,1.6217787543784994,1.6218464605223546,2.6421372367489546,2.6418493275357675,2.6418493275357675,2.6421372367489546,1.6926424019392436,1.6925135732419727,1.6925135732419727,1.6926424019392436,0.4490660197794728,0.4491073880347328,0.4491073880347328,0.4490660197794728,3.272175674103313
400.0,66.608,82.998,6.426,3.415,4274.844,1.6193623327356146,1.619294485742531,1.619294485742531,1.6193623327356146,2.6445669177404527,2.644279928418038,2.644279928418038,2.6445669177404527,1.6996788221734176,1.6995676532397364,1.6995676532397364,1.6996788221734176,0.450424602568506,0.4504356086911859,0.4504356086911859,0.450424602568506,2.3444652633366574
400.0,67.164,53.634,4.65,6.205,1364.884,1.6251054652086658,1.6250370108963323,1.6250370108963323,1.6251054652086658,2.6616987191910444,2.6614056878192884,2.6614056878192884,2.6616987191910444,1.700873543883329,1.7007593317952696,1.7007593317952696,1.700873543883329,0.4502012320563863,0.450214683950938,0.450214683950938,0.4502012320563863,7.335862395099948
400.0,67.388,67.492,4.976,3.177,3600.335,1.619962117754008,1.619894128747794,1.619894128747794,1.619962117754008,2.645834061971364,2.6455459150423337,2.6455459150423337,2.645834061971364,1.6986618998145262,1.6985505268103058,1.6985505268103058,1.6986618998145262,0.4503546265103485,0.4503662889827212,0.4503662889827212,0.4503546265103485,2.7822844534682045
400.0,67.489,66.647,4.07,4.508,4823.766,1.6192155671946864,1.6191482668239403,1.6191482668239403,1.6192155671946864,2.643192905899024,2.6429097439725244,2.6429097439725244,2.643192905899024,1.6979956499215605,1.6978841415876087,1.6978841415876087,1.6979956499215605,0.4503352405860457,0.4503476566872007,0.4503476566872007,0.4503352405860457,2.0765699106364344
400.0,67.618,75.724,5.142,4.0,3770.962,1.6195839914121073,1.6195159366391532,1.6195159366391532,1.6195839914121073,2.646386458656239,2.646098291178571,2.646098291178571,2.646386458656239,1.6997050074921989,1.699593334790247,1.699593334790247,1.6997050074921989,0.4505887225663296,0.4506003232294972,0.4506003232294972,0.4505887225663296,2.6571034501374338
400.0,67.804,87.277,6.077,3.652,876.272,1.6284921771197396,1.6284228206628868,1.6284228206628868,1.6284921771197396,2.6812507160247607,2.6809508422615758,2.6809508422615758,2.6812507160247607,1.709057558632372,1.7089414808659713,1.7089414808659713,1.709057558632372,0.4512761861653393,0.4512866826316405,0.4512866826316405,0.4512761861653393,11.43879726596398
400.0,67.987,90.144,6.406,4.426,2423.21,1.6207113724281896,1.6206430775332448,1.6206430775332448,1.6207113724281896,2.6538009266262703,2.6535109740680487,2.6535109740680487,2.6538009266262703,1.7030237472169536,1.7029113055241842,1.7029113055241842,1.7030237472169536,0.4510664630522912,0.451077034173264,0.451077034173264,0.4510664630522912,4.1368716056646555
400.0,68.018,33.566,6.183,2.724,4642.391,1.6199058145495713,1.6198377157268329,1.6198377157268329,1.6199058145495713,2.6412084120685595,2.640919014997935,2.640919014997935,2.6412084120685595,1.694355893563858,1.694240820423416,1.694240820423416,1.694355893563858,0.4498074899696683,0.4498274019943259,0.4498274019943259,0.4498074899696683,2.1553788327044234
400.0,68.21,51.386,2.894,3.961,4200.73,1.6196885539904955,1.6196208654497195,1.6196208654497195,1.6196885539904955,2.6439096163286435,2.643623670539394,2.643623670539394,2.6439096163286435,1.6968563345425396,1.696744232812008,1.696744232812008,1.6968563345425396,0.4502468235827231,0.4502607000326389,0.4502607000326389,0.4502468235827231,2.3833728102561644
400.0,68.235,55.708,5.987,4.605,519.563,1.6373467604624132,1.6372763321765391,1.6372763321765391,1.6373467604622178,2.70905650916102,2.7087452736849413,2.7087452736849413,2.709056486771981,1.712455388160939,1.712333839050214,1.712333839050214,1.712455388160939,0.4510823686144918,0.4510969737562335,0.4510969737562335,0.4510823686144918,19.272214944292568
400.0,68.251,44.627,4.638,4.862,4156.137,1.619856776682288,1.6197890414027103,1.6197890414027103,1.619856776682288,2.643453218064941,2.643166573279127,2.643166573279127,2.643453218064941,1.6960782397120866,1.6959653335589664,1.6959653335589664,1.6960782397120866,0.4501192670441915,0.4501348481538594,0.4501348481538594,0.4501192670441915,2.408415253996372
400.0,68.297,87.926,5.643,3.742,2396.446,1.6207268891883824,1.6206584882684831,1.6206584882684831,1.6207268891883824,2.654172490668842,2.65388216120539,2.65388216120539,2.654172490668842,1.7029898155642376,1.7028774094317372,1.7028774094317372,1.7029898155642376,0.4511155248405326,0.4511259381106945,0.4511259381106945,0.4511155248405326,4.182770336080368
400.0,68.404,29.594,3.407,5.322,978.736,1.6283493344946502,1.6282804431947675,1.6282804431947675,1.6283493344946502,2.6721739429904923,2.671876690842543,2.671876690842543,2.6721739429904923,1.7012936347510343,1.7011723400990617,1.7011723400990617,1.7012936347510343,0.4501956277922057,0.4502188467974106,0.4502188467974106,0.4501956277922057,10.222093076688646
400.0,68.671,48.511,3.642,2.842,3687.024,1.6199773199771257,1.6199095435415316,1.6199095435415316,1.6199773199771257,2.6455016741836928,2.6452149774009466,2.6452149774009466,2.6455016741836928,1.6970909942085344,1.6969782010017067,1.6969782010017067,1.6970909942085344,0.4503391765728316,0.4503538917205558,0.4503538917205558,0.4503391765728316,2.7151866248084944
400.0,68.835,73.659,3.41,3.004,3467.435,1.619549370494977,1.6194809603876474,1.6194809603876474,1.619549370494977,2.648634155283079,2.648343879560226,2.648343879560226,2.648634155283079,1.7004301847181045,1.7003183290644015,1.7003183290644015,1.7004301847181045,0.4509204082374591,0.4509317686617833,0.4509317686617833,0.4509204082374591,2.8894961762063445
400.0,69.671,51.846,5.927,4.238,1094.293,1.6263851484256442,1.6263163658838022,1.6263163658838022,1.6263851484256442,2.671682517443788,2.671387504066687,2.671387504066687,2.671682517443788,1.7038640405595509,1.7037476084761716,1.7037476084761716,1.7038640405595509,0.4509972911674037,0.4510118578982124,0.4510118578982124,0.4509972911674037,9.149245771688022
400.0,70.061,31.279,6.297,2.831,820.671,1.6299446585849635,1.6298753592827169,1.6298753592827169,1.6299446585849635,2.682002154179381,2.6817019967616305,2.6817019967616305,2.682002154179381,1.7043104263901114,1.704187940028027,1.704187940028027,1.7043104263901114,0.4508168309097668,0.4508395219755027,0.4508395219755027,0.4508168309097668,12.19152187662662
400.0,70.245,23.661,4.653,3.283,593.171,1.6349941054688062,1.6349227437125875,1.6349227437125875,1.6349941054688062,2.6995129062665795,2.699197655574917,2.699197655574917,2.6995129062665795,1.7076712850625737,1.7075411880170026,1.7075411880170026,1.7076712850625737,0.4509132127296846,0.4509441694167124,0.4509441694167124,0.4509132127296846,16.863075693232727
400.0,70.317,23.409,4.061,3.148,1101.86,1.6267786018396782,1.626709426128384,1.626709426128384,1.6267786018396782,2.6696832654926306,2.6693852071250608,2.6693852071250608,2.6696832654926306,1.7007336491070777,1.7006082856983802,1.7006082856983802,1.7007336491070777,0.4505888116516313,0.4506186802134195,0.4506186802134195,0.4505888116516313,9.078009664016568
400.0,70.826,12.676,3.044,6.223,3287.472,1.6205523330787035,1.6204840587840117,1.6204840587840117,1.6205523330787035,2.64626982750729,2.6459800455174287,2.6459800455174287,2.64626982750729,1.6948117055099043,1.6946596567657204,1.6946596567657204,1.6948117055099043,0.4502235634309702,0.4502995756354772,0.4502995756354772,0.4502235634309702,3.0416258507960654
400.0,71.232,59.425,5.251,4.467,4876.734,1.6183550140399283,1.6182860972141817,1.6182860972141817,1.6183550140399283,2.6472112203055675,2.6469192786880287,2.6469192786880287,2.6472112203055675,1.699460782785424,1.6993481374537571,1.6993481374537571,1.699460782785424,0.451302711725702,0.4513158824211205,0.4513158824211205,0.451302711725702,2.0535211721645448
400.0,71.636,25.916,5.221,3.366,4827.317,1.6190204870366651,1.618952301723111,1.618952301723111,1.6190204870366651,2.644778682221486,2.6444904406043994,2.6444904406043994,2.644778682221486,1.6956292479924704,1.6955089896000477,1.6955089896000477,1.6956292479924704,0.4507200779414538,0.4507469993739857,0.4507469993739857,0.4507200779414538,2.0722823691414947
400.0,71.771,20.621,4.214,3.215,1514.72,1.6238548869079032,1.6237863649944515,1.6237863649944515,1.6238548869079032,2.661807119867573,2.6615150563213605,2.6615150563213605,2.661807119867573,1.6991716395706318,1.699043395029522,1.699043395029522,1.6991716395706318,0.450853644247791,0.4508893290925801,0.4508893290925801,0.450853644247791,6.6030634143217215
400.0,71.776,13.61,6.301,3.027,780.004,1.6305517871509791,1.6304807713148135,1.6304807713148135,1.6305517871509791,2.6850399594679306,2.6847296987138294,2.6847296987138294,2.6850399594679306,1.7042236168378653,1.704071179671418,1.704071179671418,1.7042236168378653,0.4509723092465267,0.4510405026042068,0.4510405026042068,0.4509723092465267,12.819724526721416
400.0,71.909,34.382,3.631,3.232,1264.244,1.624887156419357,1.6248182273348266,1.6248182273348266,1.624887156419357,2.668250459827571,2.6679553330856622,2.6679553330856622,2.668250459827571,1.702048814263444,1.701928758048959,1.701928758048959,1.702048814263444,0.4512487569444091,0.4512702839111369,0.4512702839111369,0.4512487569444091,7.914807249858133
400.0,72.069,73.764,5.85,5.816,2217.17,1.6203971032622493,1.6203281936630065,1.6203281936630065,1.6203971032622493,2.6590086505669963,2.658716144750848,2.658716144750848,2.6590086505669963,1.7039535913701236,1.7038395480882187,1.7038395480882187,1.7039535913701236,0.4519693300129618,0.4519814034760815,0.4519814034760815,0.4519693300129618,4.5188715173770495
400.0,72.173,83.36,2.72,3.7,3012.553,1.6189050523365758,1.618835755561198,1.618835755561198,1.6189050523365758,2.6554508736505875,2.6551567576666995,2.6551567576666995,2.6554508736505875,1.7041368128930676,1.7040238270755586,1.7040238270755586,1.7041368128930676,0.4521467575159939,0.4521573665895412,0.4521573665895412,0.4521467575159939,3.326826254621288
400.0,72.173,98.41,3.105,5.651,3826.124,1.6178294497713683,1.617760216437698,1.617760216437698,1.6178294497713683,2.6541181273533088,2.6538253105981866,2.6538253105981866,2.6541181273533088,1.7053614594435935,1.70524862163636,1.70524862163636,1.7053614594435935,0.4524298661575719,0.4524398426993092,0.4524398426993092,0.4524298661575719,2.620706908252328
400.0,72.351,10.383,3.458,4.595,1661.61,1.6233166491176338,1.62324730392207,1.62324730392207,1.6233166491176338,2.65938574579225,2.6590891034063637,2.6590891034063637,2.65938574579225,1.6982765951348409,1.6980971830882896,1.6980971830882896,1.6982765951348409,0.4507478559182119,0.4508637878546499,0.4508637878546499,0.4507478559182119,6.017330595127192
400.0,72.689,23.375,5.818,3.522,945.775,1.6277277956637748,1.6276581375308392,1.6276581375308392,1.6277277956637748,2.678474051722073,2.6781735215809945,2.6781735215809945,2.678474051722073,1.7035761147417956,1.7034492412319295,1.7034492412319295,1.7035761147417956,0.4513709888543764,0.4514009412577713,0.4514009412577713,0.4513709888543764,10.576117931298846
400.0,72.767,85.233,4.495,5.142,1781.537,1.6211212371008483,1.621051280066043,1.621051280066043,1.6211212371008483,2.6651938373428568,2.6648953203149106,2.6648953203149106,2.6651938373428568,1.7067999219675472,1.7066856635943015,1.7066856635943015,1.7067999219675472,0.4524734507854582,0.4524838500213211,0.4524838500213211,0.4524734507854582,5.625937896594102
400.0,73.093,24.582,5.579,6.313,1989.691,1.6217602134647249,1.6216906992288158,1.6216906992288158,1.6217602134647249,2.6578212150855687,2.657524008489158,2.657524008489158,2.6578212150855687,1.6990231409157608,1.6989005739364365,1.6989005739364365,1.6990231409157608,0.4512652420216873,0.4512927200324052,0.4512927200324052,0.4512652420216873,5.02745126053009
400.0,73.162,81.314,3.874,4.257,1134.662,1.6244776845179074,1.6244073860034072,1.6244073860034072,1.6244776845179074,2.6776493408707664,2.6773471962891766,2.6773471962891766,2.6776493408707664,1.7094359610644136,1.7093199158079675,1.7093199158079675,1.7094359610644136,0.4526600020387978,0.452670641570575,0.452670641570575,0.4526600020387978,8.832138241376812
400.0,73.252,29.73,2.895,2.779,1980.77,1.6216269021474732,1.621557672475782,1.621557672475782,1.6216269021474732,2.658577859353172,2.658282839150388,2.658282839150388,2.658577859353172,1.699775371802212,1.6996550436227456,1.6996550436227456,1.699775371802212,0.4514234058360793,0.4514472100246426,0.4514472100246426,0.4514234058360793,5.050938090339834
400.0,73.319,48.061,4.546,2.871,717.457,1.630573477423104,1.6305031027464734,1.6305031027464734,1.630573477423104,2.6945131784043697,2.6942073097509405,2.6942073097509405,2.6945131784043697,1.7100279343811815,1.7099069477462143,1.7099069477462143,1.7100279343811815,0.4522395128984192,0.45225595799124,0.45225595799124,0.4522395128984192,13.952903895324347
400.0,73.427,10.003,3.621,3.386,1226.796,1.62527976483193,1.6252096742314093,1.6252096742314093,1.62527976483193,2.668906116132004,2.668604649477782,2.668604649477782,2.668906116132004,1.700844717082728,1.7006570845372742,1.7006570845372742,1.700844717082728,0.4511561694177608,0.4512827662788521,0.4512827662788521,0.4511561694177608,8.149925896868158
400.0,73.525,51.888,4.697,5.184,3849.024,1.6184873995979987,1.618418812080474,1.618418812080474,1.6184873995979987,2.651550154890592,2.651260834891102,2.651260834891102,2.651550154890592,1.7004798305980575,1.70036562199628,1.70036562199628,1.7004798305980575,0.4518585855590241,0.4518733250554326,0.4518733250554326,0.4518585855590241,2.6011737339896426
400.0,74.184,31.448,5.557,2.821,3157.959,1.6193646490616842,1.6192958486463134,1.6192958486463134,1.6193646490616842,2.652713670833818,2.6524226658529493,2.6524226658529493,2.652713670833818,1.6988957880105169,1.6987768572853792,1.6987768572853792,1.6988957880105169,0.4516519845710378,0.45167465253897,0.45167465253897,0.4516519845710378,3.1682843886612937
400.0,74.428,26.514,5.936,4.339,707.522,1.6309586950413035,1.6308883122897573,1.6308883122897573,1.6309586950413035,2.6947174830531706,2.694411533668323,2.694411533668323,2.6947174830531706,1.708262560249731,1.7081345078730883,1.7081345078730883,1.708262560249731,0.4521277421145228,0.4521558082245851,0.4521558082245851,0.4521277421145228,14.138896255432083
400.0,74.432,41.675,3.865,3.478,938.591,1.6269533025525027,1.6268833737368358,1.6268833737368358,1.6269533025525027,2.6827235596625445,2.68242252755878,2.68242252755878,2.6827235596625445,1.7070119266245896,1.706891600813973,1.706891600813973,1.7070119266245896,0.4522933447106413,0.4523114307073108,0.4523114307073108,0.4522933447106413,10.663381775914727
400.0,75.122,88.898,6.108,4.926,2647.204,1.6184881877977015,1.6184183492658928,1.6184183492658928,1.6184881877977015,2.661522628422048,2.66122701717615,2.66122701717615,2.661522628422048,1.7071176587880457,1.707003616663594,1.707003616663594,1.7071176587880457,0.4531773568408996,0.4531875945850708,0.4531875945850708,0.4531773568408996,3.7866331427197992
400.0,75.134,14.264,4.581,2.57,1830.504,1.6219060972538355,1.6218367673200298,1.6218367673200298,1.6219060972538355,2.6611704550555944,2.660875482558396,2.660875482558396,2.6611704550555944,1.6998229429237235,1.6996802639567925,1.6996802639567925,1.6998229429237235,0.4516696097359269,0.4517269395628265,0.4517269395628265,0.4516696097359269,5.462802783708352
400.0,75.362,85.016,5.986,3.954,1806.652,1.6203628238761945,1.6202925715570262,1.6202925715570262,1.620362823876378,2.668235078376912,2.6679358348564053,2.6679358348564053,2.6682350783776463,1.7083676806141754,1.7082525853794135,1.7082525853794135,1.7083676806141754,0.4532524355015821,0.4532630846753528,0.4532630846753528,0.4532524355015821,5.547665597088384
400.0,75.567,80.466,4.998,4.906,728.644,1.6290649269513655,1.6289936369380795,1.6289936369380795,1.6290649269513655,2.699654399750298,2.6993450156474097,2.6993450156474097,2.699654399750298,1.7152919041484147,1.7151717664381296,1.7151717664381296,1.7152919041484147,0.4536053522634712,0.4536172442608317,0.4536172442608317,0.4536053522634712,13.753113918160844
400.0,75.598,73.816,3.179,4.376,1035.308,1.6248980444429966,1.6248275637528615,1.6248275637528615,1.6248980444429966,2.683385483022871,2.6830825525058004,2.6830825525058004,2.683385483022871,1.7108357538192285,1.7107181828297893,1.7107181828297893,1.7108357538192285,0.4532834039187985,0.4532951145388834,0.4532951145388834,0.4532834039187985,9.677315179674764
400.0,75.647,90.519,4.137,2.708,1607.563,1.6208911127857712,1.6208209438671393,1.6208209438671393,1.6208911127857712,2.6717529230057635,2.671454189935826,2.671454189935826,2.6717529230057635,1.7098472311329915,1.7097314171415947,1.7097314171415947,1.7098472311329915,0.4534884552863849,0.4534991983282157,0.4534991983282157,0.4534884552863849,6.235826219550371
400.0,75.75,46.101,6.183,5.561,3755.15,1.6180941868354846,1.61802461628128,1.61802461628128,1.6180941868354846,2.6541286007828413,2.6538341552750424,2.6538341552750424,2.6541286007828413,1.70124170960816,1.7011261586104878,1.7011261586104878,1.70124170960816,0.4524099907651512,0.4524262300982179,0.4524262300982179,0.4524099907651512,2.665688236031577
400.0,75.774,54.089,6.332,4.083,3291.17,1.6183054363178897,1.6182357981298685,1.6182357981298685,1.6183054363178897,2.656330343589427,2.656035392951087,2.656035392951087,2.656330343589427,1.7025767277607564,1.7024620245510087,1.7024620245510087,1.7025767277607564,0.4526041973850636,0.452618237526748,0.452618237526748,0.4526041973850636,3.0422780171889774
400.0,75.857,18.282,2.936,4.323,2480.136,1.620121628165704,1.6200524068740956,1.6200524068740956,1.620121628165704,2.6569758262586447,2.656682531989384,2.656682531989384,2.6569758262586447,1.6992984454632971,1.6991655698070105,1.6991655698070105,1.6992984454632971,0.4519108324740986,0.451954012680759,0.451954012680759,0.4519108324740986,4.032437196384769
400.0,75.87,99.34,3.861,5.277,4894.599,1.616235741793543,1.6161658749605494,1.6161658749605494,1.616235741793543,2.656785569861432,2.6564910593131024,2.6564910593131024,2.656785569861432,1.707333218460616,1.7072196394207226,1.7072196394207226,1.707333218460616,0.4535405155022333,0.4535505462281758,0.4535505462281758,0.4535405155022333,2.048665980927574
400.0,75.965,33.277,3.861,5.542,1768.181,1.6214675627891613,1.6213979022940523,1.6213979022940523,1.6214675627891613,2.664716787817613,2.6644201780381898,2.6644201780381898,2.664716787817613,1.7024795413605236,1.702359610514122,1.702359610514122,1.7024795413605236,0.452345935155474,0.452367315460242,0.452367315460242,0.452345935155474,5.658837942706385
400.0,76.208,73.232,3.521,2.61,2534.855,1.618723298025348,1.6186533497820377,1.6186533497820377,1.618723298025348,2.6621308132442136,2.661834292660574,2.661834292660574,2.6621308132442136,1.706028146745056,1.705913462186146,1.705913462186146,1.706028146745056,0.4531835911844094,0.4531953534068903,0.4531953534068903,0.4531835911844094,3.95244257497322
400.0,76.623,10.522,2.967,5.306,385.953,1.6432245247413308,1.6431509786942056,1.6431509786942056,1.6432245247413308,2.741645584570577,2.7413147424063444,2.7413147424063444,2.741645584570577,1.7189044554303603,1.7187092872070986,1.7187092872070986,1.7189044554303603,0.452945723777944,0.4530676889752295,0.4530676889752295,0.452945723777944,25.905220967791447
400.0,77.038,57.048,3.591,4.498,2363.359,1.6191621811048402,1.6190921779268403,1.6190921779268403,1.6191621811048402,2.662815144573597,2.662518134869292,2.662518134869292,2.662815144573597,1.7048173554009698,1.704701676548802,1.704701676548802,1.7048173554009698,0.4531065623481133,0.4531204405180096,0.4531204405180096,0.4531065623481133,4.237013498556583
400.0,77.048,78.118,3.199,5.577,4955.454,1.616365759192936,1.6162962203907545,1.616296220391005,1.616365759192936,2.6562605679968567,2.6559682360534715,2.6559682377238607,2.6562605679968567,1.7054417664237271,1.705327984792176,1.705327984792176,1.7054417664237271,0.4534478515460825,0.4534590419103271,0.4534590419103271,0.4534478515460825,2.0221085784908004
400.0,77.056,87.122,2.973,4.556,3369.484,1.6171666403101286,1.6170967025801652,1.6170967025801652,1.6171666403101286,2.660752432421281,2.660457134820581,2.660457134820581,2.660752432421281,1.707412426646594,1.7072978494860862,1.7072978494860862,1.707412426646594,0.4536870577507825,0.4536981344456926,0.4536981344456926,0.4536870577507825,2.974754538582252
400.0,77.299,14.915,5.596,3.022,4685.786,1.6178203624863228,1.61775120279539,1.61775120279539,1.6178203624863228,2.6512427710075164,2.6509512626978435,2.6509512626978435,2.6512427710075164,1.6982689286612485,1.698124157892389,1.698124157892389,1.6982689286612485,0.4521740829751769,0.4522368075194983,0.4522368075194983,0.4521740829751769,2.1340907977749546
400.0,77.414,63.926,5.731,2.858,2899.158,1.6180883706030242,1.6180187362424456,1.6180187362424456,1.6180883706030242,2.6609291751354687,2.6606354782031048,2.6606354782031048,2.6609291751354687,1.7052064306481998,1.7050912059363206,1.7050912059363206,1.7052064306481998,0.4533283116945073,0.4533414256874919,0.4533414256874919,0.4533283116945073,3.454735342323445
400.0,77.578,47.147,5.892,5.482,2490.871,1.6190094342206038,1.6189397026250345,1.6189397026250345,1.61900943422015,2.6617705280473407,2.66147520154148,2.66147520154148,2.6617705517845205,1.703746969019189,1.703630641242936,1.703630641242936,1.703746969019189,0.4530503634938191,0.453065927496857,0.453065927496857,0.4530503634938191,4.018817281742372
400.0,77.579,20.121,4.739,4.927,2534.948,1.6195321686796234,1.6194627921155955,1.6194627921155955,1.6195321686796234,2.6590232069261344,2.658729671160148,2.658729671160148,2.6590232069261344,1.700455227926291,1.7003250703929624,1.7003250703929624,1.700455227926291,0.4524673374050116,0.4525056113407979,0.4525056113407979,0.4524673374050116,3.945470022997996
400.0,77.638,28.338,4.935,4.779,4156.14,1.617717627956534,1.6176482983915923,1.6176482983915923,1.617717627956534,2.653945506814485,2.65365315134334,2.65365315134334,2.653945506814485,1.7000271196840913,1.6999069689776185,1.6999069689776185,1.7000271196840913,0.4525903163797249,0.4526140885001622,0.4526140885001622,0.4525903163797249,2.4071015211684177
400.0,77.651,96.723,3.051,4.637,1034.853,1.623875971392707,1.6238047105483084,1.6238047105483084,1.623875971392707,2.6882342859564243,2.6879283596210137,2.6879283596210137,2.6882342859564243,1.7150053156656977,1.7148867623756303,1.7148867623756303,1.7150053156656977,0.4543990741161256,0.4544099612599192,0.4544099612599192,0.4543990741161256,9.688743648660862
400.0,77.775,18.024,4.684,5.3,4025.259,1.6179926720892843,1.617922932614708,1.617922932614708,1.6179926720892843,2.6534802623885034,2.653185104764933,2.653185104764933,2.6534802623885034,1.6991142779085096,1.6989794231227668,1.6989794231227668,1.6991142779085096,0.4524073852540069,0.4524540781389032,0.4524540781389032,0.4524073852540069,2.484533681160169
400.0,78.07,61.076,4.71,3.22,2521.656,1.6185226346615913,1.6184527049941728,1.6184527049941728,1.6185226346615913,2.663502615565639,2.663206821540107,2.663206821540107,2.663502615565639,1.705737383248206,1.7056215643878554,1.7056215643878554,1.705737383248206,0.4534921070470264,0.4535057406113203,0.4535057406113203,0.4534921070470264,3.971548490373582
400.0,78.25,12.074,3.509,5.072,4231.782,1.6178717754533238,1.6178012610027006,1.6178012610027006,1.6178717754533238,2.6530850468888523,2.6527851352991525,2.6527851352991525,2.6530850468888523,1.698872245713295,1.6987139023695652,1.6987139023695652,1.698872245713295,0.4524017709968536,0.452484924178154,0.452484924178154,0.4524017709968536,2.362822735532255
400.0,78.38,19.631,5.49,3.469,814.005,1.628123341846773,1.6280520875800963,1.6280520875800963,1.628123341846773,2.6921130825678,2.691804680807638,2.691804680807638,2.6921130825678,1.7084294867882226,1.7082915481677794,1.7082915481677794,1.7084294867882226,0.4530965564576249,0.4531398332251611,0.4531398332251611,0.4530965564576249,12.286523431220328
400.0,78.381,64.841,3.818,3.131,3013.48,1.6176764335591232,1.6176064936030157,1.6176064936030157,1.6176764335591232,2.661765233897244,2.661469602263528,2.661469602263528,2.661765233897244,1.7058211919279809,1.7057062174107327,1.7057062174107327,1.7058211919279809,0.4536351503882304,0.4536475693719176,0.4536475693719176,0.4536351503882304,3.3237672240626264
400.0,78.472,27.85,5.844,3.253,1679.813,1.6212390898516476,1.6211690125657017,1.6211690125657017,1.6212390898516476,2.668604457812919,2.6683059807029417,2.6683059807029417,2.668604457812919,1.7036789513643391,1.7035549320977177,1.7035549320977177,1.7036789513643391,0.4530033496544099,0.453030032029503,0.453030032029503,0.4530033496544099,5.955447807099815
400.0,78.513,91.822,5.033,3.525,1856.734,1.6192346796296715,1.6191638383845557,1.6191638383845557,1.6192346796296715,2.672401266992809,2.672100353732408,2.672100353732408,2.672401266992809,1.711105177713034,1.7109891555949095,1.7109891555949095,1.711105177713034,0.4543502884031451,0.4543607087019757,0.4543607087019757,0.4543502884031451,5.399193718959769
400.0,78.867,66.684,4.85,6.482,2636.017,1.6180096360613454,1.6179389985929444,1.6179389985929444,1.6180096360613454,2.6643971349498545,2.6640972787580255,2.6640972787580255,2.6643971349498545,1.7067874180975684,1.7066720071725627,1.7066720071725627,1.7067874180975684,0.4538453837075818,0.4538577372561731,0.4538577372561731,0.4538453837075818,3.799935107225908
400.0,78.923,36.979,3.14,4.067,1924.712,1.6201223998913947,1.6200523402852691,1.6200523402852691,1.6201223998913947,2.6671169587057286,2.6668196423933255,2.6668196423933255,2.6671169587057286,1.7044121380228066,1.704292335398918,1.704292335398918,1.7044121380228066,0.453299241648943,0.4533193376034273,0.4533193376034273,0.453299241648943,5.199223345015607
400.0,79.191,71.237,5.019,3.295,1380.758,1.6214655571826624,1.621394923678114,1.621394923678114,1.6214655571826624,2.678530067654098,2.678228833662358,2.678228833662358,2.678530067654098,1.710659999820457,1.7105423175792007,1.7105423175792007,1.710659999820457,0.4542105064519533,0.4542231486087032,0.4542231486087032,0.4542105064519533,7.255527999819046
400.0,79.196,12.331,4.514,2.673,4387.066,1.6175263516390057,1.617456932738938,1.617456932738938,1.6175263516390057,2.6539999079903227,2.653707507897624,2.653707507897624,2.6539999079903227,1.6994200476006855,1.6992600912114295,1.6992600912114295,1.6994200476006855,0.4526873068210617,0.452772799010658,0.452772799010658,0.4526873068210617,2.279204462302109
400.0,79.343,10.776,4.693,4.628,1498.569,1.6221437098464613,1.6220724675358955,1.6220724675358955,1.6221437098464613,2.670931690986379,2.6706263000366848,2.6706263000366848,2.670931690986379,1.703350668360591,1.703173767149268,1.703173767149268,1.703350668360591,0.4529021047108462,0.4530103264723685,0.4530103264723685,0.4529021047108462,6.672008895818768
400.0,79.362,66.698,2.731,5.265,3653.832,1.6167659742607832,1.616695897440384,1.616695897440384,1.6167659742607832,2.660974041957673,2.6606786602281467,2.6606786602281467,2.660974041957673,1.7061575870266033,1.7060419622890632,1.7060419622890632,1.7061575870266033,0.4539432484825605,0.4539566017762423,0.4539566017762423,0.4539432484825605,2.74142339107712
400.0,79.5,12.406,4.832,2.873,3795.466,1.617817781285866,1.6177471350166757,1.6177471350166757,1.617817781285866,2.65576633462809,2.6554663527209423,2.6554663527209423,2.65576633462809,1.6999371626417843,1.6997805046645331,1.6997805046645331,1.6999371626417843,0.452801210814117,0.452881020090442,0.452881020090442,0.452801210814117,2.6344681295386128
400.0,79.682,75.36,5.039,3.034,2483.644,1.6178523841841217,1.6177818708415006,1.6177818708415006,1.6178523841841217,2.667159349556824,2.666860699958388,2.666860699958388,2.667159349556824,1.7085946206954217,1.708479053009465,1.708479053009465,1.7085946206954217,0.454289766478541,0.4543012306486001,0.4543012306486001,0.454289766478541,4.034194279031369
400.0,79.956,35.646,3.366,3.263,1813.508,1.620216092280697,1.6201454461241378,1.6201454461241378,1.620216092280697,2.669564337674623,2.669263683724774,2.669263683724774,2.669564337674623,1.7051949820468328,1.705074690333211,1.705074690333211,1.7051949820468328,0.4536009980616011,0.4536211718289153,0.4536211718289153,0.4536009980616011,5.517788337290057
400.0,80.178,32.729,2.507,5.937,3841.775,1.617156277456519,1.6170861278203108,1.6170861278203108,1.617156277456519,2.6583863663509764,2.6580898419787413,2.6580898419787413,2.6583863663509764,1.7023633769515976,1.702243584398757,1.702243584398757,1.7023633769515976,0.4534620265209916,0.4534838353328897,0.4534838353328897,0.4534620265209916,2.6044303267754643
400.0,80.777,93.101,3.553,6.355,992.154,1.6235894079309516,1.623517388945363,1.623517388945363,1.6235894079309516,2.6936359584917327,2.6933263853552774,2.6933263853552774,2.6936359584917327,1.716958711338409,1.7168391375470913,1.7168391375470913,1.716958711338409,0.4553050176929389,0.4553159597967587,0.4553159597967587,0.4553050176929389,10.10446376929395
400.0,80.956,86.139,2.884,5.993,2192.869,1.6178502463172362,1.6177792539065776,1.6177792539065776,1.6178502463172362,2.6718890604163104,2.671588655267428,2.671588655267428,2.6718890604163104,1.7112338684416288,1.711117597844675,1.711117597844675,1.7112338684416288,0.454935616903215,0.4549464061690142,0.4549464061690142,0.454935616903215,4.570717070979257
400.0,81.118,30.787,2.757,3.549,2649.963,1.6181835571188097,1.618113372726675,1.618113372726675,1.6181835571188097,2.6639262674484665,2.6636296212885764,2.6636296212885764,2.6639262674484665,1.7037753541813787,1.703653304152286,1.703653304152286,1.7037753541813787,0.4537634340309613,0.4537875149963853,0.4537875149963853,0.4537634340309613,3.7755145568081048
400.0,81.168,22.898,4.32,3.321,1368.949,1.6220649023285276,1.6219943019180312,1.6219943019180312,1.6220649023285276,2.676859638702312,2.676558554287064,2.676558554287064,2.676859638702312,1.7060082728776038,1.705879083374351,1.705879083374351,1.7060082728776038,0.4537827047602757,0.4538153347460138,0.4538153347460138,0.4537827047602757,7.306600580415829
400.0,81.192,97.714,5.56,4.746,2657.345,1.6166969436623675,1.616625761485833,1.616625761485833,1.6166969436623675,2.6702073318389234,2.669906283407802,2.669906283407802,2.6702073318389234,1.7121065616744624,1.7119906073844762,1.7119906073844762,1.7121065616744624,0.4552149178953607,0.4552249847134912,0.4552249847134912,0.4552149178953607,3.773224263682681
400.0,81.264,14.702,4.635,3.101,3053.017,1.6179742844487093,1.617903483310536,1.617903483310536,1.6179742844487093,2.6607167721919867,2.660416265217923,2.660416265217923,2.6607167721919867,1.7018055621723382,1.701662811488613,1.701662811488613,1.7018055621723382,0.4534267772187383,0.4534834767131563,0.4534834767131563,0.4534267772187383,3.2753652461437377
400.0,81.343,89.172,3.498,4.552,3419.303,1.6159565987352127,1.6158856044707373,1.6158856044707373,1.6159565987352127,2.6663722258338405,2.66607250392586,2.66607250392586,2.6663722258338405,1.7103871722600772,1.7102716267297005,1.7102716267297005,1.7103871722600772,0.4550361195324749,0.4550466888335927,0.4550466888335927,0.4550361195324749,2.9315864992977656
400.0,81.394,51.016,5.273,3.665,3175.649,1.6170103891071903,1.616939691676207,1.616939691676207,1.6170103891071903,2.6637547175326723,2.6634557641697403,2.6634557641697403,2.6637547175326723,1.7058905341035926,1.7057736926199,1.7057736926199,1.7058905341035926,0.4542492590122742,0.4542643524186881,0.4542643524186881,0.4542492590122742,3.1526021931994075
400.0,81.64,75.722,2.801,4.804,1891.708,1.618665154329867,1.6185940440143591,1.6185940440143591,1.618665154329867,2.6746181311123567,2.674316538740803,2.674316538740803,2.6746181311123567,1.7110361508809202,1.7109187821214047,1.7109187821214047,1.7110361508809202,0.4549592400476253,0.4549715547674432,0.4549715547674432,0.4549592400476253,5.296574967639809
400.0,81.677,94.546,5.746,3.893,4714.656,1.6149052057160205,1.6148341676977789,1.6148341676977789,1.6149052057160205,2.66421189570818,2.663912721912544,2.663912721912544,2.66421189570818,1.7105461497634755,1.7104308538681474,1.7104308538681474,1.7105461497634755,0.4552116898519604,0.4552220391749263,0.4552220391749263,0.4552116898519604,2.12650441690587
400.0,81.781,81.749,5.594,4.287,852.77,1.6253208236043497,1.6252485308243856,1.6252485308243856,1.6253208236045646,2.700277261437643,2.6999653286429304,2.6999653286429304,2.7002772856147894,1.7176864485317078,1.7175656301376478,1.7175656301376478,1.7176864485317078,0.4554538848548709,0.4554657254947576,0.4554657254947576,0.4554538848548709,11.75165156108032
400.0,82.08,39.026,6.42,5.192,3530.033,1.6167595535588335,1.6166886634330186,1.6166886634330186,1.6167595535588335,2.662320988479624,2.662021085361153,2.662021085361153,2.662320988479624,1.704562625790483,1.7044444198748143,1.7044444198748143,1.704562625790483,0.454186559344927,0.4542045116132217,0.4542045116132217,0.454186559344927,2.83500108365326
400.0,82.612,93.887,5.849,4.778,3444.286,1.6155028561225928,1.6154315363684952,1.6154315363684952,1.6155028561225928,2.668397352251429,2.6680964494933415,2.6680964494933415,2.668397352251429,1.7117734099497892,1.7116573955151848,1.7116573955151848,1.7117734099497892,0.4555242552035691,0.4555347333377259,0.4555347333377259,0.4555242552035691,2.9107619799715407
400.0,82.646,83.251,6.355,6.438,4894.503,1.6148155090572156,1.614744571348694,1.614744571348694,1.6148155090572156,2.6641282949471248,2.663829989355096,2.663829989355096,2.6641282949471248,1.7096978104138143,1.709582139285616,1.709582139285616,1.7096978104138143,0.4552628909946525,0.4552742255758394,0.4552742255758394,0.4552628909946525,2.047611820705324
400.0,82.673,86.676,2.952,3.096,3659.324,1.6154623977375095,1.6153911023202792,1.6153911023202792,1.6154623977375095,2.6671437275177423,2.6668428058560174,2.6668428058560174,2.6671437275177423,1.7107624105068544,1.7106466419593156,1.7106466419593156,1.7107624105068544,0.4553799873593478,0.4553907395455837,0.4553907395455837,0.4553799873593478,2.739071396891368
400.0,83.235,37.234,3.505,5.443,2511.903,1.6177061349226622,1.6176352672121284,1.6176352672121284,1.6177061349226622,2.6680838873987685,2.6677838684018638,2.6677838684018638,2.6680838873987685,1.7061150131267335,1.7059945995477677,1.7059945995477677,1.7061150131267335,0.4545578714185365,0.4545780402166959,0.4545780402166959,0.4545578714185365,3.9838445385036874
400.0,83.7,19.278,4.305,3.654,390.286,1.6409410106605538,1.6408662263489402,1.6408662263489402,1.6409410106605538,2.750876619165564,2.750541179291995,2.750541179291995,2.750876619165564,1.723924386969874,1.723777172357148,1.723777172357148,1.723924386969874,0.4553681860972089,0.4554119836073353,0.4554119836073353,0.4553681860972089,25.6246445111452
400.0,83.911,72.316,4.381,5.017,4827.559,1.6147529725106395,1.6146820615000854,1.6146820615000854,1.6147529725106395,2.664876790900116,2.664579122648543,2.664579122648543,2.664876790900116,1.7091807789630808,1.7090642043152413,1.7090642043152413,1.7091807789630808,0.4554176168700704,0.4554305065725335,0.4554305065725335,0.4554176168700704,2.07526391715392
400.0,84.142,38.529,2.994,6.447,1424.091,1.6206524490122731,1.6205808441765774,1.6205808441765774,1.6206524490122731,2.6811302178660177,2.680824833585862,2.680824833585862,2.6811302178660177,1.709599523017147,1.7094774955159,1.7094774955159,1.709599523017147,0.4550182085972061,0.4550378865595805,0.4550378865595805,0.4550182085972061,7.027220467874312
400.0,84.154,17.286,3.508,2.711,1749.023,1.619731338198093,1.619660146423716,1.619660146423716,1.619731338198093,2.674125459842807,2.673823179766672,2.673823179766672,2.674125459842807,1.7060541436289147,1.7059152807744045,1.7059152807744045,1.7060541436289147,0.4544897020977954,0.4545371070026247,0.4545371070026247,0.4544897020977954,5.71776789097828
400.0,84.682,61.007,3.957,6.412,4193.142,1.615128152518015,1.615057081441932,1.615057081441932,1.615128152518015,2.6660416210408817,2.665742624819008,2.665742624819008,2.6660416210408817,1.7085552366413357,1.7084378827287938,1.7084378827287938,1.7085552366413357,0.4554277774130108,0.4554421067172446,0.4554421067172446,0.4554277774130108,2.3883669522294695
400.0,84.837,54.993,2.975,5.687,3350.081,1.6158514164897717,1.6157802892134216,1.6157802892134216,1.6158514164897717,2.6679999211197143,2.6677000872818697,2.6677000872818697,2.6679999211197143,1.7084500179827231,1.7083319830304569,1.7083319830304569,1.7084500179827231,0.455377787595145,0.4553930816522671,0.4553930816522671,0.455377787595145,2.988821654803134
400.0,85.032,92.206,4.707,3.173,1100.093,1.6214692083155633,1.6213967195158578,1.6213967195158578,1.6214692083155633,2.6953867720642783,2.6950769269775714,2.6950769269775714,2.6953867720642783,1.7187251799579255,1.7186048012579642,1.7186048012579642,1.7187251799579255,0.4565533292518803,0.4565644961713636,0.4565644961713636,0.4565533292518803,9.112710832439726
400.0,85.089,86.69,2.956,5.143,2443.654,1.6162738852768586,1.616201926276108,1.616201926276108,1.6162738852768586,2.6755866373749484,2.6752820510094395,2.6752820510094395,2.6755866373749484,1.71355519727009,1.713437441707419,1.713437441707419,1.71355519727009,0.4561931646665088,0.4562047289116421,0.4562047289116421,0.4561931646665088,4.101683610697333
400.0,85.107,52.165,4.89,5.159,2772.547,1.6164991049799562,1.616427627315346,1.616427627315346,1.6164991049799562,2.670490758899282,2.670188922553199,2.670188922553199,2.670490758899282,1.708833149593708,1.7087149031539968,1.7087149031539968,1.708833149593708,0.455432497097846,0.4554476128428875,0.4554476128428875,0.455432497097846,3.6110710842461327
400.0,85.352,15.937,3.961,4.603,3544.881,1.6163931666229627,1.616321697034078,1.616321697034078,1.6163931666229627,2.6644023217455484,2.6640997885547013,2.6640997885547013,2.6644023217455484,1.7041115391023849,1.7039682702877954,1.7039682702877954,1.7041115391023849,0.4546744107277614,0.4547305244034016,0.4547305244034016,0.4546744107277614,2.8209923647579416
400.0,85.91,95.084,3.224,4.551,1047.985,1.6216646636583156,1.6215918403499563,1.6215918403499563,1.6216646636583156,2.6985907638145648,2.698278763875816,2.698278763875816,2.6985907638145648,1.7200678303283323,1.7199469919663744,1.7199469919663744,1.7200678303283323,0.4569118860472548,0.4569226506418426,0.4569226506418426,0.4569118860472548,9.566689094152792
400.0,85.949,71.135,2.927,6.021,1526.672,1.6189876435069888,1.6189152245209295,1.6189152245209295,1.6189876435069888,2.684769931907012,2.684461500622594,2.684461500622594,2.684769931907012,1.7143957523859794,1.7142768162371858,1.7142768162371858,1.7143957523859794,0.4562524708818491,0.4562644939058545,0.4562644939058545,0.4562524708818491,6.561975798544784
400.0,86.121,28.856,2.702,4.779,1103.227,1.6225092151446994,1.6224371714987205,1.6224371714987205,1.6225092151446994,2.69073477997628,2.6904268420866986,2.6904268420866986,2.69073477997628,1.7115207592075992,1.7113933779442696,1.7113933779442696,1.7115207592075992,0.4555218102393595,0.4555476863030135,0.4555476863030135,0.4555218102393595,9.068123907427582
400.0,86.265,53.539,6.276,4.753,4277.601,1.6148280977404543,1.614756614536944,1.614756614536944,1.6148280977404543,2.6672441181435933,2.666943241276559,2.666943241276559,2.6672441181435933,1.7086051922619727,1.7084876503716628,1.7084876503716628,1.7086051922619727,0.4557511701486942,0.4557656135343917,0.4557656135343917,0.4557511701486942,2.3406355756973727
400.0,86.34,79.721,4.772,6.14,3998.089,1.6144171453595546,1.61434518949999,1.61434518949999,1.6144171453595546,2.6704347465853737,2.6701314227310324,2.6701314227310324,2.6704347465853737,1.7120598077677358,1.711942821298792,1.711942821298792,1.7120598077677358,0.4563453762671264,0.4563569844593584,0.4563569844593584,0.4563453762671264,2.506403122045383
400.0,86.629,40.621,5.898,6.46,2550.355,1.616684627447342,1.616612790351593,1.616612790351593,1.616684627447342,2.672627676544933,2.6723237904845587,2.6723237904845587,2.672627676544933,1.7086646962466996,1.7085438383694362,1.7085438383694362,1.7086646962466996,0.4556674852360249,0.4556865071093706,0.4556865071093706,0.4556674852360249,3.9241903629890817
400.0,86.7,78.826,2.651,4.149,2182.84,1.616545022107455,1.6164728531561008,1.6164728531561008,1.616545022107455,2.6788737498317734,2.6785684758545525,2.6785684758545525,2.6788737498317734,1.7140621372591842,1.7139433496040812,1.7139433496040812,1.7140621372591842,0.4565464549833204,0.456558833237961,0.456558833237961,0.4565464549833204,4.590579834198642
400.0,87.019,32.933,5.534,4.84,4120.002,1.6151720306146808,1.6151009575080182,1.6151009575080182,1.6151720306146808,2.6666510275062647,2.66635230509664,2.66635230509664,2.6666510275062647,1.706613327991091,1.7064910799592945,1.7064910799592945,1.706613327991091,0.4555424908257661,0.4555652042952755,0.4555652042952755,0.4555424908257661,2.428539007408743
400.0,87.034,68.128,5.583,4.59,3150.822,1.6151980448714809,1.6151258901860657,1.6151258901860657,1.6151980448714809,2.672861048360444,2.672556144309575,2.672556144309575,2.672861048360444,1.7116720576675817,1.7115545806283678,1.7115545806283678,1.7116720576675817,0.4563453601846247,0.4563576668564182,0.4563576668564182,0.4563453601846247,3.179179877264704
400.0,87.246,98.234,4.353,6.454,3980.293,1.6137992850710852,1.613726569533125,1.613726569533125,1.6137992850710852,2.6734278900730795,2.6731207820563125,2.6731207820563125,2.6734278900730795,1.7149673671910513,1.7148501810063053,1.7148501810063053,1.7149673671910513,0.4570241453937731,0.4570343259763587,0.4570343259763587,0.4570241453937731,2.519120153447868
400.0,87.552,24.148,4.453,5.606,2634.55,1.6166678571638933,1.6165965991216484,1.6165965991216484,1.6166678571638933,2.671812517304704,2.6715125133409865,2.6715125133409865,2.671812517304704,1.7071018678088907,1.7069742903453564,1.7069742903453564,1.7071018678088907,0.4555865972094723,0.4556165152166634,0.4556165152166634,0.4555865972094723,3.7967401631180806
400.0,87.898,97.446,4.077,3.155,4986.067,1.6131117399829653,1.613039351685242,1.613039351685242,1.6131117399829653,2.672256728480558,2.6719524638035135,2.6719524638035135,2.672256728480558,1.714833952592984,1.714716665362643,1.714716665362643,1.714833952592984,0.4571811622896043,0.4571916569247886,0.4571916569247886,0.4571811622896043,2.0109184268422946
400.0,88.15,62.48,2.759,2.938,2900.19,1.6153209971080122,1.6152489636035097,1.6152489636035097,1.6153209971080122,2.6748693667026786,2.6745655433592455,2.6745655433592455,2.6748693667026786,1.71193973398348,1.7118212831524888,1.7118212831524888,1.71193973398348,0.456582338960923,0.4565956669681257,0.4565956669681257,0.456582338960923,3.453280023779405
400.0,88.171,43.575,5.471,4.768,3445.741,1.6151439787488673,1.615072620043238,1.615072620043238,1.6151439787488673,2.671000977369,2.670701203394433,2.670701203394433,2.671000977369,1.709105855462559,1.708985423630898,1.708985423630898,1.709105855462559,0.4561512043948937,0.4561695774673947,0.4561695774673947,0.4561512043948937,2.9047520414723014
400.0,88.244,48.843,3.695,6.485,3865.251,1.6146789983925312,1.6146070189337678,1.6146070189337678,1.6146789983925312,2.6703771672915817,2.670074066678242,2.670074066678242,2.6703771672915817,1.7095237583879097,1.709404213415863,1.709404213415863,1.7095237583879097,0.4562706661521517,0.4562875332041151,0.4562875332041151,0.4562706661521517,2.589932271992276
400.0,88.312,10.206,2.851,2.978,2773.893,1.6165713497420142,1.6164984423192343,1.6164984423192343,1.6165713497420142,2.6707777521158445,2.6704682980717585,2.6704682980717585,2.6707777521158445,1.7063128503804053,1.7061230131600285,1.7061230131600285,1.7063128503804053,0.4554637863280131,0.4555907196084342,0.4555907196084342,0.4554637863280131,3.6043786507127695
400.0,88.316,97.351,6.242,6.176,4296.334,1.6133472994269555,1.613274808662044,1.613274808662044,1.6133472994269555,2.674050694287831,2.6737457842118477,2.6737457842118477,2.674050694287831,1.71538563429863,1.7152679203741936,1.7152679203741936,1.71538563429863,0.4573256403087551,0.4573363503374094,0.4573363503374094,0.4573256403087551,2.3337413611466107
400.0,88.465,37.783,3.846,3.774,4233.122,1.6146224502966562,1.6145505300302336,1.6145505300302336,1.6146224502966562,2.668761435660387,2.668458583975589,2.668458583975589,2.668761435660387,1.7080881623453328,1.7079667410141324,1.7079667410141324,1.7080881623453328,0.4560877903391684,0.4561083570256706,0.4561083570256706,0.4560877903391684,2.364009431676628
400.0,88.604,12.621,2.805,5.984,2563.128,1.61675512001557,1.6166832624811824,1.6166832624811824,1.61675512001557,2.6725299245885927,2.6722263697418684,2.6722263697418684,2.6725299245885927,1.7069392396047536,1.7067777090378435,1.7067777090378435,1.7069392396047536,0.4556430116991802,0.455725217287741,0.455725217287741,0.4556430116991802,3.9010682747876535
400.0,88.889,84.857,4.027,6.171,3136.466,1.6143776942518508,1.6143051459393003,1.6143051459393003,1.6143776942518508,2.676963740968353,2.67665813676787,2.67665813676787,2.676963740968353,1.7149767860259033,1.714858481076193,1.714858481076193,1.7149767860259033,0.4572797005918857,0.4572912108254369,0.4572912108254369,0.4572797005918857,3.1954568059769826
400.0,88.971,61.506,5.25,2.937,931.304,1.6228626311277086,1.6227891064508115,1.6227891064508115,1.6228626311277086,2.704136131768003,2.703820250077124,2.703820250077124,2.704136131768003,1.7189547869566606,1.718831804547198,1.718831804547198,1.7189547869566606,0.457201147858301,0.4572153082451558,0.4572153082451558,0.457201147858301,10.753468484130362
400.0,89.597,34.174,4.291,5.183,3199.893,1.6152122578920147,1.615140387484702,1.615140387484702,1.6152122578920147,2.672864700607529,2.6725620061957143,2.6725620061957143,2.672864700607529,1.7090586973705872,1.7089358790153617,1.7089358790153617,1.7090586973705872,0.4563986861498785,0.4564205190412193,0.4564205190412193,0.4563986861498785,3.126960093075093
400.0,89.9,12.859,3.137,3.127,1853.381,1.6179919174927686,1.6179196779019316,1.6179196779019316,1.6179919174927686,2.680038595998147,2.6797326112976827,2.6797326112976827,2.680038595998147,1.709147162048125,1.708985109619474,1.708985109619474,1.709147162048125,0.4561264226147067,0.4562075788035693,0.4562075788035693,0.4561264226147067,5.394990695400031
400.0,89.987,11.012,3.915,4.497,2981.82,1.6158516849485458,1.6157787516540667,1.6157787516540667,1.6158516849485458,2.672088250109601,2.6717789970658816,2.6717789970658816,2.672088250109601,1.7072216823844937,1.7070438863463373,1.7070438863463373,1.7072216823844937,0.4559919200975797,0.4560993523963284,0.4560993523963284,0.4559919200975797,3.353118008535633
400.0,90.016,69.065,4.733,3.893,1419.326,1.6185145336104636,1.6184411721050498,1.6184411721050498,1.6185145336104636,2.6919263475067456,2.691613835703596,2.691613835703596,2.6919263475067456,1.7172335798098994,1.717112538679516,1.717112538679516,1.7172335798098994,0.457495123214016,0.457508311447346,0.457508311447346,0.457495123214016,7.057743194904937
400.0,90.016,93.557,3.458,4.82,1076.789,1.6203832788833217,1.6203096582892018,1.6203096582892018,1.6203832788833217,2.7029823334759695,2.702666987064399,2.702666987064399,2.7029823334759695,1.7223355410540673,1.7222136980181717,1.7222136980181717,1.7223355410540673,0.4581471532917579,0.4581577640358043,0.4581577640358043,0.4581471532917579,9.310258100558643
400.0,90.034,29.109,3.818,5.473,1128.289,1.6212828906501071,1.6212099359268213,1.6212099359268213,1.6212828906501071,2.6951898538340777,2.6948781982022,2.6948781982022,2.6951898538340777,1.7139063813585005,1.7137775100296335,1.7137775100296335,1.7139063813585005,0.4567282521439846,0.4567547464473237,0.4567547464473237,0.4567282521439846,8.866708621653425
400.0,90.496,82.407,5.279,4.266,2460.342,1.6149466717364198,1.6148737002312126,1.6148737002312126,1.6149466717364198,2.682274011028742,2.681966301624711,2.681966301624711,2.682274011028742,1.7165111852627073,1.7163917013954404,1.7163917013954404,1.7165111852627073,0.4577723770660692,0.4577843633725532,0.4577843633725532,0.4577723770660692,4.073256919676659
400.0,90.521,52.003,6.06,3.178,2615.51,1.6153307904132883,1.6152580452074734,1.6152580452074734,1.6153307904132883,2.6784808321011706,2.6781738052570017,2.6781738052570017,2.6784808321011706,1.7125093261933968,1.712388986431957,1.712388986431957,1.7125093261933968,0.4571082496753686,0.4571239531957425,0.4571239531957425,0.4571082496753686,3.8278245711706607
400.0,90.551,25.214,6.25,3.239,1246.902,1.620339124267817,1.6202657810914811,1.6202657810914811,1.620339124267817,2.692242109911428,2.6919283472691213,2.6919283472691213,2.692242109911428,1.7129926831944473,1.712862395285928,1.712862395285928,1.7129926831944473,0.4567587142806274,0.4567879552216468,0.4567879552216468,0.4567587142806274,8.022237621280302
400.0,90.845,66.429,5.405,5.426,2454.51,1.6152062706066457,1.6151334301588307,1.6151334301588307,1.6152062706066457,2.6812555909381968,2.680948342803743,2.680948342803743,2.6812555909381968,1.7147485635080004,1.7146288708809143,1.7146288708809143,1.7147485635080004,0.4575349161973446,0.4575482117450558,0.4575482117450558,0.4575349161973446,4.080813830517461
400.0,90.955,24.817,5.08,2.955,1028.706,1.6220486640322724,1.621974938082567,1.621974938082567,1.6220486640322724,2.699345543583959,2.6990287481149955,2.6990287481149955,2.699345543583959,1.7147479337165483,1.7146156209104202,1.7146156209104202,1.7147479337165483,0.4569652054080137,0.4569960812063182,0.4569960812063182,0.4569652054080137,9.723667207381107
400.0,91.238,25.381,6.063,3.48,4480.136,1.6140321536025093,1.6139600220421215,1.6139600220421215,1.6140321536025093,2.6707560846406864,2.6704528697685133,2.6704528697685133,2.6707560846406864,1.7082175820475622,1.7080895546660486,1.7080895546660486,1.7082175820475622,0.4566631648050634,0.4566933714479443,0.4566933714479443,0.4566631648050634,2.232758053588106
400.0,91.325,84.257,3.727,4.133,1964.123,1.6157857779100873,1.6157124992706842,1.6157124992706842,1.6157857779100873,2.6875479122100585,2.687237999741348,2.687237999741348,2.6875479122100585,1.7182155229111156,1.7180954855398416,1.7180954855398416,1.7182155229111156,0.4581265274782019,0.4581380677361889,0.4581380677361889,0.4581265274782019,5.102623140754472
400.0,91.342,92.959,5.8,3.848,1419.212,1.6176761764613563,1.6176025778900374,1.6176025778900374,1.6176761764613563,2.696003913764757,2.695691486627677,2.695691486627677,2.696003913764757,1.7210946214256797,1.7209730707293254,1.7209730707293254,1.7210946214256797,0.4584277367153488,0.4584393533287337,0.4584393533287337,0.4584277367153488,7.063769371810952
400.0,91.604,66.957,6.286,6.41,772.871,1.624426556913908,1.62435246235201,1.62435246235201,1.624426556913908,2.7167885104486857,2.716469060757154,2.716469060757154,2.7167885104486857,1.7233632849188671,1.7232381417313034,1.7232381417313034,1.7233632849188671,0.4582606099347524,0.4582746347306979,0.4582746347306979,0.4582606099347524,12.960057208318348
400.0,91.607,37.271,3.303,2.731,503.731,1.6324195990070711,1.632344497676126,1.632344497676126,1.6324195990070711,2.7408823644392517,2.7405515690136775,2.7405515690136775,2.7408823644392517,1.7259371906559104,1.7258046610096938,1.7258046610096938,1.7259371906559104,0.4579740117091807,0.4579956600977786,0.4579956600977786,0.4579740117091807,19.86517999321276
400.0,91.662,91.748,4.607,5.756,2514.533,1.6143591378343447,1.614285732509663,1.614285732509663,1.6143591378343447,2.6843915101447453,2.6840817726676844,2.6840817726676844,2.6843915101447453,1.718362777594268,1.718243030787014,1.718243030787014,1.718362777594268,0.4583330359170728,0.4583443958204832,0.4583443958204832,0.4583330359170728,3.986674866904448
400.0,91.811,15.893,5.94,4.493,2348.432,1.6162295478148736,1.6161565360481611,1.6161565360481611,1.6162295478148736,2.6784618023763125,2.6781527890422017,2.6781527890422017,2.6784618023763125,1.7095780888778616,1.709432454702848,1.709432454702848,1.7095780888778616,0.4567334185292288,0.4567889999022632,0.4567889999022632,0.4567334185292288,4.2581342883531805
400.0,92.151,30.658,4.779,3.296,4921.08,1.6134711024119293,1.613398745466412,1.613398745466412,1.6134711024119293,2.671692115099487,2.671388484655883,2.671388484655883,2.671692115099487,1.7092826647416643,1.7091572529994936,1.7091572529994936,1.7092826647416643,0.4570497410524295,0.4570754411439554,0.4570754411439554,0.4570497410524295,2.0330416409811987
400.0,92.376,57.246,3.121,3.075,1088.249,1.6204399862335332,1.620366234497979,1.620366234497979,1.6204399862335332,2.7022993233436488,2.701984162036447,2.701984162036447,2.7022993233436488,1.7192427809490538,1.7191192706186793,1.7191192706186793,1.7192427809490538,0.4580898758785764,0.4581049079618854,0.4581049079618854,0.4580898758785764,9.201313561056125
400.0,92.427,31.669,4.0,4.385,4607.957,1.613524333084332,1.613451410788416,1.613451410788416,1.613524333084332,2.6726899333150653,2.672382694547416,2.672382694547416,2.6726899333150653,1.7097115979495816,1.709587006890013,1.709587006890013,1.7097115979495816,0.4571650320698279,0.4571891378677984,0.4571891378677984,0.4571650320698279,2.1712624031575407
400.0,92.72,65.726,6.392,5.553,1337.268,1.6183556008067606,1.6182818848082785,1.6182818848082785,1.6183556008067606,2.6969247433471937,2.6966108927496446,2.6966108927496446,2.6969247433471937,1.718974662064806,1.7188524549906814,1.7188524549906814,1.718974662064806,0.4582892739211926,0.4583029444749515,0.4583029444749515,0.4582892739211926,7.489968800026276
400.0,92.747,31.41,4.214,4.847,3867.081,1.613886388986923,1.6138141580197334,1.6138141580197334,1.613886388986923,2.674699512093839,2.6743966366584377,2.6743966366584377,2.674699512093839,1.7102639735102476,1.7101383674188964,1.7101383674188964,1.7102639735102476,0.4572809039701156,0.4573061564007877,0.4573061564007877,0.4572809039701156,2.587219752850712
400.0,92.811,46.08,3.976,4.274,1016.982,1.6212478019961394,1.621174035905532,1.621174035905532,1.6212478019961394,2.704316055473344,2.7040006256303317,2.7040006256303317,2.704316055473344,1.71871456869488,1.7185895130314834,1.7185895130314834,1.71871456869488,0.4580171663616554,0.4580346554873505,0.4580346554873505,0.4580171663616554,9.842525036796285
400.0,92.921,86.718,4.009,3.421,591.375,1.6279365409154478,1.6278608800715555,1.6278608800715555,1.6279365409154478,2.7360253618316634,2.7356949048727306,2.7356949048727306,2.7360253618316634,1.7303366183491071,1.7302094441519118,1.7302094441519118,1.7303366183491071,0.4592964811000668,0.4593081296258971,0.4593081296258971,0.4592964811000668,16.948302110132357
400.0,93.225,27.484,4.547,3.102,1090.679,1.6208259243002143,1.6207522853103369,1.6207522853103369,1.6208259243002143,2.70050523502506,2.70019033518414,2.70019033518414,2.70050523502506,1.7160571890218506,1.7159260525751905,1.7159260525751905,1.7160571890218506,0.4577020456267669,0.4577304617873109,0.4577304617873109,0.4577020456267669,9.171921762879071
400.0,93.305,51.107,4.218,4.919,3573.021,1.6135489798260898,1.6134755927544813,1.6134755927544813,1.6135489798260898,2.6781434757702165,2.6778341774993115,2.6778341774993115,2.6781434757702165,1.7132764390440434,1.7131560712842284,1.7131560712842284,1.7132764390440434,0.4578960653950678,0.4579114837246802,0.4579114837246802,0.4578960653950678,2.8019378413605
400.0,93.461,20.056,6.427,4.989,2999.15,1.6147369475680202,1.614663901833867,1.614663901833867,1.6147369475680202,2.677473535934928,2.6771655015371927,2.6771655015371927,2.677473535934928,1.7101238934150471,1.7099876537921783,1.7099876537921783,1.7101238934150471,0.4572901642392053,0.4573311187197718,0.4573311187197718,0.4572901642392053,3.3347033401320925
400.0,93.628,63.151,4.245,5.152,2807.872,1.6140196101851758,1.613946071627647,1.613946071627647,1.6140196101851758,2.6826850891497243,2.68237490177658,2.68237490177658,2.6826850891497243,1.7156861505701384,1.7155658076267113,1.7155658076267113,1.7156861505701384,0.4583007401186555,0.458314466602712,0.458314466602712,0.4583007401186555,3.5668609420517767
400.0,93.753,59.373,5.245,5.179,2487.967,1.6145532605844086,1.6144798412685213,1.6144798412685213,1.6145532605845103,2.6842676059662853,2.6839579041561032,2.6839579041561032,2.6842676059663555,1.7157102698912947,1.7155891901238174,1.7155891901238174,1.7157102698912947,0.4582823750414273,0.4582971105216791,0.4582971105216791,0.4582823750414273,4.024992841714023
400.0,93.784,41.909,3.618,6.207,3034.895,1.6141466917447989,1.614073474905838,1.614073474905838,1.6141466917447989,2.679829063147513,2.6795201279883925,2.6795201279883925,2.679829063147513,1.712888353122167,1.7127662237045331,1.7127662237045331,1.712888353122167,0.4578715703112094,0.4578896575662605,0.4578896575662605,0.4578715703112094,3.297767139022863
400.0,93.911,54.688,2.873,4.249,4958.941,1.6124892875385857,1.6124163314356252,1.6124163314353732,1.6124892875385857,2.6762620754434066,2.6759560970474983,2.6759561193641077,2.6762620754434066,1.7134080600198296,1.7132877588038582,1.7132877588038582,1.7134080600198296,0.4581178724946812,0.4581333786811317,0.4581333786811317,0.4581178724946812,2.019089763507952
400.0,93.922,73.187,4.453,6.013,3886.629,1.6126840050424216,1.6126107151324247,1.6126107151324247,1.6126840050424216,2.680201836008637,2.67989401676929,2.67989401676929,2.680201836008637,1.716237082208253,1.716117202979757,1.716117202979757,1.716237082208253,0.4585553026474921,0.4585682933027507,0.4585682933027507,0.4585553026474921,2.577699073815768
400.0,94.687,14.552,3.672,4.12,883.187,1.6230157418798328,1.622940209562496,1.622940209562496,1.6230157418798328,2.7096162521487854,2.7092889204134094,2.7092889204134094,2.7096162521487854,1.7177775789881735,1.7176188548992204,1.7176188548992204,1.7177775789881735,0.4579753115783304,0.4580439600973204,0.4580439600973204,0.4579753115783304,11.321911173339473
400.0,94.849,94.581,5.623,5.223,508.879,1.6302437379948909,1.630167596710622,1.630167596710622,1.6302437379948909,2.7502092319321045,2.7498757504220683,2.7498757504220683,2.7502092319321045,1.7351184488717517,1.7349883469936418,1.7349883469936418,1.7351184488717517,0.4602074742933286,0.4602196985580387,0.4602196985580387,0.4602074742933286,19.700741693775683
400.0,94.886,87.826,4.417,5.573,1786.194,1.6153471781583166,1.6152728421248157,1.6152728421248157,1.6153471781583166,2.694675622762394,2.694360528776864,2.694360528776864,2.694675622762394,1.7214584068065986,1.7213368808013023,1.7213368808013023,1.7214584068065986,0.4593377103851727,0.4593492114445744,0.4593492114445744,0.4593377103851727,5.611524371959323
400.0,94.982,98.728,2.78,3.406,1704.053,1.615380748713372,1.615306059506428,1.615306059506428,1.615380748713372,2.6969003045002795,2.696583247816203,2.696583247816203,2.6969003045002795,1.7231428099692183,1.7230209864860462,1.7230209864860462,1.7231428099692183,0.459615145130091,0.4596257878292903,0.4596257878292903,0.459615145130091,5.8841003304902015
400.0,95.019,29.761,4.529,4.52,3702.677,1.6134581881768493,1.6133851432293396,1.6133851432293396,1.6134581881768493,2.678020313479531,2.67771345398976,2.67771345398976,2.678020313479531,1.711634483867333,1.7115071150447052,1.7115071150447052,1.711634483867333,0.457954635891098,0.4579815194893074,0.4579815194893074,0.457954635891098,2.701939661986533
400.0,95.091,92.718,5.112,5.75,2849.07,1.6129718892537537,1.6128979471900684,1.6128979471900684,1.6129718892537537,2.6872968042658543,2.686985672787026,2.686985672787026,2.6872968042658543,1.7203059831496916,1.720185345769388,1.720185345769388,1.7203059831496916,0.4593929270255804,0.4594043112877264,0.4594043112877264,0.4593929270255804,3.518652530783712
400.0,95.385,17.751,4.103,2.839,4650.377,1.6130371200160731,1.612963764520862,1.612963764520862,1.6130371200160731,2.6752342219836747,2.67492566135914,2.67492566135914,2.6752342219836747,1.7101238107437349,1.709982559243162,1.709982559243162,1.7101238107437349,0.4577668487531821,0.4578155960964864,0.4578155960964864,0.4577668487531821,2.1504720846435217
400.0,95.54,23.242,3.651,5.641,2500.122,1.61483888507507,1.614765400280405,1.614765400280405,1.61483888507507,2.683135546991934,2.6828253631873302,2.6828253631873302,2.683135546991934,1.7123386277073394,1.7122065935424018,1.7122065935424018,1.7123386277073394,0.4580449122821437,0.4580778342235582,0.4580778342235582,0.4580449122821437,4.000710963859945
400.0,95.649,35.124,4.122,3.389,4778.961,1.61253809804188,1.6124648818962144,1.6124648818962144,1.61253809804188,2.677016078400813,2.6767085209283588,2.6767085209283588,2.677016078400813,1.7121606751558387,1.712036267876316,1.712036267876316,1.7121606751558387,0.4582347308425731,0.4582569267174349,0.4582569267174349,0.4582347308425731,2.0937921943582527
400.0,95.852,86.926,3.648,4.781,4508.58,1.6115272197213772,1.6114532690978864,1.6114532690978864,1.6115272197204988,2.682743431648503,2.6824326633664524,2.6824326633664524,2.682743431642419,1.7189003105580936,1.7187804447190622,1.7187804447190622,1.7189003105580936,0.4594326981649211,0.4594439216449747,0.4594439216449747,0.4594326981649211,2.223094940304312
400.0,95.904,34.656,3.328,6.02,2564.63,1.6143978547178564,1.6143244022940706,1.6143244022940706,1.6143978547178564,2.6843254426573058,2.684016308883149,2.684016308883149,2.6843254426573058,1.7139098579248,1.7137831025281922,1.7137831025281922,1.7139098579248,0.4584043375656793,0.4584286285376682,0.4584286285376682,0.4584043375656793,3.901526716260588
400.0,95.913,24.724,4.138,3.252,1864.186,1.6161590020255077,1.616085027586878,1.616085027586878,1.6161590020255077,2.689077955770966,2.68876442777895,2.68876442777895,2.689077955770966,1.7140065199788252,1.713874506418586,1.713874506418586,1.7140065199788252,0.4582701493900903,0.4583018097657967,0.4583018097657967,0.4582701493900903,5.365732956895248
400.0,96.493,13.711,2.861,5.444,4967.317,1.6126911701839934,1.6126174657491372,1.6126174657491372,1.6126911701839934,2.6757923153078047,2.6754820569512687,2.6754820569512687,2.6757923153078047,1.7104187354852034,1.7102619366380527,1.7102619366380527,1.7104187354852034,0.4580034472589878,0.4580757399479241,0.4580757399479241,0.4580034472589878,2.0129929114925487
400.0,96.631,45.817,6.421,2.964,4684.625,1.6121049229384945,1.6120315681142112,1.6120315681142112,1.6121049229384945,2.6795201556629045,2.6792128320075426,2.6792128320075426,2.6795201556629045,1.7141749278062317,1.7140531041994944,1.7140531041994944,1.7141749278062317,0.4587773599109047,0.4587943853719633,0.4587943853719633,0.4587773599109047,2.1366940454678995
400.0,96.687,47.291,5.188,6.046,2177.309,1.6146684503010058,1.6145943036786938,1.6145943036786938,1.6146684503010058,2.689290428457624,2.6889773996723134,2.6889773996723134,2.689290428457624,1.7166327012159783,1.7165095127920462,1.7165095127920462,1.7166327012159783,0.4589663305231312,0.458983314769807,0.458983314769807,0.4589663305231312,4.597446154198628
400.0,96.849,22.647,4.321,5.289,3155.363,1.6136360671725511,1.613562023520963,1.613562023520963,1.6136360671725511,2.681613340638005,2.68130068041547,2.68130068041547,2.681613340638005,1.71237524429497,1.7122414099587355,1.7122414099587355,1.71237524429497,0.4583911332436062,0.4584268948202459,0.4584268948202459,0.4583911332436062,3.1698594667143167
400.0,96.876,49.481,5.145,5.34,4713.049,1.6119515061284684,1.611877618665606,1.611877618665606,1.6119515061284684,2.6801532914246877,2.679842618752489,2.679842618752489,2.6801532914246877,1.7147823385397445,1.714660528070292,1.714660528070292,1.7147823385397445,0.4589330226900457,0.4589496705711398,0.4589496705711398,0.4589330226900457,2.124059836077964
400.0,96.902,66.261,4.378,5.732,789.59,1.6228220919510472,1.6227465381887156,1.6227465381887156,1.6228220919510472,2.722898564548287,2.7225728669355944,2.7225728669355944,2.722898564548287,1.7265195583134807,1.726393380938951,1.726393380938951,1.7265195583134807,0.4598744332251293,0.4598876931486985,0.4598876931486985,0.4598744332251293,12.68522237316872
400.0,97.255,31.523,5.209,5.23,3481.876,1.6130294069640647,1.6129551802957582,1.6129551802957582,1.6130294069640647,2.6818555951185807,2.681542158133434,2.681542158133434,2.6818555951185807,1.7134625380377,1.7133363641403234,1.7133363641403234,1.7134625380377,0.4586995379634555,0.4587233172271383,0.4587233172271383,0.4586995379634555,2.873434272172098
400.0,97.697,61.444,4.32,4.206,2288.749,1.6138783969432495,1.6138041397440157,1.6138041397440157,1.6138783969432495,2.691153033185309,2.690839881109614,2.690839881109614,2.691153033185309,1.7188665827719964,1.7187442216705515,1.7187442216705515,1.7188665827719964,0.4595703260869323,0.4595846982342553,0.4595846982342553,0.4595703260869323,4.37559930130978
400.0,97.949,29.512,5.736,3.974,673.16,1.6256524255326918,1.6255771798477003,1.6255771798477003,1.6256524255326918,2.7293004867761432,2.728975011209167,2.728975011209167,2.7293004867761432,1.724589651342808,1.7244537379944214,1.7244537379944214,1.724589651342808,0.4595194530253819,0.459547955735201,0.459547955735201,0.4595194530253819,14.861433871949902
400.0,97.981,32.589,5.229,4.679,3216.613,1.613072430982052,1.612998354118525,1.612998354118525,1.613072430982052,2.6838553774386997,2.6835434919953234,2.6835434919953234,2.6838553774386997,1.7142846116588162,1.7141582110831497,1.7141582110831497,1.7142846116588162,0.4589629712061696,0.4589864559192745,0.4589864559192745,0.4589629712061696,3.110499475161582
400.0,98.006,77.704,4.875,5.941,873.769,1.6210097297054635,1.6209336054180108,1.6209336054180108,1.6210097297054635,2.720772792930397,2.720445276509037,2.720445276509037,2.720772792930397,1.72757869701696,1.7274526107310686,1.7274526107310686,1.72757869701696,0.4603991233087662,0.4604118872869718,0.4604118872869718,0.4603991233087662,11.467380149191753
400.0,98.071,53.267,6.095,4.21,3929.358,1.612016271573218,1.6119423590990432,1.6119423590990432,1.612016271573218,2.683772425333548,2.68346212837422,2.68346212837422,2.683772425333548,1.7164221052588602,1.71629993751092,1.71629993751092,1.7164221052588602,0.4594097470809506,0.4594257996863341,0.4594257996863341,0.4594097470809506,2.547999570348086
400.0,98.129,63.083,6.05,4.467,4254.763,1.6115893199461755,1.6115150221654513,1.6115150221654513,1.6115893199461755,2.6840407663120707,2.683728504258384,2.683728504258384,2.6840407663120707,1.7175151695701365,1.7173941995531954,1.7173941995531954,1.7175151695701365,0.4596276906897591,0.459641296603194,0.459641296603194,0.4596276906897591,2.3538791360931066
400.0,98.276,23.687,4.466,5.841,4195.83,1.6124153192480846,1.6123413967204596,1.6123413967204596,1.6124153192480846,2.680579228302765,2.680268873094007,2.680268873094007,2.680579228302765,1.7127035092861198,1.7125707237443368,1.7125707237443368,1.7127035092861198,0.4588144367387943,0.4588485735245254,0.4588485735245254,0.4588144367387943,2.383886032781342
400.0,98.402,50.424,2.705,4.915,456.149,1.6326954483914324,1.6326183878024263,1.6326183878024263,1.6326954483914324,2.7596918325238087,2.7593518661708405,2.7593518661708405,2.7596918325238087,1.733994905303597,1.7338607956908414,1.7338607956908414,1.733994905303597,0.4604850979593868,0.4605031386106866,0.4605031386106866,0.4604850979593868,21.94638354936698
400.0,98.882,33.216,5.603,4.166,3706.353,1.612393585754418,1.612319254346044,1.612319254346044,1.612393585754418,2.683534847334273,2.683222308024384,2.683222308024384,2.683534847334273,1.7145766111659697,1.7144499412663348,1.7144499412663348,1.7145766111659697,0.4592343181364513,0.4592580442542916,0.4592580442542916,0.4592343181364513,2.69954404069896
400.0,98.965,57.014,3.632,5.325,1189.941,1.6179466843485244,1.6178712983465149,1.6178712983465149,1.6179466843485244,2.7081812999675487,2.707859534977077,2.707859534977077,2.7081812999675487,1.7228246976295627,1.7226991581444493,1.7226991581444493,1.7228246976295627,0.4600859877128692,0.4601016487154546,0.4601016487154546,0.4600859877128692,8.414814686944025
400.0,99.011,86.26,5.735,5.405,2052.529,1.6135676382573354,1.6134925980764872,1.6134925980764872,1.6135676382573354,2.697312624698498,2.6969954723106646,2.6969954723106646,2.697312624698498,1.7233138938896442,1.7231912514667589,1.7231912514667589,1.7233138938896442,0.4605363433398538,0.4605483440625874,0.4605483440625874,0.4605363433398538,4.883093708649898
400.0,99.048,59.748,4.794,3.44,4703.174,1.6111876401838328,1.6111135394895728,1.6111135394895728,1.6111876401838328,2.684091386696727,2.6837810707580068,2.6837810707580068,2.684091386696727,1.717493823269603,1.7173720744685,1.7173720744685,1.717493823269603,0.4598256095670841,0.459840404051306,0.459840404051306,0.4598256095670841,2.12922133914401
400.0,99.182,65.637,3.543,2.79,3371.796,1.6119229833304969,1.6118483355776991,1.6118483355776991,1.6119229833304969,2.6881109423240903,2.687797162833077,2.687797162833077,2.6881109423240903,1.71908810662,1.7189661548912434,1.7189661548912434,1.71908810662,0.4600398364878994,0.4600537893543131,0.4600537893543131,0.4600398364878994,2.9705248147394703
400.0,99.198,52.681,3.042,5.513,2993.481,1.6125880817786031,1.61251355637685,1.61251355637685,1.6125880817786031,2.6883413689436564,2.6880277791267493,2.6880277791267493,2.6883413689436564,1.7178115916420067,1.7176885170671616,1.7176885170671616,1.7178115916420067,0.4597870524629741,0.4598032727282672,0.4598032727282672,0.4597870524629741,3.3445285777319427
400.0,99.657,40.234,4.819,2.534,4418.39,1.6115873513135754,1.61151322224393,1.61151322224393,1.6115873513135754,2.6835661308844667,2.6832551363932384,2.6832551363932384,2.6835661308844667,1.715565663082524,1.7154413937869553,1.7154413937869553,1.715565663082524,0.4596003421453463,0.4596200175721109,0.4596200175721109,0.4596003421453463,2.265019064949532
400.0,99.76,31.01,3.96,5.375,4235.887,1.6118579983269776,1.611783964428832,1.611783964428832,1.6118579983269776,2.683195312707612,2.682885101657372,2.682885101657372,2.683195312707612,1.714565490312919,1.7144377905122268,1.7144377905122268,1.714565490312919,0.4594375591607906,0.4594629200256384,0.4594629200256384,0.4594375591607906,2.36189873454223
400.0,99.775,14.285,5.133,4.241,2516.548,1.613917359731624,1.613843296506682,1.613843296506682,1.613917359731624,2.68787679758885,2.6875660244160016,2.6875660244160016,2.68787679758885,1.7143876681223575,1.7142281417777263,1.7142281417777263,1.7143876681223575,0.4591492078422989,0.4592231251787884,0.4592231251787884,0.4591492078422989,3.973409529789916
400.0,99.852,37.852,4.936,5.269,331.087,1.6415232070847052,1.641444628789782,1.641444628789782,1.6415232070847052,2.7933886318399908,2.7930338991703247,2.7930338991703247,2.7933886318399908,1.7409789279655603,1.7408373472055614,1.7408373472055614,1.7409789279655603,0.4610944738619555,0.4611167836744855,0.4611167836744855,0.4610944738619555,30.223496261435425
