Vout,ronp,rons,vfp,vfs,rm,sw_p1,sw_p2,sw_p3,sw_p4,cond_p1,cond_p2,cond_p3,cond_p4,sw_s1,sw_s2,sw_s3,sw_s4,cond_s1,cond_s2,cond_s3,cond_s4,core_t1
300.0,200.046,45.854,6.339,3.343,1213.148,3.326388392842313,3.3294225803230426,3.3294225803230426,3.326388392842313,9.112444465851013,4.142088093552958,4.142088093552958,9.112444465851013,1.3784602735107745,1.3715560357009584,1.3715560357009584,1.3784602735107745,0.5773771833566411,1.3980912868324202,1.3980912868324202,0.5773771833566411,4.568801485609348
300.0,200.053,62.712,6.297,3.658,2355.314,3.311209298384503,3.314214508183901,3.314214508183901,3.311209298384503,9.072786777774455,4.139273196055507,4.139273196055507,9.072786777774455,1.376815873755407,1.3700506074074,1.3700506074074,1.376815873755407,0.5800697899701052,1.3944348634782453,1.3944348634782453,0.5800697899701052,2.356182606787885
300.0,200.157,28.993,4.336,4.41,1278.382,3.2620495312350775,3.262010430289364,3.262010430289364,3.2620495312350775,9.35430603266662,9.39524696356536,9.39524696356536,9.35430603266662,1.3693859171863525,1.3689551167225464,1.3689551167225464,1.3693859171863525,1.3898536590062864,1.3701672256220752,1.3701672256220752,1.3898536590062864,4.33109126844795
300.0,200.16,17.857,3.788,3.896,1528.041,3.2391567727412087,3.2391206785718456,3.2391206785718456,3.2391567727409143,9.66452582449086,9.635068848722245,9.635068848722245,9.664525823200512,1.3674003693264187,1.3666475912870937,1.3666475912870937,1.3674003693264187,1.3817599811747625,1.3870416774407996,1.3870416774407996,1.3817599811747625,3.6213149688341777
300.0,200.522,16.454,5.869,5.179,2719.826,3.294250356548296,3.2942233859027548,3.2942233859027548,3.294250356548296,9.097003730593514,9.057925706755,9.057925706755,9.097003730593514,1.3651537199342192,1.3643480446365055,1.3643480446365055,1.3651537199342192,1.385957055989617,1.3882238653628411,1.3882238653628411,1.385957055989617,2.035037474108178
300.0,200.678,17.368,4.212,2.555,699.951,3.282913049093768,3.2828769904718125,3.2828769904718125,3.2829130490941334,9.598094619565009,9.57846845507137,9.57846845507137,9.59809461901466,1.3743126453816674,1.3735126164773934,1.3735126164773934,1.3743126453816674,1.3972166987072576,1.4040845221135232,1.4040845221135232,1.3972166987072576,7.900547737308627
300.0,201.188,60.558,3.071,2.805,2668.573,3.2103781173786694,3.210337925799707,3.210337925799707,3.21037811737868,10.183059284465466,10.075361483866812,10.075361483866812,10.183059296525103,1.3708302104353616,1.3706290020162095,1.3706290020162095,1.3708302104353616,1.3776700988622002,1.387784821132152,1.387784821132152,1.3776700988622002,2.078551684381947
300.0,201.691,22.685,3.019,4.835,406.823,3.2884906634121958,3.2884539705604414,3.2884539705604414,3.2884906634121958,10.564282476104363,10.437822377364666,10.437822377364666,10.564282476104363,1.3852161003670451,1.3845669885369345,1.3845669885369345,1.3852161003670451,1.4017130188991238,1.4148183829911851,1.4148183829911851,1.4017130188991238,13.581491731301703
300.0,201.826,17.442,3.326,4.471,3026.083,3.2133779824888427,3.213342580667478,3.213342580667478,3.2133779824888427,9.932218722217954,9.875213537771021,9.875213537771021,9.932218722217954,1.3665372004354222,1.3657635484368014,1.3657635484368014,1.3665372004354222,1.3747267346529537,1.3819935274741195,1.3819935274741195,1.3747267346529537,1.8285290554568503
300.0,202.508,71.031,5.404,4.213,567.836,3.3407527439843947,3.340716347543581,3.340716347543581,3.3407527439842872,9.309781681268664,9.378191541125329,9.378191541125329,9.30978168125967,1.3846734260840723,1.3844806991495755,1.3844806991495755,1.3846734260840723,1.4196500070401257,1.4199202134129387,1.4199202134129387,1.4196500070401257,9.763852593067975
300.0,202.601,35.682,2.521,4.461,4242.161,3.1881679403249725,3.188133698887857,3.188133698887857,3.1881679403249725,10.791775211189549,10.48506166745238,10.48506166745238,10.791775211189549,1.3689743380314323,1.3685987143386498,1.3685987143386498,1.3689743380314323,1.3643241571370863,1.390847547867068,1.390847547867068,1.3643241571370863,1.305493312210543
300.0,202.729,11.966,6.455,6.405,488.632,3.3791234258774527,3.38233222051892,3.38233222051892,3.3791234258774527,9.287663759757846,4.140808373035584,4.140808373035584,9.287663759757846,1.3887336444441558,1.380449556043308,1.380449556043308,1.3887336444441558,0.5660311602211513,1.4187496516463445,1.4187496516463445,0.5660311602211513,11.307047302686415
300.0,203.296,55.19,5.227,5.877,4348.763,3.27226229207978,3.2722351636026525,3.2722351636026525,3.27226229207978,9.162047064879305,9.182224505873888,9.182224505873888,9.162047064879305,1.3706470761317906,1.3704221316863008,1.3704221316863008,1.3706470761317906,1.394799021406962,1.3955035878804969,1.3955035878804969,1.394799021406962,1.275200228879791
300.0,203.372,92.779,3.039,5.152,2567.725,3.2139035957497746,3.2138674313495494,3.2138674313495494,3.2139035957497746,10.2998981189048,10.181729894960236,10.181729894960236,10.2998981189048,1.3767689842044823,1.3766289988522775,1.3766289988522775,1.3767689842044823,1.3859145828295028,1.396656297188838,1.396656297188838,1.3859145828295028,2.1634273226505862
300.0,203.499,94.999,4.406,3.082,1816.353,3.262241127846257,3.262202586317677,3.262202586317677,3.262241127846257,9.42568162341991,9.465951348336484,9.465951348336484,9.42568162341991,1.3779585242222951,1.3778346498787055,1.3778346498787055,1.3779585242222951,1.4031056984321202,1.38237272110691,1.38237272110691,1.4031056984321202,3.058849975232592
300.0,204.262,13.29,5.684,5.57,1311.533,3.3053809552485087,3.305347152572744,3.305347152572744,3.305380955248506,9.130230687250538,9.129939499809549,9.129939499809549,9.130230687247604,1.372026890060402,1.3709498320847553,1.3709498320847553,1.372026890060402,1.3966844551492494,1.4001125678992428,1.4001125678992428,1.3966844551492494,4.216257787660099
300.0,205.548,51.655,4.149,4.414,874.776,3.2755144158554703,3.2754818599461166,3.2754818599461166,3.2755144158554703,9.626674089441016,9.697392791499446,9.697392791499446,9.626674089441016,1.3804706598218368,1.3802175897297215,1.3802175897297215,1.3804706598218368,1.4073971627165305,1.3985799148790812,1.3985799148790812,1.4073971627165305,6.3310266546776335
300.0,206.1,73.565,3.267,6.192,1412.491,3.2334852589449503,3.233449310708292,3.233449310708292,3.2334852589449503,10.18523356184545,10.126864077450737,10.126864077450737,10.18523356184545,1.380099733834347,1.3799134975934002,1.3799134975934002,1.380099733834347,1.395865183621974,1.4034298694266591,1.4034298694266591,1.395865183621974,3.926302050898744
300.0,207.449,84.771,2.704,5.046,549.119,3.2646913279119816,3.2646546180527487,3.2646546180527487,3.2646913279119816,11.080218774684017,10.777580340365493,10.777580340365493,11.080218774684017,1.3929594142650938,1.3927714400574909,1.3927714400574909,1.3929594142650938,1.4072904666009325,1.4322919853162472,1.4322919853162472,1.4072904666009325,10.092760515875293
300.0,207.658,12.523,6.394,3.254,3645.875,3.310809156923808,3.311324625608324,3.311324625608324,3.310809156923808,9.104579683721056,9.105234409401415,9.105234409401415,9.104579683721056,1.3724675179506858,1.3705040016452965,1.3705040016452965,1.3724675179506858,1.3972968230672458,1.4005496122688077,1.4005496122688077,1.3972968230672458,1.5166272313614972
300.0,207.885,24.437,3.036,5.891,1227.641,3.227861814875466,3.2278263488360484,3.2278263488360484,3.2278618148753955,10.446059242517636,10.294078690291965,10.294078690291965,10.446059226720523,1.3777909174529328,1.3772066530163314,1.3772066530163314,1.3777909174529328,1.3890975030337178,1.4040724034199743,1.4040724034199743,1.3890975030337178,4.503548105206724
300.0,208.065,32.041,2.952,3.145,1327.045,3.223839137792655,3.2238008701392045,3.2238008701392045,3.223839137792505,10.580989439973791,10.35557423106088,10.35557423106088,10.58098943997492,1.3783203161412405,1.3778782210023297,1.3778782210023297,1.3783203161412405,1.3884870655394932,1.4084974573501488,1.4084974573501488,1.3884870655394932,4.168007316512135
300.0,208.207,42.66,6.428,5.256,3678.743,3.3146181340723446,3.3153117863506263,3.3153117863506263,3.3146181340723446,9.13954086611224,9.136797889981203,9.136797889981203,9.13954086611224,1.376203135703988,1.3748133045457132,1.3748133045457132,1.376203135703988,1.4041427249381626,1.4048195790613982,1.4048195790613982,1.4041427249381626,1.5055133278358996
300.0,208.423,12.706,3.117,6.22,4258.468,3.20672410064893,3.206681835914336,3.206681835914336,3.20672410064893,10.256970897502406,10.140213032761377,10.140213032761377,10.256970897502406,1.3723386369187578,1.371175718916086,1.371175718916086,1.3723386369187578,1.3802822791212257,1.3940800874293442,1.3940800874293442,1.3802822791212257,1.2979835931451955
300.0,208.785,98.65,6.314,5.851,1908.185,3.326814046729947,3.326868428162004,3.326868428162004,3.326814046729947,9.247943885122348,9.248669687543485,9.248669687543485,9.247943885122348,1.3841410726129042,1.3839117470656803,1.3839117470656803,1.3841410726129042,1.418304990029127,1.4177549165515262,1.4177549165515262,1.418304990029127,2.9106330996997367
300.0,208.978,97.482,5.24,6.444,4221.148,3.279989514370645,3.279960909548961,3.279960909548961,3.279989514370645,9.324719242686513,9.318742768576048,9.318742768576048,9.324719242686513,1.3812427695625873,1.381107467974478,1.381107467974478,1.3812427695625873,1.4125507199559506,1.412855285691084,1.412855285691084,1.4125507199559506,1.315869453378627
300.0,209.138,39.028,2.595,4.238,2442.919,3.2014231653057603,3.201390366925548,3.201390366925548,3.2014231653057603,10.926751427621038,10.60862079656666,10.60862079656666,10.926751427621038,1.3775626476973812,1.377198283923516,1.377198283923516,1.3775626476973812,1.379865075989015,1.4068204823887411,1.4068204823887411,1.379865075989015,2.265188546063775
300.0,209.275,98.2,4.629,5.427,2337.642,3.268591090292816,3.268553603939864,3.268553603939864,3.268591090292816,9.417568696740068,9.496514227103837,9.496514227103837,9.417568696740068,1.3833018178284162,1.3831784004510312,1.3831784004510312,1.3833018178284162,1.4139761180274792,1.3868206011537896,1.3868206011537896,1.4139761180274792,2.375581671376204
300.0,210.132,26.936,5.443,2.824,510.687,3.351810904283176,3.3517755689460262,3.351775568946144,3.3518109042834623,9.488296822183983,9.498347808244208,9.498347804524036,9.48829682217943,1.3896253020680045,1.3890756334908112,1.3890756334908112,1.3896253020680045,1.4310521443729565,1.4323887576607015,1.4323887576607015,1.4310521443729565,10.816722666353492
300.0,210.538,50.943,3.928,2.514,4495.212,3.235028226586244,3.2349930255502253,3.2349930255502253,3.23502822658638,9.789983782748942,9.755883671605396,9.755883671605396,9.78998378273614,1.3777936221275855,1.3775248642738709,1.3775248642738709,1.3777936221275855,1.4007352568105178,1.4046443998735545,1.4046443998735545,1.4007352568105178,1.2320520394837742
300.0,210.581,22.109,5.392,3.414,4739.959,3.2781844432265137,3.278154556428708,3.278154556429014,3.2781844432265137,9.229640365489583,9.242729605803838,9.242729605788364,9.229640365489583,1.3745357819462594,1.3739144537073,1.3739144537073,1.3745357819462594,1.403339572157685,1.405172160411162,1.405172160411162,1.403339572157685,1.1667394795849293
300.0,210.593,88.926,6.172,3.339,1079.165,3.339323619382176,3.339292336594309,3.339292336594309,3.339323619382176,9.371597802724212,9.335690790503175,9.335690790503175,9.371597802724212,1.3881442643063453,1.3879887405873632,1.3879887405873632,1.3881442643063453,1.4269273148147932,1.425936744971411,1.425936744971411,1.4269273148147932,5.140721497183585
300.0,211.012,25.932,3.5,2.753,3826.165,3.221815013510103,3.2217790382739726,3.2217790382739726,3.221815013510103,10.062893244653834,9.974742886670745,9.974742886670745,10.062893244653834,1.3761612655424502,1.3756207987777216,1.3756207987777216,1.3761612655424502,1.393405990513349,1.4011434944479493,1.4011434944479493,1.393405990513349,1.445258934777403
300.0,211.305,21.007,5.651,4.345,2699.112,3.2933254539966463,3.2932868282440526,3.2932868282440526,3.2933254539966463,9.146501528777591,9.234295723460791,9.234295723460791,9.146501528777591,1.3765706378910976,1.3758996321018375,1.3758996321018375,1.3765706378910976,1.4074528937004396,1.409318808391648,1.409318808391648,1.4074528937004396,2.0483860153223645
300.0,211.347,53.851,3.664,4.401,477.86,3.3047770220073573,3.304740626180587,3.304740626180587,3.3047770220073573,10.378108827800467,10.23030945738734,10.23030945738734,10.378108827800467,1.3953454174727151,1.3950604778421198,1.3950604778421198,1.3953454174727151,1.42891908289897,1.4382301265907735,1.4382301265907735,1.42891908289897,11.570633312555207
300.0,211.598,60.184,4.919,5.371,3399.683,3.2704831027482677,3.270452204169213,3.270452204169213,3.2704831027482677,9.424455260456124,9.405026436193443,9.405026436193443,9.424455260456124,1.3803430722946055,1.3801175601777913,1.3801175601777913,1.3803430722946055,1.4117979721317708,1.414467549152219,1.414467549152219,1.4117979721317708,1.6297505880316916
300.0,211.728,99.345,5.453,4.043,3871.227,3.289930632295293,3.2898977886363463,3.2898977886363463,3.289930632295293,9.316979286841555,9.3370407587119,9.3370407587119,9.316979286841555,1.3845561346550537,1.3844172261287653,1.3844172261287653,1.3845561346550537,1.4192208799458228,1.41932758736179,1.41932758736179,1.4192208799458228,1.4344078999800542
300.0,211.931,43.562,5.531,4.334,3384.432,3.288854501584506,3.2888220564758,3.2888220564758,3.288854501584506,9.23038333632752,9.268850579735384,9.268850579735384,9.23038333632752,1.378905073444188,1.3785933839055464,1.3785933839055464,1.378905073444188,1.4113591785393798,1.4120359877361204,1.4120359877361204,1.4113591785393798,1.6355985923347507
300.0,212.252,65.026,3.76,2.589,2059.76,3.2431338409179875,3.243097160283271,3.243097160283271,3.2431338409179875,10.025157624929273,9.936287648137473,9.936287648137473,10.025157624929273,1.3834940053203333,1.3832769192123149,1.3832769192123149,1.3834940053203333,1.4084771391866244,1.4085587172818483,1.4085587172818483,1.4084771391866244,2.6896056193556066
300.0,212.443,82.11,5.625,6.287,671.346,3.346121234678064,3.346083216440893,3.346083216440893,3.346121234678064,9.439014604834767,9.48894530175716,9.48894530175716,9.439014604834767,1.3941490215250163,1.3939679600954258,1.3939679600954258,1.3941490215250163,1.4382813483031387,1.4382286838907388,1.4382286838907388,1.4382813483031387,8.253680745434144
300.0,213.823,54.51,5.466,5.792,1469.388,3.305109641944779,3.30507877582692,3.305078775826843,3.305109641944779,9.386420664871215,9.390657581469082,9.390657579567383,9.386420664871215,1.3854256860241827,1.3851689344570557,1.3851689344570557,1.3854256860241827,1.4230149118527566,1.4235188328248467,1.4235188328248467,1.4230149118527566,3.76728344505737
300.0,213.898,41.346,5.608,4.474,1093.627,3.3181845387560127,3.318149806107916,3.318149806107916,3.3181845387560127,9.345858610613261,9.383536082305236,9.383536082305236,9.345858610613261,1.3861008825448844,1.3857550823264666,1.3857550823264666,1.3861008825448844,1.4249756031367649,1.425608255135742,1.425608255135742,1.4249756031367649,5.057007507511568
300.0,213.947,74.778,6.054,6.298,1445.232,3.3268475369970307,3.3268180490561323,3.3268180490561323,3.3268475369970307,9.340893449161774,9.34045522144692,9.34045522144692,9.340893449161731,1.3879981780659931,1.387809617621257,1.387809617621257,1.3879981780659931,1.4261097658101374,1.4268424242360565,1.4268424242360565,1.4261097658101374,3.834557705233951
300.0,214.212,14.428,2.681,4.526,4358.75,3.1982415685870045,3.19820316040904,3.19820316040904,3.1982415685870045,10.911946017776016,10.601476821538508,10.601476821538508,10.911946017776016,1.3788978580375746,1.3778277918850346,1.3778277918850346,1.3788978580375746,1.3831195127481737,1.4115725303634803,1.4115725303634803,1.3831195127481737,1.267148830631181
300.0,214.22,86.832,3.839,3.879,1139.16,3.2656784618439576,3.2656394220247136,3.2656394220247136,3.2656784618439576,10.107429060621412,10.03042593659265,10.03042593659265,10.107429060621412,1.391455901973354,1.3912851228953782,1.3912851228953782,1.391455901973354,1.422720960445487,1.4237923747919183,1.4237923747919183,1.422720960445487,4.865880158941636
300.0,214.393,33.248,6.448,5.743,2719.514,3.322548138849367,3.322557662139725,3.322557662139725,3.322548138849367,9.238609609838626,9.236222616216448,9.236222616216448,9.238609609838626,1.3814047390598612,1.3809441807856646,1.3809441807856646,1.3814047390598612,1.4167805773112927,1.4170596270681666,1.4170596270681666,1.4167805773112927,2.0336484031331254
300.0,214.837,63.001,5.906,3.837,2340.417,3.310489568939383,3.310461556474971,3.310461556474971,3.310489568939383,9.267416353711695,9.268039526784099,9.268039526784099,9.267416353711695,1.3852917336174877,1.3850710285901298,1.3850710285901298,1.3852917336174877,1.4224270400330157,1.4231868709178166,1.4231868709178166,1.4224270400330157,2.3665801179294323
300.0,214.936,70.206,4.077,4.56,2234.408,3.253986262902948,3.2539550509362165,3.2539550509362165,3.2539862629031204,9.874111514797715,9.8410031375997,9.8410031375997,9.874111514781228,1.3864893341072428,1.3862850061912295,1.3862850061912295,1.3864893341072428,1.4169036436960116,1.4204776536047463,1.4204776536047463,1.4169036436960116,2.479306691183924
300.0,215.262,72.756,3.801,5.532,1688.118,3.252118910309872,3.2520806167565355,3.2520806167565355,3.252118910310079,10.10262829770504,10.010338615341425,10.010338615341425,10.10262830571514,1.3884974723101955,1.3882962046891922,1.3882962046891922,1.3884974723101955,1.417547557064935,1.4179645475208045,1.4179645475208045,1.417547557064935,3.2813679969767944
300.0,215.517,90.682,5.482,4.433,1381.394,3.312726423902875,3.312694307016752,3.312694307016752,3.312726423902676,9.466122147162844,9.463355345248857,9.463355345248857,9.466122158017495,1.3916955349302322,1.3915364686427256,1.3915364686427256,1.3916955349302322,1.4333456974375247,1.433452703240884,1.433452703240884,1.4333456974375247,4.014006836472491
300.0,215.648,72.525,3.417,3.337,676.218,3.2780552407962915,3.278017793121212,3.278017793121212,3.2780552407965216,10.504286972812986,10.39488970283828,10.39488970283828,10.504286981797378,1.3968981797161684,1.3966818220617343,1.3966818220617343,1.3968981797161684,1.4276216803398627,1.437251607589202,1.437251607589202,1.4276216803398627,8.183651643619017
300.0,215.889,93.982,4.218,3.736,2703.496,3.2584089168240986,3.2583714607625462,3.2583714607625462,3.258408916824123,9.745659390741789,9.812677479383966,9.812677479383966,9.745659386345686,1.3894743394750044,1.389323885741316,1.389323885741316,1.3894743394750044,1.4225921873489882,1.414718314683592,1.414718314683592,1.4225921873489882,2.0516629664062065
300.0,216.165,97.573,2.958,2.613,2408.709,3.223503719544528,3.2234649545302267,3.2234649545302267,3.223503719544528,10.805329348914304,10.556396762208127,10.556396762208127,10.805329348914304,1.3913162822238194,1.3911524018459334,1.3911524018459334,1.3913162822238194,1.4089194886539531,1.4296270748482875,1.4296270748482875,1.4089194886539531,2.3025199766654687
300.0,216.436,31.663,3.282,6.383,3763.113,3.2201790868668287,3.220135569844783,3.220135569844783,3.2201790868668287,10.31860246074028,10.241804074196862,10.241804074196862,10.31860246074028,1.3826702273855127,1.3822175004332284,1.3822175004332284,1.3826702273855127,1.401417243224773,1.4101532928470843,1.4101532928470843,1.401417243224773,1.4687629411475915
300.0,216.74,43.637,5.124,6.349,4862.754,3.2756917564005024,3.2756590246029904,3.2756590246029904,3.2756917564005024,9.438598091284264,9.42365790608407,9.42365790608407,9.438598091284264,1.3831811566487198,1.382856901959682,1.382856901959682,1.3831811566487198,1.4186591351028812,1.421344641424639,1.421344641424639,1.4186591351028812,1.1376522978447756
300.0,216.813,87.219,5.153,3.153,580.74,3.34588289740836,3.3458467909890413,3.3458467909890413,3.34588289740836,9.728333692120849,9.710139843970957,9.710139843970957,9.728333692120849,1.4015270499613055,1.4013475288509285,1.4013475288509285,1.4015270499613055,1.4511909586832104,1.4535949188617758,1.4535949188617758,1.4511909586832104,9.534862999693654
300.0,216.9,93.241,3.565,6.038,2338.736,3.241869989601467,3.241833683756564,3.241833683756564,3.241869989601467,10.30411975945249,10.173289431034132,10.173289431034132,10.30411975945249,1.3912641806709654,1.391099436282386,1.391099436282386,1.3912641806709654,1.418766886297358,1.430691310866814,1.430691310866814,1.418766886297358,2.3708284469186904
300.0,216.986,67.443,4.23,6.182,4014.814,3.251997834243407,3.251962034178092,3.251962034178092,3.251997834243407,9.717576021248618,9.783263290461479,9.783263290461479,9.717576021248618,1.3865918533967996,1.38638211029099,1.38638211029099,1.3865918533967996,1.418611040067678,1.4110529274695454,1.4110529274695454,1.418611040067678,1.379484039015188
300.0,217.585,25.067,5.87,5.066,3241.065,3.3027735403216045,3.302741326542091,3.302741326542091,3.3027735403216045,9.217682441674096,9.306747273919628,9.306747273919628,9.217682441674096,1.3830359572763409,1.3824573933948632,1.3824573933948632,1.3830359572763409,1.4203386691691149,1.4219519211608993,1.4219519211608993,1.4203386691691149,1.7048928224421065
300.0,217.829,55.684,6.102,2.884,1864.043,3.3232504819286177,3.3232195076208906,3.3232195076208906,3.3232504819286177,9.320658097733554,9.319908655021774,9.319908655021774,9.320658097733554,1.38864503750473,1.3883857528439827,1.3883857528439827,1.38864503750473,1.4285418292259469,1.4294701411436226,1.4294701411436226,1.4285418292259469,2.968653299820628
300.0,217.868,27.059,2.989,4.623,4256.406,3.2113028895376443,3.2112628861180585,3.2112628861181705,3.2113028895376443,10.710902512279176,10.466286739561806,10.466286741407528,10.710902512279176,1.3837135227582915,1.383155185246278,1.383155185246278,1.3837135227582915,1.3981611006925696,1.4198256254561732,1.4198256254561732,1.3981611006925696,1.297906664518687
300.0,217.917,86.655,6.195,2.665,3977.725,3.317586012918202,3.3175560251434857,3.3175560251434857,3.317586012918202,9.340136699916819,9.33962415180494,9.33962415180494,9.340136699916819,1.3897494235422296,1.3895838285542943,1.3895838285542943,1.3897494235422296,1.4298145985698407,1.4304715768772258,1.4304715768772258,1.4298145985698407,1.393867030786378
300.0,218.017,35.303,5.01,2.701,4605.94,3.2727564296137484,3.2727239042592813,3.2727239042592813,3.2727564296137484,9.491374846237065,9.467517027045202,9.467517027045202,9.491374846237065,1.3837326905237837,1.3833251582410682,1.3833251582410682,1.3837326905237837,1.4195141194189538,1.4229341909630722,1.4229341909630722,1.4195141194189538,1.2002908121153688
300.0,218.135,85.276,6.164,5.043,2997.676,3.3201220694616382,3.3200913978650077,3.3200913978650077,3.320122069461635,9.355681950623357,9.355236224189822,9.355236224189822,9.355681951218742,1.3905476845068667,1.3903783801351737,1.3903783801351737,1.3905476845068667,1.431045847786149,1.4317175943704472,1.4317175943704472,1.431045847786149,1.8492306843376225
300.0,218.455,27.882,4.714,3.312,4151.294,3.2640139431048767,3.263972015993011,3.263972015993281,3.2640139431048767,9.515178564381031,9.552047364514964,9.55204735530892,9.515178564381031,1.3836489307650148,1.3831379402343489,1.3831379402343489,1.3836489307650148,1.4178842445737136,1.3987161941397062,1.3987161941397062,1.4178842445737136,1.3310517565386737
300.0,218.508,46.331,3.308,3.04,4871.381,3.221734780495241,3.221692255627824,3.221692255627824,3.221734780495241,10.356053768593185,10.27868653559084,10.27868653559084,10.356053768593185,1.3859341685470643,1.3856233696457283,1.3856233696457283,1.3859341685470643,1.4072624681204298,1.4167774288674424,1.4167774288674424,1.4072624681204298,1.135239433812363
300.0,218.697,74.638,4.79,2.863,634.18,3.328420440713653,3.3283798875902777,3.3283798875902777,3.3284204407135314,9.76861045064731,9.805335876136812,9.805335876136812,9.768610461406116,1.40086757000261,1.4006727109463897,1.4006727109463897,1.40086757000261,1.4487427171380034,1.4285561091631789,1.4285561091631789,1.4487427171380034,8.72374560722465
300.0,219.087,51.219,4.552,4.228,3211.54,3.264780081718206,3.264745695111712,3.2647456951119964,3.264780081718206,9.718540365192856,9.694965084855982,9.694965086664329,9.718540365192856,1.387495735547016,1.3872139891321709,1.3872139891321709,1.387495735547016,1.423371327367069,1.4285868348106927,1.4285868348106927,1.423371327367069,1.7224321230546054
300.0,219.811,44.675,5.828,4.332,2757.108,3.3076173310046655,3.3075819313541874,3.3075819313541874,3.3076173310046655,9.300881629059532,9.376035194117256,9.376035194117256,9.300881629059532,1.387972267594814,1.3876444512345112,1.3876444512345112,1.387972267594814,1.4293993099170192,1.4299211174005766,1.4299211174005766,1.4293993099170192,2.0055498028919856
300.0,220.111,69.507,4.169,6.469,3304.88,3.255451711877837,3.2554186306703334,3.2554186306703334,3.255451711877837,9.925436098205775,9.891169433215673,9.891169433215673,9.925436098205775,1.390688880770232,1.3904732977406662,1.3904732977406662,1.390688880770232,1.4254697898888635,1.429093253925484,1.429093253925484,1.4254697898888635,1.6751147570023643
300.0,220.661,17.794,3.86,5.581,3716.501,3.239707151901643,3.2396687255501626,3.2396687255501626,3.239707151901643,10.088329020504794,9.990621835598958,9.990621835598958,10.088329020504794,1.3855238383144686,1.3846472498103533,1.3846472498103533,1.3855238383144686,1.4137687887948014,1.4252031279052078,1.4252031279052078,1.4137687887948014,1.4852679969297715
300.0,220.777,82.99,4.997,3.943,2142.965,3.2904875315708657,3.290453803113541,3.290453803113541,3.2904875315708657,9.67655455423752,9.616431232758847,9.616431232758847,9.67655455423752,1.3942365058190636,1.3940559178159493,1.3940559178159493,1.3942365058190636,1.4372056109809046,1.4362221432250275,1.4362221432250275,1.4372056109809046,2.584831614292164
300.0,220.811,64.186,5.929,3.578,4961.484,3.3070707262164327,3.307039109033127,3.307039109032975,3.3070707262164327,9.289444389962425,9.378084232674516,9.378084232685444,9.289444389962425,1.3898282030285758,1.3896018377439063,1.3896018377439063,1.3898282030285758,1.432398685821804,1.4327181894031344,1.4327181894031344,1.432398685821804,1.115675420216791
300.0,221.903,20.986,4.615,2.662,328.913,3.384161488459097,3.3841201451075507,3.3841201451075507,3.384161488459013,10.156540068322151,10.215088809994247,10.215088809994247,10.156540097549598,1.4115059958101053,1.4106752917023178,1.4106752917023178,1.4115059958101053,1.4745761131959605,1.4720840081739195,1.4720840081739195,1.4745761131959605,16.73742758562906
300.0,221.926,24.057,2.774,3.344,4390.496,3.2084250361374043,3.208386760997308,3.208386760997308,3.2084250361374043,11.0423053642589,10.722251773176437,10.722251773176437,11.0423053642589,1.3879358853579986,1.3872774170550717,1.3872774170550717,1.3879358853579986,1.401163600070808,1.4285958854941707,1.4285958854941707,1.401163600070808,1.257240099461868
300.0,222.654,39.934,4.571,2.542,3935.802,3.2650662187757016,3.265031783494643,3.265031783494643,3.2650662187757016,9.771554025501917,9.743887233876576,9.743887233876576,9.771554025501917,1.3895817642910266,1.3892064935021216,1.3892064935021216,1.3895817642910266,1.4277935023102666,1.433599838693851,1.433599838693851,1.4277935023102666,1.4039286608487762
300.0,222.74,34.536,5.01,4.418,3215.142,3.2807884353565746,3.2807541794253967,3.2807541794253967,3.2807884353565084,9.638515488767752,9.57429774323288,9.57429774323288,9.638515478180464,1.389526826383756,1.389091462517846,1.389091462517846,1.389526826383756,1.430423363554502,1.4300888187119236,1.4300888187119236,1.430423363554502,1.7180842225031543
300.0,223.039,88.103,2.96,6.122,2703.972,3.227939956167348,3.2278991283668392,3.2278991283668392,3.227939956167348,10.978217290863352,10.70605897772968,10.70605897772968,10.978217290863352,1.3973895287639069,1.3971988602776833,1.3971988602776833,1.3973895287639069,1.4200630463644517,1.4425575059329938,1.4425575059329938,1.4200630463644517,2.0478737338183537
300.0,223.058,71.067,5.403,3.213,2328.071,3.302887933803155,3.302853554828157,3.302853554828157,3.302887933803155,9.561257969509986,9.55040396284093,9.55040396284093,9.561257969509986,1.3950239987112525,1.3948107491346202,1.3948107491346202,1.3950239987112525,1.441125540738863,1.4431573085053535,1.4431573085053535,1.441125540738863,2.377112009223848
300.0,223.059,91.619,6.138,4.881,600.46,3.3839663988208657,3.3839304590758386,3.3839304590758386,3.3839663988208657,9.616391437553604,9.617917186227569,9.617917186227569,9.616391437553604,1.4085451909204472,1.4083645734670454,1.4083645734670454,1.4085451909204472,1.4670696122588862,1.4677178372236583,1.4677178372236583,1.4670696122588862,9.21545294446888
300.0,223.378,31.554,3.769,4.277,1221.1,3.2641658259691875,3.264128976099596,3.264128976099596,3.264165825969056,10.3600635634651,10.213266024903692,10.213266024903692,10.360063561226967,1.39472159081828,1.3942189603477604,1.3942189603477604,1.39472159081828,1.42968005891347,1.443302053025928,1.443302053025928,1.42968005891347,4.519546496969707
300.0,223.434,82.455,2.718,3.259,580.15,3.2795760214318816,3.2795273260617974,3.2795273260617974,3.2795760214318816,11.541012945404582,11.553241702869729,11.553241702869729,11.541012945404582,1.4094162576568086,1.4092436325488409,1.4092436325488409,1.4094162576568086,1.4674519186122734,1.4681962455703956,1.4681962455703956,1.4674519186122734,9.526983591950339
300.0,223.504,64.137,6.017,4.651,491.557,3.393316506247638,3.3932781403691648,3.393278140369013,3.393316506247358,9.631160752524384,9.709662924315566,9.709662922781105,9.631160752525467,1.409107652104452,1.4088479093248818,1.4088479093248818,1.409107652104452,1.47019653727833,1.4700611822736078,1.4700611822736078,1.47019653727833,11.235504875389507
300.0,223.708,36.709,3.134,5.148,2148.1,3.231659418372739,3.231622491310384,3.231622491310384,3.231659418372455,10.73075656174278,10.556324225700203,10.556324225700203,10.730756572377588,1.3929802150678563,1.3925435154797818,1.3925435154797818,1.3929802150678563,1.4169690010188771,1.432469958656684,1.432469958656684,1.4169690010188771,2.5703137726719647
300.0,223.755,27.326,4.814,3.16,3837.014,3.2726619977173192,3.272617637838423,3.272617637838423,3.2726619977173192,9.600785320982686,9.632754507754942,9.632754507754942,9.600785320982686,1.38943377808644,1.388884821479907,1.388884821479907,1.38943377808644,1.4292836790767731,1.4110392474380589,1.4110392474380589,1.4292836790767731,1.4388815650404667
300.0,223.909,39.111,5.437,3.289,3218.014,3.296048663015056,3.2960139222862845,3.2960139222862845,3.296048663015056,9.518723187055686,9.505965753280503,9.505965753280503,9.518723187055686,1.3912845851224052,1.3908971496215252,1.3908971496215252,1.3912845851224052,1.435457801346714,1.43651021497963,1.43651021497963,1.435457801346714,1.7167384282472204
300.0,224.085,67.447,4.622,5.108,871.322,3.309797645951788,3.309761513065377,3.309761513065377,3.309797645951788,9.97022029981282,9.940265351839267,9.940265351839267,9.97022029981282,1.4021869474431048,1.4019489504322225,1.4019489504322225,1.4021869474431048,1.450761895210399,1.456314618172263,1.456314618172263,1.450761895210399,6.343934654132
300.0,224.306,32.608,3.904,4.615,348.492,3.3592352664486493,3.359190101014135,3.359190101014135,3.3592352664486493,10.52592051004043,10.670368389051529,10.670368389051529,10.52592051004043,1.4141161789703327,1.4136328408600871,1.4136328408600871,1.4141161789703327,1.478221342940054,1.469556959181756,1.469556959181756,1.478221342940054,15.800627465572012
300.0,224.459,30.355,3.186,4.045,458.256,3.307098101616912,3.3070626695355254,3.3070626695355254,3.307098101616912,11.010402579896372,10.852056166019851,10.852056166019851,11.010402579896372,1.4083740858784386,1.4077851071084293,1.4077851071084293,1.4083740858784386,1.44601172496981,1.4606188518647605,1.4606188518647605,1.44601172496981,12.021594018465636
300.0,225.395,60.034,6.173,6.459,4045.966,3.3210537381695606,3.321021516366641,3.321021516366641,3.3210537381695606,9.386483948156588,9.387355434209933,9.387355434209933,9.386483948156588,1.394758779126582,1.3945044843354042,1.3945044843354042,1.394758779126582,1.4420235538953523,1.4429122941692878,1.4429122941692878,1.4420235538953523,1.3668168059972472
300.0,225.424,45.987,2.535,6.128,3291.61,3.211285304517683,3.211248049390764,3.2112480493908477,3.211285304517584,11.459834510863264,11.042142571721032,11.042142769615358,11.459834521274695,1.3950841571421249,1.3947192452594936,1.3947192452594936,1.3950841571421249,1.408311892302072,1.4418487213280993,1.4418487213280993,1.408311892302072,1.6777742894640273
300.0,225.73,21.908,5.018,3.256,2190.914,3.288779659012529,3.288738805014949,3.288738805014949,3.288779659012529,9.556259519925616,9.64243519541392,9.64243519541392,9.556259519925616,1.3927276221688305,1.3920167951013158,1.3920167951013158,1.3927276221688305,1.4365321461913745,1.4097616940407922,1.4097616940407922,1.4365321461913745,2.5180327059330763
300.0,225.807,97.614,3.995,6.321,421.546,3.351782218670212,3.3517375025032905,3.3517375025032905,3.351782218670212,10.60975323042924,10.61534106633494,10.61534106633494,10.60975323042924,1.4189914420596466,1.418807554319992,1.418807554319992,1.4189914420596466,1.478010801915157,1.4781699306796012,1.4781699306796012,1.478010801915157,13.109916228007506
300.0,226.05,34.335,3.672,3.891,2586.721,3.2461729622528184,3.2461351378854615,3.2461351378854615,3.2461729622528184,10.390559261679131,10.25807803006154,10.25807803006154,10.390559261679131,1.3941825653985245,1.393717384253781,1.393717384253781,1.3941825653985245,1.427467195109854,1.4351256331719795,1.4351256331719795,1.427467195109854,2.1337808998702616
300.0,226.182,82.348,2.878,3.873,3049.195,3.2269168806152537,3.2268784245412854,3.2268784245412854,3.2269168806152537,11.14615480315306,10.831958045527704,10.831958045527704,11.14615480315306,1.3999293850168135,1.399717311233728,1.399717311233728,1.3999293850168135,1.423260021239685,1.4485805359871733,1.4485805359871733,1.423260021239685,1.814537891331058
300.0,226.213,52.48,6.137,2.667,1855.821,3.332557613459113,3.332524261181039,3.332524261181039,3.332557613459113,9.449178637261952,9.450863832291923,9.450863832291923,9.449178637261952,1.3973757937909654,1.3970785704784128,1.3970785704784128,1.3973757937909654,1.447775790107266,1.4487779818681523,1.4487779818681523,1.447775790107266,2.977407590469276
300.0,226.551,89.028,3.904,5.774,4043.423,3.2543037666369523,3.254266311855261,3.254266311855261,3.2543037666369523,10.290660620648453,10.182220191944555,10.182220191944555,10.290660620648453,1.3996213710190308,1.399435933379266,1.399435933379266,1.3996213710190308,1.4384791558289494,1.4484130824173551,1.4484130824173551,1.4384791558289494,1.3691681351490088
300.0,226.803,34.606,3.32,2.575,518.453,3.3036804427242545,3.3036408092406147,3.3036408092406147,3.3036804427242545,10.890519919859416,10.91349275873048,10.91349275873048,10.890519919859416,1.409037195555375,1.4085395764647286,1.4085395764647286,1.409037195555375,1.460847519964537,1.4632342293958245,1.4632342293958245,1.460847519964537,10.6268436231566
300.0,228.545,28.989,6.195,5.251,3113.061,3.324639681062216,3.324605581038367,3.324605581038367,3.324639681062216,9.422224029700159,9.423843731275076,9.423843731275076,9.422224029700159,1.3953781646596424,1.3948308522046806,1.3948308522046806,1.3953781646596424,1.4449167870629365,1.4466930170011287,1.4466930170011287,1.4449167870629365,1.7724458186137833
300.0,229.446,88.755,4.505,4.24,3094.449,3.2794496568836444,3.2794285962058973,3.2794285962061185,3.2794496568836444,9.914856171699634,9.923795547715049,9.923795549215455,9.914856171699634,1.4033107331795318,1.4030996374642668,1.4030996374642668,1.4033107331795318,1.4419571252670642,1.442541332017712,1.442541332017712,1.4419571252670642,1.7881600085469898
300.0,229.82,41.837,5.028,2.907,2534.658,3.293373223524282,3.2933321137076015,3.2933321137076015,3.293373223524282,9.689470703460769,9.736656644016842,9.736656644016842,9.689470703460769,1.3988044959586,1.3984342524012807,1.3984342524012807,1.3988044959586,1.4481881688305125,1.4264181658278,1.4264181658278,1.4481881688305125,2.1775375505924197
300.0,229.907,57.548,3.594,5.863,2827.338,3.2498516699088857,3.2498167372067495,3.249816737206775,3.2498516699088857,10.546495564254172,10.590987470119243,10.59098747011646,10.546495564254172,1.4008152549367554,1.400543817369352,1.400543817369352,1.4008152549367554,1.444732811978819,1.4475370318313536,1.4475370318313536,1.444732811978819,1.9533585878795603
300.0,230.257,43.927,6.475,4.296,2812.209,3.339112844820176,3.339078317687334,3.339078317687334,3.339112844820176,9.46143047076987,9.460444648520545,9.460444648520545,9.46143047076987,1.3992660927004148,1.3989012065017732,1.3989012065017732,1.3992660927004148,1.4510540144483075,1.4523150534941238,1.4523150534941238,1.4510540144483075,1.9630447426832287
300.0,230.53,25.141,4.114,3.975,3081.695,3.2607613673816056,3.260719036676491,3.260719036676491,3.2607613673816056,10.1802855030039,10.112261993000246,10.112261993000246,10.1802855030039,1.3973774263620158,1.396719758377416,1.396719758377416,1.3973774263620158,1.43860119116602,1.441683625293192,1.441683625293192,1.43860119116602,1.789097665536293
300.0,231.046,15.809,3.863,4.317,2003.269,3.2601736733030053,3.2601330387237786,3.2601330387237786,3.260173673303035,10.433457564925174,10.436612694403175,10.436612694403175,10.433457564928236,1.3986636527297445,1.397567069269576,1.397567069269576,1.3986636527297445,1.4500997501428383,1.4533284380720908,1.4533284380720908,1.4500997501428383,2.7500092373899463
300.0,231.242,76.33,3.693,4.406,1599.867,3.2689252771087816,3.2688781110092724,3.2688781110092724,3.2689252771087816,10.658730158495224,10.63503316575826,10.63503316575826,10.658730158495224,1.4068266152527835,1.4066692720177625,1.4066692720177625,1.4068266152527835,1.463321942325523,1.4623682011883057,1.4623682011883057,1.463321942325523,3.4536651161213565
300.0,231.349,70.854,3.069,5.704,2202.546,3.242906968640887,3.2428654234252674,3.2428654234252674,3.242906968640887,10.822006251924124,11.0487635576654,11.0487635576654,10.822006251924124,1.405232247598331,1.4051088983290576,1.4051088983290576,1.405232247598331,1.4539958715027057,1.438088646952462,1.438088646952462,1.4539958715027057,2.507998921082577
300.0,231.747,86.894,3.4,6.226,3388.504,3.248010709974529,3.2479634410294724,3.2479634410294724,3.248010709974529,10.704128247892884,10.749107082225192,10.749107082225192,10.704128247892884,1.405876189369258,1.4056966495026306,1.4056966495026306,1.405876189369258,1.4560536649358728,1.4548180549173726,1.4548180549173726,1.4560536649358728,1.631870096200928
300.0,232.147,19.261,5.098,5.203,3350.19,3.2913091709372075,3.2912656566278207,3.2912656566278207,3.2913091709372075,9.669193948775249,9.724454038756535,9.724454038756535,9.669193948775249,1.3981010132822975,1.397240781531144,1.397240781531144,1.3981010132822975,1.447343623044549,1.425731522461213,1.425731522461213,1.447343623044549,1.6450219993704485
300.0,232.207,92.573,3.124,6.239,358.899,3.355742835895948,3.355763507829403,3.355763507829403,3.355742835895948,11.501091429355585,11.476680891186342,11.476680891186342,11.501091429355585,1.4303522341625967,1.4300075022251912,1.4300075022251912,1.4303522341625967,1.4899058995023855,1.5035999257462749,1.5035999257462749,1.4899058995023855,15.36225576436191
300.0,232.216,58.307,3.175,3.575,4457.004,3.235347317445782,3.2353064176957296,3.2353064176957718,3.235347317445654,10.709942770027173,10.892676757095108,10.892676759835943,10.709942693452716,1.4026170181186,1.4024036467043617,1.4024036467043617,1.4026170181186,1.448297789658349,1.4357441899851566,1.4357441899851566,1.448297789658349,1.2387304302009865
300.0,232.37,80.967,6.351,5.367,4961.006,3.335760730316095,3.335725557339008,3.335725557339008,3.335760730316095,9.509144297810378,9.510350389354311,9.510350389354311,9.509144297810378,1.4045054301125366,1.4043013420454673,1.4043013420454673,1.4045054301125366,1.4611645032672018,1.4618900184517416,1.4618900184517416,1.4611645032672018,1.114715660178019
300.0,232.445,82.404,5.083,3.161,1017.459,3.330433112062813,3.3303919272917017,3.3303919272917017,3.330433112062813,9.891716635783698,9.906123535589568,9.906123535589568,9.891716635783698,1.4119259010011602,1.4117211686808582,1.4117211686808582,1.4119259010011602,1.452326847916614,1.4517955645479068,1.4517955645479068,1.452326847916614,5.4301592400665335
300.0,232.631,39.736,5.195,4.068,4054.244,3.2953097769340047,3.2952807988798614,3.2952807988798614,3.2953097769340047,9.622956886905932,9.6472389906185,9.6472389906185,9.622956886905932,1.4003645739063255,1.3999446403492213,1.3999446403492213,1.4003645739063255,1.4231534946430164,1.4222683557857647,1.4222683557857647,1.4231534946430164,1.3607979349032573
300.0,232.973,17.513,2.781,4.934,2120.41,3.2310527409454735,3.2308207957167814,3.2308207957167814,3.2310527409454735,10.81762529519074,11.42252517689662,11.42252517689662,10.81762529519074,1.4015316132628943,1.4010328508453045,1.4010328508453045,1.4015316132628943,1.4551685653186854,1.3632080933498618,1.3632080933498618,1.4551685653186854,2.5968908341417336
300.0,233.253,44.327,3.034,4.257,4728.525,3.2303756028304806,3.230333068838914,3.230333068838914,3.2303756028304806,11.115623314568287,10.82787903734638,10.82787903734638,11.115623314568287,1.402251096199958,1.4017634471812297,1.4017634471812297,1.402251096199958,1.4319112822895057,1.4560538577759237,1.4560538577759237,1.4319112822895057,1.166505157702581
300.0,233.802,60.853,3.598,6.142,4072.779,3.2508168470376946,3.25077751163291,3.25077751163291,3.2508168470376946,10.627404990266164,10.677211252850816,10.677211252850816,10.627404990266164,1.4045591735256122,1.40428655084879,1.40428655084879,1.4045591735256122,1.453035492414066,1.4554754769790628,1.4554754769790628,1.453035492414066,1.3554803871814345
300.0,234.389,89.259,4.83,3.363,670.836,3.349795633336347,3.34975336354454,3.349753363544528,3.349795633336347,10.186617223991716,10.241287600076994,10.241287600069311,10.186617223991716,1.419496791003681,1.419331311565031,1.419331311565031,1.419496791003681,1.4908085760667034,1.486402753313795,1.486402753313795,1.4908085760667034,8.230461291728329
300.0,234.403,42.726,5.102,2.552,2523.695,3.3016971020130854,3.301662328592013,3.301662328592013,3.3016971020130854,9.776642890903506,9.791528503358151,9.791528503358151,9.776642890903506,1.4041297091379654,1.4037296130185308,1.4037296130185308,1.4041297091379654,1.4386907967875642,1.4386904697400122,1.4386904697400122,1.4386907967875642,2.1853740376039346
300.0,234.902,76.648,2.939,5.923,4501.491,3.235236201769067,3.235140355044497,3.235140355044497,3.235236201769415,10.54781083455586,10.84820640710654,10.84820640710654,10.547810815157687,1.4084842440584888,1.4084278468102378,1.4084278468102378,1.4084842440584888,1.4026039480383314,1.3440289221391908,1.3440289221391908,1.4026039480383314,1.2269784270216897
300.0,235.411,18.992,4.987,5.319,2166.42,3.299048850803921,3.2990080701598696,3.2990080701598696,3.299048850803921,9.830231363010837,9.839370377933951,9.839370377933951,9.830231363010837,1.4032493524690806,1.4023223523232726,1.4023223523232726,1.4032493524690806,1.445447006550107,1.4478956417688629,1.4478956417688629,1.445447006550107,2.541942693772393
300.0,235.63,97.602,2.529,5.856,1084.01,3.2598585786685823,3.259793625877188,3.259793625877188,3.2598585786685823,11.691365249450303,11.907281161757949,11.907281161757949,11.691365249450303,1.41813741350903,1.4181670267520503,1.4181670267520503,1.41813741350903,1.48088496856105,1.4497420507282368,1.4497420507282368,1.48088496856105,5.0950055472794045
300.0,235.654,91.307,4.149,6.17,4220.424,3.2736761252082376,3.273634397172141,3.273634397172141,3.2736761252082376,10.358899876455425,10.362930936345265,10.362930936345265,10.358899876455425,1.4099385118732457,1.409748327034266,1.409748327034266,1.4099385118732457,1.462662133155053,1.4629208204293571,1.4629208204293571,1.462662133155053,1.3098305873044958
300.0,235.901,67.682,3.265,2.623,4703.534,3.243747102098987,3.2437117908632587,3.2437117908632587,3.243747102098987,10.924428060395766,10.763816985618067,10.763816985618067,10.924428060395766,1.4077726206695056,1.4074430694616804,1.4074430694616804,1.4077726206695056,1.4456170578429737,1.4593871815347907,1.4593871815347907,1.4456170578429737,1.1736201188249933
300.0,236.584,88.551,4.984,4.204,2458.621,3.3080976388554046,3.3080560830016905,3.3080560830016905,3.3080976388554046,10.022018498513356,9.99632933800168,9.99632933800168,10.022018498513356,1.4120701444302586,1.4118739296733347,1.4118739296733347,1.4120701444302586,1.4720063123108773,1.4767782635600644,1.4767782635600644,1.4720063123108773,2.247576957384806
300.0,236.589,96.134,2.515,5.335,964.822,3.266565097838363,3.266086941860016,3.266086941860016,3.266565097838363,11.746876309320864,11.976206074779222,11.976206074779222,11.746876309320864,1.4201463589449248,1.4213048451365398,1.4213048451365398,1.4201463589449248,1.4851844828555754,1.4531129825534708,1.4531129825534708,1.4851844828555754,5.721987887190261
300.0,236.918,49.532,2.544,4.999,1946.124,3.2365273385730604,3.2364992659412466,3.2364992659412466,3.2365273385730604,11.81955190437839,11.754643676523294,11.754643676523294,11.81955190437839,1.4101444031493149,1.4097419803291045,1.4097419803291045,1.4101444031493149,1.4607976606952755,1.4704957463816024,1.4704957463816024,1.4607976606952755,2.831729168516279
300.0,237.219,19.623,3.634,3.589,4307.597,3.2503177107106933,3.250274339680624,3.250274339680624,3.2503177107106933,10.637940195737388,10.691447653547804,10.691447653547804,10.637940195737388,1.4036697423256608,1.402774489149385,1.402774489149385,1.4036697423256608,1.4526572576000465,1.4570725709629928,1.4570725709629928,1.4526572576000465,1.2780703406508545
300.0,237.295,13.283,6.347,2.797,3130.149,3.33809552267778,3.3380539032139893,3.3380539032139893,3.33809552267778,9.498362192120576,9.51071343283043,9.51071343283043,9.498362192120576,1.403578471555354,1.4022107239368928,1.4022107239368928,1.403578471555354,1.4609382169169616,1.4651154332559684,1.4651154332559684,1.4609382169169616,1.7587217635566803
300.0,237.527,39.937,2.89,5.963,3294.944,3.2362121203871497,3.235864915314718,3.235864915314718,3.2362121203871497,10.750249187459309,11.441217379527211,11.441217379527211,10.750249187459309,1.4073945023079908,1.407735993997283,1.407735993997283,1.4073945023079908,1.4679792787929955,1.3615325969121606,1.3615325969121606,1.4679792787929955,1.6720914315594608
300.0,238.061,69.178,6.326,4.789,2972.107,3.347338506181321,3.3472986609297735,3.3472986609297735,3.3473385061813565,9.661524688296751,9.610888446530797,9.610888446530797,9.661524689646635,1.4107408449565093,1.4104833083321502,1.4104833083321502,1.4107408449565093,1.4747752127693925,1.4766225977588403,1.4766225977588403,1.4747752127693925,1.8573255926952064
300.0,238.171,13.505,5.43,5.655,2231.538,3.3154408661958623,3.3153995537505088,3.3153995537505088,3.3154408661958623,9.84250499013203,9.854022854685244,9.854022854685244,9.84250499013203,1.4056915240679333,1.4043223161019518,1.4043223161019518,1.4056915240679333,1.461905800181692,1.466355348895976,1.466355348895976,1.461905800181692,2.466004459673832
300.0,238.277,98.31,6.294,6.483,2479.899,3.354248863757652,3.35420715802164,3.35420715802164,3.354248863757652,9.71644494309478,9.684469858974959,9.684469858974959,9.71644494309478,1.4151043780101675,1.4149145280870927,1.4149145280870927,1.4151043780101675,1.4819883260613005,1.4837560399270775,1.4837560399270775,1.4819883260613005,2.2290181916645526
300.0,238.58,15.317,5.344,4.288,398.953,3.4090357295574187,3.4089866931010104,3.4089866931010104,3.4090357295574187,10.146821223597712,10.162346792671569,10.162346792671569,10.146821223597712,1.4253485308596483,1.4240241178397928,1.4240241178397928,1.4253485308596483,1.480833073852192,1.4837265602454304,1.4837265602454304,1.480833073852192,13.75980886325992
300.0,238.676,21.987,5.866,6.103,3376.684,3.3245186346500897,3.3244835348215327,3.3244835348215327,3.3245186346500897,9.711518310339319,9.693642211292627,9.693642211292627,9.711518310339319,1.405616415530456,1.4048168811548132,1.4048168811548132,1.405616415530456,1.4658530284940394,1.467960411428637,1.467960411428637,1.4658530284940394,1.6306207558383623
300.0,238.815,99.896,5.949,5.685,3898.233,3.337247687930152,3.337208404567707,3.337208404567707,3.337247687930152,9.76213545250482,9.789065029279039,9.789065029279039,9.76213545250482,1.4145227878143218,1.4143413778545828,1.4143413778545828,1.4145227878143218,1.4805032747448448,1.481655732233874,1.481655732233874,1.4805032747448448,1.41817546922964
300.0,238.853,43.455,5.363,3.412,790.399,3.3563576923884213,3.3563140768052238,3.3563140768052238,3.3563576923884213,9.927936706975208,9.947860160593136,9.947860160593136,9.927936706975208,1.4172552132016452,1.4168417592701377,1.4168417592701377,1.4172552132016452,1.4606483369744272,1.4602142449341864,1.4602142449341864,1.4606483369744272,6.9654585951392685
300.0,238.879,91.322,2.942,5.417,1444.416,3.264906797462691,3.26497543841899,3.26497543841899,3.264906797462691,11.571906688768005,11.077637824449573,11.077637824449573,11.571906688768005,1.4189569020423176,1.4184248269860928,1.4184248269860928,1.4189569020423176,1.422795684493534,1.4892882368547946,1.4892882368547946,1.422795684493534,3.821528254240445
300.0,239.085,16.135,5.214,3.687,2872.465,3.305776810753273,3.3057357744922613,3.3057357744922613,3.305776810753273,9.805657114744568,9.820451651668966,9.820451651668966,9.805657114744568,1.4061552736454055,1.4050331352160104,1.4050331352160104,1.4061552736454055,1.442787836059918,1.4450371850847146,1.4450371850847146,1.442787836059918,1.9158726402955275
300.0,239.241,58.596,5.154,6.446,742.196,3.3566013233362124,3.356557688383937,3.356557688383937,3.356601323336363,10.074843695213136,10.083120261366036,10.083120261366036,10.074843710568569,1.420170433128576,1.4198588087124808,1.4198588087124808,1.420170433128576,1.4791016671963704,1.4796386137180046,1.4796386137180046,1.4791016671963704,7.421948395837569
300.0,239.748,60.066,4.427,5.542,1675.015,3.300028511221732,3.2999863767006787,3.2999863767006383,3.3000285112216536,10.276191665140775,10.336481031513236,10.336481057876387,10.276191705778288,1.414068578855142,1.41379421215675,1.41379421215675,1.414068578855142,1.4770091387972195,1.4742786430205317,1.4742786430205317,1.4770091387972195,3.2911808057061607
300.0,239.761,72.783,4.797,2.651,2876.868,3.3020014724845668,3.301960609766021,3.301960609766021,3.3020014724845668,10.148120221636947,10.157329330243233,10.157329330243233,10.148120221636947,1.413190821800651,1.4129527112104177,1.4129527112104177,1.413190821800651,1.4797266891426335,1.4805197171725335,1.4805197171725335,1.4797266891426335,1.9181663044257655
300.0,240.3,66.821,5.429,5.101,4681.973,3.3157032968140094,3.315666305121286,3.315666305121286,3.3157032968140094,9.923219784706689,9.933540637620252,9.933540637620252,9.923219784706689,1.411837240900736,1.4115708877222877,1.4115708877222877,1.411837240900736,1.4740082656053208,1.4750441276201745,1.4750441276201745,1.4740082656053208,1.1784359315498774
300.0,240.622,69.65,4.278,4.745,1885.966,3.2953679642193507,3.2953258401873287,3.2953258401873287,3.2953679642193507,10.434362964354388,10.437780007254911,10.437780007254911,10.434362964354388,1.4156854342091243,1.4154232354638532,1.4154232354638532,1.4156854342091243,1.4767465348260056,1.477298517815537,1.477298517815537,1.4767465348260056,2.9241153303839207
300.0,240.701,33.656,5.965,5.73,902.852,3.36992794291712,3.369891346789052,3.369891346789052,3.36992794291712,9.89087670446504,9.87314138173467,9.87314138173467,9.89087670446504,1.416604744736466,1.416056356272299,1.416056356272299,1.416604744736466,1.4884351222637298,1.489693841594793,1.489693841594793,1.4884351222637298,6.094208487064761
300.0,241.207,50.177,2.574,5.448,4124.345,3.2323375387348747,3.232017002023539,3.232017002023539,3.2323375387348747,11.592653432127475,11.808732060188127,11.808732060188127,11.592653432127475,1.4126207331869347,1.4130614646827009,1.4130614646827009,1.4126207331869347,1.4731037496305657,1.442933812135071,1.442933812135071,1.4731037496305657,1.3355362112116809
300.0,241.22,71.964,5.307,4.609,1777.918,3.3303231357223626,3.3302809456220177,3.3302809456220177,3.3303231357223626,9.931642540182237,9.946505023548449,9.946505023548449,9.931642540182237,1.4168886082678804,1.4166434973583626,1.4166434973583626,1.4168886082678804,1.4629662219180486,1.4624366099960366,1.4624366099960366,1.4629662219180486,3.102203959569756
300.0,241.314,64.866,2.725,2.724,3729.301,3.2396134627942104,3.239598763477366,3.2395987634777463,3.2396134627942104,11.740210822290724,11.672716686880516,11.672716686876509,11.740210822290724,1.4145906745026826,1.4142305153957175,1.4142305153957175,1.4145906745026826,1.4700280836315407,1.4830227546326786,1.4830227546326786,1.4700280836315407,1.478100892503547
300.0,241.382,79.321,4.0,2.708,387.293,3.387924298025284,3.388042877709679,3.388042877709679,3.387924298025284,11.148539018112336,10.83908489019505,10.83908489019505,11.148539018112336,1.4373739799759082,1.4366872193117093,1.4366872193117093,1.4373739799759082,1.476934857982303,1.530390579473906,1.530390579473906,1.476934857982303,14.2039961981373
300.0,241.445,95.62,3.775,5.021,3992.495,3.273118121096508,3.2729944655991146,3.2729944655991146,3.2731181210959965,10.400691007973984,10.881241363086978,10.881241363086978,10.40069100799574,1.4173786104211394,1.4173873292133086,1.4173873292133086,1.4173786104211394,1.4843005912808065,1.4157929151193835,1.4157929151193835,1.4843005912808065,1.38319365339823
300.0,241.57,36.317,3.75,5.276,3199.935,3.2660975275409534,3.266120507693272,3.266120507693272,3.2660975275411968,10.757149239471428,10.775447019810445,10.775447019810445,10.75714921541808,1.4112522905334548,1.4105720457957862,1.4105720457957862,1.4112522905334548,1.4767124874757187,1.4693167290038458,1.4693167290038458,1.4767124874757187,1.720422010867107
300.0,241.857,70.23,4.257,5.668,840.902,3.327724907900885,3.327679536415673,3.327679536415673,3.327724907900885,10.619944209476758,10.622671898528957,10.622671898528957,10.619944209476758,1.4233056639017556,1.4230314057728246,1.4230314057728246,1.4233056639017556,1.492051264726066,1.4926047206557107,1.4926047206557107,1.492051264726066,6.551217097324147
300.0,241.908,53.687,2.707,4.295,4258.614,3.236870854023416,3.236857624862339,3.236857624862339,3.236870854023416,11.753860539421538,11.689528626009588,11.689528626009588,11.753860539421538,1.4136533172287198,1.4132299459493547,1.4132299459493547,1.4136533172287198,1.4693426242676169,1.481913368237742,1.481913368237742,1.4693426242676169,1.2935414584709484
300.0,242.021,76.782,2.622,4.318,2701.96,3.245229140571821,3.244649695374704,3.244649695374704,3.245229140571821,11.630299735441076,11.84729076923196,11.84729076923196,11.630299735441076,1.4178645866486106,1.4192281077948203,1.4192281077948203,1.4178645866486106,1.4827980829198972,1.4525534069601171,1.4525534069601171,1.4827980829198972,2.0406971967905885
300.0,242.237,22.715,5.6,6.138,4649.932,3.3175220670659678,3.317481149294124,3.317481149294124,3.3175220670659678,9.796621116849245,9.842827157210536,9.842827157210536,9.796621100931633,1.4089551980783317,1.4081735417461991,1.4081735417461991,1.4089551980783317,1.4739855124586838,1.474360599447007,1.474360599447007,1.4739855124586838,1.1834574218536975
300.0,242.531,41.162,5.812,2.681,2314.383,3.3376296098899023,3.3375879238224506,3.3375879238224506,3.337629609890085,9.820891725102868,9.856736569663749,9.856736569663749,9.820891726384744,1.413340195832915,1.4129112632908734,1.4129112632908734,1.413340195832915,1.4829658080860324,1.4827783430930024,1.4827783430930024,1.4829658080860324,2.379305314299848
300.0,242.652,62.623,5.201,3.329,4725.723,3.311478663679211,3.311434209695905,3.311434209695905,3.311478663679211,9.941316358955536,9.949530358684877,9.949530358684877,9.941316358955536,1.414119265099403,1.413842352051961,1.413842352051961,1.414119265099403,1.4670099134250574,1.4673608444806006,1.4673608444806006,1.4670099134250574,1.1667061265614451
300.0,243.133,82.487,3.193,6.118,3093.636,3.260723624249964,3.2611706047143603,3.2611706047143603,3.260723624249964,11.244652530002364,11.2284148328904,11.2284148328904,11.244652530002364,1.4204157597508185,1.4186456256741724,1.4186456256741724,1.4204157597508185,1.4819142525698032,1.4852142834209494,1.4852142834209494,1.4819142525698032,1.7828447177956224
300.0,243.529,90.07,5.464,6.184,4794.096,3.3255938795497872,3.3255584183489084,3.3255584183489084,3.3255938795497872,9.853978484183294,9.87624758052788,9.87624758052788,9.853978484183294,1.4185101041843609,1.4182951619822437,1.4182951619822437,1.4185101041843609,1.4590092884048222,1.4574599027209847,1.4574599027209847,1.4590092884048222,1.1515029441792073
300.0,243.675,75.391,5.631,5.313,2502.802,3.3376963188448032,3.337656009230437,3.337656009230437,3.3376963188448143,9.97198588540546,9.983301315813504,9.983301315813504,9.971985885796066,1.4184593382264508,1.4182116122640274,1.4182116122640274,1.4184593382264508,1.48918903806034,1.4903592314656111,1.4903592314656111,1.48918903806034,2.2035271029066568
300.0,243.809,72.486,3.882,4.465,1297.573,3.3007434260721693,3.3006970738850923,3.300697073885207,3.3007434260721693,10.940235094484366,10.94731693472407,10.947316934723556,10.940235094484366,1.422097032802409,1.421827295734855,1.421827295734855,1.422097032802409,1.4957963547305433,1.496535809275586,1.496535809275586,1.4957963547305433,4.246195523436314
300.0,244.414,17.155,3.469,3.244,2034.097,3.2678201492864014,3.2677735842651154,3.2677735842651154,3.2678201492864014,10.967823480564372,11.005997248199463,11.005997248199463,10.967823480564372,1.4141510222665947,1.4130210043653146,1.4130210043653146,1.4141510222665947,1.4763195930705737,1.478371419704252,1.478371419704252,1.4763195930705737,2.701533370343123
300.0,244.45,41.062,5.949,3.649,3600.586,3.3379414088910835,3.3379036958926447,3.3379036958926447,3.3379414088910835,9.829168458928836,9.818247673581975,9.818247673581975,9.829168458928836,1.4141289999409987,1.4136731869702173,1.4136731869702173,1.4141289999409987,1.4836678341171663,1.4866664901880309,1.4866664901880309,1.4836678341171663,1.5290850296641727
300.0,245.145,88.981,5.336,2.949,4412.512,3.3249954064621607,3.3249519636283744,3.3249519636283744,3.3249954064621607,9.987075083325209,9.999029768361964,9.999029768361964,9.987075083325209,1.4203994143963286,1.4201962846325369,1.4201962846325369,1.4203994143963286,1.471676705516118,1.4712423861516892,1.4712423861516892,1.471676705516118,1.2505433068045482
300.0,245.283,93.522,4.535,3.167,1729.215,3.318392863926582,3.317616796869097,3.317616796869097,3.318392863926582,10.40832273720414,10.473712039131492,10.473712039131492,10.40832273720414,1.4243794267675751,1.4261552903622468,1.4261552903622468,1.4243794267675751,1.4976146134641812,1.4940654217184828,1.4940654217184828,1.4976146134641812,3.1898144806425175
300.0,245.292,81.726,3.811,6.201,3788.796,3.2791798259184524,3.2795239591156906,3.2795239591156906,3.279179825918484,10.899802028907557,8.353335690836348,8.353335690836348,10.89980202440807,1.4213627672317335,1.4201297036823457,1.4201297036823457,1.4213627672317335,1.0914602148128574,1.4933023658948783,1.4933023658948783,1.0914602148128574,1.4553500900291507
300.0,245.387,31.314,3.753,6.314,1940.868,3.2809847315917757,3.2810015849539838,3.2810015849539838,3.2809847315917757,10.901278028798709,10.984634094465786,10.984634094465786,10.901278028798709,1.41694637705802,1.416168217869317,1.416168217869317,1.41694637705802,1.4865951726871736,1.4815748903688626,1.4815748903688626,1.4865951726871736,2.8328683199663813
300.0,246.388,40.258,6.166,5.466,4951.379,3.344481393594166,3.344438090862612,3.344438090862612,3.344481393594166,9.799806975096704,9.826094527034346,9.826094527034346,9.799806975096704,1.4155878534030149,1.4151219203443537,1.4151219203443537,1.4155878534030149,1.486900110629146,1.489023221124817,1.489023221124817,1.486900110629146,1.1115831135942893
300.0,246.404,90.693,5.729,6.425,3450.292,3.3430824135292814,3.343042525256972,3.3430425252568288,3.3430824135292814,10.005403648086943,10.01527527147335,10.015275270596094,10.005403648086943,1.4224936617911237,1.4222801604132984,1.4222801604132984,1.4224936617911237,1.4978221706111972,1.4985535068105666,1.4985535068105666,1.4978221706111972,1.59895918304838
300.0,247.219,35.17,4.21,3.625,3923.463,3.2861543958792816,3.286112870649041,3.286112870649041,3.2861543958792234,10.5842061005947,10.587667590886488,10.587667590886488,10.584206084141014,1.416738107080282,1.416138430440184,1.416138430440184,1.416738107080282,1.4823541690145174,1.4837312342469615,1.4837312342469615,1.4823541690145174,1.4017059537053012
300.0,247.417,64.018,3.013,3.47,2863.048,3.2621848959819517,3.2618341273272558,3.2618341273272558,3.2621848959819517,9.393407098479244,11.623006086122723,11.623006086122723,9.393407098479244,1.4222616617924215,1.422796329552822,1.422796329552822,1.4222616617924215,1.4964932841189733,1.1673080297384633,1.1673080297384633,1.4964932841189733,1.9227035666433647
300.0,247.51,97.193,3.07,5.128,1613.596,3.283112804518137,3.28239995035644,3.28239995035644,3.283112804518137,11.657186038043898,9.39506288789229,9.39506288789229,11.657186038043898,1.429014104796582,1.4308456326841372,1.4308456326841372,1.429014104796582,1.1683577369130267,1.5088186799103267,1.5088186799103267,1.1683577369130267,3.415758163727148
300.0,247.57,42.608,6.142,4.591,2914.605,3.3527887580714584,3.3527508603141287,3.3527508603141287,3.352788758071568,9.879177771740329,9.887035339604466,9.887035339604466,9.879177761840378,1.4185340824981456,1.4180915377034085,1.4180915377034085,1.4185340824981456,1.4932656140256002,1.49454291871888,1.49454291871888,1.4932656140256002,1.8878056765256517
300.0,247.87,79.4,5.752,5.211,3604.073,3.3439428312659336,3.3439031059001505,3.3439031059001505,3.3439428312659336,10.018497147646988,10.028512574846731,10.028512574846731,10.018497147646988,1.4227087504416267,1.4224665442427409,1.4224665442427409,1.4227087504416267,1.4991350132290509,1.5000060079315698,1.5000060079315698,1.4991350132290509,1.5294229970758852
300.0,248.046,41.65,4.56,4.487,3403.82,3.301060975276967,3.3010196065706143,3.3010196065706143,3.301060975277279,10.347603646546844,10.408404353648894,10.408404353648894,10.347603654066027,1.4186556213829826,1.4182261425232738,1.4182261425232738,1.4186556213829826,1.4886578494247298,1.4863553897873116,1.4863553897873116,1.4886578494247298,1.6159714321489356
300.0,248.407,28.002,3.633,4.606,691.312,3.326733031438775,3.327324103020453,3.327324103020453,3.3267330314387515,11.281579186566423,8.78019642737262,8.78019642737262,11.28157918560542,1.4307071666808595,1.4281215954057431,1.4281215954057431,1.4307071666808595,1.121262446839301,1.514659474707327,1.514659474707327,1.121262446839301,7.93665458362016
300.0,248.704,61.135,6.421,3.504,1380.798,3.3856975497825093,3.385655904188973,3.385655904188973,3.3856975497825093,9.933113907739775,9.94002950654234,9.94002950654234,9.933113907739775,1.4256898263572348,1.4253603000363213,1.4253603000363213,1.4256898263572348,1.5076141034625468,1.5096844015422723,1.5096844015422723,1.5076141034625468,3.9856499257633033
300.0,249.382,87.196,4.768,6.216,4700.122,3.3140593886882774,3.314022831281504,3.314022831281504,3.3140593886882774,10.275642535150771,10.282653405099357,10.282653405099357,10.275642535150771,1.4250518815935849,1.4248246673097007,1.4248246673097007,1.4250518815935849,1.488123374045041,1.4891938595706649,1.4891938595706649,1.488123374045041,1.1727505744748368
300.0,249.618,62.137,4.951,2.539,4680.692,3.3156953113214938,3.3156541863813054,3.3156541863813054,3.3156953113214938,10.300662807746225,10.308404505554632,10.308404505554632,10.300662807746225,1.4220886457203068,1.421779951778536,1.421779951778536,1.4220886457203068,1.5003382972463803,1.5013832117463992,1.5013832117463992,1.5003382972463803,1.176143168648052
350.0,200.583,71.865,4.237,4.26,1341.816,2.6697239760242786,2.6689206935599294,2.6689206935599294,2.6697239760242786,4.427932310022016,4.4274440761726765,4.4274440761726765,4.427932310022016,0.2394787718973898,0.2330807445084645,0.2330807445084645,0.2394787718973898,0.5880302061648053,0.5978754293865398,0.5978754293865398,0.5880302061648053,2.367186835287418
350.0,201.147,43.574,3.362,6.079,4714.619,2.6581892962376004,2.6574278162944927,2.6574278162944927,2.6581892962376004,4.592891439422334,4.591804647347288,4.591804647347288,4.592891439422334,0.167782215948498,0.1579433007610793,0.1579433007610793,0.167782215948498,0.551161651521603,0.5663466769495777,0.5663466769495777,0.551161651521603,0.6387983755201813
350.0,201.289,21.668,4.979,2.989,1559.531,2.7103124860027488,2.709624930703764,2.709624930703764,2.7103124860027488,4.1204090825778605,4.118532779332817,4.118532779332817,4.1204090825778605,0.1737381000443487,0.1572181823219921,0.1572181823219921,0.1737381000443487,0.5595862608307207,0.5849717536645906,0.5849717536645906,0.5595862608307207,1.9296027232480388
350.0,201.333,46.813,4.406,2.863,2666.177,2.6866921502008947,2.6858701287693307,2.6858701287693307,2.6866921502008947,4.283575915920316,4.28318457166429,4.28318457166429,4.283575915920316,0.1760188733545927,0.1667224954251956,0.1667224954251956,0.1760188733545927,0.566673925326116,0.5809862892534243,0.5809862892534243,0.566673925326116,1.136423125640548
350.0,201.973,11.648,3.124,6.14,1410.703,2.651030583323862,2.65060180196857,2.65060180196857,2.651030583323862,4.866648634301871,4.8664573384570415,4.8664573384570415,4.866648634301871,0.2009495646030342,0.1843328796961861,0.1843328796961861,0.2009495646030342,0.5560042214022966,0.5814553159858209,0.5814553159858209,0.5560042214022966,2.174812765665889
350.0,202.312,14.397,5.01,4.056,3645.519,2.714539946104165,2.7140134229104125,2.7140134229104125,2.714539946104165,4.073782153101172,4.071949323143417,4.071949323143417,4.073782153101172,0.145695858557676,0.1286611412102597,0.1286611412102597,0.145695858557676,0.551730185355231,0.5779418773982558,0.5779418773982558,0.551730185355231,0.8082194770644224
350.0,202.637,12.335,2.812,2.967,1072.655,2.635904222243597,2.63543661421339,2.63543661421339,2.635904222243597,5.193495782916768,5.190174702753317,5.190174702753317,5.193495782916768,0.2347847802894556,0.2164848130168695,0.2164848130168695,0.2347847802894556,0.5697630763747376,0.5976148852301094,0.5976148852301094,0.5697630763747376,2.925824709194192
350.0,202.916,18.8,5.236,5.831,1484.527,2.7047731253807448,2.704144122426453,2.704144122426453,2.7047731253807448,4.231859697174293,4.22849298330753,4.22849298330753,4.231859697174293,0.2128581569018403,0.1947464436532788,0.1947464436532788,0.2128581569018403,0.5694319062014778,0.5971666143131082,0.5971666143131082,0.5694319062014778,2.084853728233142
350.0,202.925,10.284,5.494,3.512,3375.217,2.724513743713135,2.7241290215738365,2.7241290215738365,2.724513743713135,4.104024052407657,4.104023367625723,4.104023367625723,4.104024052407657,0.1517401709764666,0.1379279792911273,0.1379279792911273,0.1517401709764666,0.5562065149583755,0.5774488892799252,0.5774488892799252,0.5562065149583755,0.8778919828145784
350.0,203.204,33.546,2.595,2.904,4404.061,2.6252284234186503,2.6244996540609726,2.6244996540609726,2.6252284234186503,5.4533647477414045,5.453022532624011,5.453022532624011,5.4533647477414045,0.198638165469903,0.1861626975770349,0.1861626975770349,0.198638165469903,0.5701972410165576,0.5893772230450243,0.5893772230450243,0.5701972410165576,0.6982745897590801
350.0,203.426,13.173,6.04,3.397,1269.1,2.715169315799524,2.7146697872676824,2.7146697872676824,2.715169315799524,4.208610045612021,4.207886918425116,4.207886918425116,4.208610045612021,0.2234588608956041,0.2045672115494958,0.2045672115494958,0.2234588608956041,0.5719136326526345,0.600815902771279,0.600815902771279,0.5719136326526345,2.454668267233661
350.0,203.939,75.171,5.56,2.692,3582.579,2.6909422998409487,2.6901356786902064,2.6901356786902064,2.690942299840964,4.249323369923595,4.248777609325102,4.248777609325102,4.249323369923659,0.249818653169773,0.2436487943454562,0.2436487943454562,0.249818653169773,0.5915113973040478,0.6009964220629833,0.6009964220629833,0.5915113973040478,0.8942442757224471
350.0,204.026,94.893,6.381,5.361,794.117,2.690524998397187,2.6897739076199936,2.6897739076199936,2.690524998397187,4.548145937268088,4.546809472093188,4.546809472093188,4.548145937268088,0.3904016474283468,0.3852270929247243,0.3852270929247243,0.3904016474283468,0.6419355869864024,0.6498106273429133,0.6498106273429133,0.6419355869864024,4.4000041695382075
350.0,204.568,91.337,6.174,5.797,874.813,2.688797212735436,2.688025427407691,2.688025427407691,2.688797212735436,4.529730588766848,4.528633877595988,4.528633877595988,4.529730588766848,0.3833447408257083,0.3779888712371725,0.3779888712371725,0.3833447408257083,0.6391003080921283,0.6472573946445777,0.6472573946445777,0.6391003080921283,3.9779753288091753
350.0,205.28,75.576,5.604,6.234,3897.436,2.6839406161527286,2.6831455708676306,2.6831455708676306,2.6839406161527286,4.306149884327714,4.305531462349633,4.305531462349633,4.306149884327714,0.2824675464680904,0.276249852597717,0.276249852597717,0.2824675464680904,0.6022654532663021,0.6117899345960562,0.6117899345960562,0.6022654532663021,0.840229893392442
350.0,205.304,31.53,2.901,2.938,3169.763,2.622788231547988,2.622052550436816,2.622052550436816,2.622788231547988,5.095595167521152,5.095207979983848,5.095207979983848,5.095595167521152,0.2384046153071666,0.224959016993869,0.224959016993869,0.2384046153071666,0.5700839008235475,0.5906571832846403,0.5906571832846403,0.5700839008235475,0.9972209274678924
350.0,205.385,20.736,4.228,6.34,3041.327,2.6651127044808027,2.6644482858007765,2.6644482858007765,2.6651127044808027,4.419469420319303,4.418964321159366,4.418964321159366,4.419469420319303,0.2248819133223839,0.2073382439567448,0.2073382439567448,0.2248819133223839,0.5735420208131832,0.6003898786742115,0.6003898786742115,0.5735420208131832,1.027681984152339
350.0,205.659,98.479,3.155,3.635,879.914,2.616463234770152,2.6157002894473687,2.61570028944734,2.616463234770152,5.165201877958405,5.164609535891829,5.164609531433241,5.165201877958405,0.4085767972671202,0.4035810704603007,0.4035810704603007,0.4085767972671202,0.6305218594908879,0.6386648676747718,0.6386648676747718,0.6305218594908879,4.0129916120830815
350.0,205.773,52.651,3.027,5.29,2644.583,2.6161424433335747,2.6153721538901573,2.6153721538901573,2.6161424433335747,5.063111894328737,5.062627835689012,5.062627835689012,5.063111894328737,0.2838442619220759,0.2750892639791367,0.2750892639791367,0.2838442619220759,0.5865327366041667,0.5999127279159677,0.5999127279159677,0.5865327366041667,1.2358397143537143
350.0,205.778,19.787,5.458,4.094,1044.868,2.693979463271052,2.6933249112808406,2.6933249112808406,2.693979463271052,4.357805500431716,4.357246636414836,4.357246636414836,4.357805500431716,0.2912791942246191,0.2722483285772831,0.2722483285772831,0.2912791942246191,0.5932188591554729,0.622198212506244,0.622198212506244,0.5932188591554729,3.121263682122866
350.0,206.347,75.124,3.006,2.517,1074.193,2.611423896144025,2.6106746780456604,2.6106746780456604,2.611423896144025,5.125155163849144,5.167530906385832,5.167530906385832,5.125155163849144,0.3702209733591972,0.3637857558731821,0.3637857558731821,0.3702209733591972,0.6014442442297507,0.6146899111931046,0.6146899111931046,0.6014442442297507,3.21085647125142
350.0,206.733,85.035,4.31,4.097,1239.412,2.64439608881544,2.643621895873193,2.643621895873193,2.64439608881544,4.6779348377616,4.677254165345904,4.677254165345904,4.6779348377616,0.3690473560791544,0.3633425963489102,0.3633425963489102,0.3690473560791544,0.6331577254209962,0.6418513408492772,0.6418513408492772,0.6331577254209962,2.7846264766315203
350.0,206.788,47.183,2.767,4.567,4696.389,2.605871005644065,2.6051241279488315,2.6051241279488315,2.605871005644065,5.2837346466747,5.281461178008209,5.281461178008209,5.2837346466747,0.2802770794756422,0.2706015608391489,0.2706015608391489,0.2802770794756422,0.5923713707404996,0.6070919839733052,0.6070919839733052,0.5923713707404996,0.694093652962286
350.0,207.229,73.278,5.539,5.922,3115.311,2.6751024271088664,2.674335617991935,2.674335617992002,2.6751024271088664,4.387068319878588,4.386360410365193,4.386360410364222,4.387068319878588,0.3191782677400228,0.3126796134827095,0.3126796134827095,0.3191782677400228,0.6145747802854891,0.6244916278469609,0.6244916278469609,0.6145747802854891,1.0754833539826176
350.0,207.394,28.52,3.201,4.341,4806.081,2.622513971700662,2.6217862512528467,2.6217862512528467,2.622513971700662,4.84380261546127,4.842220791392936,4.842220791392936,4.84380261546127,0.2608095616790716,0.2460717386983307,0.2460717386983307,0.2608095616790716,0.568101754437986,0.5913286867287362,0.5913286867287362,0.568101754437986,0.6676533403617497
350.0,207.525,67.634,2.593,5.041,3277.611,2.592556728405629,2.591815285174887,2.591815285174861,2.592556728405629,5.531363750693713,5.528894296391885,5.528894296378911,5.531363750693713,0.3326063290943638,0.3255817174263152,0.3255817174263152,0.3326063290943638,0.612615260187817,0.6232405569885093,0.6232405569885093,0.612615260187817,1.029985703181453
350.0,207.628,17.72,4.017,3.372,2055.732,2.6483867303602424,2.6477939735932456,2.6477939735932456,2.6483867303602424,4.587832221736658,4.587098099715382,4.587098099715382,4.587832221736658,0.2712772734471893,0.2518256102942018,0.2518256102942018,0.2712772734471893,0.5861643802304045,0.6158089414883122,0.6158089414883122,0.5861643802304045,1.5670685823527917
350.0,208.227,50.982,5.047,5.009,2523.227,2.664434950239395,2.6637091951201066,2.6637091951201066,2.664434950239412,4.343683223782121,4.3429244311416975,4.3429244311416975,4.343683223782078,0.3128680733627202,0.3036868696605656,0.3036868696605656,0.3128680733627202,0.6097574488159686,0.623749072165511,0.623749072165511,0.6097574488159686,1.319203338793809
350.0,208.428,11.633,5.981,3.47,835.48,2.6955988976791923,2.695154694788105,2.695154694788105,2.6955988976791923,4.450254866154726,4.449184256501964,4.449184256501964,4.450254866154726,0.3531553665456514,0.3312345077550624,0.3312345077550624,0.3531553665456514,0.612265738178489,0.6455118649607161,0.6455118649607161,0.612265738178489,4.049323436298924
350.0,208.647,95.132,6.342,5.569,4780.85,2.67121923177346,2.6704456459468813,2.6704456459468813,2.6712192317734917,4.460056379057703,4.459063895136963,4.459063895136963,4.460056379055344,0.3622471411413309,0.3571305560537972,0.3571305560537972,0.3622471411413309,0.6315992827021104,0.6393983953825906,0.6393983953825906,0.6315992827021104,0.7208831099534851
350.0,209.352,43.542,5.752,2.863,678.88,2.691066303108302,2.690322828990296,2.690322828990296,2.691066303108302,4.626825962143989,4.62595539029886,4.62595539029886,4.626825962143989,0.4278082925931037,0.41672040140491,0.41672040140491,0.4278082925931037,0.6506746479338367,0.6674640995166372,0.6674640995166372,0.6506746479338367,5.225846758134302
350.0,209.571,90.904,4.465,4.257,4647.997,2.6349461017359506,2.6341521913945374,2.6341521913945374,2.6349461017359506,4.626852650735813,4.626236955244781,4.626236955244781,4.626852650735813,0.364430080180883,0.3590941336596557,0.3590941336596557,0.364430080180883,0.6319248512038589,0.6400629091802044,0.6400629091802044,0.6319248512038589,0.7419842856768074
350.0,209.835,51.983,4.929,5.498,2371.894,2.655396633821129,2.6546659136431168,2.6546659136431168,2.655396633821132,4.433517141257107,4.4372788289757255,4.4372788289757255,4.4335171412575765,0.3458873843601815,0.3367644195718008,0.3367644195718008,0.3458873843601815,0.6216044238576959,0.6354641625243886,0.6354641625243886,0.6216044238576959,1.4322162842080357
350.0,209.868,17.945,4.266,4.98,3329.881,2.6452033527484557,2.6445751658321823,2.6445751658321823,2.6452033527483847,4.5447169383512565,4.544231832753028,4.544231832753028,4.54471693837546,0.2952838047294944,0.2755022189322347,0.2755022189322347,0.2952838047294944,0.5939508149300555,0.6240757616666471,0.6240757616666471,0.5939508149300555,0.9832797178147876
350.0,210.022,39.295,5.813,2.651,3745.225,2.681055279550633,2.680275618313533,2.680275618313533,2.681055279550633,4.353119717712059,4.35263763393852,4.35263763393852,4.353119717712059,0.3118376119628971,0.3001752724970237,0.3001752724970237,0.3118376119628971,0.6070572456715707,0.6248324888746547,0.6248324888746547,0.6070572456715707,0.8870365314914811
350.0,210.294,28.583,3.55,6.32,3006.489,2.6198403780670025,2.619150806971253,2.619150806971253,2.6198403780670025,4.79538892366454,4.793892336943447,4.793892336943447,4.79538892366454,0.327066518652848,0.3117758188726493,0.3117758188726493,0.327066518652848,0.5946565238389708,0.6178906282582477,0.6178906282582477,0.5946565238389708,1.1134504130146088
350.0,210.455,91.853,6.016,5.953,945.125,2.6819951793855714,2.6812973760173566,2.6812973760173566,2.6819951793855714,4.725180776043041,4.723481043104616,4.723481043104616,4.725180776043041,0.4712930308691683,0.4658153658600188,0.4658153658600188,0.4712930308691683,0.674119491790027,0.6824275781202525,0.6824275781202525,0.674119491790027,3.864927795844508
350.0,210.654,40.589,5.045,3.869,776.148,2.6676580185921885,2.66694313221604,2.66694313221604,2.6676580185921885,4.611597920733087,4.613128433505808,4.613128433505808,4.611597920733087,0.4288223400410062,0.4169834694745602,0.4169834694745602,0.4288223400410062,0.6503918147992473,0.6683114721120456,0.6683114721120456,0.6503918147992473,4.573760591634136
350.0,211.663,87.097,2.787,2.802,2027.059,2.5878648843726024,2.587128647993472,2.587128647993472,2.5878648843726024,5.51395667397317,5.517920189918352,5.517920189918352,5.51395667397317,0.4346304178547973,0.4289485778271537,0.4289485778271537,0.4346304178547973,0.6318912074632049,0.6401796416269,0.6401796416269,0.6318912074632049,1.7681330615615132
350.0,211.665,48.307,2.923,3.708,1536.822,2.5976803419527674,2.5969441001920632,2.5969441001920632,2.5976803419527674,5.286692836512366,5.328778072974312,5.328778072974312,5.286692836512366,0.405658701178762,0.3957088443986471,0.3957088443986471,0.405658701178762,0.6106588548550137,0.6289437809738884,0.6289437809738884,0.6106588548550137,2.285941088053572
350.0,211.811,32.111,2.658,3.508,425.333,2.6259237414580463,2.6252291327165627,2.6252291327165627,2.6259237414580463,5.998727914698674,5.99781856464897,5.99781856464897,5.998727914698674,0.5579559660672024,0.5427452754792664,0.5427452754792664,0.5579559660672024,0.6778868994046027,0.7008501125257143,0.7008501125257143,0.6778868994046027,8.885681175719132
350.0,212.051,59.954,5.876,5.952,1801.863,2.6746111515170923,2.673821015493105,2.673821015493105,2.6746111515170923,4.567162060239304,4.566548523763418,4.566548523763418,4.567162060239304,0.4099330764283876,0.4017964200170168,0.4017964200170168,0.4099330764283876,0.646880123808503,0.6592425178831696,0.6592425178831696,0.646880123808503,1.9579035470884256
350.0,213.336,73.977,4.917,2.626,622.84,2.6676346844204897,2.666885721167448,2.666885721167448,2.6676346844204897,4.954240504937361,4.95615742041079,4.95615742041079,4.954240504937361,0.5349947801448753,0.5281384300909077,0.5281384300909077,0.5349947801448753,0.6993058365779004,0.710101309685859,0.710101309685859,0.6993058365779004,6.038228703753306
350.0,213.473,21.553,5.106,5.043,1694.06,2.656856854984518,2.6561816026827407,2.6561816026827407,2.656856854984518,4.496992291144993,4.4988727292459805,4.4988727292459805,4.496992291144993,0.3901062581793203,0.3707121538142716,0.3707121538142716,0.3901062581793203,0.6284291594482407,0.6577924195300354,0.6577924195300354,0.6284291594482407,2.0470483444951677
350.0,213.869,42.928,2.91,2.812,1979.509,2.5917890157914103,2.591064516894092,2.5910645168940434,2.5917890157914103,5.3417387785576365,5.383431571949262,5.38343155017924,5.3417387785576365,0.4196050815648019,0.4084370034133753,0.4084370034133753,0.4196050815648019,0.6151105550888262,0.6351354457174374,0.6351354457174374,0.6151105550888262,1.7878877322046427
350.0,214.081,87.262,4.126,6.018,2727.308,2.6194715017630013,2.618708108964248,2.618708108964248,2.6194715017630013,4.90706526220606,4.9074456658823165,4.9074456658823165,4.90706526220606,0.4567144152488759,0.4509926469063417,0.4509926469063417,0.4567144152488759,0.6593669263808141,0.6680309712360526,0.6680309712360526,0.6593669263808141,1.330604071399745
350.0,214.255,16.84,3.922,2.506,4917.122,2.620036827804281,2.619430476827917,2.619430476827917,2.620036827804281,4.727156608546356,4.721623931273384,4.721623931273384,4.727156608546356,0.355518783481533,0.3342176029998093,0.3342176029998093,0.355518783481533,0.5984704799828588,0.626477635142689,0.626477635142689,0.5984704799828588,0.6909549177316989
350.0,215.103,93.069,3.801,6.484,4489.012,2.606687325510539,2.605952370281099,2.605952370281099,2.606687325510539,5.0054099406536,5.005023513608014,5.005023513608014,5.0054099406536,0.4697231730567273,0.4643287474459844,0.4643287474459844,0.4697231730567273,0.656650043419325,0.6647800769639232,0.6647800769639232,0.656650043419325,0.8146325112558018
350.0,215.128,26.552,4.873,5.977,3245.502,2.6429243867845145,2.642274449345442,2.642274449345442,2.6429243867845145,4.59937945205979,4.601214603114688,4.601214603114688,4.59937945205979,0.3973156823426992,0.3804799077371028,0.3804799077371028,0.3973156823426992,0.6337350794085749,0.6591982668453055,0.6591982668453055,0.6337350794085749,1.074867482912239
350.0,215.164,28.658,2.548,5.797,2914.231,2.578853726203547,2.578153966693692,2.578153966693692,2.578853726203547,5.7800273448650135,5.779599063088597,5.779599063088597,5.7800273448650135,0.4261327698156838,0.4101893988775292,0.4101893988775292,0.4261327698156838,0.6303956649076079,0.6544890496694338,0.6544890496694338,0.6303956649076079,1.216849254610758
350.0,215.185,33.259,3.247,5.463,2026.02,2.5998923503087727,2.599175407193844,2.599175407193844,2.5998923503088167,5.207114567988868,5.205527024284545,5.205527024284545,5.207114567960982,0.4329490658466474,0.4188136848064508,0.4188136848064508,0.4329490658466474,0.6299556555846859,0.65201978268391,0.65201978268391,0.6299556555846859,1.7576476204028806
350.0,215.252,65.07,5.775,6.387,540.799,2.69979580593862,2.6990680657287984,2.69906806572869,2.69979580593862,5.054621354565393,5.053908456592813,5.053908456594382,5.054621354565393,0.5894386951662685,0.5815452556124585,0.5815452556124585,0.5894386951662685,0.7236711972509328,0.7356239151050996,0.7356239151050996,0.7236711972509328,7.130208383860961
350.0,215.397,59.296,2.722,2.583,4650.134,2.578328396372376,2.5776173314299764,2.5776173314299764,2.5783283963722767,5.658862486068486,5.6583071228459065,5.6583071228459065,5.6588624878305245,0.4373924751812373,0.4291159957040856,0.4291159957040856,0.4373924751812373,0.6406858621067894,0.6532112064763931,0.6532112064763931,0.6406858621067894,0.7704830779386446
350.0,215.449,17.364,3.784,5.792,1705.047,2.6171009329782806,2.616487272998282,2.616487272998234,2.6171009329782806,4.918483035117357,4.916537578653515,4.91653758307152,4.918483035117357,0.4260821564231914,0.4039511373378698,0.4039511373378698,0.4260821564231914,0.6243138590353852,0.6577091337491917,0.6577091337491917,0.6243138590353852,2.0735346795019862
350.0,215.541,53.093,4.179,6.339,617.452,2.6493661708548326,2.6486270671515086,2.6486270671515495,2.6493661708548326,5.21765933506835,5.218284168457596,5.218284168456883,5.21765933506835,0.5604494289864584,0.5509024792504554,0.5509024792504554,0.5604494289864584,0.7023408555540082,0.717094553716852,0.717094553716852,0.7023408555540082,6.155875106470673
350.0,215.617,32.374,3.941,3.886,866.526,2.630094834771452,2.6293873646929047,2.629387364692908,2.6300948347715964,5.038111293199089,5.035589185349182,5.035589185556527,5.03811129299006,0.4911818424349351,0.4763684158712737,0.4763684158712737,0.4911818424349351,0.6547986227849416,0.6770538015598481,0.6770538015598481,0.6547986227849416,4.230624491269955
350.0,215.853,22.301,4.72,4.711,1017.476,2.6480800521765784,2.6473653038632814,2.6473653038632814,2.6480800521765784,4.831015111522679,4.830555870725512,4.830555870725512,4.831015111522679,0.4681267769494496,0.4483687205840462,0.4483687205840462,0.4681267769494496,0.6590415703435835,0.6888729035075541,0.6888729035075541,0.6590415703435835,3.5547033406322264
350.0,215.951,90.364,3.983,3.245,4289.465,2.6103639686826345,2.6096284135915924,2.609628413591569,2.6103639686826345,4.958977860805118,4.960006992594352,4.960006992594691,4.958977860805118,0.4703199784584806,0.4647624814959506,0.4647624814959506,0.4703199784584806,0.6511074731118632,0.6590241289814369,0.6590241289814369,0.6511074731118632,0.8523653634703101
350.0,216.118,97.032,5.311,3.938,2682.741,2.6485961902048443,2.647883622005045,2.647883622005045,2.6485961902048443,4.753006375963505,4.751289518880603,4.751289518880603,4.753006375963505,0.4932627928135697,0.4880522230291949,0.4880522230291949,0.4932627928135697,0.6835621157792294,0.6914734402505202,0.6914734402505202,0.6835621157792294,1.3795059639199665
350.0,216.892,86.36,3.811,5.162,2383.82,2.609603078452462,2.6088814656702564,2.6088814656702564,2.609603078452462,5.095669742533756,5.093335555480436,5.093335555480436,5.095669742533756,0.5054351196301352,0.4995711467159554,0.4995711467159554,0.5054351196301352,0.6703503151587483,0.6792038163254408,0.6792038163254408,0.6703503151587483,1.5606839875587353
350.0,216.948,17.159,6.368,5.276,4985.299,2.668453027615571,2.667839406111432,2.667839406111432,2.668453027615571,4.543477051621163,4.542466803445324,4.542466803445324,4.543477051621163,0.4102015756775794,0.3879855405621605,0.3879855405621605,0.4102015756775794,0.6338694277350289,0.6674788353259536,0.6674788353259536,0.6338694277350289,0.7036287581181448
350.0,216.961,81.791,5.001,5.473,1858.543,2.6442054763793568,2.6435145488904346,2.6435145488904346,2.644205476379366,4.848102360517561,4.858290999800316,4.858290999800316,4.848102360517134,0.5089911382923059,0.5027938406891369,0.5027938406891369,0.5089911382923059,0.6890933825621777,0.6988351422052869,0.6988351422052869,0.6890933825621777,2.004188392074827
350.0,217.068,77.603,3.849,5.929,3884.248,2.607383961093755,2.6066585173295187,2.6066585173295187,2.607383961093755,5.0355511694723605,5.03311662455014,5.03311662455014,5.0355511694723605,0.4848822765986475,0.478407015444039,0.478407015444039,0.4848822765986475,0.6614893709008552,0.6712414184495709,0.6712414184495709,0.6614893709008552,0.9475798258290774
350.0,217.18,94.689,5.612,5.117,867.474,2.6772549919596926,2.6765495642976487,2.6765495642976487,2.6772549919596926,5.059925237492253,5.058495108669272,5.058495108669272,5.059925237492253,0.5832487613155454,0.5777828659794105,0.5777828659794105,0.5832487613155454,0.722521020837177,0.7307772288321875,0.7307772288321875,0.722521020837177,4.449146987112703
350.0,217.272,55.914,6.095,3.624,419.18,2.724864153596811,2.724130791622489,2.724130791622489,2.724864153596811,5.22490106918062,5.22399045422564,5.22399045422564,5.22490106918062,0.6503282271146377,0.6410521474093887,0.6410521474093887,0.6503282271146377,0.7509834059401019,0.7650249127323016,0.7650249127323016,0.7509834059401019,9.433333700629708
350.0,217.73,53.276,5.553,3.584,4734.534,2.652059299270096,2.6513505761006835,2.6513505761006835,2.652059299270096,4.699959643306773,4.6982246274714585,4.6982246274714585,4.699959643306773,0.4529333849317683,0.4436798571239747,0.4436798571239747,0.4529333849317683,0.6629287246422247,0.6769395413460951,0.6769395413460951,0.6629287246422247,0.7627431087336888
350.0,218.041,53.74,5.566,5.433,2849.044,2.6550408833080232,2.65432862371371,2.65432862371371,2.6550408833080232,4.758679237835326,4.757095208472957,4.757095208472957,4.758679237835326,0.4775439040032991,0.4682988028212647,0.4682988028212647,0.4775439040032991,0.6723736245419276,0.686343716846494,0.686343716846494,0.6723736245419276,1.2838768015423352
350.0,218.064,22.114,4.53,3.637,2663.6,2.629334880711263,2.6286472393295655,2.6286472393295655,2.629334880711263,4.807090309656139,4.806323818666125,4.806323818666125,4.807090309656139,0.4421251110784087,0.4225049298747899,0.4225049298747899,0.4421251110784087,0.6486522141768705,0.6782955572958626,0.6782955572958626,0.6486522141768705,1.3408835672398425
350.0,218.346,59.548,3.559,5.355,2725.26,2.6012467725768964,2.6005357778809457,2.6005357778809457,2.601246772576855,5.351151884471208,5.350272402142091,5.350272402142091,5.351151884471877,0.4964063933015621,0.4880106371144493,0.4880106371144493,0.4964063933015621,0.6816984820320886,0.6944081937247027,0.6944081937247027,0.6816984820320886,1.3559377826378838
350.0,218.602,16.035,6.13,4.64,2787.579,2.669007206366001,2.6684548445406975,2.6684548445406975,2.669007206366001,4.632057486719852,4.630560566660814,4.630560566660814,4.632057486719852,0.4488869859325256,0.4254246129191949,0.4254246129191949,0.4488869859325256,0.6480202542583847,0.6834404791651707,0.6834404791651707,0.6480202542583847,1.2844012503019169
350.0,218.634,31.077,5.601,5.319,4343.019,2.6542792319186117,2.6535942595038007,2.6535942595038007,2.6542792319186117,4.687336773852198,4.685769225502084,4.685769225502084,4.687336773852198,0.4508981847218257,0.4357269582546315,0.4357269582546315,0.4508981847218257,0.6556963807767567,0.6789179855440278,0.6789179855440278,0.6556963807767567,0.8281839888554823
350.0,219.303,82.319,6.195,5.835,1126.036,2.6826061228621523,2.6819416355928,2.6819416355928,2.6826061228621523,4.997792051864626,4.9960248282032085,4.9960248282032085,4.997792051864626,0.5820785160529482,0.5757917426845253,0.5757917426845253,0.5820785160529482,0.7222412634316703,0.7317520089445358,0.7317520089445358,0.7222412634316703,3.42471169911883
350.0,219.378,23.332,4.168,5.828,1519.232,2.6239410896845174,2.6232383423733094,2.6232383423733094,2.6239410896845174,5.042402039807611,5.0420845708178845,5.0420845708178845,5.042402039807611,0.5000129133846306,0.4806117255488303,0.4806117255488303,0.5000129133846306,0.6653566660725773,0.6945598757636128,0.6945598757636128,0.6653566660725773,2.42286129800452
350.0,219.649,97.187,5.348,5.142,4383.93,2.645358592306715,2.6446580590076256,2.6446580590076256,2.645358592306715,4.853371149552971,4.8518804206033375,4.8518804206033375,4.853371149552971,0.5384851818599331,0.533218754190244,0.533218754190244,0.5384851818599331,0.7034026229932032,0.7113911875701096,0.7113911875701096,0.7034026229932032,0.863748092344615
350.0,220.785,95.411,4.253,5.94,1504.248,2.6291318004208275,2.6284039206391148,2.6284039206391148,2.6291318004209048,5.299815482955787,5.300558810368428,5.300558810368428,5.2998154829550925,0.5972728799959237,0.5918429844142523,0.5918429844142523,0.5972728799959237,0.724733156962582,0.7329548413532327,0.7329548413532327,0.724733156962582,2.5852190943523494
350.0,221.036,97.911,5.471,6.417,822.672,2.680436297450145,2.6797457789684724,2.6797457789684724,2.680436297450145,5.204424323820556,5.202486578195157,5.202486578195157,5.204424323820556,0.6522013342553886,0.6468395926960356,0.6468395926960356,0.6522013342553886,0.7561256067964512,0.7642502353500065,0.7642502353500065,0.7561256067964512,4.83971577743926
350.0,221.163,26.025,5.059,2.599,1017.359,2.653861143506231,2.653213214247616,2.653213214247616,2.653861143506231,4.96371008795758,4.9609577090766654,4.9609577090766654,4.96371008795758,0.5486011575653947,0.5303529585450516,0.5303529585450516,0.5486011575653947,0.6946869914919495,0.7225938881608058,0.7225938881608058,0.6946869914919495,3.70474926373774
350.0,221.611,87.589,5.865,3.813,4195.348,2.6585956568354887,2.65788085031543,2.6578808503154066,2.6585956568354887,4.926321755836377,4.925614286746949,4.92561428674705,4.926321755836377,0.556243080122278,0.5503876051527786,0.5503876051527786,0.556243080122278,0.7108428500921016,0.7197333340158959,0.7197333340158959,0.7108428500921016,0.9095498367949824
350.0,221.67,72.652,4.21,5.172,2542.508,2.6187672255412235,2.618019340462538,2.618019340462538,2.6187672255412235,5.269633608400973,5.269809403233393,5.269809403233393,5.269633608400973,0.5595611358677866,0.5525252102027502,0.5525252102027502,0.5595611358677866,0.7110656941346946,0.7217167861972666,0.7217167861972666,0.7110656941346946,1.500910276379616
350.0,221.715,29.955,5.624,5.648,4057.698,2.6522796787840703,2.6515999283427822,2.6515999283427822,2.6522796787840703,4.807147904987814,4.805331889446967,4.805331889446967,4.807147904987814,0.5017823088040886,0.4858303233469259,0.4858303233469259,0.5017823088040886,0.6771917475244394,0.7012744255786734,0.7012744255786734,0.6771917475244394,0.9100308108492942
350.0,222.568,93.233,3.073,3.04,3484.725,2.586985170489687,2.5862833844831683,2.5862833844831683,2.586985170489687,5.626488888373407,5.668085261548863,5.668085261548863,5.626488888373407,0.5902817220400414,0.5847376419524644,0.5847376419524644,0.5902817220400414,0.6799629379001499,0.6908665770245442,0.6908665770245442,0.6799629379001499,1.1127970442567474
350.0,222.688,20.922,5.007,5.435,4205.496,2.6351490852517507,2.6344648207381822,2.6344648207381822,2.635149085251788,4.856356426160424,4.858122935842787,4.858122935842787,4.856356426159624,0.506953408091874,0.4859105267909815,0.4859105267909815,0.506953408091874,0.6745206590794062,0.7062689375846829,0.7062689375846829,0.6745206590794062,0.8786838445480796
350.0,223.346,54.845,3.418,2.727,1933.277,2.599915724950302,2.59921501587003,2.59921501587003,2.599915724950302,5.678866057158049,5.678007758413249,5.678007758413249,5.678866057158049,0.5768020341636344,0.5675105484830413,0.5675105484830413,0.5768020341636344,0.7162381023247115,0.7302968491555923,0.7302968491555923,0.7162381023247115,1.9857860154830933
350.0,223.415,64.258,2.696,5.638,4885.463,2.575206170674856,2.5745192667282963,2.5745192667282963,2.575206170674856,6.033906602902976,6.033027903460387,6.033027903460387,6.033906602902976,0.5785522194404553,0.5705924122382164,0.5705924122382164,0.5785522194404553,0.6949334433650589,0.7069948674231165,0.7069948674231165,0.6949334433650589,0.7879026667876277
350.0,223.762,60.092,6.019,4.883,1918.667,2.67054208261153,2.6698170704065607,2.6698170704065607,2.67054208261153,5.00295450759557,5.0023892033935455,5.0023892033935455,5.00295450759557,0.5883118138210464,0.5797855862029486,0.5797855862029486,0.5883118138210464,0.722976837134994,0.7358968688759558,0.7358968688759558,0.722976837134994,2.0132075402712144
350.0,223.793,93.719,6.36,5.298,325.507,2.7846603534214047,2.7840360279103167,2.7840360279103167,2.7846603534214047,5.825774964209016,5.823752425568936,5.823752425568936,5.825774964209016,0.8368238995382405,0.8310069774342761,0.8310069774342761,0.8368238995382405,0.8513198132602597,0.8600608492807222,0.8600608492807222,0.8513198132602597,13.106990831159276
350.0,223.836,27.624,4.243,2.605,4672.951,2.612733324728022,2.6120081732093574,2.6120081732093574,2.612733324728022,5.088774587667159,5.159117908335335,5.159117908335335,5.088774587667159,0.522418563328584,0.5052387752166487,0.5052387752166487,0.522418563328584,0.6776677679886667,0.7105914162585015,0.7105914162585015,0.6776677679886667,0.7978944084046257
350.0,223.849,90.145,4.488,5.022,451.54,2.695001021863177,2.6943124691781377,2.6943124691781377,2.695001021863177,5.813386794140985,5.81256150580717,5.81256150580717,5.813386794140985,0.7633042351326357,0.7573603996948398,0.7573603996948398,0.7633042351326357,0.8115392460964319,0.8205298859829144,0.8205298859829144,0.8115392460964319,9.203071404016688
350.0,223.913,96.472,5.914,3.052,880.102,2.6911352129123216,2.6904367546926924,2.6904367546926924,2.6911352129123216,5.295919834665369,5.295250043926241,5.295250043926241,5.295919834665369,0.6763538256803274,0.6708816461525781,0.6708816461525781,0.6763538256803274,0.7678661340178504,0.7761528103961938,0.7761528103961938,0.7678661340178504,4.569787396749609
350.0,224.089,22.617,6.468,5.652,3477.751,2.667331043394508,2.6666764612769813,2.6666764612769813,2.667331043394508,4.853186654934178,4.851974182566142,4.851974182566142,4.853186654934178,0.5396674603886633,0.5193759016937782,0.5193759016937782,0.5396674603886633,0.6897924775492954,0.720402642200836,0.720402642200836,0.6897924775492954,1.08037180366605
350.0,224.114,42.002,6.39,3.177,3497.834,2.666722224985606,2.666040536935278,2.6660405369352445,2.666722224985606,4.889175816929349,4.88782066992308,4.887820669923327,4.889175816929349,0.550253588364111,0.5383112492084428,0.5383112492084428,0.550253588364111,0.7024137401185043,0.7204535177267946,0.7204535177267946,0.7024137401185043,1.0829846669063383
350.0,224.472,48.832,5.798,4.182,356.885,2.7474193184954974,2.7467558029759074,2.7467558029759074,2.7474193184954974,5.632680532348646,5.631493377221542,5.631493377221542,5.632680532348646,0.7779196233685352,0.7670406162179016,0.7670406162179016,0.7779196233685352,0.8142609764920709,0.8306387526205415,0.8306387526205415,0.8142609764920709,11.65577373117098
350.0,224.662,30.036,3.244,2.73,3614.344,2.58811549820794,2.587427967584267,2.587427967584267,2.58811549820794,5.48174235299784,5.469611813514334,5.469611813514334,5.48174235299784,0.5528505577863226,0.5367076067783677,0.5367076067783677,0.5528505577863226,0.658461916213321,0.6850425463657687,0.6850425463657687,0.658461916213321,1.047346698766492
350.0,224.821,16.814,5.172,2.606,3752.264,2.638316067388515,2.6376815443194706,2.6376815443194706,2.6383160673885198,4.872199236485129,4.883019198235906,4.883019198235906,4.87219923648485,0.531295729801884,0.5070628103005985,0.5070628103005985,0.531295729801884,0.681575324895168,0.7184437774011802,0.7184437774011802,0.681575324895168,0.995544037533816
350.0,225.042,43.048,6.48,4.531,587.797,2.716784929594225,2.7161184954890767,2.716118495489038,2.716784929594225,5.326911991709663,5.325464619781124,5.325464619785721,5.326911991709663,0.6937768335839298,0.6817049980663334,0.6817049980663334,0.6937768335839298,0.7701571172435236,0.7883821928131333,0.7883821928131333,0.7701571172435236,6.853864946806201
350.0,225.369,77.275,5.915,5.089,3772.921,2.662550720862042,2.6618395745339134,2.6618395745339134,2.662550720862173,5.0771439920936405,5.076637334752375,5.076637334752375,5.077143992092579,0.6075998006380369,0.6008885475977702,0.6008885475977702,0.6075998006380369,0.7338513891070892,0.7440121636226924,0.7440121636226924,0.7338513891070892,1.0349698818262814
350.0,226.047,76.236,3.537,4.292,1711.332,2.6103024559872,2.609615021755921,2.609615021755921,2.6103024559872,5.833761561609392,5.832813633336418,5.832813633336418,5.833761561609392,0.6480552389186968,0.641203474337087,0.641203474337087,0.6480552389186968,0.7524177985243234,0.762791042834518,0.762791042834518,0.7524177985243234,2.3209493402942387
350.0,226.455,82.242,4.15,2.546,3313.787,2.616675560169207,2.615985372649568,2.615985372649568,2.616675560169207,5.3456388213371655,5.345805120636753,5.345805120636753,5.3456388213371655,0.6257897034620234,0.6194519286415358,0.6194519286415358,0.6257897034620234,0.716875191173978,0.726068611123133,0.726068611123133,0.716875191173978,1.1879897673112567
350.0,226.637,21.679,3.876,5.212,2347.538,2.6098573641626777,2.60918648945313,2.60918648945313,2.6098573641626777,5.4788231740363,5.478270157298846,5.478270157298846,5.4788231740363,0.590284056248195,0.569009814057224,0.569009814057224,0.590284056248195,0.7113155376127435,0.743389396446093,0.743389396446093,0.7113155376127435,1.6383345717635045
350.0,227.42,16.363,2.705,5.806,2839.158,2.5787662371871787,2.5781736553247527,2.5781736553247527,2.5787662371871787,6.124776264874441,6.124065372132172,6.124065372132172,6.124776264874441,0.6085480903466336,0.5831423409056131,0.5831423409056131,0.6085480903466336,0.6911872717344741,0.7293976545470688,0.7293976545470688,0.6911872717344741,1.364639577200878
350.0,227.99,16.871,6.37,3.114,1189.738,2.686858738731356,2.686203652649267,2.686203652649267,2.686858738731356,5.11526243896884,5.114706781804444,5.114706781804444,5.11526243896884,0.6358942809703482,0.6102442649575068,0.6102442649575068,0.6358942809703482,0.7286482086312834,0.7673223565780039,0.7673223565780039,0.7286482086312834,3.293012059092781
350.0,228.127,83.58,2.878,3.813,1260.346,2.605929979656304,2.6052644903849056,2.6052644903849056,2.605929979656436,6.26980272937326,6.273191754931792,6.273191754931792,6.26980272246095,0.7097122703814556,0.7033749317301099,0.7033749317301099,0.7097122703814556,0.7436533330982785,0.7526270192496931,0.7526270192496931,0.7436533330982785,3.2345806604763885
350.0,228.129,55.963,6.201,2.74,3769.533,2.6691067495864,2.6683859090779847,2.6683859090779847,2.6691067495864,5.076012061586748,5.07550761240262,5.07550761240262,5.076012061586748,0.6201103701002637,0.6108977141507885,0.6108977141507885,0.6201103701002637,0.7372759823843024,0.751222028770616,0.751222028770616,0.7372759823843024,1.0395720587141224
350.0,228.446,35.054,5.23,6.167,3041.687,2.645500062099716,2.6448408205665386,2.6448408205665386,2.645500062099748,5.129864536748522,5.128735311556338,5.128735311556338,5.129864533663623,0.6177444058727461,0.603364265964122,0.603364265964122,0.6177444058727461,0.7308396568052085,0.7525140963474614,0.7525140963474614,0.7308396568052085,1.2839152882846023
350.0,228.755,26.446,5.299,4.343,4346.769,2.6427107645355945,2.642049410871838,2.642049410871838,2.642710764535688,5.066749401390648,5.065813956472666,5.065813956472666,5.066749401389449,0.6007979075307887,0.5824569744514713,0.5824569744514713,0.6007979075307887,0.7189907038131496,0.7466338506387906,0.7466338506387906,0.7189907038131496,0.8903044841047353
350.0,228.778,13.202,3.474,6.457,720.843,2.633862280669286,2.6333057562686406,2.6333057562686406,2.633862280669286,6.0733350117275,6.072580056781416,6.072580056781416,6.0733350117275,0.7071293862745973,0.6776327164435334,0.6776327164435334,0.7071293862745973,0.759255228775527,0.8036026665319367,0.8036026665319367,0.759255228775527,5.592993567453975
350.0,228.917,25.074,3.006,5.817,3417.197,2.586379098278572,2.5857213756665867,2.5857213756665867,2.586379098278572,5.806466584996263,5.860836098309011,5.860836098309011,5.806466584996263,0.6270533452286506,0.6078051867470304,0.6078051867470304,0.6270533452286506,0.6837746425327097,0.7160045462484645,0.7160045462484645,0.6837746425327097,1.1456617592039957
350.0,229.538,29.265,2.841,6.491,4112.434,2.582379464868707,2.5817243463547928,2.5817243463547928,2.582379464868847,6.116928475182104,6.116261547768304,6.116261547768304,6.116928475179281,0.6397827389815065,0.6228277907733346,0.6228277907733346,0.6397827389815065,0.7111118714651378,0.7366146502385988,0.7366146502385988,0.7111118714651378,0.9582770327051904
350.0,229.584,99.648,6.222,4.404,3694.577,2.678514358450268,2.677803954619329,2.677803954619329,2.678514358450268,5.2834091539233645,5.282867023381296,5.282867023381296,5.2834091539233645,0.6908466239137175,0.6855469469804844,0.6855469469804844,0.6908466239137175,0.7757838333306507,0.7838332230046926,0.7838332230046926,0.7757838333306507,1.0975371135614622
350.0,229.669,97.703,3.908,3.934,2766.257,2.6199591419394963,2.6192536122795373,2.6192536122795373,2.6199591419394963,5.8085991133672366,5.808026322314586,5.808026322314586,5.8085991133672366,0.698198175053098,0.6927774275149507,0.6927774275149507,0.698198175053098,0.7789678647309038,0.7871836679141583,0.7871836679141583,0.7789678647309038,1.4696088757753587
350.0,229.782,17.499,5.645,6.125,3659.414,2.654284282491024,2.653684215448188,2.653684215448188,2.654284282491024,5.05415402691312,5.05243867387353,5.05243867387353,5.05415402691312,0.6187516116758136,0.5938843169140497,0.5938843169140497,0.6187516116758136,0.7215008340886268,0.7589636324654981,0.7589636324654981,0.7215008340886268,1.0641189335565606
350.0,230.231,20.476,5.147,5.744,3560.28,2.641651346264399,2.64105253143471,2.64105253143471,2.641651346264399,5.169181330272342,5.16787914395411,5.16787914395411,5.169181330272342,0.6265825875523658,0.6040184644092311,0.6040184644092311,0.6265825875523658,0.7269339152892558,0.7608865243602794,0.7608865243602794,0.7269339152892558,1.09829440080009
350.0,231.247,15.724,3.391,6.233,943.631,2.624515978586687,2.623914692250532,2.623914692250532,2.624515978586687,6.171238883450369,6.170596356601489,6.170596356601489,6.171238883450369,0.7163262409336403,0.6888430746241702,0.6888430746241702,0.7163262409336403,0.7659488467000908,0.8072847577866662,0.8072847577866662,0.7659488467000908,4.293904196784638
350.0,231.551,72.911,2.978,5.752,3687.841,2.5950825857158346,2.5944183132129175,2.5944183132129175,2.5950825857158346,6.173308747619972,6.175978543025923,6.175978543025923,6.173308747619972,0.707724859892022,0.700478225560764,0.700478225560764,0.707724859892022,0.739406771655709,0.749888957870986,0.749888957870986,0.739406771655709,1.104951580154438
350.0,231.785,26.696,5.167,6.275,1842.569,2.653997443739358,2.6533791165265,2.6533791165265,2.653997443739291,5.331567850829714,5.330208514076844,5.330208514076844,5.3315678548130965,0.67788899845184,0.659246172413324,0.659246172413324,0.67788899845184,0.7556571895107917,0.7837022308640735,0.7837022308640735,0.7556571895107917,2.171772131403833
350.0,231.936,76.71,5.3,4.104,1138.537,2.677157809895214,2.6765138282044427,2.6765138282044427,2.677157809895214,5.54250836464284,5.542369276391045,5.542369276391045,5.54250836464284,0.7474194562238325,0.7404563432676013,0.7404563432676013,0.7474194562238325,0.8029024506879164,0.8134129687608794,0.8134129687608794,0.8029024506879164,3.632613492182639
350.0,232.029,64.253,3.507,5.004,4707.162,2.6043068204070368,2.603631534928278,2.603631534928278,2.6043068204070368,6.011691686675316,6.010784980478443,6.010784980478443,6.011691686675316,0.6922700960817582,0.6840868881039197,0.6840868881039197,0.6922700960817582,0.7731884295357504,0.7855550427598414,0.7855550427598414,0.7731884295357504,0.8596108569591716
350.0,232.912,41.197,4.946,5.655,1568.021,2.65525595503891,2.6545577007621324,2.6545577007621324,2.65525595503891,5.445476548820424,5.445411563212527,5.445411563212527,5.445476548820424,0.7122332353727235,0.6996089522459602,0.6996089522459602,0.7122332353727235,0.7751038863931276,0.7941098708026467,0.7941098708026467,0.7751038863931276,2.5936718953726112
350.0,233.626,68.254,5.509,5.402,2381.143,2.6678347958372783,2.667151255070921,2.667151255070921,2.6678347958372783,5.393561567068977,5.394463358461049,5.394463358461049,5.393561567068977,0.7286227280736982,0.7208567235971892,0.7208567235971892,0.7286227280736982,0.7926394563859988,0.8043771460020813,0.8043771460020813,0.7926394563859988,1.724633786178299
350.0,233.647,87.165,5.269,3.646,3761.821,2.657147901140939,2.656512943783204,2.656512943783204,2.657147901140939,5.4811776330488176,5.47985700308171,5.47985700308171,5.4811776330488176,0.7294330656436547,0.7233059146703702,0.7233059146703702,0.7294330656436547,0.7941002487740053,0.8033454817215829,0.8033454817215829,0.7941002487740053,1.0937610019667283
350.0,234.099,76.856,6.44,3.756,1209.4,2.7110548799892213,2.710375754114262,2.710375754114262,2.7110548799892213,5.549381730836927,5.548653002914309,5.548653002914309,5.549381730836927,0.7741311939667638,0.7671628839726091,0.7671628839726091,0.7741311939667638,0.8171733481039394,0.8277047999817122,0.8277047999817122,0.8171733481039394,3.455933712925868
350.0,234.378,22.775,4.899,3.361,633.492,2.689116695329945,2.6884500060082006,2.6884500060082006,2.689116695329945,5.763966845299203,5.763980937018219,5.763980937018219,5.763966845299203,0.7878919466854325,0.7659424334098363,0.7659424334098363,0.7878919466854325,0.8082178124480516,0.8411501577334211,0.8411501577334211,0.8082178124480516,6.581087458518017
350.0,234.543,79.445,5.534,5.176,4534.775,2.664329604318977,2.663666394590628,2.663666394590628,2.664329604318977,5.404324587784068,5.404850505640015,5.404850505640015,5.404324587784068,0.7349195895040554,0.7282120011236992,0.7282120011236992,0.7349195895040554,0.797005743859703,0.8071394124956514,0.8071394124956514,0.797005743859703,0.90900406788979
350.0,234.692,26.688,2.774,5.582,4866.948,2.586099770905524,2.585454689504054,2.585454689504054,2.586099770905524,6.551193654098571,6.550824334669257,6.550824334669257,6.551193654098571,0.7071503975538878,0.6884220360144329,0.6884220360144329,0.7071503975538878,0.766118684529739,0.794237049724032,0.794237049724032,0.766118684529739,0.8328224225725683
350.0,234.695,71.695,5.797,6.161,4086.361,2.672170388278385,2.6715222089770467,2.6715222089770467,2.672170388278385,5.420857247544616,5.418763971188112,5.418763971188112,5.420857247544616,0.7347030572248705,0.7272836379702478,0.7272836379702478,0.7347030572248705,0.7962610216009502,0.8074633593966725,0.8074633593966725,0.7962610216009502,1.0081155271610382
350.0,234.718,11.673,6.021,3.0,4970.555,2.66452991655328,2.6640187956002848,2.6640187956002848,2.66452991655328,5.245497036278644,5.244392965237667,5.244392965237667,5.245497036278644,0.671963354565279,0.6417516085351535,0.6417516085351535,0.671963354565279,0.7408749394477436,0.7866054777291932,0.7866054777291932,0.7408749394477436,0.8006629813497004
350.0,235.125,61.561,4.391,3.194,558.171,2.696115871895528,2.695435143699322,2.695435143699322,2.6961158718953686,5.9914534632562075,5.9908337797645785,5.9908337797645785,5.991453463311456,0.8457278022335486,0.8369312994413018,0.8369312994413018,0.8457278022335486,0.8190821913472522,0.8322320757850683,0.8322320757850683,0.8190821913472522,7.663271882515958
350.0,235.173,78.059,6.49,3.067,422.84,2.785630921743447,2.785072524656992,2.785072524656992,2.785630921743447,6.03067537479754,6.028459808783032,6.028459808783032,6.03067537479754,0.9043057120307422,0.8972378198363649,0.8972378198363649,0.9043057120307422,0.8888371614901837,0.8993850833500954,0.8993850833500954,0.8888371614901837,10.327422829481462
350.0,235.511,55.794,4.474,6.449,1209.701,2.6595041814953446,2.658821432247644,2.658821432247644,2.6595041814953118,5.713222877358128,5.714162521286188,5.714162521286188,5.713222870338315,0.779386827099633,0.7698262182479984,0.7698262182479984,0.779386827099633,0.7835107505480384,0.7974242177050884,0.7974242177050884,0.7835107505480384,3.456295496633243
350.0,235.919,16.288,4.645,6.264,3785.757,2.635129084443657,2.6345325148856453,2.6345325148856453,2.635129084443657,5.5549807161283,5.554304176954609,5.554304176954609,5.5549807161283,0.7066512381865016,0.6796879045741899,0.6796879045741899,0.7066512381865016,0.7625187415451357,0.8030818008212534,0.8030818008212534,0.7625187415451357,1.0678587306232543
350.0,237.051,51.915,5.157,3.053,3603.952,2.654624416335399,2.6539235080219954,2.6539235080219954,2.654624416335399,5.541870426124532,5.5415514970597,5.5415514970597,5.541870426124532,0.7412052888319608,0.7310342607469753,0.7310342607469753,0.7412052888319608,0.7960043818637327,0.8113514669221474,0.8113514669221474,0.7960043818637327,1.1435011791308187
350.0,237.591,86.052,3.889,5.384,2430.859,2.637911428574208,2.6372962486502183,2.6372962486502183,2.6379114285742373,6.208604982785141,6.2071524112184,6.2071524112184,6.208604982785508,0.802126163909634,0.7958344091426904,0.7958344091426904,0.802126163909634,0.8327839607681798,0.8422421447335882,0.8422421447335882,0.8327839607681798,1.7402147119516425
350.0,237.592,89.679,4.076,4.903,689.71,2.6893600252481287,2.688728798753633,2.688728798753633,2.6893600252481287,6.439356801153257,6.438171226467358,6.438171226467358,6.439356801153257,0.881841430325135,0.8757125143984203,0.8757125143984203,0.881841430325135,0.8769283253683211,0.8861117770399523,0.8861117770399523,0.8769283253683211,6.299254890172856
350.0,238.055,99.842,3.46,5.023,3957.547,2.6247997783623247,2.6241422002166765,2.6241422002166765,2.6247997783623247,6.48022210989686,6.479374866346477,6.479374866346477,6.48022210989686,0.8113502509672607,0.8059334010381867,0.8059334010381867,0.8113502509672607,0.8382808094302417,0.8464611704701289,0.8464611704701289,0.8382808094302417,1.0739028401147737
350.0,238.159,74.478,3.705,4.404,3079.733,2.6277259390628465,2.62707866212805,2.62707866212805,2.6277259390628465,6.263411417890004,6.2623623243296525,6.2623623243296525,6.263411417890004,0.7907592853408771,0.7835378235908192,0.7835378235908192,0.7907592853408771,0.8255579621456236,0.836449350506189,0.836449350506189,0.8255579621456236,1.3666446322167207
350.0,238.181,24.098,2.648,3.035,3941.206,2.589420029666199,2.588787300389231,2.588787300389231,2.589420029666199,6.818845774167201,6.818578054007984,6.818578054007984,6.818845774167201,0.7524661300043286,0.7317778677645657,0.7317778677645657,0.7524661300043286,0.7866757087049053,0.8177050951371526,0.8177050951371526,0.7866757087049053,1.0464160412496106
350.0,238.357,56.115,5.119,5.555,3443.483,2.660221825878668,2.6595296331087814,2.6595296331087814,2.660221825878668,5.648316228763529,5.6479556589621325,5.6479556589621325,5.648316228763529,0.7706695096468485,0.7611872157459174,0.7611872157459174,0.7706695096468485,0.8122715648709052,0.826576060899524,0.826576060899524,0.8122715648709052,1.2113421263114323
350.0,238.386,89.492,3.974,5.53,3823.195,2.6365964604253427,2.6359778045368314,2.6359778045368314,2.6365964604253427,6.172693895644587,6.171337390171232,6.171337390171232,6.172693895644587,0.803766716005982,0.7977078872567123,0.7977078872567123,0.803766716005982,0.8340420263954796,0.8431451180802731,0.8431451180802731,0.8340420263954796,1.1077357938564043
350.0,238.853,65.774,5.138,3.458,3046.855,2.66331724042893,2.662721096665634,2.662721096665634,2.66331724042893,5.6887569067338015,5.687152141011689,5.687152141011689,5.6887569067338015,0.7831348220856151,0.7749559057178923,0.7749559057178923,0.7831348220856151,0.8200947317121599,0.8323870072696791,0.8323870072696791,0.8200947317121599,1.3763003969463132
350.0,238.901,71.437,6.13,4.696,3303.357,2.691836488701238,2.6911966648300174,2.6911966648300174,2.691836488701238,5.600701630333026,5.599627509745141,5.599627509745141,5.600701630333026,0.7918247562772889,0.7842972796596507,0.7842972796596507,0.7918247562772889,0.8263393285606596,0.8376905808068588,0.8376905808068588,0.8263393285606596,1.2745161274125334
350.0,239.106,99.246,6.002,6.336,2682.653,2.700067024432804,2.699430162221556,2.699430162221556,2.700067024432804,5.722780262219415,5.720873605729083,5.720873605729083,5.722780262219415,0.8298225125858607,0.8243305504410497,0.8243305504410497,0.8298225125858607,0.8491355854998894,0.8573926704537843,0.8573926704537843,0.8491355854998894,1.5948083574023473
350.0,239.739,94.239,3.225,5.541,2624.031,2.6290708510119227,2.6284279764916807,2.6284279764916807,2.6290708510119765,6.414408732272982,6.404392341321847,6.404392341321847,6.414408745756801,0.8418322036750026,0.8360531462101819,0.8360531462101819,0.8418322036750026,0.8055649316822535,0.8167984370647897,0.8167984370647897,0.8055649316822535,1.6365545917352282
350.0,240.361,55.414,6.287,5.8,1864.308,2.7077847727196,2.7071238665877844,2.7071238665877844,2.7077847727196,5.73356759661938,5.732942021077393,5.732942021077393,5.73356759661938,0.8180515326547132,0.8083643160600987,0.8083643160600987,0.8180515326547132,0.8385837945232315,0.8531433301733133,0.8531433301733133,0.8385837945232315,2.276491209285304
350.0,240.545,27.377,3.719,3.486,2520.641,2.6260922937664346,2.6254669180561745,2.6254669180561745,2.6260922937664346,6.2430181075272975,6.241911712601889,6.241911712601889,6.2430181075272975,0.7850974669237624,0.7663576791476739,0.7663576791476739,0.7850974669237624,0.8109923746620695,0.8391619261857289,0.8391619261857289,0.8109923746620695,1.6574111538414034
350.0,240.627,69.385,3.611,3.754,1834.075,2.639706994557076,2.6390630413764935,2.6390630413764935,2.639706994557076,6.499746236224404,6.498839810709267,6.498839810709267,6.499746236224404,0.8341690998597718,0.8263644845208982,0.8263644845208982,0.8341690998597718,0.848500457883674,0.8602331926117159,0.8602331926117159,0.848500457883674,2.329575288739568
350.0,240.65,77.647,2.561,4.581,2113.337,2.6165094252442738,2.6158731053236535,2.6158731053236535,2.6165094252442738,7.30547706196838,7.3050799664245645,7.3050799664245645,7.30547706196838,0.8521885655192788,0.8451868267351946,0.8451868267351946,0.8521885655192788,0.8557701350609643,0.8662123273040008,0.8662123273040008,0.8557701350609643,2.0366000782871976
350.0,240.686,69.963,5.136,5.98,4492.563,2.6669805350100084,2.6663915774082763,2.6663915774082763,2.6669805350100084,5.780587580570214,5.779220724449816,5.779220724449816,5.780587580570214,0.80963199748928,0.8018958516560633,0.8018958516560633,0.80963199748928,0.8352912763149457,0.8468632441678721,0.8468632441678721,0.8352912763149457,0.943429430280532
350.0,240.789,45.122,3.834,6.358,3107.099,2.633092239931584,2.632454991424824,2.632454991424824,2.633092239931586,6.25378235865758,6.252732650328303,6.252732650328303,6.253782358656987,0.8032639262311596,0.7914644589460412,0.7914644589460412,0.8032639262311596,0.8280903785969234,0.8458206155114893,0.8458206155114893,0.8280903785969234,1.357618014836008
350.0,240.938,91.511,3.975,3.593,1855.895,2.6542907264921625,2.6536426310417247,2.6536426310417247,2.6542907264921625,6.371760738140741,6.370865121631774,6.370865121631774,6.371760738140741,0.8540259304533467,0.8480628763201014,0.8480628763201014,0.8540259304533467,0.8616382058876269,0.8706102601372732,0.8706102601372732,0.8616382058876269,2.322302397774266
350.0,241.291,72.102,3.077,3.749,426.054,2.716388131704345,2.7157652941866304,2.7157652941866304,2.716388131704345,7.019662718447034,7.030312772309308,7.030312772309308,7.019662718447034,0.9809599069994283,0.9732531881520176,0.9732531881520176,0.9809599069994283,0.8570885432256306,0.8673749513871069,0.8673749513871069,0.8570885432256306,10.49957397475364
350.0,241.796,62.464,2.755,6.322,4944.407,2.6101856897303977,2.609545625244486,2.609545625244486,2.6101856897303977,7.129934828091867,7.129464056073064,7.129464056073064,7.129934828091867,0.834474729550506,0.8258408212118594,0.8258408212118594,0.834474729550506,0.849139487907924,0.8620994878348694,0.8620994878348694,0.849139487907924,0.8645396678373876
350.0,241.948,94.186,6.485,3.431,4662.02,2.7099797666986363,2.709299260710228,2.709299260710228,2.7099797666986363,5.761101816874905,5.760791251820606,5.760791251820606,5.761101816874905,0.8424378748662581,0.8366704282907881,0.8366704282907881,0.8424378748662581,0.8559797969943697,0.8646824071038273,0.8646824071038273,0.8559797969943697,0.921534025055777
350.0,242.537,87.505,4.725,3.308,1838.761,2.676974740786239,2.6763340760839065,2.6763340760839065,2.676974740786239,6.132390910643937,6.13200532336072,6.13200532336072,6.132390910643937,0.8664962443664084,0.860246650544161,0.860246650544161,0.8664962443664084,0.8676437464670742,0.8770180450550965,0.8770180450550965,0.8676437464670742,2.3533537957707966
350.0,242.743,78.417,4.713,4.254,2019.004,2.6738711044982324,2.6732357320132527,2.6732357320132527,2.6738711044982324,6.114647418992292,6.114184793730256,6.114184793730256,6.114647418992292,0.8600315142218488,0.8530776296861557,0.8530776296861557,0.8600315142218488,0.8634333926786848,0.873863744415034,0.873863744415034,0.8634333926786848,2.137420169450071
350.0,243.01,32.558,3.583,5.019,2378.136,2.6330667339944904,2.6324250862728373,2.6324250862728373,2.6330667339944904,6.498506714071809,6.497706706346232,6.497706706346232,6.498506714071809,0.8282990366950381,0.8121330935565448,0.8121330935565448,0.8282990366950381,0.8370810876199188,0.8613113093994158,0.8613113093994158,0.8370810876199188,1.7867532321371322
350.0,243.553,89.394,2.893,5.864,647.783,2.688995227734557,2.6883794061395685,2.6883794061395685,2.6889952277346363,7.131694678032408,7.142262932496015,7.142262932496015,7.131694677707862,0.9733511718996282,0.9671201588874044,0.9671201588874044,0.9733511718996282,0.8592880383552965,0.8676938943460527,0.8676938943460527,0.8592880383552965,6.909271409807219
350.0,243.649,38.975,4.834,2.826,3795.348,2.658211269124326,2.6575796689666342,2.6575796689666342,2.658211269124326,5.867438640639739,5.867501296562469,5.867501296562469,5.867438640639739,0.8157742469112698,0.8021472233739421,0.8021472233739421,0.8157742469112698,0.8299884538129249,0.8504026568203081,0.8504026568203081,0.8299884538129249,1.1154619392122112
350.0,244.025,73.176,5.577,4.866,3262.0,2.691557091510391,2.690926195941823,2.690926195941823,2.691557091510391,5.87611234056152,5.876407762608693,5.876407762608693,5.87611234056152,0.8581380055324469,0.8506985546484996,0.8506985546484996,0.8581380055324469,0.8631574241698102,0.8743270332699109,0.8743270332699109,0.8631574241698102,1.3221245137704931
350.0,244.072,97.323,4.225,4.408,1325.449,2.68301581280018,2.682380985826308,2.682380985826308,2.68301581280018,6.504584787724292,6.503828623554726,6.503828623554726,6.504584787724292,0.9141930694754316,0.9085086661016336,0.9085086661016336,0.9141930694754316,0.8964561976425525,0.904975099807894,0.904975099807894,0.8964561976425525,3.3192190360953333
350.0,244.132,67.398,3.244,3.608,4346.86,2.6269682447276295,2.6263399049868843,2.626339904986833,2.6269682447276295,6.463791196234957,6.451641093205145,6.451641100809449,6.463791196234957,0.8564224936928023,0.8483568619256229,0.8483568619256229,0.8564224936928023,0.8079843723364638,0.8229410293734476,0.8229410293734476,0.8079843723364638,0.991052174531086
350.0,244.829,98.509,2.794,5.47,2748.802,2.636066858984993,2.635429995970121,2.635429995970121,2.636066858984993,7.099289988036796,7.053593790276191,7.053593790276191,7.099289988036796,0.91266189822609,0.9070870981163902,0.9070870981163902,0.91266189822609,0.8525743416338263,0.8541300210456573,0.8541300210456573,0.8525743416338263,1.601164280859806
350.0,245.553,87.311,6.484,4.594,1933.519,2.735064014435018,2.7344366051188533,2.7344366051188533,2.735064014435018,6.01927139507348,6.019130277875923,6.019130277875923,6.01927139507348,0.9061574014387856,0.8998573843646966,0.8998573843646966,0.9061574014387856,0.8916485408132462,0.9011850822693026,0.9011850822693026,0.8916485408132462,2.2690197459298678
350.0,245.814,48.732,4.8,4.842,1361.126,2.689793614351178,2.6891645547081318,2.6891645547081318,2.689793614351178,6.2194020581654845,6.218443601799008,6.218443601799008,6.2194020581654845,0.8918334154308037,0.8806914968380559,0.8806914968380559,0.8918334154308037,0.8773693860649421,0.894055370898936,0.894055370898936,0.8773693860649421,3.196122027605802
350.0,245.893,11.527,2.763,5.98,1455.912,2.631292964402867,2.630785828289528,2.630785828289528,2.631292964402867,7.33252988396817,7.332097167820597,7.332097167820597,7.33252988396817,0.8870704014099641,0.8527400711651238,0.8527400711651238,0.8870704014097952,0.8528269467325106,0.9040164123132456,0.9040164123132456,0.8528269467325474,2.965477736780171
350.0,246.464,15.179,3.693,2.887,2768.927,2.6362540859265557,2.635685332219873,2.635685332219873,2.6362540859265557,6.514206679919843,6.513399027097123,6.513399027097123,6.514206679919843,0.851196520924375,0.8212850521941982,0.8212850521941982,0.851196520924375,0.8359497678188785,0.8806659797339058,0.8806659797339058,0.8359497678188785,1.5416076570724644
350.0,246.556,55.191,3.172,4.74,1747.136,2.646987222946995,2.6463718752665635,2.6463718752665635,2.646987222946995,6.653043506618636,6.629114893343226,6.629114893343226,6.653043506618636,0.9053358740929736,0.8954424358731656,0.8954424358731656,0.9053358740929736,0.8169960299135814,0.8363729277039296,0.8363729277039296,0.8169960299135814,2.503436372991927
350.0,246.583,12.784,6.323,4.259,3147.729,2.7043420377170118,2.703798575090055,2.703798575090055,2.7043420377169607,5.740055594878841,5.739374015791585,5.739374015791585,5.740055595490196,0.8466909064351756,0.813989707743971,0.813989707743971,0.8466909064351756,0.8313169002537826,0.8802388720790296,0.8802388720790296,0.8313169002537826,1.353457351657546
350.0,247.58,57.045,3.756,3.219,3545.239,2.64850831674007,2.6478847518857407,2.6478847518857407,2.64850831674007,6.635493524066974,6.645194099663152,6.645194099663152,6.635493524066974,0.8879526733672671,0.8784012935065519,0.8784012935065519,0.8879526733672671,0.8773989744617647,0.8917173896516685,0.8917173896516685,0.8773989744617647,1.2271844602137656
350.0,247.586,56.419,2.915,3.805,3575.914,2.6303473209301926,2.629731274062701,2.629731274062701,2.6303473209301926,6.9138144611542085,6.905933952019991,6.905933952019991,6.9138144611542085,0.8982298417028796,0.8885625494395128,0.8885625494395128,0.8982298417028796,0.8371825114486225,0.8541802782293407,0.8541802782293407,0.8371825114486225,1.2208983422926392
350.0,247.724,76.9,5.401,6.468,987.993,2.736224264747723,2.7356405306573413,2.7356405306573413,2.736224264747723,6.3266836861328315,6.324997073137123,6.324997073137123,6.3266836861328315,0.9610335843981012,0.9538012680131924,0.9538012680131924,0.9610335843981012,0.9220162095413776,0.9328126278433964,0.9328126278433964,0.9220162095413776,4.513020555064287
350.0,248.128,35.634,4.655,6.411,2897.531,2.6736838948849746,2.6730382682763167,2.673038268276371,2.6736838948849746,6.139457067675208,6.115816403549821,6.115816416994456,6.139457067675208,0.8861648043292754,0.8711327103668699,0.8711327103668699,0.8861648043292754,0.8484945229888141,0.8718751561509028,0.8718751561509028,0.8484945229888141,1.4975638862694274
350.0,248.132,61.934,3.748,3.058,864.713,2.693286618887609,2.692670259674033,2.692670259674033,2.693286618887609,6.966729257290741,6.965695770733558,6.965695770733558,6.966729257290741,0.9605038862576136,0.9515832680227316,0.9515832680227316,0.9605038862576136,0.9201486662220594,0.9335227812141011,0.9335227812141011,0.9201486662220594,5.1461078010339
350.0,248.552,19.807,3.031,5.434,665.1,2.6868773160351256,2.686295950293312,2.686295950293346,2.686877316035261,7.0375002666592525,7.047798333538417,7.047798333310926,7.037500266657527,0.9756201319324506,0.9497837026784944,0.9497837026784944,0.9756201319324506,0.8397867424428845,0.8772206241072682,0.8772206241072682,0.8397867424428845,6.6854682841646484
350.0,249.241,63.051,3.152,2.598,4745.824,2.6378647914388766,2.637259564030237,2.637259564030237,2.637864791438995,6.691665846946604,6.6669000162294685,6.6669000162294685,6.691665846944992,0.9122886400662512,0.9035851420270846,0.9035851420270846,0.9122886400662512,0.821306134721735,0.8390305584674727,0.8390305584674727,0.821306134721735,0.924713149547668
350.0,249.775,10.638,5.651,6.064,2020.607,2.705159526198892,2.7046497680304777,2.7046497680304817,2.705159526198892,6.010353004056274,6.0107277590660155,6.010727759066322,6.010353004056274,0.9025118328504323,0.8666534470500257,0.8666534470500257,0.9025118328504323,0.8599481991625209,0.9134655272118652,0.9134655272118652,0.8599481991625209,2.1480405060182104
350.0,249.795,47.762,6.328,2.834,3981.808,2.7185493759974624,2.7179502616503,2.7179502616503,2.7185493759974624,5.953344078049209,5.9521346910399675,5.9521346910399675,5.953344078049209,0.8990416979999558,0.8876531305245535,0.8876531305245535,0.8990416979999558,0.8824974837863854,0.8995448526488371,0.8995448526488371,0.8824974837863854,1.0958798291116103
350.0,249.845,76.83,3.531,3.196,1094.115,2.687242690121667,2.686625419662396,2.686625419662396,2.687242690121709,7.16389442725206,7.16287790053649,7.16287790053649,7.163894427251582,0.9775126377628844,0.970274175594372,0.970274175594372,0.9775126377628844,0.931938320996446,0.9427901599466234,0.9427901599466234,0.931938320996446,4.095146869498161
350.0,249.941,14.848,4.753,4.826,1457.744,2.690440642118028,2.689886762929822,2.689886762929822,2.690440642118028,6.323062517897827,6.322261093340928,6.322261093340928,6.323062517897827,0.9175448208369544,0.8863722125724484,0.8863722125724484,0.9175448208369544,0.872014929322328,0.9185932542702104,0.9185932542702104,0.872014929322328,2.994101692853353
350.0,249.961,39.108,2.715,5.422,2690.339,2.635891095682899,2.6352783602539853,2.6352783602539853,2.635891095682899,7.576928461566927,7.576394919635683,7.576394919635683,7.576928461566927,0.9274044512440908,0.9135519789580038,0.9135519789580038,0.9274044512440908,0.8972580319419446,0.9179570182464418,0.9179570182464418,0.8972580319419446,1.6357899230355868
400.0,200.22,83.098,2.655,6.158,761.943,5.59359466402337,5.594343916511932,5.594343916511932,5.59359466402337,18.61985764833009,18.6693210831476,18.6693210831476,18.61985764833009,0.0,0.0,0.0,0.0,5.530364050539094,5.42525780800387,5.42525780800387,5.530364050539094,0.0032878522709169
400.0,200.33,15.698,5.578,4.738,2917.736,5.834816108239122,5.8357612941678605,5.8357612941678605,5.834816108239122,11.963181540234787,11.977484636757891,11.977484636757891,11.963181540234787,0.0,0.0,0.0,0.0,6.042587302508593,5.379045314194972,5.379045314194972,6.042587302508593,0.0004923681856547
400.0,200.754,90.468,3.028,6.191,3600.058,5.619045611919161,5.619761900727318,5.619761900727318,5.619045611919161,17.461286305008574,17.452902366216165,17.452902366216165,17.461286305008574,0.0,0.0,0.0,0.0,5.7405748463225805,5.617062658401814,5.617062658401814,5.7405748463225805,0.0007124068751038
400.0,200.96,16.159,2.844,3.798,4751.345,5.593103088028267,5.594441378450646,5.594441378450646,5.593103088027338,18.06896387127305,18.058379589276967,18.058379589276967,18.06896387126047,0.0,0.0,0.0,0.0,6.0446238477201275,5.377984689922162,5.377984689922162,6.0446238477201275,0.0001955593912823
400.0,200.991,53.866,4.163,5.093,2517.483,5.719872464349533,5.721165066401631,5.721165066401631,5.719872464349533,14.365952576002565,14.369263057195695,14.369263057195695,14.365952576002565,0.0,0.0,0.0,0.0,5.878911261281496,5.605284695047144,5.605284695047144,5.878911261281496,0.0006804388167709
400.0,201.075,44.572,3.322,5.573,749.678,5.651768883665992,5.653056782496131,5.653056782496131,5.651768883665992,16.66815304848316,16.646046374214187,16.646046374214187,16.66815304848316,0.0,0.0,0.0,0.0,5.716386307018109,5.426511173319064,5.426511173319064,5.716386307018109,0.002691399314879
400.0,201.125,23.04,4.626,4.993,1358.716,5.760197244661442,5.761637646477188,5.761637646477188,5.760197244661442,13.536355889312745,13.528045577220391,13.528045577220391,13.536355889312745,0.0,0.0,0.0,0.0,5.9569230932165835,5.43848864648066,5.43848864648066,5.9569230932165835,0.0011802880626271
400.0,201.15,26.632,3.45,4.03,1314.72,5.655588855695725,5.657096928453063,5.657096928453063,5.655588855695725,16.332552715712318,16.325033823990633,16.325033823990633,16.332552715712318,0.0,0.0,0.0,0.0,5.953124685206162,5.4679395210364765,5.4679395210364765,5.953124685206162,0.0008033469998624
400.0,201.188,50.479,6.32,5.009,3897.591,5.894914766568933,5.896139707934115,5.896139707934115,5.894914766568933,11.232037840683304,11.225438095983783,11.225438095983783,11.232037840683304,0.0,0.0,0.0,0.0,5.915963999607064,5.608503379450808,5.608503379450808,5.915963999607064,0.00042401962436
400.0,201.407,27.423,5.588,3.446,1783.369,5.8391476729123,5.840336221473759,5.840336221473759,5.8391476729123,11.991053211319828,11.990597692471708,11.990597692471708,11.991053211319828,0.0,0.0,0.0,0.0,6.01298764581903,5.543876986234369,5.543876986234369,6.01298764581903,0.0004365452370093
400.0,202.763,40.888,3.762,5.848,3858.856,5.680746194837448,5.682008445743353,5.682008445743353,5.680746194837448,15.525036815946969,15.520134210259656,15.520134210259656,15.525036815946969,0.0,0.0,0.0,0.0,5.888108619935665,5.522217962040174,5.522217962040174,5.888108619935665,0.0005753212479117
400.0,203.01,79.358,4.621,5.474,3712.169,5.7613012367355765,5.762068357846174,5.762068357846174,5.7613012367355765,13.623172619439506,13.61769036120788,13.61769036120788,13.623172619439506,0.0,0.0,0.0,0.0,5.749075007195008,5.61112091635749,5.61112091635749,5.749075007195008,0.0005394376588987
400.0,203.022,52.848,5.591,6.47,1723.36,5.843398938144745,5.844327020660548,5.844327020660548,5.843398938144745,12.107480892756918,12.106642884830952,12.106642884830952,12.107480892756918,0.0,0.0,0.0,0.0,5.735388770464869,5.491373559047335,5.491373559047335,5.735388770464869,0.0015781328655732
400.0,203.181,91.078,3.333,3.388,1103.135,5.6477763893484605,5.6484648161498,5.6484648161498,5.6477763893484605,16.745656674443598,16.744002912662044,16.744002912662044,16.745656674443598,0.0,0.0,0.0,0.0,5.622026811376436,5.519020918200934,5.519020918200934,5.622026811376436,0.0007293229717282
400.0,203.293,27.025,3.02,5.496,806.39,5.619674180354872,5.62114490315184,5.62114490315184,5.619674180354872,17.6802645205063,17.679808739073597,17.679808739073597,17.6802645205063,0.0,0.0,0.0,0.0,5.707844582393997,5.30533638290781,5.30533638290781,5.707844582393997,0.0024037584079687
400.0,203.303,59.089,5.309,3.938,3668.629,5.815765621491389,5.816821658810239,5.816821658810239,5.815765621491389,12.447178009472232,12.44392947977909,12.44392947977909,12.447178009472232,0.0,0.0,0.0,0.0,5.857876614987018,5.615907930950763,5.615907930950763,5.857876614987018,0.0002846182843387
400.0,203.531,98.331,3.971,4.017,4366.126,5.7036536053911115,5.704226522150746,5.704226522150746,5.703653605391064,14.88830437858511,14.880416442058708,14.880416442058708,14.88830437917786,0.0,0.0,0.0,0.0,5.712128918744604,5.616030976903013,5.616030976903013,5.712128918744604,0.0002578457221759
400.0,203.858,82.096,5.885,3.634,3443.666,5.863223862244176,5.863926489126185,5.863926489126185,5.863223862244176,11.719025565963053,11.631051622910393,11.631051622910393,11.719025565963053,0.0,0.0,0.0,0.0,5.744339715816905,5.655369685510492,5.655369685510492,5.744339715816905,0.0002655513021734
400.0,203.92,88.465,5.134,5.331,501.012,5.821556529862273,5.82212678165806,5.82212678165806,5.821556529862273,12.830980642589394,12.830933120179804,12.830933120179804,12.830980642589394,0.0,0.0,0.0,0.0,5.198458804116582,5.117897030903436,5.117897030903436,5.198458804116582,0.0037215324295883
400.0,204.274,46.18,5.474,2.654,3956.291,5.827587605307821,5.828691819299217,5.828691819299217,5.827587605307821,12.254129521563714,12.265567975195143,12.265567975195143,12.254129521563714,0.0,0.0,0.0,0.0,5.9105991722600395,5.620452160464399,5.620452160464399,5.9105991722600395,0.0001218831848515
400.0,204.296,38.96,4.636,4.24,4170.812,5.757097613895272,5.75850615955498,5.75850615955498,5.757097613895272,13.647358700348274,13.63799089329422,13.63799089329422,13.647358700348274,0.0,0.0,0.0,0.0,5.908293671089647,5.539560021323793,5.539560021323793,5.908293671089647,0.0002830815150085
400.0,204.632,49.28,2.774,2.507,3118.518,5.586100061823564,5.587369818795345,5.587369818795345,5.586100061823942,18.3828249485041,18.49259906496303,18.49259906496303,18.38282494018582,0.0,0.0,0.0,0.0,5.843236283779724,5.571505262902189,5.571505262902189,5.843236283779724,0.0001393183464591
400.0,205.961,32.595,5.982,3.391,3252.869,5.866248412276208,5.86748996780126,5.86748996780126,5.866248412276208,11.714175154496044,11.709342940287009,11.709342940287009,11.714175154496044,0.0,0.0,0.0,0.0,5.879106072768208,5.47792432275443,5.47792432275443,5.879106072768208,0.0002327779121672
400.0,206.742,30.702,4.944,6.195,1660.115,5.787747657273878,5.789034420949177,5.789034420949177,5.787747657273413,13.153621935192104,13.199047331130792,13.199047331130792,13.153621931259394,0.0,0.0,0.0,0.0,5.688042524325073,5.3226372449450485,5.3226372449450485,5.688042524325073,0.0014815611752731
400.0,206.997,39.235,5.109,3.621,4327.033,5.795329608160894,5.796513334250483,5.796513334250483,5.795329608160679,12.795852652895126,12.905260409362276,12.905260409362276,12.795852661983348,0.0,0.0,0.0,0.0,5.847691897698772,5.495114810903764,5.495114810903764,5.847691897698772,0.000200281432846
400.0,207.339,10.175,3.171,6.104,4083.857,5.621723613339116,5.622796598609743,5.622796598609225,5.621723613338869,17.344408333069442,17.32633361349584,17.326333611913515,17.344408365315722,0.0,0.0,0.0,0.0,5.822411331841967,5.196375985001257,5.196375985001257,5.822411331841967,0.0005775825349972
400.0,207.355,37.214,5.533,4.734,4522.948,5.830822435095252,5.831998861929087,5.831998861929087,5.830822435095252,12.281020821689612,12.278786311807302,12.278786311807302,12.281020821689612,0.0,0.0,0.0,0.0,5.7785563137060905,5.441530537993201,5.441530537993201,5.7785563137060905,0.0003222732663771
400.0,207.884,78.278,3.963,5.565,1535.59,5.706057829191377,5.706573020504109,5.706573020504109,5.706057829191377,15.225952980459596,15.239391772408936,15.239391772408936,15.225952980459596,0.0,0.0,0.0,0.0,5.446841427125278,5.329941169148624,5.329941169148624,5.446841427125278,0.0013287730436454
400.0,207.934,45.999,5.908,3.991,2831.72,5.861372893335624,5.862657241537309,5.862657241537309,5.861372893335624,11.838994836722753,11.742884956999175,11.742884956999175,11.838994836722753,0.0,0.0,0.0,0.0,5.741850765939767,5.41579204776778,5.41579204776778,5.741850765939767,0.0003709583723702
400.0,207.948,10.036,3.098,6.421,3709.286,5.615502203883216,5.616571128950258,5.616571128950258,5.615502203883216,17.589419150306853,17.58143028786392,17.58143028786392,17.589419150306853,0.0,0.0,0.0,0.0,5.781472781686526,5.169055020943157,5.169055020943157,5.781472781686526,0.0007029676846331
400.0,208.211,91.683,3.311,3.129,3922.851,5.636391072817841,5.637043317748391,5.637043317748391,5.636391072817841,17.005989687322998,17.004139387907387,17.004139387907387,17.005989687322998,0.0,0.0,0.0,0.0,5.571060616705856,5.474422263405486,5.474422263405486,5.571060616705856,0.0001760748866891
400.0,208.277,28.131,3.506,2.749,572.101,5.658795748535991,5.6603044791587,5.6603044791587,5.658795748535991,16.35120643483862,16.35299387220323,16.35299387220323,16.35120643483862,0.0,0.0,0.0,0.0,5.4534015439960415,5.1198294540054405,5.1198294540054405,5.4534015439960415,0.000864264771472
400.0,208.324,20.192,4.097,3.051,2073.569,5.706726842726416,5.708184777966185,5.708184777966185,5.706726842726416,15.002344599391062,14.811212648213433,14.811212648213433,15.002344599391062,0.0,0.0,0.0,0.0,5.820132543369762,5.307475832679053,5.307475832679053,5.820132543369762,0.0002918275584536
400.0,208.42,72.309,2.66,4.843,795.053,5.58451124047498,5.585306853275933,5.585306853275933,5.584511240474163,19.020063776293263,18.972228386753,18.972228386753,19.02006377506021,0.0,0.0,0.0,0.0,5.25986357074506,5.13214977342246,5.13214977342246,5.25986357074506,0.0019350466714932
400.0,208.579,96.97,5.416,5.196,4118.774,5.827487536371188,5.828043092042422,5.828043092042422,5.827487536371188,12.539713774299448,12.440106325081624,12.440106325081624,12.539713774299448,0.0,0.0,0.0,0.0,5.446959919792462,5.376389426511407,5.376389426511407,5.446959919792462,0.0004387595092556
400.0,208.713,47.184,6.447,2.88,1983.904,5.901776879931036,5.902802273482063,5.902802273482063,5.901776879931036,11.266802217494632,11.220492019709644,11.220492019709644,11.266802217494632,0.0,0.0,0.0,0.0,5.650803905887279,5.399559975090874,5.399559975090874,5.650803905887279,0.0002811900644117
400.0,209.135,10.933,6.343,3.066,4789.338,5.890207649360283,5.891193679126273,5.891193679126273,5.890207649360283,11.321098325053391,11.328448209619143,11.328448209619143,11.321098325053391,0.0,0.0,0.0,0.0,5.7961373328344665,5.2258281017426045,5.2258281017426045,5.7961373328344665,0.0001259660122805
400.0,209.233,52.784,3.374,4.942,3665.135,5.643174882933259,5.644288817898044,5.644288817898044,5.643174882933259,16.888733125192957,16.850491015792972,16.850491015792972,16.888733125192957,0.0,0.0,0.0,0.0,5.597904767598523,5.377493506927291,5.377493506927291,5.597904767598523,0.0004366462696787
400.0,210.221,96.609,4.537,2.508,2585.411,5.74542263695228,5.745657971302447,5.745657971302447,5.74542263695228,14.06092540254764,14.060510647303683,14.060510647303683,14.06092540254764,0.0,0.0,0.0,0.0,5.479860798586823,5.3975709113624255,5.3975709113624255,5.479860798586823,0.0001764137152748
400.0,210.258,99.078,5.47,6.062,2608.12,5.83638444671962,5.836898663786819,5.836898663786819,5.83638444671962,12.528835310651084,12.531270036020809,12.531270036020809,12.528835310651084,0.0,0.0,0.0,0.0,5.263956034073639,5.193506231686489,5.193506231686489,5.263956034073639,0.000926724026413
400.0,210.382,84.36,6.445,5.392,779.156,5.918395857254356,5.918915446774638,5.918915446774638,5.918395857254356,11.310843487874395,11.309663138977148,11.309663138977148,11.310843487874395,0.0,0.0,0.0,0.0,5.010189999214528,4.937520892563727,4.937520892563727,5.010189999214528,0.0024195093259237
400.0,210.64,14.502,4.261,4.277,902.577,5.726047247269859,5.727392957596301,5.727392957596301,5.726047247269859,14.675439123222487,14.64062236025077,14.64062236025077,14.675439123222487,0.0,0.0,0.0,0.0,5.535794072379339,5.088414379295445,5.088414379295445,5.535794072379339,0.0012912475065308
400.0,210.642,79.177,4.241,2.858,4525.999,5.718219555389558,5.718899495493117,5.718899495493117,5.718219555389558,14.722413062440424,14.724847941601432,14.724847941601432,14.722413062440424,0.0,0.0,0.0,0.0,5.54297942461232,5.421462503504673,5.421462503504673,5.54297942461232,0.0001262441514929
400.0,211.424,94.066,2.615,6.004,1607.821,5.579912167880987,5.580506785015912,5.580506785016714,5.579912167880987,19.35286461820995,19.30436546823904,19.304365468221302,19.35286461820995,0.0,0.0,0.0,0.0,5.140454306478889,5.062013029500401,5.062013029500401,5.140454306478889,0.0014642674663963
400.0,212.007,59.069,3.291,4.454,1015.485,5.638487317506875,5.639408806906661,5.639408806906661,5.638487317506976,17.20335070007405,17.211996967198747,17.211996967198747,17.203350700043078,0.0,0.0,0.0,0.0,5.25612752031645,5.103174746087668,5.103174746087668,5.25612752031645,0.0012750244105124
400.0,212.306,35.478,3.171,4.105,1925.588,5.62042723002534,5.621748371473896,5.621748371473896,5.620427230025059,17.591779218945796,17.58925423529685,17.58925423529685,17.591779218948528,0.0,0.0,0.0,0.0,5.495071358112289,5.200951261297357,5.200951261297357,5.495071358112289,0.0005679678195531
400.0,212.411,82.595,5.237,4.089,4917.87,5.806129806549274,5.8067288084842605,5.8067288084842605,5.806129806549274,12.933252035289131,12.932726025430478,12.932726025430478,12.933252035289131,0.0,0.0,0.0,0.0,5.383755509613718,5.253996380628026,5.253996380628026,5.383755509613718,0.000228109489281
400.0,212.572,75.557,4.886,4.519,3125.937,5.778421996753451,5.7793010979192765,5.7793010979192765,5.778421996753451,13.585405156432186,13.557891634695142,13.557891634695142,13.585405156432186,0.0,0.0,0.0,0.0,5.3718287228945965,5.2397987516897135,5.2397987516897135,5.3718287228945965,0.0004324886918709
400.0,212.703,44.507,4.919,5.802,4627.058,5.782057982930284,5.783187034712026,5.783187034712026,5.782057982930284,13.564150373384892,13.44087445670962,13.44087445670962,13.564150373384892,0.0,0.0,0.0,0.0,5.4694322267619375,5.232133039479201,5.232133039479201,5.4694322267619375,0.0004689336819472
400.0,212.936,86.101,5.73,5.34,2174.297,5.853862474538459,5.854244728153971,5.854244728153971,5.853862474538459,12.240999073443712,12.243639833564446,12.243639833564446,12.240999073443712,0.0,0.0,0.0,0.0,5.1817473294342085,5.097602766642345,5.097602766642345,5.1817473294342085,0.0008582364297912
400.0,213.094,48.831,4.714,4.172,3705.057,5.759943165962604,5.76108879620404,5.761088796203738,5.759943165962604,13.827802686337275,13.82569374291158,13.825693798569423,13.827802686337275,0.0,0.0,0.0,0.0,5.473500329759364,5.257510430645004,5.257510430645004,5.473500329759364,0.0003076854011922
400.0,213.415,76.866,5.492,2.81,3462.809,5.82219359391429,5.822892684365606,5.822892684365606,5.82219359391429,12.551993135249685,12.554405900936178,12.554405900936178,12.551993135249685,0.0,0.0,0.0,0.0,5.395738758108216,5.29449553508906,5.29449553508906,5.395738758108216,0.0001571838698506
400.0,213.561,64.314,3.599,5.278,355.228,5.687138161575217,5.687880450797949,5.687880450797949,5.687138161575217,16.57834448516201,16.57668532900368,16.57668532900368,16.57834448516201,0.0,0.0,0.0,0.0,4.397628741923899,4.320354559669716,4.320354559669716,4.397628741923899,0.0049286029513019
400.0,213.618,40.005,6.229,3.149,3729.617,5.880273232459013,5.88147318332894,5.88147318332894,5.880273232459013,11.633610201596529,11.63376754205822,11.63376754205822,11.633610201596529,0.0,0.0,0.0,0.0,5.546886564016588,5.288551162509683,5.288551162509683,5.546886564016588,0.0001751504350613
400.0,214.055,50.403,2.644,5.14,1933.685,5.572874102352918,5.574098787024972,5.574098787024972,5.572874102352918,19.373494658097226,19.347747561925186,19.347747561925186,19.373494658097226,0.0,0.0,0.0,0.0,5.252110527474208,5.083108989825353,5.083108989825353,5.252110527474208,0.0008831285884329
400.0,214.123,54.846,4.722,4.912,2713.947,5.763962033425934,5.765016597317306,5.765016597317306,5.763962033425934,13.900300033362557,13.897873904947025,13.897873904947025,13.900300033362557,0.0,0.0,0.0,0.0,5.33100757578862,5.155814818365871,5.155814818365871,5.33100757578862,0.0005776710433872
400.0,214.692,48.226,2.672,4.605,1620.044,5.573497835606845,5.574682152114268,5.574682152114268,5.573497835606648,19.21204619731201,19.28769549444429,19.28769549444429,19.21204619527647,0.0,0.0,0.0,0.0,5.232824794715089,5.048360588113924,5.048360588113924,5.232824794715089,0.0008472521194684
400.0,214.787,37.365,6.302,6.271,1403.22,5.901700043162913,5.903009385999538,5.903009385999538,5.901700043162913,11.709958758207732,11.709383159065428,11.709383159065428,11.709958758207732,0.0,0.0,0.0,0.0,5.1760241277991215,4.9332461819125495,4.9332461819125495,5.1760241277991215,0.0017846712790449
400.0,214.866,82.241,4.548,4.184,1611.694,5.74906548284874,5.749421938786809,5.749421938786804,5.74906548284874,14.105088292351224,14.104572039172906,14.104572201855463,14.105088292351224,0.0,0.0,0.0,0.0,5.077865961818166,4.99697923849479,4.99697923849479,5.077865961818166,0.0007169010639417
400.0,214.882,65.421,3.376,3.356,4676.31,5.634812672153285,5.635663849721941,5.635663849721941,5.634812672153787,17.01920336303747,17.024630472680286,17.024630472680286,17.0192033630409,0.0,0.0,0.0,0.0,5.360679093579029,5.2192064084901135,5.2192064084901135,5.360679093579029,0.0001614762557649
400.0,215.088,40.232,4.668,5.042,4783.628,5.756656928044774,5.7579148555823005,5.7579148555823005,5.756656928044774,14.0260575198927,14.02405792743332,14.02405792743332,14.0260575198927,0.0,0.0,0.0,0.0,5.393907304611052,5.1461329378071685,5.1461329378071685,5.393907304611052,0.000342656351032
400.0,215.43,34.785,3.992,4.831,2911.851,5.6962347083671165,5.697508367216355,5.697508367216355,5.6962347083671165,15.442539596695129,15.451380098792066,15.451380098792066,15.442539596695129,0.0,0.0,0.0,0.0,5.364084900634556,5.095157181010113,5.095157181010113,5.364084900634556,0.0005153612724639
400.0,215.497,94.827,5.464,2.831,1798.225,5.819559455428359,5.820015594654317,5.820015594654317,5.819559455428359,12.672694515629631,12.340793929286258,12.340793929286258,12.672694515629631,0.0,0.0,0.0,0.0,5.04145308239968,5.019894514377595,5.019894514377595,5.04145308239968,0.0003066614395485
400.0,215.607,77.199,5.048,3.377,1047.507,5.78925783599245,5.789912202219704,5.789912202219704,5.789257835992206,13.161318621005028,13.160737089402566,13.160737089402566,13.161318620942398,0.0,0.0,0.0,0.0,4.96918994575797,4.887104271194319,4.887104271194319,4.96918994575797,0.0007209710079963
400.0,215.757,11.6,4.184,3.538,891.806,5.712816192330033,5.71416631465878,5.71416631465878,5.7128161923306395,15.075176755634208,15.072160914876534,15.072160914876534,15.075176752733418,0.0,0.0,0.0,0.0,5.271911712338551,4.877592889490839,4.877592889490839,5.271911712338551,0.0008926151196701
400.0,215.856,18.795,5.259,6.406,2881.196,5.811790791439824,5.813197507550566,5.813197507550566,5.811790791439824,13.083099388845758,13.025286947402131,13.025286947402131,13.083099388845758,0.0,0.0,0.0,0.0,5.351149208683513,4.972690235218409,4.972690235218409,5.351149208683513,0.000902397326663
400.0,215.885,46.195,3.871,3.985,1871.264,5.683699324271467,5.68484663723908,5.68484663723908,5.683699324271948,15.720883338767296,15.843771853896838,15.843771853896838,15.720883338764889,0.0,0.0,0.0,0.0,5.2740726016390616,5.048519246903497,5.048519246903497,5.2740726016390616,0.0005519973057572
400.0,216.191,56.223,4.633,3.212,363.105,5.76124034239513,5.761855324335749,5.761855324335749,5.76124034239513,14.222738206735643,14.22247396437148,14.22247396437148,14.222738206735643,0.0,0.0,0.0,0.0,4.403915525170318,4.3135335736517035,4.3135335736517035,4.403915525170318,0.0017989934302782
400.0,216.306,70.566,3.012,3.221,1875.834,5.599658451334388,5.600457129212353,5.600457129212353,5.599658451334388,18.35033211902363,18.272953904794896,18.272953904794896,18.35033211902363,0.0,0.0,0.0,0.0,5.147205591055914,5.046613469989185,5.046613469989185,5.147205591055914,0.000369303672224
400.0,217.044,49.776,2.607,5.138,2447.803,5.566499832543017,5.5676395637613565,5.5676395637613565,5.566499832543017,19.633520906173203,19.599563869979352,19.599563869979352,19.633520906173203,0.0,0.0,0.0,0.0,5.135268833251113,4.965196117747444,4.965196117747444,5.135268833251113,0.0006939640290241
400.0,217.762,32.731,5.117,2.856,1678.29,5.787238696503457,5.7885199237321805,5.7885199237321805,5.787238696503441,13.323102782119085,13.321569282805036,13.321569282805036,13.323102782118465,0.0,0.0,0.0,0.0,5.253519799425128,4.9984555142976,4.9984555142976,5.253519799425128,0.0003166339699395
400.0,218.07,62.411,2.56,4.792,2844.257,5.559795330668097,5.560700778100653,5.560700778100653,5.559795330668097,19.775531096472616,19.842802870866127,19.842802870866127,19.775531096472616,0.0,0.0,0.0,0.0,5.028038141759011,4.901066069324375,4.901066069324375,5.028038141759011,0.0005221176206686
400.0,218.528,83.592,3.191,4.475,3851.03,5.620206958457406,5.620816225363321,5.620816225363321,5.6202069584575725,17.468192001158993,17.72886829663669,17.72886829663669,17.468192158650076,0.0,0.0,0.0,0.0,4.942780212917045,4.834099773860473,4.834099773860473,4.942780212917045,0.0003398808081497
400.0,219.004,86.024,4.845,4.442,4759.882,5.770406771509958,5.7710202201363865,5.7710202201363865,5.770406771509958,13.880300347221302,13.879324532451497,13.879324532451497,13.880300347221302,0.0,0.0,0.0,0.0,4.978952304291064,4.911254046297401,4.911254046297401,4.978952304291064,0.0002709316270659
400.0,219.388,99.33,5.621,3.772,1196.395,5.835702719209505,5.836089949405715,5.836089949405715,5.835702719209505,12.310556703251198,12.317332045245877,12.317332045245877,12.310556703251198,0.0,0.0,0.0,0.0,4.598389722404536,4.562366699711468,4.562366699711468,4.598389722404536,0.0007691814026651
400.0,220.024,66.794,6.257,6.482,4558.402,5.8979041034346285,5.89865946420721,5.89865946420721,5.897904103434944,11.8127242670177,11.803961975370804,11.803961975370804,11.812724282711551,0.0,0.0,0.0,0.0,4.835709033671457,4.7385083755611594,4.7385083755611594,4.835709033671457,0.000586515796188
400.0,220.072,71.003,5.712,6.164,679.068,5.865589549535454,5.866250462024411,5.866250462024411,5.865589549535454,12.666878681971555,12.66339849113729,12.66339849113729,12.666878681971555,0.0,0.0,0.0,0.0,4.359038054292872,4.294005327494945,4.294005327494945,4.359038054292872,0.0035018576194751
400.0,220.369,93.392,2.701,6.042,359.797,5.605348416881457,5.605781710831546,5.605781710831546,5.605348416881457,19.57168716403739,19.570439864940283,19.570439864940283,19.57168716403739,0.0,0.0,0.0,0.0,3.639601440975052,3.616382788067094,3.616382788067094,3.639601440975052,0.0061246176240479
400.0,220.436,51.296,5.357,6.441,2975.634,5.82407030183749,5.825077233832905,5.825077233832905,5.824070301837333,13.08765162076354,12.842998756146638,12.842998756146638,13.087651620765248,0.0,0.0,0.0,0.0,4.839494402168578,4.737354674252055,4.737354674252055,4.839494402168578,0.000885869364846
400.0,220.508,95.571,5.909,3.653,3869.18,5.8540509365651685,5.854203012098703,5.854203012098703,5.8540509365651685,12.316001173130347,12.317455363117713,12.317455363117713,12.316001173130347,0.0,0.0,0.0,0.0,4.868131837104631,4.821533375530706,4.821533375530706,4.868131837104631,0.0002267606226771
400.0,220.774,81.558,5.447,3.526,4238.03,5.81473651743982,5.815306181793424,5.815306181793424,5.81473651743981,12.902486812569116,12.65990376114586,12.65990376114586,12.902486812570816,0.0,0.0,0.0,0.0,4.835788842889908,4.818996486555736,4.818996486555736,4.835788842889908,0.000192900964554
400.0,220.82,59.451,4.766,5.757,4787.458,5.768592032244033,5.769527681064775,5.769527681064775,5.768592032244033,13.933688754382066,14.141053971331347,14.141053971331347,13.933688754382066,0.0,0.0,0.0,0.0,4.896021271315834,4.802260100044797,4.802260100044797,4.896021271315834,0.0004422309579449
400.0,221.128,77.437,3.042,2.852,4615.23,5.59352014660352,5.5942018183893385,5.5942018183893385,5.59352014660352,18.29633598332385,18.268409620501195,18.268409620501195,18.29633598332385,0.0,0.0,0.0,0.0,4.9342452270197255,4.856012846802589,4.856012846802589,4.9342452270197255,0.0001179523094347
400.0,221.314,32.72,2.961,5.163,1210.283,5.6017113662175815,5.603077268640706,5.603077268640706,5.6017113662175815,18.600251763906744,18.59712514684041,18.59712514684041,18.600251763906744,0.0,0.0,0.0,0.0,4.79689733248576,4.586428399206767,4.586428399206767,4.79689733248576,0.0013965060651334
400.0,221.612,55.425,4.756,2.703,3054.688,5.750596951397712,5.751570624966668,5.751570624966668,5.750596951397712,14.10209386708606,14.100227750425168,14.100227750425168,14.10209386708606,0.0,0.0,0.0,0.0,4.9977862163050375,4.8618281312783935,4.8618281312783935,4.9977862163050375,0.0001578863918606
400.0,221.647,22.027,5.815,3.803,1969.976,5.845461161407046,5.846806803289526,5.846806803289526,5.845461161407046,12.458343482872028,12.457703713385822,12.457703713385822,12.458343482872028,0.0,0.0,0.0,0.0,5.057149239884136,4.779692904789557,4.779692904789557,5.057149239884136,0.0004677932759346
400.0,222.246,83.954,3.482,3.787,1309.146,5.643414349475143,5.643937006265078,5.643937006265078,5.643414349475143,17.028615166264885,17.026688883288145,17.026688883288145,17.028615166264885,0.0,0.0,0.0,0.0,4.575370449325165,4.521627728414814,4.521627728414814,4.575370449325165,0.0007046027151685
400.0,223.031,47.235,4.598,4.254,3173.082,5.743888646097624,5.744766415216008,5.744766415216008,5.743888646097624,14.510233014144118,14.51040342216683,14.51040342216683,14.510233014144118,0.0,0.0,0.0,0.0,4.886852881816012,4.733880752457287,4.733880752457287,4.886852881816012,0.0003651857195555
400.0,224.168,62.313,4.909,5.853,3659.865,5.781777710129135,5.782620438467442,5.782620438467442,5.781777710129135,14.051860785874412,14.050532192567887,14.050532192567887,14.051860785874412,0.0,0.0,0.0,0.0,4.64180983532878,4.546383886953214,4.546383886953214,4.64180983532878,0.0005924587138203
400.0,224.522,44.875,4.048,4.441,3456.959,5.694092827544207,5.695206976384064,5.695206976384064,5.694092827544207,15.782478650966445,15.812546575283967,15.812546575283967,15.782478650966445,0.0,0.0,0.0,0.0,4.801049715217386,4.634953558458905,4.634953558458905,4.801049715217386,0.0003637519208958
400.0,225.682,28.298,3.267,6.034,4747.529,5.629224400008656,5.630604248173525,5.630604248173525,5.629224400008656,17.894340739809138,17.891043626950964,17.891043626950964,17.894340739809138,0.0,0.0,0.0,0.0,4.737732678700043,4.5183980258775325,4.5183980258775325,4.737732678700043,0.0004841088120606
400.0,226.048,82.608,5.188,4.566,977.828,5.80162220137796,5.802194804158184,5.802194804158184,5.80162220137796,13.540501960860404,13.536888709068943,13.536888709068943,13.540501960860404,0.0,0.0,0.0,0.0,4.121768836211308,4.083005047782123,4.083005047782123,4.121768836211308,0.0013250591634756
400.0,226.109,61.771,2.816,4.617,1528.43,5.5804265313369354,5.581292366216145,5.581292366216145,5.5804265313369354,19.14799002213371,19.071572912579985,19.071572912579985,19.14799002213371,0.0,0.0,0.0,0.0,4.383041562681649,4.292672227555071,4.292672227555071,4.383041562681649,0.0008785035275026
400.0,226.122,77.282,2.647,4.411,3786.757,5.559777454155605,5.560360906431161,5.560360906431161,5.559777454155605,19.71492339376443,19.739426942951283,19.739426942951283,19.71492339376443,0.0,0.0,0.0,0.0,4.44894202878841,4.399681855129692,4.399681855129692,4.44894202878841,0.0003260834751689
400.0,226.383,98.558,5.465,3.765,3447.727,5.813350064559884,5.813747756035419,5.813747756035419,5.813350064559884,12.568139158073942,13.027313299044303,13.027313299044303,12.568139158073942,0.0,0.0,0.0,0.0,4.3030239490187405,4.332825178262091,4.332825178262091,4.3030239490187405,0.0002611283236974
400.0,226.549,94.528,3.069,4.377,542.876,5.611205561013133,5.611503760558144,5.611503760558144,5.611205561013133,18.402656268141616,18.400440419732256,18.400440419732256,18.402656268141616,0.0,0.0,0.0,0.0,3.6771189243823215,3.655837068204492,3.655837068204492,3.6771189243823215,0.0021277327382646
400.0,227.193,75.576,3.185,2.965,1420.481,5.602449337747503,5.603005966739793,5.603005966739793,5.602449337747233,18.14517378976255,18.111853334544655,18.111853334544655,18.145173789936123,0.0,0.0,0.0,0.0,4.32987317417208,4.275926032254085,4.275926032254085,4.32987317417208,0.0003945760485854
400.0,227.413,97.622,2.803,3.427,2989.452,5.566731889817159,5.567051388063737,5.567051388063737,5.566731889817159,18.542177795692265,19.10804291663452,19.10804291663452,18.542177795692265,0.0,0.0,0.0,0.0,4.126844198048483,4.254318676075828,4.254318676075828,4.126844198048483,0.0002502809676245
400.0,227.927,20.303,4.563,3.024,1813.983,5.72903131121554,5.730463716891172,5.730463716891172,5.72903131121554,14.747955053984862,14.745805333094273,14.745805333094273,14.747955053984862,0.0,0.0,0.0,0.0,4.673141855150512,4.4305056924751645,4.4305056924751645,4.673141855150512,0.0003200015323605
400.0,228.328,49.724,2.784,3.105,1733.245,5.5621642276073295,5.563060736174771,5.563060736174771,5.5621642276073295,19.21330472381983,19.21985563193908,19.21985563193908,19.21330472381983,0.0,0.0,0.0,0.0,4.4011528656576,4.28843360552224,4.28843360552224,4.4011528656576,0.0003527946794197
400.0,229.25,52.583,3.486,5.329,2437.386,5.646771015001505,5.647640137571537,5.647640137571537,5.646771015001007,17.441682636147682,17.439679464274537,17.439679464274537,17.441682636172263,0.0,0.0,0.0,0.0,4.294746468287084,4.197510332992116,4.197510332992116,4.294746468287084,0.0007296943145156
400.0,229.59,95.721,5.523,5.951,1032.731,5.841770451010335,5.842340590759813,5.842340590759813,5.841770451010335,13.120133152226831,13.172410120205374,13.172410120205374,13.120133152226831,0.0,0.0,0.0,0.0,3.6858098927290968,3.670986135618639,3.670986135618639,3.6858098927290968,0.0020718650651738
400.0,229.805,24.04,6.441,5.691,4995.728,5.903272450046376,5.904797623046936,5.904797623046936,5.903272450046376,12.013743374143418,12.01190144826845,12.01190144826845,12.013743374143418,0.0,0.0,0.0,0.0,4.431338431569737,4.2409741637114085,4.2409741637114085,4.431338431569737,0.0004070280687375
400.0,230.147,83.71,5.798,3.821,553.728,5.84652922310066,5.846787349097854,5.846787349097854,5.84652922310066,12.702795275713378,12.69811134677348,12.69811134677348,12.702795275713378,0.0,0.0,0.0,0.0,3.4575169649440887,3.4348021779465454,3.4348021779465454,3.4575169649440887,0.0015620158501634
400.0,230.82,12.633,4.06,3.673,1090.86,5.687513652215973,5.688878502801678,5.688878502801678,5.687513652215973,15.946583065404576,15.947845072769937,15.947845072769937,15.946583065404576,0.0,0.0,0.0,0.0,4.305218743801881,4.080664640287778,4.080664640287778,4.305218743801881,0.0007768721470652
400.0,231.195,64.407,3.47,2.604,4999.024,5.619718730558243,5.620268129314008,5.620268129314008,5.619718730558243,17.4338083615005,17.433429088710835,17.433429088710835,17.4338083615005,0.0,0.0,0.0,0.0,4.3371044610188605,4.266474554585068,4.266474554585068,4.3371044610188605,8.66118891198093e-05
400.0,231.536,90.534,4.64,4.662,2217.627,5.746581324224225,5.746924624866313,5.746924624866313,5.746581324224225,14.63423708622163,14.641998864199756,14.641998864199756,14.63423708622163,0.0,0.0,0.0,0.0,3.899876491934372,3.8722079681026087,3.8722079681026087,3.899876491934372,0.0006011154820043
400.0,232.634,30.217,4.76,3.474,736.672,5.749991141652516,5.751237559399608,5.751237559399608,5.749991141652516,14.541115694364098,14.534772170454373,14.534772170454373,14.541115694364098,0.0,0.0,0.0,0.0,3.8431832901600473,3.725410255884028,3.725410255884028,3.8431832901600473,0.0010155447270185
400.0,232.857,79.471,5.935,3.794,4973.848,5.84580687926442,5.846278408963104,5.846278408963104,5.84580687926442,12.658961336857985,12.647684021815206,12.647684021815206,12.658961336857985,0.0,0.0,0.0,0.0,4.014223848704531,3.976724953269476,3.976724953269476,4.014223848704531,0.0001786956646679
400.0,232.936,81.924,5.511,5.938,2081.757,5.83471909132609,5.835022658115364,5.835022658115364,5.83471909132609,13.444544952087115,13.395569426831084,13.395569426831084,13.444544952087115,0.0,0.0,0.0,0.0,3.7407449988856714,3.708512674841544,3.708512674841544,3.7407449988856714,0.0010299438725871
400.0,233.628,88.324,4.254,6.087,3614.404,5.723720429869513,5.724096217961288,5.724096217961288,5.723720429869513,15.457968955319672,15.752437158231226,15.752437158231226,15.457968955319672,0.0,0.0,0.0,0.0,3.7181150461417065,3.728895352740604,3.728895352740604,3.7181150461417065,0.0006235156407322
400.0,233.655,26.4,5.629,4.479,2940.059,5.8265911172499605,5.827906700399969,5.827906700399969,5.8265911172499605,13.145576321990864,13.12826577699516,13.12826577699661,13.145576321990864,0.0,0.0,0.0,0.0,4.184591524580824,4.024468681711169,4.024468681711169,4.184591524580824,0.0004267896192153
400.0,233.792,30.21,4.843,5.404,4159.943,5.766830603452119,5.768176093926759,5.768176093926759,5.766830603452119,14.418273724151502,14.450360501853192,14.450360501853192,14.418273724151502,0.0,0.0,0.0,0.0,4.130486888774828,3.9869328098796566,3.9869328098796566,4.130486888774828,0.0004384521138164
400.0,233.94,15.399,3.702,6.013,886.543,5.676836907456195,5.6783015872877245,5.6783015872877245,5.676836907456195,17.168412615350135,17.167326978685566,17.167326978685566,17.168412615350135,0.0,0.0,0.0,0.0,3.782023122537868,3.629844624142456,3.629844624142456,3.782023122537868,0.0025433789016771
400.0,233.962,40.923,4.148,5.364,3925.779,5.704466613441251,5.70553573489788,5.70553573489788,5.704466613440808,16.05949536194108,16.055664270284883,16.055664270284883,16.059495361963826,0.0,0.0,0.0,0.0,4.073837803340981,3.957888779897056,3.957888779897056,4.073837803340981,0.000456294555053
400.0,234.217,64.279,3.088,5.318,914.812,5.611651169009896,5.612302724415984,5.612302724415984,5.611651169009896,18.769839571147365,18.76748431105879,18.76748431105879,18.769839571147365,0.0,0.0,0.0,0.0,3.5098442925136517,3.4650987798535287,3.4650987798535287,3.5098442925136517,0.0018701215945993
400.0,234.339,82.587,3.084,5.538,2273.432,5.608465684937455,5.608878339306171,5.608878339306171,5.608465684937455,18.65132764006473,18.784721612892437,18.784721612892437,18.65132764006473,0.0,0.0,0.0,0.0,3.6756586849359576,3.66061017615868,3.66061017615868,3.6756586849359576,0.0008181872679136
400.0,234.347,91.171,2.931,5.619,2009.881,5.5949904241033455,5.595390822989321,5.595390822989321,5.594990424103648,19.247816985102517,19.24685556327088,19.24685556327088,19.24781698509516,0.0,0.0,0.0,0.0,3.5971002069116564,3.573614738984213,3.573614738984213,3.5971002069116564,0.0009458608248593
400.0,234.572,38.169,5.141,5.336,2303.154,5.794110593831166,5.795249000139387,5.795249000139387,5.794110593831166,14.03102446206138,14.024738240221597,14.024738240221597,14.03102446206138,0.0,0.0,0.0,0.0,3.9450063523734302,3.8351097095094975,3.8351097095094975,3.9450063523734302,0.000767264917471
400.0,234.646,50.824,4.423,3.023,2052.165,5.708834194519057,5.7093966269680845,5.7093966269680845,5.708834194519057,15.364303096825084,15.364694613330515,15.364694613330515,15.364303096825084,0.0,0.0,0.0,0.0,3.9936774827228834,3.9128295958232417,3.9128295958232417,3.9936774827228834,0.0002762172364408
400.0,234.692,66.246,6.379,5.525,3454.931,5.898782312443768,5.899531071586524,5.899531071586524,5.898782312443768,12.241402480188995,12.239727801824184,12.239727801824184,12.241402480188995,0.0,0.0,0.0,0.0,3.738598056022591,3.69451828129984,3.69451828129984,3.738598056022591,0.0005394760797351
400.0,234.717,33.912,3.09,5.141,1356.618,5.60565974928487,5.6068641520392655,5.6068641520392655,5.60565974928487,18.724564349188014,18.7379145718364,18.7379145718364,18.724564349188014,0.0,0.0,0.0,0.0,3.8147077831177336,3.7010630001278897,3.7010630001278897,3.8147077831177336,0.0012079916185388
400.0,235.36,27.277,4.819,6.467,4010.366,5.774759717411404,5.775920691847893,5.775920691847893,5.774759717411404,14.52801270109506,14.525518479036746,14.525518479036746,14.52801270109506,0.0,0.0,0.0,0.0,3.972069676513768,3.791353353245182,3.791353353245182,3.972069676513768,0.0006499462815346
400.0,235.373,19.346,3.21,3.023,1769.971,5.594552185046643,5.595986190123512,5.595986190123512,5.594552185046643,18.341641409657083,18.33287819924838,18.33287819924838,18.341641409657083,0.0,0.0,0.0,0.0,4.060489150015878,3.8929675992639825,3.8929675992639825,4.060489150015878,0.000323498923561
400.0,235.391,56.423,5.425,5.297,2923.61,5.817494026031612,5.818135324105944,5.818135324105944,5.817494026031612,13.528621237642604,13.518925739541633,13.518925739541633,13.528621237642604,0.0,0.0,0.0,0.0,3.815181840340793,3.713053237960216,3.713053237960216,3.815181840340793,0.0005891139023265
400.0,235.497,43.81,5.623,3.226,1577.795,5.814845271084502,5.815804949134313,5.815804949134313,5.814845271084502,13.076877795685164,13.066902679345572,13.066902679345572,13.076877795685164,0.0,0.0,0.0,0.0,3.8668716579030873,3.779261580355041,3.779261580355041,3.8668716579030873,0.0004063555113454
400.0,235.75,90.302,5.026,6.343,4371.046,5.794213240414027,5.794621283485796,5.794621283485796,5.794213240414027,14.268701882463628,14.278924524337471,14.278924524337471,14.268701882463628,0.0,0.0,0.0,0.0,3.564695964979627,3.542219471881704,3.542219471881704,3.564695964979627,0.0005540182221957
400.0,235.982,73.989,3.821,4.665,4056.823,5.666552977871496,5.6671046825963165,5.6671046825963165,5.666552977871496,16.82340102111988,16.82250367688666,16.82250367688666,16.82340102111988,0.0,0.0,0.0,0.0,3.7775857525861256,3.739548011360956,3.739548011360956,3.7775857525861256,0.000326818412943
400.0,236.281,34.128,6.375,6.106,3061.181,5.903841267071513,5.904655791635517,5.904655791635517,5.903841267071588,12.32680130330087,12.327139420933854,12.327139420933854,12.326801303303318,0.0,0.0,0.0,0.0,3.775979066523541,3.6698006391959033,3.6698006391959033,3.775979066523541,0.000754032945684
400.0,236.289,87.944,5.423,6.356,3631.693,5.8290256647019385,5.829321610378028,5.829321610378028,5.829025664702623,13.610575706503663,13.643064663803967,13.643064663803967,13.610575706879787,0.0,0.0,0.0,0.0,3.4936453055716,3.4692699098266324,3.4692699098266324,3.4936453055716,0.0006672913999967
400.0,236.394,42.159,6.36,5.816,4109.537,5.89902275069788,5.8996772133282205,5.8996772133282205,5.89902275069788,12.329344782686247,12.329656735049854,12.329656735049854,12.329344782686247,0.0,0.0,0.0,0.0,3.7797197342434448,3.691521906542437,3.691521906542437,3.7797197342434448,0.0005077054240217
400.0,236.447,24.214,6.137,4.176,1529.137,5.866306056850763,5.867498559527265,5.867498559527265,5.866306056850763,12.447497630429645,12.530074764464276,12.530074764464276,12.447497630429645,0.0,0.0,0.0,0.0,3.8077369192135593,3.6665940815735514,3.6665940815735514,3.8077369192135593,0.0007081045600758
400.0,236.83,52.689,3.551,3.223,4400.319,5.625708999693408,5.6264639261129625,5.6264639261129625,5.625708999693408,17.427890052969108,17.4164083979689,17.4164083979689,17.427890052969108,0.0,0.0,0.0,0.0,3.9116844758559206,3.839584975689687,3.839584975689687,3.9116844758559206,0.0001457718493753
400.0,236.955,73.086,3.516,4.367,3649.062,5.634005657857416,5.634550906912949,5.634550906912949,5.634005657857416,17.616962251307413,17.61615417427644,17.61615417427644,17.616962251307413,0.0,0.0,0.0,0.0,3.706170632430139,3.669011017037191,3.669011017037191,3.706170632430139,0.0003171241651214
400.0,237.01,73.397,3.605,3.397,2220.261,5.633151766724414,5.633574284192217,5.633574284192217,5.633151766724414,17.33837476746624,17.337997213056234,17.337997213056234,17.33837476746624,0.0,0.0,0.0,0.0,3.686323080869749,3.6511790186244415,3.6511790186244415,3.686323080869749,0.0003145101137654
400.0,237.238,40.842,3.278,5.405,4358.451,5.621044005075104,5.622136516642463,5.622136516642438,5.621044005075104,18.25608470571627,18.2773850564432,18.27738505859352,18.25608470571627,0.0,0.0,0.0,0.0,3.780503379860921,3.698973698482217,3.698973698482217,3.780503379860921,0.0004142790671622
400.0,237.793,10.003,3.211,2.58,4002.883,5.586125369142308,5.587433306770467,5.587433306770467,5.5861253691425246,18.398059287231735,18.39435466340776,18.39435466340776,18.398059287224378,0.0,0.0,0.0,0.0,4.126399774134944,3.907471803879072,3.907471803879072,4.126399774134944,0.0001043907623444
400.0,237.836,93.003,6.245,5.869,4810.497,5.89060135559454,5.890673917706278,5.890673917706278,5.89060135559454,12.549154606766743,12.549927695123174,12.549927695123174,12.549154606766743,0.0,0.0,0.0,0.0,3.36150729168722,3.343669131727942,3.343669131727942,3.36150729168722,0.0004239574976955
400.0,238.381,68.534,4.085,6.47,1633.049,5.713627322823611,5.714283240717326,5.714283240717326,5.713627322823611,16.26283529331408,16.261980540691148,16.261980540691148,16.26283529331408,0.0,0.0,0.0,0.0,3.2882784336570623,3.2504249672732555,3.2504249672732555,3.2882784336570623,0.0015387465700471
400.0,238.498,80.58,2.769,3.114,3088.46,5.5459309943036015,5.546299676668086,5.546299676668086,5.5459309943036015,19.73748354401011,19.736508256998626,19.736508256998626,19.73748354401011,0.0,0.0,0.0,0.0,3.5556604798564693,3.5286967715109334,3.5286967715109334,3.5556604798564693,0.0001883319343274
400.0,238.968,58.034,2.89,6.116,3506.492,5.591426585564262,5.592137337406325,5.592137337406325,5.591426585563592,19.575790603337904,19.57419345193716,19.57419345193716,19.575790602931068,0.0,0.0,0.0,0.0,3.473334609535459,3.42073977328914,3.42073977328914,3.473334609535459,0.0006481747360438
400.0,239.355,93.515,3.054,5.5,1854.823,5.602365756472819,5.602676437103177,5.602676437103177,5.602365756472819,19.072529324099648,18.86855962853905,18.86855962853905,19.072529324099648,0.0,0.0,0.0,0.0,3.15017744185854,3.104700434072259,3.104700434072259,3.15017744185854,0.0009521280369149
400.0,239.692,58.433,3.973,6.13,4117.204,5.69461135878988,5.695239275641513,5.695239275641513,5.69461135878988,16.417987554717055,16.40371200353569,16.40371200353569,16.417987554717055,0.0,0.0,0.0,0.0,3.421610833120592,3.3688179367114235,3.3688179367114235,3.421610833120592,0.0005538927395773
400.0,240.224,98.39,5.202,3.08,4484.126,5.767973753849511,5.768421494414764,5.768421494414764,5.767973753849511,13.959691931175604,13.978679908900135,13.978679908900135,13.959691931175604,0.0,0.0,0.0,0.0,3.362089309905812,3.349646905899092,3.349646905899092,3.362089309905812,0.0001243145935411
400.0,240.598,22.648,5.417,5.094,4772.322,5.810142479813224,5.811419094576183,5.811419094576183,5.810142479813224,13.694304810967724,13.702521133272183,13.702521133272183,13.694304810967724,0.0,0.0,0.0,0.0,3.647034773520916,3.533503322827489,3.533503322827489,3.647034773520916,0.0003371655506449
400.0,240.685,94.63,5.976,3.03,2563.114,5.832701889345614,5.832891984034059,5.832891984034059,5.832701889347409,12.66213701259256,12.661397306660657,12.661397306660657,12.662136987255918,0.0,0.0,0.0,0.0,3.1829286372448617,3.1699015671852946,3.1699015671852946,3.1829286372448617,0.0002076102421417
400.0,240.781,61.025,2.973,4.609,3550.641,5.580598334044755,5.58127991123096,5.581279911230854,5.580598334044755,19.280620392962827,19.27804175676305,19.278041756771547,19.280620392962827,0.0,0.0,0.0,0.0,3.3986725730117016,3.3531079353320883,3.3531079353320883,3.3986725730117016,0.0003594993996153
400.0,240.989,37.825,6.362,5.967,4069.538,5.900271970989542,5.900740472299888,5.900740472299888,5.900271970989542,12.526270259490037,12.528000514257444,12.528000514257444,12.526270259490037,0.0,0.0,0.0,0.0,3.4024064250003008,3.3242791760085826,3.3242791760085826,3.4024064250003008,0.0005355908581799
400.0,241.212,30.133,2.621,4.071,1062.569,5.543273626257227,5.544452828998424,5.544452828998424,5.543273626257227,20.41267972307544,20.410661653310065,20.410661653310065,20.41267972307544,0.0,0.0,0.0,0.0,3.260858606158295,3.1757189533663617,3.1757189533663617,3.260858606158295,0.0009515917651077
400.0,241.313,59.478,4.834,5.876,2735.828,5.770332361575303,5.770971100360938,5.770971100360938,5.770332361575303,14.90555722653883,14.711046435016236,14.711046435016236,14.90555722653883,0.0,0.0,0.0,0.0,3.245730541999813,3.161063247114427,3.161063247114427,3.245730541999813,0.0007580919463661
400.0,241.55,34.383,3.026,4.613,4835.237,5.584512313249382,5.585667663574549,5.585667663574549,5.584512313249382,19.10426862535461,19.15141027918434,19.15141027918434,19.10426862535461,0.0,0.0,0.0,0.0,3.522339806236924,3.431196470611705,3.431196470611705,3.522339806236924,0.0002703711943845
400.0,241.697,82.057,2.633,2.57,378.543,5.527470623722199,5.527692476214732,5.527692476214732,5.527470623722199,20.30153830624721,20.26303156874577,20.26303156874577,20.30153830624721,0.0,0.0,0.0,0.0,2.1686062645465665,2.1605801124790016,2.1605801124790016,2.1686062645465665,0.0008958869567404
400.0,242.824,30.34,2.606,6.011,3081.979,5.55978095126468,5.561017751353013,5.561017751353013,5.55978095126468,20.611447169523743,20.6088997006536,20.6088997006536,20.611447169523743,0.0,0.0,0.0,0.0,3.2791791431843698,3.191861927196467,3.191861927196467,3.2791791431843698,0.0007202297471753
400.0,242.978,14.191,5.278,5.035,3737.501,5.796582779792588,5.797923858570251,5.797923858570251,5.796582779792588,14.117810318738456,14.12708536973369,14.12708536973369,14.117810318738456,0.0,0.0,0.0,0.0,3.4492858717683235,3.370700565316559,3.370700565316559,3.4492858717683235,0.0004213375034575
400.0,243.74,25.633,6.277,5.199,4882.161,5.882006354599097,5.883155028424161,5.883155028424161,5.882006354599097,12.70410927073571,12.692210706816162,12.692210706816162,12.70410927073571,0.0,0.0,0.0,0.0,3.319166403016849,3.224387444076882,3.224387444076882,3.319166403016849,0.0003405056503555
400.0,243.825,72.152,5.469,3.791,3987.821,5.796640553709889,5.797206745937367,5.797206745937367,5.796640553709889,13.559299882328151,13.558263646983187,13.558263646983187,13.559299882328151,0.0,0.0,0.0,0.0,3.100497462600776,3.0863391919644765,3.0863391919644765,3.100497462600776,0.000209862275395
400.0,244.301,26.098,4.239,3.183,2439.293,5.681976049182944,5.683243532987968,5.683243532987968,5.681976049182944,16.096947291266034,16.09396886964045,16.09396886964045,16.096947291266034,0.0,0.0,0.0,0.0,3.3737204522449136,3.273756774605329,3.273756774605329,3.3737204522449136,0.0002540620762563
400.0,244.546,53.672,3.023,3.126,3684.435,5.563781216773608,5.564518212059126,5.564518212059556,5.563781216773608,19.178597514422293,19.17778653365083,19.17778653369323,19.178597514422293,0.0,0.0,0.0,0.0,3.2345894928585297,3.1847328753307824,3.1847328753307824,3.2345894928585297,0.0001571163071352
400.0,244.633,31.66,4.045,5.73,1448.733,5.697936286704876,5.699042818897699,5.699042818897699,5.697936286704876,16.70162476896914,16.52974934246243,16.52974934246243,16.70162476896914,0.0,0.0,0.0,0.0,2.9977713647982926,2.8994990333235555,2.8994990333235555,2.9977713647982926,0.0013799303529225
400.0,245.519,49.308,3.607,3.997,1450.429,5.632777180684455,5.633439710168159,5.633439710168159,5.632777180684455,17.660934082231144,17.64200756854719,17.64200756854719,17.660934082231144,0.0,0.0,0.0,0.0,2.9305738108394848,2.8844220037212263,2.8844220037212263,2.9305738108394848,0.0006490215399427
400.0,245.632,73.321,2.959,3.755,836.119,5.5677097874493535,5.568081559520759,5.568081559520759,5.567709787449205,19.417188051630266,19.44383080325669,19.44383080325669,19.41718805359609,0.0,0.0,0.0,0.0,2.4972152335923288,2.488032953935028,2.488032953935028,2.4972152335923288,0.0009333182422608
400.0,245.825,53.878,5.12,3.524,4754.046,5.761723565794996,5.762260969379944,5.762260969379944,5.761723565794996,14.201817347078416,14.350702113405198,14.350702113405198,14.201817347078416,0.0,0.0,0.0,0.0,3.1018231900544446,3.102763385404221,3.102763385404221,3.1018231900544446,0.0001539845732933
400.0,245.879,99.464,3.431,3.977,3763.868,5.610305250554532,5.610505080941635,5.610505080941635,5.610305250554532,18.012049685168787,18.01053877415291,18.01053877415291,18.012049685168787,0.0,0.0,0.0,0.0,2.760470373681091,2.7521447893410707,2.7521447893410707,2.760470373681091,0.0002337898021503
400.0,246.004,43.024,4.642,4.169,2798.775,5.728561011278717,5.729227837491705,5.729227837491705,5.728561011278305,15.24973301008716,15.242901666425093,15.242901666425093,15.24973301008769,0.0,0.0,0.0,0.0,3.079241524693519,3.0216024863342037,3.0216024863342037,3.079241524693519,0.0003714757915465
400.0,247.009,82.54,2.6,6.152,3500.34,5.55897435939222,5.559294798905253,5.559294798905253,5.55897435939222,20.323878778824103,20.330364097973163,20.330364097973163,20.323878778824103,0.0,0.0,0.0,0.0,2.5042746261417728,2.490079520942577,2.490079520942577,2.5042746261417728,0.0006172915036324
400.0,247.012,46.84,3.885,3.942,4378.793,5.653947729931458,5.654798444650309,5.654798444650309,5.653947729931259,16.892664101448684,16.902292710220372,16.902292710220372,16.892664100948465,0.0,0.0,0.0,0.0,3.033868404836878,2.985540870828952,2.985540870828952,3.033868404836878,0.0002107729444307
400.0,247.021,24.084,4.452,5.939,304.365,5.762954799858224,5.7641697068683735,5.7641697068683735,5.762954799858224,16.005536502588285,15.99244377530846,15.99244377530846,16.005536502588285,0.0,0.0,0.0,0.0,1.5665152990093882,1.562602708626566,1.562602708626566,1.5665152990093882,0.0068471688934071
400.0,247.224,79.918,4.437,5.871,3885.179,5.730385519961338,5.7307557783368335,5.7307557783368335,5.730385519961338,15.860141594877954,15.854304237150552,15.854304237150552,15.860141594877954,0.0,0.0,0.0,0.0,2.674243986721456,2.659704693105868,2.659704693105868,2.674243986721456,0.0005080752757718
400.0,247.234,74.659,5.793,4.814,4773.348,5.83422492560772,5.834579090003291,5.834579090003291,5.83422492560772,13.33609608875184,13.33621991838192,13.33621991838192,13.33609608875184,0.0,0.0,0.0,0.0,2.7668918649082697,2.7489724774615727,2.7489724774615727,2.7668918649082697,0.0002773019385842
400.0,248.695,99.728,4.723,3.706,4484.244,5.7225975255293084,5.722723969423422,5.722723969423422,5.7225975255293084,15.096247577974635,15.094113017593722,15.094113017593722,15.096247577974635,0.0,0.0,0.0,0.0,2.584610465052604,2.5778116014070527,2.5778116014070527,2.584610465052604,0.0001660363833924
400.0,249.037,52.933,2.596,3.439,3739.217,5.519307199538301,5.519951534172525,5.519951534172525,5.519307199538301,19.95241897699992,20.57949583592245,20.57949583592245,19.95241897699992,0.0,0.0,0.0,0.0,2.692763227058873,2.744841193334288,2.744841193334288,2.692763227058873,0.0001825404194346
400.0,249.245,93.619,4.872,2.664,4816.164,5.72083503149039,5.720975615543726,5.720975615543726,5.72083503149039,14.653127952093447,14.654390233157436,14.654390233157436,14.653127952093447,0.0,0.0,0.0,0.0,2.652318422411128,2.6447020902862577,2.6447020902862577,2.652318422411128,8.021544229873615e-05
400.0,249.406,75.859,4.183,3.861,3657.941,5.676827760100673,5.6770416692769405,5.6770416692769405,5.676827760100673,16.38146563923573,16.379396738427847,16.379396738427847,16.38146563923573,0.0,0.0,0.0,0.0,2.6486894248693176,2.634449479484568,2.634449479484568,2.6486894248693176,0.0002277474853097
400.0,249.58,36.406,2.62,3.722,2134.797,5.526832613749863,5.527821890973484,5.527821890973484,5.526832613749868,20.530381620978368,20.519686340074337,20.519686340074337,20.53038162099069,0.0,0.0,0.0,0.0,2.71210263174205,2.6590036159122787,2.6590036159122787,2.71210263174205,0.0003842081337753
400.0,249.605,78.481,4.294,5.223,1572.575,5.708963422227328,5.709224316356803,5.709224316356803,5.7089634222281855,16.220607791891037,16.222053346603303,16.222053346603303,16.22060780169881,0.0,0.0,0.0,0.0,2.3613747058968397,2.3505650643674025,2.3505650643674025,2.3613747058968397,0.0009618208906814
400.0,249.692,85.705,5.62,3.34,2633.294,5.796036329984472,5.796157155490585,5.796157155490585,5.796036329984472,13.635890150674191,13.636185053730118,13.636185053730118,13.635890150674191,0.0,0.0,0.0,0.0,2.5209021391237645,2.51362530706053,2.51362530706053,2.5209021391237645,0.0002284350884269
400.0,249.787,28.938,4.509,4.558,1999.17,5.719732702371383,5.720748719704791,5.720748719704791,5.719732702371383,15.75831497809342,15.757974563796338,15.757974563796338,15.75831497809342,0.0,0.0,0.0,0.0,2.748795290588065,2.6923364849830427,2.6923364849830427,2.748795290588065,0.0006260552520312
400.0,249.863,18.18,3.32,5.002,4181.602,5.612054270721847,5.613484470247819,5.613484470247819,5.612054270722116,18.58458473919285,18.57604557259196,18.57604557259196,18.584584772980644,0.0,0.0,0.0,0.0,2.7379242946883555,2.723379117816503,2.723379117816503,2.7379242946883555,0.000367290082
