Vout,ronp,rons,vfp,vfs,rm,sw_p1,sw_p2,sw_p3,sw_p4,cond_p1,cond_p2,cond_p3,cond_p4,sw_s1,sw_s2,sw_s3,sw_s4,cond_s1,cond_s2,cond_s3,cond_s4,core_t1
300.0,10.029,37.965,3.078,4.709,4228.181,3.2497651818476063,3.249833238504919,3.249833238504919,3.2497651818476063,7.70117570862577,7.701359115258618,7.701359115258618,7.70117570862577,1.2103093069002504,1.2101979140811585,1.2101979140811585,1.2103093069002504,1.1639823801838003,1.1643455357618309,1.1643455357618309,1.1639823801838003,1.3250168279197003
300.0,10.405,43.27,4.572,5.679,4211.185,3.249294971746904,3.24936603650195,3.24936603650195,3.249294971746904,7.704455676882165,7.704647410361295,7.704647410361295,7.704455676882165,1.2109493683450672,1.210851058871161,1.210851058871161,1.2109493683450672,1.1645788718742476,1.1649000518177166,1.1649000518177166,1.1645788718742476,1.3307978036083667
300.0,10.478,63.288,4.312,5.706,2670.177,3.251478781507107,3.251555128811493,3.251555128811493,3.251478781507107,7.723090691518105,7.723298426796435,7.723298426796435,7.723090691518105,1.2133364749590965,1.213266290702417,1.213266290702417,1.2133364749590965,1.1667954135588232,1.1670256068250349,1.1670256068250349,1.1667954135588232,2.101426961236528
300.0,10.526,84.451,4.662,3.723,1261.293,3.2610336153833583,3.26111269233678,3.26111269233678,3.2610336153833583,7.766878198731215,7.7670945662243716,7.7670945662243716,7.766878198731215,1.2176289498491928,1.2175727376748031,1.2175727376748031,1.2176289498491928,1.1711172152451967,1.1713018750639594,1.1713018750639594,1.1711172152451967,4.454347348509328
300.0,10.582,89.124,4.83,3.652,1452.713,3.257956068733327,3.258034898913623,3.258034898913623,3.257956068733327,7.759456927775261,7.759672379882688,7.759672379882688,7.759456927775261,1.2173361129165867,1.2172824363048662,1.2172824363048662,1.2173361129165867,1.1706664048764983,1.1708428610618409,1.1708428610618409,1.1706664048764983,3.868622192239752
300.0,10.703,89.069,4.562,2.938,2246.503,3.251522050840141,3.2516001062232407,3.2516001062232407,3.251522050840141,7.73856826517647,7.738781401735613,7.738781401735613,7.73856826517647,1.2158402930787833,1.2157870662776626,1.2157870662776626,1.2158402930787833,1.1689739134223325,1.1691489493786111,1.1691489493786111,1.1689739134223325,2.5017638870450387
300.0,10.986,78.091,5.314,4.432,1444.826,3.25866172037848,3.2587400766228574,3.2587400766228574,3.25866172037848,7.75783947155116,7.758053337872867,7.758053337872867,7.75783947155116,1.2168198880522991,1.2167602479108282,1.2167602479108282,1.2168198880522991,1.170347916695923,1.170543824142278,1.170543824142278,1.170347916695923,3.886983983105904
300.0,11.032,29.62,6.027,3.665,4740.528,3.249338211057206,3.2494011496606023,3.2494011496606023,3.249338211057206,7.700351753188983,7.700520030762172,7.700520030762172,7.700351753188983,1.2102218531529707,1.2100782957340963,1.2100782957340963,1.2102218531529707,1.1640029965075025,1.1644690543847709,1.1644690543847709,1.1640029965075025,1.1811622906405834
300.0,11.164,68.48,5.007,4.531,662.861,3.280803150526172,3.2808832624924547,3.2808832624924547,3.280803150526172,7.827542549676803,7.827761718780144,7.827761718780144,7.827542549676803,1.2215236764212063,1.2214552029154793,1.2214552029154793,1.2215236764212063,1.1759379819822369,1.1761624405097932,1.1761624405097932,1.1759379819822369,8.465865064074238
300.0,11.531,37.349,6.053,4.166,2807.767,3.2524233186425118,3.2524927129988126,3.2524927129988126,3.2524233186425118,7.717450622075046,7.717638521506797,7.717638521506797,7.717450622075046,1.2120417433421355,1.2119276056589023,1.2119276056589023,1.2120417433421355,1.165891212034079,1.166263098209101,1.166263098209101,1.165891212034079,1.995125700386819
300.0,11.663,79.336,5.916,2.775,2094.66,3.2527205172447675,3.2527979228202044,3.2527979228202044,3.2527205172447675,7.742197055210767,7.742408348565062,7.742408348565062,7.742197055210767,1.2159816439075248,1.2159232054471387,1.2159232054471387,1.2159816439075248,1.1693520316624932,1.1695440717886745,1.1695440717886745,1.1693520316624932,2.681382855309695
300.0,11.895,58.409,2.998,2.626,961.578,3.268850978563948,3.268928370534897,3.268928370534897,3.268850978563948,7.785770191312294,7.785980915571397,7.785980915571397,7.785770191312294,1.218237650067179,1.2181604200392573,1.2181604200392573,1.218237650067179,1.1724134670710078,1.1726664635181667,1.1726664635181667,1.1724134670710078,5.832630526407502
300.0,12.117,95.857,3.459,4.623,1312.655,3.2589959006200666,3.259073745255097,3.259073745255097,3.2589959006200666,7.774626156458838,7.774840085309629,7.774840085309629,7.774626156458838,1.2193577260330253,1.21930689707512,1.21930689707512,1.2193577260330253,1.172752376251798,1.1729194712924838,1.1729194712924838,1.172752376251798,4.282974383761216
300.0,12.427,58.345,6.418,6.396,363.28,3.3143180258538343,3.3144003822300125,3.3144003822300125,3.3143180258538343,7.941026232376467,7.941252565028613,7.941252565028613,7.941026232376467,1.2297471265142583,1.2296647819258402,1.2296647819258402,1.2297471265142583,1.1856750762004122,1.1859432940801364,1.1859432940801364,1.1856750762004122,15.433004193957814
300.0,12.519,89.683,3.452,5.056,2533.959,3.249587034031721,3.2496635763691994,3.2496635763691994,3.249587034031721,7.741889651704183,7.742099309607064,7.742099309607064,7.741889651704183,1.216791972440386,1.216739152252443,1.216739152252443,1.216791972440386,1.1699876557633049,1.170161366658648,1.170161366658648,1.1699876557633049,2.217957977046981
300.0,12.556,19.868,3.766,4.394,765.833,3.278193477183575,3.278246299357008,3.278246299357008,3.278193477183575,7.7991913491289475,7.799339771623875,7.799339771623875,7.7991913491289475,1.2176269927424723,1.2173933175306886,1.2173933175306886,1.2176269927424723,1.1723786284780051,1.1731287171688187,1.1731287171688187,1.1723786284780051,7.305111704002583
300.0,12.644,65.761,5.417,5.174,554.581,3.2884119228840505,3.2884919734370266,3.2884919734370266,3.2884119228840505,7.859234340659939,7.85945420265485,7.85945420265485,7.859234340659939,1.2242521185045263,1.224180379665954,1.224180379665954,1.2242521185045263,1.1791074997849578,1.179342461616314,1.179342461616314,1.1791074997849578,10.116052572902571
300.0,13.024,70.817,5.263,5.265,4003.253,3.246878801160152,3.246954340302266,3.246954340302266,3.246878801160152,7.725094402896317,7.725300416779975,7.725300416779975,7.725094402896317,1.2148041602928523,1.2147404687014551,1.2147404687014551,1.2148041602928523,1.1681991207075637,1.1684083305740554,1.1684083305740554,1.1681991207075637,1.4022598742101793
300.0,13.099,15.936,3.546,3.956,4412.412,3.2500010968414563,3.250040700476079,3.250040700476079,3.2500010968414563,7.705734278508889,7.70584580870145,7.70584580870145,7.705734278508889,1.210780806924035,1.2104851657824267,1.2104851657824267,1.210780806924035,1.1646019965165493,1.165546990141905,1.165546990141905,1.1646019965165493,1.2678246309022765
300.0,13.189,26.281,6.073,3.273,845.551,3.2743385144262693,3.274402730126168,3.274402730126168,3.2743385144262693,7.793118689369325,7.793292457099317,7.793292457099317,7.793118689369325,1.2177041666024315,1.2175343352657553,1.2175343352657553,1.2177041666024315,1.1724188678375556,1.1729680042689583,1.1729680042689583,1.1724188678375556,6.61911941848166
300.0,13.19,32.207,4.946,3.333,2727.921,3.252501446976141,3.2525685910343127,3.2525685910343127,3.252501446976141,7.723481437113045,7.723662929526829,7.723662929526829,7.723481437113045,1.2128564476121264,1.2127233017026784,1.2127233017026784,1.2128564476121264,1.1668555637097715,1.167288296278999,1.167288296278999,1.1668555637097715,2.0527604082096924
300.0,13.214,76.457,4.953,5.132,954.391,3.2675072470237114,3.2675850514267863,3.2675850514267863,3.2675072470237114,7.798097474759532,7.798310877302313,7.798310877302313,7.798097474759532,1.2205237503372746,1.220462220684946,1.220462220684946,1.2205237503372746,1.1745463516437842,1.1747483338127638,1.1747483338127638,1.1745463516437842,5.883023846526076
300.0,13.225,25.05,4.093,4.443,1827.741,3.257706221436839,3.2577674042907794,3.2577674042907794,3.257706221436839,7.73707896281113,7.737243232423807,7.737243232423807,7.73707896281113,1.2135373276669903,1.2133622462904656,1.2133622462904656,1.2135373276669903,1.1677170630622034,1.168283112307272,1.168283112307272,1.1677170630622034,3.062271551289768
300.0,13.548,41.457,2.864,5.868,3462.493,3.249718044872009,3.2497892645010977,3.2497892645010977,3.249718044872009,7.7211432972040654,7.721336353174142,7.721336353174142,7.7211432972040654,1.213262667113425,1.2131592969312428,1.2131592969312428,1.213262667113425,1.1671276057999287,1.1674650554734247,1.1674650554734247,1.1671276057999287,1.6182192209445894
300.0,13.58,98.756,5.853,6.11,4545.697,3.244051027049728,3.2441258445590333,3.2441258445590333,3.244051027049728,7.7339492514001345,7.734151760682696,7.734151760682696,7.7339492514001345,1.2170537851702312,1.217005225646962,1.217005225646962,1.2170537851702312,1.1700281073645875,1.1701882290504235,1.1701882290504235,1.1700281073645875,1.2370955999411075
300.0,13.652,58.233,4.831,6.315,476.09,3.2965607021717984,3.296640308684676,3.296640308684676,3.2965607021717984,7.8876575980132735,7.887875951117909,7.887875951117909,7.8876575980132735,1.2263237543905603,1.226243065190609,1.226243065190609,1.2263237543905603,1.181666392675671,1.1819303505470578,1.1819303505470578,1.181666392675671,11.777202530283738
300.0,13.762,25.928,3.766,5.838,4266.034,3.249285651155844,3.24934743334805,3.24934743334805,3.249285651155844,7.712276078729654,7.712442002549763,7.712442002549763,7.712276078729654,1.211945157201998,1.2117781117887771,1.2117781117887771,1.211945157201998,1.1659064158912835,1.1664470858274318,1.1664470858274318,1.1659064158912835,1.312131577324403
300.0,13.89,92.166,3.506,3.28,4968.707,3.243898385532972,3.2439732240719854,3.2439732240719854,3.243898385532972,7.731431215844921,7.7316305307160205,7.7316305307160205,7.731431215844921,1.2166547533437346,1.2166036303289087,1.2166036303289087,1.2166547533437346,1.1697361060053777,1.1699049127619736,1.1699049127619736,1.1697361060053777,1.1312993598540173
300.0,13.907,58.715,5.944,4.886,4297.495,3.2469613944064366,3.247035471905654,3.247035471905654,3.2469613944064366,7.723310839371275,7.723512756413443,7.723512756413443,7.723310839371275,1.214402429785738,1.2143275608481972,1.2143275608481972,1.214402429785738,1.168015137779598,1.1682606113082772,1.1682606113082772,1.168015137779598,1.3052242941093832
300.0,14.028,27.317,3.307,4.954,3757.889,3.249930908094671,3.2499942692965758,3.2499942692965758,3.249930908094671,7.71657265804408,7.71674327282293,7.71674327282293,7.71657265804408,1.2124258700100845,1.2122677107805544,1.2122677107805544,1.2124258700100845,1.1664229323953608,1.1669353642883256,1.1669353642883256,1.1664229323953608,1.4896707520126349
300.0,14.216,79.324,3.569,3.928,1554.388,3.256321103327645,3.256396878578214,3.256396878578214,3.256321103327645,7.767520422555874,7.767726063072317,7.767726063072317,7.767520422555874,1.2187939783095874,1.2187352061924166,1.2187352061924166,1.2187939783095874,1.172478210429857,1.1726715304299695,1.1726715304299695,1.172478210429857,3.6130027183356015
300.0,14.313,63.957,3.537,2.922,635.642,3.281965642529551,3.282043580063104,3.282043580063104,3.281965642529551,7.845327878023991,7.8455419209561805,7.8455419209561805,7.845327878023991,1.2237671725249222,1.2236941901387954,1.2236941901387954,1.2237671725249222,1.1785545351454747,1.1787936061905313,1.1787936061905313,1.1785545351454747,8.824965999996179
300.0,14.53,23.589,4.416,3.265,403.711,3.308535826422767,3.308601008678018,3.308601008678018,3.308535826422767,7.9132113603489405,7.91338802722656,7.91338802722656,7.9132113603489405,1.2268402270458627,1.2266392910299575,1.2266392910299575,1.2268402270458627,1.1829201234170357,1.1835674671740402,1.1835674671740402,1.1829201234170357,13.856956794923065
300.0,14.573,70.856,3.531,5.995,4165.298,3.2461281617235413,3.246202403507852,3.246202403507852,3.2461281617235413,7.730691765197963,7.73089271417717,7.73089271417717,7.730691765197963,1.2157949471617298,1.215731307401474,1.215731307401474,1.2157949471617298,1.1692781750377008,1.169487409431734,1.169487409431734,1.1692781750377008,1.347656326557085
300.0,14.69,51.772,2.674,5.986,4238.74,3.2472622539949905,3.2473349923748653,3.2473349923748653,3.2472622539949905,7.724575239227802,7.724773519027082,7.724773519027082,7.724575239227802,1.214444750123479,1.2143608074995385,1.2143608074995385,1.214444750123479,1.1682047037194667,1.168479519770091,1.168479519770091,1.1682047037194667,1.322707127859569
300.0,14.729,70.621,6.165,4.215,2204.14,3.251727027394081,3.2518016972430512,3.2518016972430512,3.251727027394081,7.750055819457047,7.750258416376499,7.750258416376499,7.750055819457047,1.2172679996308438,1.2172036760560427,1.2172036760560427,1.2172679996308438,1.1709480340325484,1.1711594045150004,1.1711594045150004,1.1709480340325484,2.5465952769043017
300.0,14.831,21.076,3.386,3.546,4524.542,3.2489141543558016,3.248970044411856,3.248970044411856,3.2489141543558016,7.713925192774577,7.714074736920866,7.714074736920866,7.713925192774577,1.212243689867479,1.2120321709802775,1.2120321709802775,1.212243689867479,1.1662452213312413,1.1669265093283114,1.1669265093283114,1.1662452213312413,1.2367516846362874
300.0,14.848,13.538,5.404,5.291,2710.877,3.25330365469028,3.253337166803048,3.253337166803048,3.25330365469028,7.724483191365738,7.724569966346179,7.724569966346179,7.724483191365738,1.2127313446335963,1.2123619167069095,1.2123619167069095,1.2127313446335963,1.1666525882853789,1.167829021121805,1.167829021121805,1.1666525882853789,2.063135708204843
300.0,14.886,16.325,4.371,5.145,4287.94,3.2495447193521887,3.249589621617216,3.249589621617216,3.2495447193521887,7.713694101498397,7.713813030510072,7.713813030510072,7.713694101498397,1.2120481127080884,1.2117599356844573,1.2117599356844573,1.2120481127080884,1.1659835301498476,1.16690572711899,1.16690572711899,1.1659835301498476,1.304596366110759
300.0,15.034,62.019,3.248,2.558,1402.336,3.259053836561173,3.2591285290840983,3.2591285290840983,3.259053836561173,7.771367056471856,7.771570880379859,7.771570880379859,7.771367056471856,1.2185229685410108,1.2184502684069365,1.2184502684069365,1.2185229685410108,1.1725762631194787,1.17281470152722,1.17281470152722,1.1725762631194787,4.00023613165638
300.0,15.2,16.701,4.606,4.089,3624.823,3.2505311002521875,3.250577665787286,3.250577665787286,3.2505311002521875,7.718817462672215,7.718941197043287,7.718941197043287,7.718817462672215,1.2125577415229587,1.2122770003147456,1.2122770003147456,1.2125577415229587,1.166554992884573,1.1674538396334406,1.1674538396334406,1.166554992884573,1.5432676932544147
300.0,15.22,52.909,5.386,3.408,4711.281,3.246393869869693,3.2464662714139907,3.2464662714139907,3.246393869869693,7.72506702319041,7.72526452279314,7.72526452279314,7.72506702319041,1.2147334232895577,1.2146511311057275,1.2146511311057275,1.2147334232895577,1.1684913601956577,1.168760856489418,1.168760856489418,1.1684913601956577,1.1901137482092776
300.0,15.519,41.105,3.638,6.253,4897.243,3.246881699202896,3.2469517240255774,3.2469517240255774,3.246881699202896,7.721756162444414,7.721946628766721,7.721946628766721,7.721756162444414,1.2140223214389134,1.2139179478619573,1.2139179478619573,1.2140223214389134,1.1679412688066584,1.168281909789621,1.168281909789621,1.1679412688066584,1.144060278940075
300.0,16.049,61.932,6.288,6.204,4404.552,3.245915419235958,3.245988093454152,3.245988093454152,3.245915419235958,7.732780635639038,7.732972650499498,7.732972650499498,7.732780635639038,1.216055039952774,1.2159836506352717,1.2159836506352717,1.216055039952774,1.1697532803007793,1.1699881176530698,1.1699881176530698,1.1697532803007793,1.2736855602656447
300.0,16.08,87.491,5.347,4.383,1720.91,3.2535956649969866,3.2536686493530533,3.2536686493530533,3.2535956649969866,7.7726559554128,7.772857680749821,7.772857680749821,7.7726559554128,1.2202724604588937,1.2202182810074491,1.2202182810074491,1.2202724604588937,1.1739139907148397,1.1740920602920986,1.1740920602920986,1.1739139907148397,3.264946806343316
300.0,16.326,84.148,6.355,3.926,1871.537,3.2524989947510803,3.252571722531401,3.252571722531401,3.2524989947510803,7.768439077455694,7.768639052451606,7.768639052451606,7.768439077455694,1.2198877015075649,1.2198319113628473,1.2198319113628473,1.2198877015075649,1.1735538172678728,1.1737372303740954,1.1737372303740954,1.1735538172678728,3.001548000127902
300.0,16.645,71.605,4.778,4.196,3857.652,3.2459379496926477,3.2460097958381406,3.2460097958381406,3.2459379496926477,7.741310637424081,7.7415075573113645,7.7415075573113645,7.741310637424081,1.2173846946660962,1.2173214728480022,1.2173214728480022,1.2173846946660962,1.1710112099396668,1.1712189011168794,1.1712189011168794,1.1710112099396668,1.4551121201967072
300.0,16.678,94.598,2.921,6.453,658.294,3.2780307925305414,3.278104445765571,3.278104445765571,3.2780307925305414,7.8615381160061775,7.861754948287707,7.861754948287707,7.8615381160061775,1.2273469380698436,1.2272939119346933,1.2272939119346933,1.2273469380698436,1.1818534249088892,1.1820258519778617,1.1820258519778617,1.1818534249088892,8.537286853187
300.0,16.912,60.109,6.191,2.698,1646.31,3.2558250272679703,3.2558974720595035,3.2558974720595035,3.2558250272679703,7.769357905488498,7.769553463266254,7.769553463266254,7.769357905488498,1.2189774393515074,1.218902935264219,1.218902935264219,1.2189774393515074,1.173096777617708,1.1733412945342871,1.1733412945342871,1.173096777617708,3.406905386177875
300.0,16.942,81.411,4.41,2.752,1709.003,3.2538457502006763,3.253917885060756,3.253917885060756,3.2538457502006763,7.7746597289810895,7.774857383834357,7.774857383834357,7.7746597289810895,1.2204368010958124,1.2203793735026762,1.2203793735026762,1.2204368010958124,1.17423619960483,1.1744250654781292,1.1744250654781292,1.17423619960483,3.2863517375849747
300.0,17.004,57.718,4.274,5.62,3252.264,3.2480221615681133,3.2480936020907185,3.2480936020907185,3.2480221615681133,7.7424481388150435,7.742640265437576,7.742640265437576,7.7424481388150435,1.2169160238372898,1.2168396016323249,1.2168396016323249,1.2169160238372898,1.1708062343544012,1.1710570477068805,1.1710570477068805,1.1708062343544012,1.7244258739537783
300.0,17.134,25.108,5.807,6.261,2084.897,3.2546894140948224,3.254751252907009,3.254751252907009,3.2546894140948224,7.747399410511971,7.747566852745816,7.747566852745816,7.747399410511971,1.2157486694597093,1.2155723314285776,1.2155723314285776,1.2157486694597093,1.1701181666896514,1.1706881056165896,1.1706881056165896,1.1701181666896514,2.6843234263559657
300.0,17.227,85.046,5.699,3.385,1685.458,3.2537469976949542,3.2538183480024885,3.2538183480024885,3.2537469976949542,7.777835754420868,7.778036386194574,7.778036386194574,7.777835754420868,1.2209569031660696,1.2209013545988685,1.2209013545988685,1.2209569031660696,1.1747327193995176,1.1749149694901035,1.1749149694901035,1.1747327193995176,3.3329929521625568
300.0,17.33,96.653,5.349,5.202,1400.248,3.2561951896970154,3.256265347398675,3.256265347398675,3.2561951896970154,7.792977905009051,7.793188050279533,7.793188050279533,7.792977905009051,1.2226856082690278,1.2226349078120633,1.2226349078120633,1.2226856082690278,1.1764151082136634,1.1765803737723108,1.1765803737723108,1.1764151082136634,4.014703166233403
300.0,17.578,98.889,3.392,4.402,2280.417,3.2486387977459974,3.2487080268048523,3.2487080268048523,3.2486387977459974,7.770277262071183,7.7704799926241295,7.7704799926241295,7.770277262071183,1.2212241695800972,1.2211750680175686,1.2211750680175686,1.2212241695800972,1.1746766721050097,1.1748371779744131,1.1748371779744131,1.1746766721050097,2.465620491716343
300.0,17.744,10.816,3.714,4.577,4937.283,3.2481840724101247,3.2482051210692857,3.2482051210692857,3.2481840724101247,7.721021124006325,7.721074077760435,7.721074077760435,7.721021124006325,1.2134805066078291,1.2129715438009827,1.2129715438009827,1.2134805066078291,1.1672013704593376,1.1688129108512173,1.1688129108512173,1.1672013704593376,1.1325428330816731
300.0,18.14,97.324,6.277,2.748,453.588,3.2960402782522564,3.296113285540071,3.296113285540071,3.2960402782522564,7.931222068706963,7.931439766875098,7.931439766875098,7.931222068706963,1.23308111719985,1.233027966474987,1.233027966474987,1.23308111719985,1.188433603164491,1.1886062131179171,1.1886062131179171,1.188433603164491,12.3900070609317
300.0,18.396,19.648,5.665,5.634,1880.516,3.256037572424781,3.256092945040856,3.256092945040856,3.256037572424781,7.755489494668433,7.755632250602206,7.755632250602206,7.755489494668433,1.216567291919602,1.216332679404607,1.216332679404607,1.216567291919602,1.1710366795185327,1.1717910730656709,1.1717910730656709,1.1710366795185327,2.9749063221076395
300.0,18.422,80.923,5.762,4.004,2070.336,3.2507347807395703,3.250804199699212,3.250804199699212,3.2507347807395703,7.771786338848445,7.77198331965048,7.77198331965048,7.771786338848445,1.22075078793182,1.2206931069066267,1.2206931069066267,1.22075078793182,1.1745748894132169,1.1747639835133552,1.1747639835133552,1.1745748894132169,2.7126472599106974
300.0,18.563,43.449,5.684,5.977,3942.218,3.2470629318855764,3.247130897323077,3.247130897323077,3.2470629318855764,7.739552594982691,7.739737956804248,7.739737956804248,7.739552594982691,1.2165797413678077,1.2164800173384351,1.2164800173384351,1.2165797413678077,1.1707124088752618,1.1710380980472666,1.1710380980472666,1.1707124088752618,1.4212945134615125
300.0,18.994,40.104,4.04,5.113,2969.747,3.249346382125955,3.249413469419705,3.249413469419705,3.249346382125955,7.747581375619741,7.747763966895097,7.747763966895097,7.747581375619741,1.2171674234540846,1.217059174404199,1.217059174404199,1.2171674234540846,1.1714402373578987,1.1717933347265803,1.1717933347265803,1.1714402373578987,1.886258945076303
300.0,19.08,81.272,5.249,4.662,4979.757,3.243018948453777,3.243086309103754,3.243086309103754,3.243018948453777,7.749698642453129,7.749896013861997,7.749896013861997,7.749698642453129,1.2193895553941867,1.219332491487058,1.219332491487058,1.2193895553941867,1.1729962874286108,1.173182840539416,1.173182840539416,1.1729962874286108,1.1278510137311355
300.0,19.148,29.642,6.05,3.131,2136.502,3.253462794546617,3.253526542654477,3.253526542654477,3.253462794546617,7.756332551417642,7.756506139188057,7.756506139188057,7.756332551417642,1.2173658325552998,1.2172176635505318,1.2172176635505318,1.2173658325552998,1.1718515166392676,1.1723319768686138,1.1723319768686138,1.1718515166392676,2.6200980588514065
300.0,19.276,99.113,4.694,4.672,500.613,3.2900841706781447,3.290155252821584,3.290155252821584,3.2900841706781447,7.91819795682138,7.918399618514893,7.918399618514893,7.91819795682138,1.232649791269231,1.2325982385869545,1.2325982385869545,1.232649791269231,1.1878540007243994,1.1880224704132436,1.1880224704132436,1.1878540007243994,11.227509844160265
300.0,19.351,67.581,6.331,3.471,2090.104,3.2512019932280505,3.2512708187857124,3.2512708187857124,3.2512019932280505,7.770891533086593,7.771080595129485,7.771080595129485,7.770891533086593,1.2203634254120297,1.2202963630665449,1.2202963630665449,1.2203634254120297,1.174445082580988,1.1746652474045327,1.1746652474045327,1.174445082580988,2.6846628674969533
300.0,19.45,40.768,3.842,3.329,2716.662,3.249993197272526,3.2500599862213893,3.2500599862213893,3.249993197272526,7.752502239280632,7.752684223078397,7.752684223078397,7.752502239280632,1.2177304132499442,1.2176236729030665,1.2176236729030665,1.2177304132499442,1.1720569472182485,1.1724051845866543,1.1724051845866543,1.1720569472182485,2.0620312794614715
300.0,19.529,22.894,3.694,5.921,1714.504,3.2568389539439853,3.25689782695372,3.25689782695372,3.2568389539439853,7.765892511539097,7.766051289648569,7.766051289648569,7.765892511539097,1.217894642901954,1.2176969448676984,1.2176969448676984,1.217894642901954,1.1725175398058465,1.1731550283581182,1.1731550283581182,1.1725175398058465,3.2634938924198456
300.0,19.565,72.456,3.684,4.838,3728.934,3.2452363738389134,3.245304193767715,3.245304193767715,3.2452363738389134,7.7547874109388895,7.754974640754197,7.754974640754197,7.7547874109388895,1.2195038259853743,1.2194411544156762,1.2194411544156762,1.2195038259853743,1.1733369823947426,1.1735428306578324,1.1735428306578324,1.1733369823947426,1.5052961999890435
300.0,19.741,15.534,3.777,4.262,4175.083,3.2481867272165275,3.2482323044091155,3.2482323044091155,3.248186727216527,7.734057123933469,7.734179286107302,7.734179286107302,7.73405712392605,1.2153216858767233,1.2150096722766508,1.2150096722766508,1.2153216858767233,1.169533554397488,1.17053015564027,1.17053015564027,1.169533554397488,1.3396168168117797
300.0,19.775,10.937,6.08,2.67,3206.079,3.250400905879621,3.250425970751996,3.250425970751996,3.250400905879621,7.739071410667429,7.739135259297022,7.739135259297022,7.739071410667429,1.2155694157493713,1.2150638146178825,1.2150638146178825,1.2155694157493713,1.1695222704155834,1.171123206775696,1.171123206775696,1.1695222704155834,1.743968650522528
300.0,19.796,85.979,3.724,3.117,2387.99,3.2483047364457454,3.2483710695650605,3.2483710695650605,3.2483047364457454,7.773723780865997,7.773923244959531,7.773923244959531,7.773723780865997,1.221655282327031,1.2216002763698226,1.2216002763698226,1.221655282327031,1.1754534047304803,1.175632772599878,1.175632772599878,1.1754534047304803,2.352495230876518
300.0,19.806,43.49,5.98,3.58,366.601,3.3129889339782777,3.3130620531963126,3.3130620531963126,3.3129889339782777,7.966894639058615,7.967096730354001,7.967096730354001,7.966894639058615,1.2336112434850084,1.2335019879929807,1.2335019879929807,1.2336112434850084,1.1903863589934636,1.190740805745087,1.190740805745087,1.1903863589934636,15.275607035092577
300.0,19.811,42.928,5.995,2.956,1954.296,3.253549299579237,3.253616392868279,3.253616392868279,3.253549299579237,7.767459651445297,7.7676430140079376,7.7676430140079376,7.767459651445297,1.219068717392844,1.218966624134999,1.218966624134999,1.219068717392844,1.1735297731928835,1.1738630072517364,1.1738630072517364,1.1735297731928835,2.866706457064855
300.0,20.046,52.648,4.073,2.997,422.937,3.30256075515936,3.3026334117354343,3.3026334117354343,3.30256075515936,7.938228069340179,7.93842899540138,7.93842899540138,7.938228069340179,1.2320772266099134,1.231987186712958,1.231987186712958,1.2320772266099134,1.1883622550752737,1.1886552437730435,1.1886552437730435,1.1883622550752737,13.249407889626374
300.0,20.358,92.273,2.584,4.188,3447.318,3.244308835087796,3.2443743777600647,3.2443743777600647,3.244308835087796,7.766858615474643,7.767041351948077,7.767041351948077,7.766858615474643,1.2216738811429235,1.2216227018211614,1.2216227018211614,1.2216738811429235,1.175300317004894,1.1754681009689347,1.1754681009689347,1.175300317004894,1.630258150195277
300.0,20.491,34.28,2.907,4.254,440.504,3.3009880343349347,3.30105695096968,3.30105695096968,3.3009880343349347,7.9250269639248625,7.925216337185952,7.925216337185952,7.9250269639248625,1.2303930918455266,1.2302567752356162,1.2302567752356162,1.2303930918455266,1.186778882339517,1.1872196844165677,1.1872196844165677,1.186778882339517,12.7064299236684
300.0,20.773,32.646,3.365,4.512,2336.453,3.2517130539813555,3.2517763770600254,3.2517763770600254,3.2517130539813555,7.760714452730149,7.760887363997226,7.760887363997226,7.760714452730149,1.2184313303119725,1.218297021998872,1.218297021998872,1.2184313303119725,1.1729823101891246,1.1734186028202525,1.1734186028202525,1.1729823101891246,2.3962377780429978
300.0,20.902,91.534,4.184,4.16,2343.914,3.24784775534236,3.2479129679768524,3.2479129679768524,3.24784775534236,7.781152054282485,7.781331408226138,7.781331408226138,7.781152054282485,1.222887545952598,1.2228358792936036,1.2228358792936036,1.222887545952598,1.176695010734143,1.1768646181798486,1.1768646181798486,1.176695010734143,2.3974926221342736
300.0,20.907,98.55,3.743,4.717,931.071,3.2647816306749613,3.264847898763958,3.264847898763958,3.2647816306749613,7.841700362610343,7.841883801944483,7.841883801944483,7.841700362610343,1.2276666917360648,1.2276168941382677,1.2276168941382677,1.2276666917360648,1.1820206827407875,1.1821840524800866,1.1821840524800866,1.1820206827407875,6.037405536504058
300.0,20.999,26.968,4.757,5.235,1134.191,3.2640711957323068,3.264132753876515,3.264132753876515,3.2640711957323068,7.800001463957401,7.800169230639335,7.800169230639335,7.800001463957401,1.2211292787621215,1.2209619587440346,1.2209619587440346,1.2211292787621215,1.1761499086672365,1.1766910899328529,1.1766910899328529,1.1761499086672365,4.934047797843813
300.0,21.078,46.928,2.858,3.956,3715.47,3.2464734956242,3.2465388200918035,3.2465388200918035,3.2464734956242,7.752763149082926,7.752941538439674,7.752941538439674,7.752763149082926,1.2186524584591036,1.2185593602636948,1.2185593602636948,1.2186524584591036,1.172940541414348,1.1732449408999377,1.1732449408999377,1.172940541414348,1.5082547445291332
300.0,21.107,79.242,2.952,3.624,568.078,3.284421763264811,3.2844896724013117,3.2844896724013117,3.284421763264811,7.897796279176252,7.8980042434832995,7.8980042434832995,7.897796279176252,1.2308570099943863,1.2307950966547343,1.2307950966547343,1.2308570099943863,1.1862372544876654,1.1864378501446369,1.1864378501446369,1.1862372544876654,9.881728851861924
300.0,21.163,16.434,3.159,4.263,644.529,3.282581708533713,3.282632092089731,3.282632092089731,3.282581708533713,7.856909042209562,7.857045157045827,7.857045157045827,7.856909042209562,1.224888276012742,1.2245833526451648,1.2245833526451648,1.224888276012742,1.180472993680585,1.1814436519078984,1.1814436519078984,1.180472993680585,8.675560595612135
300.0,21.194,13.736,3.424,4.73,2877.729,3.2507045600235047,3.250744673158637,3.250744673158637,3.2507045600235047,7.749097370975629,7.749204276510666,7.749204276510666,7.749097370975629,1.2169044630388224,1.216534768119018,1.216534768119018,1.2169044630388224,1.17122501418453,1.1724019032058022,1.1724019032058022,1.17122501418453,1.9432110571630687
300.0,21.352,94.273,3.981,3.516,1891.886,3.2502783212421886,3.25034285381427,3.25034285381427,3.2502783212421886,7.793182471376584,7.793360724157977,7.793360724157977,7.793182471376584,1.224072415879637,1.2240218291039118,1.2240218291039118,1.224072415879637,1.1779734497973728,1.1781394550020077,1.1781394550020077,1.1779734497973728,2.9707371435742345
300.0,21.483,57.819,4.645,2.537,3949.391,3.245219497336444,3.24528470731836,3.24528470731836,3.245219497336444,7.756761998444261,7.756940071936502,7.756940071936502,7.756761998444261,1.219632654912391,1.219556059323315,1.219556059323315,1.219632654912391,1.1738003481934576,1.1740515635532518,1.1740515635532518,1.1738003481934576,1.4198852811812266
300.0,21.507,27.083,5.571,6.36,1891.268,3.254531159952316,3.2545914228783768,3.2545914228783768,3.254531159952316,7.770905356318194,7.771069424218555,7.771069424218555,7.770905356318194,1.2191881399459266,1.2190233982512153,1.2190233982512153,1.2191881399459266,1.1739135773194287,1.1744466456859557,1.1744466456859557,1.1739135773194287,2.959128320023481
300.0,21.537,42.789,4.724,5.365,440.383,3.3002810916190377,3.3003504392501317,3.3003504392501317,3.3002810916190377,7.932976637917338,7.9331681795311875,7.9331681795311875,7.932976637917338,1.2317615686114016,1.2316520177025014,1.2316520177025014,1.2317615686114016,1.1881880965083456,1.188543604139496,1.188543604139496,1.1881880965083456,12.716303725953466
300.0,21.537,97.441,2.86,5.642,2925.48,3.245025950692208,3.2450894766359677,3.2450894766359677,3.245025950692208,7.7784157923781425,7.778590898758613,7.778590898758613,7.7784157923781425,1.2232149806000054,1.223166100316379,1.223166100316379,1.2232149806000054,1.1769029073281785,1.177063477624201,1.177063477624201,1.1769029073281785,1.9215990989862208
300.0,21.602,39.825,4.375,2.642,4600.405,3.245406327983473,3.2454699320396054,3.2454699320396054,3.245406327983473,7.748041870397584,7.74821590429934,7.74821590429934,7.748041870397584,1.2181518450405302,1.218042689981981,1.218042689981981,1.2181518450405302,1.1725104996862186,1.1728664041797907,1.1728664041797907,1.1725104996862186,1.2175748408604228
300.0,21.672,51.566,4.34,6.064,1958.167,3.2524213508462334,3.252486747901996,3.252486747901996,3.2524213508462334,7.778319713945774,7.778498950456901,7.778498950456901,7.778319713945774,1.2209771942472512,1.2208912110205443,1.2208912110205443,1.2209771942472512,1.1754834573973276,1.1757648350969474,1.1757648350969474,1.1754834573973276,2.862448321154111
300.0,21.726,24.455,6.462,6.262,1311.164,3.2608563669919106,3.260915209137243,3.260915209137243,3.2608563669919106,7.791739778487353,7.791899855049564,7.791899855049564,7.791739778487353,1.2206738838127138,1.2204878648595403,1.2204878648595403,1.2206738838127138,1.1756380519283596,1.176238477630576,1.176238477630576,1.1756380519283596,4.267415642814174
300.0,21.889,84.173,6.328,4.698,4314.811,3.2428298522250967,3.242893252040388,3.242893252040388,3.2428298522250967,7.765581437856626,7.765760654588776,7.765760654588776,7.765581437856626,1.2217405950011906,1.2216854594937343,1.2216854594937343,1.2217405950011906,1.1755485570485873,1.1757289523317749,1.1757289523317749,1.1755485570485873,1.3017878642703598
300.0,22.145,21.969,2.62,3.562,4754.974,3.24622971643944,3.2462847822969723,3.2462847822969723,3.24622971643944,7.743764459042386,7.743913686347311,7.743913686347311,7.743764459042386,1.2171935855769267,1.2169872249874267,1.2169872249874267,1.2171935855769267,1.1716666889170038,1.17233143740459,1.17233143740459,1.1716666889170038,1.1766513392675628
300.0,22.19,90.635,2.732,2.576,460.067,3.294766492553002,3.29483398004601,3.29483398004601,3.294766492553002,7.944676789270054,7.944863901796839,7.944863901796839,7.944676789270054,1.2352161143282163,1.2351605807647044,1.2351605807647044,1.2352161143282163,1.191041356959653,1.191223278761539,1.191223278761539,1.191041356959653,12.208944696508604
300.0,22.237,56.659,5.928,3.486,3196.879,3.2466584374161567,3.2467226616425906,3.2467226616425906,3.2466584374161567,7.764916542364743,7.76509276701637,7.76509276701637,7.764916542364743,1.2204533386463476,1.2203750707739796,1.2203750707739796,1.2204533386463476,1.1747520455226066,1.1750085485141906,1.1750085485141906,1.1747520455226066,1.7539245938864836
300.0,22.373,63.104,5.93,6.182,3224.878,3.246130358001523,3.246194001150057,3.246194001150057,3.246130358001523,7.767478704161723,7.767659236189184,7.767659236189184,7.767478704161723,1.2210092998733808,1.2209381556954362,1.2209381556954362,1.2210092998733808,1.1752305550886983,1.175462678018342,1.175462678018342,1.1752305550886983,1.7393977984230176
300.0,22.508,28.417,5.69,5.811,3226.006,3.2483371514295327,3.2483965027673487,3.2483965027673487,3.2483371514295327,7.756277252448939,7.756438949995146,7.756438949995146,7.756277252448939,1.2185446608248571,1.218389016612272,1.218389016612272,1.2185446608248571,1.1731407249873702,1.1736449390942705,1.1736449390942705,1.1731407249873702,1.734981253731284
300.0,22.747,34.586,2.865,4.297,4911.894,3.2450366247387894,3.245097612195343,3.245097612195343,3.2450366247387894,7.749961344194723,7.750127846785158,7.750127846785158,7.749961344194723,1.2184620618754054,1.218335894478343,1.218335894478343,1.2184620618754054,1.1729421367156625,1.1733525062807053,1.1733525062807053,1.1729421367156625,1.1399512141245067
300.0,23.093,90.689,4.011,6.245,488.418,3.2911424677640264,3.291208352263318,3.291208352263318,3.2911424677640264,7.937380127672362,7.937558619280669,7.937558619280669,7.937380127672362,1.2350219783243332,1.2349669329468,1.2349669329468,1.2350219783243332,1.190793077989944,1.1909737802406797,1.1909737802406797,1.190793077989944,11.500282972075702
300.0,23.277,82.276,6.02,2.926,500.176,3.2902740030601065,3.290339864009818,3.290339864009818,3.2902740030601065,7.930694897423968,7.930876166403825,7.930876166403825,7.930694897423968,1.2341895638843914,1.234129757661525,1.234129757661525,1.2341895638843914,1.190028649701509,1.1902245096172048,1.1902245096172048,1.190028649701509,11.224046510723548
300.0,23.321,23.581,5.876,5.032,4483.346,3.2461008817539785,3.2461562173113614,3.2461562173113614,3.2461008817539785,7.750448906661258,7.750598903699373,7.750598903699373,7.750448906661258,1.2181920133895232,1.2180008707952843,1.2180008707952843,1.2181920133895232,1.1727719895513948,1.173388702831062,1.173388702831062,1.1727719895513948,1.2480227519809073
300.0,23.468,97.048,3.276,4.195,3445.633,3.2431345017756215,3.2431948790444367,3.2431948790444367,3.2431345017756215,7.782146281962999,7.782311522965298,7.782311522965298,7.782146281962999,1.224185989754062,1.2241372106385766,1.2241372106385766,1.224185989754062,1.1779835872694366,1.1781439386428865,1.1781439386428865,1.1779835872694366,1.6313998462123669
300.0,23.822,66.735,4.426,5.204,3316.077,3.2452573295275746,3.2453180579410006,3.2453180579410006,3.2452573295275746,7.7742475865179586,7.774430227868387,7.774430227868387,7.7742475865179586,1.222224739103938,1.2221567234121735,1.2221567234121735,1.222224739103938,1.1764980069567097,1.1767190278866566,1.1767190278866566,1.1764980069567097,1.6918808589655978
300.0,24.587,51.811,3.712,5.636,695.241,3.276542551981524,3.276605866752659,3.276605866752659,3.276542551981524,7.874594945217653,7.874767814190784,7.874767814190784,7.874594945217653,1.2290933073599155,1.2290044209006543,1.2290044209006543,1.2290933073599155,1.1847922855582935,1.1850819622405666,1.1850819622405666,1.1847922855582935,8.060079474756133
300.0,24.593,62.161,5.498,3.532,1938.693,3.2510686538287423,3.251128907693082,3.251128907693082,3.2510686538287423,7.795208419161547,7.795387572303927,7.795387572303927,7.795208419161547,1.2238183412299175,1.2237453060068917,1.2237453060068917,1.2238183412299175,1.178424873654199,1.1786622663172035,1.1786622663172035,1.178424873654199,2.8928877816349323
300.0,24.811,58.743,3.981,4.54,2764.708,3.247094999958717,3.2471546152318296,3.2471546152318296,3.247094999958717,7.781202742559795,7.781379946809081,7.781379946809081,7.781202742559795,1.2227031612337775,1.2226266752987014,1.2226266752987014,1.2227031612337775,1.1772210853906724,1.1774696282530677,1.1774696282530677,1.1772210853906724,2.028189605191144
300.0,25.127,20.891,3.687,5.415,4811.846,3.2453281702778605,3.2453792033514617,3.2453792033514617,3.2453281702778605,7.7559624957371165,7.756101453879414,7.756101453879414,7.7559624957371165,1.219142842141264,1.2189218968583366,1.2189218968583366,1.219142842141264,1.173831286592821,1.174541824827587,1.174541824827587,1.173831286592821,1.1625680016012665
300.0,25.187,50.975,4.448,4.585,2399.048,3.2489568895492327,3.2490166712357103,3.2490166712357103,3.2489568895492327,7.785110235032392,7.785276258606831,7.785276258606831,7.785110235032392,1.2227431739733636,1.2226560354006033,1.2226560354006033,1.2227431739733636,1.1774442263101663,1.1777281246980078,1.1777281246980078,1.1774442263101663,2.336128222350197
300.0,25.395,80.132,5.826,4.427,321.678,3.320486246708667,3.320551176975112,3.320551176975112,3.320486246708667,8.042651622723644,8.04283347818659,8.04283347818659,8.042651622723644,1.242897457323696,1.242833636255765,1.242833636255765,1.242897457323696,1.2004388705236873,1.2006473935301407,1.2006473935301407,1.2004388705236873,17.44443132590276
300.0,25.939,16.686,4.303,3.26,4236.028,3.2461117018684176,3.2461564589039287,3.2461564589039287,3.2461117018684176,7.760585131461901,7.760706198624409,7.760706198624409,7.760585131461901,1.2196036433865611,1.2193125087052628,1.2193125087052628,1.2196036433865611,1.174305555105756,1.1752345527206645,1.1752345527206645,1.174305555105756,1.3202115477209542
300.0,25.967,35.4,3.789,2.864,3469.765,3.246286343921731,3.246343574535546,3.246343574535546,3.246286343921731,7.771702238189003,7.771853351835139,7.771853351835139,7.771702238189003,1.2212856407270636,1.221161220414386,1.221161220414386,1.2212856407270636,1.176089578088281,1.176493366089389,1.176493366089389,1.176089578088281,1.6136536028708608
300.0,26.297,19.554,5.224,5.158,4159.527,3.2459359427601564,3.2459844593992706,3.2459844593992706,3.2459359427601564,7.763475411636416,7.7636050964927374,7.7636050964927374,7.763475411636416,1.220067966649064,1.2198278726637852,1.2198278726637852,1.220067966649064,1.174862014502983,1.1756302782279753,1.1756302782279753,1.174862014502983,1.3447209991749327
300.0,26.345,85.165,4.963,6.23,1866.22,3.2497131796538894,3.249770120536752,3.249770120536752,3.2497131796538894,7.812921023042245,7.813078494039315,7.813078494039315,7.812921023042245,1.2269042682088986,1.226849303007958,1.226849303007958,1.2269042682088986,1.1813698505173735,1.1815501710013063,1.1815501710013063,1.1813698505173735,3.009419303994758
300.0,26.415,92.567,2.692,3.174,798.762,3.2686613769768,3.268719186988862,3.268719186988862,3.2686613769768,7.880790776666953,7.880951241168021,7.880951241168021,7.880790776666953,1.2322446204262365,1.232192077384073,1.232192077384073,1.2322446204262365,1.1874052726433513,1.1875776053741811,1.1875776053741811,1.1874052726433513,7.03337290243214
300.0,26.619,32.031,5.072,2.967,1106.711,3.2628175252002345,3.262874529204063,3.262874529204063,3.2628175252002345,7.828507114522439,7.8286554821051135,7.8286554821051135,7.828507114522439,1.2255190234393978,1.2253776646889991,1.2253776646889991,1.2255190234393978,1.1810134131116077,1.181471100718268,1.181471100718268,1.1810134131116077,5.057327502210129
300.0,26.623,48.552,4.816,5.152,3954.925,3.2443165574028807,3.2443728357934094,3.2443728357934094,3.2443165574028807,7.775936363906675,7.776106987974608,7.776106987974608,7.775936363906675,1.2224819534591085,1.222390516333438,1.222390516333438,1.2224819534591085,1.1771682994966477,1.1774646707694711,1.1774646707694711,1.1771682994966477,1.4168611374292788
300.0,26.964,77.735,4.146,4.088,1751.558,3.2509577594640118,3.2510142749193816,3.2510142749193816,3.2509577594640118,7.816219999472548,7.816376533388646,7.816376533388646,7.816219999472548,1.22700428773386,1.2269446830502944,1.2269446830502944,1.22700428773386,1.1816648270302634,1.1818600925432563,1.1818600925432563,1.1816648270302634,3.20484240146996
300.0,27.012,11.486,3.423,3.991,3984.163,3.2465365439126592,3.2465657497939127,3.2465657497939127,3.2465365439126592,7.7647929627859344,7.764869409194968,7.764869409194968,7.7647929627859344,1.2201432731057331,1.2196614811706543,1.2196614811706543,1.2201432731057331,1.1746332744105703,1.1761541562942557,1.1761541562942557,1.1746332744105703,1.4031626796359515
300.0,27.13,29.223,5.046,3.868,1058.294,3.2639733754151603,3.2640287305365896,3.2640287305365896,3.2639733754151603,7.833500764386197,7.833647190618894,7.833647190618894,7.833500764386197,1.2259402054052684,1.225783766447062,1.225783766447062,1.2259402054052684,1.1815348433649746,1.1820400062381116,1.1820400062381116,1.1815348433649746,5.287638607416751
300.0,27.178,75.913,4.306,4.756,1198.847,3.25813053606619,3.258187375312788,3.258187375312788,3.25813053606619,7.8403233815792195,7.84048044458968,7.84048044458968,7.8403233815792195,1.2287504218681913,1.228688951107035,1.228688951107035,1.2287504218681913,1.1837379532628352,1.1839392979522567,1.1839392979522567,1.1837379532628352,4.681565612919908
300.0,27.744,94.782,5.528,2.713,4469.891,3.240334084340121,3.2403873164885995,3.2403873164885995,3.240334084340121,7.794479364262741,7.794626488885667,7.794626488885667,7.794479364262741,1.2265551989347538,1.2265056900029727,1.2265056900029727,1.2265551989347538,1.180685697869832,1.1808483798368663,1.1808483798368663,1.180685697869832,1.2572497590655467
300.0,27.746,79.668,6.394,5.718,4609.939,3.24108674948495,3.241141106449979,3.241141106449979,3.24108674948495,7.788550307930358,7.788700847232071,7.788700847232071,7.788550307930358,1.225365706162011,1.2253081338408898,1.2253081338408898,1.225365706162011,1.1797020065945314,1.1798907309722817,1.1798907309722817,1.1797020065945314,1.2178974074896387
300.0,27.748,14.34,5.529,6.357,2337.838,3.2508591512366345,3.2508978336261745,3.2508978336261745,3.2508591512366345,7.784717282018249,7.78482050808765,7.78482050808765,7.784717282018249,1.2219569816112656,1.2215987606268353,1.2215987606268353,1.2219569816112656,1.1768861598349445,1.1780229409294325,1.1780229409294325,1.1768861598349445,2.3915764764911267
300.0,27.776,65.121,6.108,3.474,2547.076,3.246713111885496,3.24676857621028,3.24676857621028,3.246713111885496,7.799385011745786,7.799538391217075,7.799538391217075,7.799385011745786,1.225442610616326,1.225373142912388,1.225373142912388,1.225442610616326,1.1801592830741348,1.1803864519609553,1.1803864519609553,1.1801592830741348,2.2021654077845767
300.0,27.846,94.313,4.477,5.062,4251.095,3.2406469157009536,3.2407000407497413,3.2407000407497413,3.2406469157009536,7.795813398759797,7.7959601613697345,7.7959601613697345,7.795813398759797,1.226667078731023,1.2266173403777585,1.2266173403777585,1.226667078731023,1.1808254752901663,1.1809889093398234,1.1809889093398234,1.1808254752901663,1.3219119089283946
300.0,27.975,93.599,5.313,2.623,4138.1,3.240830511553449,3.240883495498128,3.240883495498128,3.240830511553449,7.796721384480322,7.796868357495143,7.796868357495143,7.796721384480322,1.2267452783084225,1.2266952057718956,1.2266952057718956,1.2267452783084225,1.180932216765997,1.1810966393654874,1.1810966393654874,1.180932216765997,1.3579401165503138
300.0,28.039,13.69,3.94,4.275,3786.008,3.2464424141523,3.246478809936002,3.246478809936002,3.2464424141523,7.771188045581996,7.771285717620506,7.771285717620506,7.771188045581996,1.221050096268708,1.22067069163523,1.22067069163523,1.221050096268708,1.1758098216274673,1.1770124691532242,1.1770124691532242,1.1758098216274673,1.4767603411749275
300.0,28.039,53.146,3.465,3.683,3772.1,3.2439590499089097,3.244013598733941,3.2440135987339382,3.2439590499089097,7.784918767819345,7.785077888567587,7.785077888551126,7.784918767819345,1.2238865955399976,1.223802700550105,1.223802700550105,1.2238865955399976,1.1786486135062508,1.1789214259073857,1.1789214259073857,1.1786486135062508,1.485897907715616
300.0,28.187,71.609,4.26,3.419,470.758,3.293349226134886,3.2934074228726646,3.2934074228726646,3.293349226134886,7.961385853579613,7.961548694228627,7.961548694228627,7.961385853579613,1.2376749479242768,1.2376069527382083,1.2376069527382083,1.2376749479242768,1.194352629432032,1.1945747162594564,1.1945747162594564,1.194352629432032,11.915300246218774
300.0,28.326,64.126,4.639,4.154,3543.828,3.2436537690651215,3.243708149760176,3.243708149760176,3.2436537690651215,7.791575184016941,7.791725538380861,7.791725538380861,7.791575184016941,1.2250240619587238,1.2249538537028215,1.2249538537028215,1.2250240619587238,1.179688988546577,1.17991855502654,1.17991855502654,1.179688988546577,1.58268613736869
300.0,28.401,14.041,4.414,4.023,2388.353,3.250452072093045,3.2504893514554998,3.2504893514554998,3.250452072093045,7.786685036985085,7.786785379132872,7.786785379132872,7.786685036985085,1.2223314303000226,1.221962271305384,1.221962271305384,1.2223314303000226,1.17728833005979,1.1784590364243115,1.1784590364243115,1.17728833005979,2.3409085793505637
300.0,28.403,82.663,4.401,3.217,2571.006,3.2453703702062806,3.245423787630768,3.245423787630768,3.2453703702062806,7.808065275035106,7.808213244187191,7.808213244187191,7.808065275035106,1.2271849627844196,1.2271288730198913,1.2271288730198913,1.2271849627844196,1.1817185535322876,1.1819024859067468,1.1819024859067468,1.1817185535322876,2.1840397729935934
300.0,28.434,31.032,4.282,5.684,4615.852,3.243944041033162,3.243996221290076,3.243996221290076,3.243944041033162,7.774674016772256,7.774817239591633,7.774817239591633,7.774674016772256,1.2222005784384398,1.2220569376562778,1.2220569376562778,1.2222005784384398,1.1771637635437824,1.1776279975143904,1.1776279975143904,1.1771637635437824,1.2125903968612293
300.0,28.778,44.427,2.968,5.293,1154.773,3.260500525693983,3.260554322936013,3.260554322936013,3.260500525693983,7.839210028151518,7.839378127219499,7.839378127219499,7.839210028151518,1.2276976527316352,1.2275951662652156,1.2275951662652156,1.2276976527316352,1.183250785851153,1.1835820116649485,1.1835820116649485,1.183250785851153,4.850354392192969
300.0,28.867,91.191,6.478,2.594,3164.423,3.242756833915187,3.242808692658949,3.242808692658949,3.242756833915187,7.806615155499324,7.806758753542393,7.806758753542393,7.806615155499324,1.2276771112835934,1.2276257762333966,1.2276257762333966,1.2276771112835934,1.1820587696377676,1.1822273089985054,1.1822273089985054,1.1820587696377676,1.7754271873163088
300.0,28.999,25.454,2.946,5.544,3867.382,3.2452640969371784,3.2453135421999115,3.2453135421999115,3.2452640969371784,7.77896238527535,7.779097306150678,7.779097306150678,7.77896238527535,1.222462469597274,1.2222835858659435,1.2222835858659435,1.222462469597274,1.1775270634342698,1.1781027443916283,1.1781027443916283,1.1775270634342698,1.4467226132943531
300.0,29.209,29.321,5.629,4.296,1370.006,3.257637371081997,3.2576889663186672,3.2576889663186672,3.257637371081997,7.8235565298985374,7.823698837453958,7.823698837453958,7.8235565298985374,1.2259806801021125,1.225824837985022,1.225824837985022,1.2259806801021125,1.1815391760275595,1.1820418539374669,1.1820418539374669,1.1815391760275595,4.084519087856204
300.0,29.231,93.554,6.161,4.455,627.409,3.277364828102807,3.2774185293137936,3.2774185293137936,3.277364828102807,7.925705677487109,7.925854141364252,7.925854141364252,7.925705677487109,1.236582304245549,1.2365296864825306,1.2365296864825306,1.236582304245549,1.1924515830183209,1.1926242642994993,1.1926242642994993,1.1924515830183209,8.953372289260832
300.0,29.402,45.773,4.405,5.557,1442.323,3.2555950858524776,3.2556480188465278,3.2556480188465278,3.2555950858524776,7.82693423045724,7.82709248604099,7.82709248604099,7.82693423045724,1.2270978922002669,1.2269990927685794,1.2269990927685794,1.2270978922002669,1.1825105695598208,1.182830727603973,1.182830727603973,1.1825105695598208,3.883755875661732
300.0,29.646,30.076,6.237,6.467,2843.186,3.247291691732648,3.247341822814094,3.247341822814094,3.247291691732648,7.791801128521642,7.791944047438088,7.791944047438088,7.791801128521642,1.2238560441951591,1.223706084092144,1.223706084092144,1.2238560441951591,1.1790603804367883,1.179544079229331,1.179544079229331,1.1790603804367883,1.968371639743915
300.0,29.849,57.28,5.664,4.724,1299.776,3.256845195678992,3.2568983209147606,3.2568983209147606,3.256845195678992,7.839961787301552,7.840108658990573,7.840108658990573,7.839961787301552,1.2287797570748873,1.2287001914506115,1.2287001914506115,1.2287797570748873,1.1841902462310767,1.18444985045211,1.18444985045211,1.1841902462310767,4.3126834908765375
300.0,30.022,52.277,4.675,5.07,2624.908,3.246598956034485,3.2466510640196486,3.2466510640196486,3.246598956034485,7.803910036433994,7.804054063666249,7.804054063666249,7.803910036433994,1.2259627349129498,1.2258771330307583,1.2258771330307583,1.2259627349129498,1.1810302525482983,1.1813093122826444,1.1813093122826444,1.1810302525482983,2.1350023910676663
300.0,30.326,88.654,6.342,3.242,3725.267,3.24125037406282,3.24130030711115,3.24130030711115,3.24125037406282,7.808043270254821,7.808175582339476,7.808175582339476,7.808043270254821,1.2281927407968056,1.228140422428455,1.228140422428455,1.2281927407968056,1.182696897978732,1.1828691789758028,1.1828691789758028,1.182696897978732,1.5078419164175418
300.0,30.708,36.14,4.57,5.893,3771.915,3.2442934337784206,3.2443422698565256,3.2443422698565256,3.2442934337784206,7.790892362573099,7.791045819557446,7.791045819557446,7.790892362573099,1.2244717564285428,1.2243477517453805,1.2243477517453805,1.2244717564285428,1.1796440034674651,1.1800439871288215,1.1800439871288215,1.1796440034674651,1.4842619145194298
300.0,30.734,51.319,3.864,6.278,3711.329,3.243459952400423,3.24351070716756,3.24351070716756,3.243459952400423,7.796746430915964,7.7968866986711935,7.7968866986711935,7.796746430915964,1.225653403812912,1.225566503494874,1.225566503494874,1.225653403812912,1.1806805766947857,1.1809638066309986,1.1809638066309986,1.1806805766947857,1.5099326013109289
300.0,30.748,17.207,3.066,3.778,4070.604,3.2449506016657055,3.244990996549261,3.244990996549261,3.2449506016657055,7.782708246885784,7.7828182115701505,7.7828182115701505,7.782708246885784,1.2230183989351104,1.2227332141119578,1.2227332141119578,1.2230183989351104,1.1781268608340894,1.1790357222882382,1.1790357222882382,1.1781268608340894,1.37371441603376
300.0,30.843,89.153,2.55,6.496,4756.937,3.239510625939792,3.239559379949207,3.239559379949207,3.239510625939792,7.805306340622826,7.805438802395787,7.805438802395787,7.805306340622826,1.2282084929101162,1.2281564413064725,1.2281564413064725,1.2282084929101162,1.1826924221592592,1.1828635369700615,1.1828635369700615,1.1826924221592592,1.180858623823988
300.0,30.869,56.307,5.72,6.261,4530.466,3.241802318860693,3.241852735751264,3.241852735751264,3.241802318860693,7.794708300550038,7.794847526514515,7.794847526514515,7.794708300550038,1.22580235846045,1.2257229829425016,1.2257229829425016,1.22580235846045,1.1807312998881998,1.1809903742500194,1.1809903742500194,1.1807312998881998,1.2373235011496564
300.0,30.884,70.76,5.568,5.706,886.684,3.2655626151639185,3.265614533725099,3.265614533725099,3.2655626151639185,7.882250250921819,7.882387948007414,7.882387948007414,7.882250250921819,1.2329059796181965,1.2328398113869088,1.2328398113869088,1.2329059796181965,1.1886735037590077,1.1888904858257718,1.1888904858257718,1.1886735037590077,6.326573544058507
300.0,31.349,51.579,3.336,5.869,1492.692,3.25412453495149,3.2541751027662715,3.2541751027662715,3.25412453495149,7.835767013776779,7.835906395431033,7.835906395431033,7.835767013776779,1.2287433135822563,1.2286554548097888,1.2286554548097888,1.2287433135822563,1.1842575343524122,1.1845438073147094,1.1845438073147094,1.1842575343524122,3.753872824214525
300.0,31.497,87.376,3.412,3.453,1496.078,3.251917211446392,3.2519657447051875,3.2519657447051875,3.251917211446392,7.8492672893334685,7.849402455499046,7.849402455499046,7.8492672893334685,1.2315664642205422,1.2315124784227516,1.2315124784227516,1.2315664642205422,1.1866527043709016,1.186829716915884,1.186829716915884,1.1866527043709016,3.753802291168829
300.0,31.525,86.528,4.36,3.678,3238.091,3.242173972006076,3.2422218632099975,3.2422218632099975,3.242173972006076,7.816413182491886,7.816545682674846,7.816545682674846,7.816413182491886,1.2291398331234733,1.229086107835597,1.229086107835597,1.2291398331234733,1.1838339694375033,1.184010290088093,1.184010290088093,1.1838339694375033,1.7343886533950943
300.0,31.708,48.397,6.031,4.75,2465.18,3.247066858958288,3.247116324323821,3.247116324323821,3.247066858958288,7.8123706846991245,7.812507337526427,7.812507337526427,7.8123706846991245,1.227010932950819,1.2269182888381924,1.2269182888381924,1.227010932950819,1.1823062362665462,1.1826078315796462,1.1826078315796462,1.1823062362665462,2.272654635416496
300.0,31.929,77.307,6.116,2.758,2651.948,3.244483672807666,3.244531750262957,3.244531750262957,3.244483672807666,7.821135977119136,7.8212683881329665,7.8212683881329665,7.821135977119136,1.2291710158453784,1.2291114548734878,1.2291114548734878,1.2291710158453784,1.184103163784192,1.184298374118594,1.184298374118594,1.184103163784192,2.1164450519577382
300.0,31.943,75.508,6.267,3.731,2636.98,3.244646465455308,3.2446946400412338,3.2446946400412338,3.244646465455308,7.820751673872347,7.820883996312448,7.820883996312448,7.820751673872347,1.2290583744386807,1.2289975232757215,1.2289975232757215,1.2290583744386807,1.1840178585538683,1.1842172950658942,1.1842172950658942,1.1840178585538683,2.1282149901835674
300.0,32.016,16.507,4.073,2.843,2340.603,3.24953445490276,3.249572662382743,3.249572662382743,3.24953445490276,7.804426945559771,7.804531379647497,7.804531379647497,7.804426945559771,1.225045937774415,1.2247422836290969,1.2247422836290969,1.225045937774415,1.1804289253330555,1.1813952717949046,1.1813952717949046,1.1804289253330555,2.3887782399831305
300.0,32.053,67.937,3.528,4.659,4600.758,3.2406865199253034,3.2407348103665248,3.2407348103665248,3.2406865199253034,7.803897141318872,7.804026871426807,7.804026871426807,7.803897141318872,1.2274894080217085,1.2274228495276156,1.2274228495276156,1.2274894080217085,1.1823804254627566,1.1825985648780886,1.1825985648780886,1.1823804254627566,1.2192691598064094
300.0,32.344,70.82,2.838,5.329,3542.596,3.2421976300190907,3.2422452224560323,3.2422452224560323,3.2421976300190907,7.812121774635944,7.81225326941736,7.81225326941736,7.812121774635944,1.2283415166927236,1.2282771808226616,1.2282771808226616,1.2283415166927236,1.183294406810727,1.1835050268303955,1.1835050268303955,1.183294406810727,1.5837122329295912
300.0,32.417,12.848,4.69,5.811,4138.061,3.244657938999272,3.244687899968258,3.244687899968258,3.244657938999272,7.788281706043443,7.788362621329352,7.788362621329352,7.788281706043443,1.2238859892014788,1.223466036501374,1.223466036501374,1.2238859892014788,1.1789274212574905,1.1802557748011142,1.1802557748011142,1.1789274212574905,1.3508836236174897
300.0,32.477,54.46,4.142,3.135,4330.812,3.2417677587793308,3.2418159445353334,3.2418159445353334,3.2417677587793308,7.8022492027006365,7.802377677794069,7.802377677794069,7.8022492027006365,1.2268541124727796,1.2267720463050726,1.2267720463050726,1.2268541124727796,1.181966867616442,1.1822349632388447,1.1822349632388447,1.181966867616442,1.29414927996029
300.0,32.64,22.005,3.603,3.091,2205.967,3.249733132617642,3.24977516376716,3.24977516376716,3.249733132617643,7.81151932939695,7.811648474979479,7.811648474979479,7.811519329387024,1.2260260131284593,1.2258102565708744,1.2258102565708744,1.2260260131284593,1.181595701958614,1.1822858183319287,1.1822858183319287,1.181595701958614,2.5353884601335177
300.0,32.834,27.871,6.089,3.636,3579.06,3.244621663439513,3.2446674463673006,3.2446674463673006,3.244621663439513,7.798820224915763,7.798931908127002,7.798931908127002,7.798820224915763,1.2254371298961002,1.225273579588304,1.225273579588304,1.2254371298961002,1.1808592948260233,1.1813875562234937,1.1813875562234937,1.1808592948260233,1.5633217808208113
300.0,32.887,93.853,5.494,4.933,3308.824,3.241222051622572,3.241267189146172,3.241267189146172,3.241222051622572,7.824735568701499,7.824861369371579,7.824861369371579,7.824735568701499,1.2306168386373852,1.2305668457732173,1.2305668457732173,1.2306168386373852,1.18534373089832,1.185507846125733,1.185507846125733,1.18534373089832,1.698025728911965
300.0,33.05,15.054,4.053,4.164,3393.656,3.2457742490214376,3.2458083772489257,3.2458083772489257,3.2457742490214376,7.796648433935808,7.796746247515276,7.796746247515276,7.796648433935808,1.2248025327178345,1.2244609527589303,1.2244609527589303,1.2248025327178345,1.1800853795686612,1.1811694412489788,1.1811694412489788,1.1800853795686612,1.647382699456159
300.0,33.115,73.025,5.265,2.988,2420.605,3.2454281447902047,3.245474602441396,3.245474602441396,3.2454281447902047,7.828351063231678,7.828479934347462,7.828479934347462,7.828351063231678,1.229917615723623,1.2298547064392236,1.2298547064392236,1.229917615723623,1.1850661541411671,1.1852721087458764,1.1852721087458764,1.1850661541411671,2.3179921094244973
300.0,33.381,73.154,3.513,3.147,4908.487,3.2396623058573786,3.2397079820120083,3.2397079820120083,3.2396623058573786,7.810598375180442,7.810725024718381,7.810725024718381,7.810598375180442,1.2287287401378075,1.228666410959922,1.228666410959922,1.2287287401378075,1.1836681342067965,1.1838722106279291,1.1838722106279291,1.1836681342067965,1.1431613296560106
300.0,33.607,52.578,2.73,5.564,1031.322,3.2616963708255464,3.2617438696012666,3.2617438696012666,3.2616963708255464,7.873863888301954,7.873996040949257,7.873996040949257,7.873863888301954,1.2323914991408365,1.2323038950646834,1.2323038950646834,1.2323914991408365,1.1884769182812418,1.1887621774328714,1.1887621774328714,1.1884769182812418,5.432809508010988
300.0,33.645,99.978,4.203,4.464,2041.584,3.245806893680623,3.24585126002773,3.24585126002773,3.245806893680623,7.847610311513576,7.847723126485939,7.847723126485939,7.847610311513576,1.2328703959261853,1.2328230878919524,1.2328230878919524,1.2328703959261853,1.187814243298938,1.1879706339300775,1.1879706339300775,1.187814243298938,2.7528966662175502
300.0,33.684,16.802,4.867,6.28,2432.17,3.248641687968057,3.2486794088391524,3.2486794088391524,3.248641687968057,7.810620917943162,7.810703213370667,7.810703213370667,7.810620917943162,1.2261222395887967,1.2258241270975965,1.2258241270975965,1.2261222395887967,1.1816518522583552,1.1826026155471492,1.1826026155471492,1.1816518522583552,2.2987799291119284
300.0,34.013,46.775,3.49,4.991,3673.136,3.2429613559232484,3.2430069507878865,3.2430069507878865,3.2429613559232484,7.810234757014016,7.8103601267626175,7.8103601267626175,7.810234757014016,1.2276223382524047,1.2275264959380097,1.2275264959380097,1.2276223382524047,1.18301410300107,1.1833260024614969,1.1833260024614969,1.18301410300107,1.5250443582135338
300.0,34.087,76.449,3.516,3.417,4728.315,3.239498992314977,3.239543371729244,3.239543371729244,3.239498992314977,7.815740979575389,7.815863902001466,7.815863902001466,7.815740979575389,1.229529024332331,1.2294691032988545,1.2294691032988545,1.229529024332331,1.1845061265945511,1.184702458128542,1.184702458128542,1.1845061265945511,1.186939625273547
300.0,34.248,42.315,6.287,5.723,2590.896,3.24625666384693,3.2463019289383337,3.2463019289383337,3.24625666384693,7.820020908885534,7.820146195159832,7.820146195159832,7.820020908885534,1.22820170822165,1.2280952312333568,1.2280952312333568,1.22820170822165,1.18378585127728,1.1841316159043846,1.1841316159043846,1.18378585127728,2.1613950168083997
300.0,34.923,12.492,2.986,4.508,4507.023,3.243469309816708,3.243495708428092,3.243495708428092,3.243469309816708,7.797639145090271,7.797710437735643,7.797710437735643,7.797639145090271,1.2254828747970148,1.2250424293713265,1.2250424293713265,1.2254828747970148,1.1806993154789167,1.182091133234241,1.182091133234241,1.1806993154789167,1.2401794919446607
300.0,34.953,86.156,2.968,3.492,1906.667,3.247266209062152,3.247310411064472,3.247310411064472,3.247266209062152,7.851831010910147,7.851930661629561,7.851930661629561,7.851831010910147,1.232963587332881,1.2329098376403504,1.2329098376403504,1.232963587332881,1.1882711018198244,1.1884494433650064,1.1884494433650064,1.1882711018198244,2.9449919142422787
300.0,35.052,77.762,2.973,6.186,1274.053,3.2548683552312427,3.254912746560624,3.254912746560624,3.2548683552312427,7.873044085456391,7.873156742012922,7.873156742012922,7.873044085456391,1.234119973915769,1.2340599705071111,1.2340599705071111,1.234119973915769,1.1898567497565529,1.1900541506763844,1.1900541506763844,1.1898567497565529,4.404699113539287
300.0,35.487,62.776,2.771,6.46,4149.272,3.2407777871064174,3.240820955458473,3.240820955458473,3.2407777871064174,7.819943870618488,7.820060946381325,7.820060946381325,7.819943870618488,1.229666680599936,1.2295945732714593,1.2295945732714593,1.229666680599936,1.1849925124038818,1.1852283061972724,1.1852283061972724,1.1849925124038818,1.351350683149354
300.0,35.606,12.644,5.385,3.812,2253.281,3.2492876764460634,3.2493140871610766,3.2493140871610766,3.2492876764460634,7.820839951274864,7.82091145123224,7.82091145123224,7.820839951274864,1.2274318864039877,1.2269944773523938,1.2269944773523938,1.2274318864039877,1.182962422127222,1.1843447265121498,1.1843447265121498,1.182962422127222,2.480469453675803
300.0,35.683,84.718,5.434,3.142,3308.884,3.2411006331139327,3.2411429296930536,3.2411429296930536,3.2411006331139327,7.834411593857504,7.83451495281913,7.83451495281913,7.834411593857504,1.2318928692029032,1.231838448391767,1.231838448391767,1.2318928692029032,1.187036075105858,1.1872158387320129,1.1872158387320129,1.187036075105858,1.6968722679398942
300.0,35.832,85.681,5.429,2.884,1477.077,3.2512854134260127,3.2513278571300015,3.2513278571300015,3.2512854134260127,7.869773775016611,7.8698801603239215,7.8698801603239215,7.869773775016611,1.23456737987974,1.234512659289156,1.234512659289156,1.23456737987974,1.1901646469106248,1.1903451427861445,1.1903451427861445,1.1901646469106248,3.801159963611476
300.0,35.843,87.308,5.979,2.903,1620.773,3.249541131887372,3.2495832077896973,3.2495832077896973,3.249541131887372,7.864921555411494,7.865029984696122,7.865029984696122,7.864921555411494,1.2343011862711066,1.2342474455398107,1.2342474455398107,1.2343011862711066,1.1898061377194855,1.1899831472846785,1.1899831472846785,1.1898061377194855,3.464551880703538
300.0,35.926,54.022,5.915,4.407,3275.782,3.242943065955851,3.2429858187540783,3.2429858187540783,3.242943065955851,7.824666682056505,7.82478421257616,7.82478421257616,7.824666682056505,1.2297343207007807,1.2296506881955225,1.2296506881955225,1.2297343207007807,1.185280576212545,1.185553287462418,1.185553287462418,1.185280576212545,1.7107007061243005
300.0,36.042,91.809,4.904,3.643,3840.88,3.2394543402324967,3.2394947998971975,3.2394947998971975,3.2394543402324967,7.834889836663778,7.835001251585431,7.835001251585431,7.834889836663778,1.2324153515877416,1.2323644723003535,1.2323644723003535,1.2324153515877416,1.1874575460351655,1.187624660435749,1.187624660435749,1.1874575460351655,1.4624885277493305
300.0,36.071,89.926,3.015,5.605,808.632,3.2664298302725663,3.2664720893229453,3.2664720893229453,3.2664298302725663,7.924287780692087,7.924402073972048,7.924402073972048,7.924287780692087,1.238804681446586,1.238750966779429,1.238750966779429,1.238804681446586,1.195091173330584,1.195267604148767,1.195267604148767,1.195091173330584,6.944264697117872
300.0,36.305,12.339,5.858,5.469,4350.085,3.24333029453203,3.243354848180579,3.243354848180579,3.24333029453203,7.8045795828031,7.80464560221737,7.80464560221737,7.8045795828031,1.2264936366994212,1.226043108577212,1.226043108577212,1.2264936366994212,1.181835123599868,1.1832581925137418,1.1832581925137418,1.181835123599868,1.2848531023772132
300.0,36.787,98.794,6.177,5.949,3854.604,3.2388513131907657,3.2388900049174647,3.2388900049174647,3.2388513131907657,7.840890156374635,7.840998492519582,7.840998492519582,7.840890156374635,1.233478213454668,1.2334305007365252,1.2334305007365252,1.233478213454668,1.1885122789209146,1.1886690009822565,1.1886690009822565,1.1885122789209146,1.4578869586304082
300.0,36.818,93.553,2.808,2.61,3223.296,3.240543110473587,3.240582242996287,3.240582242996287,3.240543110473587,7.8437532692473955,7.843863027743111,7.843863027743111,7.8437532692473955,1.233433944396262,1.2333837516721944,1.2333837516721944,1.233433944396262,1.1885999109684222,1.188764621593675,1.188764621593675,1.1885999109684222,1.742830836810118
300.0,36.897,30.373,2.759,5.918,3393.096,3.243837017095307,3.243876779217425,3.243876779217425,3.243837017095307,7.819612455810594,7.819722556819123,7.819722556819123,7.819612455810594,1.2285665590942805,1.2284151540868118,1.2284151540868118,1.2285665590942805,1.184397456470852,1.18488587669829,1.18488587669829,1.184397456470852,1.6490527302910256
300.0,37.043,94.532,3.344,6.26,1285.014,3.253317119563554,3.2533565503620743,3.2533565503620743,3.253317119563554,7.888297756995754,7.888408583916851,7.888408583916851,7.888297756995754,1.2367928329189362,1.2367422116602071,1.2367422116602071,1.2367928329189362,1.1925522212142363,1.1927183026164898,1.1927183026164898,1.1925522212142363,4.371452603546174
300.0,37.071,80.759,3.963,2.764,2150.23,3.2454771538029417,3.2455170793070995,3.2455170793070995,3.2454771538029417,7.854396668274512,7.854508321287643,7.854508321287643,7.854396668274512,1.233657428211827,1.2335997292544267,1.2335997292544267,1.233657428211827,1.1891996834886776,1.1893886799641922,1.1893886799641922,1.1891996834886776,2.610376497495136
300.0,37.169,39.68,2.966,5.222,364.052,3.310924129058768,3.310968908750763,3.310968908750763,3.310924129058768,8.051443085747998,8.051567132705506,8.051567132705506,8.051443085747998,1.2458119667232506,1.2456869314268553,1.2456869314268553,1.2458119667232506,1.2048324110258255,1.2052368892295309,1.2052368892295309,1.2048324110258255,15.370154375213914
300.0,37.333,50.155,3.199,5.581,1438.41,3.2535024836751107,3.2535450638737284,3.2535450638737284,3.2535024836751107,7.865369110743891,7.865463861387869,7.865463861387869,7.865369110743891,1.23302281784377,1.2329319197667583,1.2329319197667583,1.23302281784377,1.1892220177980763,1.1895198414391146,1.1895198414391146,1.1892220177980763,3.894437422789204
300.0,37.449,97.152,4.329,3.982,2986.615,3.2408700772156025,3.2409080331037905,3.2409080331037905,3.2408700772156025,7.850332878891613,7.850439099247395,7.850439099247395,7.850332878891613,1.2343254254778693,1.2342768449342827,1.2342768449342827,1.2343254254778693,1.1895476151355715,1.1897072019335768,1.1897072019335768,1.1895476151355715,1.8813219774002887
300.0,37.505,24.949,3.896,3.008,2647.97,3.2462698568709274,3.2463072949025364,3.2463072949025364,3.2462698568709274,7.827988813387645,7.828092023590944,7.828092023590944,7.827988813387645,1.2291459619752714,1.228956723658173,1.228956723658173,1.2291459619752714,1.1851340534699624,1.1857418866259388,1.1857418866259388,1.1851340534699624,2.112289828848127
300.0,38.008,68.097,5.566,3.23,3439.831,3.241220635226652,3.241259666431725,3.241259666431725,3.241220635226652,7.838180542855322,7.838289101121008,7.838289101121008,7.838180542855322,1.232186718294502,1.2321194650778564,1.2321194650778564,1.232186718294502,1.187778806695932,1.1879987095097038,1.1879987095097038,1.187778806695932,1.6304566690631876
300.0,38.225,91.605,5.985,5.704,1437.621,3.250963042699802,3.2510008107821826,3.2510008107821826,3.250963042699802,7.88527998881447,7.885385795503377,7.885385795503377,7.88527998881447,1.2368597042964893,1.2368077561718462,1.2368077561718462,1.2368597042964893,1.1926942942199712,1.1928647326988475,1.1928647326988475,1.1926942942199712,3.906619402100272
300.0,38.485,90.462,5.253,5.665,4542.092,3.2378748476007586,3.237911634732279,3.237911634732279,3.2378748476007586,7.84224564173345,7.842348983691636,7.842348983691636,7.84224564173345,1.2337807684057842,1.233729155455097,1.233729155455097,1.2337807684057842,1.1890675554934909,1.1892368542879497,1.1892368542879497,1.1890675554934909,1.2365185419098
300.0,38.488,40.933,5.719,3.616,1501.789,3.2529767305842134,3.2530167539420085,3.2530167539420085,3.2529767305842134,7.864712752558384,7.864811037708253,7.864811037708253,7.864712752558384,1.232944519802729,1.2328322924238144,1.2328322924238144,1.232944519802729,1.1893219765153724,1.1896869635817278,1.1896869635817278,1.1893219765153724,3.7278087000427274
300.0,38.508,95.166,4.812,5.271,4194.763,3.238099285750069,3.2381360207515333,3.2381360207515333,3.238099285750069,7.845786464665467,7.84588451370518,7.84588451370518,7.845786464665467,1.234283195405322,1.234234020182003,1.234234020182003,1.234283195405322,1.1895356377073687,1.1896975251881206,1.1896975251881206,1.1895356377073687,1.3392923203458331
300.0,38.649,70.444,4.074,4.207,752.071,3.2696024871350464,3.26964201921108,3.26964201921108,3.2696024871350464,7.938099285881604,7.938210474729898,7.938210474729898,7.938099285881604,1.23976129574189,1.2396934818253422,1.2396934818253422,1.23976129574189,1.1967241482685254,1.1969456167255716,1.1969456167255716,1.1967241482685254,7.456612095522584
300.0,38.977,86.072,5.198,3.186,3998.672,3.238841457753632,3.2388780970196587,3.2388780970196587,3.238841457753632,7.845704242954734,7.845803176146781,7.845803176146781,7.845704242973742,1.233991520919991,1.2339375359729157,1.2339375359729157,1.233991520919991,1.1894266291310225,1.1896040022348209,1.1896040022348209,1.1894266291310225,1.4041431050699127
300.0,39.019,12.404,4.671,4.586,1066.835,3.261955883347353,3.261979019119312,3.261979019119312,3.261955883347353,7.881542170665601,7.88159798800944,7.88159798800944,7.881542170665601,1.233094603719057,1.2326323411024118,1.2326323411024118,1.233094603719057,1.1895306685302645,1.1909903442508547,1.1909903442508547,1.1895306685302645,5.2378494032038745
300.0,39.275,41.916,3.621,6.466,3026.466,3.24354912520362,3.2435868054074795,3.2435868054074795,3.24354912520362,7.838135666941795,7.838240131484032,7.838240131484032,7.838135666941795,1.2313473671822672,1.2312385634913847,1.2312385634913847,1.2313473671822672,1.1874037880535655,1.1877568244314585,1.1877568244314585,1.1874037880535655,1.8500125981947957
300.0,39.31,82.802,4.01,2.657,2879.167,3.241631959868552,3.241668635965599,3.241668635965599,3.241631959868552,7.855030243729579,7.855126871099332,7.855126871099332,7.855030243729579,1.2346251387654126,1.234569048576254,1.234569048576254,1.2346251387654126,1.1902592033048716,1.1904435541533989,1.1904435541533989,1.1902592033048716,1.9496522406661736
300.0,39.351,58.403,5.407,3.077,1811.167,3.248657069349264,3.248694928123308,3.248694928123308,3.248657069349264,7.86491790413158,7.8650236516873955,7.8650236516873955,7.86491790413158,1.234136913316757,1.2340580495904907,1.2340580495904907,1.234136913316757,1.1903105802205356,1.1905677457365276,1.1905677457365276,1.1903105802205356,3.094423504086567
300.0,39.494,68.187,3.387,5.313,2390.128,3.2443861701450456,3.244423207557505,3.244423207557505,3.2443861701450456,7.8569662655410335,7.857070123988666,7.857070123988666,7.8569662655410335,1.2341006278950537,1.2340329618902692,1.2340329618902692,1.2341006278950537,1.1900173507599026,1.190238468702154,1.190238468702154,1.1900173507599026,2.34636088474228
300.0,39.503,91.257,2.764,4.942,3240.872,3.240038918980088,3.24007559579864,3.24007559579864,3.240038918980088,7.8555676405145185,7.855647801003446,7.855647801003446,7.8555676405145185,1.2351592583022517,1.2351085084781137,1.2351085084781137,1.2351592583022517,1.1906645932098308,1.190833147035231,1.190833147035231,1.1906645932098308,1.7329801808781435
300.0,39.786,43.848,6.138,4.835,3689.099,3.2416913859951086,3.2417282910916856,3.2417282910916856,3.2416913859951086,7.835830340286277,7.835932764790976,7.835932764790976,7.835830340286277,1.2314615267551268,1.2313576738035763,1.2313576738035763,1.2314615267551268,1.187488350359764,1.1878255943528004,1.1878255943528004,1.187488350359764,1.5178943741546973
300.0,39.824,82.226,4.223,3.528,2006.279,3.245721128590068,3.2457578580211663,3.2457578580211663,3.245721128590068,7.871238090626811,7.87132533280126,7.87132533280126,7.871238090626811,1.2359572604828513,1.2359007279563543,1.2359007279563543,1.2359572604828513,1.1918494138644231,1.1920360106856316,1.1920360106856316,1.1918494138644231,2.797660380715702
300.0,39.877,92.716,5.705,6.089,617.029,3.276335233544854,3.2763729906114696,3.2763729906114696,3.276335233544854,7.980234415998104,7.980319976900514,7.980319976900514,7.980234415998104,1.2443473327401684,1.2442946472504486,1.2442946472504486,1.2443473327401684,1.2016484117518933,1.2018229202582138,1.2018229202582138,1.2016484117518933,9.100253921461887
300.0,40.062,16.378,4.238,2.828,1717.908,3.2517566600633407,3.251784952336404,3.251784952336404,3.2517566600633407,7.855418376608262,7.85549648868231,7.85549648868231,7.855418376608262,1.2317090875697645,1.231390960232995,1.231390960232995,1.2317090875697645,1.1880737545814783,1.1890847161123228,1.1890847161123228,1.1880737545814783,3.253705787997081
300.0,40.215,62.405,3.592,4.033,593.326,3.279670311450323,3.2797084285520373,3.2797084285520373,3.279670311450323,7.976002707945309,7.976110152776793,7.976110152776793,7.976002707945309,1.2426505001424566,1.2425731513454303,1.2425731513454303,1.2426505001424566,1.2004006708507649,1.2006526976786391,1.2006526976786391,1.2004006708507649,9.445601000407258
300.0,40.268,50.527,2.949,3.435,1263.443,3.2555045723102007,3.2555416059559708,3.2555416059559708,3.2555045723102007,7.8884402741744974,7.888544275315113,7.888544275315113,7.8884402741744974,1.2357812704584463,1.2356893343177362,1.2356893343177362,1.2357812704584463,1.192445514253583,1.192744434925603,1.192744434925603,1.192445514253583,4.433348181608945
300.0,40.478,77.917,5.501,3.258,1242.014,3.254313102309246,3.254349993743893,3.254349993743893,3.254313102309246,7.901197026828549,7.901277810718756,7.901277810718756,7.901197026828549,1.2381436458922008,1.2380836446265546,1.2380836446265546,1.2381436458922008,1.19456411954126,1.1947624827965757,1.1947624827965757,1.19456411954126,4.517552897281727
300.0,40.704,17.409,3.599,3.722,3816.083,3.2427923426564647,3.242820581830656,3.242820581830656,3.2427923426564647,7.829598519228063,7.829676145620515,7.829676145620515,7.829598519228063,1.2301064458061133,1.229814179392196,1.229814179392196,1.2301064458061133,1.1861999556756413,1.1871303306852576,1.1871303306852576,1.1861999556756413,1.4649072025403946
300.0,40.727,37.671,3.381,3.616,4103.702,3.241084158192741,3.2411193676109407,3.2411193676109407,3.241084158192741,7.835486270101167,7.835583918275287,7.835583918275287,7.835486270101167,1.231477962179602,1.231356259944019,1.231356259944019,1.231477962179602,1.1876263844741328,1.1880204850395728,1.1880204850395728,1.1876263844741328,1.3639770226167354
300.0,40.744,47.32,4.131,4.156,1003.122,3.261262923086191,3.2612995634158928,3.2612995634158928,3.261262923086191,7.908546279475898,7.908648737371793,7.908648737371793,7.908546279475898,1.2372471097748703,1.2371480594353947,1.2371480594353947,1.2372471097748703,1.194265059306013,1.1945867668043852,1.1945867668043852,1.194265059306013,5.582381938564112
300.0,40.867,63.493,5.396,5.525,4311.075,3.2392262036959782,3.2392620823035947,3.2392620823035947,3.2392262036959782,7.844640569940003,7.844726108216951,7.844726108216951,7.844640569940003,1.233473499921098,1.2334018182308957,1.2334018182308957,1.233473499921098,1.189376028805662,1.1896113892734894,1.1896113892734894,1.189376028805662,1.3004725942153297
300.0,40.873,20.005,3.202,4.232,2630.906,3.2458249744207657,3.2458552993469665,3.2458552993469665,3.2458249744207657,7.842124975469766,7.842208765134447,7.842208765134447,7.842124975469766,1.2311863395344398,1.2309384357263935,1.2309384357263935,1.2311863395344398,1.1874954482585116,1.1882871749386668,1.1882871749386668,1.1874954482585116,2.1251031835144536
300.0,40.98,94.496,5.228,3.839,1908.522,3.245507191193058,3.2455405791341185,3.2455405791341185,3.245507191193058,7.883895645013408,7.883989427723152,7.883989427723152,7.883895645013408,1.237912502216007,1.2378622288967858,1.2378622288967858,1.237912502216007,1.1938353807503723,1.1940003602428182,1.1940003602428182,1.1938353807503723,2.943097695246653
300.0,41.003,31.326,3.368,2.939,3731.574,3.242058209630207,3.2420923039913907,3.2420923039913907,3.242058209630207,7.836666409941073,7.8367611468961424,7.8367611468961424,7.836666409941073,1.2313578103060174,1.2312094241833746,1.2312094241833746,1.2313578103060174,1.1875982144835482,1.1880769279167689,1.1880769279167689,1.1875982144835482,1.4993790181040767
300.0,41.029,65.051,4.561,4.066,1496.732,3.251128135377406,3.251164760163688,3.251164760163688,3.251128135377406,7.886258940424115,7.886338877666782,7.886338877666782,7.886258940424115,1.236622642703496,1.23655166005758,1.23655166005758,1.236622642703496,1.1930765746920735,1.1933103012812294,1.1933103012812294,1.1930765746920735,3.7457655897753313
300.0,41.072,87.23,3.758,2.591,2231.863,3.243792301665805,3.243826109961824,3.243826109961824,3.243792301665805,7.874530655776928,7.874623494668781,7.874623494668781,7.874530655776928,1.2369037593595331,1.2368498822453802,1.2368498822453802,1.2369037593595331,1.1928261890341638,1.1930029810992475,1.1930029810992475,1.1928261890341638,2.5156052590513376
300.0,41.136,54.128,3.75,5.733,640.393,3.2765051240523078,3.276542219548477,3.276542219548477,3.2765051240523078,7.965744684476187,7.9658441181651405,7.9658441181651405,7.965744684476187,1.2418384357093537,1.241749966426634,1.241749966426634,1.2418384357093537,1.19961791160144,1.1999060690828738,1.1999060690828738,1.19961791160144,8.74682340334958
300.0,41.476,32.133,4.515,5.082,4450.709,3.2407137750992208,3.2407472912109143,3.2407472912109143,3.2407137750992208,7.8352409091882125,7.8353337253544195,7.8353337253544195,7.8352409091882125,1.2314657624697842,1.2313213847090343,1.2313213847090343,1.2314657624697842,1.1877054975093129,1.1881715566245226,1.1881715566245226,1.1877054975093129,1.2571697553992067
300.0,41.552,95.0,4.532,6.236,4779.398,3.2366509833095187,3.236683117114755,3.236683117114755,3.2366509833095187,7.857718518441798,7.857808902607875,7.857808902607875,7.857718518441798,1.2362537493707293,1.2362042759886802,1.2362042759886802,1.2362537493707293,1.1918365556582713,1.1919989867132297,1.1919989867132297,1.1918365556582713,1.1753441156066575
300.0,41.804,56.02,4.514,4.25,1607.305,3.250207518668372,3.250243310677446,3.250243310677446,3.250207518668372,7.882335749977575,7.8824129124286815,7.8824129124286815,7.882335749977575,1.2361712897922237,1.2360891246140782,1.2360891246140782,1.2361712897922237,1.1927569657644566,1.193026654951473,1.193026654951473,1.1927569657644566,3.4860512358005638
300.0,41.95,34.302,5.793,3.598,3796.028,3.2415399246967933,3.241573214693392,3.241573214693392,3.2415399246967933,7.841823587330648,7.841915283332587,7.841915283332587,7.841823587330648,1.2322225952025352,1.2320876104167109,1.2320876104167109,1.2322225952025352,1.1885541473014627,1.188990398519301,1.188990398519301,1.1885541473014627,1.4741533195878758
300.0,42.132,78.545,4.747,6.081,768.175,3.2678108693272168,3.267844769364349,3.267844769364349,3.2678108693272168,7.956005438832646,7.956101146495674,7.956101146495674,7.956005438832646,1.2427213855621204,1.242659867120198,1.242659867120198,1.2427213855621204,1.2000377599311718,1.2002388741306014,1.2002388741306014,1.2000377599311718,7.303189690453332
300.0,42.151,40.151,3.899,6.057,799.041,3.2684525256284616,3.2684878218015494,3.2684878218015494,3.2684525256284616,7.936367071884056,7.936456809487265,7.936456809487265,7.936367071884056,1.239409430740032,1.2392909450290155,1.2392909450290155,1.239409430740032,1.197004047683372,1.1973883991980443,1.1973883991980443,1.197004047683372,7.004278010691319
300.0,42.22,19.036,3.795,6.215,1760.207,3.2507345637963168,3.2507627038449507,3.2507627038449507,3.2507345637963168,7.86537382522448,7.865452210739946,7.865452210739946,7.86537382522448,1.2333251032660877,1.233058752958771,1.233058752958771,1.2333251032660877,1.1899976057134525,1.1908468491813171,1.1908468491813171,1.1899976057134525,3.1758400604473973
300.0,42.309,23.908,6.399,3.212,4079.131,3.2415635167145207,3.241593841782936,3.241593841782936,3.2415635167145207,7.8380092566292605,7.838093417109923,7.838093417109923,7.8380092566292605,1.2315848846838733,1.2313835004652185,1.2313835004652185,1.2315848846838733,1.1879391978819496,1.1885849794011096,1.1885849794011096,1.1879391978819496,1.370936781786789
300.0,42.758,46.036,6.183,5.375,3139.73,3.2421954554629777,3.242229233603009,3.242229233603009,3.2421954554629777,7.855132461714458,7.8552106625391875,7.8552106625391875,7.855132461714458,1.2340561552579314,1.2339567425950158,1.2339567425950158,1.2340561552579314,1.1904677901463705,1.1907921027609658,1.1907921027609658,1.1904677901463705,1.783542521628266
300.0,42.991,23.588,4.806,3.876,3357.228,3.242872062232635,3.2429019758600006,3.2429019758600006,3.242872062232635,7.84594373691366,7.846017148963942,7.846017148963942,7.84594373691366,1.2323965393280574,1.2321913505921709,1.2321913505921709,1.2323965393280574,1.1888910184669252,1.189549563837492,1.189549563837492,1.1888910184669252,1.6656392189050226
300.0,43.228,92.233,3.831,3.517,525.431,3.283861464836088,3.2838934214905557,3.2838934214905557,3.283861464836088,8.023953120606658,8.024047840436172,8.024047840436172,8.023953120606658,1.2486627273670952,1.2486082681648172,1.2486082681648172,1.2486627273670952,1.2068989766552474,1.2070768905834646,1.2070768905834646,1.2068989766552474,10.684413256641845
300.0,43.447,49.513,5.309,4.517,711.027,3.2720504786151463,3.2720840338561503,3.2720840338561503,3.2720504786151463,7.960966392158969,7.9610571826333345,7.9610571826333345,7.960966392158969,1.2421072038889764,1.2420104401107397,1.2420104401107397,1.2421072038889764,1.200031357093252,1.200345871045734,1.200345871045734,1.200031357093252,7.875288615972585
300.0,43.528,27.0,4.471,3.836,1590.1,3.251674943520769,3.2517058901667357,3.2517058901667357,3.251674943520769,7.880289496922275,7.880362409749235,7.880362409749235,7.880289496922275,1.2352364492617591,1.2350580788229282,1.2350580788229282,1.2352364492617591,1.192223682318548,1.192798098151597,1.192798098151597,1.192223682318548,3.5171499930655568
300.0,43.856,12.542,3.576,4.825,3358.981,3.2433182100024727,3.2433356019785693,3.2433356019785693,3.2433182100024727,7.845940163995506,7.845983573836656,7.845983573836656,7.845940163995506,1.2322789499978433,1.231824124252514,1.231824124252514,1.2322789499978433,1.1885104450459587,1.1899465793364077,1.1899465793364077,1.1885104450459587,1.6635677828031326
300.0,43.921,67.07,4.743,4.654,2080.435,3.2452506947510456,3.2452816847753114,3.2452816847753114,3.2452506947510456,7.883788877133679,7.883876286738691,7.883876286738691,7.883788877133679,1.2375989421822948,1.237529412785775,1.237529412785775,1.2375989421822948,1.1941558056614654,1.1943828115093913,1.1943828115093913,1.1941558056614654,2.6950243687649755
300.0,44.165,68.017,5.573,6.22,3678.482,3.239361600826573,3.239392043081039,3.239392043081039,3.239361600826573,7.86598813767975,7.866072365299232,7.866072365299232,7.86598813767975,1.2364485426681533,1.2363804864633186,1.2363804864633186,1.2364485426681533,1.192753920440448,1.1929763718167177,1.1929763718167177,1.192753920440448,1.5243722814075036
300.0,44.231,82.55,2.972,6.014,1324.352,3.2519794875050607,3.2520094745903374,3.2520094745903374,3.2519794875050607,7.916929134291536,7.917015371805939,7.917015371805939,7.916929134291536,1.2408748978400437,1.2408171406657629,1.2408171406657629,1.2408748978400437,1.197678045119145,1.197866936276921,1.197866936276921,1.197678045119145,4.237432987438988
300.0,44.655,73.903,4.624,4.121,2753.62,3.241464654718785,3.241494078246953,3.241494078246953,3.241464654718785,7.879142891646459,7.879227876131898,7.879227876131898,7.879142891646459,1.2378703469877843,1.237807105435514,1.237807105435514,1.2378703469877843,1.194294707522418,1.1945013047850364,1.1945013047850364,1.194294707522418,2.037042128001589
300.0,44.837,80.181,4.877,4.339,2592.266,3.2417103249693766,3.2417394123593075,3.2417394123593075,3.2417103249693766,7.884569602296944,7.8846492704582944,7.8846492704582944,7.884569602296944,1.2386430689496768,1.2385845720311723,1.2385845720311723,1.2386430689496768,1.195052006953485,1.1952437194921512,1.1952437194921512,1.195052006953485,2.1646642838390813
300.0,44.873,58.357,2.759,4.65,4257.996,3.2387342337234863,3.2387640528862,3.2387640528862,3.2387342337234863,7.8623393857097135,7.862422134043656,7.862422134043656,7.8623393857097135,1.2359586669381035,1.2358796341230518,1.2358796341230518,1.2359586669381035,1.192408414948772,1.1926661108004173,1.1926661108004173,1.192408414948772,1.3160870951233905
300.0,44.998,76.488,5.893,4.242,2523.521,3.242174873383868,3.242203846948553,3.242203846948553,3.242174873383868,7.884916101540794,7.884998096372291,7.884998096372291,7.884916101540794,1.2385414665666674,1.2384801883705427,1.2384801883705427,1.2385414665666674,1.1950267849835532,1.1952272062562586,1.1952272062562586,1.1950267849835532,2.223101165137123
300.0,45.559,97.257,2.958,3.321,1243.384,3.25235037760352,3.252377754723021,3.252377754723021,3.25235037760352,7.9340366099100015,7.93411494633516,7.93411494633516,7.9340366099100015,1.2433280899160766,1.2432783168892398,1.2432783168892398,1.2433280899160766,1.2002293053471134,1.2003924668664137,1.2003924668664137,1.2002293053471134,4.517271874319008
300.0,46.03,38.613,6.117,3.233,1626.325,3.2501381226922934,3.250166732348162,3.250166732348162,3.2501381226922934,7.895691967830752,7.895772405045091,7.895772405045091,7.895691967830752,1.237812791369009,1.2376903697426656,1.2376903697426656,1.237812791369009,1.19507626691893,1.1954722566969194,1.1954722566969194,1.19507626691893,3.4410441133804364
300.0,46.083,17.386,6.026,5.67,829.883,3.2677007767498414,3.267723487729553,3.267723487729553,3.2677007767498414,7.942690757676845,7.942753879759848,7.942753879759848,7.942690757676845,1.24023773085784,1.2399284648263715,1.2399284648263715,1.24023773085784,1.19819357198725,1.1991764978196833,1.1991764978196833,1.19819357198725,6.733525744045893
300.0,46.145,75.499,4.154,4.084,1708.494,3.247281952607529,3.2473097618694884,3.2473097618694884,3.247281952607529,7.907880099127041,7.907957752222295,7.907957752222295,7.907880099127041,1.2405641719142255,1.2405015627907263,1.2405015627907263,1.2405641719142255,1.1974736712876826,1.1976784805496372,1.1976784805496372,1.1974736712876826,3.283143691566416
300.0,46.362,87.146,5.941,3.281,1353.614,3.2509156006278954,3.2509425578020186,3.2509425578020186,3.2509156006278954,7.927939677619591,7.928016465339459,7.928016465339459,7.927939677619591,1.242671723631576,1.2426166711127675,1.2426166711127675,1.242671723631576,1.199704193091326,1.1998844404285205,1.1998844404285205,1.199704193091326,4.146737353873212
300.0,46.364,58.58,4.542,5.874,943.491,3.2614131720813853,3.2614424452453847,3.2614424452453847,3.2614131720813853,7.946794076945056,7.946867653827046,7.946867653827046,7.946794076945056,1.2425938309899902,1.2425125022053618,1.2425125022053618,1.2425938309899902,1.200369324720953,1.200634902034984,1.200634902034984,1.200369324720953,5.938184907414502
300.0,46.484,61.986,5.015,3.324,2406.907,3.243220641801742,3.2432486748844758,3.2432486748844758,3.243220641801742,7.8884597915465315,7.888534427874667,7.888534427874667,7.8884597915465315,1.2386098862793662,1.238534671055948,1.238534671055948,1.2386098862793662,1.1954729527520465,1.1957185734223923,1.1957185734223923,1.1954729527520465,2.328564812861578
300.0,46.611,79.015,6.113,3.641,685.849,3.271526444892322,3.2715543738162087,3.2715543738162087,3.271526444892322,7.9938469785729955,7.993926311687707,7.993926311687707,7.9938469785729955,1.247075549015357,1.2470134540288722,1.2470134540288722,1.247075549015357,1.2052893081672018,1.2054922040938798,1.2054922040938798,1.2052893081672018,8.178503021586971
300.0,46.702,99.901,4.163,3.514,1814.523,3.244926288942692,3.2449517812312747,3.2449517812312747,3.244926288942692,7.917087290397099,7.917160081370983,7.917160081370983,7.917087290397099,1.2426580418209845,1.2426098746774037,1.2426098746774037,1.2426580418209845,1.1993342763198638,1.1994923016445207,1.1994923016445207,1.1993342763198638,3.0959933730688687
300.0,46.882,19.358,4.447,5.331,533.511,3.2862190882598323,3.2862431152158127,3.2862431152158127,3.2862190882598323,8.010438977747162,8.010506532135352,8.010506532135352,8.010438977747162,1.2454583592766273,1.2451797083410512,1.2451797083410512,1.2454583592766273,1.2045543680915276,1.2054415628362256,1.2054415628362256,1.2045543680915276,10.473443922137958
300.0,46.941,65.674,4.618,4.691,1595.047,3.248831465433628,3.2488587394523982,3.2488587394523982,3.248831465433628,7.911910259350397,7.9119876855887235,7.9119876855887235,7.911910259350397,1.2406504744563405,1.2405785893038168,1.2405785893038168,1.2406504744563405,1.1978295019409415,1.1980639586235713,1.1980639586235713,1.1978295019409415,3.5143625883807026
300.0,46.944,30.5,5.494,5.751,2524.978,3.244335774253458,3.244361732197282,3.244361732197282,3.244335774253458,7.876773859734425,7.876852764163579,7.876852764163579,7.876773859734425,1.236384928224104,1.2362277952874663,1.2362277952874663,1.236384928224104,1.193508305302548,1.1940138191656404,1.1940138191656404,1.193508305302548,2.215273912529806
300.0,46.978,47.882,4.648,4.992,4777.442,3.238178841208877,3.2382062604289383,3.2382062604289383,3.238178841208877,7.86630604532764,7.866379173402167,7.866379173402167,7.86630604532764,1.2364870714170628,1.2363903172905149,1.2363903172905149,1.2364870714170628,1.1932731451321867,1.1935877533689612,1.1935877533689612,1.1932731451321867,1.1721450578481372
300.0,47.07,64.109,4.517,3.708,4392.716,3.237766355282778,3.2377930989625368,3.2377930989625368,3.237766355282778,7.8747021589319965,7.874777882676617,7.874777882676617,7.8747021589319965,1.2379356326162778,1.2378631189083402,1.2378631189083402,1.2379356326162778,1.1946035307391591,1.1948400776401278,1.1948400776401278,1.1946035307391591,1.2760936328918653
300.0,47.617,94.459,5.489,4.146,2355.394,3.241513238673946,3.241537844928712,3.241537844928712,3.241513238673946,7.907693624311851,7.907764219076753,7.907764219076753,7.907693624311851,1.2420398766416825,1.241989311046019,1.241989311046019,1.2420398766416825,1.1987282574468563,1.1988939806698855,1.1988939806698855,1.1987282574468563,2.384241056377046
300.0,47.661,12.254,5.438,5.521,2085.951,3.2475263716943528,3.2475390685759367,3.2475390685759367,3.2475263716943528,7.881018348041442,7.881053985544545,7.881053985544545,7.881018348041442,1.2361929943601553,1.235712880999253,1.235712880999253,1.2361929943601553,1.1930858938299715,1.1945997220080395,1.1945997220080395,1.1930858938299715,2.678333703335892
300.0,47.808,97.764,4.446,5.384,1223.018,3.252351184644232,3.2523757072228494,3.2523757072228494,3.252351184644232,7.946992126897562,7.947062779629718,7.947062779629718,7.946992126897562,1.2450996615269485,1.2450499071701224,1.2450499071701224,1.2450996615269485,1.2023490152668586,1.2025120609538635,1.2025120609538635,1.2023490152668586,4.592267531273987
300.0,47.881,43.362,4.139,3.583,1443.401,3.251703130711089,3.251729848015344,3.251729848015344,3.251703130711089,7.914041157127784,7.914113292219987,7.914113292219987,7.914041157127784,1.2400354249105028,1.239925996666308,1.239925996666308,1.2400354249105028,1.1976301205941473,1.1979849396075646,1.1979849396075646,1.1976301205941473,3.8779771690389246
300.0,47.935,69.043,3.021,5.534,1231.972,3.253655860149994,3.2536819271449784,3.2536819271449784,3.253655860149994,7.935592288652787,7.935666463834088,7.935666463834088,7.935592288652787,1.2428821707100643,1.2428130237596406,1.2428130237596406,1.2428821707100643,1.2004332009212098,1.200658799903254,1.200658799903254,1.2004332009212098,4.550690303862376
300.0,48.211,53.934,4.362,6.447,358.971,3.310314528879601,3.3103429960420345,3.3103429960420345,3.310314528879601,8.119095340364582,8.119176425383774,8.119176425383774,8.119095340364582,1.2552859230038207,1.2551908079887284,1.2551908079887284,1.2552859230038207,1.216124755445962,1.2164332461785756,1.2164332461785756,1.216124755445962,15.595307284106942
300.0,48.282,29.293,5.344,2.699,4418.366,3.239424898825907,3.2394491521811775,3.2394491521811775,3.239424898825907,7.867165434173643,7.867233391546157,7.867233391546157,7.867165434173643,1.2361170270089614,1.2359530713417228,1.2359530713417228,1.2361170270089614,1.1931931028204923,1.193720672267483,1.193720672267483,1.1931931028204923,1.2658666296430072
300.0,48.382,88.417,6.331,5.7,3042.78,3.2390165898124312,3.2390405489337644,3.2390405489337644,3.2390165898124312,7.900179500345814,7.900248052136231,7.900248052136231,7.900179500345814,1.2414713754011506,1.2414176937327048,1.2414176937327048,1.2414713754011506,1.1981997541040186,1.1983755804064298,1.1983755804064298,1.1981997541040186,1.8449188451576373
300.0,48.742,15.947,6.436,4.184,1997.84,3.2476880486173383,3.2477055543435256,3.2477055543435256,3.2476880486173383,7.889745205902886,7.889793897833167,7.889793897833167,7.889745205902886,1.2373280383655734,1.2369877323585372,1.2369877323585372,1.2373280383655734,1.1946352938688332,1.1957148400349995,1.1957148400349995,1.1946352938688332,2.7969910306904366
300.0,48.749,26.891,3.471,3.845,4520.011,3.2393225188284043,3.239345689243656,3.239345689243656,3.2393225188284043,7.868070332484213,7.868135906113552,7.868135906113552,7.868070332484213,1.23623856375291,1.23605787235337,1.23605787235337,1.23623856375291,1.1933653073022663,1.1939455143418127,1.1939455143418127,1.1933653073022663,1.2371957908375688
300.0,49.04,14.142,5.064,3.52,3880.896,3.2409909965708685,3.2410056475145472,3.2410056475145472,3.2409909965708685,7.867992814704101,7.868033728458857,7.868033728458857,7.867992814704101,1.235801164880146,1.2354062697377364,1.2354062697377364,1.235801164880146,1.1927342496513766,1.1939835368146374,1.1939835368146374,1.1927342496513766,1.4397608965291862
300.0,49.258,58.139,5.771,4.977,731.879,3.2696342346341183,3.2696596429283566,3.2696596429283566,3.2696342346341183,7.990383102406847,7.990456043667331,7.990456043667331,7.990383102406847,1.2467398054967782,1.2466559048406294,1.2466559048406294,1.2467398054967782,1.205415298676898,1.2056880243156742,1.2056880243156742,1.205415298676898,7.653576465586637
300.0,49.418,48.173,6.025,5.663,4674.937,3.2378038238930213,3.2378280093921195,3.2378280093921195,3.2378038238930213,7.87891571325739,7.878983971447543,7.878983971447543,7.87891571325739,1.2382973050553516,1.238200211308866,1.238200211308866,1.2382973050553516,1.195412206048727,1.1957274642125226,1.1957274642125226,1.195412206048727,1.1977689655348456
300.0,49.423,17.548,3.707,5.351,2022.714,3.2472957605798585,3.2473140403617946,3.2473140403617946,3.2472957605798585,7.89317101378028,7.8932220111033375,7.8932220111033375,7.89317101378028,1.2378832067480254,1.2375806080689218,1.2375806080689218,1.2378832067480254,1.1953330629342422,1.196295088264847,1.196295088264847,1.1953330629342422,2.7628146413093067
300.0,49.448,21.964,3.993,3.213,1755.441,3.2491437846008555,3.2491648211699014,3.2491648211699014,3.2491437846008555,7.90202110765479,7.902079641081584,7.902079641081584,7.90202110765479,1.2387174839737418,1.238485961215476,1.238485961215476,1.2387174839737418,1.196366761065744,1.1971067009894978,1.1971067009894978,1.196366761065744,3.184288231851571
300.0,49.516,26.122,3.779,4.001,2380.084,3.2447397479863134,3.2447619939730954,3.2447619939730954,3.2447397479863134,7.890048057303123,7.890111362454106,7.890111362454106,7.890048057303123,1.2380676094122172,1.2378789435480588,1.2378789435480588,1.2380676094122172,1.1955587916242905,1.1961640045417128,1.1961640045417128,1.1955587916242905,2.349273695101296
300.0,49.573,98.297,5.593,3.371,1869.15,3.2440942527795,3.244116054480065,3.244116054480065,3.2440942527795,7.9295800099976175,7.929648830994655,7.929648830994655,7.9295800099976175,1.2445176262692983,1.2444682562999818,1.2444682562999818,1.2445176262692983,1.2016117261347203,1.2017727792058088,1.2017727792058088,1.2016117261347203,3.0049209972180955
300.0,49.938,74.602,3.314,4.156,1560.972,3.248239907865543,3.2482630946697952,3.2482630946697952,3.248239907865543,7.9319262974983955,7.93199267358313,7.93199267358313,7.9319262974983955,1.2436229449058434,1.2435588566558728,1.2435588566558728,1.2436229449058434,1.2011693992599826,1.2013786747152466,1.2013786747152466,1.2011693992599826,3.5927053920888383
300.0,49.99,15.569,5.453,4.53,905.868,3.264323093434792,3.2643393270487047,3.2643393270487047,3.264323093434792,7.952234793051973,7.952280393756432,7.952280393756432,7.952234793051973,1.2422628550476682,1.2419027066424553,1.2419027066424553,1.2422628550476682,1.2005611227644997,1.2017021825056773,1.2017021825056773,1.2005611227644997,6.167334719854352
300.0,50.167,47.244,5.625,4.759,4935.577,3.2373957437612666,3.2374190219599783,3.2374190219599783,3.2373957437612666,7.881237966247864,7.881303996488157,7.881303996488157,7.881237966247864,1.238690068633555,1.238590803357516,1.238590803357516,1.238690068633555,1.1958998723460987,1.1962219962610376,1.1962219962610376,1.1958998723460987,1.1344248799389427
300.0,50.259,45.26,4.858,3.15,3842.697,3.2390938234648723,3.239117025640694,3.239117025640694,3.2390938234648723,7.886298834593046,7.886364986404191,7.886364986404191,7.886298834593046,1.2389904446274835,1.2388864454849031,1.2388864454849031,1.2389904446274835,1.1963068398676049,1.196643995282824,1.196643995282824,1.1963068398676049,1.4568552512097028
300.0,50.282,17.923,5.125,4.249,3822.138,3.2406349609984626,3.240652391723743,3.240652391723743,3.2406349609984626,7.875938818634037,7.875987507606665,7.875987507606665,7.875938818634037,1.236964411419498,1.236670903963404,1.236670903963404,1.236964411419498,1.19423001588919,1.195163666646603,1.195163666646603,1.19423001588919,1.4621799641077269
300.0,50.511,26.134,6.423,2.792,3869.534,3.240044860081651,3.2400658143714387,3.2400658143714387,3.240044860081651,7.8799475226014355,7.880007087170168,7.880007087170168,7.8799475226014355,1.237698515801388,1.2375102695785618,1.2375102695785618,1.237698515801388,1.1951067090000096,1.1957105809163866,1.1957105809163866,1.1951067090000096,1.4450048679928584
300.0,50.517,13.79,2.545,4.966,1272.138,3.2554340533364154,3.255447044333452,3.255447044333452,3.2554340533364154,7.924396693690653,7.924433192683287,7.924433192683287,7.924396693690653,1.2403933482522278,1.2399750941844223,1.2399750941844223,1.2403933482522278,1.1982122217033493,1.1995338595816218,1.1995338595816218,1.1982122217033493,4.391409886738951
300.0,50.569,81.118,4.344,4.321,1412.042,3.2497089861927075,3.2497310011189566,3.2497310011189566,3.2497089861927075,7.944164371720194,7.944230252786845,7.944230252786845,7.944164371720194,1.2450575251914089,1.24499801551493,1.24499801551493,1.2450575251914089,1.2027359621836342,1.2029301281968263,1.2029301281968263,1.2027359621836342,3.973100628444077
300.0,50.734,62.489,6.278,2.788,2085.803,3.244216975172791,3.244239591845259,3.244239591845259,3.244216975172791,7.9159970870770175,7.916061365965277,7.916061365965277,7.9159970870770175,1.2421586464780967,1.242082771656734,1.242082771656734,1.2421586464780967,1.1997055292190133,1.1999527387803892,1.1999527387803892,1.1997055292190133,2.686697230232112
300.0,50.815,63.602,5.664,5.191,3492.353,3.2387304346245425,3.238752741772216,3.238752741772216,3.2387304346245425,7.898730633796708,7.898794298189603,7.898794298189603,7.898730633796708,1.2410009691503845,1.240926930685443,1.240926930685443,1.2410009691503845,1.1982742575921312,1.198515550695311,1.198515550695311,1.1982742575921312,1.6048066631445224
300.0,50.844,71.746,2.947,6.358,1935.142,3.244760580029936,3.244782684402627,3.244782684402627,3.244760580029936,7.923757477390794,7.923821605469848,7.923821605469848,7.923757477390794,1.2432204020453868,1.243153966390095,1.243153966390095,1.2432204020453868,1.2007500848328925,1.2009668012810906,1.2009668012810906,1.2007500848328925,2.8975134991301994
300.0,50.874,23.982,3.23,3.962,1631.859,3.2499789477267798,3.249999164625216,3.249999164625216,3.2499789477267798,7.91398942514948,7.914046628835439,7.914046628835439,7.91398942514948,1.2401849640101643,1.2399743032558146,1.2399743032558146,1.2401849640101643,1.1981163458355464,1.1987906328593727,1.1987906328593727,1.1981163458355464,3.4256719389826427
300.0,51.004,71.894,4.038,4.933,3123.066,3.239204861873642,3.239226578023234,3.239226578023234,3.239204861873642,7.906144751476994,7.9062077821468515,7.9062077821468515,7.906144751476994,1.24201892210537,1.241953069103258,1.241953069103258,1.24201892210537,1.1992869325757187,1.1995018076362705,1.1995018076362705,1.1992869325757187,1.7954733826154372
300.0,51.419,61.396,3.133,5.329,4337.082,3.237179094197788,3.2372007299897767,3.2372007299897767,3.237179094197788,7.895690000275041,7.895751453627325,7.895751453627325,7.895690000275041,1.2408897613472254,1.240813113464036,1.240813113464036,1.2408897613472254,1.1981923032551298,1.1984420171533798,1.1984420171533798,1.1981923032551298,1.2920516438584362
300.0,51.44,57.951,5.93,5.428,2473.448,3.242229221298629,3.242251084127647,3.242251084127647,3.242229221298629,7.91072967792384,7.910791762224596,7.910791762224596,7.91072967792384,1.2418080948265235,1.2417263756991688,1.2417263756991688,1.2418080948265235,1.1993919746339117,1.1996579207347546,1.1996579207347546,1.1993919746339117,2.2649727440222387
300.0,51.506,56.315,4.231,3.027,4787.438,3.236828988709976,3.236850638582073,3.236850638582073,3.236828988709976,7.892099550171388,7.892161040882595,7.892161040882595,7.892099550171388,1.2404088582101047,1.2403253665744085,1.2403253665744085,1.2404088582101047,1.1977397845265572,1.198011431268049,1.198011431268049,1.1977397845265572,1.170137849147146
300.0,51.506,83.045,3.698,4.931,2793.698,3.239595666910612,3.239615966657599,3.239615966657599,3.239595666910612,7.916694899134562,7.916759613677957,7.916759613677957,7.916694899134562,1.2435219472446108,1.2434642148450863,1.2434642148450863,1.2435219472446108,1.2008066066152965,1.2009946089030663,1.2009946089030663,1.2008066066152965,2.008502010461545
300.0,51.584,35.84,3.777,6.16,1935.766,3.2465276051247907,3.246549070898185,3.246549070898185,3.2465276051247907,7.913242845665245,7.9133036381316035,7.9133036381316035,7.913242845665245,1.240948689363099,1.2408138352647555,1.2408138352647555,1.240948689363099,1.198863730964305,1.1992989611036855,1.1992989611036855,1.198863730964305,2.889997618035833
300.0,51.64,36.417,5.692,4.853,4289.704,3.2385588954953963,3.2385800883917906,3.2385800883917906,3.2385588954953963,7.887233469629634,7.8872933747387695,7.8872933747387695,7.887233469629634,1.2391231508155944,1.2389919386674233,1.2389919386674233,1.2391231508155944,1.1966470182404705,1.197070762344112,1.197070762344112,1.1966470182404705,1.3042677054186211
300.0,51.845,36.614,2.612,3.234,373.312,3.3077944119223055,3.3078176840609004,3.3078176840609004,3.3077944119223055,8.121106941316109,8.121173370290892,8.121173370290892,8.121106941316109,1.2558791714173592,1.2557360792303434,1.2557360792303434,1.2558791714173592,1.2172659058419957,1.217726818862081,1.217726818862081,1.2172659058419957,14.978352627631768
300.0,52.178,56.88,4.459,5.052,2286.013,3.243092184710479,3.243113257099499,3.243113257099499,3.243092184710479,7.917180642343913,7.91724109018174,7.91724109018174,7.917180642343913,1.2424852260865369,1.242401655996078,1.242401655996078,1.2424852260865369,1.2002356528332196,1.2005074102603026,1.2005074102603026,1.2002356528332196,2.450436178712331
300.0,52.321,19.22,3.752,6.362,1589.092,3.2504430816373167,3.250459497335223,3.250459497335223,3.2504430816373167,7.92097217054522,7.921018338883886,7.921018338883886,7.92097217054522,1.2410003966285126,1.2407249573435484,1.2407249573435484,1.2410003966285126,1.1990894195853448,1.1999664665399374,1.1999664665399374,1.1990894195853448,3.5166278245147438
300.0,52.33,53.445,3.523,3.713,1212.88,3.25414490008754,3.2541661994331186,3.2541661994331186,3.25414490008754,7.953086545015825,7.953147550933347,7.953147550933347,7.953086545015825,1.2449461131391304,1.2448557760386532,1.2448557760386532,1.2449461131391304,1.2033194120193942,1.2036127673306043,1.2036127673306043,1.2033194120193942,4.6170882949187995
300.0,52.35,82.525,3.015,3.645,3898.579,3.2366301159177566,3.236650063487707,3.236650063487707,3.2366301159177566,7.911249670137627,7.911302095649141,7.911302095649141,7.911249670137627,1.2434101371059303,1.2433524887064968,1.2433524887064968,1.2434101371059303,1.2006789802583615,1.2008676693434095,1.2008676693434095,1.2006789802583615,1.439226146134733
300.0,52.572,10.91,4.678,4.448,1374.839,3.2535935166245737,3.2535982437761546,3.2535982437761546,3.2535935166245737,7.928160424950328,7.928173712226848,7.928173712226848,7.928160424950328,1.2413397780051896,1.2407577340382074,1.2407577340382074,1.2413397780051896,1.199075021841698,1.2009043562486663,1.2009043562486663,1.199075021841698,4.06240574353796
300.0,52.74,19.729,4.874,5.88,463.418,3.293580188628229,3.2935977096742506,3.2935977096742506,3.293580188628229,8.068456598480623,8.0685063148462,8.0685063148462,8.068456598480623,1.2517005015759084,1.2514181423842723,1.2514181423842723,1.2517005015759084,1.2122219941846717,1.2131203679157725,1.2131203679157725,1.2122219941846717,12.054473207678583
300.0,53.055,82.733,4.921,5.906,2214.572,3.242010785309587,3.2420306804356707,3.2420306804356707,3.242010785309587,7.93338528124061,7.933427700669342,7.933427700669342,7.93338528124061,1.2452661704257348,1.2452084104358452,1.2452084104358452,1.2452661704257348,1.2029303732285688,1.2031201963044618,1.2031201963044618,1.2029303732285688,2.533494404145934
300.0,53.174,97.851,4.985,5.481,778.888,3.264915780897301,3.264935142194532,3.264935142194532,3.264915780897301,8.019695346147596,8.019740155403381,8.019740155403381,8.019695346147596,1.252236078744832,1.2521850989995478,1.2521850989995478,1.252236078744832,1.2110917326527535,1.2112591761835168,1.2112591761835168,1.2110917326527535,7.208644235215076
300.0,53.257,96.173,5.982,2.778,3108.692,3.2376223892791054,3.23764079217963,3.23764079217963,3.2376223892791054,7.927561714340707,7.927607556711411,7.927607556711411,7.927561714340707,1.2456028168351423,1.2455527737656666,1.2455527737656666,1.2456028168351423,1.202968233904024,1.203132440342568,1.203132440342568,1.202968233904024,1.8063742735822297
300.0,53.276,67.441,4.485,5.478,899.606,3.2614499636506884,3.261470170969788,3.261470170969788,3.2614499636506884,7.991028761883965,7.991084204624274,7.991084204624274,7.991028761883965,1.2486990634777126,1.2486263626891765,1.2486263626891765,1.2486990634777126,1.2075578854929152,1.2077946947465523,1.2077946947465523,1.2075578854929152,6.229720924740302
300.0,53.306,25.21,2.689,3.058,4326.241,3.238802250456743,3.238819815491979,3.238819815491979,3.238802250456743,7.891038700846988,7.891088645671394,7.891088645671394,7.891038700846988,1.23946537252038,1.2392670831163093,1.2392670831163093,1.23946537252038,1.197220223828385,1.1978555678503875,1.1978555678503875,1.197220223828385,1.2922713973211977
300.0,53.512,69.474,4.589,5.227,3805.194,3.237299912579145,3.23731961238044,3.23731961238044,3.237299912579145,7.912591615949374,7.912636479279068,7.912636479279068,7.912591615949374,1.2432693821759782,1.243201239665543,1.243201239665543,1.2432693821759782,1.2008521295383192,1.2010751360013556,1.2010751360013556,1.2008521295383192,1.4732808600207363
300.0,53.522,62.469,6.482,3.572,1590.992,3.247976871138178,3.2479966876054127,3.2479966876054127,3.247976871138178,7.9443696265789745,7.94442234582621,7.94442234582621,7.9443696265789745,1.2452023026021364,1.2451253300308762,1.2451253300308762,1.2452023026021364,1.2033943299860466,1.203645011068289,1.203645011068289,1.2033943299860466,3.521807049391972
300.0,53.585,60.733,4.222,4.629,2753.747,3.2405701000864666,3.240589688742366,3.240589688742366,3.2405701000864666,7.918930050580675,7.918981608870805,7.918981608870805,7.918930050580675,1.2433122953280051,1.2432339136579922,1.2432339136579922,1.2433122953280051,1.20113338043048,1.201388670728765,1.201388670728765,1.20113338043048,2.034647309120541
300.0,53.673,58.959,5.796,5.184,4139.327,3.23722756584175,3.2372470337853967,3.2372470337853967,3.23722756584175,7.907227278492792,7.9072777022112435,7.9072777022112435,7.907227278492792,1.2424139138430028,1.2423335405331268,1.2423335405331268,1.2424139138430028,1.2000861900346087,1.2003479727796398,1.2003479727796398,1.2000861900346087,1.3534631931370853
300.0,54.135,22.406,5.875,3.681,3742.707,3.2398110246974428,3.2398268041073135,3.2398268041073135,3.2398110246974428,7.8974908427621955,7.8975358135581635,7.8975358135581635,7.8974908427621955,1.2401017816128512,1.2398733969512568,1.2398733969512568,1.2401017816128512,1.1979992687216623,1.1987290081857005,1.1987290081857005,1.1979992687216623,1.493434374537588
300.0,54.301,75.273,5.708,3.243,1584.162,3.247295688702089,3.247314719072544,3.247314719072544,3.247295688702089,7.953886899394517,7.953927021045337,7.953927021045337,7.953886899394517,1.2468100007102316,1.2467460015215617,1.2467460015215617,1.2468100007102316,1.2050172897108815,1.2052271207746232,1.2052271207746232,1.2050172897108815,3.5397228772458016
300.0,54.691,73.371,3.399,4.717,3851.03,3.2368220631543494,3.2368400687919063,3.2368400687919063,3.2368220631543494,7.919927525927672,7.919972472244621,7.919972472244621,7.919927525927672,1.2444203517021155,1.2443553454564324,1.2443553454564324,1.2444203517021155,1.2021425361118887,1.2023548780112694,1.2023548780112694,1.2021425361118887,1.4560411056836786
300.0,55.085,20.01,3.58,5.346,4799.3,3.238121020079523,3.23813468449294,3.23813468449294,3.238121020079523,7.895854134378945,7.895892760527349,7.895892760527349,7.895854134378945,1.2402214578574522,1.239959728409429,1.239959728409429,1.2402214578574522,1.1981343983661183,1.198968518421648,1.198968518421648,1.1981343983661183,1.1644496046233166
300.0,55.327,99.531,3.869,3.299,2545.124,3.239180892667059,3.2391958527679394,3.2391958527679394,3.239180892667059,7.946502845378493,7.9465600912737075,7.9465600912737075,7.946502845378493,1.2478828581577373,1.2478333660698655,1.2478333660698655,1.2478828581577373,1.2056556492766315,1.205816004019291,1.205816004019291,1.2056556492766315,2.206621165864271
300.0,55.475,89.984,3.862,3.281,484.161,3.287599540426071,3.287616171183694,3.287616171183694,3.287599540426071,8.104691855538878,8.10475209699414,8.10475209699414,8.104691855538878,1.2586826693703914,1.2586246988673089,1.2586246988673089,1.2586826693703914,1.219359296930588,1.2195465335307605,1.2195465335307605,1.219359296930588,11.587792893461382
300.0,55.527,89.822,3.453,5.57,861.286,3.2615497358371615,3.261565609547109,3.261565609547109,3.2615497358371615,8.01715699314266,8.017216110215896,8.017216110215896,8.01715699314266,1.2524995079677876,1.2524433851336596,1.2524433851336596,1.2524995079677876,1.2116348223023394,1.2118160908768594,1.2118160908768594,1.2116348223023394,6.515369945914796
300.0,55.655,23.326,2.939,6.002,4558.708,3.238150537432686,3.23816560435016,3.23816560435016,3.238150537432686,7.901093498059635,7.901126156050132,7.901126156050132,7.901093498059635,1.240950342457614,1.2407316126278962,1.2407316126278962,1.240950342457614,1.199013576443728,1.1997138873186255,1.1997138873186255,1.199013576443728,1.2261324680995846
300.0,55.701,55.046,5.331,4.499,4028.478,3.237287830618203,3.237305610582537,3.237305610582537,3.237287830618203,7.916698515281991,7.9167376465877695,7.9167376465877695,7.916698515281991,1.2436320312252729,1.243545450482883,1.243545450482883,1.2436320312252729,1.201656057278347,1.2019381399963662,1.2019381399963662,1.201656057278347,1.390263860547727
300.0,55.724,34.469,5.952,5.589,3319.247,3.23985175675972,3.2398694584933616,3.2398694584933616,3.23985175675972,7.913577865816594,7.913609433614365,7.913609433614365,7.913577865816594,1.2423988279502245,1.2422574322229003,1.2422574322229003,1.2423988279502245,1.2006238630657553,1.2010810943973005,1.2010810943973005,1.2006238630657553,1.6851294764648874
300.0,55.906,15.433,6.485,5.581,2349.028,3.24432420954893,3.244334040408703,3.244334040408703,3.24432420954893,7.918620163886411,7.918642502689875,7.918642502689875,7.918620163886411,1.2419739910770795,1.241608800133896,1.241608800133896,1.2419739910770795,1.2001657299244857,1.2013227005512714,1.2013227005512714,1.2001657299244857,2.37821465726361
300.0,55.989,97.465,3.713,2.956,2409.107,3.239827337602928,3.239841568972547,3.239841568972547,3.239827337602928,7.951265729435255,7.951324756826922,7.951324756826922,7.951265729435255,1.2483580470181457,1.2483072943601696,1.2483072943601696,1.2483580470181457,1.2062949470473312,1.2064588505294516,1.2064588505294516,1.2062949470473312,2.330836445402888
300.0,56.01,64.075,3.093,6.204,665.744,3.272476303303069,3.2724939073874535,3.2724939073874535,3.272476303303069,8.04176263621889,8.041811339952947,8.041811339952947,8.04176263621889,1.2531209096635028,1.253042504633988,1.253042504633988,1.2531209096635028,1.213121304398197,1.2133754153298777,1.2133754153298777,1.213121304398197,8.414653792763078
300.0,56.39,29.425,5.605,4.047,4861.535,3.2373166124697,3.2373325404902844,3.2373325404902844,3.2373166124697,7.90598251652341,7.9060150722185325,7.9060150722185325,7.90598251652341,1.2418510672656204,1.2416826862462635,1.2416826862462635,1.2418510672656204,1.2000392800277435,1.2005812971365135,1.2005812971365135,1.2000392800277435,1.1501698209526006
300.0,56.651,74.898,5.01,5.282,2086.449,3.2426842482575235,3.242699303251761,3.242699303251761,3.2426842482575235,7.9515987548740545,7.951653663066675,7.951653663066675,7.9515987548740545,1.2474777384589746,1.2474125189036882,1.2474125189036882,1.2474777384589746,1.205835905074296,1.2060471906995167,1.2060471906995167,1.205835905074296,2.6873875583963804
300.0,56.656,67.53,5.586,5.227,2992.68,3.238933764144208,3.2389490523091524,3.2389490523091524,3.238933764144208,7.934814265855052,7.93486919334136,7.93486919334136,7.934814265855052,1.2459061993180434,1.2458344839189692,1.2458344839189692,1.2459061993180434,1.2041053711920102,1.2043376012887923,1.2043376012887923,1.2041053711920102,1.8728082261375003
300.0,56.712,53.469,5.117,3.26,2961.081,3.239741239726352,3.239757186822998,3.239757186822998,3.239741239726352,7.929744388981021,7.929794124596272,7.929794124596272,7.929744388981021,1.2448563020221417,1.2447659874297066,1.2447659874297066,1.2448563020221417,1.2031851238814433,1.203477646213202,1.203477646213202,1.2031851238814433,1.89112405019252
300.0,57.041,12.616,3.017,3.84,4936.83,3.2380106980794414,3.238015341163427,3.238015341163427,3.2380106980794414,7.90232337957465,7.902332853037277,7.902332853037277,7.90232337957465,1.2411247600184738,1.2406489230104538,1.2406489230104538,1.2411247600184738,1.1989676150804085,1.2004679341994513,1.2004679341994513,1.1989676150804085,1.1314104987607905
300.0,57.198,28.08,2.617,5.086,1989.289,3.2456332898658005,3.2456476078247767,3.2456476078247767,3.2456332898658005,7.937586173662285,7.93762787305359,7.93762787305359,7.937586173662285,1.2443519569596628,1.2441715198548935,1.2441715198548935,1.2443519569596628,1.2031013677213471,1.2036800523891948,1.2036800523891948,1.2031013677213471,2.8103308314316453
300.0,57.224,20.838,4.83,5.607,1200.632,3.2553406127377267,3.255353078816409,3.255353078816409,3.2553406127377267,7.966089963465624,7.966123242405981,7.966123242405981,7.966089963465624,1.2460712611599194,1.2458138261566007,1.2458138261566007,1.2460712611599194,1.2052540180535216,1.2060745664921362,1.2060745664921362,1.2052540180535216,4.653859882355398
300.0,58.096,52.102,3.276,5.514,4015.426,3.2370940374690726,3.237108195959804,3.237108195959804,3.2370940374690726,7.9279971304310655,7.928048149968969,7.928048149968969,7.9279971304310655,1.2451625259893195,1.2450694132940812,1.2450694132940812,1.2451625259893195,1.203587936561893,1.203888744960904,1.203888744960904,1.203587936561893,1.3944069456285493
300.0,58.199,17.0,5.52,4.318,4301.151,3.2384237137576863,3.23843215738353,3.23843215738353,3.2384237137576863,7.912819245073875,7.91284825576164,7.91284825576164,7.912819245073875,1.242442704852175,1.2421180738182431,1.2421180738182431,1.242442704852175,1.200769037811494,1.2017986027074703,1.2017986027074703,1.200769037811494,1.2989197596234885
300.0,58.278,25.23,5.239,6.476,4113.887,3.2382791909478494,3.238291347311689,3.238291347311689,3.2382791909478494,7.917525354961746,7.917566027244045,7.917566027244045,7.917525354961746,1.2431660218834488,1.2429631291281544,1.2429631291281544,1.2431660218834488,1.2016795688949335,1.202328402008345,1.202328402008345,1.2016795688949335,1.3587396345938003
300.0,58.281,60.699,2.593,6.041,727.264,3.268789279341009,3.2688040780439875,3.2688040780439875,3.268789279341009,8.040427104019646,8.040476255975284,8.040476255975284,8.040427104019646,1.2536707402586436,1.2535874562888485,1.2535874562888485,1.2536707402586436,1.2138864093022168,1.2141552067466894,1.2141552067466894,1.2138864093022168,7.700814866965997
300.0,58.608,95.683,3.434,2.567,4346.03,3.234306504053051,3.2343181309211047,3.2343181309211047,3.234306504053051,7.946769361832045,7.946822283484801,7.946822283484801,7.946769361832045,1.2488918058049112,1.2488401039447323,1.2488401039447323,1.2488918058049112,1.206992539937479,1.2071592923108678,1.2071592923108678,1.206992539937479,1.2918292798867717
300.0,58.618,96.048,3.838,6.4,1075.704,3.2543307198238027,3.254342496864876,3.254342496864876,3.2543307198238027,8.014262781991825,8.014319770430784,8.014319770430784,8.014262781991825,1.2537226845102512,1.2536695991888835,1.2536695991888835,1.2537226845102512,1.2129587686973389,1.2131290147907103,1.2131290147907103,1.2129587686973389,5.218406201089213
300.0,58.633,52.53,4.783,5.002,1724.342,3.246394285331764,3.2464080944364286,3.2464080944364286,3.246394285331764,7.962478574386138,7.962529050906506,7.962529050906506,7.962478574386138,1.2478447819503136,1.2477510531064435,1.2477510531064435,1.2478447819503136,1.2068715739989169,1.207174204491427,1.207174204491427,1.2068715739989169,3.2468740069348114
300.0,58.677,42.095,3.509,5.639,1278.484,3.252660034402421,3.2526739046769166,3.2526739046769166,3.252660034402421,7.977709391895138,7.977758875127136,7.977758875127136,7.977709391895138,1.2484297677912477,1.2483111208386704,1.2483111208386704,1.2484297677912477,1.2078444156046473,1.2082265471672955,1.2082265471672955,1.2078444156046473,4.37610485363718
300.0,59.008,86.948,5.092,4.659,2527.465,3.239410150037401,3.2394217414982585,3.2394217414982585,3.239410150037401,7.961133847445117,7.961189141131094,7.961189141131094,7.961133847445117,1.2496184588855643,1.2495612811612646,1.2495612811612646,1.2496184588855643,1.2081322463687234,1.2083158488431307,1.2083158488431307,1.2081322463687234,2.21999199553282
300.0,59.014,27.461,3.869,3.472,565.83,3.2815236268026284,3.281536481036815,3.281536481036815,3.2815236268026284,8.068148042773275,8.068191964398489,8.068191964398489,8.068148042773275,1.2542667684230175,1.2540711104549371,1.2540711104549371,1.2542667684230175,1.215373212973984,1.2159972545108189,1.2159972545108189,1.215373212973984,9.876124815108515
300.0,59.142,70.572,6.153,3.135,4693.93,3.2349921318414143,3.235004562113352,3.235004562113352,3.2349921318414143,7.937612884504763,7.937664217053264,7.937664217053264,7.937612884504763,1.2471564562842217,1.24708731027322,1.24708731027322,1.2471564562842217,1.2055489773171308,1.2057723232961386,1.2057723232961386,1.2055489773171308,1.1941900439978703
300.0,59.147,22.766,5.541,3.265,4154.39,3.238202062956201,3.2382126590775773,3.2382126590775773,3.238202062956201,7.920810001071556,7.920846257948994,7.920846257948994,7.920810001071556,1.2436023462551933,1.2433730129948972,1.2433730129948972,1.2436023462551933,1.202223150124316,1.2029548869788638,1.2029548869788638,1.202223150124316,1.3452444756706523
300.0,59.261,55.137,4.379,6.202,3760.234,3.2372514430077333,3.237264396689999,3.237264396689999,3.2372514430077333,7.936945552717626,7.9369941681367555,7.9369941681367555,7.936945552717626,1.2463754176129864,1.2462869993317849,1.2462869993317849,1.2463754176129864,1.204995054381882,1.2052806814863808,1.2052806814863808,1.204995054381882,1.4892535099369053
300.0,59.384,33.371,3.853,6.264,1677.992,3.247699177826072,3.2477116806297337,3.2477116806297337,3.247699177826072,7.960074575172624,7.960119627926983,7.960119627926983,7.960074575172624,1.2469984810828094,1.2468470667238627,1.2468470667238627,1.2469984810828094,1.2062573901965892,1.2067434744168135,1.2067434744168135,1.2062573901965892,3.332462398387272
300.0,59.418,95.202,4.754,6.428,4291.713,3.234311884259099,3.2343227837858004,3.2343227837858004,3.234311884259099,7.951174569501793,7.951225570552707,7.951225570552707,7.951174569501793,1.2494742699556731,1.249422186519629,1.249422186519629,1.2494742699556731,1.2077187867433674,1.207886302511568,1.207886302511568,1.2077187867433674,1.308099854315172
300.0,59.616,27.664,3.989,4.137,2520.018,3.242299444553713,3.242310846807195,3.242310846807195,3.242299444553713,7.940017401907735,7.940058525794096,7.940058525794096,7.940017401907807,1.2453749277244688,1.2451898967841233,1.2451898967841233,1.2453749277244688,1.2043502017230947,1.2049424347687618,1.2049424347687618,1.2043502017230947,2.2182686793649
300.0,59.667,75.034,3.99,4.251,1416.757,3.2487830122764274,3.248794888217293,3.248794888217293,3.2487830122764274,7.989482354413591,7.989535266919091,7.989535266919091,7.989482354413591,1.2512733018672206,1.2512066752301785,1.2512066752301785,1.2512733018672206,1.2105066662343436,1.2107208930869642,1.2107208930869642,1.2105066662343436,3.957069706925584
300.0,59.71,17.779,4.954,2.986,3521.091,3.2395958595137127,3.2396034682804613,3.2396034682804613,3.2395958595137127,7.9258135350728764,7.925841306154779,7.925841306154779,7.9258135350728764,1.2439506721426037,1.2436408504836267,1.2436408504836267,1.2439506721426037,1.2026166765319195,1.203599861604672,1.203599861604672,1.2026166765319195,1.5866540720074265
300.0,59.863,12.941,4.83,3.362,556.18,3.282999643335593,3.283002619625901,3.283002619625901,3.282999643335593,8.069542231305602,8.069555793232682,8.069555793232682,8.069542231305602,1.25408031566132,1.2535889212486302,1.2535889212486302,1.25408031566132,1.2149259681087603,1.2164692243105224,1.2164692243105224,1.2149259681087603,10.037966269358996
300.0,59.883,29.46,2.577,4.144,2362.848,3.2429191187408954,3.2429299730664174,3.2429299730664174,3.2429191187408954,7.944664761585327,7.944715661746958,7.944715661746958,7.944664761585327,1.2458872227362316,1.24571401090435,1.24571401090435,1.2458872227362316,1.2049549745029495,1.2055089187863215,1.2055089187863215,1.2049549745029495,2.366049332700584
300.0,59.972,19.86,2.546,6.481,2589.869,3.242337726605229,3.2423441369690758,3.2423441369690758,3.242337726605229,7.937730497672303,7.937795456716005,7.937795456716005,7.937730497672303,1.244981465398051,1.244708142533849,1.244708142533849,1.244981465398051,1.2039046204942971,1.2047701960276735,1.2047701960276735,1.2039046204942971,2.1573643027573035
300.0,60.027,46.012,5.623,4.744,1900.028,3.2450097186834235,3.2450220926175977,3.2450220926175977,3.2450097186834235,7.962070841226923,7.962117755915681,7.962117755915681,7.962070841226923,1.2479917020775648,1.2478839045121943,1.2478839045121943,1.2479917020775648,1.2072087842466002,1.2075561786246796,1.2075561786246796,1.2072087842466002,2.945342165350246
300.0,60.162,98.067,6.236,2.871,4195.806,3.234235661908535,3.234246062756117,3.234246062756117,3.234235661908535,7.956878668858111,7.956922324698057,7.956922324698057,7.956878668858111,1.2502956491888124,1.2502450858934304,1.2502450858934304,1.2502956491888124,1.2086456290629537,1.2088089064633467,1.2088089064633467,1.2086456290629537,1.3382007443331556
300.0,60.192,53.311,3.598,5.312,3526.988,3.23771403479999,3.237726064217685,3.237726064217685,3.23771403479999,7.942794123938181,7.942841831731523,7.942841831731523,7.942794123938181,1.2470371774384226,1.2469452336814135,1.2469452336814135,1.2470371774384226,1.2058523720026773,1.206148989991521,1.206148989991521,1.2058523720026773,1.587498715492773
300.0,60.266,98.669,6.436,6.302,4378.718,3.2339093717423446,3.233919832355376,3.233919832355376,3.2339093717423446,7.9567335441012945,7.956774002703062,7.956774002703062,7.9567335441012945,1.2503532467155598,1.2503030942341766,1.2503030942341766,1.2503532467155598,1.2086990291962485,1.208861330674473,1.208861330674473,1.2086990291962485,1.2823466609402767
300.0,60.338,11.084,3.739,3.771,3393.621,3.240148072531545,3.2401462385626494,3.2401462385626494,3.240148072531545,7.927387533636659,7.927389379177367,7.927389379177367,7.927387533636659,1.2440837586575757,1.243503089443628,1.243503089443628,1.2440837586575757,1.2023852403192106,1.2042089874480977,1.2042089874480977,1.2023852403192106,1.6455199928106057
300.0,60.62,74.977,2.89,4.803,4123.783,3.2354200739009333,3.2354307029179163,3.2354307029179163,3.2354200739009333,7.9501114156478065,7.95016261893267,7.95016261893267,7.9501114156478065,1.248805012635234,1.2487392019154269,1.2487392019154269,1.248805012635234,1.2074546393887444,1.207666056442682,1.207666056442682,1.2074546393887444,1.3595872662959612
300.0,60.733,58.995,5.947,5.658,2347.558,3.2414247552170385,3.241436270216097,3.241436270216097,3.2414247552170385,7.961638635043411,7.9616854394700995,7.9616854394700995,7.961638635043411,1.248862335185997,1.2487786912685013,1.2487786912685013,1.248862335185997,1.2079567754528016,1.2082260384883885,1.2082260384883885,1.2079567754528016,2.3857851224763693
300.0,60.769,53.921,3.261,6.072,1194.116,3.2534377159339054,3.2534495160653005,3.2534495160653005,3.2534377159339054,7.999211296761055,7.99925783413877,7.99925783413877,7.999211296761055,1.251298517869762,1.25120548139134,1.25120548139134,1.251298517869762,1.2111013133283557,1.2114006242414412,1.2114006242414412,1.2111013133283557,4.688324679099536
300.0,61.203,39.123,5.274,4.652,1380.134,3.2508620702432167,3.250873263043343,3.250873263043343,3.2508620702432167,7.98448138119088,7.984525087864663,7.984525087864663,7.98448138119088,1.2496716598005655,1.249542297287823,1.249542297287823,1.2496716598005655,1.2094406406781828,1.2098553830734715,1.2098553830734715,1.2094406406781828,4.052723752668062
300.0,61.411,54.705,3.223,5.392,1345.673,3.2506295987298635,3.2506407351481057,3.2506407351481057,3.2506295987298635,7.993946271366322,7.993991451441063,7.993991451441063,7.993946271366322,1.2511933129718882,1.2511017162411566,1.2511017162411566,1.2511933129718882,1.210947876677936,1.211242509702496,1.211242509702496,1.210947876677936,4.160504856008352
300.0,61.428,16.34,5.38,4.124,4089.349,3.2382922952190447,3.238297104156333,3.238297104156333,3.2382922952190447,7.930455870654493,7.9304793474792605,7.9304793474792605,7.930455870654493,1.2448455317835974,1.2444988687565794,1.2444988687565794,1.2448455317835974,1.203671516938855,1.2047688763323894,1.2047688763323894,1.203671516938855,1.365977954297636
300.0,62.203,58.085,4.027,5.321,4298.621,3.235764819608725,3.235774499428433,3.235774499428433,3.235764819608725,7.950619513515527,7.950668017671118,7.950668017671118,7.950619513515527,1.2485582989299788,1.2484731489426242,1.2484731489426242,1.2485582989299788,1.2075981506189888,1.207871341897955,1.207871341897955,1.2075981506189888,1.302840466626224
300.0,62.666,76.916,5.886,2.835,1240.362,3.251300701895652,3.251311234603514,3.251311234603514,3.251300701895652,8.01635637102579,8.016379887407322,8.016379887407322,8.01635637102579,1.254355579965446,1.254290379305546,1.254290379305546,1.254355579965446,1.2142759399479988,1.2144878609681324,1.2144878609681324,1.2142759399479988,4.519714369230938
300.0,62.847,85.4,3.0,4.939,3717.44,3.235417763129312,3.2354277423385054,3.2354277423385054,3.235417763129312,7.969036824933222,7.969055288629946,7.969055288629946,7.969036824933222,1.2514845887619366,1.2514270706762884,1.2514270706762884,1.2514845887619366,1.2104637128640674,1.2106515486126803,1.2106515486126803,1.2104637128640674,1.509046091599539
300.0,63.018,19.56,5.986,3.029,2991.696,3.2404546157047216,3.240460180814824,3.240460180814824,3.2404546157047216,7.948709918276365,7.948736552869579,7.948736552869579,7.948709918276365,1.2468509114064616,1.2465701682131316,1.2465701682131316,1.2468509114064616,1.206188293114253,1.20707999995174,1.20707999995174,1.206188293114253,1.867382493248788
300.0,63.172,27.031,5.185,4.64,4530.638,3.2368285736389644,3.2368363370450792,3.2368363370450792,3.2368285736389644,7.941787852383642,7.9418218333850366,7.9418218333850366,7.941787852383642,1.2467467947551325,1.2465548152978212,1.2465548152978212,1.2467467947551325,1.2060353798432943,1.206648944750676,1.206648944750676,1.2060353798432943,1.2336841515732633
300.0,63.175,91.329,3.186,5.066,4724.258,3.233455046653911,3.233463880467934,3.233463880467934,3.2334550466539103,7.967798513479069,7.967824453808017,7.967824453808017,7.967798513470829,1.2518164261740474,1.251762301201119,1.251762301201119,1.2518164261740474,1.210705334670099,1.210881345913551,1.210881345913551,1.210705334670099,1.1878848709988454
300.0,63.409,86.38,2.757,3.667,302.323,3.324372126194335,3.3243807321172647,3.3243807321172647,3.324372126194335,8.272729113178878,8.272783354921776,8.272783354921776,8.272729113178878,1.273070023033268,1.27300440581714,1.27300440581714,1.273070023033268,1.2379371285458112,1.2381465919801573,1.2381465919801573,1.2379371285458112,18.540925212773548
300.0,63.718,53.515,4.001,3.905,3196.363,3.238098385861484,3.238107976672286,3.238107976672286,3.238098385861484,7.964555744771873,7.964583512129587,7.964583512129587,7.964555744771873,1.2498678362076734,1.2497751223543627,1.2497751223543627,1.2498678362076734,1.209326827092029,1.2096259236075202,1.2096259236075202,1.209326827092029,1.7514875918374504
300.0,63.895,47.771,4.213,6.463,2744.156,3.2398307083388764,3.2398398866261933,3.2398398866261933,3.2398307083388764,7.968055292921784,7.968086110154859,7.968086110154859,7.968055292921784,1.2498934922778968,1.249788814366332,1.249788814366332,1.2498934922778968,1.2095022839737073,1.2098390348584458,1.2098390348584458,1.2095022839737073,2.0393421188019087
300.0,64.032,41.915,5.384,4.179,1131.205,3.255023338341634,3.2550323243782606,3.2550323243782606,3.255023338341634,8.016415152409833,8.016448898451937,8.016448898451937,8.016415152409833,1.2530921863579954,1.2529696596788162,1.2529696596788162,1.2530921863579954,1.213616681210467,1.2140097649160195,1.2140097649160195,1.213616681210467,4.944685482559801
300.0,64.133,44.286,6.253,3.388,2890.855,3.2394405535713755,3.239449530283244,3.239449530283244,3.2394405535713755,7.9661014337260285,7.96613066586065,7.96613066586065,7.9661014337260285,1.2496660001653526,1.2495527398362247,1.2495527398362247,1.2496660001653526,1.209303937735677,1.209668033796424,1.209668033796424,1.209303937735677,1.935424444489268
300.0,64.178,41.831,4.022,3.388,978.146,3.2590052473258178,3.2590142848862143,3.2590142848862143,3.2590052473258178,8.030580225970047,8.030612046371385,8.030612046371385,8.030580225970047,1.2541446257538087,1.254021179263317,1.254021179263317,1.2541446257538087,1.214933445742754,1.2153296033295302,1.2153296033295302,1.214933445742754,5.718155995179809
300.0,64.492,16.772,5.452,4.129,4976.112,3.2365974600303025,3.2365999703627844,3.2365999703627844,3.2365974600303025,7.942694447870419,7.942713059575404,7.942713059575404,7.942694447870419,1.2468358244765074,1.2464959163997458,1.2464959163997458,1.2468358244765074,1.2061209696307225,1.2071969362867851,1.2071969362867851,1.2061209696307225,1.1224725642708728
300.0,64.673,60.639,6.441,6.456,2059.848,3.2426190134208754,3.2426280380994417,3.2426280380994417,3.2426190134208754,7.989384845037951,7.989405451855877,7.989405451866458,7.989384845037951,1.2523363479586458,1.2522540157668267,1.2522540157668267,1.2523363479586458,1.2121998063052826,1.2124664526226172,1.2124664526226172,1.2121998063052826,2.7188566133839114
300.0,64.897,37.912,5.736,5.146,3862.2,3.237165720209248,3.2371741491411545,3.2371741491411545,3.237165720209248,7.959204908873299,7.959225799564216,7.959225799564216,7.959204908873299,1.2491331501751808,1.2489998315761723,1.2489998315761723,1.2491331501751808,1.2087856043187053,1.2092137878815312,1.2092137878815312,1.2087856043187053,1.448078710568809
300.0,65.037,18.65,5.474,5.57,3585.135,3.23865797311477,3.238661675792813,3.238661675792813,3.23865797311477,7.953834036646015,7.95384948205759,7.95384948205759,7.953834036646015,1.2479014746341843,1.2476019077126683,1.2476019077126683,1.2479014746341843,1.207468647210487,1.2084170251282993,1.2084170251282993,1.207468647210487,1.5580958484697671
300.0,65.218,51.964,3.011,5.466,3575.413,3.237053360178499,3.2370618014087107,3.2370618014087107,3.237053360178499,7.9688187043073295,7.968840551851129,7.968840551851129,7.9688187043073295,1.250633567545906,1.2505376404489716,1.2505376404489716,1.250633567545906,1.2103094218822164,1.2106191077782205,1.2106191077782205,1.2103094218822164,1.565576157106189
300.0,65.428,70.48,3.353,4.231,1527.919,3.246982299900714,3.2469895701140574,3.2469895701140574,3.246982299900714,8.014134881365683,8.01416796875933,8.01416796875933,8.014134881365683,1.2548628147647616,1.2547908376875727,1.2547908376875727,1.2548628147647616,1.2150829890520431,1.215314979720396,1.215314979720396,1.2150829890520431,3.667379554970255
300.0,65.765,80.356,3.31,5.728,4371.402,3.2341980205582948,3.2342046299099216,3.2342046299099216,3.2341980205582948,7.978965152146029,7.978995070516755,7.978995070516755,7.978965152146029,1.2529839836690764,1.2529217554370864,1.2529217554370864,1.2529839836690764,1.212459607889666,1.2126606450557074,1.2126606450557074,1.212459607889666,1.2827600674181825
300.0,65.799,45.226,3.916,5.809,4867.866,3.2351765143172897,3.2351838582078734,3.2351838582078734,3.2351765143172897,7.962003095625622,7.962030918183835,7.962030918183835,7.962003095625622,1.250018746031363,1.2499076778107774,1.2499076778107774,1.250018746031363,1.2097118249945096,1.2100688493658067,1.2100688493658067,1.2097118249945096,1.149417662583996
300.0,65.859,59.131,5.048,4.922,3532.18,3.2367445116996154,3.2367516121955946,3.2367516121955946,3.2367445116996154,7.9756917293822545,7.975722896431966,7.975722896431966,7.9756917293822545,1.251712036951977,1.2516273542699248,1.2516273542699248,1.251712036951977,1.2114597039275727,1.2117324636530014,1.2117324636530014,1.2114597039275727,1.5854075088089656
300.0,65.863,72.721,3.316,3.747,589.014,3.277273624042912,3.2772808043202457,3.2772808043202457,3.277273624042912,8.119852176593348,8.11988587894037,8.11988587894037,8.119852176593348,1.2625940020732669,1.2625211639235048,1.2625211639235048,1.2625940020732669,1.224795216480279,1.2250297047333751,1.2250297047333751,1.224795216480279,9.511796596802473
300.0,66.378,56.802,3.091,6.294,4419.491,3.2351651372932397,3.235171726652328,3.235171726652328,3.2351651372932397,7.972033742867096,7.972065651241187,7.972065651241187,7.972033742867096,1.2515215096246033,1.2514332508663326,1.2514332508663326,1.2515215096246033,1.21128313633537,1.2115670693460847,1.2115670693460847,1.21128313633537,1.2669109816639177
300.0,66.536,69.963,5.283,6.105,3231.033,3.2369357750026615,3.2369421211513583,3.2369421211513583,3.2369357750026615,7.986586118048694,7.986615443549152,7.986615443549152,7.986586118048694,1.2532756901455224,1.2532039031365798,1.2532039031365798,1.2532756901455224,1.2131119949184617,1.2133435692723968,1.2133435692723968,1.2131119949184617,1.734288714723856
300.0,66.776,99.976,2.832,6.359,2959.422,3.236377743015908,3.2363759969313013,3.2363759969313013,3.236377743015908,8.003658533079708,8.003788698197337,8.003788698197337,8.003658533079708,1.2560976539063704,1.2560431366411582,1.2560431366411582,1.2560976539063704,1.2157885974672842,1.215953615196438,1.215953615196438,1.2157885974672842,1.8969708041397448
300.0,67.002,48.467,4.124,4.04,1932.846,3.24388381416425,3.243890012360169,3.243890012360169,3.24388381416425,8.000074311478086,8.000104744541202,8.000104744541202,8.000074311478086,1.2533205902121949,1.2532152733909874,1.2532152733909874,1.2533205902121949,1.213737175795525,1.214075358903544,1.214075358903544,1.213737175795525,2.8950241006412463
300.0,67.065,22.881,5.833,2.551,3749.94,3.237858254916468,3.2378614758911564,3.2378614758911564,3.237858254916468,7.965345439972565,7.965371471175347,7.965371471175347,7.965345439972565,1.2496335067355822,1.249396100794355,1.249396100794355,1.2496335067355822,1.2096171539352367,1.2103704895632823,1.2103704895632823,1.2096171539352367,1.4899054100158653
300.0,67.328,32.633,2.76,4.911,594.739,3.2783783739610617,3.2783844006890295,3.2783844006890295,3.2783783739610617,8.108733429947462,8.108755605262937,8.108755605262937,8.108733429947462,1.260329856197346,1.260162252503899,1.260162252503899,1.260329856197346,1.2229306579178632,1.2234661538403977,1.2234661538403977,1.2229306579178632,9.39626191299016
300.0,67.373,93.822,5.607,4.525,740.775,3.266186902797943,3.2661922586174907,3.2661922586174907,3.266186902797943,8.10373936290263,8.10376141339325,8.10376141339325,8.10373936290263,1.263068466821354,1.2630123408905871,1.2630123408905871,1.263068466821354,1.2247900772132747,1.2249719465489397,1.2249719465489397,1.2247900772132747,7.573306354240496
300.0,67.405,97.767,3.582,4.664,1254.703,3.2498111018286084,3.2498160970750702,3.2498160970750702,3.2498111018286084,8.051161798828213,8.051183120240845,8.051183120240845,8.051161798828213,1.259574687969078,1.2595219022398862,1.2595219022398862,1.259574687969078,1.2202325564844063,1.2204037457196173,1.2204037457196173,1.2202325564844063,4.4730395314408495
300.0,67.842,45.178,3.184,5.515,1188.709,3.253345825924555,3.253351445379203,3.253351445379203,3.253345825924555,8.034781946280608,8.034810768899945,8.034810768899945,8.034781946280608,1.255919111192237,1.255803980037745,1.255803980037745,1.255919111192237,1.2170748599352164,1.217444062249878,1.217444062249878,1.2170748599352164,4.705804128270022
300.0,68.004,36.799,5.029,3.555,2654.621,3.240267695721958,3.240272716161824,3.240272716161824,3.240267695721958,7.986987697855406,7.987014035574503,7.987014035574503,7.986987697855406,1.2521705174640332,1.252029846291402,1.252029846291402,1.2521705174640332,1.212570174444819,1.2130203771837866,1.2130203771837866,1.212570174444819,2.1063475621215444
300.0,68.379,67.033,3.209,3.144,1291.588,3.25041051461443,3.2504157347597906,3.2504157347597906,3.25041051461443,8.040849302153221,8.040872991741962,8.040872991741962,8.040849302153221,1.2576355013318163,1.2575587057967117,1.2575587057967117,1.2576355013318163,1.2186627067780254,1.2189104711947891,1.2189104711947891,1.2186627067780254,4.336856169214186
300.0,68.656,52.63,3.621,4.875,3433.71,3.2370086369533126,3.2370136849557487,3.2370136849557487,3.2370086369533126,7.9891078934429345,7.989131620686055,7.989131620686055,7.9891078934429345,1.253338909083716,1.2532424485065157,1.2532424485065157,1.253338909083716,1.2136532321560012,1.2139636353129892,1.2139636353129892,1.2136532321560012,1.6300334191601515
300.0,68.72,90.738,5.096,4.719,3796.141,3.234479378058723,3.2344835597754,3.2344835597754,3.234479378058723,8.003284602647994,8.00330364894775,8.00330364894775,8.003284602647994,1.256295332840054,1.2562395050516526,1.2562395050516526,1.256295332840054,1.216302883185999,1.2164838367826707,1.2164838367826707,1.216302883185999,1.4779198531221167
300.0,68.838,67.475,5.691,3.312,1592.775,3.246097948933308,3.246102804796063,3.246102804796063,3.246097948933308,8.029341734099198,8.029364763012762,8.029364763012762,8.029341734099198,1.2570052763011796,1.2569292995701136,1.2569292995701136,1.2570052763011796,1.2178559951129264,1.2181010685868356,1.2181010685868356,1.2178559951129264,3.5169458691782287
300.0,69.147,29.038,5.703,4.175,2498.09,3.241198723061881,3.2412020675480524,3.2412020675480524,3.241198723061881,7.992256147029272,7.992277318938835,7.992277318938835,7.992256147029272,1.252577871935228,1.2523943609792152,1.2523943609792152,1.252577871935228,1.2132161010348674,1.2138011553655466,1.2138011553655466,1.2132161010348674,2.237137006516297
300.0,69.214,73.435,4.789,6.12,2071.628,3.241587961882052,3.2415924198848005,3.2415924198848005,3.241587961882052,8.019907791820978,8.01992748229565,8.01992748229565,8.019907791820978,1.2567722252410467,1.2567027450149173,1.2567027450149173,1.2567722252410467,1.2173962164980905,1.2176208474657877,1.2176208474657877,1.2173962164980905,2.7050781062901335
300.0,69.632,80.351,2.969,2.666,1524.778,3.2463083164482813,3.24631880824883,3.24631880824883,3.2463083164482813,8.042383367788144,8.042301233627006,8.042301233627006,8.042383367788144,1.2588511921659369,1.2587907226707935,1.2587907226707935,1.2588511921659369,1.2198305077227298,1.2200371960875582,1.2200371960875582,1.2198305077227298,3.6765829633821094
300.0,70.096,11.424,2.504,6.462,2617.628,3.241397649261037,3.241389863423556,3.241389863423556,3.241397649261037,7.988208529425341,7.988191257036411,7.988191257036411,7.988208529425341,1.2519267737819784,1.2513438138962605,1.2513438138962605,1.2519267737819784,1.2120598656943755,1.2138856538905332,1.2138856538905332,1.2120598656943755,2.132562338824192
300.0,70.27,10.808,4.24,5.818,966.09,3.2603284170680054,3.2603188037087034,3.2603188037087034,3.2603284170680054,8.052342038042857,8.052326486461418,8.052326486461418,8.052342038042857,1.256534522853082,1.2558896460889049,1.2558896460889049,1.256534522853082,1.2177348064293738,1.2197506368792022,1.2197506368792022,1.2177348064293738,5.776938479395705
300.0,70.352,43.953,5.594,4.68,1036.954,3.2568384774104766,3.2568422971259867,3.2568422971259867,3.2568384774104766,8.060509077946254,8.060530465893889,8.060530465893889,8.060509077946254,1.2585678291318438,1.2584474680088698,1.2584474680088698,1.2585678291318438,1.2204503918805965,1.2208362817354392,1.2208362817354392,1.2204503918805965,5.393359881367172
300.0,70.443,79.458,6.379,3.574,3918.763,3.2346143932536293,3.2346178639387246,3.2346178639387246,3.2346143932536293,8.007269073935923,8.007283397011292,8.007283397011292,8.007269073935923,1.256618840568311,1.2565549136546914,1.2565549136546914,1.256618840568311,1.2170340948653846,1.2172412321957495,1.2172412321957495,1.2170340948653846,1.4305754162726014
300.0,70.474,33.36,4.937,3.464,648.373,3.274203598279208,3.274206755916269,3.274206755916269,3.274203598279208,8.11339797501691,8.113418681890193,8.113418681890193,8.11339797501691,1.2618167331621983,1.2616512290210768,1.2616512290210768,1.2618167331621983,1.2248155321191705,1.2253436553372852,1.2253436553372852,1.2248155321191705,8.61861181171262
300.0,70.851,74.148,2.754,4.219,4416.306,3.2339775146022958,3.233981055320533,3.233981055320533,3.2339775146022958,8.004519523324477,8.004530306257514,8.004530306257514,8.004519523324477,1.2562903359486168,1.256221972427298,1.256221972427298,1.2562903359486168,1.216776926944548,1.2169986842662208,1.2169986842662208,1.216776926944548,1.268976017030521
300.0,70.95,93.083,5.465,4.67,414.627,3.2978625095177425,3.2978660053618247,3.2978660053618247,3.2978625095177425,8.231199338157667,8.231205234487598,8.231205234487598,8.231199338157667,1.273202813166224,1.2731433089450612,1.2731433089450612,1.273202813166224,1.2379429925257033,1.2381364548202871,1.2381364548202871,1.2379429925257033,13.523753372199309
300.0,71.024,33.42,3.082,2.6,650.018,3.2740769826212968,3.2740785612569803,3.2740785612569803,3.2740769826212968,8.116243240289707,8.11627972159429,8.11627972159429,8.116243240289707,1.2622128574659692,1.2620466168479592,1.2620466168479592,1.2622128574659692,1.2253237819511913,1.2258524595308689,1.2258524595308689,1.2253237819511913,8.596647811264077
300.0,71.051,71.981,4.68,3.07,3397.564,3.236041353897004,3.236044851136872,3.236044851136872,3.236041353897004,8.011253941976682,8.011263966494369,8.011263966494369,8.011253941976682,1.2567385701878913,1.2566678912052274,1.2566678912052274,1.2567385701878913,1.2173968354081932,1.2176259779410654,1.2176259779410654,1.2173968354081932,1.6492063571927178
300.0,71.219,95.205,3.733,4.363,4770.648,3.23254843716593,3.2325520520847304,3.2325520520847304,3.23254843716593,8.014151388020153,8.014143231433774,8.014143231433774,8.014151388020153,1.2581835612989167,1.2581307144877978,1.2581307144877978,1.2581835612989167,1.2185540579783345,1.2187280003708003,1.2187280003708003,1.2185540579783345,1.1762502549338676
300.0,71.231,45.827,3.405,5.913,2487.679,3.2403148382097298,3.240318015045194,3.240318015045194,3.2403148382097298,8.01131633134311,8.011333336945254,8.011333336945254,8.01131633134311,1.2554925814470193,1.2553794511628331,1.2553794511628331,1.2554925814470193,1.2165244157691657,1.2168878066080937,1.2168878066080937,1.2165244157691657,2.248668417242111
300.0,71.361,97.149,5.47,2.708,3480.772,3.234729080597758,3.2347323466072626,3.2347323466072626,3.234729080597758,8.02344669879432,8.023441353668197,8.023441353668197,8.02344669879432,1.2589917589035948,1.2589396378201143,1.2589396378201143,1.2589917589035948,1.2195188624870603,1.2196900304580411,1.2196900304580411,1.2195188624870603,1.6122873548967145
300.0,71.576,83.068,4.301,6.435,4289.959,3.233737850693947,3.233741602847674,3.233741602847674,3.233737850693947,8.013125887150807,8.013119283110195,8.013119283110195,8.013125887150807,1.2576202320719647,1.2575595175010417,1.2575595175010417,1.2576202320719647,1.218194822695002,1.2183937576930368,1.2183937576930368,1.218194822695002,1.3070348256956474
300.0,71.669,66.063,5.603,6.011,3960.857,3.2350390738069734,3.235042529214252,3.235042529214252,3.2350390738069734,8.008062131875455,8.00806688407245,8.00806688407245,8.008062131875455,1.2564324655351962,1.2563554730572783,1.2563554730572783,1.2564324655351962,1.217176814237272,1.2174265818162002,1.2174265818162002,1.217176814237272,1.4141244413070473
300.0,71.825,75.574,4.475,3.7,3596.46,3.2353597266686074,3.2353634479062214,3.2353634479062214,3.2353597266686074,8.015635840658762,8.015630741796102,8.015630741796102,8.015635840658762,1.2575061032109534,1.2574390878158572,1.2574390878158572,1.2575061032109534,1.2182648484439047,1.218483715211764,1.218483715211764,1.2182648484439047,1.5583070763317557
300.0,72.094,45.939,6.462,4.733,4382.602,3.235192463522223,3.235195050912827,3.235195050912827,3.235192463522223,7.999284047510429,7.999298672773358,7.999298672773358,7.999284047510429,1.2549503504953323,1.2548378459189895,1.2548378459189895,1.2549503504953323,1.2158414987063733,1.216202975219894,1.216202975219894,1.2158414987063733,1.2764271963103764
300.0,72.17,20.194,3.94,5.029,4670.964,3.2359426085272176,3.235941650877897,3.235941650877897,3.2359426085272176,7.987175735409511,7.987180394237293,7.987180394237293,7.987175735409511,1.252888463210871,1.2526073086834726,1.2526073086834726,1.252888463210871,1.21365679162847,1.2145473693475657,1.2145473693475657,1.21365679162847,1.1957072711839978
300.0,72.236,50.924,6.192,5.055,4247.827,3.235170058878752,3.235173036954752,3.235173036954752,3.235170058878752,8.002968894158615,8.002976487982918,8.002976487982918,8.002968894158615,1.2555108953757346,1.2554100128622048,1.2554100128622048,1.2555108953757346,1.216421890078732,1.2167473027213913,1.2167473027213913,1.216421890078732,1.31732483124366
300.0,72.303,26.078,2.718,4.739,886.499,3.262290772678808,3.2622921640785734,3.2622921640785734,3.262290772678808,8.079874856708585,8.07987671162543,8.07987671162543,8.079874856708585,1.259753498133914,1.2595378215773256,1.2595378215773256,1.259753498133914,1.2223014387079705,1.2229885281226047,1.2229885281226047,1.2223014387079705,6.300922778601433
300.0,72.525,60.164,2.642,3.826,2888.2,3.2379708555231894,3.237973355304859,3.237973355304859,3.2379708555231894,8.019569496438177,8.019580477232736,8.019580477232736,8.019569496438177,1.2572461463592697,1.2571605847128673,1.2571605847128673,1.2572461463592697,1.2183706582801923,1.2186469306781424,1.2186469306781424,1.2183706582801923,1.9384940184306163
300.0,72.733,47.003,5.222,6.095,2708.712,3.2392031401264223,3.239205924421693,3.239205924421693,3.2392031401264223,8.01712277418711,8.017126393789427,8.017126393789427,8.01712277418711,1.2564952734769856,1.2563848409222198,1.2563848409222198,1.2564952734769856,1.2177610782299146,1.2181170519969864,1.2181170519969864,1.2177610782299146,2.065222002937678
300.0,72.925,23.6,3.583,4.012,724.857,3.2697647678108863,3.26976453785133,3.26976453785133,3.2697647678108863,8.107128886193452,8.10713672666728,8.10713672666728,8.107128886193452,1.2617853223188569,1.2615399676659478,1.2615399676659478,1.2617853223188569,1.22490803025115,1.2256866075721184,1.2256866075721184,1.22490803025115,7.704097681739037
300.0,73.232,23.26,4.796,5.048,4892.991,3.235428093349892,3.2354274266677487,3.2354274266677487,3.235428093349892,7.993489944838833,7.993496170538693,7.993496170538693,7.993489944838833,1.2538491562954208,1.2536099294674887,1.2536099294674887,1.2538491562954208,1.2148633043179016,1.2156229986567484,1.2156229986567484,1.2148633043179016,1.141624184108928
300.0,73.36,91.483,4.546,5.871,800.208,3.2633015519509985,3.263302837123601,3.263302837123601,3.2633015519509985,8.127960953037473,8.12796695011643,8.12796695011643,8.127960953037473,1.266774619498966,1.266716084763892,1.266716084763892,1.266774619498966,1.2296399353434393,1.2298298934532386,1.2298298934532386,1.2296399353434393,7.008259608351132
300.0,73.547,96.805,3.169,2.57,1233.967,3.25007050421126,3.250070570909672,3.250070570909672,3.25007050421126,8.087707731666294,8.087725985078924,8.087725985078924,8.087707731666294,1.2642853752403207,1.2642304305195595,1.2642304305195595,1.2642853752403207,1.2262802523095504,1.2264573070489675,1.2264573070489675,1.2262802523095504,4.5467747483413605
300.0,73.879,51.217,4.598,2.656,4841.819,3.234199781124336,3.2342022021470678,3.2342022021470678,3.234199781124336,8.009579547174699,8.009574789025512,8.009574789025512,8.009579547174699,1.2565775349327155,1.25647688459949,1.25647688459949,1.2565775349327155,1.2177614789778803,1.2180870599625275,1.2180870599625275,1.2177614789778803,1.155670616449396
300.0,73.989,87.227,5.994,5.663,3825.403,3.2342614409633232,3.2342623325449087,3.2342623325449087,3.2342614409633232,8.031585830481125,8.03159182370644,8.03159182370644,8.031585830481125,1.2599972301871785,1.2599380887095026,1.2599380887095026,1.2599972301871785,1.221089555779454,1.2212814167897283,1.2212814167897283,1.221089555779454,1.4659859478220054
300.0,74.032,14.393,5.588,2.54,4186.814,3.2367632908807566,3.236757146737864,3.236757146737864,3.2367632908807566,7.997471768729751,7.997462856786963,7.997462856786963,7.997471768729751,1.2540597120521424,1.2536266506530958,1.2536266506530958,1.2540597120521424,1.2149732388648409,1.2163350112651037,1.2163350112651037,1.2149732388648409,1.3333870891133883
300.0,74.136,93.537,4.736,4.635,538.056,3.281453812697307,3.28144140794848,3.28144140794848,3.281453812697307,8.154635822766163,8.194886275154738,8.194886275154738,8.154635822766163,1.271833951733008,1.27176883254577,1.27176883254577,1.271833951733008,1.234646696466366,1.2363412824588116,1.2363412824588116,1.234646696466366,10.421949265305113
300.0,74.174,98.494,5.957,5.24,1537.03,3.245269244901468,3.245269660135546,3.245269660135546,3.245269244901468,8.076286703163301,8.076291089837206,8.076291089837206,8.076286703163301,1.263790802192754,1.2637374377336856,1.2637374377336856,1.263790802192754,1.225597813578861,1.2257711583461883,1.2257711583461883,1.225597813578861,3.650717486740557
300.0,74.196,85.212,6.309,4.834,2356.343,3.239128502449234,3.2391293578205174,3.2391293578205174,3.239128502449234,8.047962377550691,8.047967604499465,8.047967604499465,8.047962377550691,1.2611251333310112,1.2610641769287534,1.2610641769287534,1.2611251333310112,1.2225833284967194,1.2227810658644085,1.2227810658644085,1.2225833284967194,2.379528597875884
300.0,74.237,26.247,4.437,4.566,1376.917,3.2504402142679414,3.250440303506114,3.250440303506114,3.2504402142679414,8.051497905113612,8.051494424848437,8.051494424848437,8.051497905113612,1.2584509446145673,1.258237958662919,1.258237958662919,1.2584509446145673,1.2206469601764471,1.221325603117433,1.221325603117433,1.2206469601764471,4.056884884568294
300.0,74.263,70.497,6.292,5.901,3730.311,3.2351483186078487,3.2351495468681883,3.2351495468681883,3.2351483186078487,8.02634439941199,8.026349996956588,8.026349996956588,8.02634439941199,1.2588739987890936,1.2588008064677425,1.2588008064677425,1.2588739987890936,1.2201444148273397,1.220381343188692,1.220381343188692,1.2201444148273397,1.5017739315655865
300.0,74.356,62.926,5.008,5.505,3013.837,3.2373318198937686,3.2373333081308555,3.2373333081308555,3.237331819893772,8.029771904680238,8.029774292692906,8.029774292692906,8.029771904689754,1.2587662128203765,1.2586839474994624,1.2586839474994624,1.2587662128203765,1.2202186331503997,1.220484860412713,1.220484860412713,1.2202186331503997,1.8578734832620092
300.0,74.532,21.738,5.171,4.834,4808.936,3.2354955333208384,3.235493942197901,3.235493942197901,3.2354955333208384,8.000473507239063,8.000469592817474,8.000469592817474,8.000473507239063,1.254739172895902,1.2544787582456582,1.2544787582456582,1.254739172895902,1.2159842478778662,1.2168107489200954,1.2168107489200954,1.2159842478778662,1.1614077949665238
300.0,74.69,58.96,5.855,6.119,585.783,3.27813867939498,3.278140422798475,3.278140422798475,3.27813867939498,8.166591140054999,8.166590504433168,8.166590504433168,8.166591140054999,1.26829781630769,1.2682049704933334,1.2682049704933334,1.26829781630769,1.2325638937515746,1.232863759104912,1.232863759104912,1.2325638937515746,9.552541564219966
300.0,74.749,15.559,2.95,6.257,429.815,3.298151397810224,3.298146291386063,3.298146291386063,3.298151397810224,8.208822545525495,8.208809506233113,8.208809506233113,8.208822545525495,1.2692036196907688,1.2687804411317174,1.2687804411317174,1.2692036196907688,1.2343835171064803,1.2357150810012536,1.2357150810012536,1.2343835171064803,12.981526089263928
300.0,74.778,24.188,4.033,5.875,4554.452,3.2357061272966066,3.235705073458073,3.235705073458073,3.2357061272966066,8.004058135526227,8.004056254341354,8.004056254341354,8.004058135526227,1.255190328069689,1.254960038669818,1.254960038669818,1.255190328069689,1.2165454732935628,1.2172778991238111,1.2172778991238111,1.2165454732935628,1.226474236864167
300.0,75.366,91.043,3.964,6.016,579.836,3.277588298036551,3.277573598047353,3.277573598047353,3.277588298036551,8.1477301204667,8.187677110182303,8.187677110182303,8.1477301204667,1.2716399485429717,1.2715725680811216,1.2715725680811216,1.2716399485429717,1.234497290168615,1.2361766171609367,1.2361766171609367,1.234497290168615,9.669366945827784
300.0,75.486,91.641,6.263,2.966,1900.766,3.2418367357598354,3.241836543377311,3.241836543377311,3.2418367357598354,8.068519971993462,8.068522581867244,8.068522581867244,8.068519971993462,1.2633592867436372,1.2633019658199025,1.2633019658199025,1.2633592867436372,1.2252546976181693,1.2254406872206074,1.2254406872206074,1.2252546976181693,2.950791650696319
300.0,75.65,33.195,3.655,3.32,4525.439,3.2352910709132736,3.2352907221371967,3.2352907221371967,3.2352910709132736,8.013110929097937,8.013114375943283,8.013114375943283,8.013110929097937,1.2565660220599773,1.2564039227813757,1.2564039227813757,1.2565660220599773,1.2181634459633974,1.2186817234733318,1.2186817234733318,1.2181634459633974,1.2349865820439525
300.0,75.757,69.67,5.669,4.751,1958.643,3.2422517383523988,3.242251985370873,3.242251985370873,3.2422517383523988,8.058558441020162,8.05856263117566,8.05856263117566,8.058558441020162,1.2616363945881863,1.261561055537066,1.261561055537066,1.2616363945881863,1.2236888590607542,1.2239323766871486,1.2239323766871486,1.2236888590607542,2.859673947941623
300.0,75.865,17.066,5.555,3.87,874.516,3.2630216575803783,3.263016789680283,3.263016789680283,3.2630216575803783,8.097938788212296,8.09792967738763,8.09792967738763,8.097938788212296,1.2619032889540636,1.261539810375069,1.261539810375069,1.2619032889540636,1.2250146795450982,1.2261609810386285,1.2261609810386285,1.2250146795450982,6.382719917601594
300.0,76.024,36.809,5.005,4.249,437.549,3.2962806365825443,3.296271723957471,3.296271723957471,3.2962806365825443,8.181662158071045,8.222498123555317,8.222498123555317,8.181662158071045,1.271564930660653,1.2714037240834384,1.2714037240834384,1.271564930660653,1.2358460729635092,1.2378971470834823,1.2378971470834823,1.2358460729635092,12.768324087955255
300.0,76.359,36.2,4.495,6.199,3191.813,3.2378202093665385,3.2378196766113243,3.2378196766113243,3.2378202093665385,8.02755200210359,8.027554279175817,8.027554279175817,8.02755200210359,1.2579849369270868,1.257836411287105,1.257836411287105,1.2579849369270868,1.2199029337698115,1.220378486643476,1.220378486643476,1.2199029337698115,1.7512313443647352
300.0,76.468,86.125,4.88,2.681,2083.524,3.240673024966424,3.2406723931622805,3.2406723931622805,3.240673024966424,8.067200963400577,8.067202393325204,8.067202393325204,8.067200963400577,1.2633326032072258,1.26327149970276,1.26327149970276,1.2633326032072258,1.2253880982559302,1.2255861441242484,1.2255861441242484,1.2253880982559302,2.6909640167365967
300.0,76.469,83.427,4.406,4.681,592.061,3.2768386572075783,3.2768225817377057,3.2768225817377057,3.2768386572075783,8.147392081620978,8.18719233776552,8.18719233776552,8.147392081620978,1.2716078561602044,1.2715344662903276,1.2715344662903276,1.2716078561602044,1.2347026179967722,1.2363902399054758,1.2363902399054758,1.2347026179967722,9.464895803851071
300.0,76.661,40.215,3.573,3.23,3036.233,3.2381066146517963,3.2381061448140165,3.2381061448140165,3.2381066146517963,8.032642065167982,8.032644468557814,8.032644468557814,8.032642065167982,1.2586500991326832,1.2585172131364988,1.2585172131364988,1.2586500991326832,1.2206617598122746,1.2210879295189012,1.2210879295189012,1.2206617598122746,1.8413950703004407
300.0,76.815,19.284,2.841,4.653,383.377,3.3066191793289903,3.306601252408251,3.306601252408251,3.3066191793289903,8.210530599865871,8.251745095183944,8.251745095183944,8.210530599865871,1.2730578499642435,1.2727192449499811,1.2727192449499811,1.2730578499642435,1.237973662758214,1.2405880317573148,1.2405880317573148,1.237973662758214,14.554792115282575
300.0,76.936,55.097,3.61,3.036,1790.059,3.24422808307555,3.2442277628136247,3.2442277628136247,3.24422808307555,8.063582627571444,8.063584848426112,8.063584848426112,8.063582627571444,1.2616729416826709,1.2615765062520992,1.2615765062520992,1.2616729416826709,1.2241438410938197,1.224454527906661,1.224454527906661,1.2241438410938197,3.1259655168557807
300.0,77.035,70.149,3.218,3.05,1402.093,3.2481950911390283,3.24819398782498,3.24819398782498,3.2481950911390283,8.086510072726302,8.086519295293733,8.086519295293733,8.086510072726302,1.264070383151277,1.2639941828411485,1.2639941828411485,1.264070383151277,1.226806064274584,1.2270514815397535,1.2270514815397535,1.226806064274584,3.994476072202452
300.0,77.107,13.418,5.649,5.258,1808.404,3.2457719960904137,3.245763151764011,3.245763151764011,3.2457719960904137,8.045239313172662,8.045218355834022,8.045218355834022,8.045239313172662,1.2585044029400216,1.2580172782053678,1.2580172782053678,1.2585044029400216,1.2205191156836208,1.222048313960944,1.222048313960944,1.2205191156836208,3.0862288629724834
300.0,77.218,10.487,3.453,5.723,4448.03,3.2362933662878435,3.2362795618965188,3.2362795618965188,3.2362933662878435,8.012402634849291,8.012366683397817,8.012366683397817,8.012402634849291,1.2561658752976692,1.2554891806073432,1.2554891806073432,1.2561658752976692,1.217229258190856,1.219343965948383,1.219343965948383,1.217229258190856,1.2546229010010677
300.0,77.224,65.434,5.275,4.004,999.374,3.2569134658421897,3.2569129028247774,3.2569129028247774,3.2569134658421897,8.114040291906361,8.114041529153921,8.114041529153921,8.114040291906361,1.2658413114279583,1.2657588905169992,1.2657588905169992,1.2658413114279583,1.2292178291867004,1.22948385788156,1.22948385788156,1.2292178291867004,5.60199633751639
300.0,77.323,98.29,4.839,5.628,1892.465,3.241637176157328,3.241626721241483,3.241626721241483,3.241637176157328,8.044238987036074,8.082686742722604,8.082686742722604,8.044238987036074,1.2653502125957308,1.265292230027631,1.265292230027631,1.2653502125957308,1.2262060989706318,1.227794567477681,1.227794567477681,1.2262060989706318,2.9647252745570416
300.0,77.434,91.053,6.294,4.503,434.766,3.2951413080977567,3.295135537427066,3.295135537427066,3.2951413080977567,8.219132675976685,8.258958469111656,8.258958469111656,8.219132675976685,1.2773341691176727,1.27726997369988,1.27726997369988,1.2773341691176727,1.2420351506348453,1.2437021256047214,1.2437021256047214,1.2420351506348453,12.892375091672848
300.0,77.579,19.093,2.561,5.852,3506.321,3.2376536055332776,3.2376482847996013,3.2376482847996013,3.2376536055332776,8.02435189826075,8.024351421617006,8.024351421617006,8.02435189826075,1.2573816375806033,1.25707158669623,1.25707158669623,1.2573816375806033,1.219316439814898,1.2202961788717608,1.2202961788717608,1.219316439814898,1.592388775333182
300.0,77.604,21.019,5.432,5.463,533.151,3.2846207920496906,3.2846168008459973,3.284616800845996,3.2846207920496906,8.183243506510419,8.183236320315078,8.183236320315123,8.183243506510419,1.2686472594143403,1.268354292440704,1.268354292440704,1.2686472594143403,1.233789856400207,1.2347169514911749,1.2347169514911749,1.233789856400207,10.46904930544194
300.0,77.606,44.316,5.718,4.465,2116.693,3.24210286403195,3.242101997500433,3.242101997500408,3.24210286403195,8.054099625327243,8.054100164898836,8.05410016490907,8.054099625327243,1.2607005230236503,1.2605794578081173,1.2605794578081173,1.2607005230236503,1.2231806117437136,1.2235693988306775,1.2235693988306775,1.2231806117437136,2.641807099251976
300.0,77.623,17.739,4.304,3.915,1805.516,3.245593221085272,3.24558771816588,3.24558771816588,3.245593221085272,8.050244933840316,8.050233625242178,8.050233625242178,8.050244933840316,1.2591876279857808,1.258845337460132,1.258845337460132,1.2591876279857808,1.221576855627936,1.222657448877995,1.222657448877995,1.221576855627936,3.091930980348246
300.0,77.878,48.537,5.638,3.981,1431.208,3.248606966829686,3.2486060436847004,3.2486060436847004,3.248606966829686,8.080039426670782,8.080039830626852,8.080039830626852,8.080039426670782,1.2628337767588735,1.2627226416451924,1.2627226416451924,1.2628337767588735,1.225807523177727,1.2261647778608928,1.2261647778608928,1.225807523177727,3.9078477129922526
300.0,78.265,24.023,5.042,4.644,321.043,3.321962012511244,3.321952178342483,3.321952178342483,3.321962012511244,8.273500950177048,8.314667526110915,8.314667526110915,8.273500950177048,1.2781391174838737,1.2778726017839022,1.2778726017839022,1.2781391174838737,1.2447484646155125,1.2471343778349684,1.2471343778349684,1.2447484646155125,17.382081396323954
300.0,78.405,15.711,4.819,6.409,3384.41,3.238061308697166,3.2380539956784773,3.2380539956784773,3.238061308697166,8.028444447237792,8.028428018063837,8.028428018063837,8.028444447237792,1.2578468575614574,1.257450689272859,1.257450689272859,1.2578468575614574,1.2198184159611507,1.2210660800497408,1.2210660800497408,1.2198184159611507,1.64933986101704
300.0,78.534,31.822,6.238,4.88,1875.284,3.2443748589892216,3.2443726503203947,3.2443726503203947,3.2443748589892216,8.059874385236377,8.059871105071089,8.059871105071089,8.059874385236377,1.2608225472706118,1.2606481718262543,1.2606481718262543,1.2608225472706118,1.2236080738426678,1.2241648836486856,1.2241648836486856,1.2236080738426678,2.979411779320663
300.0,78.629,15.738,4.215,5.719,1656.751,3.247100709220265,3.247093284246352,3.247093284246352,3.247100709220265,8.06009673862214,8.060079187257939,8.060079187257939,8.06009673862214,1.2601628951512729,1.2597627955894906,1.2597627955894906,1.2601628951512729,1.222762843630561,1.2240227295910362,1.2240227295910362,1.222762843630561,3.3689598216310155
300.0,78.69,58.967,5.796,5.698,4468.283,3.2341396780565534,3.234138271573322,3.234138271573322,3.2341396780565534,8.042494574997441,8.042493345735144,8.042493345735144,8.042494574997441,1.2609979248390752,1.2609084012613725,1.2609084012613725,1.2609979248390752,1.2231872629905485,1.2234759705632618,1.2234759705632618,1.2231872629905485,1.2526338434347253
300.0,79.041,29.165,4.111,4.764,686.89,3.2718484822702347,3.271839385058302,3.271839385058302,3.2718484822702347,8.113986050597235,8.153589385426379,8.153589385426379,8.113986050597235,1.26745472923429,1.2672525975660651,1.2672525975660651,1.26745472923429,1.2307093396178197,1.2328309008182847,1.2328309008182847,1.2307093396178197,8.130470468196814
300.0,79.156,47.922,3.607,2.558,3642.147,3.2360733363872143,3.236071668483256,3.236071668483256,3.2360733363872143,8.045218017318524,8.045215034990301,8.045215034990301,8.045218017318524,1.2608010069801607,1.2606895305039296,1.2606895305039296,1.2608010069801607,1.2232295263991355,1.2235880037168687,1.2235880037168687,1.2232295263991355,1.535658867637431
300.0,79.527,40.505,4.984,2.695,903.518,3.261037799152729,3.261027462069223,3.261027462069223,3.261037799152729,8.087713338602107,8.126843266600696,8.126843266600696,8.087713338602107,1.2663050118206198,1.2661635009851049,1.2661635009851049,1.2663050118206198,1.2290292789642785,1.2309280621134968,1.2309280621134968,1.2290292789642785,6.185949437256347
300.0,79.608,97.167,3.679,3.82,911.971,3.2587250914130177,3.2587167343395875,3.2587167343395875,3.2587250914130177,8.114484511032787,8.152872918557268,8.152872918557268,8.114484511032787,1.2710365850429624,1.2709780026954527,1.2709780026954527,1.2710365850429624,1.233648345619936,1.2352245179093575,1.2352245179093575,1.233648345619936,6.15016066039836
300.0,79.7,21.176,3.703,6.323,1638.15,3.2470524203499207,3.247047290280341,3.247047290280341,3.2470524203499207,8.06949062889915,8.06947971710862,8.06947971710862,8.06949062889915,1.2614198354673525,1.2611397707253589,1.2611397707253589,1.2614198354673525,1.2244762147442505,1.2253633073885013,1.2253633073885013,1.2244762147442505,3.4082092671148385
300.0,79.879,18.862,3.885,5.32,777.802,3.267163838754231,3.2671575649223565,3.267157564922356,3.267163838754231,8.136756627899885,8.136742515089214,8.136742515100323,8.136756627899885,1.266108204133906,1.2657781518593136,1.2657781518593136,1.266108204133906,1.2304897752415922,1.231532179915366,1.231532179915366,1.2304897752415922,7.17566388854838
300.0,80.327,27.327,2.706,5.146,4965.887,3.2347146450434985,3.2347087849606044,3.2347087849606044,3.2347146450434985,8.035633125283267,8.035655037306546,8.035655037306546,8.035633125283267,1.2595204562793747,1.2593133589908787,1.2593133589908787,1.2595204562793747,1.2220287162513663,1.2226850834906928,1.2226850834906928,1.2220287162513663,1.1248317787634543
300.0,80.35,57.089,2.616,5.757,1655.916,3.245446189175726,3.245432230672345,3.245432230672345,3.245446189175726,8.05097559148576,8.089414644869738,8.089414644869738,8.05097559148576,1.2647805986541705,1.2646804902795057,1.2646804902795057,1.2647805986541705,1.2266925966475584,1.2284116373889644,1.2284116373889644,1.2266925966475584,3.37908792191027
300.0,80.431,19.79,2.508,5.276,3983.91,3.2360953745200014,3.236091062825021,3.236091062825021,3.2360953745200014,8.036457364548289,8.0363636694962,8.0363636694962,8.036457364548289,1.2593670760643123,1.2590673180144951,1.2590673180144951,1.2593670760643123,1.2214911784734,1.22243909194117,1.22243909194117,1.2214911784734,1.4014055288414782
300.0,80.764,52.142,3.772,3.615,4834.354,3.2338564668212655,3.233853893472616,3.233853893472616,3.2338564668212655,8.049875485124488,8.049870378278227,8.049870378278227,8.049875485124488,1.2619073516397676,1.2618047033372803,1.2618047033372803,1.2619073516397676,1.2245469429755,1.224877303972163,1.224877303972163,1.2245469429755,1.1571957199503906
300.0,80.872,37.385,2.844,3.199,754.321,3.2677294008088213,3.2677112689317007,3.2677112689317007,3.2677294008088213,8.116389665594863,8.155563800354741,8.155563800354741,8.116389665594863,1.2686291381328971,1.268469539213819,1.268469539213819,1.2686291381328971,1.2321427375605791,1.2340767068562473,1.2340767068562473,1.2321427375605791,7.40713730105423
300.0,81.492,46.5,6.326,3.805,1177.087,3.25318280931125,3.2531652379188234,3.2531652379188234,3.25318280931125,8.07714080616846,8.115707750881809,8.115707750881809,8.07714080616846,1.2665161635212292,1.2663904023684671,1.2663904023684671,1.2665161635212292,1.2292142609321384,1.231010860093354,1.231010860093354,1.2292142609321384,4.749977063159692
300.0,81.559,81.752,5.925,4.929,2545.085,3.23824684033191,3.2382278725423856,3.2382278725423856,3.23824684033191,8.049017095410662,8.086828751279985,8.086828751279985,8.049017095410662,1.2662968478977723,1.2662243087473046,1.2662243087473046,1.2662968478977723,1.227996719497326,1.2295734416615631,1.2295734416615631,1.227996719497326,2.201927384279162
300.0,81.585,97.527,5.874,3.869,2050.689,3.2405011588707966,3.240491862540403,3.240491862540403,3.2405011588707966,8.066173044684334,8.10370774440731,8.10370774440731,8.066173044684334,1.2683101215306585,1.2682525965545428,1.2682525965545428,1.2683101215306585,1.2301496258808329,1.231677422075429,1.231677422075429,1.2301496258808329,2.7353779642213523
300.0,81.907,33.924,3.68,5.099,833.667,3.2641122669796987,3.264093335592156,3.264093335592156,3.2641122669796987,8.108530555784128,8.1474388846817,8.1474388846817,8.108530555784128,1.268263313474422,1.2680868153446894,1.2680868153446894,1.268263313474422,1.2317585408649772,1.2337308264565785,1.2337308264565785,1.2317585408649772,6.700647996750229
300.0,81.915,91.284,3.809,3.623,2533.935,3.2379516085192392,3.2379413550242697,3.2379413550242697,3.2379516085192392,8.055944514095598,8.093433075739366,8.093433075739366,8.055944514095598,1.2673857021488997,1.267324112902573,1.267324112902573,1.2673857021488997,1.2291422092761348,1.2306810995866426,1.2306810995866426,1.2291422092761348,2.212887386880646
300.0,82.151,99.418,2.901,6.24,1904.146,3.2415721649767786,3.241563546850257,3.241563546850257,3.2415721649767786,8.074458676307968,8.111871684325372,8.111871684325372,8.074458676307968,1.269175089976315,1.269118899749014,1.269118899749014,1.269175089976315,1.2312351928816552,1.232750666922986,1.232750666922986,1.2312351928816552,2.9461328199153467
300.0,82.163,11.842,4.804,6.146,3218.921,3.238511988234674,3.238498373791066,3.238498373791066,3.238511988234674,8.050061752232867,8.050026304328412,8.050026304328412,8.050061752232867,1.260589945293672,1.2600039697047862,1.2600039697047862,1.260589945293672,1.2230484925063188,1.2248828456950456,1.2248828456950456,1.2230484925063188,1.7334416995490427
300.0,82.18,47.057,6.401,6.493,4340.358,3.234735350749685,3.2347217111061606,3.2347217111061606,3.234735350749685,8.020372492661,8.058267806236785,8.058267806236785,8.020372492661,1.2627472061503258,1.2626273889339332,1.2626273889339332,1.2627472061503258,1.2243722269315682,1.2261297602092764,1.2261297602092764,1.2243722269315682,1.2884090330052258
300.0,82.488,50.251,6.462,2.867,1432.961,3.248531797991024,3.2485127478114832,3.2485127478114832,3.248531797991024,8.070036272267975,8.108264562068062,8.108264562068062,8.070036272267975,1.2665322602038334,1.2664155630753968,1.2664155630753968,1.2665322602038334,1.2291708549446243,1.2309147374979463,1.2309147374979463,1.2291708549446243,3.902717408670078
300.0,82.583,20.845,4.199,5.129,1557.732,3.2479671010953335,3.2479512249190168,3.2479512249190168,3.2479671010953335,8.051141358093478,8.089550705770767,8.089550705770767,8.051141358093478,1.2638343296714782,1.2635402518021268,1.2635402518021268,1.2638343296714782,1.2261715072947594,1.22850890707327,1.22850890707327,1.2261715072947594,3.583617688271886
300.0,82.6,80.908,6.306,3.128,1441.184,3.2473108535263933,3.2473019686836984,3.2473019686836984,3.2473108535263933,8.085130756759689,8.12280681638034,8.12280681638034,8.085130756759689,1.2691579527078898,1.2690886046822554,1.2690886046822554,1.2691579527078898,1.2317523438396063,1.2333261612750006,1.2333261612750006,1.2317523438396063,3.8878108238759888
300.0,82.601,40.959,2.837,3.64,1637.468,3.246271463546321,3.2462528658416296,3.2462528658416296,3.246271463546321,8.057770718769747,8.0960095380756,8.0960095380756,8.057770718769747,1.2652359904442276,1.2650933602399754,1.2650933602399754,1.2652359904442276,1.2277250232512524,1.2295574786106147,1.2295574786106147,1.2277250232512524,3.4134031018054465
300.0,82.822,21.318,5.468,5.711,1498.344,3.248706872640988,3.248688984111078,3.248688984111078,3.248706872640988,8.05532613510463,8.093733149693811,8.093733149693811,8.05532613510463,1.2642334723243034,1.263945344179462,1.263945344179462,1.2642334723243034,1.2266922883305849,1.2290047492687002,1.2290047492687002,1.2266922883305849,3.725699870289597
300.0,82.898,61.944,4.092,4.268,3465.445,3.2358865470083686,3.235867651477716,3.235867651477716,3.2358865470083686,8.037513707948014,8.075214189720331,8.075214189720331,8.037513707948014,1.2649445562407355,1.2648505948265365,1.2648505948265365,1.2649445562407355,1.226832800119919,1.228476527828313,1.228476527828313,1.226832800119919,1.615105793261477
300.0,83.052,66.765,5.771,4.036,1499.796,3.2470141806617083,3.247004461650925,3.247004461650925,3.2470141806617083,8.078406504718313,8.116157210849364,8.116157210849364,8.078406504718313,1.2681296741689303,1.268045276874864,1.268045276874864,1.2681296741689303,1.230823065022722,1.2324509437242075,1.2324509437242075,1.230823065022722,3.7325602122458146
300.0,83.221,75.406,5.254,3.676,3088.254,3.236435850584006,3.2364251686782533,3.2364251686782533,3.236435850584006,8.049432958998,8.086804960171724,8.086804960171724,8.049432958998,1.2665683502610052,1.2664940133589928,1.2664940133589928,1.2665683502610052,1.2285686931039672,1.2301436724789652,1.2301436724789652,1.2285686931039672,1.8138395535498613
300.0,83.551,89.959,3.279,2.716,4944.774,3.232261611361172,3.23225225734238,3.23225225734238,3.232261611361172,8.046434255773438,8.083454407626904,8.083454407626904,8.046434255773438,1.2671876259248267,1.2671260090982754,1.2671260090982754,1.2671876259248267,1.2289723498485865,1.2304863855238226,1.2304863855238226,1.2289723498485865,1.133877518110025
300.0,83.858,30.905,3.582,4.44,4312.196,3.235385004836976,3.2353719885560674,3.2353719885560674,3.235385004836976,8.023241455689158,8.060962895906089,8.060962895906089,8.023241455689158,1.262729660013196,1.2625434035645104,1.2625434035645104,1.262729660013196,1.2247259113025946,1.2266891126195094,1.2266891126195094,1.2247259113025946,1.2954309784636808
300.0,83.871,91.108,4.345,5.039,3643.282,3.2343943497444987,3.2343853920236927,3.2343853920236927,3.2343943497444987,8.056135512940601,8.093121934743142,8.093121934743142,8.056135512940601,1.268047105071428,1.2679862734432767,1.2679862734432767,1.268047105071428,1.2300555975183145,1.2315637228355751,1.2315637228355751,1.2300555975183145,1.538988680777512
300.0,83.971,50.303,4.741,3.689,3951.093,3.235272118707845,3.2352524028635687,3.2352524028635687,3.235272118707845,8.035097066581061,8.072702813055406,8.072702813055406,8.035097066581061,1.2645584384390336,1.2644429820401153,1.2644429820401153,1.2645584384390336,1.2266636585452415,1.2283707388271676,1.2283707388271676,1.2266636585452415,1.4155118953005548
300.0,84.057,15.702,3.001,3.142,4217.318,3.236135340511034,3.236117784486833,3.236117784486833,3.236135340511034,8.017883622917875,8.055728936999673,8.055728936999673,8.017883622917875,1.2617604969980958,1.2613501386943609,1.2613501386943609,1.2617604969980958,1.2234469841954452,1.2261209638336863,1.2261209638336863,1.2234469841954452,1.3233116883318117
300.0,84.063,26.613,3.701,6.078,1728.823,3.2458627691410467,3.2458404797946034,3.2458404797946034,3.2458627691410467,8.05667093153571,8.094787530179541,8.094787530179541,8.05667093153571,1.2649795761604248,1.2647523029959913,1.2647523029959913,1.2649795761604248,1.2276715156669833,1.2297599844955591,1.2297599844955591,1.2276715156669833,3.229978456384297
300.0,84.396,18.499,4.633,4.693,2154.013,3.24277167631398,3.2427496273180534,3.2427496273180534,3.24277167631398,8.043557637251233,8.081567993131996,8.081567993131996,8.043557637251233,1.263813874837465,1.26347207864321,1.26347207864321,1.263813874837465,1.2261617268773668,1.228612047347834,1.228612047347834,1.2261617268773668,2.5911424045588447
300.0,84.398,57.095,4.877,4.749,1099.889,3.254685781742051,3.254677080949816,3.254677080949816,3.254685781742051,8.106475539085022,8.144230335709258,8.144230335709258,8.106475539085022,1.2700798016738917,1.2699803635409166,1.2699803635409166,1.2700798016738917,1.2336583026307557,1.235332041744054,1.235332041744054,1.2336583026307557,5.08596284227218
300.0,84.443,91.777,3.455,4.173,3777.823,3.234081951547802,3.2340744678064017,3.2340744678064017,3.234081951547802,8.059207754880939,8.096042416799019,8.096042416799019,8.059207754880939,1.2684758234686542,1.268416167419521,1.268416167419521,1.2684758234686542,1.2306153222925786,1.2321129057105678,1.2321129057105678,1.2306153222925786,1.4842084913713791
300.0,84.67,14.535,4.897,3.492,3854.69,3.236837617454189,3.2368150076207467,3.2368150076207467,3.236837617454189,8.023166177525102,8.060976409767289,8.060976409767289,8.023166177525102,1.262315751382134,1.261859583475052,1.261859583475052,1.262315751382134,1.224107983690059,1.2269108392819708,1.2269108392819708,1.224107983690059,1.4476493951427776
300.0,84.955,98.65,4.691,3.627,2622.952,3.2373702812404805,3.237361731570347,3.237361731570347,3.2373702812404805,8.077345089718921,8.114093574660554,8.114093574660554,8.077345089718921,1.2702873516595965,1.2702308427992364,1.2702308427992364,1.2702873516595965,1.2327786900116873,1.2342524440445952,1.2342524440445952,1.2327786900116873,2.1384841599230486
300.0,85.0,70.311,6.132,6.264,1128.418,3.253574927445817,3.25356664274498,3.25356664274498,3.2535749274461194,8.114504485879753,8.15195135735115,8.15195135735115,8.114504504473288,1.271501305927885,1.2714207951508034,1.2714207951508034,1.271501305927885,1.2351756246248415,1.2367664730273118,1.2367664730273118,1.2351756246248415,4.961332953626792
300.0,85.035,22.5,3.821,5.843,2388.755,3.241260430467515,3.2412386197525414,3.2412386197525414,3.241260430467515,8.044872905726637,8.082696761150093,8.082696761150093,8.044872905726637,1.2642873779436905,1.2640146209727812,1.2640146209727812,1.2642873779436905,1.226824275947529,1.2290438912294688,1.2290438912294688,1.226824275947529,2.3370580550612687
300.0,85.136,56.925,2.552,3.167,4970.368,3.2299563558826034,3.229944891911104,3.229944891911104,3.2299563558826034,8.06508262763918,8.102196138922697,8.102196138922697,8.06508262763918,1.2656419129419607,1.2655428865141287,1.2655428865141287,1.2656419129419607,1.2276109165259257,1.229252755277604,1.229252755277604,1.2276109165259257,1.1256544643375832
300.0,85.225,71.25,2.975,6.342,1893.462,3.242757528800509,3.242749436275015,3.242749436275015,3.242757528800509,8.080498344812598,8.117622357628104,8.117622357628104,8.080498344812598,1.2692212162874237,1.2691430669697357,1.2691430669697357,1.2692212162874237,1.2321842827353302,1.23375573714842,1.23375573714842,1.2321842827353302,2.9571915946078127
300.0,85.37,19.969,2.527,6.401,4710.424,3.230653745670559,3.23063744082341,3.230637440823496,3.230653745670559,8.063170117114606,8.100312203042009,8.10031220863871,8.063170117114606,1.2629069612907764,1.2625944234312854,1.2625944234312854,1.2629069612907764,1.223494502775638,1.2257869411934508,1.2257869411934508,1.223494502775638,1.1850368289165003
300.0,85.578,93.895,6.179,2.609,3672.738,3.2342764987151984,3.2342679032707835,3.2342679032707835,3.2342764987151984,8.068045894620838,8.104650658590876,8.104650658590876,8.068045894620838,1.2696013799461126,1.2695421494387282,1.2695421494387282,1.2696013799461126,1.232041235199742,1.2335170930975283,1.2335170930975283,1.232041235199742,1.5267946337465357
300.0,85.701,85.751,2.734,2.968,1838.371,3.242746848987664,3.2427380584523355,3.2427380584523355,3.242746848987664,8.092345658796422,8.129219519536827,8.129219519536827,8.092345658796422,1.2709299816849455,1.2708645132158505,1.2708645132158505,1.2709299816849455,1.2340203000750718,1.2355284763437713,1.2355284763437713,1.2340203000750718,3.0484676537508535
300.0,85.83,27.564,5.283,3.875,3102.498,3.238199532547934,3.2381811875610484,3.238181187560932,3.238199532547934,8.042643673373975,8.080140481128025,8.080140481118836,8.042643673373975,1.2646234759580943,1.2644070488574075,1.2644070488574075,1.2646234759580943,1.227249765637514,1.2292770196316432,1.2292770196316432,1.227249765637514,1.799961919515934
300.0,85.878,34.913,4.388,5.807,3595.769,3.2366033229690783,3.2365893574717584,3.2365893574717584,3.2366033229690783,8.042057443514745,8.079376910119187,8.079376910119187,8.042057443514745,1.2649433142696482,1.2647775648676862,1.2647775648676862,1.2649433142696482,1.2275529350917596,1.2294169073167784,1.2294169073167784,1.2275529350917596,1.55376634581843
300.0,86.093,37.714,4.774,2.959,734.188,3.2691093567656284,3.2691000107529176,3.2691000107529176,3.2691093567656284,8.153385817097972,8.191356484033692,8.191356484033692,8.153385817097972,1.272992160368154,1.2728352309943751,1.2728352309943751,1.272992160368154,1.2379934951575131,1.2398555353760623,1.2398555353760623,1.2379934951575131,7.608551522101259
300.0,86.193,59.526,3.485,5.913,2905.884,3.2376663046448813,3.237658300114407,3.237658300114407,3.2376663046448813,8.062602037336012,8.0995382932679,8.0995382932679,8.062602037336012,1.2676876716478096,1.2675943775604597,1.2675943775604597,1.2676876716478096,1.2305422157787316,1.2321563319221005,1.2321563319221005,1.2305422157787316,1.9255170978270668
300.0,86.505,77.718,3.454,3.794,2349.684,3.23948867160052,3.2394796467580336,3.2394796467580336,3.23948867160052,8.08153226372599,8.118263474040793,8.118263474040793,8.08153226372599,1.2700396281553776,1.2699674035120554,1.2699674035120554,1.2700396281553776,1.233109930479846,1.2346332662061223,1.2346332662061223,1.233109930479846,2.383904059771037
300.0,86.516,59.032,5.033,3.766,3388.679,3.2362313273576855,3.236222004350279,3.236222004350279,3.2362313273576855,8.059323948063556,8.096184311362942,8.096184311362942,8.059323948063556,1.2675578308617907,1.2674631236959637,1.2674631236959637,1.2675578308617907,1.2303869207562577,1.2319982829392715,1.2319982829392715,1.2303869207562577,1.6511327448987283
300.0,86.587,88.131,2.739,4.122,3540.922,3.234812802416372,3.2348047115649443,3.2348047115649443,3.234812802416372,8.07286150549535,8.109328606253024,8.109328606253024,8.07286150549535,1.2699729239649136,1.2699101735746414,1.2699101735746414,1.2699729239649136,1.232728620831146,1.2342086405179291,1.2342086405179291,1.232728620831146,1.5829932221424574
300.0,86.679,67.579,2.622,4.458,4477.725,3.230940696666962,3.23093767751578,3.23093767751578,3.230940696666962,8.069439223699938,8.105988124609235,8.105988124609235,8.069439223699938,1.2678896561186523,1.2678104055002548,1.2678104055002548,1.2678896561186523,1.230313718260656,1.2318739212864636,1.2318739212864636,1.230313718260656,1.2502330359375493
300.0,86.879,55.857,4.379,4.431,3955.395,3.2350854362232884,3.2350758381242004,3.2350758381242004,3.2350854362232884,8.055848557039173,8.092644687599742,8.092644687599742,8.055848557039173,1.2672762427369282,1.2671760427805063,1.2671760427805063,1.2672762427369282,1.2301152650594,1.2317410713083758,1.2317410713083758,1.2301152650594,1.4142804831438536
300.0,87.074,89.514,5.032,5.769,1212.322,3.251996356728011,3.251742039367997,3.251742039367997,3.251996356728011,8.119354653776082,4.277236016890083,4.277236016890083,8.119354653776082,1.2752827866264973,1.2760261557768326,1.2760261557768326,1.2752827866264973,0.5963691480563807,1.2395180601258424,1.2395180601258424,0.5963691480563807,4.623081147651188
300.0,87.108,76.965,5.158,5.862,1803.503,3.2434425689848454,3.2434336691399044,3.2434336691399044,3.2434425689848454,8.097860343448094,8.134566462173261,8.134566462173261,8.097860343448094,1.2713670632435905,1.271293792015638,1.271293792015638,1.2713670632435905,1.234876697272534,1.2363986914722072,1.2363986914722072,1.234876697272534,3.105506559454108
300.0,87.568,53.313,2.878,4.726,3940.727,3.235216042738589,3.2352047946842495,3.2352047946842495,3.2352160427389376,8.059182629789731,8.095898378604174,8.095898378604174,8.059182629784726,1.2676054251583926,1.2674991104621012,1.2674991104621012,1.2676054251583926,1.23063338918894,1.232268538908903,1.232268538908903,1.23063338918894,1.4192790739370933
300.0,87.663,11.915,3.326,5.127,2588.348,3.240707526323831,3.240685773255705,3.240685773255705,3.240707526323831,8.052981533568044,8.09024019478344,8.09024019478344,8.052981533568044,1.2653667615795416,1.2647658241486228,1.2647658241486228,1.2653667615795416,1.2278844130444304,1.231103161659346,1.231103161659346,1.2278844130444304,2.1552017870702653
300.0,87.822,30.37,4.733,4.112,3461.051,3.237114191775716,3.237102545944505,3.237102545944505,3.237114191775716,8.053081676624345,8.090025273570578,8.090025273570578,8.053081676624345,1.266158874909486,1.2659661320910105,1.2659661320910105,1.266158874909486,1.2292541345607422,1.2311847008323171,1.2311847008323171,1.2292541345607422,1.6136488733340235
300.0,88.118,33.052,3.78,4.624,3855.506,3.236133243503919,3.23612224521269,3.23612224521269,3.236133243503919,8.053306206382006,8.090133668979302,8.090133668979302,8.053306206382006,1.2663961234947017,1.2662205851337875,1.2662205851337875,1.2663961234947017,1.229530286871381,1.2313995909911115,1.2313995909911115,1.229530286871381,1.4487918015127306
300.0,88.147,61.812,3.499,4.038,1215.136,3.2528852151540018,3.2521213947639134,3.2521213947639134,3.2528852151540018,4.239721285295853,8.16113660195532,8.16113660195532,4.239721285295853,1.272803086214736,1.274205402352076,1.274205402352076,1.272803086214736,1.2372208447702475,0.5980683375560644,0.5980683375560644,1.2372208447702475,4.604273770812761
300.0,88.279,93.132,3.971,5.029,4993.303,3.2329660165665675,3.2327837213219146,3.2327837213219146,3.2329660165665675,8.06642712776643,4.2673417576373485,4.2673417576373485,8.06642712776643,1.2721697017899782,1.272744389252935,1.272744389252935,1.2721697017899782,0.5994883475707218,1.235246581156862,1.235246581156862,0.5994883475707218,1.1228379324226572
300.0,88.504,20.216,6.125,5.036,1124.554,3.255541197889502,3.255528113516466,3.255528113516466,3.255541197889502,8.112537048449134,8.149879841826458,8.149879841826458,8.112537048449134,1.2701268706577742,1.2698123971956836,1.2698123971956836,1.2701268706577742,1.2344861657836474,1.2368119030703033,1.2368119030703033,1.2344861657836474,4.962187831491768
300.0,88.865,42.987,2.965,3.159,3875.6,3.2357480904527143,3.235735793140272,3.235735793140272,3.2357480904527143,8.062767953695836,8.099358672019205,8.099358672019205,8.062767953695836,1.2677867744635956,1.2676528415651045,1.2676528415651045,1.2677867744635956,1.231157519725206,1.2328713006872416,1.2328713006872416,1.231157519725206,1.442121938649997
300.0,89.408,47.865,5.565,5.342,635.588,3.276963616533436,3.2769753895585487,3.2769753895585487,3.276963616533436,4.245271477639231,4.2823256181852365,4.2823256181852365,4.245271477639231,1.280960652741458,1.280707710132189,1.280707710132189,1.280960652741458,0.5925092509396473,0.5942225983084042,0.5942225983084042,0.5925092509396473,8.792441310376873
300.0,89.552,70.535,5.34,5.812,1110.338,3.255768420658277,3.2557624671403262,3.2557624671403262,3.255768420658277,4.235227950202127,4.271622131977514,4.271622131977514,4.235227950202127,1.2782345236730734,1.2780700603855857,1.2780700603855857,1.2782345236730734,0.5958929444439915,0.5974255195939152,0.5974255195939152,0.5958929444439915,5.041095035251707
300.0,89.869,26.416,5.531,3.252,3955.98,3.236213421881773,3.236201062062765,3.236201062062765,3.236213421881773,8.060439326243674,8.096988297437841,8.096988297437841,8.060439326243674,1.2671786009439403,1.2669515834134455,1.2669515834134455,1.2671786009439403,1.2306829627268865,1.2326948912244606,1.2326948912244606,1.2306829627268865,1.41130825519763
300.0,90.142,28.08,5.269,4.851,4452.399,3.235313339722687,3.2353014159578186,3.2353014159578186,3.235313339722687,8.060154446633998,8.096609914541427,8.096609914541427,8.060154446633998,1.2673254239743854,1.2671134381891005,1.2671134381891005,1.2673254239743854,1.2308655182934791,1.232824193567529,1.232824193567529,1.2308655182934791,1.2540796779620964
300.0,90.249,17.146,4.459,5.199,3964.69,3.236540307530651,3.236524269652856,3.236524269652856,3.236540307530651,8.058282246965549,8.094868510312326,8.094868510312326,8.058282246965549,1.2667620355614635,1.266383362906796,1.266383362906796,1.2667620355614635,1.230098156230132,1.2325846332380823,1.2325846332380823,1.230098156230132,1.4073757380185052
300.0,90.271,87.184,4.116,5.415,4566.543,3.234602169636725,3.2345829890813933,3.2345829890813933,3.234602169636725,4.224743577381989,4.2604115113500205,4.2604115113500205,4.224743577381989,1.275438523354506,1.275334798918556,1.275334798918556,1.275438523354506,0.5992555019681988,0.6006892526785939,0.6006892526785939,0.5992555019681988,1.2271978478347494
300.0,90.31,15.706,3.536,6.16,2331.954,3.241897041653047,3.241879928722017,3.241879928722017,3.241897041653047,8.075691240523954,8.112408252316587,8.112408252316587,8.075691240523954,1.2679544990239675,1.2675292712017354,1.2675292712017354,1.2679544990239675,1.2315993897965825,1.2342340951057007,1.2342340951057007,1.2315993897965825,2.3924160767394262
300.0,90.336,93.496,3.881,4.095,614.358,3.2781418703479326,3.2781162035844646,3.2781162035844646,3.2781418703479326,4.239522472974224,4.276119155925086,4.276119155925086,4.239522472974224,1.2869404847510106,1.2868952304305723,1.2868952304305723,1.2869404847510106,0.5918214093816515,0.5932717972931014,0.5932717972931014,0.5918214093816515,9.121260049939178
300.0,90.36,83.918,3.747,4.898,2563.463,3.239977301874031,3.2399509789980137,3.2399509789980137,3.239977301874031,4.2267428570042815,4.262610803024203,4.262610803024203,4.2267428570042815,1.2765556518621743,1.2764805838259647,1.2764805838259647,1.2765556518621743,0.598393502318496,0.5998412178146783,0.5998412178146783,0.598393502318496,2.1855622758418263
300.0,90.52,83.535,3.583,6.028,920.241,3.261570205029744,3.261543389658416,3.261543389658416,3.261570205029744,4.234110251664432,4.27043498614489,4.27043498614489,4.234110251664432,1.2820704563655505,1.282021785336834,1.282021785336834,1.2820704563655505,0.594760860730212,0.5962271930713346,0.5962271930713346,0.594760860730212,6.086685037127597
300.0,90.571,74.105,5.775,3.44,2873.395,3.238898574119786,3.2388867695673955,3.2388867695673955,3.238898574119786,4.227415752044941,4.263229955153129,4.263229955153129,4.227415752044941,1.2753615633327533,1.2752164982106895,1.2752164982106895,1.2753615633327533,0.598669127584236,0.6001543252307499,0.6001543252307499,0.598669127584236,1.9486491880804973
300.0,90.974,81.859,2.821,4.324,985.226,3.2565430733439977,3.2565324312743025,3.2565324312743025,3.2565430733439977,8.172907342513044,8.209127422558094,8.209127422558094,8.172907342513044,1.278125540591159,1.2780536182600533,1.2780536182600533,1.278125540591159,1.2437358694229284,1.2452000791378128,1.2452000791378128,1.2437358694229284,5.684674230160188
300.0,91.148,77.15,5.429,2.964,3464.395,3.237191606237821,3.2371611839700085,3.2371611839700085,3.237191606237821,4.225205933071617,4.260956036113207,4.260956036113207,4.225205933071617,1.275908207508444,1.2758344400245556,1.2758344400245556,1.275908207508444,0.5989179755885468,0.6003778386564026,0.6003778386564026,0.5989179755885468,1.616513661253952
300.0,91.235,33.603,4.492,3.605,1668.446,3.247515756906554,3.246632607684316,3.246632607684316,3.247515756906554,8.091446613089497,4.277384308685692,4.277384308685692,8.091446613089497,1.2714879475542649,1.2734134456894275,1.2734134456894275,1.2714879475542649,0.597625634494092,1.2373382894671034,1.2373382894671034,0.597625634494092,3.347227141450924
300.0,91.482,83.813,4.975,4.892,3308.604,3.2375404021316374,3.237508201996302,3.237508201996302,3.2375404021316374,4.22415735499144,4.25976556355045,4.25976556355045,4.22415735499144,1.2770419133511053,1.27699367895682,1.27699367895682,1.2770419133511053,0.5987840324245443,0.6002129240528092,0.6002129240528092,0.5987840324245443,1.6932918695016257
300.0,91.84,70.662,5.327,3.186,2819.569,3.239532423930247,3.239496919857229,3.239496919857229,3.239532423930247,4.2256237254573366,4.261406225473779,4.261406225473779,4.2256237254573366,1.276490477643053,1.2764311454063435,1.2764311454063435,1.276490477643053,0.5985826881472849,0.600063815067972,0.600063815067972,0.5985826881472849,1.985307823563882
300.0,91.851,23.916,5.271,6.398,3374.513,3.23798782688308,3.237661066725763,3.237661066725763,3.23798782688308,4.236015221712133,8.11238349040053,8.11238349040053,4.236015221712133,1.2688352106582022,1.269049181440984,1.269049181440984,1.2688352106582022,1.2329154164562006,0.6011624788738839,0.6011624788738839,1.2329154164562006,1.6540684589996348
300.0,92.035,65.573,5.716,3.828,2310.591,3.2420961763307408,3.242060253792677,3.242060253792677,3.2420961763307408,4.22677678867027,4.262620214426791,4.262620214426791,4.22677678867027,1.2767815042168218,1.276714205168327,1.276714205168327,1.2767815042168218,0.59820239075627,0.5997079057613525,0.5997079057613525,0.59820239075627,2.4217922823833327
300.0,92.284,27.624,3.994,3.285,1521.683,3.2492047412486893,3.2496117603979635,3.2496117603979635,3.2492047412486893,4.237883487619944,4.271205786757976,4.271205786757976,4.237883487619944,1.2743935219932927,1.2731343765554313,1.2731343765554313,1.2743935219932927,0.597163193836514,0.5991847412682102,0.5991847412682102,0.597163193836514,3.6684603094196104
300.0,92.315,22.494,3.067,3.333,1168.377,3.255291240978257,3.2558072354669,3.2558072354669,3.255291240978257,4.241621354093691,4.274357538992198,4.274357538992198,4.241621354093691,1.2754041961196112,1.273842904675107,1.273842904675107,1.2754041961196112,0.5960869992008637,0.5983187987383852,0.5983187987383852,0.5960869992008637,4.775962202000526
300.0,92.403,76.74,5.603,5.821,3162.87,3.238321321921189,3.238286561549772,3.238286561549772,3.238321321921189,4.22390813278526,4.259454445408027,4.259454445408027,4.22390813278526,1.277354473817523,1.2773091133656878,1.2773091133656878,1.277354473817523,0.5987111324077367,0.6001555587062217,0.6001555587062217,0.5987111324077367,1.7704577028626654
300.0,92.634,28.499,3.049,2.848,3466.883,3.2379370883214174,3.2379310762078712,3.23793107621026,3.2379370883214174,8.073017540811316,4.2692487996828845,4.269248799620434,8.073017540811316,1.2709792906697917,1.2709798401802086,1.2709798401802086,1.2709792906697917,0.5990882232631081,1.2357350609986075,1.2357350609986075,0.5990882232631081,1.6104036642585302
300.0,92.911,24.637,5.695,3.055,2399.124,3.241693151547312,3.2423609773227104,3.2423609773227104,3.241693151547312,8.090004770351328,4.268291227458737,4.268291227458737,8.090004770351328,1.27271743092949,1.271093083844532,1.271093083844532,1.27271743092949,0.598349724733119,1.237112120012348,1.237112120012348,0.598349724733119,2.3264555763242103
300.0,93.077,86.37,4.411,4.58,749.59,3.2697243414591,3.2696989060288097,3.2696989060288097,3.2697243414591,4.234614486037174,4.27052459431206,4.27052459431206,4.234614486037174,1.2865209531105963,1.2864706582047354,1.2864706582047354,1.2865209531105963,0.5932729146524505,0.5947007357226736,0.5947007357226736,0.5932729146524505,7.472150459558287
300.0,93.092,49.716,5.717,2.77,1670.289,3.2477835552400114,3.2477580103563946,3.2477580103563946,3.2477835552400114,4.228994280238273,4.264860350330636,4.264860350330636,4.228994280238273,1.277547795849303,1.2774406957321849,1.2774406957321849,1.277547795849303,0.5973727099903353,0.5989804887421598,0.5989804887421598,0.5973727099903353,3.3465721228098526
300.0,93.265,45.712,6.033,4.447,1203.342,3.2550798221774526,3.2550566965937238,3.2550566965937238,3.2550798221774526,4.231795441788721,4.267810679363314,4.267810679363314,4.231795441788721,1.2791043573695422,1.2789852743015797,1.2789852743015797,1.2791043573695422,0.5961733132591444,0.5978259829809476,0.5978259829809476,0.5961733132591444,4.643662608768423
300.0,93.723,18.379,3.588,2.889,4044.884,3.2368397438924275,3.237388144243033,3.237388144243033,3.2368397438924275,8.074659572438366,4.266403052454312,4.266403052454312,8.074659572438366,1.2714701984065508,1.2700215609275158,1.2700215609275158,1.2714701984065508,0.5990716251310737,1.236022248327575,1.236022248327575,0.5990716251310737,1.379365799670774
300.0,93.949,96.661,6.313,5.377,757.527,3.2692383844705506,3.269215569664444,3.269215569664444,3.2692383844705506,4.2332184739981225,4.268812704802801,4.268812704802801,4.2332184739981225,1.288128350195919,1.2880825755283798,1.2880825755283798,1.288128350195919,0.5932064698703216,0.5945888438482607,0.5945888438482607,0.5932064698703216,7.398248529626442
300.0,93.997,52.048,5.407,2.69,2398.542,3.242312031262311,3.2422813946264744,3.2422813946264744,3.242312031262311,4.2256730943556695,4.261232578048283,4.261232578048283,4.2256730943556695,1.2772630181770228,1.277173958039171,1.277173958039171,1.2772630181770228,0.5982519600831216,0.5998210935197757,0.5998210935197757,0.5982519600831216,2.330842719062458
300.0,94.101,13.737,4.622,4.591,2811.206,3.2402072201033723,3.240981698209327,3.240981698209327,3.2402072201033723,8.087139674539074,4.2670547819762366,4.2670547819762366,8.087139674539074,1.2725272787081228,1.2703893442032084,1.2703893442032084,1.2725272787081228,0.5982788044702934,1.2373490156499127,1.2373490156499127,0.5982788044702934,1.9840213485779177
300.0,94.221,24.132,3.507,2.782,1430.242,3.2516224110076526,3.251629717098124,3.251629717098124,3.2516224110076526,4.23185556248903,4.2676140274194365,4.2676140274194365,4.23185556248903,1.2769118626376967,1.2765888561780312,1.2765888561780312,1.2769118626376967,0.5967820677800705,0.5988602763972525,0.5988602763972525,0.5967820677800705,3.9017585880715537
300.0,94.282,52.306,5.131,4.544,4071.325,3.237086918542644,3.2370562602829174,3.2370562602829174,3.237086918542644,4.223367350514092,4.258749225479067,4.258749225479067,4.223367350514092,1.2762592314147856,1.276170286395673,1.276170286395673,1.2762592314147856,0.5991165532763685,0.6006743638951964,0.6006743638951964,0.5991165532763685,1.37324705525948
300.0,94.315,43.541,3.613,3.9,4168.657,3.237113356489335,3.2370882350433905,3.2370882350433905,3.237113356489335,4.224219260330433,4.259653585717064,4.259653585717064,4.224219260330433,1.2753889765474986,1.2752642319453222,1.2752642319453222,1.2753889765474986,0.5991783327755617,0.6008199406453097,0.6008199406453097,0.5991783327755617,1.3404595358028295
300.0,94.504,22.754,3.619,3.582,3290.731,3.2394805998004883,3.239513959592239,3.239513959592239,3.2394805998021114,4.2277410574458685,4.262995566879296,4.262995566879296,4.2277412346770324,1.2739388174619122,1.2735111736218645,1.2735111736218645,1.2739388174619122,0.5987912073898359,0.6009080951092183,0.6009080951092183,0.5987912073898359,1.69585107193289
300.0,94.676,56.097,3.756,5.881,1173.529,3.255754956802261,3.2557290289096494,3.2557290289096494,3.255754956802261,4.229943660106409,4.265582951038683,4.265582951038683,4.229943660106409,1.28153454341993,1.281448807023711,1.281448807023711,1.28153454341993,0.595933314510869,0.5974774127898171,0.5974774127898171,0.595933314510869,4.764326236353786
300.0,94.732,19.606,5.08,2.595,2815.487,3.2411791542383264,3.2412171404563765,3.2412171404563765,3.2411791542383264,4.228318496845951,4.263582661002848,4.263582661002848,4.228318496845951,1.2742901335427657,1.2738097056939464,1.2738097056939464,1.2742901335427657,0.5984565254991506,0.6007452924121723,0.6007452924121723,0.5984565254991506,1.9816665584817184
300.0,94.85,39.504,3.184,3.193,1201.861,3.255550804340716,3.255530230535596,3.255530230535596,3.255550804340716,4.230934253003004,4.26666928877068,4.26666928877068,4.230934253003004,1.279999068044844,1.2798511902731529,1.2798511902731529,1.279999068044844,0.5960969397388157,0.5978058770561331,0.5978058770561331,0.5960969397388157,4.647259623544686
300.0,95.122,55.088,5.25,5.479,739.876,3.2713761795475174,3.271350870196723,3.271350870196723,3.2713761795475174,4.235513464662313,4.271397116919945,4.271397116919945,4.235513464662313,1.2855786186684512,1.285485572798695,1.285485572798695,1.2855786186684512,0.5932745131982151,0.5948369124277281,0.5948369124277281,0.5932745131982151,7.554924535664631
300.0,95.213,98.153,3.344,2.64,3022.386,3.2386571609170485,3.2386312026974933,3.2386312026974933,3.2386571609170485,4.22053127769972,4.255204657239465,4.255204657239465,4.22053127769972,1.2819742292786054,1.2819338758580685,1.2819338758580685,1.2819742292786054,0.5983382252715193,0.5996718865667192,0.5996718865667192,0.5983382252715193,1.854938563964152
300.0,95.224,11.965,4.801,6.368,2753.194,3.241540722328156,3.24166593101081,3.24166593101081,3.241540722328156,4.229754052985196,4.264338639946275,4.264338639946275,4.229754052985196,1.274093195372836,1.2731108981109005,1.2731108981109005,1.274093195372836,0.5980086377565001,0.6012063555987589,0.6012063555987589,0.5980086377565001,2.0254955822568528
300.0,95.285,37.785,4.354,3.033,4585.188,3.2367640755765614,3.2367451940724776,3.2367451940724776,3.2367640755765614,4.223410414435683,4.258673891518264,4.258673891518264,4.223410414435683,1.2756176430698145,1.2754654794370983,1.2754654794370983,1.2756176430698145,0.5992497012488744,0.6009557714019674,0.6009557714019674,0.5992497012488744,1.2182089342668014
300.0,95.392,88.79,3.531,3.74,963.724,3.260878583004041,3.260851147346324,3.260851147346324,3.260878583004041,4.2295158723032715,4.264738982850399,4.264738982850399,4.2295158723032715,1.2865485552114213,1.2865017556119525,1.2865017556119525,1.2865485552114213,0.5946854199855478,0.5960648844098699,0.5960648844098699,0.5946854199855478,5.812644436036729
300.0,95.515,58.67,3.26,3.084,2279.285,3.2430622232893,3.2430356736722628,3.2430356736722628,3.2430622232893,4.224190933928862,4.259357879635047,4.259357879635047,4.224190933928862,1.279425795452637,1.2793470531530906,1.2793470531530906,1.279425795452637,0.5980255150915124,0.5995276162991106,0.5995276162991106,0.5980255150915124,2.4536086267655564
300.0,95.532,40.701,4.612,2.675,3687.442,3.2383669149856407,3.238347457831195,3.238347457831195,3.2383669149856407,4.22352200886738,4.258734649015742,4.258734649015742,4.22352200886738,1.276527241592068,1.2763900223026554,1.2763900223026554,1.276527241592068,0.5989601187191522,0.6006237088348707,0.6006237088348707,0.5989601187191522,1.5150247792591929
300.0,95.642,77.196,2.704,2.606,1110.649,3.245474185499747,3.245464978305974,3.245464978305974,3.245474185499747,8.211789520551225,8.247040989397018,8.247040989397018,8.211789520551225,1.2806244674021006,1.2805479700978124,1.2805479700978124,1.2806244674021006,1.2470082361768593,1.248425645657344,1.248425645657344,1.2470082361768593,5.040280916939838
300.0,95.78,77.716,2.556,6.094,4407.492,3.2203052521545454,3.2202941521309523,3.2202941521309523,3.2203052521545454,8.170976796159476,8.205783814207182,8.205783814207182,8.170976796159476,1.2759457420440727,1.2758707547391803,1.2758707547391803,1.2759457420440727,1.2404099249469007,1.2418049094853167,1.2418049094853167,1.2404099249469007,1.2704062021191178
300.0,95.799,27.659,3.063,4.051,4727.465,3.236862492326465,3.2368519678069045,3.2368519678069045,3.236862492326465,4.224061193461512,4.259248010774529,4.259248010774529,4.224061193461512,1.275072766007276,1.2748296847254934,1.2748296847254934,1.275072766007276,0.5992385559988557,0.6011526016435313,0.6011526016435313,0.5992385559988557,1.180783407152038
300.0,95.856,68.477,5.154,4.657,4968.473,3.2355463667716435,3.2355168302417643,3.2355168302417643,3.2355463667716435,4.220304670245903,4.25514641307457,4.25514641307457,4.220304670245903,1.27886193420267,1.278802695389118,1.278802695389118,1.27886193420267,0.5991767604347809,0.6006108028944283,0.6006108028944283,0.5991767604347809,1.1263368716030795
300.0,95.944,11.316,4.443,3.044,1028.754,3.260637066794833,3.2606683989395497,3.2606683989395497,3.260637066794833,4.234631421159285,4.270147167156281,4.270147167156281,4.234631421159285,1.2795722324574286,1.2788018180533214,1.2788018180533214,1.2795722324574286,0.5947203254389347,0.5981116142993905,0.5981116142993905,0.5947203254389347,5.41929058786475
300.0,95.953,77.971,3.568,5.025,3343.593,3.238317214542122,3.238290996262757,3.238290996262757,3.238317214542122,4.220892375105256,4.255650607086643,4.255650607086643,4.220892375105256,1.2805414013608798,1.2804888588156087,1.2804888588156087,1.2805414013608798,0.5986060245764115,0.5999986130839594,0.5999986130839594,0.5986060245764115,1.6746200177040558
300.0,96.086,23.188,3.913,2.537,1499.096,3.25104946105196,3.251043601969001,3.251043601969001,3.25104946105196,4.229396695816897,4.264852759686155,4.264852759686155,4.229396695816897,1.2783958771548254,1.2781049228495371,1.2781049228495371,1.2783958771548254,0.596829749239348,0.5989251543529589,0.5989251543529589,0.596829749239348,3.722043396630932
300.0,96.44,55.199,4.563,3.844,4524.224,3.2365910868502183,3.2365642320064447,3.2365642320064447,3.2365910868515986,4.22105622155079,4.255931939329313,4.255931939329313,4.22105622153045,1.2783087848751695,1.2782230440339917,1.2782230440339917,1.2783087848751695,0.5991186614146174,0.6006264405188823,0.6006264405188823,0.5991186614146174,1.235882851436107
300.0,96.636,39.045,3.009,5.783,4158.185,3.2354344701198583,3.235420324216519,3.235420324216519,3.2354344701198583,8.109227531193605,8.144332316503867,8.144332316503867,8.109227531193605,1.2734422835683514,1.2732879984004195,1.2732879984004195,1.2734422835683514,1.2388967427125777,1.2405658860017796,1.2405658860017796,1.2388967427125777,1.3433216283534282
300.0,96.733,36.325,6.043,5.185,3783.894,3.2384560799669044,3.2384361692761354,3.2384361692761354,3.2384560799669044,4.222762728812824,4.2577866284118775,4.2577866284118775,4.222762728812824,1.2771649081003913,1.2770089761294678,1.2770089761294678,1.2771649081003913,0.5989384335237613,0.6006529271189414,0.6006529271189414,0.5989384335237613,1.4759285386885892
300.0,96.855,79.908,2.944,5.177,322.805,3.3200594918107997,3.320040096064108,3.320040096064108,3.3200594918107997,8.435873023325652,8.472518791588545,8.472518791588545,8.435873023325652,1.297801387966665,1.2977151890919527,1.2977151890919527,1.297801387966665,1.2708350190684512,1.2722897985809618,1.2722897985809618,1.2708350190684512,17.330503575859428
300.0,96.876,43.761,4.523,2.721,2549.006,3.2422282871820665,3.2422064610628296,3.2422064610628296,3.2422282871820665,4.22365898843758,4.258662236442795,4.258662236442795,4.22365898843758,1.2789276999269958,1.2788040633422375,1.2788040633422375,1.2789276999269958,0.5982582135707318,0.5998719632264837,0.5998719632264837,0.5982582135707318,2.1918569677609367
300.0,96.93,59.162,3.867,4.901,3848.594,3.23774192150764,3.237714780517967,3.237714780517967,3.23774192150764,4.221018053037196,4.255761771839684,4.255761771839684,4.221018053037196,1.2793856928983678,1.279304567160256,1.279304567160256,1.2793856928983678,0.598873054607366,0.6003481337098499,0.6003481337098499,0.598873054607366,1.4531484952395404
300.0,96.98,49.994,4.421,5.458,3353.87,3.2391809679849537,3.2391566239385856,3.2391566239385856,3.2391809679849537,4.2219934563097485,4.2568610701186405,4.2568610701186405,4.2219934563097485,1.2788850238982814,1.2787837578293506,1.2787837578293506,1.2788850238982814,0.598716323728613,0.6002627190424576,0.6002627190424576,0.598716323728613,1.6665346056943002
300.0,96.993,70.04,4.515,5.695,688.205,3.274614774920828,3.2745894649807665,3.2745894649807665,3.274614774920828,4.234536658668596,4.269933814818107,4.269933814818107,4.234536658668596,1.289333895645808,1.2892624478663903,1.2892624478663903,1.289333895645808,0.5925045575021246,0.5939533438032235,0.5939533438032235,0.5925045575021246,8.12857833098862
300.0,97.056,88.528,5.96,6.057,2594.276,3.2408883726181585,3.240862560452604,3.240862560452604,3.2408883726181585,4.220642871580664,4.255097709009216,4.255097709009216,4.220642871580664,1.2831065528724628,1.2830575508027144,1.2830575508027144,1.2831065528724628,0.5980222728876698,0.5993634219906595,0.5993634219906595,0.5980222728876698,2.1595332660650635
300.0,97.138,99.622,3.982,4.767,4614.477,3.2353709953747005,3.235348554057372,3.235348554057372,3.2353709953747005,4.217941660802944,4.252126657910642,4.252126657910642,4.217941660802944,1.2829235799420786,1.2828817449404857,1.2828817449404857,1.2829235799420786,0.5988152244381161,0.6001167771684237,0.6001167771684237,0.5988152244381161,1.214986044239392
300.0,97.345,91.428,3.936,3.805,3843.188,3.236959499639492,3.2369397596975995,3.2369397596975995,3.236959499639492,4.218865771778748,4.253110757963996,4.253110757963996,4.218865771778748,1.2826791382586156,1.2826341464657298,1.2826341464657298,1.2826791382586156,0.5986380934068702,0.5999628308839671,0.5999628308839671,0.5986380934068702,1.4580529087259724
300.0,97.431,11.188,5.076,4.117,484.52,3.294993826863228,3.2949934265680567,3.2949934265680567,3.294993826863228,4.245535626840321,4.2816916637824205,4.2816916637824205,4.245535626840321,1.2891309236705673,1.2883621696782663,1.2883621696782663,1.2891309236705673,0.5887539051464805,0.5922752091968227,0.5922752091968227,0.5887539051464805,11.501491579152995
300.0,97.483,73.457,5.196,4.478,2417.281,3.2422164526407533,3.242189755131222,3.242189755131222,3.2422164526407533,4.221620797808451,4.256200504373809,4.256200504373809,4.221620797808451,1.2823164391398851,1.2822553970995731,1.2822553970995731,1.2823164391398851,0.5979570929316924,0.5993526130515523,0.5993526130515523,0.5979570929316924,2.315442500037175
300.0,97.581,72.845,4.904,2.878,678.897,3.2753101035982444,3.2752874702254573,3.2752874702254573,3.2753101035982444,4.2342481585532,4.269504460394892,4.269504460394892,4.2342481585532,1.290247064952827,1.2901760983564092,1.2901760983564092,1.290247064952827,0.5923341638401235,0.5937628309825973,0.5937628309825973,0.5923341638401235,8.241146549161227
300.0,97.606,65.928,4.508,6.255,3102.387,3.2396003404550906,3.2395749514751935,3.2395749514751935,3.2396003404550906,4.220875512133043,4.255464264338375,4.255464264338375,4.220875512133043,1.2810596357719497,1.2809897202259688,1.2809897202259688,1.2810596357719497,0.5984735522886082,0.5999025840874839,0.5999025840874839,0.5984735522886082,1.8033258127063632
300.0,97.757,32.152,5.708,4.082,4648.548,3.2371998464910097,3.2371838327108646,3.2371838327108646,3.2371998464910097,4.221730966064362,4.256540815410099,4.256540815410099,4.221730966064362,1.2773342664766654,1.2771480878055683,1.2771480878055683,1.2773342664766654,0.5991345162500094,0.6009146994772512,0.6009146994772512,0.5991345162500094,1.2010495730752244
300.0,97.951,25.813,4.75,5.343,3530.907,3.239484416895404,3.239470603595488,3.239470603595488,3.239484416895404,4.222925590612671,4.25777639693207,4.25777639693207,4.222925590612671,1.277448335902514,1.2772015862255146,1.2772015862255146,1.277448335902514,0.5987419535565354,0.600695989507995,0.600695989507995,0.5987419535565354,1.5805526439805233
300.0,98.152,34.485,3.394,5.96,4107.49,3.238063965012972,3.2380455323534,3.2380455323534,3.238063965012972,4.221673287972103,4.256406835970157,4.256406835970157,4.221673287972103,1.2780994169991755,1.2779291669835766,1.2779291669835766,1.2780994169991755,0.5989722313613683,0.6007014661042218,0.6007014661042218,0.5989722313613683,1.3594166180596283
300.0,98.272,40.455,3.672,3.783,1699.244,3.248583338152254,3.2485633772954023,3.2485633772954023,3.248583338152254,4.225390015276488,4.260272297386537,4.260272297386537,4.225390015276488,1.2813114776000616,1.2811701286496515,1.2811701286496515,1.2813114776000616,0.5971710963055277,0.5988169516229985,0.5988169516229985,0.5971710963055277,3.2868743822246413
300.0,98.482,14.322,5.216,4.627,3126.826,3.240952058813256,3.2409526859111595,3.2409526859111595,3.240952058813256,4.224092975897185,4.25884652003439,4.25884652003439,4.224092975897185,1.2772225294962685,1.276693842646627,1.276693842646627,1.2772225294962685,0.5982261059235566,0.6009760795413055,0.6009760795413055,0.5982261059235566,1.7834775134522125
300.0,98.563,22.657,3.082,4.758,2377.309,3.243870027122133,3.2438602532141543,3.2438602532141543,3.243870027122133,4.224569632231955,4.259396719058969,4.259396719058969,4.224569632231955,1.2787250650471096,1.278434921586924,1.278434921586924,1.2787250650471096,0.5979638234119737,0.6000463598607535,0.6000463598607535,0.5979638234119737,2.3468994087681327
300.0,98.615,83.83,5.758,4.865,2911.493,3.2399507479020326,3.239924545048422,3.239924545048422,3.2399507479020326,4.2195273272551725,4.253712756365507,4.253712756365507,4.2195273272551725,1.2837077476689225,1.2836545340915195,1.2836545340915195,1.2837077476689225,0.598187094811974,0.5995241354916421,0.5995241354916421,0.598187094811974,1.9235698530559449
300.0,98.637,90.116,2.662,6.431,608.511,3.264134470523841,3.2641207540097303,3.2641207540097303,3.264134470523841,8.342337375037562,8.377416925246044,8.377416925246044,8.342337375037562,1.2895514066021465,1.289481009265884,1.289481009265884,1.2895514066021465,1.2585387555218437,1.2598890813139925,1.2598890813139925,1.2585387555218437,9.203038156090061
300.0,98.926,56.302,4.515,3.21,3462.729,3.239008896555561,3.238984154359275,3.238984154359275,3.239008896555561,4.220291000705921,4.254676317571503,4.254676317571503,4.220291000705921,1.281081252336176,1.2809891139230078,1.2809891139230078,1.281081252336176,0.5986312563165263,0.6001018326146536,0.6001018326146536,0.5986312563165263,1.614624374982554
300.0,98.985,41.334,3.316,3.319,3122.807,3.2403730519496374,3.2403513481687187,3.2403513481687187,3.2403730519496374,4.221619965809526,4.256198015112054,4.256198015112054,4.221619965809526,1.280013419584067,1.2798756202740849,1.2798756202740849,1.280013419584067,0.5985245085325525,0.6001413089221059,0.6001413089221059,0.5985245085325525,1.7887090636275258
300.0,99.11,89.631,5.409,2.771,413.795,3.3053928853054093,3.3053684049978447,3.3053684049978447,3.3053928853054093,4.242725359075421,4.2781114108202525,4.2781114108202525,4.242725359075421,1.3001896242980329,1.3001297877176738,1.3001297877176738,1.3001896242980329,0.5868611142319458,0.5882268757943109,0.5882268757943109,0.5868611142319458,13.529283038286586
300.0,99.574,95.8,4.091,3.317,4644.988,3.2358072064775123,3.2357841151638,3.2357841151638,3.2358072064775123,4.216837995267659,4.25059137963168,4.25059137963168,4.216837995267659,1.2846542341047529,1.2846074371611391,1.2846074371611391,1.2846542341047529,0.5987138642668005,0.5999948486112276,0.5999948486112276,0.5987138642668005,1.2065788731113192
350.0,10.01,56.42,5.515,3.295,972.221,4.785731086175708,4.786425043461753,4.786425043461753,4.785731086175708,15.941946223118098,15.944543860140676,15.944543860140676,15.941946223118098,1.924227646325309,1.9234844576595045,1.9234844576595045,1.924227646325309,2.4240459292825047,2.4264092153582126,2.4264092153582126,2.4240459292825047,7.69548485199431
350.0,10.865,43.477,5.814,5.802,2873.234,4.730418544009073,4.731052647923908,4.731052647923908,4.730418544009073,15.713073657675308,15.715460855119252,15.715460855119252,15.713073657675308,1.9139469548700123,1.9130816281725855,1.9130816281725855,1.9139469548700123,2.395740687709317,2.3984907423806217,2.3984907423806217,2.395740687709317,2.6054628204318777
350.0,11.076,14.75,4.969,2.85,2311.383,4.72440836617004,4.72489574081456,4.72489574081456,4.72440836617004,15.667536418284298,15.669968853310472,15.669968853310472,15.667536418284298,1.9106635604409263,1.908336650724652,1.908336650724652,1.9106635604409263,2.3856973347400925,2.393106168792608,2.393106168792608,2.3856973347400925,3.234114876550066
350.0,11.143,46.093,3.42,6.493,1741.028,4.752376405446728,4.753028924976116,4.753028924976116,4.752376405446728,15.80501326222193,15.807491699783172,15.807491699783172,15.80501326222193,1.918054281157044,1.9172094885977764,1.9172094885977764,1.918054281157044,2.4074804238990386,2.4101683941608583,2.4101683941608583,2.4074804238990386,4.297971962977456
350.0,11.189,89.438,5.783,3.663,1746.957,4.775830106351411,4.776504518373344,4.776504518373344,4.775830106351379,15.935142000840942,15.937704514597003,15.937704514597003,15.93514200083882,1.9263977980783145,1.9258813903937029,1.9258813903937029,1.9263977980783145,2.4274317195374246,2.4290805488906444,2.4290805488906444,2.4274317195374246,4.29084372526781
350.0,11.3,80.599,5.563,2.832,2633.599,4.755937225825214,4.756595919917165,4.756595919917165,4.755937225825214,15.84846631627043,15.850968658715113,15.850968658715113,15.84846631627043,1.9221990260508088,1.9216545454105864,1.9216545454105864,1.9221990260508088,2.4161773997790474,2.4179153485627767,2.4179153485627767,2.4161773997790474,2.8463229441288127
350.0,11.346,24.908,4.502,4.728,3447.055,4.720295255543154,4.720872712196696,4.720872712196696,4.720295255543154,15.659917452587363,15.662303937960443,15.662303937960443,15.659917452587363,1.9107162921751049,1.9093156213200635,1.9093156213200635,1.9107162921751049,2.3874072833374367,2.3918660335512247,2.3918660335512247,2.3874072833374367,2.169956466340327
350.0,11.673,44.025,6.273,5.895,4213.944,4.728331512507058,4.728958857977649,4.728958857977649,4.728331512507058,15.709304889111078,15.711709891880384,15.711709891880384,15.709304889111078,1.913986792466449,1.913132359519341,1.913132359519341,1.913986792466449,2.396172938188684,2.3988933311634755,2.3988933311634755,2.396172938188684,1.7764936007204168
350.0,11.687,20.572,4.67,3.513,4590.804,4.71510245449636,4.715651208794739,4.715651208794739,4.71510245449636,15.637488338332608,15.639867089128376,15.639867089128376,15.637488338332608,1.909640931500174,1.9079718301465205,1.9079718301465205,1.909640931500174,2.384237763235411,2.389550747479588,2.389550747479588,2.384237763235411,1.629090802617343
350.0,11.737,26.169,4.877,2.997,4387.903,4.719090211402017,4.719672593056185,4.719672593056185,4.719090211402017,15.65808173399224,15.660460759283652,15.660460759283652,15.65808173399224,1.9107824357849423,1.9094439691047025,1.9094439691047025,1.9107824357849423,2.3877911715542046,2.392051631777025,2.392051631777025,2.3877911715542046,1.7047718719399187
350.0,11.778,27.302,4.233,6.084,1115.462,4.77417172173052,4.774804476048192,4.774804476048192,4.77417172173052,15.88088749710266,15.8834652299101,15.8834652299101,15.88088749710266,1.920261834223528,1.9188930898961405,1.9188930898961405,1.920261834223528,2.415048323897216,2.419408221926839,2.419408221926839,2.415048323897216,6.697361435807358
350.0,12.022,80.387,6.101,6.041,1088.279,4.80745711378668,4.80815489515324,4.80815489515324,4.80745711378668,16.0590271543256,16.06168176850642,16.06168176850642,16.0590271543256,1.9310566743209523,1.930476772031658,1.930476772031658,1.9310566743209523,2.4426970590072967,2.4445489014766304,2.4445489014766304,2.4426970590072967,6.878123963277114
350.0,12.182,98.884,2.795,4.362,1413.108,4.801365993383556,4.802047785862095,4.802047785862095,4.801365993383556,16.05055881990455,16.05317724381746,16.05317724381746,16.05055881990455,1.932002300250264,1.9315083161206636,1.9315083161206636,1.932002300250264,2.4434376239910267,2.4450190898702853,2.4450190898702853,2.4434376239910267,5.303059367232321
350.0,12.413,35.924,5.029,4.535,4249.652,4.730054288597902,4.730670668120103,4.730670668120103,4.730054288597902,15.713532746878013,15.7159327861693,15.7159327861693,15.713532746878013,1.9138195908994533,1.9127974959129628,1.9127974959129628,1.9138195908994533,2.3965319852186706,2.3997854864519934,2.3997854864519934,2.3965319852186706,1.7605714582343388
350.0,12.983,53.486,3.744,3.712,3534.421,4.747742248491082,4.7483852004670135,4.7483852004670135,4.747742248491082,15.801915524356316,15.804339025899589,15.804339025899589,15.801915524356316,1.9187679365801824,1.9180216879154048,1.9180216879154048,1.9187679365801824,2.40974959283521,2.4121249544996775,2.4121249544996775,2.40974959283521,2.117802032556031
350.0,12.985,34.608,5.894,5.581,4273.263,4.7339385564670176,4.734554926959528,4.734554926959528,4.7339385564670176,15.731100334756654,15.7334880136012,15.7334880136012,15.731100334756654,1.9146016002740904,1.913538159842764,1.913538159842764,1.9146016002740904,2.3990882655971224,2.4024711717361638,2.4024711717361638,2.3990882655971224,1.7504411645477955
350.0,13.307,51.153,3.23,5.382,2760.092,4.755765088195308,4.756412951969393,4.756412951969393,4.755765088195308,15.833941367637758,15.836372865273574,15.836372865273574,15.833941367637758,1.9200233392978032,1.919240917782784,1.919240917782784,1.9200233392978032,2.4137554521268663,2.4162443296487512,2.4162443296487512,2.4137554521268663,2.710950312431161
350.0,13.361,57.405,4.989,3.495,4369.281,4.748542154691268,4.749180047382618,4.749180047382618,4.748542154691108,15.81026808824774,15.812724794097193,15.812724794097193,15.810268088831323,1.9194506788798755,1.918746885441676,1.918746885441676,1.9194506788798755,2.4115410438157774,2.4137875516749925,2.4137875516749925,2.4115410438157774,1.7133985511987666
350.0,13.493,70.427,2.619,4.123,1035.153,4.819061999359357,4.819757421222604,4.819757421222604,4.819061999359357,16.10470192721874,16.10738126692429,16.10738126692429,16.10470192721874,1.9325359754401092,1.9318862457904509,1.9318862457904509,1.9325359754401092,2.4489572649925195,2.4510348657762786,2.4510348657762786,2.4489572649925195,7.223762871818822
350.0,13.542,67.193,5.661,5.989,1417.836,4.795318307140592,4.7959949341910155,4.7959949341910155,4.795318307140592,16.00705065488016,16.009629315791216,16.009629315791216,16.00705065488016,1.9283200583388904,1.927663475204912,1.927663475204912,1.9283200583388904,2.4367143959244046,2.43881003183511,2.43881003183511,2.4367143959244046,5.276415934451172
350.0,13.622,79.406,4.346,5.806,1859.136,4.788675652482673,4.7893391611354685,4.7893391611354685,4.788675652482673,15.990800161263133,15.99336995179211,15.99336995179211,15.990800161263133,1.9284874700425392,1.9279162516643236,1.9279162516643236,1.9284874700425392,2.4359126619410425,2.4377418760345737,2.4377418760345737,2.4359126619410425,4.02726255507927
350.0,13.717,48.798,3.811,5.241,3862.695,4.749441784374141,4.750080182517006,4.750080182517006,4.749441784374141,15.808707037745496,15.811115425610272,15.811115425610272,15.808707037745496,1.9188961105136093,1.9180880288526647,1.9180880288526647,1.9188961105136093,2.4108655076412475,2.4134366820873248,2.4134366820873248,2.4108655076412475,1.9370836086447092
350.0,13.757,48.445,5.161,3.775,312.0,5.011954799990318,5.012849298078124,5.012849298078124,5.011954799989595,16.868660776652586,16.872161318955207,16.872161318955207,16.8686607766454,2.0925741197912338,2.086622493616868,2.086622493616868,2.0925741197912338,2.541130870822604,2.544620956929065,2.544620956929065,2.541130870822604,23.80375002926848
350.0,13.793,65.5,3.449,4.697,1408.886,4.7969716215947935,4.797647927628153,4.797647927628083,4.7969716215947935,16.013570315594112,16.016148587091383,16.016148586165116,16.013570315594112,1.928523007571454,1.9278515936386744,1.9278515936386744,1.928523007571454,2.43761801549708,2.4397608569176183,2.4397608569176183,2.43761801549708,5.309065758052736
350.0,14.008,91.325,5.973,6.354,532.573,4.918408988855971,4.9191801741078205,4.9191801741078205,4.918408988855971,16.524682414956064,16.527722359214238,16.527722359214238,16.524682414956064,2.010739227817827,2.0074780559229355,2.0074780559229355,2.010739227817827,2.503147800482694,2.505065232211224,2.505065232211224,2.503147800482694,14.01570804419268
350.0,14.109,87.371,5.327,5.121,3539.137,4.775769160128204,4.7764189819302985,4.7764189819302985,4.775769160128204,15.948061728020004,15.950492952901104,15.950492952901104,15.948061728020004,1.9273594798514724,1.926832903354449,1.926832903354449,1.9273594798514724,2.4318787862139954,2.433557234449645,2.433557234449645,2.4318787862139954,2.1170500452254495
350.0,14.38,30.83,5.351,4.111,4663.922,4.741877508801028,4.742485911284286,4.742485911284286,4.741877508801028,15.767274795871856,15.76967958381082,15.76967958381082,15.767274795871856,1.9161930613458693,1.9149991318796515,1.9149991318796515,1.9161930613458693,2.4044204673839418,2.408220383208515,2.408220383208515,2.4044204673839418,1.6029278897540704
350.0,14.451,70.798,5.393,5.706,3600.019,4.769169221142222,4.769811839653452,4.769811839653452,4.769169221142222,15.909668060460335,15.912148508573294,15.912148508573294,15.909668060460335,1.9247075606391888,1.924096939192096,1.924096939192096,1.9247075606391888,2.426062706091891,2.4280155742130884,2.4280155742130884,2.426062706091891,2.0796692296349466
350.0,14.58,76.876,3.318,2.728,4555.287,4.768740174169705,4.769385559999137,4.769385559999137,4.768740174169705,15.913660705763808,15.916047864763376,15.916047864763376,15.913660705763808,1.9253092175787707,1.924733005121998,1.924733005121998,1.9253092175787707,2.427227573432095,2.429060481836028,2.429060481836028,2.427227573432095,1.6440819494712304
350.0,14.586,84.943,6.293,5.703,2703.607,4.786053819953529,4.786702501273889,4.786702501273889,4.786053819953488,15.989718539494596,15.992234578769803,15.992234578769803,15.989718539523436,1.9290034262417337,1.928462325457938,1.928462325457938,1.9290034262417337,2.437276237374955,2.4390105165560083,2.4390105165560083,2.437276237374955,2.7700420697405974
350.0,14.587,86.855,6.263,2.596,2771.384,4.786378179997128,4.787028140392506,4.787028140392506,4.786378179997128,15.992605732096568,15.995096419382667,15.995096419382667,15.992605732096568,1.9292538969323123,1.9287204230485329,1.9287204230485329,1.9292538969323123,2.437799229416631,2.439505955901004,2.439505955901004,2.437799229416631,2.7025507012834167
350.0,14.854,47.311,5.908,3.722,3110.868,4.763475087208238,4.764114844583038,4.764114844583038,4.763475087208238,15.869702841003496,15.872131712192362,15.872131712192362,15.869702841003496,1.921576432061544,1.9207321395028747,1.9207321395028747,1.921576432061544,2.419329782274659,2.4220180438740555,2.4220180438740555,2.419329782274659,2.4038727568783687
350.0,15.04,91.204,3.647,3.034,2198.684,4.801023980076448,4.801680807504741,4.801680807504741,4.801023980076448,16.057172431603234,16.059652049673552,16.059652049673552,16.057172431603234,1.9322899138212843,1.931765467638776,1.931765467638776,1.9322899138212843,2.446587178259173,2.4482619837164936,2.4482619837164936,2.446587178259173,3.4057692429579607
350.0,15.154,81.11,6.056,4.698,1750.647,4.806270255251468,4.8069346613950685,4.8069346613950685,4.806270255251468,16.070454047006354,16.07297692236392,16.07297692236392,16.070454047006354,1.932167206705404,1.9315913720811315,1.9315913720811315,1.932167206705404,2.4474526162275803,2.4492921993271533,2.4492921993271533,2.4474526162275803,4.27443294509823
350.0,15.162,26.357,2.767,5.51,3824.691,4.74989261907533,4.750489976494466,4.750489976494466,4.74989261907533,15.799940438494396,15.802395625259956,15.802395625259956,15.799940438494396,1.9174907778325132,1.9160992990888497,1.9160992990888497,1.9174907778325132,2.4085353502569515,2.412967784929386,2.412967784929386,2.4085353502569515,1.9536130464180173
350.0,15.171,86.811,6.01,5.529,865.68,4.861248201623416,4.861952168797303,4.861952168797303,4.861248201623416,16.295293221755717,16.2980462066807,16.2980462066807,16.295293221755717,1.9517472791501227,1.9485697865714384,1.9485697865714384,1.9517472791501227,2.475731719969768,2.477594313923731,2.477594313923731,2.475731719969768,8.63356960609166
350.0,15.235,89.791,4.73,3.365,1081.841,4.8431100299735546,4.843799694794633,4.843799694794633,4.8431100299735546,16.225494671564487,16.228124282697024,16.228124282697024,16.225494671564487,1.9390700888927288,1.9385133583685017,1.9385133583685017,1.9390700888927288,2.4674218629292257,2.469202345169824,2.469202345169824,2.4674218629292257,6.913062241765164
350.0,15.502,46.951,3.669,3.549,3621.005,4.765061629888566,4.76569605387443,4.76569605387443,4.765061629888566,15.879088600018347,15.881516994919629,15.881516994919629,15.879088600018347,1.9220711114753009,1.9212192991910044,1.9212192991910044,1.9220711114753009,2.4211104060940234,2.423824779621571,2.423824779621571,2.4211104060940234,2.0649305054971427
350.0,15.559,89.132,5.686,5.309,4433.515,4.78478286272914,4.785418888476168,4.785418888476168,4.78478286272914,15.993004926313144,15.99544632799608,15.99544632799608,15.993004926313144,1.929611301527741,1.9290894490496244,1.9290894490496244,1.929611301527741,2.439064582889997,2.4407352962944744,2.4407352962944744,2.439064582889997,1.689441129139541
350.0,15.661,55.015,3.547,5.643,2392.239,4.7828336760013554,4.78348297311886,4.78348297311886,4.7828336760013554,15.957774139828343,15.960228876802995,15.960228876802995,15.957774139828343,1.9258842134842595,1.925121396239112,1.925121396239112,1.9258842134842595,2.431719496613266,2.4341499655063283,2.4341499655063283,2.431719496613266,3.1254340115599217
350.0,15.741,63.615,5.695,3.127,3881.132,4.774766404691324,4.775407945549805,4.775407945549805,4.774766404690358,15.932853216018996,15.935251104679985,15.935251104679985,15.932853215970551,1.9254379864479176,1.9247653813558767,1.9247653813558767,1.9254379864479176,2.429579081929126,2.431720809173725,2.431720809173725,2.429579081929126,1.9277214067381536
350.0,15.749,86.351,2.699,4.158,2980.141,4.794358516598696,4.795001673324904,4.795001673324904,4.794358516598696,16.03003507234877,16.03250219896836,16.03250219896836,16.03003507234877,1.9309791269104517,1.9304385647795932,1.9304385647795932,1.9309791269104517,2.44357076930229,2.445300909878077,2.445300909878077,2.44357076930229,2.5122863604748686
350.0,15.767,89.644,5.542,5.869,1177.305,4.841413815758676,4.842095475742207,4.842095475742207,4.841413815758676,16.22118752199853,16.223786445172408,16.223786445172408,16.22118752199853,1.9389821274483017,1.938426037397648,1.938426037397648,1.9389821274483017,2.467438257224868,2.469217143090866,2.469217143090866,2.467438257224868,6.352334101277952
350.0,15.889,45.485,4.127,4.211,3915.687,4.765866006669846,4.766496441507617,4.766496441507617,4.765866006669846,15.8831524853413,15.885580468632655,15.885580468632655,15.8831524853413,1.9222202309576353,1.9213440340585837,1.9213440340585837,1.9222202309576353,2.4218507553229447,2.42464366918408,2.42464366918408,2.4218507553229447,1.9092541171725288
350.0,15.948,81.265,4.974,3.423,2501.446,4.798764929429158,4.79941080207371,4.79941080207371,4.798764929429158,16.04449421729323,16.046992245755618,16.046992245755618,16.04449421729323,1.931262873999104,1.9306945835404248,1.9306945835404248,1.931262873999104,2.445108125378912,2.446928758404276,2.446928758404276,2.445108125378912,2.9918190658365487
350.0,15.998,53.918,3.998,5.946,1636.397,4.801666492828516,4.80232513333908,4.80232513333908,4.801666492828516,16.03397702699208,16.036519501855885,16.036519501855885,16.03397702699208,1.929019097300968,1.9282277392068687,1.9282277392068687,1.929019097300968,2.441313263521964,2.4438399164836886,2.4438399164836886,2.441313263521964,4.566335749992811
350.0,16.307,61.749,3.382,2.601,2636.97,4.789049688455644,4.789696270967812,4.789696270967812,4.789049688455644,15.991426991034029,15.993864800816224,15.993864800816224,15.991426991034029,1.9278403250660117,1.9271402481539144,1.9271402481539144,1.9278403250660117,2.4371736494894827,2.4394052578131435,2.4394052578131435,2.4371736494894827,2.8357130083957727
350.0,16.312,22.086,5.768,2.575,955.91,4.8235295855691644,4.824168023772272,4.824168023772272,4.8235295855691644,16.097785106354884,16.100481256446837,16.100481256446837,16.097785106354884,1.929884845059877,1.92810016730664,1.92810016730664,1.929884845059877,2.4453047012916738,2.4509895565335085,2.4509895565335085,2.4453047012916738,7.798871627948313
350.0,16.392,58.65,2.874,3.508,3595.707,4.779455531694633,4.780093240341478,4.780093240341478,4.779455531694633,15.950882810896225,15.953301556329777,15.953301556329777,15.950882810896225,1.925979821513209,1.9252583626100797,1.9252583626100797,1.925979821513209,2.4319956724448453,2.4342962083653386,2.4342962083653386,2.4319956724448453,2.079773806796493
350.0,16.398,53.166,4.219,5.519,3058.046,4.780579013968231,4.78121465303445,4.78121465303445,4.780579013968231,15.950924131835585,15.953400536000965,15.953400536000965,15.950924131835585,1.9256226641040128,1.9248416806596969,1.9248416806596969,1.9256226641040128,2.4314686248097614,2.433964345929339,2.433964345929339,2.4314686248097614,2.444645028123438
350.0,16.728,55.003,3.257,3.963,4488.995,4.7756781954561776,4.776310364717332,4.776310364717332,4.7756781954561776,15.934515009739604,15.9369089701592,15.9369089701592,15.934515009739604,1.9251263901014608,1.9243686858624496,1.9243686858624496,1.9251263901014608,2.4299812497555218,2.4323961233570075,2.4323961233570075,2.4299812497555218,1.6656813406484572
350.0,16.822,75.714,3.955,5.783,3939.636,4.7908996727229605,4.791531961164379,4.791531961164379,4.7908996727229605,16.012860547710908,16.015299611636234,16.015299611636234,16.012860547710908,1.9297541768945867,1.9291590385424575,1.9291590385424575,1.9297541768945867,2.4416388475199744,2.443543850369692,2.443543850369692,2.4416388475199744,1.899271998506312
350.0,16.835,11.107,3.389,5.481,4129.809,4.754219356820699,4.754688228689437,4.754688228689437,4.754219356820699,15.815031946818506,15.817604456606846,15.817604456606846,15.815031946818506,1.918194620994258,1.914918870911924,1.914918870911924,1.918194620994258,2.407756499759852,2.4181700341857533,2.4181700341857533,2.407756499759852,1.8072390961192024
350.0,16.85,55.115,4.741,6.2,4021.422,4.779013612151072,4.77964507129749,4.77964507129749,4.779013612151072,15.948581041378787,15.95100860090847,15.95100860090847,15.948581041378787,1.9257380794979504,1.9249797881274409,1.9249797881274409,1.9257380794979504,2.4318437453168524,2.4342643182252086,2.4342643182252086,2.4318437453168524,1.8591734883053743
350.0,17.133,37.102,5.98,2.941,1679.971,4.800882536502948,4.801524537559724,4.801524537559724,4.800882536502948,16.022957050443193,16.025491076539765,16.025491076539765,16.022957050443193,1.9277301410093008,1.9266407201597755,1.9266407201597755,1.9277301410093008,2.4393035295660246,2.4427784126917165,2.4427784126917165,2.4393035295660246,4.443390471092853
350.0,17.194,67.941,5.451,4.087,1739.746,4.817587954695422,4.818240616557323,4.818240616557323,4.817587954695422,16.115128304310986,16.117667525089463,16.117667525089463,16.115128304310986,1.9334811017444975,1.9328129101307527,1.9328129101307527,1.9334811017444975,2.453898493781991,2.456038146615235,2.456038146615235,2.453898493781991,4.295817857233076
350.0,17.244,66.474,2.813,2.728,357.58,5.023894480599326,5.024749175424718,5.024749175424718,5.023894480599326,16.946514367246365,16.9498068525843,16.9498068525843,16.946514367246365,2.1195933547339267,2.1149010912097976,2.1149010912097976,2.1195933547339267,2.5564874821594064,2.5592466112703307,2.5592466112703307,2.5564874821594064,20.770366218264
350.0,17.514,41.942,4.306,3.753,3019.211,4.78449903027318,4.785125755560235,4.785125755560235,4.78449903027318,15.963198698626847,15.965658801344516,15.965658801344516,15.963198698626847,1.9256312461410336,1.924669673775645,1.924669673775645,1.9256312461410336,2.432946477796212,2.436015376773153,2.436015376773153,2.432946477796212,2.4740186788135405
350.0,17.671,89.817,4.333,4.946,4360.288,4.804740073839156,4.805365510239916,4.805365510239916,4.804740073839156,16.084073206417916,16.086470579829648,16.086470579829648,16.084073206417916,1.933785951258292,1.933255234396394,1.933255234396394,1.933785951258292,2.452547340199636,2.4542469307889254,2.4542469307889254,2.452547340199636,1.716513712723705
350.0,17.764,72.104,3.914,4.978,327.056,5.0605216869954885,5.061401221479957,5.061401221479957,5.0605216869954885,17.100996575885823,17.104404797524587,17.104404797524587,17.100996575885823,2.1599998247761327,2.155411832278616,2.155411832278616,2.1599998247761327,2.5768757023415287,2.5795774796541435,2.5795774796541435,2.5768757023415287,22.685872871007323
350.0,17.801,61.645,6.077,5.016,3935.846,4.791663183315335,4.792293881663208,4.792293881663208,4.791663183315335,16.009383160945312,16.011777143890956,16.011777143890956,16.009383160945312,1.9288524983518107,1.928148786245411,1.928148786245411,1.9288524983518107,2.440929293153438,2.443174589741387,2.443174589741387,2.440929293153438,1.8994106113979368
350.0,17.959,26.876,2.725,5.438,793.208,4.860448857187824,4.861119793707728,4.861119793707728,4.860448857187824,16.257236155727007,16.259998327320385,16.259998327320385,16.257236155727007,1.938275520619896,1.9353085450085612,1.9353085450085612,1.938275520619896,2.4675120411806155,2.472477995313739,2.472477995313739,2.4675120411806155,9.389574311425136
350.0,18.093,85.349,4.619,4.773,4657.448,4.804733506489612,4.805352436207637,4.805352436207637,4.804733506489612,16.082480788527082,16.08491759065165,16.08491759065165,16.082480788527082,1.9334933306624011,1.9329438715600733,1.9329438715600733,1.9334933306624011,2.4524043579479287,2.454170152916942,2.454170152916942,2.4524043579479287,1.6065298392860157
350.0,18.219,86.751,5.793,6.243,1419.469,4.85021422068408,4.850868883504249,4.850868883504249,4.85021422068408,16.265910553947528,16.26845991459867,16.26845991459867,16.265910553947528,1.9484875064583376,1.9453512604874548,1.9453512604874548,1.9484875064583376,2.4753189744021125,2.4771575080752006,2.4771575080752006,2.4753189744021125,5.26486838049278
350.0,18.234,37.239,5.698,5.725,4376.656,4.77950108051015,4.7801161720475225,4.7801161720475225,4.77950108051015,15.943088734514054,15.945490294270789,15.945490294270789,15.943088734514054,1.9246540399574197,1.9235903110444836,1.9235903110444836,1.9246540399574197,2.4306813046961526,2.4340713769482765,2.4340713769482765,2.4306813046961526,1.7063342231311849
350.0,18.255,26.337,5.404,4.715,1117.865,4.830685226313918,4.831326643170592,4.831326643170592,4.830685226313915,16.139263737194543,16.141901270683515,16.141901270683515,16.139263737605148,1.9321181552390816,1.9305811105815456,1.9305811105815456,1.9321181552390816,2.4532172671650443,2.4581169009064907,2.4581169009064907,2.4532172671650443,6.667622967986648
350.0,18.373,62.064,2.507,5.143,2142.248,4.815587947195229,4.816231030565032,4.816231030565032,4.815587947195229,16.108256909790512,16.11069816930965,16.11069816930965,16.108256909790512,1.9330274780251917,1.932307499086872,1.932307499086872,1.9330274780251917,2.453731753615981,2.4560293588866724,2.4560293588866724,2.453731753615981,3.4872799551285483
350.0,18.46,58.099,5.794,3.819,2526.921,4.8078601535214975,4.808497017873111,4.808497017873111,4.8078601535214975,16.07456883849206,16.076994563082533,16.076994563082533,16.07456883849206,1.931410659808808,1.9306576591202544,1.9306576591202544,1.931410659808808,2.449292111563876,2.451694991640627,2.451694991640627,2.449292111563876,2.9563770818604644
350.0,18.587,45.234,4.337,6.047,2427.509,4.8029213452910335,4.803552972940513,4.803552972940513,4.8029213452910335,16.044990332732805,16.047444721624235,16.047444721624235,16.044990332732805,1.929400066910084,1.928477309607985,1.928477309607985,1.929400066910084,2.444465176103483,2.4474101610490067,2.4474101610490067,2.444465176103483,3.0757019626476483
350.0,19.011,37.71,6.28,4.056,1898.44,4.812351441569033,4.81298622436764,4.81298622436764,4.812351441569033,16.07876990398056,16.081228854293308,16.081228854293308,16.07876990398056,1.9304023428656705,1.929307810712428,1.929307810712428,1.9304023428656705,2.448189345893124,2.4516767531445205,2.4516767531445205,2.448189345893124,3.9300829546751888
350.0,19.203,23.112,2.585,4.99,3210.941,4.787160636506218,4.787744177425329,4.787744177425329,4.787160636506218,15.967494936285576,15.970014157263758,15.970014157263758,15.967494936285576,1.9251088931626028,1.9234513602259895,1.9234513602259895,1.9251088931626028,2.4325732961636706,2.437859561106259,2.437859561106259,2.4325732961636706,2.323315639129796
350.0,19.459,63.219,2.925,2.745,1376.517,4.849556961392777,4.850212716551706,4.850212716551706,4.849556961392777,16.2501621002846,16.252663289573714,16.252663289573714,16.2501621002846,1.9426354966675,1.9385999367949072,1.9385999367949072,1.9426354966675,2.4725084122675995,2.4748650598582955,2.4748650598582955,2.4725084122675995,5.421677222136644
350.0,19.65,24.019,2.671,3.204,767.281,4.878780450241186,4.8794429636029255,4.8794429636029255,4.878780450241186,16.336397555273933,16.339174116338828,16.339174116338828,16.336397555273933,1.9619532106764457,1.9522879242368143,1.9522879242368143,1.9619532106764457,2.4785598310970047,2.4841940461327536,2.4841940461327536,2.4785598310970047,9.698296959021434
350.0,19.872,39.185,6.034,5.26,3386.162,4.8010224247564395,4.801634848700561,4.801634848700561,4.8010224247564395,16.039013661219816,16.04144001337419,16.04144001337419,16.039013661219816,1.9290224035240973,1.9279776265483652,1.9279776265483652,1.9290224035240973,2.444385780665129,2.4477212849704206,2.4477212849704206,2.444385780665129,2.2039997357665317
350.0,19.942,85.682,5.449,4.859,2976.289,4.8331018717861305,4.833719004323218,4.833719004323218,4.8331018717861305,16.205210488809335,16.207622283808025,16.207622283808025,16.205210488809335,1.9388208382387253,1.93825424700244,1.93825424700244,1.9388208382387253,2.469536919275501,2.4713565627057203,2.4713565627057203,2.469536919275501,2.511469913093483
350.0,20.112,34.403,5.203,3.131,3014.144,4.803577645897425,4.804189602955324,4.804189602955324,4.803577645897425,16.04659064455764,16.04900019409388,16.04900019409388,16.04659064455764,1.9290997478944787,1.9279217059489548,1.9279217059489548,1.9290997478944787,2.4449695481279483,2.4487242267845124,2.4487242267845124,2.4449695481279483,2.4751539366826085
350.0,20.289,94.687,3.734,5.657,3144.755,4.840442885645071,4.841052811467396,4.841052811467396,4.840442885645071,16.243546751315428,16.245943249831516,16.245943249831516,16.243546751315428,1.9468665906847056,1.9439715236174788,1.9439715236174788,1.9468665906847056,2.4754521580933133,2.477151014365476,2.477151014365476,2.4754521580933133,2.377456105214628
350.0,20.428,71.693,4.218,3.884,3008.583,4.828840438127487,4.829460838158042,4.829460838158042,4.828840438127487,16.179227969669054,16.18159071718364,16.18159071718364,16.179227969669054,1.936916053227549,1.936264814568654,1.936264814568654,1.936916053227549,2.465563976003029,2.467645659519419,2.467645659519419,2.465563976003029,2.482822966435908
350.0,20.622,58.433,3.631,5.528,1473.33,4.853549027273253,4.854192003467841,4.854192003467841,4.853549027273253,16.267873549461324,16.270368258676847,16.270368258676847,16.267873549461324,1.9484466678462475,1.9441269542099244,1.9441269542099244,1.9484466678462475,2.475466485180528,2.4779917838458747,2.4779917838458747,2.475466485180528,5.062816176388211
350.0,20.694,33.091,3.393,3.695,967.107,4.870393025855903,4.871050823429878,4.871050823429878,4.870393025855903,16.315002665723902,16.31762989546036,16.31762989546036,16.315002665723902,1.9581936760570853,1.9510150312041536,1.9510150312041536,1.9581936760570853,2.4784927248194575,2.4826813979199502,2.4826813979199502,2.4784927248194575,7.698884511544132
350.0,20.754,89.334,3.007,5.502,3603.668,4.83795773129459,4.838567670285424,4.838567670285424,4.83795773129459,16.231568901304925,16.23389887407941,16.23389887407941,16.231568901304925,1.9435272991915928,1.9405033745953368,1.9405033745953368,1.9435272991915928,2.4739850492602624,2.4757564958697573,2.4757564958697573,2.4739850492602624,2.0741349500080166
350.0,20.868,54.27,4.68,4.395,3128.436,4.821293897002311,4.821909840425185,4.821909840425185,4.821293897002311,16.13709117485066,16.13947544523283,16.13947544523283,16.13709117485066,1.934143997642071,1.9333336425713452,1.9333336425713452,1.934143997642071,2.4591469129448065,2.4617367049608787,2.4617367049608787,2.4591469129448065,2.3858739495249934
350.0,21.401,82.13,4.31,3.833,326.226,5.114176494042839,5.115024440949163,5.115024440949192,5.114176494042839,17.338997443715193,17.342427420185306,17.342427419883133,17.338997443715193,2.225676875674723,2.2212826627619817,2.2212826627619817,2.225676875674723,2.6117513765525895,2.6143479515086696,2.6143479515086696,2.6117513765525895,22.69966686087826
350.0,21.839,39.91,5.497,3.626,4630.29,4.812649134021132,4.813244843664688,4.813244843664688,4.812649134021132,16.09587172100733,16.098261845782794,16.098261845782794,16.09587172100733,1.9317468865191496,1.930701740516365,1.930701740516365,1.9317468865191496,2.45352641306112,2.4568672470527626,2.4568672470527626,2.45352641306112,1.6109660753869095
350.0,21.88,49.31,6.255,2.834,3358.807,4.8259113315155115,4.8265188864983255,4.8265188864983255,4.8259113315155115,16.15656733778306,16.1589313793292,16.1589313793292,16.15656733778306,1.9347933056772029,1.93390863309328,1.93390863309328,1.9347933056772029,2.462098092032528,2.464924866238555,2.464924866238555,2.462098092032528,2.2210847233356272
350.0,21.908,68.862,4.29,5.263,3178.504,4.839737258434043,4.840346706254716,4.840346706254716,4.839737258434017,16.227652085496334,16.22998577186889,16.22998577186889,16.227652085548364,1.9411111137180632,1.9382551935482653,1.9382551935482653,1.9411111137180632,2.4728545568730422,2.475033372514928,2.475033372514928,2.4728545568730422,2.348580335036619
350.0,22.148,47.109,3.159,3.598,2953.831,4.830742345896862,4.831353831757625,4.831353831757625,4.830742345896862,16.17536700913326,16.177699703481366,16.177699703481366,16.17536700913326,1.9354626245399968,1.9345353272921089,1.9345353272921089,1.9354626245399968,2.4644630543888533,2.4674201281860872,2.4674201281860872,2.4644630543888533,2.524882587619663
350.0,22.62,88.944,5.607,5.896,4158.039,4.852714110499742,4.853306266673083,4.853306266673083,4.852714110499742,16.299133401570995,16.30141809708296,16.30141809708296,16.299133401570995,1.964256149349088,1.9611870157890212,1.9611870157890212,1.964256149349088,2.4843343114871765,2.486137958235552,2.486137958235552,2.4843343114871765,1.7963687175743743
350.0,22.627,11.317,5.325,4.177,3310.172,4.810457000927396,4.8109493976521005,4.8109493976521005,4.810457000927396,16.06953811630356,16.07208952533035,16.07208952533035,16.06953811630356,1.9298840872355725,1.9264179281185547,1.9264179281185547,1.9298840872355725,2.444792219714795,2.4558052597157647,2.4558052597157647,2.444792219714795,2.2499172366287734
350.0,22.699,17.758,5.63,4.265,4119.914,4.809791138357893,4.810337095042551,4.81033709504258,4.809791138357893,16.071584139249115,16.07406828559795,16.07406828515716,16.071584139249115,1.929874266045928,1.9276636758596293,1.9276636758596293,1.929874266045928,2.447712200932258,2.454752740709956,2.454752740709956,2.447712200932258,1.8083498704301528
350.0,23.036,93.758,5.91,4.492,1448.264,4.902129626588636,4.902743614769784,4.902743614769784,4.902129626588636,16.503099416005885,16.50558092197119,16.50558092197119,16.503099416005885,2.0188716984450283,2.015763957186025,2.015763957186025,2.0188716984450283,2.5104757314663013,2.512308014182917,2.512308014182917,2.5104757314663013,5.150932808170995
350.0,23.039,32.991,6.019,3.796,4181.057,4.821778398548739,4.822366596298858,4.822366596298858,4.821778398548739,16.132749255039553,16.135096778293565,16.135096778293565,16.132749255039553,1.933061429107183,1.93180436288462,1.93180436288462,1.933061429107183,2.458442103291332,2.462451296468272,2.462451296468272,2.458442103291332,1.7826889779362127
350.0,23.122,77.939,5.73,4.851,4590.132,4.848586196945342,4.849175775506596,4.849175775506596,4.848586196945342,16.27619175534851,16.278485692845535,16.278485692845535,16.27619175534851,1.9572355116354416,1.9538422629764116,1.9538422629764116,1.9572355116354416,2.481018218342753,2.483009228482675,2.483009228482675,2.481018218342753,1.6264172114846007
350.0,23.688,66.53,6.303,2.84,3294.05,4.854739891913039,4.855337153274035,4.855337153274035,4.854739891913039,16.29414867620739,16.29642338878065,16.29642338878065,16.29414867620739,1.9611635052062453,1.9572759074350288,1.9572759074350288,1.9611635052062453,2.482782473125526,2.485060935796999,2.485060935796999,2.482782473125526,2.2644285913888846
350.0,23.868,19.038,2.657,4.971,739.626,4.9225177709716395,4.92314390384368,4.92314390384368,4.9225177709716395,16.5290296201918,16.531915970711182,16.531915970711182,16.5290296201918,2.018815136702788,2.0061092529340607,2.0061092529340607,2.018815136702788,2.505534258272498,2.5129576750926903,2.5129576750926903,2.505534258272498,10.039858587681836
350.0,24.14,45.494,3.125,3.956,4395.441,4.838958066557734,4.839547878617878,4.839547878617878,4.838958066557734,16.216628957622177,16.218897180424936,16.218897180424936,16.216628957622177,1.9383352226599868,1.9364055074263804,1.9364055074263804,1.9383352226599868,2.471487180605772,2.4745742257177494,2.4745742257177494,2.471487180605772,1.6958093507360654
350.0,24.218,77.791,5.275,3.792,3804.941,4.863575152632161,4.8641581243812615,4.8641581243812615,4.863575152632161,16.34097020501912,16.34325962175496,16.34325962175496,16.34097020501912,1.97600581321725,1.972553700574864,1.972553700574864,1.97600581321725,2.490241228800897,2.4922698156189247,2.4922698156189247,2.490241228800897,1.9608958801054392
350.0,24.293,50.322,3.592,4.712,3542.689,4.848452895736437,4.849041083336996,4.849041083336996,4.848452895736437,16.258987726944255,16.26131465239619,16.26131465239619,16.258987726944255,1.9504922842939965,1.9456020624700363,1.9456020624700363,1.9504922842939965,2.47742819372867,2.4802866222024087,2.4802866222024087,2.47742819372867,2.103929266572143
350.0,24.51,95.477,4.262,3.072,3240.637,4.882573792239497,4.8831545512419545,4.8831545512419545,4.882573792239497,16.432763456020712,16.435015173849852,16.435015173849852,16.432763456020712,2.0031548455096435,2.0001594952943598,2.0001594952943598,2.0031548455096435,2.5035555563255945,2.5053201862059176,2.5053201862059176,2.5035555563255945,2.303084176906203
350.0,24.58,22.571,4.304,3.557,2443.107,4.845275666525454,4.845845197023448,4.845845197023448,4.845275666525454,16.225807793993706,16.228251662211232,16.228251662211232,16.225807793993706,1.9398335696637847,1.934755463316684,1.934755463316684,1.9398335696637847,2.469795365752772,2.475652250748535,2.475652250748535,2.469795365752772,3.0465715376983766
350.0,24.656,28.619,3.31,5.296,4557.753,4.832732094447445,4.833303323606353,4.833303323606353,4.832732094447445,16.180958581603758,16.18328699642854,16.18328699642854,16.180958581603758,1.9350677434138088,1.9336133089341117,1.9336133089341117,1.9350677434138088,2.4654386055361805,2.4700763357126245,2.4700763357126245,2.4654386055361805,1.6341424361691437
350.0,24.69,12.975,4.665,4.845,2886.836,4.834721205079018,4.835232809711275,4.835232809711275,4.834721205079018,16.17748743630821,16.180002950491208,16.180002950491208,16.17748743630821,1.9345736529130968,1.931460949547569,1.931460949547569,1.9345736529130968,2.4610375483560145,2.470934401579083,2.470934401579083,2.4610375483560145,2.577705288700963
350.0,24.722,81.125,2.958,2.745,1132.975,4.929760242462398,4.930387270623162,4.930387270623162,4.929760242462398,16.61187030379985,16.614286756075018,16.614286756075018,16.61187030379985,2.0473699263950773,2.0437742483378813,2.0437742483378813,2.0473699263950773,2.524598668861328,2.5267159270510007,2.5267159270510007,2.524598668861328,6.572967751967044
350.0,24.728,13.936,6.48,2.68,3593.925,4.829610337999348,4.8301344938912365,4.8301344938912365,4.829610337999348,16.157991742660307,16.16037771392729,16.16037771392729,16.157991742660307,1.9337657672182187,1.9308774137660156,1.9308774137660156,1.9337657672182187,2.4591147144622854,2.46828762736652,2.46828762736652,2.4591147144622854,2.070942219749311
350.0,24.78,30.243,3.416,4.105,4859.107,4.833709544511168,4.834282774344273,4.834282774344273,4.833709544511168,16.186766719838648,16.189065238997728,16.189065238997728,16.186766719838648,1.9354043801874143,1.9340189372634768,1.9340189372634768,1.9354043801874143,2.466534017147044,2.470950299786306,2.470950299786306,2.466534017147044,1.5328607734225286
350.0,24.829,40.903,4.509,2.546,2657.693,4.856303420173896,4.85689829595642,4.85689829595642,4.856303420173896,16.285297310849305,16.287586128814308,16.287586128814308,16.285297310849305,1.9571684162171603,1.951256955111948,1.951256955111948,1.9571684162171603,2.4801962070822547,2.483649135027085,2.483649135027085,2.4801962070822547,2.8023169655869165
350.0,24.911,41.974,3.25,4.495,619.01,4.975236394388708,4.975922969019862,4.975922969019862,4.975236394388708,16.763958802917124,16.76670875213142,16.76670875213142,16.763958802917124,2.081264600990219,2.07469552396024,2.07469552396024,2.081264600990219,2.539561489422741,2.543416343131798,2.543416343131798,2.539561489422741,11.989024243915338
350.0,25.002,56.871,4.286,4.928,4997.24,4.8521308147502245,4.852709962067527,4.852709962067527,4.8521308147502245,16.28240760249611,16.284662714500513,16.284662714500513,16.28240760249611,1.9586349883201315,1.954212020715267,1.954212020715267,1.9586349883201315,2.481768151238777,2.484357837608523,2.484357837608523,2.481768151238777,1.4917531546791358
350.0,25.063,44.534,4.546,3.353,477.238,5.026938243024305,5.027666768987436,5.027666768987436,5.026938243024305,16.97422577786774,16.9771543790713,16.9771543790713,16.97422577786774,2.1349722779421967,2.12836464267528,2.12836464267528,2.1349722779421967,2.566178971948669,2.5700617087317035,2.5700617087317035,2.566178971948669,15.526082579067364
350.0,25.134,57.017,3.11,5.393,953.302,4.933293356446596,4.933933501742051,4.933933501742051,4.933293356446596,16.608425305032466,16.610946533395843,16.610946533395843,16.608425305032466,2.043640008967875,2.0388164719679387,2.0388164719679387,2.043640008967875,2.5222496838021056,2.52508314661127,2.52508314661127,2.5222496838021056,7.800852319481008
350.0,25.179,12.811,6.099,3.32,4075.198,4.830283165340217,4.830802169742489,4.830802169742489,4.830283165340217,16.162168329454516,16.164439447876287,16.164439447876287,16.162168329454516,1.934056722794709,1.930902607292648,1.930902607292648,1.934056722794709,2.459587633095034,2.469586055245092,2.469586055245092,2.459587633095034,1.8261201238649056
350.0,25.256,81.52,2.794,6.125,1379.181,4.920587641347262,4.921196933511097,4.921196933511097,4.920587641347262,16.57775637997663,16.580121776180718,16.580121776180718,16.57775637997663,2.0394686263469093,2.0359253825012584,2.0359253825012584,2.0394686263469093,2.52100021419622,2.523086899667644,2.523086899667644,2.52100021419622,5.4008255117806
350.0,25.258,88.059,5.625,5.879,4180.416,4.878815863370116,4.879384965082871,4.879384965082871,4.878815863371625,16.415097444194238,16.417362909237536,16.417362909237536,16.415097444499676,1.9985481537982432,1.9953725329695184,1.9953725329695184,1.9985481537982432,2.5015213352605934,2.50339146106276,2.50339146106276,2.5015213352605934,1.784672191838846
350.0,25.379,46.587,5.914,5.785,402.754,5.072462944857497,5.073228658730665,5.073228658730665,5.072462944857497,17.159573560996964,17.16263242347505,17.16263242347505,17.159573560996964,2.182042532604057,2.175354353083627,2.175354353083627,2.182042532604057,2.589923470966883,2.593857517964363,2.593857517964363,2.589923470966883,18.370009109088837
350.0,25.684,97.308,3.197,4.524,3857.422,4.891441911580053,4.892009422554703,4.892009422554703,4.891441911579894,16.475482414898885,16.47767443911656,16.47767443911656,16.47548241488167,2.0162220063279728,2.013244639801542,2.013244639801542,2.0162220063279728,2.510275765796804,2.5120309238121545,2.5120309238121545,2.510275765796804,1.9341852975975096
350.0,26.684,38.668,6.155,2.715,3745.477,4.863338340656164,4.86390884955212,4.86390884955212,4.863338340656164,16.320453703138927,16.322702575853008,16.322702575853008,16.320453703138927,1.9690245610357504,1.9627470299219427,1.9627470299219427,1.9690245610357504,2.4862678403999072,2.489937991602444,2.489937991602444,2.4862678403999072,1.987331043033064
350.0,26.812,98.011,2.683,2.78,2967.264,4.9114807676734245,4.912038500137603,4.912038500137603,4.9114807676734245,16.56180402223195,16.56403685413355,16.56403685413355,16.56180402223195,2.040196196201605,2.0371739256170094,2.0371739256170094,2.040196196201605,2.5222546560703845,2.524038643929297,2.524038643929297,2.5222546560703845,2.512578144721328
350.0,26.823,51.787,3.65,5.415,499.492,5.043997180205418,5.044702722732011,5.044702722732011,5.043997180205418,17.0557076982322,17.058547218490915,17.058547218490915,17.0557076982322,2.1586952882820336,2.152764720711956,2.152764720711956,2.1586952882820336,2.5791528033060125,2.5826428833208848,2.5826428833208848,2.5791528033060125,14.827289197562854
350.0,26.851,56.333,4.798,3.824,4019.396,4.874949794182668,4.875516502932617,4.875516502932617,4.874949794182657,16.381465616017344,16.3837019698004,16.3837019698004,16.38146561537552,1.9874925780291863,1.98291733044646,1.98291733044646,1.9874925780291863,2.496033182672448,2.4987170846906737,2.4987170846906737,2.496033182672448,1.852928524229063
350.0,26.859,52.71,3.775,5.853,780.111,4.971979014569006,4.972625735387447,4.972625735387447,4.971979014569006,16.76811672112504,16.770654697465975,16.770654697465975,16.76811672112504,2.0863471542216088,2.0809526715636784,2.0809526715636784,2.0863471542216088,2.543468887669466,2.5466390042170945,2.5466390042170945,2.543468887669466,9.516687846454706
350.0,26.918,66.598,5.533,3.141,4320.996,4.880873143707212,4.881438091349252,4.881438091349252,4.880873143707202,16.413767436362686,16.415982895814516,16.415982895814516,16.41376743666425,1.9974531803793047,1.9934537323999273,1.9934537323999273,1.9974531803793047,2.5011379001419303,2.503487335942708,2.503487335942708,2.5011379001419303,1.7241958283525272
350.0,26.937,62.402,4.832,4.353,2770.376,4.890462379689858,4.891036265632153,4.891036265632153,4.890462379689858,16.449009871436044,16.451275228619195,16.451275228619195,16.449009871436044,2.0059941010354545,2.001725673078952,2.001725673078952,2.0059941010354545,2.5050840392127096,2.507591096829691,2.507591096829691,2.5050840392127096,2.6878922833786945
350.0,26.989,37.939,5.739,5.783,1384.799,4.908563357630851,4.909162591828399,4.909162591828399,4.908563357630851,16.50229028740236,16.50469838273793,16.50469838273793,16.50229028740236,2.0168306085622327,2.010126794874826,2.010126794874826,2.0168306085622327,2.508970026350608,2.5128967060536733,2.5128967060536733,2.508970026350608,5.367542140222024
350.0,26.989,84.682,4.054,5.496,3581.402,4.8984911729598775,4.899053651470503,4.899053651470503,4.8984911729598775,16.499639241916732,16.501821868506518,16.501821868506518,16.499639241916732,2.0224197727332367,2.0190702149132704,2.0190702149132704,2.0224197727332367,2.513531780980333,2.5155045111720598,2.5155045111720598,2.513531780980333,2.08107643767292
350.0,27.322,20.377,3.164,2.979,4150.387,4.855501836167286,4.856046042255804,4.856046042255804,4.855501836167286,16.278225373211153,16.280475047180243,16.280475047180243,16.278225373211153,1.958080621987777,1.9468019741391425,1.9468019741391425,1.958080621987777,2.478680121423994,2.4852490781326635,2.4852490781326635,2.478680121423994,1.7919859079707088
350.0,27.438,90.778,4.951,4.121,2157.384,4.9254968443009695,4.926064898219115,4.926064898219115,4.9254968443009695,16.615061003096766,16.61727508711387,16.61727508711387,16.615061003096766,2.053625613959442,2.050360787104557,2.050360787104557,2.053625613959442,2.528878833075676,2.530804359210961,2.530804359210961,2.528878833075676,3.452704921040477
350.0,27.491,11.668,3.899,6.461,4407.729,4.850276742217615,4.850788521021324,4.850788521021324,4.850276742217615,16.252279323667143,16.254333597532,16.254333597532,16.252279323667143,1.9537869583029557,1.9346038445502367,1.9346038445502367,1.9537869583029557,2.472467920915592,2.483747512513524,2.483747512513524,2.472467920915592,1.6868027879033145
350.0,27.953,22.051,4.233,4.731,4929.308,4.859379412022487,4.859929829122583,4.859929829122583,4.859379412022487,16.297936987828734,16.300053157589087,16.300053157589087,16.297936987828734,1.964166716437116,1.9536424001926576,1.9536424001926576,1.964166716437116,2.482174882317038,2.4883083286347105,2.4883083286347105,2.482174882317038,1.5086583510020848
350.0,28.016,84.723,3.249,3.819,3897.932,4.907358228623998,4.907915016064794,4.907915016064794,4.907358228623998,16.540066874331124,16.542158127398412,16.542158127398412,16.540066874331124,2.034335199973663,2.0309519561445515,2.0309519561445515,2.034335199973663,2.5196616876798057,2.521654062153727,2.521654062153727,2.5196616876798057,1.9112927095790784
350.0,28.105,78.065,2.899,5.114,2551.478,4.916739970123261,4.9173009494721995,4.9173009494721995,4.916739970123261,16.57268961928221,16.574901828035426,16.574901828035426,16.57268961928221,2.041823305911588,2.0381719387220736,2.0381719387220736,2.041823305911588,2.5231713018413853,2.525321890281779,2.525321890281779,2.5231713018413853,2.9180320661599377
350.0,28.196,26.9,3.721,4.533,2799.753,4.879305570303413,4.879866250435096,4.879866250435096,4.879305570303413,16.38178556332096,16.384004797345558,16.384004797345558,16.38178556332096,1.986681148860988,1.9777666980686264,1.9777666980686264,1.986681148860988,2.493796507263617,2.4990038275918294,2.4990038275918294,2.493796507263617,2.6552242829621924
350.0,28.236,35.264,5.314,6.348,3280.264,4.880393286611588,4.88095820465488,4.88095820465488,4.880393286611588,16.392857474974004,16.395052941633722,16.395052941633722,16.392857474974004,1.9901237775575855,1.9831560510812671,1.9831560510812671,1.9901237775575855,2.496496599150823,2.50057193112084,2.50057193112084,2.496496599150823,2.2671732560492295
350.0,28.408,82.373,4.468,3.726,3498.849,4.912786151804502,4.913345553160346,4.913345553160346,4.912786151804502,16.561744688555397,16.563800964272648,16.563800964272648,16.561744688555397,2.0401165393749534,2.0366322676753508,2.0366322676753508,2.0401165393749534,2.5225558370201884,2.5246069218801424,2.5246069218801424,2.5225558370201884,2.128565665563208
350.0,28.682,93.258,4.582,6.278,996.75,4.995719185128681,4.9963100207255415,4.9963100207255415,4.995719185128681,16.903771506608145,16.906143334971784,16.906143334971784,16.903771506608145,2.128990236232016,2.1255349849552507,2.1255349849552507,2.128990236232016,2.5664126699301635,2.5684549818692703,2.5684549818692703,2.5664126699301635,7.455696960386784
350.0,28.732,61.088,4.6,3.369,1428.068,4.9415880168647845,4.942171340897338,4.942171340897338,4.9415880168647845,16.661422899296177,16.6637289045577,16.6637289045577,16.661422899296177,2.062987859401998,2.058379787422518,2.058379787422518,2.062987859401998,2.5331830282628567,2.5358931057245515,2.5358931057245515,2.5331830282628567,5.204517785298194
350.0,28.808,29.682,4.634,5.1,1784.496,4.906703780549449,4.90727209250098,4.90727209250098,4.906703780549449,16.496801854727856,16.499140406643285,16.499140406643285,16.496801854727856,2.0175098806801213,2.0091203281693595,2.0091203281693595,2.0175098806801213,2.5090788670721755,2.5139878339237813,2.5139878339237813,2.5090788670721755,4.162718802653108
350.0,28.831,70.693,2.823,5.327,333.565,5.19654913974952,5.197332906470033,5.197332906470033,5.19654913974952,17.68963764397691,17.692854477767327,17.692854477767327,17.68963764397691,2.3186376015478576,2.313213846918896,2.313213846918896,2.3186376015478576,2.6628091203788067,2.666017012755906,2.666017012755906,2.6628091203788067,22.09215337331373
350.0,28.858,27.357,3.961,3.868,1408.642,4.919909696055356,4.9204821886618975,4.9204821886618975,4.919909696055356,16.548212222428912,16.55064562468585,16.55064562468585,16.548212222428912,2.0307568483134366,2.0215876259676566,2.0215876259676566,2.0307568483134366,2.5150740853810616,2.520440007461205,2.520440007461205,2.5150740853810616,5.270635366091139
350.0,28.883,93.831,5.762,3.172,2688.058,4.934724781884249,4.935276033288677,4.935276033288677,4.934724781884249,16.661166561978824,16.663262485365276,16.663262485365276,16.661166561978824,2.0679601198449142,2.06474848706327,2.06474848706327,2.0679601198449142,2.536472022652072,2.538366857684239,2.538366857684239,2.536472022652072,2.77012298333368
350.0,28.973,55.21,2.725,3.147,1245.573,4.950102579965947,4.9506927900748,4.9506927900748,4.950102579965947,16.691907352669663,16.694246493260792,16.694246493260792,16.691907352669663,2.0703239287419057,2.06525155953758,2.06525155953758,2.0703239287419057,2.5366098906228745,2.5395914147378105,2.5395914147378105,2.5366098906228745,5.963458553306078
350.0,29.109,21.221,5.382,3.08,3066.836,4.88197433507866,4.8825262501833455,4.8825262501833455,4.88197433507866,16.39242321610128,16.394532438968632,16.394532438968632,16.39242321610128,1.9909338388746016,1.979736002786872,1.979736002786872,1.9909338388746016,2.494950652438299,2.5014853699385484,2.5014853699385484,2.494950652438299,2.4227826018593275
350.0,29.45,31.138,4.336,5.244,1600.432,4.920729822679024,4.921295100423098,4.921295100423098,4.920729822678974,16.557177682775322,16.55955878504147,16.55955878504147,16.557177682756272,2.0340846473269303,2.025922035413541,2.025922035413541,2.0340846473269303,2.517452888817,2.5222330048609027,2.5222330048609027,2.517452888817,4.639422463207109
350.0,29.537,37.594,6.136,3.16,4318.544,4.888567343991862,4.889126782507432,4.889126782507432,4.888567343991862,16.43373776143861,16.435771150215658,16.435771150215658,16.43373776143861,2.0028658954798364,1.996206363937212,1.996206363937212,2.0028658954798364,2.503248260726937,2.507144773873687,2.507144773873687,2.503248260726937,1.721575482102103
350.0,29.672,72.798,4.407,6.454,1310.625,4.9671166806681,4.967690971203846,4.967690971203846,4.9671166806681,16.777296071381528,16.779587664169565,16.779587664169565,16.777296071381528,2.09544277684802,2.0913477969023915,2.0913477969023915,2.09544277684802,2.5497922203792127,2.5522057320275824,2.5522057320275824,2.5497922203792127,5.668843955394609
350.0,29.995,20.925,4.026,3.747,2143.774,4.904265547623217,4.904816044515665,4.904816044515665,4.904265547623217,16.4858346772849,16.488021631845896,16.488021631845896,16.4858346772849,2.016500071477464,2.0048641463572205,2.0048641463572205,2.016500071477464,2.5073084208556207,2.514105440417423,2.514105440417423,2.5073084208556207,3.4632033968160574
350.0,30.03,41.75,3.313,4.549,4125.562,4.897627032865561,4.898193868349899,4.898193868349899,4.89762703286559,16.475722076995424,16.477620269490714,16.477620269490714,16.475722076102866,2.014860564344312,2.008725182263168,2.008725182263168,2.014860564344312,2.509484318263025,2.513075267506419,2.513075267506419,2.509484318263025,1.8018791191652563
350.0,30.08,63.897,4.752,2.665,4279.364,4.91281109865664,4.913374002577605,4.913374002577605,4.91281109865664,16.554666922388833,16.55651598070324,16.55651598070324,16.554666922388833,2.0380416996966333,2.033727945111739,2.033727945111739,2.0380416996966333,2.5217191305222006,2.524250820203206,2.524250820203206,2.5217191305222006,1.738276556153015
350.0,30.111,60.433,4.732,5.594,4544.706,4.9093732440634605,4.909933611112403,4.909933611112403,4.9093732440634605,16.538228622019062,16.540106284891344,16.540106284891344,16.538228622019062,2.0333886480520875,2.0288844088533637,2.0288844088533637,2.0333886480520875,2.5193672592013514,2.5220101115260785,2.5220101115260785,2.5193672592013514,1.6366635988031684
350.0,30.453,69.731,5.1,3.7,1076.766,4.990699467654148,4.991280330143023,4.991280330143023,4.9906994676541645,16.872534111166797,16.874852580812504,16.874852580812504,16.87253411159247,2.120165179416373,2.115804643194834,2.115804643194834,2.120165179416373,2.562218725510734,2.564789063406982,2.564789063406982,2.562218725510734,6.892828485800541
350.0,30.741,50.368,5.168,5.77,4496.275,4.909322270465353,4.909886479703603,4.909886479703603,4.909322270465353,16.532869654718723,16.53466784526158,16.53466784526158,16.532869654718723,2.031610811446272,2.0263328755467,2.0263328755467,2.031610811446272,2.5183187922821704,2.521411094777229,2.521411094777229,2.5183187922821704,1.6532946084089106
350.0,30.8,91.196,6.109,5.868,2934.38,4.951393598255728,4.951939544286157,4.951939544286157,4.951393598255728,16.734398488909154,16.736279777266905,16.736279777266905,16.734398488909154,2.0889395892338407,2.0855868686818084,2.0855868686818084,2.0889395892338407,2.5474539963401095,2.549429952759233,2.549429952759233,2.5474539963401095,2.53518027413347
350.0,31.114,72.142,5.885,5.135,2140.89,4.953387141921779,4.95394097138032,4.95394097138032,4.953387141921779,16.728393761111278,16.73040701153086,16.73040701153086,16.728393761111278,2.0850168404513414,2.080944466957204,2.080944466957204,2.0850168404513414,2.545234324948177,2.5476314205173907,2.5476314205173907,2.545234324948177,3.4710790254718766
350.0,31.183,71.686,6.234,2.776,2473.1,4.947541123671197,4.948100962850558,4.948100962850558,4.947541123671197,16.704983198402363,16.706853370302905,16.706853370302905,16.704983198402363,2.0791105272525128,2.075037356859766,2.075037356859766,2.0791105272525128,2.5423528321157574,2.5447477947242123,2.5447477947242123,2.5423528321157574,3.0052767406038843
350.0,31.202,55.715,3.793,2.854,1834.068,4.949972024582777,4.950535659220681,4.950535659220681,4.949972024582777,16.701923681087905,16.70398972274643,16.70398972274643,16.701923681087905,2.07615230339336,2.071099692324527,2.071099692324527,2.07615230339336,2.5403591347348966,2.5433275797802994,2.5433275797802994,2.5403591347348966,4.048779359549839
350.0,31.264,95.827,5.474,6.296,2233.733,4.971179275557476,4.971722328760567,4.971722328760567,4.971179275557476,16.819190577411646,16.821117616845324,16.821117616845324,16.819190577411646,2.1117549031610734,2.1084637787592717,2.1084637787592717,2.1117549031610734,2.558968308531359,2.5609104116773564,2.5609104116773564,2.558968308531359,3.3287694098284293
350.0,31.344,22.999,3.737,2.547,1113.853,4.962421566842848,4.962987714484837,4.962987714484837,4.962421566842848,16.726551966629895,16.728937490089223,16.728937490089223,16.726551966629895,2.080108430844982,2.0687607377024424,2.0687607377024424,2.080108430844982,2.5389442693674646,2.5455869626239207,2.5455869626239207,2.5389442693674646,6.6528661431566105
350.0,31.618,51.398,4.128,4.506,3121.439,4.929215448862199,4.929778315831632,4.929778315831632,4.929215448862199,16.617371478834066,16.61917019534376,16.61917019534376,16.617371478834066,2.0546647868970065,2.049356915559668,2.049356915559668,2.0546647868970065,2.5298553604188467,2.532967384286378,2.532967384286378,2.5298553604188467,2.37984410907107
350.0,31.762,66.337,3.654,3.743,3495.584,4.9383347882300015,4.938889045499653,4.938889045499653,4.9383347882300015,16.666516674652676,16.668283892521192,16.668283892521192,16.666516674652676,2.0694023794313945,2.0650943030172675,2.0650943030172675,2.0694023794313945,2.5376803714022884,2.540210594510635,2.540210594510635,2.5376803714022884,2.126079602530408
350.0,31.83,97.342,6.469,6.093,2331.977,4.977106552275016,4.977652383016595,4.977652383016595,4.977106552275016,16.84658011746859,16.84836572195869,16.84836572195869,16.84658011746859,2.1196939257674883,2.1164179820026634,2.1164179820026634,2.1196939257674883,2.563154792415236,2.565086481449372,2.565086481449372,2.563154792415236,3.187872041860848
350.0,31.878,91.685,4.097,4.651,3773.486,4.9565399777352335,4.957085366108395,4.957085366108395,4.9565399777352335,16.76021745702502,16.76187573767847,16.76187573767847,16.76021745702502,2.097099464393927,2.0937352659112687,2.0937352659112687,2.097099464393927,2.5519073238644228,2.55388758134876,2.55388758134876,2.5519073238644228,1.9708363965533024
350.0,32.203,86.788,5.803,3.988,4010.586,4.954990638545802,4.955535139046897,4.955535139046897,4.954990638545802,16.75153461299682,16.75317996883612,16.75317996883612,16.75153461299682,2.0946228693939126,2.0911102526790697,2.0911102526790697,2.0946228693939126,2.550726924599362,2.5527935503586243,2.5527935503586243,2.550726924599362,1.853869851791489
350.0,32.285,85.104,2.593,3.187,578.47,5.112487519405688,5.113106103700054,5.113106103700054,5.112487519405688,17.377700878788453,17.380245758801607,17.380245758801607,17.377700878788453,2.2500972607595955,2.24585790485139,2.24585790485139,2.2500972607595955,2.6290927599163494,2.6316020243948888,2.6316020243948888,2.6290927599163494,12.78140998631638
350.0,33.22,86.529,2.62,3.343,4190.677,4.965581898957212,4.966129945652535,4.966129945652535,4.965581898957212,16.79813667332618,16.799594930677323,16.799594930677323,16.79813667332618,2.107813857619515,2.104243317245588,2.104243317245588,2.107813857619515,2.557638897577874,2.5597374830225927,2.5597374830225927,2.557638897577874,1.7732903087787255
350.0,33.334,47.783,3.802,6.11,373.427,5.201598827550712,5.202311060253578,5.202311060253578,5.201598827550712,17.708464881453814,17.711462350030672,17.711462350030672,17.708464881453814,2.326165105214632,2.3185415819732578,2.3185415819732578,2.326165105214632,2.667642160222764,2.672140278387305,2.672140278387305,2.667642160222764,19.693203761857784
350.0,33.663,71.368,2.694,5.914,1586.966,4.99946035273315,5.000016948773984,5.000016948773984,4.99946035273315,16.922838038006216,16.92465226439545,16.92465226439545,16.922838038006216,2.1375575702906766,2.133215804523669,2.133215804523669,2.1375575702906766,2.5722291530693364,2.5747844442125065,2.5747844442125065,2.5722291530693364,4.673543630229881
350.0,33.95,21.148,3.724,5.314,3497.326,4.929724069492179,4.930278370459712,4.930278370459712,4.929724069492179,16.606387967118792,16.607892546077448,16.607892546077448,16.606387967118792,2.0533340481774878,2.041335383672372,2.041335383672372,2.0533340481774878,2.5265015605601606,2.533508465528746,2.533508465528746,2.5265015605601606,2.120041058892108
350.0,33.983,24.033,4.348,3.212,2307.031,4.946793527689321,4.947346711082533,4.947346711082533,4.946793527689321,16.67683125671927,16.678544524625085,16.678544524625085,16.67683125671927,2.0712258627459152,2.060401743498699,2.060401743498699,2.0712258627459152,2.5359044780695483,2.5422329068703964,2.5422329068703964,2.5359044780695483,3.212589716377851
350.0,34.089,25.076,4.693,6.071,2325.099,4.948430145949475,4.948984503833889,4.948984503833889,4.948430145949475,16.68467052934028,16.68636419186023,16.68636419186023,16.68467052934028,2.0733475470696425,2.0629218466179147,2.0629218466179147,2.0733475470696425,2.5372037340095623,2.5433000158596086,2.5433000158596086,2.5372037340095623,3.1875782115969447
350.0,34.105,24.947,4.85,3.608,1718.056,4.963725372570603,4.96428132701748,4.96428132701748,4.963725372570603,16.74565869958563,16.747496916835864,16.747496916835864,16.74565869958563,2.08889031507608,2.0782499849599474,2.0782499849599474,2.08889031507608,2.5447506432342206,2.550976136116655,2.550976136116655,2.5447506432342206,4.311697806178369
350.0,34.182,42.655,3.57,2.555,2679.394,4.9569484737389455,4.9575006070292895,4.9575006070292895,4.9569484737389455,16.732849580133305,16.73452447462191,16.73452447462191,16.732849580133305,2.0867522794227646,2.0802678946938284,2.0802678946938284,2.0867522794227646,2.5459784590527645,2.549778520261864,2.549778520261864,2.5459784590527645,2.7677572271289788
350.0,34.363,29.7,3.622,2.867,3344.905,4.94189197112002,4.942447315351284,4.942447315351284,4.94189197112002,16.663415636866183,16.66495431839373,16.66495431839373,16.663415636866183,2.0683830903924942,2.0595174600690624,2.0595174600690624,2.0683830903924942,2.535715097959568,2.540899427442308,2.540899427442308,2.535715097959568,2.216631696560021
350.0,34.901,35.859,3.764,3.104,4709.956,4.943916992210792,4.944469116842964,4.944469116842964,4.943916992210792,16.678772480982214,16.680199891905904,16.680199891905904,16.678772480982214,2.0734391916714365,2.065944310009416,2.065944310009416,2.0734391916714365,2.5391544303463145,2.5435391249949197,2.5435391249949197,2.5391544303463145,1.574468514809363
350.0,35.22,94.616,3.306,2.995,584.981,5.160087332794821,5.1606723302151964,5.1606723302151964,5.160087332794821,17.587236432100894,17.58963271838103,17.58963271838103,17.587236432100894,2.305593522107731,2.301495975399711,2.301495975399711,2.305593522107731,2.659532394989728,2.6619621013109973,2.6619621013109973,2.659532394989728,12.615537079582644
350.0,35.399,20.712,4.398,4.74,4595.324,4.9388270588850425,4.939376778781951,4.939376778781951,4.9388270588850425,16.64909758195946,16.650406319722993,16.650406319722993,16.64909758195946,2.0664087018914303,2.0539925554544207,2.0539925554544207,2.0664087018914303,2.533247029740577,2.5404972979002687,2.5404972979002687,2.533247029740577,1.6126459044878283
350.0,35.415,63.95,2.703,4.292,1374.506,5.025261863255902,5.025816652711878,5.025816652711878,5.025261863255902,17.02703327253883,17.028783179162975,17.028783179162975,17.02703327253883,2.165007184836558,2.160091588454519,2.160091588454519,2.165007184836558,2.586465511002689,2.5893572776906675,2.5893572776906675,2.586465511002689,5.387717721644734
350.0,35.526,62.628,3.512,5.706,3327.778,4.9806576920743275,4.981210367761599,4.981210367761567,4.9806576920743275,16.849255123235423,16.85057424164934,16.850574241632515,16.849255123235423,2.1204954279636183,2.1157168993522766,2.1157168993522766,2.1204954279636183,2.5642131398719066,2.5670159142337288,2.5670159142337288,2.5642131398719066,2.2285369093767526
350.0,35.803,55.576,4.246,2.983,4462.129,4.970557572401149,4.971109502782496,4.971109502782496,4.970557572401149,16.804674094952077,16.805928982852727,16.805928982852727,16.804674094952077,2.1087348424656294,2.103491092822639,2.103491092822639,2.1087348424656294,2.55820766253091,2.5612803035171154,2.5612803035171154,2.55820766253091,1.6619043943007397
350.0,36.042,86.243,2.845,3.024,1199.667,5.063744482735752,5.064295573003082,5.064295573003082,5.063744482735752,17.199919160200245,17.201577802859873,17.201577802859873,17.199919160200245,2.211852859343555,2.207861687749705,2.207861687749705,2.211852859343555,2.611125011244654,2.613478443248108,2.613478443248108,2.611125011244654,6.170624921641215
350.0,36.079,57.817,2.862,4.912,3956.783,4.978535078118557,4.979082966389641,4.979082966389641,4.978535078118557,16.839418651632144,16.840698763074194,16.840698763074194,16.839418651632144,2.118162814564112,2.1130504161387367,2.1130504161387367,2.118162814564112,2.5630901682326743,2.566087437976974,2.566087437976974,2.5630901682326743,1.8737923534020249
350.0,36.09,70.674,6.45,3.854,3785.803,4.990069176817225,4.990610938030128,4.990610938030128,4.990069176817225,16.895572025291123,16.896848678441735,16.896848678441735,16.895572025291123,2.134038298485928,2.129680004140972,2.129680004140972,2.134038298485928,2.5714543975443327,2.574012703432215,2.574012703432215,2.5714543975443327,1.9589134386679727
350.0,36.196,16.533,5.394,6.46,721.65,5.066022109147899,5.066584407478729,5.066584407478729,5.066022109147899,17.155435298859075,17.15776511527172,17.15776511527172,17.155435298859075,2.1959895183151215,2.178534095597973,2.178534095597973,2.1959895183151215,2.595696666722767,2.6059233719668287,2.6059233719668287,2.595696666722767,10.222024498610416
350.0,36.251,57.788,5.708,4.646,1693.085,5.016026501703244,5.016575533022316,5.016575533022316,5.016026501703244,16.989051175420467,16.99064500430641,16.99064500430641,16.989051175420467,2.1558918444440995,2.1505711549817974,2.1505711549817974,2.1558918444440995,2.581983748422204,2.585109705114016,2.585109705114016,2.581983748422204,4.373422597434169
350.0,36.263,61.72,2.743,4.935,3904.018,4.984181368272066,4.984733541337524,4.984733541337524,4.984181368272066,16.86581560592756,16.867001895743762,16.867001895743762,16.86581560592756,2.125573519988424,2.120706285209371,2.120706285209371,2.125573519988424,2.56700370595544,2.569856922976228,2.569856922976228,2.56700370595544,1.899075228157584
350.0,36.302,89.296,4.496,5.79,2868.358,5.016863635489237,5.017402813736808,5.017402813736808,5.016863635489237,17.017736836538937,17.018963026235173,17.018963026235173,17.017736836538937,2.167565330524439,2.163871854968355,2.163871854968355,2.167565330524439,2.5888118696899234,2.590983242059336,2.590983242059336,2.5888118696899234,2.585390710708336
350.0,36.333,74.578,5.441,3.893,528.06,5.178530311643639,5.1791310191356885,5.1791310191356885,5.178530311643639,17.64903394979196,17.651502036162224,17.651502036162224,17.64903394979196,2.318921959452916,2.3138229682510785,2.3138229682510785,2.318921959452916,2.666560091474009,2.6695776715080783,2.6695776715080783,2.666560091474009,13.949291703698524
350.0,36.41,24.543,3.838,3.68,338.397,5.257613333871644,5.25832491627918,5.25832491627918,5.257613333871644,17.92574170726613,17.928894283691047,17.928894283691047,17.92574170726613,2.380556885716383,2.365853854861101,2.365853854861101,2.380556885716383,2.6943233214236786,2.7029769494800235,2.7029769494800235,2.6943233214236786,21.646930585548155
350.0,37.248,37.664,3.736,3.811,1050.737,5.050484097808264,5.051040938251548,5.051040938251548,5.050484097808264,17.114064431685936,17.115930306608774,17.115930306608774,17.114064431685936,2.1862350631757588,2.1781614732306824,2.1781614732306824,2.1862350631757588,2.5962881619847877,2.6010283903725737,2.6010283903725737,2.5962881619847877,7.030487548310416
350.0,37.39,27.162,4.781,2.65,1914.45,4.99800277280423,4.998554303299184,4.998554303299196,4.99800277280423,16.89839494306666,16.899826615223528,16.899826615429085,16.89839494306666,2.132137028626893,2.121828197608956,2.121828197608956,2.132137028626893,2.5677811060163207,2.573814440164512,2.573814440164512,2.5677811060163207,3.863531111861602
350.0,37.43,77.262,4.862,5.96,2480.28,5.026933986869513,5.027477036843124,5.027477036843287,5.026933986869524,17.052839066518516,17.054012951674785,17.05401295200066,17.052839066518484,2.176076863080973,2.171857092938279,2.171857092938279,2.176076863080973,2.5933132794155798,2.5957919500101423,2.5957919500101423,2.5933132794155798,2.986551101519303
350.0,37.578,25.902,2.596,2.988,1554.155,5.0119602667215135,5.012514885499745,5.012514885499745,5.0119602667215135,16.953675217515066,16.95517451433977,16.95517451433977,16.953675217515066,2.146288148261707,2.135354388156248,2.135354388156248,2.146288148261707,2.5746288346414983,2.581029558783884,2.581029558783884,2.5746288346414983,4.756519400485641
350.0,37.62,66.417,6.466,4.426,557.318,5.177496440091261,5.178080832094197,5.178080832094197,5.177496440091261,17.64333213206454,17.645727456950627,17.645727456950627,17.64333213206454,2.3181290572544047,2.312502505292372,2.312502505292372,2.3181290572544047,2.6664431264512167,2.669769494979452,2.669769494979452,2.6664431264512167,13.209430606618508
350.0,37.654,91.073,4.493,6.107,2459.986,5.041970213335214,5.042507061028792,5.042507061028792,5.041970213335214,17.124301232783576,17.125410810128468,17.125410810129253,17.124301232783576,2.1961173455832173,2.19237534128955,2.19237534128955,2.1961173455832173,2.603891240106214,2.6060911718171766,2.6060911718171766,2.603891240106214,3.011509340119248
350.0,37.869,44.727,4.067,6.461,4878.891,4.984710404158972,4.985257134788832,4.985257134788832,4.984710404158972,16.861473306432618,16.862550051799822,16.862550051799822,16.861473306432618,2.1246759882508934,2.1181956080030773,2.1181956080030773,2.1246759882508934,2.5663270923534656,2.5701208476716326,2.5701208476716326,2.5663270923534656,1.5179216617021147
350.0,37.882,65.168,4.587,4.719,780.525,5.120028606444696,5.120585446060423,5.120585446060423,5.120028606444696,17.414621820371867,17.41665469171779,17.41665469171779,17.414621820371867,2.2635595001608286,2.258181210881787,2.258181210881787,2.2635595001608286,2.6379512164416763,2.6411243867111627,2.6411243867111627,2.6379512164416763,9.45196529467352
350.0,38.031,27.819,5.104,6.182,2195.567,4.999314992711752,4.999864991522209,4.999864991522209,4.999314992711752,16.906936391614952,16.908236409475677,16.908236409475677,16.906936391614952,2.1351853943533925,2.12506333765229,2.12506333765229,2.1351853943533925,2.5696771779134906,2.5756002813418775,2.5756002813418775,2.5696771779134906,3.368477357912691
350.0,38.047,31.21,5.425,5.595,689.124,5.110483724466141,5.111054787202881,5.111054787202881,5.110483724466141,17.350356446624897,17.35259535609666,17.35259535609666,17.350356446624897,2.2450942307870854,2.2348831412997585,2.2348831412997585,2.2450942307870854,2.625748564822016,2.631748881933606,2.631748881933606,2.625748564822016,10.691691716114867
350.0,38.21,40.656,5.903,2.671,1969.534,5.0174726158139,5.018024013402437,5.018024013402437,5.0174726158139,16.98970980312967,16.991015826006006,16.991015826006006,16.98970980312967,2.1568636729184947,2.1495534865485975,2.1495534865485975,2.1568636729184947,2.5822031533212706,2.5864872824982927,2.5864872824982927,2.5822031533212706,3.7550239750666425
350.0,38.224,93.626,5.317,2.677,4717.178,5.030239999263427,5.03076788816294,5.03076788816294,5.030239999263427,17.082346733508412,17.083268989419565,17.083268989419565,17.082346733508412,2.186908010306486,2.1832922364122096,2.1832922364122096,2.186908010306486,2.5995015139183044,2.601624949858808,2.601624949858808,2.5995015139183044,1.5711939379444064
350.0,38.511,12.469,6.016,5.602,1767.961,5.0042805925930205,5.00481464869624,5.00481464869624,5.0042805925930205,16.917714500594716,16.918948489115873,16.918948489115873,16.917714500594716,2.141506528902916,2.119755509610997,2.119755509610997,2.141506528902916,2.566757332375941,2.57946582900218,2.57946582900218,2.566757332375941,4.178969428406792
350.0,38.686,77.292,3.678,3.325,2859.336,5.0372620311636656,5.037800839635056,5.037800839635056,5.0372620311636656,17.099118699263446,17.100116527180656,17.100116527180656,17.099118699263446,2.1892642308919927,2.1849868985668786,2.1849868985668786,2.1892642308919927,2.600535969080647,2.6030469382426227,2.6030469382426227,2.600535969080647,2.5891599842501134
350.0,38.915,59.777,6.088,5.062,3421.331,5.0191314614140525,5.019672220981651,5.019672220981651,5.0191314614140525,17.01442228880312,17.015433978775487,17.015433978775487,17.01442228880312,2.166164083490844,2.1609379665340778,2.1609379665340778,2.166164083490844,2.588353513800307,2.5914175974130367,2.5914175974130367,2.588353513800307,2.1633011254867567
350.0,38.942,40.625,4.819,5.283,1399.338,5.048988670288678,5.049541746243284,5.049541746243284,5.048988670288678,17.117557030376382,17.11896921093095,17.11896921093095,17.117557030376382,2.1896609478948528,2.1820831005211896,2.1820831005211896,2.1896609478948528,2.599031581556534,2.603476693421052,2.603476693421052,2.599031581556534,5.278661590965393
350.0,39.158,41.26,3.576,6.127,4326.591,5.000367754472061,5.0009141930907886,5.0009141930907886,5.000367754472061,16.926555833871227,16.927508604335426,16.927508604335426,16.926555833871227,2.142451478450118,2.1353407546652714,2.1353407546652714,2.142451478450118,2.5754395611698078,2.579601346226771,2.579601346226771,2.5754395611698078,1.7101439029853167
350.0,39.163,34.429,6.041,2.956,2951.45,5.006243485074217,5.006799185326766,5.006799185326766,5.006243485074217,16.944511040789475,16.945484858192838,16.945484858192838,16.944511040789475,2.1464227089921435,2.137995629627776,2.137995629627776,2.1464227089921435,2.5767226013770967,2.5816531823780786,2.5816531823780786,2.5767226013770967,2.50558194905635
350.0,39.166,19.904,5.09,6.333,4778.171,4.9810491479197685,4.981590296362017,4.981590296362017,4.9810491479197685,16.83351904884823,16.834458800156046,16.834458800156046,16.83351904884823,2.118742421648192,2.105103589866012,2.105103589866012,2.118742421648192,2.560009499375984,2.567977486980453,2.567977486980453,2.560009499375984,1.5478755854947228
350.0,39.669,27.969,3.075,5.002,1102.7,5.068553860936159,5.06910746690824,5.06910746690824,5.068553860936159,17.188144665613127,17.18969342151352,17.18969342151352,17.188144665613127,2.207509341284168,2.1966357116402317,2.1966357116402317,2.207509341284168,2.606682353664917,2.613057099734072,2.613057099734072,2.606682353664917,6.68907025577624
350.0,39.686,99.717,4.645,5.487,4100.253,5.058343910703729,5.058865910376509,5.058865910376509,5.058343910703729,17.204296595182477,17.20507061738838,17.20507061738838,17.204296595182477,2.219893643192619,2.216346645663219,2.216346645663219,2.219893643192619,2.617086296820801,2.619169554948687,2.619169554948687,2.617086296820801,1.8058596291637756
350.0,39.891,60.715,6.374,4.687,3779.716,5.029342247510404,5.029884173700659,5.029884173700659,5.029342247510408,17.059753063072524,17.060588413638257,17.060588413638257,17.059753063239505,2.1788867687402678,2.17365759059901,2.17365759059901,2.1788867687402678,2.5952326975557645,2.5982970568572377,2.5982970568572377,2.5952326975557645,1.957261815060592
350.0,39.96,91.335,4.441,4.591,4484.059,5.052217221405157,5.052746785469423,5.052746785469423,5.052217221405157,17.174642111421985,17.175340954777536,17.175340954777536,17.174642111421985,2.2117067969376434,2.20791380929138,2.20791380929138,2.2117067969376434,2.6128543796009107,2.61507976208639,2.61507976208639,2.6128543796009107,1.6509130216693868
350.0,39.97,92.581,4.592,5.261,1887.668,5.088135490089622,5.088665457741156,5.088665457741156,5.088135490089622,17.31811596906577,17.319124531918686,17.319124531918686,17.31811596906577,2.24684028099418,2.2429480143683764,2.2429480143683764,2.24684028099418,2.6309758768984968,2.6332653248494,2.6332653248494,2.6309758768984968,3.9166909295876864
350.0,40.039,97.606,4.161,3.064,4406.116,5.059283573328563,5.059807802315716,5.059807802315716,5.059283573328563,17.20781851143104,17.20851999048266,17.20851999048266,17.20781851143104,2.220907514176164,2.217290252328336,2.217290252328336,2.220907514176164,2.6177251957625343,2.6198485183524145,2.6198485183524145,2.6177251957625343,1.680171436682136
350.0,40.166,89.836,6.323,2.897,4725.687,5.052354887384339,5.052884901862358,5.052884901862358,5.052354887384339,17.17485931862164,17.175524401243408,17.175524401243408,17.17485931862164,2.21181387544145,2.207966039849953,2.207966039849953,2.21181387544145,2.6129688659189414,2.615225809451585,2.615225809451585,2.6129688659189414,1.5663250041587993
350.0,40.169,29.794,6.386,4.903,2779.035,5.0171730718495855,5.017715032550608,5.017715032550608,5.0171730718495855,16.988517356223007,16.989544096957786,16.989544096957786,16.988517356223007,2.158630614600205,2.1488765165105383,2.1488765165105383,2.158630614600205,2.5825874488153686,2.588295582663757,2.588295582663757,2.5825874488153686,2.659000369426876
350.0,40.499,27.058,5.162,4.434,4300.817,5.005469752111576,5.006018138838615,5.006018138838615,5.005469752111576,16.941590171591773,16.942367823858227,16.942367823858227,16.941590171591773,2.1473291274618904,2.136778082800887,2.136778082800887,2.1473291274618904,2.576583430276692,2.5827517266825395,2.5827517266825395,2.576583430276692,1.7185185103371734
350.0,40.535,38.584,3.457,5.797,1341.961,5.071405247267515,5.071953447780025,5.071953447780025,5.071405247267515,17.211126471749644,17.21242656128812,17.21242656128812,17.211126471749644,2.2147792522903647,2.206612335783903,2.206612335783903,2.2147792522903647,2.612282660711064,2.617073349631816,2.617073349631816,2.612282660711064,5.4979448465606975
350.0,40.593,20.137,6.02,2.969,2818.6,5.013920108739501,5.014463526043418,5.014463526043418,5.013920108739501,16.970258886274742,16.97115820687197,16.97115820687197,16.970258886274742,2.155086917251171,2.141072968634538,2.141072968634538,2.155086917251171,2.578658131571267,2.586850663462565,2.586850663462565,2.578658131571267,2.6205386507862465
350.0,40.661,37.809,4.231,5.356,3120.923,5.0258394985427195,5.026385769010333,5.026385769010333,5.0258394985427195,17.031176083925615,17.03203886515774,17.03203886515774,17.031176083925615,2.1703484739654875,2.1624081349101174,2.1624081349101174,2.1703484739654875,2.5897293209896124,2.594377174498458,2.594377174498458,2.5897293209896124,2.3677509474611718
350.0,41.015,11.431,3.393,5.721,2881.56,5.011118657298225,5.011647328459273,5.011647328459273,5.011118657298225,16.955090289772773,16.955810565378737,16.955810565378737,16.955090289772773,2.1552212926948484,2.131177057506187,2.131177057506187,2.1552212926948484,2.5734666030640816,2.587510465140457,2.587510465140457,2.5734666030640816,2.562244036463828
350.0,41.07,23.535,3.136,6.324,1406.105,5.06146947999448,5.062021479892785,5.062021479892785,5.06146947999448,17.162697887323386,17.163856296299915,17.163856296299915,17.162697887323386,2.2032842550830227,2.19055604891824,2.19055604891824,2.2032842550830227,2.604106714107473,2.611559258524055,2.611559258524055,2.604106714107473,5.244707651513199
350.0,41.097,61.233,2.597,3.564,2313.419,5.064053678405124,5.064594640666991,5.064594640666991,5.064053678405124,17.202235099168107,17.203085394882276,17.203085394882276,17.202235099168107,2.215772826518477,2.2103707066436167,2.2103707066436167,2.215772826518477,2.614559598480696,2.6177280625267643,2.6177280625267643,2.614559598480696,3.1932872172641025
350.0,41.115,80.208,5.596,2.95,4060.073,5.060358267680618,5.060884672230148,5.060884672230148,5.060358267680618,17.202710626555692,17.20340035760451,17.20340035760451,17.202710626555692,2.218526113747437,2.214254194713149,2.214254194713149,2.218526113747437,2.616608205592298,2.6191141760175007,2.6191141760175007,2.616608205592298,1.821438348593435
350.0,41.158,40.818,5.242,2.583,816.292,5.13661183279996,5.137166996836264,5.137166996836264,5.13661183279996,17.474543125582436,17.476241102156553,17.476241102156553,17.474543125582436,2.2795686440627487,2.2712431827295987,2.2712431827295987,2.2795686440627487,2.646194951923236,2.6510898373991454,2.6510898373991454,2.646194951923236,9.016509819112116
350.0,41.575,81.958,6.302,6.231,3742.471,5.07050452770724,5.0710346040384096,5.0710346040384096,5.07050452770724,17.24620674183834,17.246823013929525,17.246823013929525,17.24620674183834,2.2300030860621645,2.225755443312852,2.225755443312852,2.2300030860621645,2.6227550896841505,2.6252460972525875,2.6252460972525875,2.6227550896841505,1.975288231755416
350.0,41.774,21.936,5.579,5.159,4136.03,5.018123380584528,5.01866247400392,5.01866247400392,5.018123380584528,16.99330092704886,16.994010652076614,16.994010652076614,16.99330092704886,2.1622799241295336,2.1492321489556847,2.1492321489556847,2.1622799241295336,2.583322356200616,2.590949858134005,2.590949858134005,2.583322356200616,1.7853952810813185
350.0,41.885,91.689,3.097,4.887,4508.308,5.078463340078597,5.078983732247432,5.078983732247432,5.078463340078597,17.287021713990526,17.28758096250367,17.28758096250367,17.287021713990526,2.2416921696661483,2.2377914255183065,2.2377914255183065,2.2416921696661483,2.6291461223844608,2.6314344283372098,2.6314344283372098,2.6291461223844608,1.6399352131792504
350.0,41.917,74.57,4.507,6.458,4964.294,5.061057218504896,5.061582703119852,5.061582703119852,5.061057218504896,17.204350200316014,17.20494313006887,17.20494313006887,17.204350200316014,2.2192013239419306,2.2146450574931342,2.2146450574931342,2.2192013239419306,2.6171526974765884,2.619823752122872,2.619823752122872,2.6171526974765884,1.4890267322707038
350.0,41.983,11.572,4.132,2.668,3061.494,5.021141611995952,5.021662815001945,5.021662815001945,5.021141611995952,16.9990071927729,16.999699439478054,16.999699439478054,16.9990071927729,2.1674972295181494,2.143439603213385,2.143439603213385,2.1674972295181494,2.580077389014163,2.5941325700975497,2.5941325700975497,2.580077389014163,2.4104677109662487
350.0,41.998,97.909,6.172,3.792,4355.597,5.086686834143039,5.087205925307144,5.087205925307144,5.086686834143039,17.32515046881977,17.32566862354863,17.32566862354863,17.32515046881977,2.2519674698108494,2.24823903470436,2.24823903470436,2.2519674698108494,2.634637739488205,2.636825259279146,2.636825259279146,2.634637739488205,1.6973799255323776
350.0,42.009,30.389,5.189,4.083,2923.59,5.03913272283638,5.039676251768932,5.039676251768932,5.03913272283638,17.083688092948652,17.084448501925042,17.084448501925042,17.083688092948652,2.1848571801893355,2.174990126569098,2.174990126569098,2.1848571801893355,2.5966435321806065,2.602417285597124,2.602417285597124,2.5966435321806065,2.524913832626162
350.0,42.433,52.587,6.46,2.873,4807.236,5.0491834589069,5.049715094334673,5.049715094334673,5.0491834589069,17.142384147278648,17.143000138285814,17.143000138285814,17.142384147278648,2.201779883175841,2.1956829432386824,2.1956829432386824,2.201779883175841,2.6075602253992414,2.611131084027277,2.611131084027277,2.6075602253992414,1.5365676603797536
350.0,42.442,28.806,2.581,6.381,1404.099,5.08450179849304,5.085049975112361,5.085049975112361,5.08450179849304,17.263260265298054,17.264327387100415,17.264327387100415,17.263260265298054,2.229713497568539,2.2188435192979004,2.2188435192979004,2.229713497568539,2.619351371188745,2.625720435477647,2.625720435477647,2.619351371188745,5.247956669573224
350.0,42.505,72.711,4.729,4.669,1004.093,5.160052878481704,5.160597144180545,5.160597144180545,5.160052878481704,17.598044491668777,17.599200008114188,17.599200008114188,17.598044491668777,2.3143199359281974,2.309144922724436,2.309144922724436,2.3143199359281974,2.6669229347663186,2.669969385008743,2.669969385008743,2.6669229347663186,7.332649291785644
350.0,42.553,92.484,2.964,3.907,4991.386,5.085991894598744,5.0865124612894235,5.0865124612894235,5.085991894598744,17.320379005628258,17.320824480246927,17.320824480246927,17.320379005628258,2.2507307838461497,2.2468196285989834,2.2468196285989834,2.2507307838461497,2.634142708963922,2.636436025421894,2.636436025421894,2.634142708963922,1.4806843626088102
350.0,42.73,35.833,6.032,6.359,4137.551,5.042187960949421,5.0427221368634045,5.0427221368634045,5.042187960949421,17.10297246236577,17.10363748905464,17.10363748905464,17.10297246236577,2.190863910131664,2.1823262197961157,2.1823262197961157,2.190863910131664,2.6007531152521146,2.6057500235342435,2.6057500235342435,2.6007531152521146,1.7841724702558963
350.0,42.868,66.028,3.531,5.289,839.656,5.1824123435546605,5.1829623408954415,5.182962340895436,5.1824123435546605,17.683041551827294,17.684365315519138,17.68436531535755,17.683041551827294,2.333953359880709,2.3281938711989287,2.3281938711989287,2.333953359880709,2.6772519414006366,2.68064423467406,2.68064423467406,2.6772519414006366,8.757487361659553
350.0,42.987,84.693,5.062,2.915,1189.552,5.16046136359824,5.160994395950447,5.160994395950447,5.16046136359824,17.611178726738558,17.612137481245476,17.612137481245476,17.611178726738558,2.319648304898019,2.315093654264487,2.315093654264487,2.319648304898019,2.6703184119756003,2.672999371952226,2.672999371952226,2.6703184119756003,6.192260362514976
350.0,43.088,15.995,5.517,4.058,4631.927,5.0269599724138585,5.027496795336005,5.027496795336005,5.0269599724138585,17.029615029535638,17.030079156225018,17.030079156225018,17.029615029535638,2.1743576198634846,2.156543978054108,2.156543978054108,2.1743576198634846,2.587422879295044,2.5978316033114544,2.5978316033114544,2.587422879295044,1.5929546596995057
350.0,43.164,30.311,3.405,3.879,1115.275,5.11684765422647,5.117398701475129,5.117398701475129,5.11684765422647,17.39599375216598,17.397140823938372,17.397140823938372,17.39599375216598,2.26278734853538,2.252035187662821,2.252035187662821,2.26278734853538,2.6369595650726367,2.64326496795242,2.64326496795242,2.6369595650726367,6.598723935176038
350.0,43.352,61.712,3.494,3.181,489.974,5.293355152990198,5.293921992475415,5.293921992475415,5.293355152990198,18.120538737099395,18.122706190894363,18.122706190894363,18.120538737099395,2.4357301699726164,2.428868160937229,2.428868160937229,2.4357301699726164,2.7322772563132207,2.7363354682669807,2.7363354682669807,2.7322772563132207,14.932835140707269
350.0,44.041,82.145,3.715,2.522,2933.003,5.113660068404724,5.11418465275754,5.11418465275754,5.113660068404724,17.428010873909237,17.428430896558112,17.428430896558112,17.428010873909237,2.2770087148499534,2.272545305181689,2.272545305181689,2.2770087148499534,2.648277710220211,2.6508954146827355,2.6508954146827355,2.648277710220211,2.5152726211575813
350.0,44.147,21.706,5.265,6.127,3214.8,5.056087483356657,5.056632731867506,5.056632731867506,5.056087483356657,17.152998627663205,17.15342517391473,17.15342517391473,17.152998627663205,2.205253166605872,2.1914378165258634,2.1914378165258634,2.205253166605872,2.6058632325242095,2.613941782162411,2.613941782162411,2.6058632325242095,2.293025359495447
350.0,44.274,36.704,4.451,5.671,3968.808,5.064510993495985,5.065042463969844,5.065042463969844,5.064510993495985,17.19801285143962,17.198521047992514,17.198521047992514,17.19801285143962,2.2164569970478087,2.207859796058375,2.207859796058375,2.2164569970478087,2.6145519638118184,2.619584373116046,2.619584373116046,2.6145519638118184,1.8581348456114193
350.0,44.287,38.069,4.696,2.61,2590.31,5.081075434143808,5.081608990255617,5.081608990255617,5.081075434143808,17.264660827216176,17.26529327698476,17.26529327698476,17.264660827216176,2.2328200771395457,2.2243583863212724,2.2243583863212724,2.2328200771395457,2.62310331441088,2.628059538318092,2.628059538318092,2.62310331441088,2.845436289411245
350.0,44.346,19.243,5.75,4.902,3962.905,5.050036104690951,5.050575568821987,5.050575568821987,5.050036104690951,17.128231771906616,17.128617244131704,17.128617244131704,17.128231771906616,2.1997687749122568,2.1843905053002635,2.1843905053002635,2.19976877491211,2.6022785489564964,2.6112689119182355,2.6112689119182355,2.602278549900685,1.860273915729173
350.0,44.351,57.213,4.541,5.351,975.188,5.175650122256799,5.1761866796963085,5.1761866796963085,5.175650122256799,17.654985070603672,17.656138748894765,17.656138748894765,17.654985070603672,2.32812066235167,2.321621336800479,2.321621336800479,2.32812066235167,2.674423858653914,2.678247341323419,2.678247341323419,2.674423858653914,7.537280023219098
350.0,44.664,65.605,5.86,3.247,1850.027,5.130278854740543,5.130803557850324,5.130803557850324,5.130278854740543,17.483119377113795,17.483780851252487,17.483780851252487,17.483119377113795,2.288751402502976,2.2832425991886067,2.2832425991886067,2.288751402502976,2.6541847179560767,2.6574187717326967,2.6574187717326967,2.6541847179560767,3.9815454600875952
350.0,44.667,15.854,3.786,4.622,3415.822,5.0557475117409085,5.056285965201778,5.056285965201778,5.0557475117409085,17.149658038633238,17.15000293467591,17.15000293467591,17.149658038633238,2.2064366384601266,2.1878573277546174,2.1878573277546174,2.2064366384601266,2.6040938455394884,2.614954714768276,2.614954714768276,2.6040938455394884,2.1573032227878115
350.0,44.833,35.809,4.36,3.191,738.553,5.201323962404446,5.201876921881273,5.201876921881273,5.201323962404446,17.741869202811554,17.743302872796388,17.743302872796388,17.741869202811554,2.3473686244422733,2.337231620608452,2.337231620608452,2.3473686244422733,2.6829681690724145,2.68892757358362,2.68892757358362,2.6829681690724145,9.931127256281238
350.0,45.077,58.244,2.784,3.518,385.042,5.3959749680405125,5.396569390680972,5.396569390680972,5.3959749680405125,18.525929128513667,18.52840645517909,18.52840645517909,18.525929128513667,2.5293602409319607,2.52129014256792,2.52129014256792,2.5293602409319607,2.7851326901256415,2.7899121319032583,2.7899121319032583,2.7851326901256415,18.902932926660807
350.0,45.131,25.33,6.335,4.565,1809.897,5.099984237769059,5.100525718823943,5.100525718823943,5.099984237769059,17.333365231972735,17.334003638100057,17.334003638100057,17.333365231972735,2.2503371954689144,2.2377833609368376,2.2377833609368376,2.2503371954689144,2.630345748878955,2.6376966462764067,2.6376966462764067,2.630345748878955,4.066418776412321
350.0,45.21,29.702,4.216,4.906,4752.395,5.066153520529106,5.0666861173398114,5.0666861173398114,5.066153520529106,17.202998055595273,17.2033562809172,17.2033562809172,17.202998055595273,2.2186658030218407,2.2081827646445014,2.2081827646445014,2.2186658030218407,2.6150714161831266,2.6212043237869005,2.6212043237869005,2.6150714161831266,1.550896508450306
350.0,45.219,76.069,3.661,5.472,4637.306,5.109971481089793,5.110490397199406,5.110490397199406,5.109971481089793,17.41338713228877,17.41364513637381,17.41364513637381,17.41338713228877,2.2741664517611917,2.2694068406684225,2.2694068406684225,2.2741664517611917,2.647159495194768,2.6499484296986524,2.6499484296986524,2.647159495194768,1.5902947381499917
350.0,45.78,27.728,4.819,5.751,646.943,5.23146713950871,5.232031125021111,5.232031125021111,5.23146713950871,17.85863981601693,17.8601093072655,17.8601093072655,17.85863981601693,2.3758748751537064,2.362658409234624,2.362658409234624,2.3758748751537064,2.6971201538564715,2.704887278841529,2.704887278841529,2.6971201538564715,11.317059443343236
350.0,45.819,65.409,5.965,5.516,1221.222,5.181031112544883,5.1815618735488345,5.1815618735488345,5.181031112544883,17.68866295821273,17.689401631535436,17.689401631535436,17.68866295821273,2.338795856409827,2.332949946562597,2.332949946562597,2.338795856409827,2.6811960594095963,2.6846319933812444,2.6846319933812444,2.6811960594095963,6.01811628766206
350.0,45.852,72.376,2.547,3.863,4436.901,5.116681897553446,5.117199925771094,5.117199925771094,5.116681897553446,17.43954871250113,17.43977305942342,17.43977305942342,17.43954871250113,2.2807395586633024,2.2757292701848524,2.2757292701848524,2.2807395586633024,2.650773231159252,2.653708933064486,2.653708933064486,2.650773231159252,1.6612154051856682
350.0,46.205,41.4,5.686,5.664,3414.034,5.100046984840927,5.100581983987072,5.100581983987072,5.100046984840927,17.350628512139778,17.350895450106204,17.350895450106204,17.350628512139778,2.256321516848552,2.248260146861827,2.248260146861827,2.256321516848552,2.6364329118967884,2.6411522483157643,2.6411522483157643,2.6364329118967884,2.156997114818639
350.0,46.237,97.907,3.028,2.849,3418.065,5.155978580758992,5.1564896795169215,5.1564896795169215,5.155978580758992,17.617048157592862,17.6171648558853,17.6171648558853,17.617048157592862,2.3269076786833045,2.3228589170574847,2.3228589170574847,2.3269076786833045,2.6759858850398817,2.678359791660048,2.678359791660048,2.6759858850398817,2.155444708095792
350.0,46.468,24.738,2.701,3.586,3470.817,5.087603086287311,5.08813379706597,5.08813379706597,5.087603086287308,17.28944940641515,17.289774527663997,17.289774527663997,17.2894494061801,2.24148138761214,2.2287441129738155,2.2287441129738155,2.24148138761214,2.62622964221456,2.6336827700646346,2.6336827700646346,2.62622964221456,2.120911904428517
350.0,46.627,79.056,5.848,3.681,3330.199,5.143675041582339,5.144190929263818,5.144190929263818,5.143675041582339,17.55472698001792,17.554900938432272,17.554900938432272,17.55472698001792,2.310039613233702,2.3052495320361093,2.3052495320361093,2.310039613233702,2.6667736292148927,2.669581527674066,2.669581527674066,2.6667736292148927,2.21130855737452
350.0,47.01,88.708,4.214,4.544,1232.425,5.223750358706323,5.224271047489573,5.224271047489573,5.223750358706323,17.880475569945048,17.88096891778968,17.88096891778968,17.880475569945048,2.3880475165427097,2.3833198600922456,2.3833198600922456,2.3880475165427097,2.7090307578511266,2.7118114192138503,2.7118114192138503,2.7090307578511266,5.957783514282074
350.0,47.116,90.903,4.251,5.694,1240.167,5.227235591077081,5.227750494501523,5.227750494501523,5.227235591077081,17.896351938112286,17.896870332676045,17.896870332676045,17.896351938112286,2.39214985108726,2.387502758631647,2.387502758631647,2.39214985108726,2.711365509453099,2.714099757288179,2.714099757288179,2.711365509453099,5.920169061318451
350.0,47.321,78.271,2.868,5.838,549.727,5.352532187681787,5.35307906086824,5.35307906086824,5.352532187681787,18.37857586586626,18.3799864566998,18.3799864566998,18.37857586586626,2.5009191622115687,2.4949038912236783,2.4949038912236783,2.5009191622115687,2.771253348695616,2.774809986978682,2.774809986978682,2.771253348695616,13.272621365808153
350.0,47.415,52.126,4.729,5.742,2529.959,5.139961958910099,5.140482449308563,5.140482449308563,5.139961958910099,17.521791215725298,17.52210092655916,17.52210092655916,17.521791215725298,2.299856652864373,2.2929905536828694,2.2929905536828694,2.299856652864373,2.66059460902337,2.664619499468011,2.664619499468011,2.66059460902337,2.907102931974056
350.0,47.665,68.919,3.531,5.26,4755.891,5.138088505091174,5.138600855872964,5.138600855872964,5.138088505091174,17.528697302997628,17.528766220609675,17.528766220609675,17.528697302997628,2.3038215426938486,2.2984491168733383,2.2984491168733383,2.3038215426938486,2.663635634629185,2.6667830015620586,2.6667830015620586,2.663635634629185,1.547731797910488
350.0,47.982,21.714,3.496,6.054,2037.727,5.129756464013204,5.1302897105720096,5.130289710572012,5.129756464013204,17.460277039075546,17.460597258330655,17.460597258330992,17.460277039075546,2.2849372916998503,2.2698669878841526,2.2698669878841526,2.2849372916998503,2.648421911440213,2.6572459774180675,2.6572459774180675,2.648421911440213,3.6052427779490888
350.0,47.989,51.957,5.802,3.821,1412.41,5.1867633357480685,5.1872957671530875,5.1872957671530875,5.1867633357480685,17.709195884318756,17.709624414302425,17.709624414302425,17.709195884318756,2.3447241158942225,2.337477930722775,2.337477930722775,2.3447241158942225,2.6846510457839234,2.688903519512211,2.688903519512211,2.6846510457839234,5.196915827784076
350.0,48.127,93.24,4.437,3.768,4895.254,5.1692978264332,5.169803575741038,5.169803575741038,5.1692978264332,17.673533786523585,17.673424370416498,17.673424370416498,17.673533786523585,2.3418008290307086,2.3375039543391,2.3375039543391,2.3418008290307086,2.684740612543436,2.6872577581666106,2.6872577581666106,2.684740612543436,1.5033414907282348
350.0,48.255,80.118,3.273,5.159,1650.926,5.208064281219822,5.20857334242968,5.20857334242968,5.208064281219822,17.816554986966832,17.816879277968564,17.816879277968564,17.816554986966832,2.3735079860357398,2.3684240969032486,2.3684240969032486,2.3735079860357398,2.701532043592298,2.7045187329745746,2.7045187329745746,2.701532043592298,4.447666619944284
350.0,48.277,45.891,5.475,5.73,4079.436,5.128483269908411,5.129009996570424,5.129009996570424,5.128483269908411,17.47509398031535,17.475124426282864,17.475124426282864,17.47509398031535,2.2891940315771198,2.281567741476431,2.281567741476431,2.2891940315771198,2.654924024265081,2.6593888775040937,2.6593888775040937,2.654924024265081,1.8029108599772647
350.0,49.192,18.157,5.952,4.079,2327.995,5.136603647184037,5.137134430828101,5.137134430828101,5.136603647184031,17.48963283871993,17.489758598277565,17.489758598277565,17.489632838712176,2.294259296681573,2.276269100405226,2.276269100405226,2.294259296681573,2.6522972234522815,2.662828563225484,2.662828563225484,2.6522972234522815,3.153662664784996
350.0,49.611,12.158,2.913,5.655,474.79,5.352025953969769,5.352608743350761,5.352608743350761,5.352025953969769,18.33495779724035,18.336542549548305,18.336542549548305,18.33495779724035,2.495635094079208,2.463921903919773,2.463921903919773,2.495635094079208,2.754912252715488,2.7735500024387743,2.7735500024387743,2.754912252715488,15.316383005817308
350.0,49.793,59.039,2.679,2.674,4857.141,5.159663642755749,5.160181526787256,5.160181526787256,5.159663642755749,17.614857748518496,17.61467794450097,17.61467794450097,17.614857748518496,2.325541622866156,2.3192064800824688,2.3192064800824688,2.325541622866156,2.675704793818145,2.679413823217865,2.679413823217865,2.675704793818145,1.5128655716910782
350.0,49.878,30.213,5.154,3.392,1661.964,5.180069457028111,5.180605830410607,5.180605830410607,5.180069457028111,17.673164642468812,17.673342773740952,17.673342773740952,17.673164642468812,2.337275626229788,2.325482538813975,2.325482538813975,2.337275626229788,2.679024687241562,2.6859360608100302,2.6859360608100302,2.679024687241562,4.411774695430565
350.0,50.135,24.023,5.9,5.34,1857.596,5.169783860248344,5.170318077603218,5.170318077603218,5.169783860248344,17.62883205899214,17.628954471000192,17.628954471000192,17.62883205899214,2.327471826664957,2.313066340410125,2.313066340410125,2.327471826664957,2.672430347711398,2.6808693169923883,2.6808693169923883,2.672430347711398,3.947469774108556
350.0,50.271,63.403,4.606,6.447,1371.902,5.238422169393152,5.238943616904993,5.238943616904993,5.238422169393152,17.930457067925012,17.930649294380245,17.930649294380245,17.930457067925012,2.4001610304038774,2.3936947123012775,2.3936947123012775,2.4001610304038774,2.716338233060186,2.720135169889713,2.720135169889713,2.716338233060186,5.339159998875189
350.0,50.303,78.614,5.17,5.276,3883.716,5.1947990976814,5.195307546462307,5.195307546462307,5.1947990976814,17.771055907435617,17.770810131529096,17.770810131529096,17.771055907435617,2.365150393042011,2.3600177945107315,2.3600177945107315,2.365150393042011,2.69796441756038,2.700970851038816,2.700970851038816,2.69796441756038,1.890830322507876
350.0,50.346,20.77,2.668,5.435,2228.868,5.158676251779876,5.159210149802548,5.159210149802552,5.158676251779876,17.58333303772165,17.58333857318236,17.583338573101198,17.58333303772165,2.317443941735056,2.301139561229347,2.301139561229347,2.317443941735056,2.66610821854869,2.6756554568737485,2.6756554568737485,2.66610821854869,3.2907605729670664
350.0,50.471,82.453,3.631,4.82,2901.413,5.2129286903999725,5.213439251140576,5.213439251140576,5.212928690399976,17.845990974316013,17.845749373939338,17.845749373939338,17.845990974488483,2.3832843503013765,2.3782595937439464,2.3782595937439464,2.3832843503013765,2.7079723813722905,2.7109167370831884,2.7109167370831884,2.7079723813722905,2.529405873337408
350.0,50.591,40.647,6.423,5.788,4820.412,5.153151092293307,5.15367721510404,5.15367721510404,5.153151092293307,17.5778347686306,17.57759547771347,17.57759547771347,17.5778347686306,2.316033872092353,2.307235985197178,2.307235985197178,2.316033872092353,2.669638980444787,2.674788453664211,2.674788453664211,2.669638980444787,1.523264225350386
350.0,50.704,57.516,5.402,2.772,3937.813,5.178156801670324,5.178669129740402,5.178669129740402,5.178156801670324,17.690294324197225,17.690119532303637,17.690119532303637,17.690294324197225,2.344165725112717,2.3375399573810904,2.3375399573810904,2.344165725112717,2.685994352353436,2.6898754163639307,2.6898754163639307,2.685994352353436,1.864201113907816
350.0,50.794,49.46,5.973,2.783,3105.565,5.179595464328398,5.180116280791424,5.180116280791424,5.179595464328398,17.68996958130843,17.68981387310257,17.68981387310263,17.68996958130843,2.343363228714145,2.335774813441903,2.335774813441903,2.343363228714145,2.685075408600831,2.68952039805314,2.68952039805314,2.685075408600831,2.3627252289792184
350.0,51.109,72.47,4.218,4.693,1869.802,5.237115514817371,5.237627841051434,5.237627841051434,5.237115514817371,17.935483720868806,17.93540422731254,17.93540422731254,17.935483720868806,2.403410379342619,2.3976450184898335,2.3976450184898335,2.403410379342619,2.718918129389606,2.722300546720158,2.722300546720158,2.718918129389606,3.918588944345146
350.0,51.153,38.922,5.084,5.011,4786.732,5.160117078203028,5.160641790433416,5.160641790433416,5.160117078203028,17.606249817012703,17.60597115404962,17.60597115404962,17.606249817012703,2.3233171882083736,2.31408439599204,2.31408439599204,2.3233171882083736,2.6735622335114853,2.67896664966195,2.67896664966195,2.6735622335114853,1.5332688837221278
350.0,51.433,35.722,6.386,3.875,1269.831,5.234265382736954,5.234795633163717,5.234795633163717,5.234265382736954,17.89686548924974,17.89709043904996,17.89709043904996,17.89686548924974,2.3914304115993015,2.3806670272232435,2.3806670272232435,2.3914304115993015,2.709747085094968,2.7160627897840626,2.7160627897840626,2.709747085094968,5.760845236826539
350.0,51.552,92.68,4.737,3.964,2998.337,5.240991988209494,5.24149668487822,5.24149668487822,5.240991988209494,17.968223448023092,17.96781477176,17.96781477176,17.968223448023092,2.414158207084637,2.4094591339726787,2.4094591339726787,2.414158207084637,2.7256221413997044,2.728375097527291,2.728375097527291,2.7256221413997044,2.4452600930243698
350.0,51.595,40.894,2.595,6.364,3265.572,5.181097258256176,5.181624584978314,5.181624584978314,5.181097258256176,17.692366555017834,17.69208695251646,17.69208695251646,17.692366555017834,2.344193373616129,2.335154864603619,2.335154864603619,2.344193373616129,2.6851075899740278,2.690400235406734,2.690400235406734,2.6851075899740278,2.2455888105034028
350.0,51.668,77.751,3.791,6.205,4037.126,5.214732778337702,5.215243172947958,5.215243172947958,5.214732778337702,17.853958520558017,17.853520578409075,17.853520578409075,17.853958520558017,2.385900293746971,2.380585693531684,2.380585693531684,2.385900293746971,2.709838405112289,2.7129500487224982,2.7129500487224982,2.709838405112289,1.8168843238085135
350.0,51.707,95.8,3.211,4.773,3897.868,5.236956800549033,5.2374580928173815,5.2374580928173815,5.236956800549033,17.955457785416893,17.954971655131654,17.954971655131654,17.955457785416893,2.4118362393127364,2.407284034466814,2.407284034466814,2.4118362393127364,2.7244956022749216,2.727161240554804,2.727161240554804,2.7244956022749216,1.88149131640781
350.0,51.752,88.038,3.916,5.588,3389.618,5.233937663479924,5.2344398959086895,5.2344398959086895,5.233937663479924,17.937676854942765,17.93727419280138,17.93727419280138,17.937676854942765,2.4067178274953687,2.401844059399993,2.401844059399993,2.4067178274953687,2.721532535242396,2.724387742430441,2.724387742430441,2.721532535242396,2.163124306903327
350.0,51.97,35.53,3.668,2.594,2281.363,5.197955327306425,5.198473652259407,5.198473652259407,5.197955327306425,17.755992472534157,17.755928925091247,17.755928925091247,17.755992472534157,2.3592727765246404,2.348827702516243,2.348827702516243,2.3592727765246404,2.692663896988813,2.6987857019444963,2.6987857019444963,2.692663896988813,3.211103053313344
350.0,52.054,97.099,5.559,5.091,4063.711,5.242939348237037,5.243443871680017,5.243443871680017,5.242939348237037,17.98120423150341,17.98061977293242,17.98061977293242,17.98120423150341,2.418330631881195,2.413794994469729,2.413794994469729,2.418330631881195,2.7282618951435467,2.7309166166562786,2.7309166166562786,2.7282618951435467,1.8042082347491448
350.0,52.178,31.262,3.752,2.706,911.235,5.282572498644557,5.283110057979833,5.283110057979833,5.282572498644557,18.085508494598525,18.08593611959416,18.08593611959416,18.085508494598525,2.435803762367461,2.4230259587104204,2.4230259587104204,2.435803762367461,2.733474478217264,2.740979491653325,2.740979491653325,2.733474478217264,8.008191025654552
350.0,52.262,11.153,2.818,4.369,3942.718,5.153912961660952,5.154389531765244,5.154389531765244,5.153912961660952,17.565746224353482,17.56582189101482,17.56582189101482,17.565746224353482,2.32023801587954,2.2911021464542314,2.2911021464542314,2.32023801587954,2.661375366246927,2.6784358699402167,2.6784358699402167,2.661375366246927,1.8591610748634115
350.0,52.486,58.971,5.691,3.858,3430.455,5.212993083716718,5.213505484468503,5.213505484468503,5.212993083716718,17.8354439370644,17.835075301075324,17.835075301075324,17.8354439370644,2.380263733018684,2.373500741841436,2.373500741841436,2.380263733018684,2.7063782279812885,2.7103397421717457,2.7103397421717457,2.7063782279812885,2.1361978651926417
350.0,52.502,75.865,5.651,4.701,4167.922,5.225397023924409,5.225898188646918,5.225898188646918,5.225397023924409,17.89744100437651,17.897009610882165,17.897009610882165,17.89744100437651,2.3966780668954235,2.3911794036938168,2.3911794036938168,2.3966780668954235,2.7160585709344,2.719279349669302,2.719279349669302,2.7160585709344,1.7586183305019092
350.0,52.598,22.585,3.04,5.586,2304.905,5.193453098516918,5.193980042589716,5.193980042589716,5.193453098516918,17.73090495784671,17.730723668876013,17.730723668876013,17.73090495784671,2.354659110182664,2.338906034133117,2.338906034133117,2.354659110182664,2.6875074421237386,2.6967359325793616,2.6967359325793616,2.6875074421237386,3.176628641671525
350.0,52.767,78.507,5.631,5.869,4025.264,5.233970367984062,5.234472132434108,5.234472132434108,5.233970367984062,17.93409210782915,17.933607147739785,17.933607147739785,17.93409210782915,2.4057837938881854,2.400391748831189,2.400391748831189,2.4057837938881854,2.7212536748854945,2.7244116751533154,2.7244116751533154,2.7212536748854945,1.8203850160114248
350.0,53.156,34.5,6.141,2.816,4882.106,5.186084515935761,5.186609914522803,5.186609914522803,5.186084515935761,17.713169332785657,17.712672020572786,17.712672020572786,17.713169332785657,2.3506500455962502,2.3399953352086373,2.3399953352086373,2.3506500455962502,2.688453421089283,2.6946905671974375,2.6946905671974375,2.688453421089283,1.5008450509095692
350.0,53.334,88.073,4.792,3.246,1727.945,5.300123746897217,5.300625577512571,5.300625577512571,5.300123746897217,18.201748781886305,18.20141341532916,18.20141341532916,18.201748781886305,2.4688592006829837,2.4636186810395078,2.4636186810395078,2.4688592006829837,2.7567114091561904,2.75978683115494,2.75978683115494,2.7567114091561904,4.229304892435286
350.0,53.613,27.083,3.136,5.277,1042.659,5.283791957883228,5.284327239332385,5.284327239332385,5.283791957883228,18.09224365284587,18.092402370133176,18.092402370133176,18.09224365284587,2.4391861793176175,2.4245416835630613,2.4245416835630613,2.4391861793176175,2.735037604710824,2.743634133209083,2.743634133209083,2.735037604710824,6.995061982773672
350.0,53.812,66.78,5.321,4.103,4978.268,5.231880746760151,5.232381227176593,5.232381227176593,5.231880746760151,17.920603725875218,17.92006004887043,17.92006004887043,17.920603725875218,2.402404459783996,2.3961942275416064,2.3961942275416064,2.402404459783996,2.7194782396760613,2.7231151549372323,2.7231151549372323,2.7194782396760613,1.4709555153048268
350.0,54.143,96.646,5.234,4.029,3437.488,5.28509834244394,5.2855934158204345,5.2855934158204345,5.28509834244394,18.15277979107225,18.15208165630554,18.15208165630554,18.15277979107225,2.4598158318820627,2.4550341265677083,2.4550341265677083,2.4598158318820627,2.7522908434136344,2.75509109307738,2.75509109307738,2.7522908434136344,2.127874978650812
350.0,54.159,94.351,4.658,4.915,3250.588,5.284907464001899,5.285404973204857,5.285404973204857,5.284907464001899,18.15034269353863,18.149650693201867,18.149650693201867,18.15034269353863,2.4589569825168227,2.454076952010793,2.454076952010793,2.4589569825168227,2.751768633180204,2.754626564569882,2.754626564569882,2.751768633180204,2.2500089413974664
350.0,54.181,68.009,3.31,3.803,4347.298,5.243409149647551,5.243916272809918,5.243916272809882,5.243409149647551,17.968040950432275,17.967397116253668,17.967397116209952,17.968040950432275,2.4138937808273537,2.4076967836363505,2.4076967836363505,2.4138937808273537,2.726006764731653,2.729635024978005,2.729635024978005,2.726006764731653,1.6835678794419346
350.0,55.064,92.93,5.132,5.397,1544.648,5.348207480839725,5.34870112974514,5.34870112974514,5.348207480839725,18.39774471088617,18.397301803289,18.397301803289,18.39774471088617,2.5155388921722217,2.510253298486011,2.510253298486011,2.5155388921722217,2.7840592105141946,2.7871627867231474,2.7871627867231474,2.7840592105141946,4.719657014766005
350.0,55.276,75.841,3.72,4.73,1516.266,5.331879913840914,5.332392606934587,5.332392606934587,5.331879913840914,18.322209743433664,18.32170303974896,18.32170303974896,18.322209743433664,2.496603157645782,2.4904047436178294,2.4904047436178294,2.496603157645782,2.772909945827124,2.7765469029893968,2.7765469029893968,2.772909945827124,4.808030307259974
350.0,55.281,54.216,4.503,3.988,4763.836,5.243509972162648,5.244017666686286,5.244017666686286,5.243509972162648,17.96174254309096,17.96105602010508,17.96105602010508,17.96174254309096,2.4121718668879706,2.404580067389835,2.404580067389835,2.4121718668879706,2.724850200421334,2.7292959215806336,2.7292959215806336,2.724850200421334,1.5350668717918825
350.0,55.501,93.0,4.144,5.556,699.197,5.476735492777058,5.477239644292664,5.477239644292664,5.476735492777058,18.89280491020033,18.892994541331834,18.892994541331834,18.89280491020033,2.625223158978621,2.619192695838977,2.619192695838977,2.625223158978621,2.847787666223538,2.851345990767353,2.851345990767353,2.847787666223538,10.357682970424968
350.0,55.508,21.45,2.721,5.052,1938.219,5.250322855734452,5.25084399361715,5.25084399361715,5.250322855734452,17.964183059117545,17.96383690031432,17.96383690031432,17.964183059117545,2.412626572235951,2.394979930952573,2.394979930952573,2.412626572235951,2.719580577517742,2.729926357892187,2.729926357892187,2.719580577517742,3.7661362040724256
350.0,55.567,57.906,2.771,6.225,3870.98,5.259238312168994,5.259750716478136,5.259750716478136,5.259238312168994,18.02705256719102,18.026295413281503,18.026295413281503,18.02705256719102,2.4278605487811884,2.420571084906854,2.420571084906854,2.4278605487811884,2.733854391721079,2.7381228380549807,2.7381228380549807,2.733854391721079,1.8880205332605589
350.0,55.774,90.71,4.407,4.651,2406.132,5.325222775515811,5.325714662594417,5.325714662594417,5.325222775515811,18.30945732366203,18.308754472683106,18.308754472683106,18.30945732366203,2.49619981883245,2.490917162926658,2.490917162926658,2.49619981883245,2.7734239893778376,2.7765207518592057,2.7765207518592057,2.7734239893778376,3.0324238701663315
350.0,55.795,22.394,6.261,3.668,4878.239,5.2153632448823775,5.21587207750552,5.21587207750552,5.2153632448823775,17.82917679998641,17.828621711748198,17.828621711748198,17.82917679998641,2.3814625594004415,2.3650421575444724,2.3650421575444724,2.3814625594004415,2.703288378371715,2.7129077198179288,2.7129077198179288,2.703288378371715,1.4985919643075654
350.0,55.831,96.399,5.265,6.229,4048.167,5.309386942925622,5.309884249791909,5.309884249791909,5.309386942925622,18.25273946277437,18.251775694093936,18.251775694093936,18.25273946277437,2.484260019796994,2.4793184465149887,2.4793184465149887,2.484260019796994,2.766859058106367,2.7697505807604377,2.7697505807604377,2.766859058106367,1.8041674235413447
350.0,55.837,42.0,3.683,2.57,4656.925,5.239513546640322,5.240026894399128,5.240026894399128,5.239513546640317,17.938740972757135,17.93802799177383,17.93802799177383,17.938740972752637,2.4065104345573665,2.396995549006992,2.396995549006992,2.4065104345573665,2.7209393883791377,2.726511850513971,2.726511850513971,2.7209393883791377,1.5695498507225485
350.0,55.856,83.788,4.469,4.97,4028.24,5.294246621451979,5.2947355066495545,5.2947355066495545,5.294246621451979,18.184282034685918,18.18351575106916,18.18351575106916,18.184282034685918,2.4671234944598543,2.461646369644756,2.461646369644756,2.4671234944598543,2.756929920067946,2.7601381566984484,2.7601381566984484,2.756929920067946,1.8133759233722235
350.0,55.96,27.959,4.674,6.453,4712.04,5.225273035734074,5.225788028084801,5.225788028084801,5.225273035734074,17.872775424110003,17.87212100383838,17.87212100383838,17.872775424110003,2.3912083183555746,2.3776531221409742,2.3776531221409742,2.3912083183555746,2.7103187868935654,2.7182588753633774,2.7182588753633774,2.7103187868935654,1.5511318943531252
350.0,56.084,35.655,3.485,5.913,3836.579,5.242491613843184,5.243011268525691,5.243011268525691,5.242491613843184,17.946404078874068,17.94568330859162,17.94568330859162,17.946404078874068,2.4082889124972877,2.3972171762155976,2.3972171762155976,2.4082889124972877,2.7211753047544,2.7276605170583856,2.7276605170583856,2.7211753047544,1.9042714864279144
350.0,56.168,60.828,3.85,5.872,4703.22,5.266974958208202,5.267477391575702,5.267477391575702,5.266974958208202,18.061629002675364,18.060844005997986,18.060844005997986,18.061629002675364,2.43675953989388,2.429712081821287,2.429712081821287,2.43675953989388,2.739247585945315,2.7433746888583124,2.7433746888583124,2.739247585945315,1.553401645680262
350.0,56.551,13.297,5.857,6.2,4534.153,5.219611692577407,5.220090367769032,5.220090367769032,5.219611692577407,17.842401459001508,17.842072633526538,17.842072633526538,17.842401459001508,2.388852149227412,2.3621978452745584,2.3621978452745584,2.388852149227412,2.7019577582303618,2.71757889277269,2.71757889277269,2.7019577582303618,1.6111157979043969
350.0,56.66,33.301,3.359,6.314,4415.209,5.245015522131516,5.245534285492293,5.245534285492293,5.245015522131516,17.95658961411268,17.955798983946558,17.955798983946558,17.95658961411268,2.4112712038753474,2.399438273593121,2.399438273593121,2.4112712038753474,2.7226882684408267,2.7296191799760408,2.7296191799760408,2.7226882684408267,1.654159510840414
350.0,56.834,23.561,3.809,3.041,344.653,5.647060798208059,5.645868654966975,5.645868654966975,5.647060798208059,19.49111415206449,19.48509032631067,19.48509032631067,19.49111415206449,2.741389621036875,2.7374373534290206,2.7374373534290206,2.741389621036875,2.922362344921468,2.9246468538000387,2.9246468538000387,2.922362344921468,20.75258825292336
350.0,56.841,75.445,3.828,4.185,4916.035,5.295524998063192,5.296023025517142,5.296023025517142,5.295524998063192,18.186257558992654,18.185308731637,18.185308731637,18.186257558992654,2.467581591195862,2.461553305053879,2.461553305053879,2.467581591195862,2.7574142026897928,2.76094301250832,2.76094301250832,2.7574142026897928,1.484956779817976
350.0,57.179,35.499,4.262,4.201,3533.623,5.264101604562171,5.264612131131077,5.264612131131077,5.264101604562171,18.034566040579044,18.033844240183782,18.033844240183782,18.034566040579044,2.4298050860699094,2.4184013964857494,2.4184013964857494,2.4298050860699094,2.7334722657524746,2.7401550086313926,2.7401550086313926,2.7334722657524746,2.0650876735188453
350.0,57.485,67.327,4.306,3.792,3098.551,5.3140578477673275,5.314559113644664,5.314559113644664,5.3140578477673275,18.254001308233818,18.25311616135778,18.25311616135778,18.254001308233818,2.482627583247353,2.4758292916615234,2.4758292916615234,2.482627583247353,2.765836011952852,2.7698189272937177,2.7698189272937177,2.765836011952852,2.3527865185769894
350.0,57.607,66.718,5.75,5.002,1648.732,5.356600190691543,5.357100501330859,5.357100501330859,5.356600190691543,18.418312608054222,18.417687063158954,18.417687063158954,18.418312608054222,2.5195849876571987,2.512428431779142,2.512428431779142,2.5195849876571987,2.7867639840566767,2.7909641557924423,2.7909641557924423,2.7867639840566767,4.412519256432617
350.0,57.894,82.248,2.661,5.193,369.771,5.750223909498874,5.749853041550791,5.749853041550791,5.750223909498874,19.89390100207548,19.891432081481604,19.891432081481604,19.89390100207548,2.8290487481054725,2.8374404658081787,2.8374404658081787,2.8290487481054725,2.987820869100143,2.9828926810202887,2.9828926810202887,2.987820869100143,19.260035807660955
350.0,57.952,77.243,2.935,2.899,1966.658,5.3628100469469135,5.363307421839922,5.363307421839922,5.3628100469469135,18.45134778989804,18.450526530725643,18.450526530725643,18.45134778989804,2.528556529292099,2.522206922519456,2.522206922519456,2.528556529292099,2.792534618555008,2.7962584513702167,2.7962584513702167,2.792534618555008,3.699437310968728
350.0,57.958,81.685,3.696,3.706,1292.613,5.409012974171748,5.4095166880627525,5.4095166880627525,5.409012974171748,18.63219961079895,18.63151702362202,18.63151702362202,18.63219961079895,2.5692054373800497,2.5628615520027003,2.5628615520027003,2.5692054373800497,2.816075235107568,2.819800530086532,2.819800530086532,2.816075235107568,5.616614525989226
350.0,58.133,69.755,3.731,5.909,3453.27,5.324484880241329,5.324993792666277,5.324993792666277,5.324484880241329,18.298420658361096,18.297327930629063,18.297327930629063,18.298420658361096,2.4936137289586098,2.4869313338647743,2.4869313338647743,2.4936137289586098,2.7724764295222086,2.776388681791478,2.776388681791478,2.7724764295222086,2.1099921366675485
350.0,58.384,15.763,4.209,6.181,3051.801,5.267703651299686,5.268192965429932,5.268192965429932,5.267703651299686,18.03852620683583,18.03803981031508,18.03803981031508,18.03852620683583,2.4349939406418493,2.410994598898374,2.410994598898374,2.4349939406418493,2.729862016076343,2.743935880794659,2.743935880794659,2.729862016076343,2.388054537976457
350.0,58.547,17.48,4.81,3.509,1877.86,5.300801265041292,5.301295425179488,5.301295425179488,5.300801265041292,18.16884696779,18.168505975503955,18.168505975503955,18.16884696779,2.4643129547003984,2.4417725699626613,2.4417725699626613,2.4643129547003984,2.747179609276324,2.760406318660997,2.760406318660997,2.747179609276324,3.8753133592247218
350.0,59.589,26.479,2.953,6.213,3784.914,5.293303181079721,5.293804097113453,5.293804097113453,5.293303181079721,18.149875964369954,18.149045516608584,18.149045516608584,18.149875964369954,2.459148972681807,2.443709978057959,2.443709978057959,2.459148972681807,2.748860342716607,2.7579129712079182,2.7579129712079182,2.748860342716607,1.9237041771158183
350.0,59.63,61.116,4.9,3.899,2218.108,5.365454987209818,5.36595223217841,5.36595223217841,5.365454987209818,18.454625556395307,18.45370235211484,18.45370235211484,18.454625556395307,2.5292213436170696,2.521365860241419,2.521365860241419,2.5292213436170696,2.793024586362566,2.7976317493505483,2.7976317493505483,2.793024586362566,3.2761764490633256
350.0,59.84,59.25,6.423,2.887,815.245,5.487589946048843,5.488105067778952,5.488105067778952,5.487589946048843,18.92067384911369,18.920328132655516,18.920328132655516,18.92067384911369,2.6317115451026183,2.6225731395551968,2.6225731395551968,2.6317115451026183,2.852513535864144,2.8578923565600847,2.8578923565600847,2.852513535864144,8.856940827593135
350.0,59.863,65.248,6.32,3.296,1873.501,5.388151285795979,5.38865126559404,5.38865126559404,5.388151285795979,18.54558164287491,18.544639816406765,18.544639816406765,18.54558164287491,2.5501117940383344,2.542513997438004,2.542513997438004,2.5501117940383344,2.805366154111128,2.8098232158929357,2.8098232158929357,2.805366154111128,3.8748976594222055
350.0,60.06,49.475,5.668,6.214,1884.462,5.370097440325107,5.370603992759473,5.370603992759473,5.3700974403251065,18.465067829702964,18.46417855729765,18.46417855729765,18.465067829718265,2.530965088056202,2.5214349795581223,2.5214349795581223,2.530965088056202,2.7933377063031326,2.7989291527171773,2.7989291527171773,2.7933377063031326,3.8530925966359817
350.0,60.13,50.059,3.999,3.948,2285.008,5.358462119734811,5.3589708579139455,5.3589708579139455,5.358462119734811,18.42095694363228,18.41994491213188,18.41994491213188,18.42095694363228,2.521247048732465,2.511920662566281,2.511920662566281,2.521247048732465,2.7878962073955518,2.793365079263688,2.793365079263688,2.7878962073955518,3.1795076912738067
350.0,60.219,95.387,5.334,6.456,1542.642,5.45682299608676,5.457308484235859,5.457308484235859,5.45682299608676,18.83125982162285,18.83024420150056,18.83024420150056,18.83125982162285,2.616793446953408,2.6109237457392283,2.6109237457392283,2.616793446953408,2.8455897233977034,2.849034800357014,2.849034800357014,2.8455897233977034,4.694687742540316
350.0,60.233,41.097,5.495,2.73,3041.5,5.3327829728215015,5.33328463792348,5.33328463792348,5.3327829728215015,18.315622358172654,18.314654950924293,18.314654950924293,18.315622358172654,2.4971915445113466,2.486355202312267,2.486355202312267,2.4971915445113466,2.77334134986675,2.7796954521920125,2.7796954521920125,2.77334134986675,2.3906762058920643
350.0,60.63,84.616,5.886,3.151,4384.683,5.383963674297441,5.384449456659137,5.384449456659137,5.383963674297441,18.546497173867166,18.545169831583294,18.545169831583294,18.546497173867166,2.5533868848993007,2.5473352565798257,2.5473352565798257,2.5533868848993007,2.8085167774495514,2.812059743585453,2.812059743585453,2.8085167774495514,1.6570620649598478
350.0,60.944,50.362,4.09,3.434,2158.525,5.378700710061698,5.379205076723955,5.379205076723955,5.378700710061698,18.50155527685449,18.50051845699348,18.50051845699348,18.50155527685449,2.540073212080359,2.530578552311559,2.530578552311559,2.540073212080359,2.7991056902205043,2.8046749964422375,2.8046749964422375,2.7991056902205043,3.3619008353349304
350.0,60.964,17.902,4.456,4.134,887.312,5.434934978669292,5.435450907326513,5.435450907326513,5.434934978669292,18.69349222196057,18.693360611647204,18.693360611647204,18.69349222196057,2.584851480283755,2.559663829637824,2.559663829637824,2.584851480283755,2.8161947042173017,2.8310044198528423,2.8310044198528423,2.8161947042173017,8.144251637242201
350.0,61.219,45.765,4.746,2.706,2001.379,5.383350728541842,5.383857550102332,5.383857550102332,5.383350728541842,18.516755508098125,18.515739837646905,18.515739837646905,18.516755508098125,2.543439028321592,2.5330424067814854,2.5330424067814854,2.543439028321592,2.800699159193288,2.806799024888036,2.806799024888036,2.800699159193288,3.624116743439796
350.0,61.581,50.523,3.122,5.544,500.326,5.650189324624171,5.649663225551923,5.649663225551923,5.650189324624171,19.529322386887348,19.52490785187488,19.52490785187488,19.529322386887348,2.7533846466065217,2.7585484965885727,2.7585484965885727,2.7533846466065217,2.9384869514365226,2.93540667027825,2.93540667027825,2.9384869514365226,14.289025947334316
350.0,61.649,79.68,3.486,5.981,2006.142,5.440304442258857,5.440791462603176,5.440791462603176,5.440304442258857,18.76083750014676,18.759651991239693,18.759651991239693,18.76083750014676,2.6008816174488243,2.594110847330326,2.594110847330326,2.6008816174488243,2.836538247592007,2.840509599014067,2.840509599014067,2.836538247592007,3.609660758659816
350.0,61.725,52.605,4.182,5.475,4510.723,5.361023412295419,5.361512136953334,5.361512136953334,5.361023412295419,18.43784103005915,18.436645553578767,18.436645553578767,18.43784103005915,2.526886259402477,2.517890613579421,2.517890613579421,2.526886259402477,2.7922021588544013,2.797475131870515,2.797475131870515,2.7922021588544013,1.610043315768651
350.0,61.798,30.385,4.32,6.224,2145.06,5.368906571584939,5.369409547583736,5.369409547583736,5.368906571584939,18.45181090072661,18.450889803253137,18.450889803253137,18.45181090072661,2.5293879786552487,2.5145776988018094,2.5145776988018094,2.5293879786552487,2.790394715038319,2.7990871923693894,2.7990871923693894,2.790394715038319,3.3811482526683987
350.0,61.946,56.968,5.648,4.162,2954.837,5.388986971374968,5.389475501400895,5.389475501400895,5.388986971374968,18.54899202164628,18.547834007808728,18.547834007808728,18.54899202164628,2.5521765257411664,2.5435468161379338,2.5435468161379338,2.5521765257411664,2.80716260082432,2.812223392917564,2.812223392917564,2.80716260082432,2.4547391851155727
350.0,62.181,75.682,5.866,5.753,3975.041,5.406822879645875,5.407300750930964,5.407300750930964,5.406822879645875,18.63182355096664,18.63049925678729,18.63049925678729,18.63182355096664,2.5726806573770227,2.5658264144644507,2.5658264144644507,2.5726806573770227,2.820216864554984,2.8242333161580486,2.8242333161580486,2.820216864554984,1.8243790729452527
350.0,62.262,87.992,3.617,5.953,3055.924,5.438413023820448,5.438892020262635,5.438892020262635,5.438413023820448,18.76154540992499,18.760145139315128,18.760145139315128,18.76154540992499,2.6026613733724435,2.5964458372857915,2.5964458372857915,2.6026613733724435,2.8382302988010863,2.8418720414693874,2.8418720414693874,2.8382302988010863,2.3703350743782847
350.0,62.358,22.129,4.767,3.987,2231.278,5.366092060032291,5.366585658363114,5.366585658363114,5.366092060032291,18.43684108287766,18.436021500978807,18.436021500978807,18.43684108287766,2.5277080816581545,2.508039958064325,2.508039958064325,2.5277080816581545,2.786951339576859,2.798498138577071,2.798498138577071,2.786951339576859,3.2494038769977327
350.0,62.435,54.755,5.156,5.529,1940.327,5.423239438934865,5.423739330499877,5.423739330499877,5.423239438934865,18.67964577830453,18.678493454257527,18.678493454257527,18.67964577830453,2.581283723048569,2.5720127200166925,2.5720127200166925,2.581283723048569,2.824087586728377,2.829527722878733,2.829527722878733,2.824087586728377,3.730947057686021
350.0,62.459,32.057,3.162,4.015,1050.122,5.459544287926416,5.460063197650324,5.460063197650324,5.459544287926416,18.80134145304344,18.80066624526265,18.80066624526265,18.80134145304344,2.607286669580541,2.5918283280169607,2.5918283280169607,2.607286669580541,2.8359181077034483,2.845005637011081,2.845005637011081,2.8359181077034483,6.874368388799845
350.0,62.676,98.893,6.471,4.17,3605.416,5.455760334248158,5.456223064327211,5.456223064327211,5.455760334248158,18.836542945134845,18.835115847737764,18.835115847737764,18.836542945134845,2.620780133387957,2.6150546745510246,2.6150546745510246,2.620780133387957,2.8494605968234663,2.8528152048656925,2.8528152048656925,2.8494605968234663,2.0078982074128167
350.0,63.003,47.191,3.061,3.929,4717.121,5.377563845988726,5.37804928028644,5.37804928028644,5.377563845988726,18.50122670870948,18.499967105181288,18.499967105181288,18.50122670870948,2.5419145183288308,2.5317932865382224,2.5317932865382224,2.5419145183288308,2.8009657986804166,2.8069006622647485,2.8069006622647485,2.8009657986804166,1.537544435885882
350.0,63.078,79.439,4.56,2.559,583.98,5.6888618532161805,5.688755075316745,5.688755075316745,5.6888618532161805,19.6938496140109,19.690697047219043,19.690697047219043,19.6938496140109,2.792171794545644,2.7996541601802267,2.7996541601802267,2.792171794545644,2.9661082496062807,2.961682685882159,2.961682685882159,2.9661082496062807,12.220356540356017
350.0,63.397,15.204,2.579,5.141,3743.224,5.341170928583538,5.341910291242443,5.341910291242443,5.341170928574796,17.64236571402548,17.693688389033905,17.693688389033905,17.642365841702716,2.518608078111441,2.490906507978321,2.490906507978321,2.518608078111441,2.6668115005271464,2.673419705616177,2.673419705616177,2.6668115005271464,1.9373767261063517
350.0,63.411,36.592,5.833,3.045,4023.171,5.37668409141582,5.377176475705638,5.377176475705638,5.37668409141582,18.49127259282638,18.49003110640512,18.49003110640512,18.49127259282638,2.539729055603827,2.5270152977263525,2.5270152977263525,2.539729055603827,2.7984601707126706,2.8059180285513627,2.8059180285513627,2.7984601707126706,1.801867534269564
350.0,63.515,72.383,4.915,2.679,3622.843,5.434036148664643,5.43451190034509,5.43451190034509,5.434036148664643,18.736875313003168,18.735469602016583,18.735469602016583,18.736875313003168,2.5966410470123327,2.5892824003860686,2.5892824003860686,2.5966410470123327,2.8347984523127203,2.839112104756901,2.839112104756901,2.8347984523127203,1.9980166685426053
350.0,63.572,59.592,6.305,3.934,1360.205,5.490474709095985,5.490977324407065,5.490977324407065,5.490474709095985,18.94153978265089,18.940385743600537,18.940385743600537,18.94153978265089,2.639839326776205,2.6305964096310155,2.6305964096310155,2.639839326776205,2.859516906178152,2.8649458000367387,2.8649458000367387,2.859516906178152,5.30284485283164
350.0,63.684,66.938,3.648,4.884,3395.747,5.4325637019328425,5.433041090530731,5.433041090530731,5.4325637019328425,18.72771498021218,18.726341258739293,18.726341258739293,18.72771498021218,2.5942165207323624,2.58634392966676,2.58634392966676,2.5942165207323624,2.833187332592196,2.8378035007161397,2.8378035007161397,2.833187332592196,2.1312480696580813
350.0,63.823,63.647,4.743,3.257,4353.69,5.420452847554909,5.420928302003952,5.420928302003952,5.420452847554909,18.67964250393321,18.6782513552692,18.6782513552692,18.67964250393321,2.5834922440305608,2.5753599798726494,2.5753599798726494,2.5834922440305608,2.8268082192286887,2.831576028747008,2.831576028747008,2.8268082192286887,1.6630794677595573
350.0,63.836,35.235,3.884,3.226,1389.079,5.4567621391124845,5.457272795961361,5.457272795961361,5.456762139112484,18.796902669817623,18.79588885472182,18.79588885472182,18.79690266982693,2.6075468563246305,2.593297810568546,2.593297810568546,2.6075468563246305,2.8375698841641355,2.8459415772789067,2.8459415772789067,2.8375698841641355,5.196625691449096
350.0,63.958,63.696,4.154,5.262,3328.895,5.434590935691468,5.435074209158125,5.435074209158123,5.434590935691468,18.733823495874947,18.732394210274972,18.732394210263003,18.733823495874947,2.595487188055135,2.587236364697302,2.587236364697302,2.595487188055135,2.8338899025650774,2.838727593019176,2.838727593019176,2.8338899025650774,2.1733909714628306
350.0,64.021,40.13,2.617,2.523,2787.217,5.401025959364861,5.401708666215665,5.401708666215665,5.401025959364861,18.037979773673516,18.078445865268275,18.078445865268275,18.037979773673516,2.571071149543032,2.5586413204265264,2.5586413204265264,2.571071149543032,2.7288804417577417,2.7286585584288923,2.7286585584288923,2.7288804417577417,2.5964267275509614
350.0,64.214,37.079,5.562,5.46,2007.321,5.432345805598173,5.4328336246680635,5.4328336246680635,5.432345805598173,18.70647189863713,18.705417497105984,18.705417497105984,18.70647189863713,2.588094544100895,2.5747873112598234,2.5747873112598234,2.588094544100895,2.8268305676326846,2.834646164839904,2.834646164839904,2.8268305676326846,3.6006264622652053
350.0,64.462,80.09,5.018,5.215,4144.57,5.460633489957283,5.4611022849521,5.4611022849521,5.460633489957283,18.84602297185767,18.84447504341261,18.84447504341261,18.84602297185767,2.622189665324389,2.615245702618436,2.615245702618436,2.622189665324389,2.850729202534364,2.854798747094786,2.854798747094786,2.850729202534364,1.7441744840610858
350.0,64.645,80.864,3.343,3.646,545.149,5.764182380255808,5.764087333527754,5.764087333527754,5.764182380255808,19.955154929345102,19.95243809382855,19.95243809382855,19.955154929345102,2.846331533109184,2.8551400926311694,2.8551400926311694,2.846331533109184,3.004280870996812,2.99909262699735,2.99909262699735,3.004280870996812,13.025487786730068
350.0,64.649,48.016,6.349,6.293,3899.457,5.419378663247301,5.419861929784072,5.419861929784072,5.419378663247301,18.666426751723748,18.665040189893364,18.665040189893364,18.666426751723748,2.580106737274208,2.569649720920687,2.569649720920687,2.580106737274208,2.823998934799038,2.8301331133468186,2.8301331133468186,2.823998934799038,1.8553658096417
350.0,64.682,63.232,5.921,2.716,2588.314,5.463483358840201,5.463960245661662,5.463960245661662,5.463483358840201,18.84505068226708,18.843682327466126,18.843682327466126,18.84505068226708,2.620352508084389,2.61178507555704,2.61178507555704,2.620352508084389,2.8488929795899125,2.853920109652352,2.853920109652352,2.8488929795899125,2.7904394765992566
350.0,65.063,65.342,3.627,5.461,3213.859,5.462827714476092,5.463306007166261,5.463306007166261,5.462827714476092,18.84516725721197,18.843656136574825,18.843656136574825,18.84516725721197,2.6209510443931183,2.6126186364125457,2.6126186364125457,2.6209510443931183,2.849601900564512,2.8544885232942816,2.8544885232942816,2.849601900564512,2.2473652192761246
350.0,65.109,15.648,6.045,4.904,3781.623,5.384200134372782,5.384662006763764,5.384662006763764,5.384200134372782,18.510549514452023,18.509677885795863,18.509677885795863,18.510549514452023,2.549602242400519,2.522067470352417,2.522067470352417,2.549602242400519,2.796608046693083,2.812779480593351,2.812779480593351,2.796608046693083,1.913823696088976
350.0,65.157,76.862,3.08,5.494,901.028,5.625351887596458,5.6251190596880685,5.6251190596880685,5.625351887596458,19.462173973638375,19.457876546132248,19.457876546132248,19.462173973638375,2.746916652325948,2.7513622404736213,2.7513622404736213,2.746916652325948,2.9358179032349225,2.933129205359512,2.933129205359512,2.9358179032349225,7.946306920203816
350.0,65.196,33.43,5.37,5.145,4252.216,5.406518595722445,5.406998700566582,5.406998700566582,5.406518595722456,18.608415864384256,18.60713812158037,18.60713812158037,18.60841586437287,2.567547094903341,2.5532591406769094,2.5532591406769094,2.567547094903341,2.814764904684011,2.8231511336640307,2.8231511336640307,2.814764904684011,1.7013332317521046
350.0,65.346,77.276,5.529,5.626,408.342,5.953962928322246,5.953831450791748,5.953831450791748,5.953962928322246,20.475676748320875,20.475510660585392,20.475510660585392,20.475676748320875,2.9488822535292125,2.9598306847307607,2.9598306847307607,2.9488822535292125,3.077307903684799,3.070573369194648,3.070573369194648,3.077307903684799,17.205788269695436
350.0,65.383,99.885,5.287,4.334,2135.05,5.552802399870331,5.55294227479632,5.55294227479632,5.552802399870331,19.209189217585084,19.20630798124014,19.20630798124014,19.209189217585084,2.702770454699368,2.6959977750048347,2.6959977750048347,2.702770454699368,2.900727390379883,2.9042798598366963,2.9042798598366963,2.900727390379883,3.370232676794311
350.0,65.386,39.675,2.528,5.176,642.846,5.624060721022048,5.622248181094843,5.622248181094843,5.624060721022048,19.58708584067072,19.59923608814412,19.59923608814412,19.58708584067072,2.7518560075750336,2.7563691594096675,2.7563691594096675,2.7518560075750336,2.9454558385938423,2.943846773715947,2.943846773715947,2.9454558385938423,11.107694131221912
350.0,65.442,96.759,4.677,4.12,4951.528,5.502546382528398,5.503002465515677,5.503002465515677,5.502546382528398,19.01879712551045,19.017065525552063,19.017065525552063,19.01879712551045,2.6623662404197814,2.6561946162037664,2.6561946162037664,2.6623662404197814,2.8758318713456377,2.879447030517364,2.879447030517364,2.8758318713456377,1.4571648798967904
350.0,65.533,41.551,6.012,4.655,2961.019,5.441585044500665,5.442068838809922,5.442068838809922,5.441585044500665,18.74861080989461,18.74726261131448,18.74726261131448,18.74861080989461,2.59869263412018,2.586495456782856,2.586495456782856,2.59869263412018,2.8344864386912416,2.8416462874561894,2.8416462874561894,2.8344864386912416,2.4394174194174583
350.0,65.608,56.797,4.532,4.257,1982.951,5.493729829042584,5.494208999216801,5.494208999216801,5.493729829042584,18.957053207393542,18.95572635110369,18.95572635110369,18.957053207393542,2.6448712257223974,2.6351336379914323,2.6351336379914323,2.6448712257223974,2.8634791784439377,2.8691975599343307,2.8691975599343307,2.8634791784439377,3.634601746924991
350.0,65.624,54.458,5.267,4.739,2947.42,5.463218482684368,5.46369544225592,5.46369544225592,5.463218482684372,18.84018439824214,18.83876003249347,18.83876003249347,18.840184398245885,2.619439194463026,2.609634581739521,2.609634581739521,2.619439194463026,2.8482169663392023,2.853970889182172,2.853970889182172,2.8482169663392023,2.449076305146389
350.0,65.7,11.008,4.263,4.361,3464.851,5.393305838521489,5.393741731815217,5.393741731815217,5.393305838521489,18.544335729856456,18.543716530676615,18.543716530676615,18.544335729856456,2.5619911063096668,2.5239982714468363,2.5239982714468363,2.5619911063096668,2.798084519248987,2.820405951196019,2.820405951196019,2.798084519248987,2.0871530102126767
350.0,65.829,74.345,4.211,6.279,407.667,5.966707922913389,5.966591367932989,5.966591367932989,5.966707922913389,20.5095533208624,20.50948169664267,20.50948169664267,20.5095533208624,2.955144140969099,2.9665851714149607,2.9665851714149607,2.955144140969099,3.0824638164136444,3.0754112700582734,3.0754112700582734,3.0824638164136444,17.2172285900219
350.0,65.879,32.767,4.319,4.461,700.685,5.623643184301315,5.622924695725682,5.622924695725682,5.623643184301315,19.427137958681403,19.421157053567537,19.421157053567537,19.427137958681403,2.736465766519576,2.734289653855374,2.734289653855374,2.736465766519576,2.9258254456464377,2.9270163966465463,2.9270163966465463,2.9258254456464377,10.201155912115428
350.0,65.925,32.703,5.34,2.628,1662.789,5.4794494338016175,5.479932099080131,5.479932099080131,5.4794494338016175,18.886649279254154,18.885621132389637,18.885621132389637,18.886649279254154,2.629224237549276,2.613546454302019,2.613546454302019,2.629224237549276,2.850885410324791,2.8601009150919228,2.8601009150919228,2.850885410324791,4.333338504304031
350.0,66.095,84.092,3.747,4.088,4237.616,5.503138588360367,5.503595986477578,5.503595986477578,5.503138588360367,19.01345196624625,19.01178336587424,19.01178336587424,19.01345196624625,2.660259596795531,2.6532757931894366,2.6532757931894366,2.660259596795531,2.874543630656341,2.878637715080712,2.878637715080712,2.874543630656341,1.70148378424358
350.0,66.111,42.244,3.509,5.955,4867.13,5.4339119940757135,5.434384546276389,5.434384546276389,5.4339119940757135,18.721638175978317,18.720222520653284,18.720222520653284,18.721638175978317,2.593385108006234,2.581433443619824,2.581433443619824,2.593385108006234,2.831822481159568,2.8388366559383185,2.8388366559383185,2.831822481159568,1.4845003368722918
350.0,66.296,30.259,2.915,4.339,2114.728,5.462042786212986,5.462517458485769,5.462517458485769,5.462042786212986,18.824433580756093,18.82400548661853,18.82400548661853,18.824433580756093,2.615994443823964,2.5994367338991973,2.5994367338991973,2.615994443823964,2.8469727045643998,2.856551570812396,2.856551570812396,2.8469727045643998,3.4096210594606515
350.0,66.499,17.193,4.947,6.336,2588.294,5.433992657575769,5.43445435943627,5.43445435943627,5.433992657575769,18.70538481595095,18.70450357354261,18.70450357354261,18.70538481595095,2.593458073012082,2.5668354000263616,2.5668354000263616,2.593458073012082,2.823599032215604,2.839245028335191,2.839245028335191,2.823599032215604,2.78840853109878
350.0,66.519,77.856,6.385,3.451,672.322,5.737367818041972,5.7373904276276,5.7373904276276,5.737367818041972,19.874437065177947,19.871477982473728,19.871477982473728,19.874437065177947,2.8309625129744123,2.839694846693559,2.839694846693559,2.8309625129744123,2.9951530784387006,2.989999843301269,2.989999843301269,2.9951530784387006,10.570536956026713
350.0,66.614,42.201,5.133,2.78,3770.293,5.454341651551103,5.454818055576928,5.454818055576928,5.454341651550611,18.800482046315096,18.799024938732494,18.799024938732494,18.80048204632021,2.6110733503332124,2.598842228226692,2.598842228226692,2.6110733503332124,2.8424464051573293,2.849626149972152,2.849626149972152,2.8424464051573293,1.9140685822936665
350.0,66.784,57.944,5.388,5.595,1878.496,5.527563493654288,5.5280339733693165,5.5280339733693165,5.527563493654288,19.087952284126768,19.086593386847337,19.086593386847337,19.087952284126768,2.6741313107892286,2.6641972670498397,2.6641972670498397,2.6741313107892286,2.8817851439461104,2.887621579995352,2.887621579995352,2.8817851439461104,3.82853317387067
350.0,66.829,69.288,4.239,3.296,3584.74,5.503690594983222,5.504152853623797,5.504152853623797,5.503690594983222,19.006686704081385,19.00507008124628,19.00507008124628,19.00668670408335,2.6578290141440872,2.6495356518901203,2.6495356518901203,2.6578290141440872,2.8728252658164504,2.8776906886928515,2.8776906886928515,2.8728252658164504,2.009783617928134
350.0,66.845,28.011,4.266,5.352,1380.093,5.5133533903937755,5.513839113963566,5.513839113963566,5.5133533903937755,19.0135551272011,19.012591796481704,19.012591796481704,19.0135551272011,2.657992400658924,2.63935219636916,2.63935219636916,2.657992400658924,2.8670161158016496,2.877979406085774,2.877979406085774,2.8670161158016496,5.209189041627203
350.0,66.849,91.929,3.169,5.148,3652.305,5.540516277040295,5.540964194116234,5.540964194116234,5.540516277040295,19.160918837464035,19.159203205364296,19.159203205364296,19.160918837464035,2.6933050124272904,2.6865770184108557,2.6865770184108557,2.6933050124272904,2.895244684089445,2.899189884629605,2.899189884629605,2.895244684089445,1.970189284335252
350.0,66.893,36.77,2.677,2.776,3978.502,5.435344724250843,5.435830834868164,5.435830834868164,5.435344724250843,18.74203621392726,18.743315196750245,18.743315196750245,18.74203621392726,2.606557067051319,2.592759115981714,2.592759115981714,2.606557067051319,2.8435795451294514,2.8515207822214306,2.8515207822214306,2.8435795451294514,1.813798643406632
350.0,66.921,29.49,5.743,5.103,2282.444,5.469883112984937,5.470358771235226,5.470358771235226,5.469883112984937,18.85091652612459,18.849744287642825,18.849744287642825,18.85091652612459,2.6226572044266656,2.605562520934216,2.605562520934216,2.6226572044266656,2.846727923907039,2.856773726722034,2.856773726722034,2.846727923907039,3.1573356676395323
350.0,66.971,90.743,3.515,4.029,1929.948,5.587706498545169,5.587348539976626,5.587348539976626,5.587706498545169,19.336478856813603,19.33134456038925,19.33134456038925,19.336478856813603,2.7258095525217225,2.727044689551813,2.727044689551813,2.7258095525217225,2.9211868660470808,2.920300070161576,2.920300070161576,2.9211868660470808,3.7183465606749415
350.0,67.317,91.076,5.996,5.009,741.084,5.761572870256568,5.761632957713415,5.761632957713415,5.761572870256568,19.9638090431243,19.960890384046287,19.960890384046287,19.9638090431243,2.8519982902558434,2.8600474609947963,2.8600474609947963,2.8519982902558434,3.009362443969633,3.0046099020388466,3.0046099020388466,3.009362443969633,9.57761151543016
350.0,67.411,68.646,3.437,3.976,3257.756,5.5210747312735835,5.521528305379688,5.521528305379688,5.5210747312735835,19.07281867047557,19.071252568233724,19.071252568233724,19.07281867047557,2.672444925082983,2.663923470098068,2.663923470098068,2.672444925082983,2.8819200515715715,2.886921938839928,2.886921938839928,2.8819200515715715,2.208973944518521
350.0,67.44,70.736,5.05,2.63,666.084,5.7524114183531,5.7524479082931,5.7524479082931,5.7524114183531,19.925338714923225,19.922234599353143,19.922234599353143,19.925338714923225,2.8404307532632678,2.850065209683289,2.850065209683289,2.8404307532632678,3.002840381470905,2.9971561648603195,2.9971561648603195,3.002840381470905,10.653522788775888
350.0,67.567,21.709,2.735,4.546,3569.757,5.434841274286305,5.435398557455627,5.435398557455627,5.434841274286305,17.771222511099893,17.837525839075006,17.837525839075006,17.771222511099893,2.6063010636606863,2.584229122717329,2.584229122717329,2.6063010636606863,2.693300105758953,2.69483882036384,2.69483882036384,2.693300105758953,2.020286128156238
350.0,67.641,98.55,6.125,5.232,4184.875,5.567560429244085,5.567001094507841,5.567001094507841,5.567560429244085,19.26896084346012,19.262842213601765,19.262842213601765,19.26896084346012,2.714624290741948,2.7130909944177333,2.7130909944177333,2.714624290741948,2.912710409562001,2.9133468365216824,2.9133468365216824,2.912710409562001,1.7170490409118102
350.0,67.651,45.237,4.569,3.032,4511.359,5.47484799834493,5.475316245296145,5.475316245296145,5.47484799834493,18.882927845909244,18.881373198029028,18.881373198029028,18.882927845909244,2.63007047909581,2.618292498369488,2.618292498369488,2.63007047909581,2.854660706386975,2.8615747131266493,2.8615747131266493,2.854660706386975,1.5976788221240694
350.0,68.079,15.032,5.123,4.52,787.372,5.619426215666933,5.618481975906362,5.618481975906362,5.619426215666933,19.404576546272352,19.398039542856477,19.398039542856477,19.404576546272352,2.739034572304537,2.719994526062948,2.719994526062948,2.739034572304537,2.9186542154018986,2.929764669008853,2.929764669008853,2.9186542154018986,9.06910914194853
350.0,68.46,92.075,2.84,4.694,493.468,5.985053007267898,5.9851036434810805,5.9851036434810805,5.985053007267898,20.69731489526912,20.694097921723767,20.694097921723767,20.69731489526912,2.984085930970425,2.993934085071796,2.993934085071796,2.984085930970425,3.1049329532884964,3.09904647554276,3.09904647554276,3.1049329532884964,14.183635530727624
350.0,68.542,86.174,3.231,4.575,3814.638,5.572802949688273,5.572261371249833,5.572261371249833,5.572802949688273,19.28159487039684,19.27555298615648,19.27555298615648,19.28159487039684,2.716152020207097,2.714664746518457,2.714664746518457,2.716152020207097,2.9143662229053935,2.915007654583341,2.915007654583341,2.9143662229053935,1.8818002383942527
350.0,68.705,80.506,2.844,3.391,2930.017,5.5684874874171255,5.568115255284964,5.568115255284964,5.5684874874171255,19.319489861557184,19.309621738749883,19.309621738749883,19.319489861557184,2.720716361784988,2.720222130958342,2.720222130958342,2.720716361784988,2.9204004554029006,2.9207151664851843,2.9207151664851843,2.9204004554029006,2.4480844425691046
350.0,68.749,60.034,4.881,2.672,2944.963,5.544511333993073,5.544959908050307,5.544959908050307,5.544511333993073,19.157472153182027,19.155925182475094,19.155925182475094,19.157472153182027,2.6908717787526637,2.6810147296054883,2.6810147296054883,2.6908717787526637,2.8932632545627626,2.8990534358145235,2.8990534358145235,2.8932632545627626,2.4386969228359545
350.0,68.758,90.525,6.115,6.35,3436.404,5.591213856715772,5.59095192259171,5.59095192259171,5.591213856715772,19.35292952047532,19.348150251325286,19.348150251325286,19.35292952047532,2.730454903060573,2.7324084993967044,2.7324084993967044,2.730454903060573,2.9257358091377794,2.924455033540243,2.924455033540243,2.9257358091377794,2.086820123225208
350.0,68.803,17.003,4.829,3.114,2391.38,5.489300775728675,5.489754601091849,5.489754601091849,5.489300775728675,18.920720243279533,18.91976005548457,18.91976005548457,18.920720243279533,2.6430269150632344,2.614539285422928,2.614539285422928,2.6430269150632344,2.8533917608528814,2.8701449717032523,2.8701449717032523,2.8533917608528814,3.007464783108456
350.0,68.815,57.337,4.253,3.097,1594.151,5.595550245908529,5.595017789120757,5.595017789120119,5.595550245908529,19.346001730864334,19.34033600656348,19.340336006632857,19.346001730864334,2.725125041894115,2.724409658866608,2.724409658866608,2.725125041894115,2.921008021605421,2.9212859121897763,2.9212859121897763,2.921008021605421,4.491775763690704
350.0,68.821,81.774,2.691,4.059,2584.402,5.572829871503082,5.572419808278994,5.572419808278994,5.572829871503082,19.409885986198773,19.41275528404172,19.41275528404172,19.409885986198773,2.7298032280127007,2.731750356661153,2.731750356661153,2.7298032280127007,2.9318295196136046,2.93138142943506,2.93138142943506,2.9318295196136046,2.7732662063508973
350.0,68.904,61.556,6.256,3.072,2940.345,5.55092635831537,5.551383212170824,5.551383212170824,5.55092635831537,19.182896032478286,19.181230461146505,19.181230461146505,19.182896032478286,2.696518943135952,2.6868052284045367,2.6868052284045367,2.696518943135952,2.8969047010310605,2.902608869019105,2.902608869019105,2.8969047010310605,2.4416665325971767
350.0,68.98,33.843,3.704,2.945,1160.667,5.60104800666815,5.600306926619433,5.600306926619433,5.601048006668157,19.350572107392548,19.3442934331087,19.3442934331087,19.35057210737267,2.725083607295732,2.719127659555564,2.719127659555564,2.725083607295732,2.9180803354491824,2.92144495626554,2.92144495626554,2.9180803354491824,6.161789334554336
350.0,69.44,93.599,2.584,6.096,3638.862,5.5815944414151035,5.581156475879403,5.581156475879403,5.5815944414151035,19.548830152765916,19.556479406026213,19.556479406026213,19.548830152765916,2.745230672203679,2.749532193494645,2.749532193494645,2.745230672203679,2.9418418738986887,2.9413507110325923,2.9413507110325923,2.9418418738986887,1.9681565747489873
350.0,69.526,17.038,2.737,3.114,2958.447,5.473732643934411,5.474211477693857,5.474211477693857,5.473732643934411,18.952151466335778,18.95723901818448,18.95723901818448,18.952151466335778,2.645962195785455,2.6173462283929334,2.6173462283929334,2.645962195785455,2.861733580047813,2.8785360190289606,2.8785360190289606,2.861733580047813,2.4301580872693087
350.0,69.586,87.217,5.234,3.533,4870.312,5.590767630408752,5.59050463219452,5.59050463219452,5.590767630408752,19.350665432312454,19.34580385448023,19.34580385448023,19.350665432312454,2.7302476806209004,2.732054499754854,2.732054499754854,2.7302476806209004,2.9260655197261127,2.924869782111996,2.924869782111996,2.9260655197261127,1.471953239536281
350.0,69.637,87.845,5.037,4.228,1730.922,5.663914177450288,5.66400916371614,5.66400916371614,5.663914177450288,19.619107113513728,19.615730959954767,19.615730959954767,19.619107113513728,2.7838115515395367,2.7904087405934965,2.7904087405934965,2.7838115515395367,2.964217090198959,2.9602886502286014,2.9602886502286014,2.964217090198959,4.123008271203689
350.0,69.688,45.763,6.463,3.909,454.348,5.968296651526891,5.968202509593476,5.968202509593476,5.968296651526891,20.506602706239438,20.506182043303085,20.506182043303085,20.506602706239438,2.9498832696879784,2.967006170654756,2.967006170654756,2.9498832696879784,3.0857278793558773,3.0753294061755514,3.0753294061755514,3.0857278793558773,15.412285838794698
350.0,69.901,71.503,6.48,4.528,1730.866,5.640202432969321,5.6401356831231295,5.6401356831231295,5.640202432969321,19.521917361091766,19.51797567918753,19.51797567918753,19.521917361091766,2.7618121890808127,2.767599294132267,2.767599294132267,2.7618121890808127,2.949511501809935,2.946047099015044,2.946047099015044,2.949511501809935,4.126607689266422
350.0,70.052,13.502,6.391,4.957,4893.423,5.4765033231223965,5.476946126752778,5.476946126752778,5.4765033231223965,18.87373631607213,18.872621231623125,18.872621231623125,18.87373631607213,2.6365377827859517,2.601928034585968,2.601928034585968,2.6365377827859517,2.8466410805041304,2.86699038755898,2.86699038755898,2.8466410805041304,1.4700807092847348
350.0,70.393,40.803,3.079,2.682,3389.959,5.540772898513749,5.541224297762013,5.541224297762013,5.540772898513749,19.153497143164927,19.15269246481729,19.15269246481729,19.153497143164927,2.688931498525972,2.674981651825646,2.674981651825646,2.688931498525972,2.8959078977730086,2.904024103665914,2.904024103665914,2.8959078977730086,2.116171698101225
350.0,70.421,94.677,3.552,6.47,570.851,6.018854025712689,6.0189818189070365,6.0189818189070365,6.018854025712689,20.671976634430536,20.67312447052348,20.67312447052348,20.671976634430536,2.9933142622049687,3.003073727866564,3.003073727866564,2.9933142622049687,3.1119194327593998,3.1056779811166417,3.1056779811166417,3.1119194327593998,12.244264542004608
350.0,70.443,37.183,5.418,4.952,2708.815,5.552319876301385,5.552784020909961,5.552784020909961,5.552319876301385,19.174492141967622,19.172915843554648,19.172915843554648,19.174492141967622,2.695065057505865,2.67979677873012,2.67979677873012,2.695065057505865,2.8937976971837296,2.9027731483828787,2.9027731483828787,2.8937976971837296,2.6466534881081163
350.0,70.61,29.057,2.862,3.449,1385.101,5.591534090377764,5.590948176808444,5.590948176808444,5.591534090377764,19.344061709254184,19.326131902569173,19.326131902569173,19.344061709254184,2.731639006066225,2.7252242752867484,2.7252242752867484,2.731639006066225,2.926491808258617,2.9288638729016228,2.9288638729016228,2.926491808258617,5.157934048575192
350.0,70.64,16.425,4.943,3.427,4495.01,5.497522998222584,5.497963722688591,5.497963722688591,5.497522998222584,18.956059759646603,18.954895234039864,18.954895234039864,18.956059759646603,2.6528086491799927,2.6230310050933774,2.6230310050933774,2.6528086491799927,2.859635528910752,2.877147147274629,2.877147147274629,2.859635528910752,1.5985033545791387
350.0,70.756,30.436,3.199,5.571,3253.952,5.537696094463468,5.5381526199124,5.5381526199124,5.537696094463468,19.11601573775988,19.1145291171837,19.1145291171837,19.11601573775988,2.683302446906075,2.6653133216098364,2.6653133216098364,2.683302446906075,2.8851890180717565,2.895765891028223,2.895765891028223,2.8851890180717565,2.204355668498061
350.0,70.826,98.67,2.984,2.58,1871.408,5.696612941055419,5.696797267104733,5.696797267104733,5.696612941055419,19.831411734268706,19.828164884018676,19.828164884018676,19.831411734268706,2.8219758492389615,2.82903219207888,2.82903219207888,2.8219758492389615,2.993735417595364,2.9896364290609694,2.9896364290609694,2.993735417595364,3.802247684188013
350.0,71.066,68.13,5.541,3.247,4873.079,5.594670566145361,5.594335286575881,5.594335286575881,5.594670566145361,19.354920921480847,19.34961462385364,19.34961462385364,19.354920921480847,2.7297924015612,2.730769734476975,2.730769734476975,2.7297924015612,2.926388345772049,2.925678427478895,2.925678427478895,2.926388345772049,1.4691634553600992
350.0,71.119,11.776,4.646,3.451,3109.282,5.517920507582408,5.518349080611821,5.518349080611821,5.517920507582408,19.030998825047647,19.030098086341415,19.030098086341415,19.030998825047647,2.673697021072199,2.633223840664042,2.633223840664042,2.673697021072199,2.8662606605851604,2.890073276350965,2.890073276350965,2.8662606605851604,2.3076074961088078
350.0,71.419,83.501,3.567,5.124,736.881,5.906064577821158,5.906210745914275,5.906210745914275,5.906064577821158,20.366706301703864,20.365803263225928,20.365803263225928,20.366706301703864,2.9327983511697937,2.9427981856605325,2.9427981856605325,2.9327983511697937,3.0697726149686173,3.0636395416941844,3.0636395416941844,3.0697726149686173,9.541254264695423
350.0,71.469,25.038,3.432,2.892,3500.337,5.542042954256922,5.542494341888418,5.542494341888415,5.542042954256922,19.130233922602645,19.128799849395826,19.128799849395985,19.130233922602645,2.6878204404818944,2.6663136538893606,2.6663136538893606,2.6878204404818944,2.886329363992112,2.8989781396028604,2.8989781396028604,2.886329363992112,2.0478862829582622
350.0,71.529,67.802,5.499,3.734,4363.946,5.610540178448011,5.610333087926931,5.610333087926931,5.610540178448011,19.413822940993025,19.409188811024677,19.409188811024677,19.413822940993025,2.7413997334385027,2.7445475947064315,2.7445475947064315,2.7413997334385027,2.9355815191306145,2.933629008835324,2.933629008835324,2.9355815191306145,1.6387599057580873
350.0,71.535,73.222,3.582,2.857,3473.863,5.631809760454932,5.631771327158653,5.631771327158653,5.631809760454932,19.49543036489941,19.49138147528636,19.49138147528636,19.49543036489941,2.758147181206414,2.763486775805079,2.763486775805079,2.758147181206414,2.9478665998483047,2.944654208938564,2.944654208938564,2.9478665998483047,2.0563492323326185
350.0,72.057,46.408,5.729,3.988,4785.487,5.582153403060053,5.581510050612448,5.581510050612448,5.582153403060053,19.29594810154712,19.289541365153053,19.289541365153053,19.29594810154712,2.717897236307167,2.7125556823320984,2.7125556823320984,2.717897236307167,2.91567864231026,2.9186149750657187,2.9186149750657187,2.91567864231026,1.4955993607108369
350.0,72.254,96.126,3.916,3.5,3712.004,5.692480776204232,5.692690838987342,5.692690838987342,5.692480776204232,19.732573875499096,19.729549877340094,19.729549877340094,19.732573875499096,2.8101756291807254,2.817125687046336,2.817125687046336,2.8101756291807254,2.9837084204802378,2.9795821242791245,2.9795821242791245,2.9837084204802378,1.918148054385172
350.0,72.532,62.044,5.449,5.636,1324.281,5.7303760873541485,5.730492847025924,5.730492847025924,5.7303760873541485,19.84707105193061,19.843745563286028,19.843745563286028,19.84707105193061,2.8268105683274496,2.83690242414927,2.83690242414927,2.8268105683274496,2.997508698542512,2.991544201970047,2.991544201970047,2.997508698542512,5.356741512998187
350.0,72.766,28.448,5.375,5.12,480.153,6.012594340466618,6.012418676263374,6.012418676263374,6.012594340466601,20.62247608097579,20.62257125394397,20.62257125394397,20.622476083425703,2.9678890586123288,2.9923986999667,2.9923986999667,2.9678890586123288,3.1060610035980525,3.091217500859837,3.091217500859837,3.1060610035980525,14.522783793095137
350.0,73.027,57.677,4.825,5.206,4147.718,5.633838697694654,5.633709314032848,5.633709314032848,5.633838697694654,19.495031981876476,19.490696416126028,19.490696416126028,19.495031981876476,2.7569703314827305,2.762047450699923,2.762047450699923,2.7569703314827305,2.9480648638251226,2.945008347354897,2.945008347354897,2.9480648638251226,1.7203888546381665
350.0,73.058,55.71,3.267,3.789,667.39,5.925040757175825,5.9250407323440735,5.9250407323440735,5.925040757175825,20.431691480247917,20.43159921352865,20.43159921352865,20.431691480247917,2.9391108821734795,2.953679115184232,2.953679115184232,2.9391108821734795,3.078990108951481,3.070188977489421,3.070188977489421,3.078990108951481,10.503769118160829
350.0,73.071,56.219,2.947,6.126,614.434,5.945904859542598,5.94629892955872,5.94629892955872,5.945904859543277,20.671616077193203,20.66419480553411,20.66419480553411,20.671616077189757,2.959952723308351,2.9743533278890726,2.9743533278890726,2.959952723308351,3.095199899679701,3.086536486799564,3.086536486799564,3.095199899679701,11.382440292811754
350.0,73.243,28.768,2.621,4.735,360.308,6.209861359834985,6.209419868970531,6.209419868970531,6.209861359834985,21.61871272368479,21.62951712800898,21.62951712800898,21.61871272368479,3.086755079758678,3.1182031902064646,3.1182031902064646,3.086755079758678,3.199600960818648,3.182330047963621,3.182330047963621,3.199600960818648,19.043813602715154
350.0,73.259,49.155,3.501,3.601,4506.76,5.620582763550889,5.6203068297012315,5.6203068297012315,5.620582763550889,19.441305442397827,19.436345667414933,19.436345667414933,19.441305442397827,2.7458391928643855,2.748525657720072,2.748525657720072,2.7458391928643855,2.93950309990712,2.9378361191500963,2.9378361191500963,2.93950309990712,1.5840440441254922
350.0,73.296,26.238,6.025,5.259,973.367,5.7352617854237,5.735015733856573,5.735015733856573,5.7352617854237,19.842676351780025,19.838345203621056,19.838345203621056,19.842676351780025,2.820161184001876,2.8316365568761563,2.8316365568761563,2.820161184001876,2.994835503327653,2.9880693958314595,2.9880693958314595,2.994835503327653,7.275327136346429
350.0,73.882,50.43,3.78,4.063,2486.403,5.6747082103411195,5.674676378548099,5.674676378548099,5.6747082103411195,19.640431210642696,19.63647028339153,19.63647028339153,19.640431210642696,2.7848998369416225,2.7930980106352195,2.7930980106352195,2.7848998369416225,2.969185200715101,2.9643185214515655,2.9643185214515655,2.969185200715101,2.8611192838035087
350.0,73.992,11.623,4.774,3.377,4967.765,5.566352065812433,5.565952210312784,5.565952210312784,5.566352065812433,19.21832360021712,19.213791410181216,19.213791410181216,19.21832360021712,2.715751910008056,2.6733780439529204,2.6733780439529204,2.715751910008056,2.8933791098652333,2.917917077018677,2.917917077018677,2.8933791098652333,1.4392887093302578
350.0,74.159,48.064,3.237,3.359,3401.693,5.6501800912951845,5.650073634030291,5.650073634030291,5.6501800912951845,19.579400272085284,19.56627287406068,19.56627287406068,19.579400272085284,2.771644464644778,2.778342454959936,2.778342454959936,2.771644464644778,2.963402676423423,2.9580916887807165,2.9580916887807165,2.963402676423423,2.093340971673811
350.0,74.551,23.349,5.371,5.512,1065.511,5.747841348958072,5.747593399334065,5.747593399334065,5.747841348958072,19.887850746276655,19.8834570534038,19.8834570534038,19.887850746276655,2.8294234161224456,2.841507855079884,2.841507855079884,2.8294234161224456,3.0024139762077824,2.995291773997357,2.995291773997357,3.0024139762077824,6.637551049743057
350.0,74.759,85.076,3.772,4.557,3261.813,5.751393203083837,5.751660932575352,5.751660932575352,5.751393203083837,19.940327313264927,19.93728031470611,19.93728031470611,19.940327313264927,2.851486383296555,2.8600414338815003,2.8600414338815003,2.851486383296555,3.014608807571496,3.0095461068247467,3.0095461068247467,3.014608807571496,2.1719355218720304
350.0,74.796,15.337,5.586,2.799,3906.495,5.605527643422142,5.6047775746920285,5.6047775746920285,5.605527643422142,19.367131376885816,19.360739447618503,19.360739447618503,19.367131376885816,2.7377490817797496,2.7170405725117925,2.7170405725117925,2.7377490817797496,2.921079387068393,2.9331413530544093,2.9331413530544093,2.921079387068393,1.8261278957564795
350.0,74.873,57.866,5.144,4.398,473.679,6.228873883821075,6.228979902628498,6.228979902628498,6.228873883821075,21.19990651039501,21.211514426214745,21.211514426214745,21.19990651039501,3.086780616677607,3.104505639771405,3.104505639771405,3.086780616677607,3.1905472044645395,3.1787969828007667,3.1787969828007667,3.1905472044645395,14.522226151976453
350.0,75.159,41.859,5.036,3.165,4213.002,5.661150394418734,5.661023300768076,5.661023300768076,5.661150394418734,19.587745014724053,19.583280952850625,19.583280952850625,19.587745014724053,2.7744881332339104,2.7811693977154808,2.7811693977154808,2.7744881332339104,2.9622446273381,2.9582618307513537,2.9582618307513537,2.9622446273381,1.6888912187949985
350.0,75.428,31.719,5.859,3.119,1873.871,5.7077202065581645,5.707575678018267,5.707575678018267,5.7077202065581645,19.750042226590903,19.74576734503339,19.74576734503339,19.750042226590903,2.804593766433415,2.8145604295098026,2.8145604295098026,2.804593766433415,2.9847672685903914,2.978875570102588,2.978875570102588,2.9847672685903914,3.7842289717517663
350.0,75.549,48.2,4.919,3.615,871.25,5.911502462475251,5.911634216171843,5.911634216171843,5.911502462475251,20.37138708793326,20.37023987636297,20.37023987636297,20.37138708793326,2.9280717023356484,2.9439581400594004,2.9439581400594004,2.9280717023356484,3.073841835532967,3.0642410927705015,3.0642410927705015,3.073841835532967,8.046688856943392
350.0,75.904,21.594,5.673,5.29,750.468,5.900257624066327,5.9000136290855085,5.9000136290855085,5.900257624066327,20.326498563559227,20.324333628058724,20.324333628058724,20.326498563559227,2.9121667070123705,2.9344470149500745,2.9344470149500745,2.9121667070123705,3.0673827512921004,3.05406471135348,3.05406471135348,3.0673827512921004,9.33908258928117
350.0,75.909,65.299,3.238,3.745,4950.917,5.709890887553376,5.710069513202749,5.710069513202749,5.709890887553376,19.835550557002577,19.832523870140143,19.832523870140143,19.835550557002577,2.8251857488444543,2.8349247867339384,2.8349247867339384,2.8251857488444543,3.0007975639341704,2.994966737624099,2.994966737624099,3.0007975639341704,1.4323207746118458
350.0,76.025,71.29,2.577,6.206,3617.035,5.702071088925929,5.701870628048382,5.701870628047072,5.702071088925929,20.32563463126999,20.32896303337544,20.328963064934488,20.32563463126999,2.846742242796076,2.856832437374004,2.856832437374004,2.846742242796076,3.0106218984904776,3.0058360169474763,3.0058360169474763,3.0106218984904776,1.956686591161352
350.0,76.141,90.489,4.381,3.143,1977.057,5.874640208021243,5.874947797283622,5.874947797283622,5.874640208021243,20.29986710482622,20.298723593866196,20.298723593866196,20.29986710482622,2.9241154989708447,2.933334042879512,2.933334042879512,2.9241154989708447,3.0665757047227573,3.060924218672631,3.060924218672631,3.0665757047227573,3.5570772440813743
350.0,76.179,53.689,5.474,6.286,4167.572,5.714170343880257,5.714293995024397,5.714293995024176,5.714170343880257,19.78858863418041,19.78510386036377,19.78510386078904,19.78858863418041,2.816233308271076,2.8266084448183384,2.8266084448183384,2.816233308271076,2.99314215515983,2.9870053777868244,2.9870053777868244,2.99314215515983,1.701657751947532
350.0,76.733,74.59,3.677,6.305,4199.459,5.77492291145152,5.775193579643967,5.775193579643967,5.77492291145152,20.019524418576335,20.008659078037223,20.008659078037223,20.019524418576335,2.866435477351979,2.876327387266924,2.876327387266924,2.866435477351979,3.0273538293610045,3.019844570585257,3.019844570585257,3.0273538293610045,1.6826914523659768
350.0,77.277,44.407,6.404,5.001,4352.979,5.725285412410914,5.725371423065365,5.725371423065365,5.725285412410914,19.824028900079146,19.8203992191702,19.8203992191702,19.824028900079146,2.822149054227117,2.833726218161662,2.833726218161662,2.822149054227117,2.9987884255536015,2.991948077997777,2.991948077997777,2.9987884255536015,1.626953981246568
350.0,77.514,35.849,3.064,3.581,2997.826,5.709193567842092,5.709171060555686,5.709171060555686,5.709193567842092,19.86821264964082,19.85699319412334,19.85699319412334,19.86821264964082,2.82606774911144,2.838696945589,2.838696945589,2.82606774911144,3.0056569784909706,2.9970088941158974,2.9970088941158974,3.0056569784909706,2.359941755136698
350.0,77.639,72.636,5.069,4.48,2641.903,5.84600548048787,5.84630638103179,5.84630638103179,5.84600548048787,20.216181766542743,20.205898771234292,20.205898771234292,20.216181766542743,2.905130919820781,2.916039412926718,2.916039412926718,2.905130919820781,3.055660541458922,3.047564997067602,3.047564997067602,3.055660541458922,2.6633005391101965
350.0,77.643,33.348,2.975,4.773,3417.497,5.694667754439782,5.694002469116446,5.694002469116446,5.694667754439782,19.89841429215592,19.90049227771185,19.90049227771185,19.89841429215592,2.8182844980774364,2.830542470273095,2.830542470273095,2.8182844980774364,3.00156417686112,2.99382833425775,2.99382833425775,3.00156417686112,2.071253410208908
350.0,78.003,36.065,4.095,4.269,2545.428,5.763880932084354,5.763946525097283,5.763946525097283,5.763880932084354,19.95744577967281,19.953773127387105,19.953773127387105,19.95744577967281,2.846789444716092,2.8610954037944865,2.8610954037944865,2.846789444716092,3.0179664959606547,3.009529551845367,3.009529551845367,3.0179664959606547,2.773732585741872
350.0,78.257,11.411,5.455,4.286,956.801,5.883758675194797,5.883173957514585,5.883173957514585,5.883758675194797,20.283691427772126,20.270682847823696,20.270682847823696,20.283691427772126,2.9067205605043225,2.922403590246423,2.922403590246423,2.9067205605043225,3.0612041379101544,3.050531414188205,3.050531414188205,3.0612041379101544,7.323366084052456
350.0,78.375,59.08,2.981,3.667,2509.603,5.803998984172531,5.804169036739937,5.804169036739937,5.803998984172531,20.27561663865672,20.284769931609738,20.284769931609738,20.27561663865672,2.8972253466332223,2.9101060671600214,2.9101060671600214,2.8972253466332223,3.0540545868718176,3.0474464912719106,3.0474464912719106,3.0540545868718176,2.802580300751629
350.0,78.495,21.115,5.293,6.108,434.346,6.353661289084302,6.35350938294632,6.35350938294632,6.353661289084302,21.495985304910487,21.513530926196488,21.513530926196488,21.495985304910487,3.125688939431305,3.16692503632576,3.16692503632576,3.125688939431305,3.2402133831047775,3.213904612701642,3.213904612701642,3.2402133831047775,15.665739545726773
350.0,78.667,26.121,5.868,5.731,1589.165,5.823547666997363,5.823448486913533,5.823448486913533,5.823547666997363,20.130002846658265,20.117958763720324,20.117958763720324,20.130002846658265,2.878014918332756,2.896241693799598,2.896241693799598,2.878014918332756,3.0427870280661966,3.0305015017947308,3.0305015017947308,3.0427870280661966,4.425120793824352
350.0,78.672,12.291,6.44,3.372,4696.006,5.697032327732167,5.696521068548645,5.696521068548645,5.697032327732167,19.705088521649888,19.69977272666691,19.69977272666691,19.705088521649888,2.802932710566852,2.7960995453448767,2.7960995453448767,2.802932710566852,2.9755256446871003,2.979527988525282,2.979527988525282,2.9755256446871003,1.5086624643094804
350.0,78.84,12.109,4.605,6.129,2836.024,5.730067397840274,5.7296000201453205,5.7296000201453205,5.730067397840247,19.823854322597775,19.818755912799112,19.818755912799112,19.823854323063824,2.824365590271256,2.822930395044545,2.822930395044545,2.824365590271256,2.9935561257584085,2.9943927089172044,2.9943927089172044,2.9935561257584085,2.4925928314313173
350.0,78.939,78.021,3.067,5.303,2425.369,5.893090558570683,5.893078139589496,5.893078139589496,5.893090558570683,20.54449123300881,20.54305922485497,20.54305922485497,20.54449123300881,2.949765774938818,2.961033643650397,2.961033643650397,2.949765774938818,3.089527399756242,3.08338702171197,3.08338702171197,3.089527399756242,2.8866111043302096
350.0,78.964,85.183,3.837,3.387,2174.011,5.969252869461487,5.969620128419488,5.969620128419488,5.969252869461487,20.555925474926028,20.55635866536653,20.55635866536653,20.555925474926028,2.973991159054738,2.9845641803080305,2.9845641803080305,2.973991159054738,3.105354489961988,3.098713924366741,3.098713924366741,3.105354489961988,3.2132566210391555
350.0,79.049,39.277,2.743,5.093,2436.395,5.761061614390356,5.760991393474779,5.760991393474779,5.761061614390356,20.427861420662563,20.421055018867,20.421055018867,20.427861420662563,2.8751632490632746,2.891221777110459,2.891221777110459,2.8751632490632746,3.0312260174860843,3.024898438566358,3.024898438566358,3.0312260174860843,2.888630422139326
350.0,79.347,27.623,5.113,2.579,759.113,6.0705692019188415,6.070617484200116,6.070617484200116,6.0705692019188415,20.785567483483018,20.79090560500896,20.79090560500896,20.785567483483018,3.0018419296683234,3.0291186135678285,3.0291186135678285,3.0018419296683234,3.1378692088214417,3.121184983301624,3.121184983301624,3.1378692088214417,9.130675557960087
350.0,79.382,77.658,3.519,5.88,552.542,6.4351017841992695,6.435378096482636,6.435378096482636,6.4351017841992695,21.80923715302172,21.83604657520608,21.83604657520608,21.80923715302172,3.195867010024084,3.2122866144457607,3.2122866144457607,3.195867010024084,3.2810106661024965,3.2682227861879736,3.2682227861879736,3.2810106661024965,12.229909501671989
350.0,79.636,72.028,2.769,4.764,1148.082,6.028796955269008,6.028921932325968,6.028921932325968,6.028796955269008,21.26864622087059,21.27434751821707,21.27434751821707,21.26864622087059,3.026377252251791,3.0399487113341714,3.0399487113341714,3.026377252251791,3.149514645619352,3.1414673745220703,3.1414673745220703,3.149514645619352,6.036231333904539
350.0,80.078,25.31,2.829,4.535,1286.71,5.8697367311657205,5.869553066571544,5.869553066571544,5.8697367311657205,20.71788073805516,20.70483545470826,20.70483545470826,20.71788073805516,2.926737897230409,2.950008394903577,2.950008394903577,2.926737897230409,3.0847916788472167,3.0731102373840176,3.0731102373840176,3.0847916788472167,5.4321917971446645
350.0,80.141,43.937,6.272,3.437,3801.501,5.830673094480077,5.830874029344528,5.830874029344528,5.83067309448018,20.16470298643632,20.15429110296416,20.15429110296416,20.164702985298735,2.8899421049196747,2.905485627264777,2.905485627264777,2.8899421049196747,3.0502443606289376,3.0393936776936403,3.0393936776936403,3.0502443606289376,1.8491691807055324
350.0,80.18,43.775,6.268,5.981,3060.526,5.850565390265089,5.850777114061294,5.850777114061294,5.850565390265089,20.2183589585906,20.20807953410106,20.20807953410106,20.2183589585906,2.900241987699128,2.9162774211993527,2.9162774211993527,2.900241987699128,3.0578287197470697,3.046698317323013,3.046698317323013,3.0578287197470697,2.2943102303988963
350.0,80.218,48.25,2.78,6.48,3747.392,5.792255287282003,5.792317338696352,5.792317338696352,5.792255287282003,20.53834114641103,20.540031312138517,20.540031312138517,20.53834114641103,2.8971181556221737,2.9122211038265737,2.9122211038265737,2.8971181556221737,3.0562322604859906,3.045580389923622,3.045580389923622,3.0562322604859906,1.8743881813793613
350.0,80.421,55.035,4.819,3.334,3140.486,5.893103831622704,5.893410782422343,5.893410782422343,5.893103831623067,20.33993846853404,20.338778465977445,20.338778465977445,20.339938466916497,2.9266673951011035,2.941060509348964,2.941060509348964,2.9266673951011035,3.0754880232618143,3.0667666456280345,3.0667666456280345,3.0754880232618143,2.2311111513559583
350.0,81.045,43.7,2.904,6.117,3673.035,5.819963455493481,5.819845375416928,5.819845375416928,5.819963455493481,20.534513255340645,20.5238585631932,20.5238585631932,20.534513255340645,2.908533362164276,2.9252618535179584,2.9252618535179584,2.908533362164276,3.069601952522373,3.0589503379282696,3.0589503379282696,3.069601952522373,1.9090746814592567
350.0,81.157,22.909,3.932,6.457,2470.939,5.851695545524344,5.8516172610599835,5.8516172610599835,5.851695545524344,20.211930191176588,20.200835641246524,20.200835641246524,20.211930191176588,2.8942507336057828,2.9144123704941385,2.9144123704941385,2.8942507336057828,3.057306679532799,3.0437843198315564,3.0437843198315564,3.057306679532799,2.8387875862210814
350.0,81.38,82.743,6.328,3.384,2016.566,6.090044374251782,6.090478145517679,6.090478145517679,6.090044374251782,20.87002450207476,20.877342376895168,20.877342376895168,20.87002450207476,3.0346028752834,3.046576914014297,3.046576914014297,3.0346028752834,3.152715463266168,3.144869459803339,3.144869459803339,3.152715463266168,3.435006503009371
350.0,81.401,39.42,3.298,3.622,4588.589,5.8304380551707835,5.830688015953612,5.830688015953612,5.8304380551707835,20.33626148948881,20.32946861657398,20.32946861657398,20.33626148948881,2.9033409331472058,2.920489388272731,2.920489388272731,2.9033409331472058,3.0610497754126875,3.051649748619154,3.051649748619154,3.0610497754126875,1.528918371284416
350.0,81.519,84.723,4.323,5.402,964.89,6.305112638324276,6.305545909710319,6.305545909710319,6.305112638324276,21.409596675769947,21.42674748586876,21.42674748586876,21.409596675769947,3.1339475208193184,3.147671660479868,3.147671660479868,3.1339475208193184,3.2294251520638126,3.2194250474595343,3.2194250474595343,3.2294251520638126,7.076127204445485
350.0,81.619,87.686,6.381,2.539,3731.06,6.041841187035831,6.042287772188977,6.042287772188977,6.041841187035831,20.75271329540773,20.754929011848844,20.754929011848844,20.75271329540773,3.0131304277586484,3.024114504767338,3.024114504767338,3.0131304277586484,3.136288135996077,3.129183967363689,3.129183967363689,3.136288135996077,1.862237746834096
350.0,81.727,82.675,5.906,5.712,3876.46,6.0259898423653935,6.026427624724756,6.026427624724756,6.0259898423653935,20.709121605886427,20.71086779781641,20.71086779781641,20.709121605886427,3.0039463627604794,3.0153849871925544,3.0153849871925544,3.0039463627604794,3.1300051713261574,3.1226870681310936,3.1226870681310936,3.1300051713261574,1.793833423432048
350.0,81.773,41.332,4.27,5.539,2602.71,5.9296668586696075,5.929930360288984,5.929930360288984,5.9296668586696075,20.432737989598365,20.43193864399249,20.43193864399249,20.432737989598365,2.941363934620883,2.959826831793156,2.959826831793156,2.941363934620883,3.0898800596631832,3.078704286280019,3.078704286280019,3.0898800596631832,2.68404549471186
350.0,81.926,62.411,5.105,2.85,1552.342,6.094699655287486,6.095078422040156,6.095078422040156,6.094699655287291,20.871827045654623,20.879066677893967,20.879066677893967,20.87182704930737,3.030526682246272,3.0459324900801112,3.0459324900801112,3.030526682246272,3.152763758679331,3.142906094830185,3.142906094830185,3.152763758679331,4.457661631107432
350.0,81.954,62.319,4.868,5.473,3018.488,5.990713599746065,5.991089808628293,5.991089808628293,5.990713599746065,20.606134156953985,20.606902832419998,20.606902832419998,20.606134156953985,2.9800400248195738,2.9942877767579885,2.9942877767579885,2.9800400248195738,3.114888104290165,3.1060361391042215,3.1060361391042215,3.114888104290165,2.30720091552859
350.0,82.178,22.385,5.944,2.644,512.688,6.440233000115279,6.440242795084178,6.440242795084178,6.440233000115279,21.706394911643248,21.73043439670143,21.73043439670143,21.706394911643248,3.1642842278534737,3.2074865687471035,3.2074865687471035,3.1642842278534737,3.275319493167854,3.2471002383012575,3.2471002383012575,3.275319493167854,13.16799570516716
350.0,82.185,88.581,2.99,5.297,733.194,6.428838972131234,6.429192670129803,6.429192670129803,6.428838972131234,22.31610474061317,22.310176706883663,22.310176706883663,22.31610474061317,3.213155382482455,3.228347441532499,3.228347441532499,3.213155382482455,3.2907327837146854,3.2825531987299974,3.2825531987299974,3.2907327837146854,9.179438538151402
350.0,82.198,97.66,4.718,3.769,638.391,6.642493518368962,6.64299761258824,6.64299761258824,6.642493518368962,22.243688622910355,22.241505462458765,22.241505462458765,22.243688622910355,3.2757811220163733,3.2911910233408177,3.2911910233408177,3.2757811220163733,3.3447445075380533,3.3357554880627216,3.3357554880627216,3.3447445075380533,10.420218641655168
350.0,82.211,18.557,6.154,3.067,4679.062,5.826712920457678,5.826519281861744,5.826519281861744,5.826712920457678,20.145375129242296,20.13409926229683,20.13409926229683,20.145375129242296,2.882167100490159,2.9002010966008607,2.9002010966008607,2.882167100490159,3.0482970236166325,3.035975444873716,3.035975444873716,3.0482970236166325,1.5004039507146667
350.0,82.226,90.211,4.79,6.476,3787.338,6.080084140799604,6.08055890599876,6.08055890599876,6.080084140799604,20.850144056964783,20.857349941098843,20.857349941098843,20.850144056964783,3.0328365038509078,3.0438771975841803,3.0438771975841803,3.0328365038509078,3.1513685860523286,3.1440915790516364,3.1440915790516364,3.1513685860523286,1.829833807349153
350.0,82.297,71.97,4.449,4.726,3649.975,6.02158075795106,6.022002627220341,6.022002627220341,6.02158075795106,20.69286788101151,20.694418272086978,20.694418272086978,20.69286788101151,2.998844524739755,3.011749169431988,3.011749169431988,2.998844524739755,3.1278674127084365,3.119707701961706,3.119707701961706,3.1278674127084365,1.9046905420661544
350.0,82.539,48.643,6.485,6.144,2886.885,5.976900313510569,5.9772331044047915,5.9772331044047915,5.976900313510569,20.563513224920968,20.563814086208957,20.563814086208957,20.563513224920968,2.9686595063636014,2.98591993649649,2.98591993649649,2.9686595063636014,3.109279048976461,3.0986990152714933,3.0986990152714933,3.109279048976461,2.412925955366836
350.0,82.685,66.56,3.861,5.516,414.96,6.914679179448213,6.91494119282119,6.91494119282119,6.914679179448213,22.971451620903974,22.96869087333745,22.96869087333745,22.971451620903974,3.3701563690886878,3.396190435644664,3.396190435644664,3.3701563690886878,3.445559191764344,3.4305695877928404,3.4305695877928404,3.445559191764344,15.605408125893591
350.0,82.685,95.544,4.891,2.925,4229.287,6.113958734927969,6.114453833302512,6.114453833302512,6.113958734927969,20.9403871709014,20.948988138548728,20.948988138548728,20.9403871709014,3.0508626316809595,3.061639871716432,3.061639871716432,3.0508626316809595,3.1649386165589872,3.1576749498842305,3.1576749498842305,3.1649386165589872,1.6349745984921478
350.0,82.897,33.707,3.036,3.767,1739.906,5.964317239000232,5.964249394336936,5.964249394336936,5.964317239000232,20.861932226988685,20.87345628119925,20.87345628119925,20.861932226988685,2.9790767145600943,3.0024268467849407,3.0024268467849407,2.9790767145600943,3.123745394957889,3.1111851401911186,3.1111851401911186,3.123745394957889,3.992188011181947
350.0,82.92,27.051,4.364,3.89,4459.978,5.885873501336648,5.8859637795238395,5.8859637795238395,5.885873501336648,20.311107324435746,20.309242802898964,20.309242802898964,20.311107324435746,2.914743740992824,2.9361798358722138,2.9361798358722138,2.914743740992824,3.073906394714756,3.061066285016243,3.061066285016243,3.073906394714756,1.568934945907032
350.0,82.979,78.791,4.245,2.772,651.022,6.585121889767694,6.585566106881392,6.585566106881392,6.585121889767694,22.06141752672756,22.100788790809176,22.100788790809176,22.06141752672756,3.2484917165562694,3.26635829128692,3.26635829128692,3.2484917165562694,3.32519295607532,3.3100957771603694,3.3100957771603694,3.32519295607532,10.259808357035642
350.0,83.048,90.026,6.236,5.32,1394.586,6.291989153801306,6.292493349223676,6.292493349223676,6.291989153801306,21.38152036807143,21.39819686408244,21.39819686408244,21.38152036807143,3.130516237823063,3.143463440631454,3.143463440631454,3.130516237823063,3.2275390406512567,3.218051565969899,3.218051565969899,3.2275390406512567,4.897632921260782
350.0,83.529,72.627,4.887,4.656,4071.807,6.07552390503322,6.075972717242709,6.075972717242709,6.07552390503322,20.831213324612776,20.83821350888564,20.83821350888564,20.831213324612776,3.026170578650447,3.0395623106985767,3.0395623106985767,3.026170578650447,3.1493655630343254,3.1407361555178435,3.1407361555178435,3.1493655630343254,1.7008340485978457
350.0,83.621,71.715,3.464,6.223,4459.563,6.040492644034844,6.040905656251408,6.040905656251408,6.040492644034844,20.86587037848909,20.872313442872624,20.872313442872624,20.86587037848909,3.0220924253616697,3.035581304716296,3.035581304716296,3.0220924253616697,3.146567697068556,3.1378984387858297,3.1378984387858297,3.146567697068556,1.553536142044486
350.0,83.925,22.883,4.285,4.172,2786.912,5.959258582791524,5.959322410735478,5.959322410735478,5.959258582791524,20.50606801962275,20.505315824005095,20.505315824005095,20.50606801962275,2.950176489379143,2.975965305497001,2.975965305497001,2.950176489379143,3.1029993867037566,3.0874647875228782,3.0874647875228782,3.1029993867037566,2.4989817855948413
350.0,84.03,69.196,4.103,4.14,4017.186,6.089663984443465,6.090123667935649,6.090123667935649,6.089663984443465,20.86654297738571,20.873936264909847,20.873936264909847,20.86654297738571,3.032162248156616,3.046301268096148,3.046301268096148,3.032162248156616,3.1547987500850128,3.145677474975649,3.145677474975649,3.1547987500850128,1.7219177123649745
350.0,84.104,61.363,6.173,3.187,4376.348,6.057745330062793,6.058174045408203,6.058174045408203,6.057745330062793,20.78042120187198,20.786699628354135,20.786699628354135,20.78042120187198,3.0142803507627267,3.0296049176988995,3.0296049176988995,3.0142803507627267,3.1425017057181712,3.1328060798255324,3.1328060798255324,3.1425017057181712,1.583425435190524
350.0,84.306,31.629,6.176,6.404,2532.169,6.018479233302532,6.018718773567188,6.018718773567188,6.018479233302532,20.66662445273687,20.667562444431432,20.667562444431432,20.66662445273687,2.9831897061068737,3.0075074039271814,3.0075074039271814,2.9831897061068737,3.1262171878612404,3.111388047282301,3.111388047282301,3.1262171878612404,2.740919348668387
350.0,84.324,15.238,6.449,5.12,688.519,6.337622321793868,6.337510263358681,6.337510263358681,6.337622321793868,21.459172965805244,21.476136768412115,21.476136768412115,21.459172965805244,3.1169265732947724,3.1643832505235068,3.1643832505235068,3.1169265732947724,3.2431822777308135,3.213275473237138,3.213275473237138,3.2431822777308135,9.867563458955695
350.0,84.412,81.061,3.102,4.131,2679.893,6.140901389602592,6.14104583149737,6.14104583149737,6.140901389602592,21.392284631349437,21.391174375368976,21.391174375368976,21.392284631349437,3.0840297344740675,3.097536079407315,3.097536079407315,3.0840297344740675,3.192574814897523,3.184935133017509,3.184935133017509,3.192574814897523,2.563291949726168
350.0,84.553,69.05,3.378,3.9,2914.127,6.110045447249011,6.110443745322397,6.110443745322397,6.110045447249011,21.123725337235488,21.133127669644757,21.133127669644757,21.123725337235488,3.0590117793003158,3.073865694638278,3.073865694638278,3.0590117793003158,3.168257871923231,3.158409028634908,3.158409028634908,3.168257871923231,2.3641945601587615
350.0,84.554,85.069,3.715,5.529,4978.681,6.142347355633331,6.142828936982629,6.142828936982629,6.142347355633332,21.07493272596445,21.08526460680453,21.08526460680453,21.074932733033528,3.0703768051211577,3.082833916210614,3.082833916210614,3.0703768051211577,3.183628436881233,3.175170650726849,3.175170650726849,3.183628436881233,1.3832474297903938
350.0,84.63,11.912,5.896,4.653,2429.88,5.972157176000019,5.971836035600588,5.971836035600588,5.972157176000019,20.53618231284408,20.53512973224932,20.53512973224932,20.53618231284408,2.9548263076681875,2.9799028028258547,2.9799028028258547,2.9548263076681875,3.106646198035078,3.091524492604373,3.091524492604373,3.106646198035078,2.8623551617080736
350.0,84.999,35.288,6.419,5.443,2710.368,6.056557207806312,6.056866189756777,6.056866189756777,6.056557207806312,20.76866841536096,20.770659306481875,20.770659306481875,20.76866841536096,3.003765159803093,3.027414267771792,3.027414267771792,3.003765159803093,3.141426523560664,3.1268655402220307,3.1268655402220307,3.141426523560664,2.554272971781295
350.0,85.07,79.459,4.809,6.454,649.021,6.748511425098379,6.749069400081102,6.749069400081102,6.748511425101468,22.47360920079288,22.471250779167175,22.471250779167175,22.473609262435176,3.309369274695447,3.32926828346727,3.32926828346727,3.309369274695447,3.379334967599654,3.367856179032004,3.367856179032004,3.379334967599654,10.140349431854531
350.0,85.539,51.328,3.801,6.441,3440.703,6.101181831837025,6.101573307867596,6.101573307867596,6.101181831837025,20.93911236037548,20.947271158898392,20.947271158898392,20.93911236037548,3.0388643987500683,3.057596356432814,3.057596356432814,3.0388643987500683,3.1652791530264937,3.153374732067301,3.153374732067301,3.1652791530264937,2.0049679020181546
350.0,85.619,94.704,3.621,2.831,306.709,8.242135519117598,8.241818574355722,8.241818574355722,8.242135519117598,25.81001571992531,25.861427915042345,25.861427915042345,25.81001571992531,3.63004916767368,3.672947276480076,3.672947276480076,3.63004916767368,3.784086808165568,3.756705820696335,3.756705820696335,3.784086808165568,17.69089463992556
350.0,85.629,40.195,2.634,4.072,4530.069,5.966654577102252,5.96666540442019,5.96666540442019,5.966654577102252,21.45615588634701,21.450778525220805,21.450778525220805,21.45615588634701,2.9991399651076844,3.020896351724337,3.020896351724337,2.9991399651076844,3.1201479111585626,3.1069645719473886,3.1069645719473886,3.1201479111585626,1.5283077177604496
350.0,85.806,85.448,5.729,3.172,3389.809,6.268796923450569,6.269364159479986,6.269364159479986,6.268796923450569,21.325416251480995,21.34105138942664,21.34105138942664,21.325416251480995,3.1203578538828927,3.133809309134019,3.133809309134019,3.1203578538828927,3.222631178519185,3.212974054774867,3.212974054774867,3.222631178519185,2.01555432121207
350.0,85.815,51.517,2.645,6.44,4847.074,6.010766313160107,6.010783598286447,6.010783598286447,6.010766313160107,21.592620049000278,21.604523724497238,21.604523724497238,21.592620049000278,3.025684883339804,3.044328241098774,3.044328241098774,3.025684883339804,3.1369627222462944,3.119366830839371,3.119366830839371,3.1369627222462944,1.4245663414940246
350.0,86.21,93.974,2.878,4.495,3207.657,6.249967332134913,6.249964975722903,6.249964975722903,6.249967332134913,22.06285139536104,22.1112615216351,22.1112615216351,22.06285139536104,3.1459063648247043,3.1591733806497664,3.1591733806497664,3.1459063648247043,3.2438575352234023,3.2306809565075394,3.2306809565075394,3.2438575352234023,2.1204393094924616
350.0,86.724,73.455,2.768,2.855,4117.722,6.158882198595637,6.159082176043869,6.159082176043869,6.158882198595637,22.012622857102443,22.01770573745053,22.01770573745053,22.012622857102443,3.1022189581317536,3.1175644377077214,3.1175644377077214,3.1022189581317536,3.212961936034457,3.192380514749171,3.192380514749171,3.212961936034457,1.6606512604982064
350.0,87.056,34.61,6.301,5.201,1741.72,6.236808638476726,6.23717802443982,6.23717802443982,6.236808638476726,21.22348014839891,21.236396713669293,21.236396713669293,21.22348014839891,3.0875522618683564,3.1156434166894624,3.1156434166894624,3.0875522618683564,3.2093523586291175,3.191374674033365,3.191374674033365,3.2093523586291175,3.925050171586791
350.0,87.231,65.461,5.738,2.922,1995.668,6.350560597092561,6.351108809995189,6.351108809995189,6.350560597092561,21.514462337783048,21.534693436198456,21.534693436198456,21.514462337783048,3.1499456191404014,3.168014097574384,3.168014097574384,3.1499456191404014,3.2506289720596784,3.237714062066926,3.237714062066926,3.2506289720596784,3.400155560544235
350.0,87.375,67.571,4.218,6.18,1439.009,6.449309841093588,6.44987017212969,6.44987017212969,6.44930984109452,21.75656531741176,21.784144338469368,21.784144338469368,21.756565307879168,3.1927103261501237,3.211567612164798,3.211567612164798,3.1927103261501237,3.285840020236568,3.2715824699972105,3.2715824699972105,3.285840020236568,4.679893648726631
350.0,87.808,65.591,2.692,3.598,3543.338,6.194700039603459,6.194838684912007,6.194838684912007,6.194700039603459,22.33083257038685,22.33135799526477,22.33135799526477,22.33083257038685,3.119437030183452,3.1369736535118373,3.1369736535118373,3.119437030183452,3.222635099659984,3.2133179240544902,3.2133179240544902,3.222635099659984,1.9224010708116608
350.0,88.204,37.181,4.642,5.527,1481.363,6.355623336507831,6.356044941747135,6.356044941747135,6.355623336507831,21.514392660660192,21.53427081869991,21.53427081869991,21.514392660660192,3.1406758938215846,3.1697941095449456,3.1697941095449456,3.1406758938215846,3.252414443258421,3.233031028183479,3.233031028183479,3.252414443258421,4.574472551468119
350.0,88.28,20.644,3.218,3.129,842.443,6.424417919037603,6.424254436028392,6.424254436028392,6.424417919037603,22.27890624554775,22.274156193773976,22.274156193773976,22.27890624554775,3.183322743354273,3.231530329883028,3.231530329883028,3.183322743354273,3.297197062252366,3.2701756730918987,3.2701756730918987,3.297197062252366,7.957630864523774
350.0,88.492,40.264,3.879,2.677,4665.708,6.183861327034571,6.184269165246609,6.184269165246609,6.183861327034571,21.170037977293585,21.1817338404424,21.1817338404424,21.170037977293585,3.0763594196778987,3.1009446651581167,3.1009446651581167,3.0763594196778987,3.200828768999935,3.1850612371879694,3.1850612371879694,3.200828768999935,1.467758536494314
350.0,88.702,93.577,4.867,3.293,1421.917,6.688176143709272,6.688924283223937,6.688924283223937,6.688176143709272,22.340925176454267,22.3387934562054,22.3387934562054,22.340925176454267,3.291215760463893,3.3079929307649127,3.3079929307649127,3.291215760463893,3.365750984091121,3.3559701647879323,3.3559701647879323,3.365750984091121,4.6448867958854345
350.0,88.703,58.97,3.066,3.785,1688.192,6.3662876671175495,6.3665786344320825,6.3665786344320825,6.3662876671175495,22.21242318721633,22.22226555622165,22.22226555622165,22.21242318721633,3.1843582645231416,3.2057046858329987,3.2057046858329987,3.1843582645231416,3.2808282579247288,3.2686729414420204,3.2686729414420204,3.2808282579247288,3.987391371527336
350.0,89.433,93.79,4.58,4.572,641.798,7.2653307486204,7.266175905494326,7.266175905494326,7.2653307486204,23.660808555972856,23.65894043750115,23.65894043750115,23.660808555972856,3.470462527927898,3.4949347580748267,3.4949347580748267,3.470462527927898,3.552879692676496,3.5390228780523283,3.5390228780523283,3.552879692676496,9.710691344358056
350.0,89.461,45.526,4.636,3.33,1385.661,6.496622785208171,6.497141986694941,6.497141986694941,6.496622785207292,21.847318442012927,21.87825418281712,21.87825418281712,21.847318421293625,3.2025590341123698,3.2298807446968847,3.2298807446968847,3.2025590341123698,3.3017214356763964,3.2820858675537896,3.2820858675537896,3.3017214356763964,4.836833618657896
350.0,89.494,27.32,3.976,2.928,1953.658,6.3036244499398935,6.3039031255306766,6.3039031255306766,6.3036244499398935,21.46065977066083,21.47851942092293,21.47851942092293,21.46065977066083,3.1217496408562995,3.15750977488306,3.15750977488306,3.1217496408562995,3.2454157532400014,3.2223804083577123,3.2223804083577123,3.2454157532400014,3.4738021421558174
350.0,89.571,41.701,2.609,4.772,1724.82,6.303396242069361,6.303241793576321,6.303241793576321,6.303396242069361,22.783222568371656,22.80088945147601,22.80088945147601,22.783222568371656,3.161613044905763,3.1898012995876424,3.1898012995876424,3.161613044905763,3.250349410887432,3.226816008010708,3.226816008010708,3.250349410887432,3.908418550175529
350.0,89.669,72.407,5.797,5.356,1944.479,6.5527992335988925,6.553456839604395,6.553456839604395,6.5527992335988925,21.98416375871203,22.02135217960176,22.02135217960176,21.98416375871203,3.234553255155008,3.253720180339259,3.253720180339259,3.234553255155008,3.3217631052212324,3.306189735009201,3.306189735009201,3.3217631052212324,3.4325416724663795
350.0,90.456,72.798,5.194,6.347,526.446,7.46669679781701,7.467486682327973,7.467486682327973,7.46669679781701,23.836277215400003,23.8341919982102,23.8341919982102,23.836277215400003,3.509680592737678,3.5435944444728222,3.5435944444728222,3.509680592737678,3.571337595396844,3.5522459179078134,3.5522459179078134,3.571337595396844,11.566466809321811
350.0,90.464,39.463,4.387,3.111,3828.548,6.3357143463960846,6.33621631661982,6.33621631661982,6.3357143463960846,21.46926762217556,21.48831090238131,21.48831090238131,21.46926762217556,3.1343115588914165,3.161932892765468,3.161932892765468,3.1343115588914165,3.248480563043457,3.2300874548493272,3.2300874548493272,3.248480563043457,1.770791936164701
350.0,90.588,99.632,6.376,4.004,1598.986,6.839877845825552,6.840759827684382,6.840759827684382,6.839877845825552,22.67070293789255,22.668701045847648,22.668701045847648,22.67070293789255,3.3448847225599714,3.3625581517575043,3.3625581517575043,3.3448847225599714,3.413482772125034,3.403303572560005,3.403303572560005,3.413482772125034,4.071138988064994
350.0,90.615,89.783,6.072,4.381,1242.146,6.880803527415424,6.8816335828252,6.8816335828252,6.880803527415424,22.753751040941776,22.75182833644259,22.75182833644259,22.753751040941776,3.3557091009387814,3.375564504193308,3.375564504193308,3.3557091009387814,3.4245929688845687,3.4131606771266263,3.4131606771266263,3.4245929688845687,5.220287178898865
350.0,90.643,87.596,4.108,4.186,541.156,7.5316079570485295,7.532339206714429,7.532339206714429,7.5316079570485295,24.34208305990193,24.33940732532039,24.33940732532039,24.34208305990193,3.536847094290584,3.5682658796100934,3.5682658796100934,3.536847094290584,3.634903850420861,3.6172980989396697,3.6172980989396697,3.634903850420861,11.079070216418645
350.0,90.827,11.181,2.849,4.649,1473.123,6.296269514438966,6.295909103736185,6.295909103736185,6.296269514438966,22.484868117986064,22.48264559315898,22.48264559315898,22.484868117986064,3.1348073923771738,3.1899108885473164,3.1899108885473164,3.1348073923771738,3.2590319531520078,3.228565832451176,3.228565832451176,3.2590319531520078,4.578201395899044
350.0,90.832,69.894,6.492,3.862,1771.271,6.650032537221808,6.650732769955653,6.650732769955653,6.650032537221808,22.24481067304324,22.24261641288012,22.24261641288012,22.24481067304324,3.270206750096257,3.2913657960921827,3.2913657960921827,3.270206750096257,3.3540969249688333,3.3417296628530684,3.3417296628530684,3.3540969249688333,3.735861969691308
350.0,90.979,59.61,6.236,3.264,4721.357,6.441635799023308,6.44227533066664,6.44227533066664,6.441635799023308,21.727024647524487,21.75421225202007,21.75421225202007,21.727024647524487,3.186646678044439,3.207752220903647,3.207752220903647,3.186646678044439,3.2857478123854853,3.270232263772088,3.270232263772088,3.2857478123854853,1.4248732605993977
350.0,91.061,20.743,6.147,2.788,4868.646,6.267743864715178,6.267989760241457,6.267989760241457,6.267743864715178,21.29725560158989,21.31187742646673,21.31187742646673,21.29725560158989,3.0943962605664703,3.1344806132339267,3.1344806132339267,3.0943962605664703,3.2267435708475043,3.201527752487285,3.201527752487285,3.2267435708475043,1.3983153059045983
350.0,91.191,44.885,5.141,5.383,3871.52,6.405536654134291,6.4060991197550425,6.4060991197550425,6.405536654134291,21.637031337409397,21.66107606187612,21.66107606187612,21.637031337409397,3.1660811161426934,3.192253076756296,3.192253076756296,3.1660811161426934,3.273282421739731,3.255159331759878,3.255159331759878,3.273282421739731,1.7417795897016357
350.0,91.626,97.227,5.573,4.986,3659.492,6.721099920898081,6.7219499685466815,6.7219499685466815,6.721099920898081,22.412191759615723,22.410326621080387,22.410326621080387,22.412191759615723,3.303476665273541,3.320216941137892,3.320216941137892,3.303476665273541,3.3790770458533066,3.369421939589272,3.369421939589272,3.3790770458533066,1.7970020017106667
350.0,91.676,43.868,5.476,3.349,4564.534,6.4154902117023,6.4160484732638166,6.4160484732638166,6.4154902117023,21.65990316360384,21.684828002632948,21.684828002632948,21.65990316360384,3.169779791243267,3.196676101030151,3.196676101030151,3.169779791243267,3.277245330624281,3.2586076698318,3.2586076698318,3.277245330624281,1.4758711402080469
350.0,91.727,80.151,4.319,3.577,3689.096,6.61569682901122,6.61640490447583,6.61640490447583,6.61569682901122,22.226333122606,22.224322020383948,22.224322020383948,22.226333122606,3.2656741107545613,3.2843116648786834,3.2843116648786834,3.2656741107545613,3.3525485004286537,3.3416614213625246,3.3416614213625246,3.3525485004286537,1.7962199631040867
350.0,92.202,12.772,4.189,3.876,1956.966,6.410165482779243,6.410138844186263,6.410138844186263,6.410165482779243,21.70089504847023,21.725063402066088,21.725063402066088,21.70089504847023,3.1538045262852785,3.209399757905224,3.209399757905224,3.1538045262852785,3.288021378845376,3.2525192044076845,3.2525192044076845,3.288021378845376,3.4364749000989665
350.0,92.214,12.522,2.615,3.889,2301.892,6.269935853153763,6.26913086771216,6.26913086771216,6.269935853154456,22.8894775973624,22.9143001606778,22.9143001606778,22.88947759608932,3.130925455871264,3.1854773979556774,3.1854773979556774,3.130925455871264,3.267677275821291,3.2335266148198665,3.2335266148198665,3.267677275821291,2.9293132538513094
350.0,92.275,86.243,5.243,2.623,2882.027,6.747904818084537,6.748748868210236,6.748748868210236,6.747904818084537,22.466373088806872,22.46436711166429,22.46436711166429,22.466373088806872,3.3097197419112097,3.3286463147294127,3.3286463147294127,3.3097197419112097,3.386844553641195,3.3759247839807625,3.3759247839807625,3.386844553641195,2.2753696992161534
350.0,92.295,52.765,5.138,6.345,2479.143,6.587590839840297,6.5882151814458085,6.5882151814458085,6.587590839840297,22.05247303841579,22.093004063829323,22.093004063829323,22.05247303841579,3.240860507116094,3.2667655593866978,3.2667655593866978,3.240860507116094,3.334942121641623,3.3150276880670533,3.3150276880670533,3.334942121641623,2.6804962784012534
350.0,92.44,50.814,5.559,3.698,3395.17,6.536229124646664,6.536869528298314,6.536869528298314,6.536229124646664,21.93804130776987,21.973309416370977,21.973309416370977,21.93804130776987,3.2206112806552363,3.246461111371214,3.246461111371214,3.2206112806552363,3.3183799623359214,3.2991066435994503,3.2991066435994503,3.3183799623359214,1.965229225831856
350.0,92.513,26.813,3.709,4.584,1048.985,6.668761461367998,6.66901989527915,6.66901989527915,6.668761461367998,22.59572097819545,22.59261602945852,22.59261602945852,22.59572097819545,3.275455760305477,3.323574629440908,3.323574629440908,3.275455760305477,3.3848651156046654,3.3570072592504068,3.3570072592504068,3.3848651156046654,6.257707472535601
350.0,92.643,39.771,4.373,2.537,384.888,8.040486109654827,8.040277749399268,8.040277749399268,8.040486109654827,25.152824008057085,25.155073958234528,25.155073958234528,25.152824008057085,3.5831952728163814,3.6575444332715783,3.6575444332715783,3.5831952728163814,3.7506640304122127,3.708288478616901,3.708288478616901,3.7506640304122127,14.52229501541016
350.0,92.674,80.85,4.571,3.139,2003.943,6.825653258505025,6.82647309321834,6.82647309321834,6.825653258505025,22.706549161812568,22.704561424685625,22.704561424685625,22.706549161812568,3.33631206235732,3.3574743466418195,3.3574743466418195,3.33631206235732,3.4226197617762097,3.4104205447126175,3.4104205447126175,3.4226197617762097,3.2468236705064397
350.0,92.743,65.541,3.255,5.292,800.337,7.065904419554765,7.066281738399458,7.066281738399458,7.065904419554765,24.02080595296408,24.01830878273236,24.01830878273236,24.02080595296408,3.4303339995158493,3.461783141317335,3.461783141317335,3.4303339995158493,3.5033198429545567,3.4853568912905115,3.4853568912905115,3.5033198429545567,7.854677802211723
350.0,92.901,71.009,5.719,2.518,1161.041,6.999670094869481,7.000506829216931,7.000506829216931,6.999670094869481,22.986901840588267,22.98493059781251,22.98493059781251,22.986901840588267,3.3862853057222755,3.412557420905847,3.412557420905847,3.3862853057222755,3.45899807135624,3.4438061791649197,3.4438061791649197,3.45899807135624,5.51380864720825
350.0,93.162,23.54,4.233,3.776,1018.439,6.752741413901825,6.753031206691616,6.753031206691616,6.752741413901825,22.57648141413385,22.573550221999344,22.573550221999344,22.57648141413385,3.2915058266268096,3.3458508650624466,3.3458508650624466,3.2915058266268096,3.405744349912548,3.374320914911317,3.374320914911317,3.405744349912548,6.413411377546865
350.0,93.226,99.825,2.694,2.826,347.822,9.679601867208754,9.673434081475824,9.673434081475824,9.679601867208754,29.940488791848136,29.92557955572526,29.92557955572526,29.940488791848136,3.380873704200024,3.4600683919270496,3.4600683919270496,3.380873704200024,3.8126559535982256,3.7822149557399385,3.7822149557399385,3.8126559535982256,10.397395059065955
350.0,93.472,79.567,5.582,3.792,2522.677,6.835981879792008,6.83684407610544,6.83684407610544,6.835981879792008,22.65158629156652,22.64971281794392,22.64971281794392,22.65158629156652,3.337168966154449,3.358723071312121,3.358723071312121,3.337168966154449,3.4135303868759634,3.4011054928099824,3.4011054928099824,3.4135303868759634,2.5770671465859305
350.0,93.624,56.133,2.986,5.646,2629.922,6.573015632506655,6.573186186917884,6.573186186917884,6.573015632506655,23.112029314877034,23.1211740937722,23.1211740937722,23.112029314877034,3.271823485920635,3.2983799603209825,3.2983799603209825,3.271823485920635,3.3598245079103535,3.336296733429191,3.336296733429191,3.3598245079103535,2.5044800434018697
350.0,94.01,42.519,6.034,4.871,2126.714,6.695340576747224,6.695973015898265,6.695973015898265,6.695340576747224,22.33382830514805,22.33156721208901,22.33156721208901,22.33382830514805,3.2752694462598715,3.308571594450946,3.308571594450946,3.2752694462598715,3.371162961958929,3.3517357815735807,3.3517357815735807,3.371162961958929,3.0935630229120235
350.0,94.134,93.951,3.053,4.86,538.549,8.068461721255812,8.068347642170119,8.068347642170119,8.06846172125607,27.003446524932297,26.996161494174828,26.996161494174828,27.003446524925582,3.6043878580212914,3.6466334521575954,3.6466334521575954,3.6043878580212914,3.762624066379834,3.740044962245369,3.740044962245369,3.762624066379834,10.131012842925104
350.0,94.148,28.916,3.64,4.971,314.535,9.002092174989766,8.997310546817436,8.997310546817436,9.002092174989766,27.081503436240048,27.071581861174792,27.071581861174792,27.081503436240048,3.5497602870652107,3.683388433274132,3.683388433274132,3.5497602870652107,3.884882975499332,3.8169898835521257,3.8169898835521257,3.884882975499332,14.819527899586245
350.0,94.224,32.022,5.742,4.807,2500.949,6.617542104318641,6.618075335839567,6.618075335839567,6.617542104318641,22.154914031551243,22.15252354951852,22.15252354951852,22.154914031551243,3.2412906500174814,3.2809116123109456,3.2809116123109456,3.2412906500174814,3.3475988483800867,3.324402981259883,3.324402981259883,3.3475988483800867,2.6473482007949007
350.0,94.227,71.488,5.721,2.731,2975.643,6.816745716583416,6.8175950950603115,6.8175950950603115,6.816745716583416,22.607203498075517,22.60520788241229,22.60520788241229,22.607203498075517,3.328114555791126,3.3514783127580543,3.3514783127580543,3.328114555791126,3.4081739293503728,3.394695979583596,3.394695979583596,3.4081739293503728,2.187633290422036
350.0,94.285,32.001,5.424,2.634,311.954,9.401571350924598,9.39945892882087,9.39945892882087,9.401571350924598,25.933719584393955,25.919886058803066,25.919886058803066,25.933719584393955,3.5244915149279934,3.6589677057928833,3.6589677057928833,3.5244915149279934,3.8990261036128375,3.834101753634276,3.834101753634276,3.8990261036128375,14.109554140623551
350.0,94.313,65.994,5.554,6.124,2450.33,6.829709657436017,6.830540141406185,6.830540141406185,6.829709657436017,22.63293383597565,22.630849710810125,22.630849710810125,22.63293383597565,3.330569272855223,3.3557749204806067,3.3557749204806067,3.330569272855223,3.4118227710912064,3.3972800992336203,3.3972800992336203,3.4118227710912064,2.6532471548962895
350.0,94.683,70.895,6.238,3.033,1501.6,7.052484954207297,7.0533977382949935,7.0533977382949935,7.052484954207297,23.086523630649747,23.08466861097685,23.08466861097685,23.086523630649747,3.4007067479499304,3.4280200382011885,3.4280200382011885,3.4007067479499304,3.474668248888752,3.4588880682253778,3.4588880682253778,3.474668248888752,4.236489504256893
350.0,94.858,32.758,6.254,5.677,1017.939,6.993508601431109,6.994086495918448,6.994086495918448,6.993508601431109,22.96111581422119,22.958553845445895,22.958553845445895,22.96111581422119,3.3658146156897466,3.414686568702912,3.414686568702912,3.3658146156897466,3.4609952200281207,3.4326637602384493,3.4326637602384493,3.4609952200281207,6.285230557352595
350.0,95.018,70.961,2.836,5.293,552.811,7.808260446163168,7.8077545677322515,7.8077545677322515,7.808260446163168,26.64344166134288,27.15433992292497,27.15433992292497,26.64344166134288,3.5779264241531408,3.625253674885756,3.625253674885756,3.5779264241531408,3.726261047043432,3.6288451621187376,3.6288451621187376,3.726261047043432,10.206483653847846
350.0,95.099,72.447,3.618,5.689,3059.496,6.805527545613463,6.806203259024417,6.806203259024731,6.805527545613463,23.125468950574824,23.12313158649789,23.123131616102693,23.125468950574824,3.3479657693937694,3.3722590013975715,3.3722590013975715,3.3479657693937694,3.431256422944229,3.4172572911480192,3.4172572911480192,3.431256422944229,2.112973510368453
350.0,95.122,70.996,3.308,3.436,1041.908,7.160831591463824,7.161322441112277,7.161322441112277,7.160831591463824,24.28147273879163,24.27927115610745,24.27927115610745,24.28147273879163,3.456480095954892,3.4880214036474597,3.4880214036474597,3.456480095954892,3.531527091951915,3.5136706224298844,3.5136706224298844,3.531527091951915,5.956056854270892
350.0,95.16,92.881,5.719,2.641,1909.173,7.177247486396832,7.178326881572842,7.178326881572842,7.177247486396832,23.32473266901597,23.32340679238755,23.32340679238755,23.32473266901597,3.4410118802664806,3.4645822345489643,3.4645822345489643,3.4410118802664806,3.5075953564790217,3.494153551814223,3.494153551814223,3.5075953564790217,3.287753311119755
350.0,95.165,16.25,2.926,5.911,4337.096,6.399041518011721,6.398817572628072,6.398817572628072,6.399041518011721,22.89512602107096,22.893045532902025,22.893045532902025,22.89512602107096,3.1831078306551737,3.23933177889472,3.23933177889472,3.1831078306551737,3.304211387393219,3.2762003000252613,3.2762003000252613,3.304211387393219,1.53828442488578
350.0,95.285,81.38,2.963,4.98,2779.128,6.843968793705892,6.8446168420401285,6.8446168420401285,6.843968793705892,24.04808543243653,24.01310391352669,24.01310391352669,24.04808543243653,3.3742644587297814,3.397658573241128,3.397658573241128,3.3742644587297814,3.4468657106925567,3.4333941848901337,3.4333941848901337,3.4468657106925567,2.3055057510009767
350.0,95.317,49.14,6.389,5.527,1304.393,7.021085963299093,7.02186350971507,7.02186350971507,7.021085963299093,23.01863862659704,23.016416472525925,23.016416472525925,23.01863862659704,3.383002085342775,3.4192457370868694,3.4192457370868694,3.383002085342775,3.4669691706931376,3.4459878492202294,3.4459878492202294,3.4669691706931376,4.890531563489192
350.0,95.565,66.016,4.324,5.346,4646.717,6.798338818433413,6.799109182535226,6.799109182535226,6.798338818433413,22.701444765231987,22.69933204685748,22.69933204685748,22.701444765231987,3.3297360668710656,3.355073629838448,3.355073629838448,3.3297360668710656,3.4204136449244564,3.4057992462366307,3.4057992462366307,3.4204136449244564,1.3981351534652948
350.0,95.683,77.051,3.801,5.037,1745.835,7.0525894526559085,7.053349753241127,7.053349753241127,7.0525894526559085,23.612916696061568,23.61070457360625,23.61070457360625,23.612916696061568,3.421832012073689,3.448756265217878,3.448756265217878,3.421832012073689,3.507060026011256,3.4916705980420386,3.4916705980420386,3.507060026011256,3.611739542223402
350.0,95.869,19.54,6.152,5.528,2562.936,6.669453243740726,6.669787768914702,6.669787768914702,6.669453243740726,22.26665611888085,22.26419004277752,22.26419004277752,22.26665611888085,3.249285397136453,3.306439925643347,3.306439925643347,3.249285397136453,3.368966392564071,3.3355137903758574,3.3355137903758574,3.368966392564071,2.569624750349927
350.0,96.343,10.818,3.394,5.512,680.468,7.164852376617838,7.164113208040429,7.164113208040429,7.164852376617838,24.232936335839337,24.22852657334971,24.22852657334971,24.232936335839337,3.409371946742774,3.5177697441497418,3.5177697441497418,3.409371946742774,3.550211354362132,3.4884473199095827,3.4884473199095827,3.550211354362132,9.113703638525708
350.0,96.462,68.368,4.62,5.53,3360.016,6.958909643864628,6.959803423604896,6.959803423604896,6.958909643864628,23.027592973876995,23.025509314885493,23.025509314885493,23.027592973876995,3.3767706605314527,3.4038168879623303,3.4038168879623303,3.3767706605314527,3.4707725119862247,3.4551256961088854,3.4551256961088854,3.4707725119862247,1.9054584093348157
350.0,96.647,13.552,5.387,6.165,4990.221,6.601517293487382,6.601638804063809,6.601638804063809,6.601517293487382,22.110760854170323,22.10814036121085,22.10814036121085,22.110760854170323,3.219144853151617,3.2835270878382032,3.2835270878382032,3.219144853151617,3.3498225432971585,3.3121189112655096,3.3121189112655096,3.3498225432971585,1.3266130001633898
350.0,96.823,69.758,2.594,3.868,1878.909,6.985793322369255,6.985888781623824,6.985888781623824,6.985793322368528,25.345399944710387,25.48376446895719,25.48376446895719,25.345400054836265,3.4180599084102217,3.4481715005501967,3.4481715005501967,3.4180599084102217,3.492609120916966,3.467087458103885,3.467087458103885,3.492609120916966,3.342780364680148
350.0,97.408,13.794,3.592,3.553,708.036,7.281989831287337,7.281373426230673,7.281373426230673,7.281989831286637,24.34999180504292,24.346558216574397,24.346558216574397,24.349991711861495,3.438950268834996,3.5433801504948863,3.5433801504948863,3.438950268834996,3.5845870298142146,3.5253760597998,3.5253760597998,3.5845870298142146,8.642674933674398
350.0,97.634,91.635,3.108,6.163,2769.142,7.16118540321665,7.161490454184006,7.161490454184006,7.161185403215892,24.584180854728377,24.756830535971865,24.756830535971865,24.5841809202406,3.464000192577557,3.490313331537415,3.490313331537415,3.464000192577557,3.5316515941400968,3.503191183112301,3.503191183112301,3.5316515941400968,2.230418772092493
350.0,97.664,22.726,3.23,5.71,4609.527,6.619482399714295,6.619298584646552,6.619298584646552,6.619482399714295,23.08920337300568,23.09575173316641,23.09575173316641,23.08920337300568,3.2673318904040403,3.3221754388157434,3.3221754388157434,3.2673318904040403,3.380975013885204,3.3499848285731533,3.3499848285731533,3.380975013885204,1.419988855398984
350.0,97.966,59.344,5.992,3.32,1690.445,7.26552280762456,7.266511834771968,7.266511834771968,7.26552280762456,23.468687920192096,23.466971286552216,23.466971286552216,23.468687920192096,3.4508847011774564,3.487077277412387,3.487077277412387,3.4508847011774564,3.5304515390128017,3.509812775720816,3.509812775720816,3.5304515390128017,3.6715815678839134
350.0,98.02,71.772,5.58,3.614,1957.604,7.319481589437502,7.320598537117006,7.320598537117006,7.319481589437502,23.56293888815641,23.561411828623164,23.561411828623164,23.56293888815641,3.468080712617104,3.5000930050124284,3.5000930050124284,3.468080712617104,3.542619426828409,3.5244782007284767,3.5244782007284767,3.542619426828409,3.150804358703884
350.0,98.134,84.567,6.23,3.216,1760.044,7.498438352220173,7.499705118914727,7.499705118914727,7.498438352220173,23.850313629819144,23.84922660394604,23.84922660394604,23.850313629819144,3.5107095155108974,3.541791821615192,3.541791821615192,3.5107095155108974,3.580787513368038,3.563334026820708,3.563334026820708,3.580787513368038,3.429322150976408
350.0,98.252,51.31,2.717,3.704,824.378,7.497193709479803,7.49670209541892,7.49670209541892,7.497193709479623,26.19331746504363,26.508393815984117,26.508393815984117,26.193317465140534,3.523716960334773,3.575872049986946,3.575872049986946,3.523716960334773,3.6085145815477606,3.54688819564089,3.54688819564089,3.6085145815477606,7.1344860101137435
350.0,98.292,81.687,4.461,4.605,4336.596,7.182158677382229,7.183175316387506,7.183175316387506,7.182158677382229,23.592864070302856,23.591174818456647,23.591174818456647,23.592864070302856,3.4474060771088286,3.474719903614297,3.474719903614297,3.4474060771088286,3.543969547747183,3.5283995272316786,3.5283995272316786,3.543969547747183,1.4368546515545062
350.0,98.328,24.159,3.808,3.136,2503.725,6.823982171765471,6.824302118676063,6.824302118676063,6.823982171765471,23.1075877851688,23.104708873032006,23.104708873032006,23.1075877851688,3.3270198458145703,3.385314132055639,3.385314132055639,3.3270198458145703,3.4441866328862605,3.4104855817816846,3.4104855817816846,3.4441866328862605,2.5727197696359987
350.0,98.652,97.033,4.743,4.847,1794.161,7.647160087992579,7.648498450517622,7.648498450517622,7.647160087992579,24.43812790698791,24.43669294176778,24.43669294176778,24.43812790698791,3.547054327737869,3.5781356115540444,3.5781356115540444,3.547054327737869,3.66550254611114,3.6481650178593967,3.6481650178593967,3.66550254611114,3.278751231102601
350.0,99.195,84.123,5.275,4.448,1961.685,7.587886690391983,7.589216007000098,7.589216007000098,7.587886690393764,24.22263959402014,24.221445847556566,24.221445847556566,24.22263959400463,3.5267915827128697,3.5597712813286164,3.5597712813286164,3.5267915827128697,3.6423408495705303,3.623870339123684,3.623870339123684,3.6423408495705303,3.0388037814298365
350.0,99.43,10.092,5.201,4.244,4789.75,6.809924775658818,6.809918126745927,6.809918126745927,6.809924775658818,22.56758158542362,22.56456485317382,22.56456485317382,22.56758158542362,3.2838540740932687,3.365915953996667,3.365915953996667,3.2838540740932687,3.420182522595736,3.372740121355235,3.372740121355235,3.420182522595736,1.3555471202022915
350.0,99.513,66.591,4.765,4.152,3883.319,7.233182959877061,7.234212012766363,7.234212012766363,7.233182959877061,23.615882693440696,23.6140170684696,23.6140170684696,23.615882693440696,3.450725366341022,3.48379195897441,3.48379195897441,3.450725366341022,3.555542608015408,3.5366840513037427,3.5366840513037427,3.555542608015408,1.5972399141871696
350.0,99.517,38.181,3.668,5.985,840.017,7.6020347746313215,7.60212509166834,7.60212509166834,7.6020347746313215,25.042674432752207,25.039915932211947,25.039915932211947,25.042674432752207,3.5264785447845197,3.5922377961504655,3.5922377961504655,3.5264785447845197,3.6549153775067738,3.6180540932529768,3.6180540932529768,3.6549153775067738,6.965714642555105
350.0,99.633,76.824,5.003,4.6,2004.6,7.543283146294776,7.544501904065298,7.544501904065298,7.543283146294776,24.184867955455157,24.18335152458553,24.18335152458553,24.184867955455157,3.5192593560936496,3.554332750478589,3.554332750478589,3.5192593560936496,3.6363964331785454,3.6167227287832535,3.6167227287832535,3.6363964331785454,2.982397216022566
350.0,99.655,70.536,5.214,3.374,4088.602,7.304922631185882,7.306099418170922,7.306099418170922,7.304922631185882,23.531837062480697,23.53030050907373,23.53030050907373,23.531837062480697,3.4626316082313515,3.494953748477436,3.494953748477436,3.4626316082313515,3.540201395020617,3.5218403332655943,3.5218403332655943,3.540201395020617,1.50962295052241
350.0,99.837,76.703,4.739,5.18,1497.415,7.696751827396576,7.697928135405486,7.697928135405486,7.696751827396576,24.53863909374248,24.53699418626509,24.53699418626509,24.53863909374248,3.54885207221514,3.5877183095428187,3.5877183095428187,3.54885207221514,3.678945810893045,3.6572584152773824,3.6572584152773824,3.678945810893045,3.896331901492148
350.0,99.875,98.826,5.917,6.068,2278.884,7.7894165584754145,7.791033957794672,7.791033957794672,7.7894165584754145,24.232040728797934,24.231409507026868,24.231409507026868,24.232040728797934,3.5619988599685164,3.5943949788484524,3.5943949788484524,3.5619988599685164,3.632057058219981,3.6140530875268464,3.6140530875268464,3.632057058219981,2.5437140436961707
350.0,99.906,34.305,4.538,3.151,4758.796,6.979232446958906,6.97990061690315,6.97990061690315,6.979232446958906,23.12576724734089,23.12328859193586,23.12328859193586,23.12576724734089,3.370026126965015,3.418586220618847,3.418586220618847,3.370026126965015,3.486205130531855,3.4580750630491086,3.4580750630491086,3.486205130531855,1.337511769714762
400.0,10.072,69.185,6.25,2.647,1291.016,4.2235625053219445,4.231557371452508,4.231557371452508,4.2235625053219445,12.94931469260782,12.97954603669834,12.97954603669834,12.94931469260782,1.7160181152478515,1.709328873295253,1.709328873295253,1.7160181152478515,1.9625006134203,1.9837971484822696,1.9837971484822696,1.9625006134203,5.397240944110656
400.0,10.339,14.642,5.432,5.692,4124.693,4.115683023767267,4.1238847364283435,4.1238847364283435,4.115683023767267,12.379983923424245,12.41706773005302,12.41706773005302,12.379983923424245,1.6781821224259386,1.6552779574779408,1.6552779574779408,1.6781821224259386,1.8532630359104052,1.9269255305291653,1.9269255305291653,1.8532630359104052,1.6642260836014395
400.0,10.407,91.775,3.168,4.067,639.941,4.348102430958775,4.356017571305347,4.356017571305347,4.348102430958775,13.565780216416767,13.596028865683518,13.596028865683518,13.565780216416767,1.7589675962962443,1.7534857077746897,1.7534857077746897,1.7589675962962443,2.0527739806070557,2.070306333704232,2.070306333704232,2.0527739806070557,11.015179686723345
400.0,10.698,38.609,2.789,5.395,3160.048,4.1536274475486366,4.161542292608708,4.161542292608708,4.153627447549995,12.589978687191609,12.62132993343406,12.62132993343406,12.589978686018492,1.6904508778894758,1.6799710230190412,1.6799710230190412,1.6904508778894758,1.9049141254832032,1.938538436493536,1.938538436493536,1.9049141254832032,2.186157242764051
400.0,10.829,96.389,4.865,4.893,3911.425,4.205583401606951,4.213219368724387,4.213219368724387,4.205583401606951,12.90719808780257,12.935845742405409,12.935845742405409,12.90719808780257,1.715000933812297,1.7098442675992016,1.7098442675992016,1.715000933812297,1.962594676498316,1.979050312125412,1.979050312125412,1.962594676498316,1.7850553425788047
400.0,11.004,71.762,2.6,5.964,1010.34,4.272488611724844,4.280384128726649,4.280384128726649,4.2724886117260255,13.19863919347492,13.228807942917154,13.228807942917154,13.198639189516843,1.7338641213107802,1.7273751926403669,1.7273751926403669,1.7338641213107802,1.9992186581496532,2.0200207839443944,2.0200207839443944,1.9992186581496532,6.930909313097902
400.0,11.029,10.483,6.163,3.545,2232.829,4.140383907489056,4.1495310265578125,4.1495310265578125,4.140383907489056,12.503804217262145,12.544028274578388,12.544028274578388,12.503804217262145,1.6892266176615742,1.660926332830542,1.660926332830542,1.6892266176615742,1.8624198591158816,1.9525950313251736,1.9525950313251736,1.8624198591158816,3.0805653622670657
400.0,11.33,60.182,2.543,3.39,1299.376,4.2337629230355605,4.241645265736386,4.241645265736386,4.2337629230355605,13.002219622505056,13.032584940131583,13.032584940131583,13.002219622505056,1.7197902102269016,1.712378967618807,1.712378967618807,1.7197902102269016,1.969378030286752,1.9930703141014277,1.9930703141014277,1.969378030286752,5.365396249910882
400.0,11.486,98.941,4.489,3.683,1698.437,4.254630105178196,4.262213882941758,4.262213882941758,4.254630105178196,13.147728591087075,13.176062085366675,13.176062085366675,13.147728591087075,1.731845994004569,1.726728486642806,1.726728486642806,1.731845994004569,1.9968933287554749,2.013145497461295,2.013145497461295,1.9968933287554749,4.1280208654131165
400.0,11.525,73.457,4.984,3.43,2774.857,4.201880962934187,4.209634611202128,4.209634611202128,4.201880962934187,12.868248366908972,12.897244889864378,12.897244889864378,12.868248366908972,1.7111916243070249,1.7048392532108427,1.7048392532108427,1.7111916243070249,1.9539133932551007,1.974053495657356,1.974053495657356,1.9539133932551007,2.5096344337004406
400.0,11.528,75.58,4.605,6.248,3986.095,4.197093973154416,4.204822437481003,4.204822437481003,4.197093973154416,12.852294688666763,12.881069150915014,12.881069150915014,12.852294688666763,1.7104244956536436,1.7042210499536623,1.7042210499536623,1.7104244956536436,1.9525394203200428,1.972209652776308,1.972209652776308,1.9525394203200428,1.7475202061668924
400.0,11.754,47.412,4.401,4.943,3900.117,4.169872079839472,4.177667742644736,4.177667742644736,4.169872079839472,12.689432491502387,12.719988075297016,12.719988075297016,12.689432491502387,1.697898716368384,1.6890684600611798,1.6890684600611798,1.697898716368384,1.9232230866890443,1.951591197613468,1.951591197613468,1.9232230866890443,1.7763795153316184
400.0,11.844,17.401,5.636,4.593,4836.036,4.1339591901479995,4.1418332903101405,4.1418332903101405,4.1339591901479995,12.487291554011298,12.521373700718096,12.521373700718096,12.487291554011298,1.6856114414195764,1.6652597432616676,1.6652597432616676,1.6856114414195764,1.8740312130814327,1.9391621241387624,1.9391621241387624,1.8740312130814327,1.4232369738120672
400.0,11.859,32.992,2.772,6.163,2140.173,4.1841853132203095,4.19199819086488,4.19199819086488,4.184185313220205,12.74543661342407,12.777044527686188,12.777044527686188,12.745436615826408,1.7021491734215832,1.6901500807347487,1.6901500807347487,1.7021491734215832,1.924913136813638,1.963413488802564,1.963413488802564,1.924913136813638,3.237083119827997
400.0,11.926,81.909,6.056,3.427,1848.524,4.237558393087912,4.245189397956137,4.245189397956137,4.237558393087912,13.051412090974855,13.080523878753906,13.080523878753906,13.051412090974855,1.724428541376251,1.718620375346803,1.718620375346803,1.724428541376251,1.98133141609565,1.9999286912235428,1.9999286912235428,1.98133141609565,3.781932123742386
400.0,11.937,30.554,5.249,4.368,825.55,4.266949360850481,4.274895824142182,4.274895824142182,4.266949360850481,13.13497923508039,13.166989851162922,13.166989851162922,13.13497923508039,1.7292852160959455,1.7162455913820565,1.7162455913820565,1.7292852160959455,1.9770281696503809,2.018703478981396,2.018703478981396,1.9770281696503809,8.444674260678902
400.0,11.939,23.076,4.075,3.389,4134.752,4.142867063528357,4.150595595439548,4.150595595439548,4.142867063528357,12.533724427190194,12.566715848041772,12.566715848041772,12.533724427190194,1.6876770728008683,1.6715495831115992,1.6715495831115992,1.6876770727990529,1.8875996172933935,1.9394489231829872,1.9394489231829872,1.8875996136950857,1.6668006323640296
400.0,11.94,44.69,6.352,3.921,1963.337,4.19752987680074,4.205347133584592,4.205347133582539,4.19752987680074,12.819485031160603,12.85030267580647,12.850302673292022,12.819485031160603,1.7070310041439711,1.697716869102311,1.697716869102311,1.7070310041439711,1.9403201996532533,1.9702241984841389,1.9702241984841389,1.9403201996532533,3.5359489530640524
400.0,12.011,55.561,5.151,5.692,2185.425,4.207149796315947,4.21494614836237,4.21494614836237,4.207149796315947,12.881229534701442,12.911054152927488,12.911054152927488,12.881229534701442,1.711763241296608,1.7039068564436517,1.7039068564436517,1.711763241296608,1.9525963044931691,1.9776749508717937,1.9776749508717937,1.9525963044931691,3.183782231052916
400.0,12.143,44.177,3.242,4.576,2376.233,4.190805974021241,4.198616874667393,4.198616874667393,4.190805974021241,12.790166054130855,12.820486327477568,12.820486327477568,12.790166054130855,1.7051141806250447,1.6956683443615626,1.6956683443615626,1.7051141806250447,1.936371826821172,1.9665221298406963,1.9665221298406963,1.936371826821172,2.9202557612518367
400.0,12.197,87.376,5.065,4.442,4107.846,4.214092696145139,4.22163031821548,4.22163031821548,4.21409269614557,12.951402600747167,12.979550432907772,12.979550432907772,12.95140260191735,1.71805109971188,1.7124900140642538,1.7124900140642538,1.71805109971188,1.9688127776696145,1.98644860353405,1.98644860353405,1.9688127776696145,1.7001572046753688
400.0,12.278,48.212,5.852,2.893,1957.378,4.2038480746765705,4.211644782305058,4.211644782305058,4.2038480746765705,12.856067839329022,12.886222144719016,12.886222144719016,12.856067839329022,1.7096511771814729,1.7008425154931606,1.7008425154931606,1.7096511771814729,1.9467699445061304,1.9748926892580676,1.9748926892580676,1.9467699445061304,3.549823584667809
400.0,12.305,94.414,3.901,5.693,726.605,4.360442189697543,4.368077236903892,4.368077236903892,4.360442189697543,13.647094971834797,13.675860642245055,13.675860642245055,13.647094971834797,1.7653399882843757,1.7599657912952371,1.7599657912952371,1.7653399882843757,2.0669800695066893,2.0840278532876715,2.0840278532876715,2.0669800695066893,9.719940150194544
400.0,13.176,32.306,5.317,5.159,2722.222,4.1887532545938075,4.196437149457253,4.196437149457253,4.1887532545938075,12.780248504753532,12.811065872573932,12.811065872573932,12.780248504753532,1.7050402098490531,1.692793171549579,1.692793171549579,1.7050402098490531,1.9305998710182788,1.969782880434343,1.969782880434343,1.9305998710182788,2.5468967561201
400.0,13.241,51.329,6.284,2.59,742.98,4.31951126164851,4.327314351429791,4.327314351429791,4.31951126164851,13.414237440694407,13.444535153851588,13.444535153851588,13.414237440694407,1.7481079698086628,1.7396019882334126,1.7396019882334126,1.7481079698086628,2.0262090209983152,2.0534291104958866,2.0534291104958866,2.0262090209983152,9.440016270959136
400.0,13.274,88.567,3.324,5.367,2645.247,4.24904165875478,4.256413593717587,4.256413593717587,4.24904165875478,13.13051444937606,13.158501100318832,13.158501100318832,13.13051444937606,1.7309143088430614,1.725456830622499,1.725456830622499,1.7309143088430614,1.9952885187010632,2.012766082602384,2.012766082602384,1.9952885187010632,2.649195250851752
400.0,13.387,15.26,3.68,3.264,3196.748,4.163668445866708,4.171524346369417,4.171524346369417,4.163668445866708,12.644566205600627,12.678605839298898,12.678605839298898,12.644566205600627,1.6982778540265528,1.675606943971916,1.675606943971916,1.6982778540265528,1.8936186548589,1.9659207987834784,1.9659207987834784,1.8936186548589,2.1597136374422448
400.0,13.484,75.324,2.697,6.259,2387.132,4.2454632417982365,4.25294624410938,4.25294624410938,4.2454632417982365,13.102332983282292,13.130483729226976,13.130483729226976,13.102332983282292,1.7284459146465143,1.722237430247068,1.722237430247068,1.7284459146465143,1.989430927808849,2.0091909608033816,2.0091909608033816,1.989430927808849,2.931620856061616
400.0,13.551,69.898,5.937,4.809,4663.338,4.21361895240848,4.221088283458892,4.221088283458892,4.21361895240848,12.944081814101642,12.972510332028794,12.972510332028794,12.944081814101642,1.7171669203421642,1.7106462704399812,1.7106462704399812,1.7171669203421642,1.96625864076438,1.987087649071556,1.987087649071556,1.96625864076438,1.4958339409313768
400.0,13.585,44.559,3.055,5.337,4852.019,4.188504856807577,4.196118521871832,4.196118521871832,4.188504856807577,12.796853242215464,12.826384964165394,12.826384964165394,12.796853242215464,1.7061975332515678,1.6968473545500795,1.6968473545500795,1.7061975332515678,1.9391934013154823,1.9690264092569716,1.9690264092569716,1.9391934013154823,1.4310451675601217
400.0,13.595,88.413,5.819,2.769,4650.912,4.228549290544936,4.235849161164849,4.235849161164849,4.228549290544936,13.033232209678362,13.06097265403344,13.06097265403344,13.033232209678362,1.7241065508570612,1.7186706297060976,1.7186706297060976,1.7241065508570612,1.9817065125825089,1.9991011927773248,1.9991011927773248,1.9817065125825089,1.503952255461129
400.0,14.029,29.208,6.014,2.774,585.119,4.351986755568798,4.3598335207126055,4.3598335207126055,4.351986755568798,13.550008433623985,13.581429844283068,13.581429844283068,13.550008433623985,1.757946689261588,1.7442067370922796,1.7442067370922796,1.757946689261588,2.0357581316568454,2.0795496640489177,2.0795496640489177,2.0357581316568454,11.990382223575
400.0,14.447,79.257,3.906,3.774,1588.838,4.283210726958191,4.290554959455206,4.290554959455206,4.283210726958191,13.289922949167693,13.317531652696337,13.317531652696337,13.289922949167693,1.7415355228639715,1.7355265721435726,1.7355265721435726,1.7415355228639715,2.0169462560543097,2.036040715269111,2.036040715269111,2.0169462560543097,4.418253616268369
400.0,14.664,31.112,6.188,5.559,2141.763,4.221883868261405,4.229443420463337,4.229443420463337,4.221883868261405,12.95363263015919,12.98355635909904,12.98355635909904,12.95363263015919,1.7179190853768755,1.7051662474646263,1.7051662474646263,1.7179190853768755,1.9555820207633787,1.9961795181904816,1.9961795181904816,1.9555820207633787,3.248011504625516
400.0,14.797,22.797,3.727,2.897,3857.346,4.185014911792571,4.1924956463368925,4.1924956463368925,4.185014911792571,12.767386621190251,12.798576874838233,12.798576874838233,12.767386621190251,1.7056180596405706,1.689123482569134,1.689123482569134,1.7056180596405706,1.9226737917301635,1.9753100795078715,1.9753100795078715,1.9226737917301635,1.7956831493069216
400.0,14.914,60.205,3.898,3.198,3745.179,4.226432340036031,4.23379710450534,4.23379710450534,4.226432340036031,13.005411527189992,13.033518500222668,13.033518500222668,13.005411527189992,1.7214558772498734,1.714102634088063,1.714102634088063,1.7214558772498734,1.9739421255419516,1.9973424131921955,1.9973424131921955,1.9739421255419516,1.8631444943143
400.0,15.12,57.085,4.802,3.045,1843.549,4.258615670396633,4.266017432316791,4.266017432316791,4.258615670396633,13.155648785430198,13.18394580528949,13.18394580528949,13.155648785430198,1.7316727360933128,1.7239744553900287,1.7239744553900287,1.7316727360933128,1.994185897646932,2.018758811584984,2.018758811584984,1.994185897646932,3.7932724181667137
400.0,15.143,46.592,5.522,6.048,555.708,4.4049883573395565,4.412657496509304,4.412657496509304,4.4049883573395565,13.827583713289354,13.85764827892133,13.85764827892133,13.827583713289354,1.7761153353750048,1.7668097833647871,1.7668097833647871,1.7761153353750048,2.0848937419881395,2.1145386336449694,2.1145386336449694,2.0848937419881395,12.697387057493644
400.0,15.149,40.176,4.014,4.833,305.643,4.573798913303145,4.581830737842238,4.581830737842238,4.573798913303145,14.58288777983854,14.61472695233512,14.61472695233512,14.58288777983854,1.822561875672604,1.8116943980017648,1.8116943980017648,1.822561875672604,2.1865969162446315,2.2209805015439814,2.2209805015439814,2.1865969162446315,23.2526622444554
400.0,15.241,90.667,5.354,5.33,4148.088,4.263881408534969,4.270952028537643,4.270952028537643,4.263881408534969,13.22329227248098,13.249606834501304,13.249606834501304,13.22329227248098,1.7381224765504333,1.7327414104072545,1.7327414104072545,1.7381224765504333,2.0107927467077773,2.0278767284306314,2.0278767284306314,2.0107927467077773,1.6928658588765386
400.0,15.432,57.104,3.183,4.33,3996.754,4.231317018420576,4.238628257091159,4.238628257091159,4.231317018420576,13.032581786227746,13.060557883163188,13.060557883163188,13.032581786227746,1.7234711616868348,1.7158181262178995,1.7158181262178995,1.7234711616868348,1.977676621587541,2.0020793182387293,2.0020793182387293,1.977676621587541,1.7466694721382352
400.0,15.704,12.203,5.666,4.992,3850.412,4.1915457744655455,4.199460519621296,4.199460519621296,4.1915457744655455,12.803986538420538,12.838064703199215,12.838064703199215,12.803986538420538,1.7123217175826353,1.6856589311263852,1.6856589311263852,1.7123217175826353,1.9123957264131604,1.9968222570784824,1.9968222570784824,1.9123957264131604,1.7993288739472193
400.0,15.792,11.45,5.03,5.732,1427.955,4.245802884453383,4.253903094000449,4.253903094000449,4.245802884453383,13.062601505574676,13.096669751124418,13.096669751124418,13.062601505574676,1.7311176732566116,1.7029864823618268,1.7029864823618268,1.7311176732566116,1.9462966020054804,2.035271669527875,2.035271669527875,1.9462966020054804,4.873664141126705
400.0,15.841,86.931,6.418,6.168,3014.05,4.28158740024554,4.2885909166583085,4.2885909166583085,4.28158740024554,13.308836775065314,13.335373358761329,13.335373358761329,13.308836775065314,1.7439842693311034,1.7384734051181885,1.7384734051181885,1.7439842693311034,2.0229839563673826,2.040607876391743,2.040607876391743,2.0229839563673826,2.332660874016226
400.0,15.907,13.966,4.189,4.508,2610.631,4.210116885622617,4.217793614879746,4.217793614879746,4.210116885622617,12.894965819522312,12.927553891560144,12.927553891560144,12.894965819522312,1.717941397995157,1.6934084658988895,1.6934084658988895,1.717941397995157,1.928582958171167,2.006359561336882,2.006359561336882,1.928582958171167,2.6584551004077066
400.0,15.931,20.254,4.659,5.811,997.167,4.293597079538992,4.301120262437769,4.301120262437769,4.293597079538992,13.294086764432782,13.325085968773044,13.325085968773044,13.294086764432782,1.7434300979003232,1.7248420024483373,1.7248420024483373,1.7434300979003232,1.9942376820999723,2.0533866924232598,2.0533866924232598,1.9942376820999723,7.010337114461338
400.0,16.035,10.094,3.341,3.648,3806.226,4.191481154619778,4.199787670123496,4.199787670123496,4.191481154619778,12.804505507069766,12.839851675684306,12.839851675684306,12.804505507069766,1.7135785528029988,1.6838611449679042,1.6838611449679042,1.7135785528029988,1.9078057830659636,2.0017319567551266,2.0017319567551266,1.9078057830659636,1.8197261416218784
400.0,16.103,32.057,4.909,3.249,3377.668,4.2187362577246565,4.226057530798263,4.226057530798263,4.2187362577246565,12.951362620208297,12.980793094716104,12.980793094716104,12.951362620208297,1.7180584303265976,1.7056975704787116,1.7056975704787116,1.7180584303265976,1.957182009656362,1.9966512746819751,1.9966512746819751,1.957182009656362,2.059709111779742
400.0,16.319,37.713,3.524,4.136,4225.198,4.222555474764483,4.229842497251728,4.229842497251728,4.222555474764483,12.979063637560293,13.007697711781228,13.007697711781228,12.979063637560293,1.719929743063649,1.7091477624269595,1.7091477624269595,1.719929743063649,1.9644651669842104,1.998832859786419,1.998832859786419,1.9644651669842104,1.6483913347847616
400.0,16.456,17.306,2.994,4.438,2388.972,4.225768310548006,4.233175494939617,4.233175494939617,4.225768310548006,12.976821892744049,13.008020770793264,13.008020770793264,12.976821892744049,1.7225606264861264,1.7016623499483496,1.7016623499483496,1.7225606264861264,1.9465082096068127,2.0129188480203277,2.0129188480203277,1.9465082096068127,2.9103927558811917
400.0,16.641,51.608,6.375,4.894,1085.272,4.324782066963086,4.332052171747345,4.332052171747345,4.324782066963086,13.476418115116068,13.504668609870468,13.504668609870468,13.476418115116068,1.7538106627759291,1.7454062420367351,1.7454062420367351,1.7538106627759291,2.039339362651372,2.066180235709662,2.066180235709662,2.039339362651372,6.475256416960219
400.0,16.787,24.443,5.958,3.737,3099.448,4.225138503327297,4.232404148818617,4.232404148818617,4.22513850332311,12.982424200472536,13.0120198834107,13.0120198834107,12.982424200531751,1.7213165362518092,1.7056554865897482,1.7056554865897482,1.7213165362518092,1.9564364506740477,2.0062826357547223,2.0062826357547223,1.9564364506740477,2.244811948767799
400.0,17.034,67.403,6.076,5.326,2161.525,4.292974677543828,4.299994707326442,4.299994707326442,4.292974677543828,13.350650792679287,13.377472978564803,13.377472978564803,13.350650792679287,1.7462014576336538,1.7394584492260214,1.7394584492260214,1.7462014576336538,2.026398786696943,2.0478730562965985,2.0478730562965985,2.026398786696943,3.2499483884616662
400.0,17.307,69.984,5.576,5.316,4254.528,4.272503440055722,4.279422170501769,4.279422170501769,4.272503440055722,13.260987409495174,13.287408493107622,13.287408493107622,13.260987409495174,1.7403970897777916,1.73390418792568,1.73390418792568,1.7403970897777916,2.014768346488882,2.035529746158515,2.035529746158515,2.014768346488882,1.649405824873912
400.0,17.461,89.383,3.038,5.698,4334.691,4.29501096944264,4.3017177146064425,4.3017177146064425,4.29501096944264,13.389655936368491,13.415122632436198,13.415122632436198,13.389655936368491,1.750119280475551,1.7447530859784943,1.7447530859784943,1.750119280475551,2.036482452016836,2.0536201102690574,2.0536201102690574,2.036482452016836,1.6246481811717144
400.0,17.543,26.05,5.469,6.319,1334.146,4.294387344807584,4.301610020917734,4.301610020917734,4.294387344807584,13.319897506014089,13.349332032325131,13.349332032325131,13.319897506014089,1.7447614781386098,1.7298092742838551,1.7298092742838551,1.7447614781386098,2.0059982673857992,2.0536973309366178,2.0536973309366178,2.0059982673857992,5.2464636648086
400.0,17.72,90.492,5.676,3.789,1529.609,4.346346583232216,4.353075412110664,4.353075412110664,4.346346583232216,13.627437829955891,13.652811026282333,13.652811026282333,13.627437829955891,1.7657420632277692,1.7603480207531843,1.7603480207531843,1.7657420632277692,2.069726264203237,2.0868201486284295,2.0868201486284295,2.069726264203237,4.6182903523453085
400.0,17.852,46.754,3.175,6.495,2063.818,4.289132227162811,4.296209716830693,4.296209716830693,4.289132227162811,13.320172663724478,13.347395906285747,13.347395906285747,13.320172663724478,1.7440221439016266,1.7349443526881112,1.7349443526881112,1.7440221439016266,2.017707922766003,2.046611166498596,2.046611166498596,2.017707922766003,3.397707791034295
400.0,17.951,92.132,3.235,2.591,3886.627,4.301263334419862,4.30787869748923,4.30787869748923,4.301263334419862,13.421846268640667,13.446725532523644,13.446725532523644,13.421846268640667,1.7523075665303682,1.7470470113084533,1.7470470113084533,1.7523075665303682,2.0414508086440954,2.0581760443138037,2.0581760443138037,2.0414508086440954,1.812554027623213
400.0,18.114,19.631,4.777,5.832,2568.119,4.252269129692787,4.259400623293179,4.259400623293179,4.252269129692787,13.122773857393312,13.15243112248657,13.15243112248657,13.122773857393312,1.7328233775700843,1.7138762657038025,1.7138762657038025,1.7328233775700843,1.9722261583207712,2.0324379573675655,2.0324379573675655,1.9722261583207712,2.7159871781987523
400.0,18.127,74.097,2.539,5.77,2353.17,4.312671547449207,4.31946430678266,4.31946430678266,4.312671547449207,13.46128448183995,13.48700971248192,13.48700971248192,13.46128448183995,1.7543283807186758,1.748079962640649,1.748079962640649,1.7543283807186758,2.0445335891793537,2.06439876870493,2.06439876870493,2.0445335891793537,2.992467818364517
400.0,18.302,80.318,3.384,3.208,3939.102,4.295390448907321,4.302041954861528,4.302041954861528,4.295390448907321,13.38570223510374,13.4112680418001,13.4112680418001,13.38570223510374,1.7494392671888668,1.743641099436143,1.743641099436143,1.7494392671888668,2.034978426963388,2.0535495004392708,2.0535495004392708,2.034978426963388,1.7860856298133354
400.0,18.489,38.649,4.436,6.163,1593.912,4.306593563870424,4.313625953442298,4.313625953442298,4.306593563870424,13.398631174198607,13.426374334430143,13.426374334430143,13.398631174198607,1.749510875695529,1.738875542317876,1.738875542317876,1.749510875695529,2.02606335957752,2.060030357983971,2.060030357983971,2.02606335957752,4.401892546425988
400.0,18.665,51.522,3.316,5.915,2843.1,4.2889904031983646,4.295877527681624,4.295877527681624,4.288990403197239,13.332076550708972,13.358656196686328,13.358656196686328,13.33207655347222,1.7451399656367943,1.736816131931208,1.736816131931208,1.7451399656367943,2.0217887632816725,2.0483687431114728,2.0483687431114728,2.0217887632816725,2.468042034700315
400.0,18.747,67.293,5.711,4.62,4179.804,4.2901466918970295,4.296869325919189,4.296869325919189,4.2901466918970295,13.353937110618345,13.379592597272204,13.379592597272204,13.353937110618345,1.7470084323575,1.7403050095643575,1.7403050095643575,1.7470084323575,2.0287254426465897,2.050072369780035,2.050072369780035,2.0287254426465897,1.6811845877438671
400.0,18.871,88.246,4.035,3.675,3257.946,4.3194253571494325,4.32591416786093,4.3259141678609145,4.3194253571494325,13.511916775624377,13.53681639851592,13.536816401726565,13.511916775624377,1.7585041051638342,1.753111547087356,1.753111547087356,1.7585041051638342,2.0546740667143424,2.0719218121788776,2.0719218121788776,2.0546740667143424,2.1650711121583255
400.0,19.291,15.897,5.731,6.415,3064.58,4.259414933946854,4.266488428500316,4.266488428500316,4.259414933946854,13.166258074212172,13.195693907108623,13.195693907108623,13.166258074212172,1.7376567635136644,1.7151419778230252,1.7151419778230252,1.7376567635136644,1.9738247078943207,2.0452008503254344,2.0452008503254344,1.9738247078943207,2.2776142108153343
400.0,19.351,23.276,3.771,3.305,1412.863,4.306721286366782,4.3137039257616605,4.3137039257616605,4.306721286366782,13.388295395333794,13.416816377028203,13.416816377028203,13.388295395333794,1.7502754459268914,1.7337562040406658,1.7337562040406658,1.7502754459268914,2.0144152619891824,2.0669666361698686,2.0669666361698686,2.0144152619891824,4.957848054871885
400.0,19.506,22.658,5.137,3.1,4534.256,4.249881176588715,4.256760852215095,4.256760852215095,4.249881176588715,13.1243454677749,13.152597323389037,13.152597323389037,13.1243454677749,1.7325604609779766,1.7158065397971929,1.7158065397971929,1.7325604609779766,1.9773072278156296,2.0306082228663085,2.0306082228663085,1.9773072278156296,1.53863495722148
400.0,19.679,93.682,2.778,5.84,3067.524,4.344351211960739,4.350648693439611,4.350648693439611,4.344351211959737,13.643780090951632,13.668090853687625,13.668090853687625,13.64378009247234,1.7679559825628617,1.7628184679569392,1.7628184679569392,1.7679559825628617,2.0752223520832938,2.091657093426696,2.091657093426696,2.0752223520832938,2.3055318696746263
400.0,19.845,72.814,5.742,6.0,1743.56,4.355396322463814,4.361931382049484,4.361931382049484,4.355396322463814,13.673244300600548,13.69838006772707,13.69838006772707,13.673244300600548,1.7688388289096997,1.7625389948885248,1.7625389948885248,1.7688388289096997,2.0758799922472657,2.0959857270777005,2.0959857270777005,2.0758799922472657,4.051228556623051
400.0,19.922,10.481,4.342,3.692,1879.642,4.28123604201957,4.288786533666931,4.288786533666931,4.28123604201957,13.266740370221834,13.298579847141992,13.298579847141992,13.266740370221834,1.747425996886809,1.7175574922052963,1.7175574922052963,1.747425996886809,1.976366238133539,2.0707085494723976,2.0707085494723976,1.976366238133539,3.716590850425328
400.0,20.23,72.638,3.543,3.033,2630.955,4.331011710499521,4.337446254293658,4.337446254293658,4.331011710503224,13.560465450489232,13.585347006691526,13.585347006691526,13.560465451151716,1.7613317523625518,1.7550554071467943,1.7550554071467943,1.7613317523625518,2.0601084959611464,2.0801608304844885,2.0801608304844885,2.0601084959611464,2.6799109652123505
400.0,20.293,42.3,6.196,3.47,1407.407,4.34117566810805,4.347937420857189,4.347937420857189,4.34117566810805,13.575918115969452,13.602267803488916,13.602267803488916,13.575918115969452,1.7616142891679225,1.7517215990312205,1.7517215990312205,1.7616142891679225,2.053972493198612,2.0854403794466205,2.0854403794466205,2.053972493198612,4.998884523477147
400.0,20.449,85.118,3.212,3.024,2009.137,4.361303314313234,4.36759072517732,4.36759072517732,4.361303314313234,13.715006203716854,13.739299103863749,13.739299103863749,13.715006203716854,1.7720798309541947,1.7665317946262582,1.7665317946262582,1.7720798309541947,2.0841573659194026,2.1018739182514405,2.1018739182514405,2.0841573659194026,3.519912700528937
400.0,20.728,96.417,4.873,5.093,2630.654,4.367768185274424,4.373876207661378,4.373876207661378,4.367768185274424,13.762691139819232,13.786240013880729,13.786240013880729,13.762691139819232,1.7761151154069326,1.771100208114204,1.771100208114204,1.7761151154069326,2.0933022390354696,2.1093342963008355,2.1093342963008355,2.0933022390354696,2.693210405553085
400.0,20.79,48.687,2.642,4.166,793.365,4.423097243926102,4.429806576480724,4.429806576480724,4.423097243926102,13.962035650210613,13.988431106956568,13.988431106956568,13.962035650210613,1.7866304055042397,1.777761693451961,1.777761693451961,1.7866304055042397,2.110644435447965,2.138849487440861,2.138849487440861,2.110644435447965,8.91622508690288
400.0,20.869,66.779,4.647,4.998,4598.954,4.319478240304936,4.325858392855692,4.325858392855692,4.319478240304936,13.510486221244053,13.534973909452743,13.534973909452743,13.510486221244053,1.7582472783165664,1.7515399385618693,1.7515399385618693,1.7582472783165664,2.053004109042136,2.074377410266965,2.074377410266965,2.053004109042136,1.5319953274948503
400.0,20.944,37.417,6.376,5.624,4234.616,4.293940611729289,4.300551510081044,4.300551510081044,4.293940611729289,13.362420823717404,13.388467783248208,13.388467783248208,13.362420823717404,1.7481104378543846,1.737226148595014,1.737226148595014,1.7481104378543846,2.023257036660104,2.0579335959293803,2.0579335959293803,2.023257036660104,1.6565935171721966
400.0,21.126,89.952,4.577,2.871,4017.822,4.346119487884581,4.352210404045391,4.352210404045391,4.346119487884581,13.657023132858702,13.680516905635088,13.680516905635088,13.657023132858702,1.768873676176378,1.763603146896161,1.763603146896161,1.768873676176378,2.0776911754540706,2.0945450088516986,2.0945450088516986,2.0776911754540706,1.7597436156800614
400.0,21.217,47.216,3.973,5.629,3975.032,4.310023340461971,4.316519953053864,4.316519953053864,4.310023340461971,13.449830848731487,13.47522819462278,13.47522819462278,13.449830848731487,1.7539314639964456,1.7450087887625318,1.7450087887625318,1.7539314639964456,2.0397808314215387,2.068236106639956,2.068236106639956,2.0397808314215387,1.768478878525243
400.0,21.366,33.466,3.911,4.664,4867.087,4.290315659544158,4.296871837306316,4.296871837306316,4.290315659544158,13.344312329815578,13.370436444343255,13.370436444343255,13.344312329815578,1.7471479331850268,1.7351733352984198,1.7351733352984198,1.7471479331850268,2.018954038183088,2.057099971521959,2.057099971521959,2.018954038183088,1.4404122100264427
400.0,21.439,31.127,4.842,4.963,4344.21,4.29262012557498,4.299182475547906,4.299182475547906,4.29262012557498,13.354018688246002,13.380262179748303,13.380262179748303,13.354018688246002,1.7479928907568087,1.7352331300306314,1.7352331300306314,1.7479928907568087,2.0189695750208414,2.0595981899956235,2.0595981899956235,2.0189695750208414,1.6137888485391574
400.0,21.476,35.901,3.343,6.261,615.443,4.46913206185195,4.475914954242654,4.475914954242654,4.46913206185195,14.16650499644725,14.19337832529647,14.19337832529647,14.16650499644725,1.8000422751159295,1.788447621947416,1.788447621947416,1.8000422751159295,2.1347898213768737,2.171499190088968,2.171499190088968,2.1347898213768737,11.51250771763244
400.0,21.549,45.994,3.383,5.42,4796.692,4.3080997250224735,4.314547311953096,4.314547311953096,4.308099725023249,13.442751926898762,13.467982115098357,13.467982115098357,13.442751925226986,1.7535547799345417,1.7444446758048595,1.7444446758048595,1.7535547799345417,2.038715637702889,2.06777631027516,2.06777631027516,2.038715637702889,1.465311440323747
400.0,21.559,81.351,5.313,4.9,2311.91,4.370525717861514,4.376679009146681,4.376679009146681,4.370525717861514,13.766477528329732,13.790029005028662,13.790029005028662,13.766477528329732,1.7758256185754586,1.7700727758475214,1.7700727758475214,1.7758256185754586,2.0922872571913294,2.1105781331712827,2.1105781331712827,2.0922872571913294,3.0614027003867434
400.0,21.753,30.376,3.177,4.271,3359.907,4.3029837325176015,4.309505984969152,4.309505984969152,4.3029837325176015,13.403100435190025,13.429331594667063,13.429331594667063,13.403100435190025,1.7513996584754097,1.738353296548525,1.738353296548525,1.7513996584754097,2.0255564164475173,2.067086972581004,2.067086972581004,2.0255564164475173,2.0878248809633986
400.0,21.787,98.362,5.039,3.364,809.733,4.485592582661849,4.491650402987159,4.491650402987159,4.485592582661849,14.303579766190529,14.326840228484814,14.326840228484814,14.303579766190529,1.810104488890732,1.8050555763343408,1.8050555763343408,1.810104488890732,2.1695606952566058,2.185570656324477,2.185570656324477,2.1695606952566058,8.800982050020734
400.0,21.816,23.458,2.933,4.692,2544.811,4.309106753068615,4.31567473921739,4.31567473921739,4.309106753068615,13.426097305728003,13.452888576632596,13.452888576632596,13.426097305728003,1.7539346554241633,1.7375542694008104,1.7375542694008104,1.7539346554241633,2.023018630228586,2.075039417868749,2.075039417868749,2.023018630228586,2.756066814853864
400.0,21.929,83.42,3.609,6.047,405.558,4.63012593550712,4.636544713138893,4.636544713137215,4.63012593550712,14.933023309731832,14.958001578496065,14.958001579373082,14.933023309731832,1.8464367070261116,1.840519734319368,1.840519734319368,1.8464367070261116,2.2547510594670213,2.273460595086918,2.273460595086918,2.2547510594670213,17.64677558269789
400.0,22.199,66.327,2.586,5.01,431.776,4.594693125821526,4.601217779277052,4.601217779277052,4.594693125822484,14.760678688966747,14.786132168028097,14.786132168028097,14.760678688950271,1.8357826935707808,1.8287267211919829,1.8287267211919829,1.8357826935707808,2.227704021060088,2.2500408457000844,2.2500408457000844,2.227704021060088,16.53258267788284
400.0,22.225,95.596,3.076,2.762,560.365,4.555429558369967,4.561529151595655,4.561529151595655,4.555429558369967,14.613784460301428,14.637453379339128,14.637453379339128,14.613784460301428,1.8284755175412464,1.8232609246912928,1.8232609246912928,1.8284755175412464,2.2124737799747143,2.2290161234631647,2.2290161234631647,2.2124737799747143,12.748329118148236
400.0,22.328,85.304,5.415,3.686,2261.3,4.38465590766223,4.3906496244121564,4.3906496244121564,4.38465590766223,13.840536633949435,13.86336468414607,13.86336468414607,13.840536633949435,1.780930531159668,1.7753808565595426,1.7753808565595426,1.780930531159668,2.103967294283956,2.1215524878143075,2.1215524878143075,2.103967294283956,3.1335458260036853
400.0,22.374,85.819,6.292,5.173,3145.776,4.374390650446483,4.380341653506317,4.380341653506317,4.374390650446483,13.797060502887346,13.819937305705356,13.819937305705356,13.797060502887346,1.77838145550099,1.772893990888166,1.772893990888166,1.77838145550099,2.0983569781438063,2.1158139926531017,2.1158139926531017,2.0983569781438063,2.251969407764534
400.0,22.378,52.063,3.356,5.545,2385.489,4.3523786505981805,4.358677267190734,4.358677267190734,4.3523786505981805,13.660784193839918,13.68531954423991,13.68531954423991,13.660784193839918,1.7682639185259914,1.7600129184637727,1.7600129184637727,1.7682639185259914,2.072046932227062,2.098301150576112,2.098301150576112,2.072046932227062,2.956955684226733
400.0,22.434,61.446,4.295,3.68,4511.026,4.334870324676488,4.341044019620117,4.341044019620117,4.334870324676488,13.588479419238046,13.61234569860199,13.61234569860199,13.588479419238046,1.76364811161074,1.7564796676224708,1.7564796676224708,1.76364811161074,2.064265978846672,2.0870723062659517,2.0870723062659517,2.064265978846672,1.562994667953244
400.0,22.589,62.409,4.0,6.366,546.257,4.540017635780528,4.5464189055992925,4.5464189055992925,4.540017635780528,14.520133540210798,14.545219707133802,14.545219707133802,14.520133540210798,1.8218956445075067,1.8145692084124128,1.8145692084124128,1.8218956445075067,2.1942917187087647,2.21750523831566,2.21750523831566,2.1942917187087647,13.042681087376398
400.0,22.751,68.181,4.439,3.227,1222.665,4.417510836125919,4.423652545400966,4.423652545400966,4.417510836125919,13.97402943434586,13.997863443735127,13.997863443735127,13.97402943434586,1.7885859971925675,1.781940928622424,1.781940928622424,1.7885859971925675,2.1196488725938862,2.140806809332878,2.140806809332878,2.1196488725938862,5.796428271226281
400.0,22.996,37.746,4.688,3.496,709.253,4.461776926174364,4.468267955994828,4.468267955994828,4.461776926174364,14.144842792059112,14.170428771073436,14.170428771073436,14.144842792059112,1.7988880143415125,1.7878265495140446,1.7878265495140446,1.7988880143415125,2.134051720637556,2.1690754373375327,2.1690754373375327,2.134051720637556,9.987561074009127
400.0,23.191,73.075,3.723,3.274,4830.842,4.355620797849881,4.361565000817328,4.361565000817328,4.355620797849881,13.702684914780765,13.725399072594826,13.725399072594826,13.702684914780765,1.7717986186017638,1.7655749135462413,1.7655749135462413,1.7717986186017638,2.0835267399178345,2.1032943113515543,2.1032943113515543,2.0835267399178345,1.463118544183709
400.0,23.302,79.983,2.988,5.664,1144.952,4.4508807584172025,4.456843289657188,4.456843289657188,4.4508807584172025,14.145732550477828,14.168484597274572,14.168484597274572,14.145732550477828,1.8002972349773645,1.7944195947077404,1.7944195947077404,1.8002972349773645,2.1468817183410938,2.1655033084128505,2.1655033084128505,2.1468817183410938,6.20958257165543
400.0,23.342,32.653,2.668,2.959,946.458,4.417504758272542,4.42389746401066,4.42389746401066,4.417504758272542,13.941958069227027,13.967560102465242,13.967560102465242,13.941958069227027,1.7866348781448171,1.7741842637467369,1.7741842637467369,1.7866348781448171,2.103514923157285,2.142955370372544,2.142955370372544,2.103514923157285,7.464945566417498
400.0,23.548,66.628,3.663,5.047,1795.312,4.400688945707772,4.406679939522423,4.406679939522423,4.400688945707772,13.906517719417083,13.9297457579579,13.9297457579579,13.906517719417083,1.784801222311096,1.778055740271002,1.778055740271002,1.784801222311096,2.1112203705355195,2.132650975429227,2.132650975429227,2.1112203705355195,3.9457163008750142
400.0,23.583,47.857,5.032,4.081,4136.443,4.341391334062556,4.347501660804811,4.347501660804811,4.341391334062556,13.615514018955846,13.639465372598725,13.639465372598725,13.615514018955846,1.765582430251602,1.7567680471539473,1.7567680471539473,1.765582430251602,2.0655822163353914,2.093638551321108,2.093638551321108,2.0655822163353914,1.7037599270979449
400.0,23.742,25.031,2.909,5.337,880.207,4.430802862370311,4.437194842211079,4.437194842211079,4.430802862370311,14.00255572516916,14.028581522685116,14.028581522685116,14.00255572516916,1.7917047468585676,1.7759775299113705,1.7759775299113705,1.7917047468585676,2.1069434222724785,2.156681355682853,2.156681355682853,2.1069434222724785,8.030731507084186
400.0,23.859,24.91,5.67,4.218,2407.462,4.342833480961267,4.349086350186155,4.349086350186155,4.342833480961267,13.6016929978743,13.62706083772406,13.62706083772406,13.6016929978743,1.7660493152126262,1.7504567130655002,1.7504567130655002,1.7660493152126262,2.0512156666009997,2.100642339670616,2.100642339670616,2.0512156666009997,2.921624937255208
400.0,23.909,24.089,3.144,6.491,1013.986,4.416907138564148,4.423250570635755,4.423250570635755,4.4169071385637695,13.941968451141635,13.96790493039585,13.96790493039585,13.941968451269586,1.7882823268209584,1.7720620114346697,1.7720620114346697,1.7882823268209584,2.098057000265084,2.149365229661584,2.149365229661584,2.098057000265084,6.967365031528063
400.0,24.147,28.435,6.043,3.696,3205.377,4.337232361377544,4.34340500100854,4.34340500100854,4.337232361377544,13.581394132552893,13.606202659370275,13.606202659370275,13.581394132552893,1.7642972047212977,1.7504224231473846,1.7504224231473846,1.7642972047212977,2.0516732364020545,2.0956600206657976,2.0956600206657976,2.0516732364020545,2.1943587285920065
400.0,24.544,82.187,3.715,2.873,2715.701,4.4040811362131125,4.409718115265667,4.409718115265667,4.4040811362131125,13.944327092345274,13.966159519653273,13.966159519653273,13.944327092345274,1.7880674227619775,1.7824290539297607,1.7824290539297607,1.7880674227619775,2.12035531926332,2.1383283419572336,2.1383283419572336,2.12035531926332,2.612368529191475
400.0,24.638,77.164,5.138,5.449,1861.389,4.426916352869371,4.432615054403886,4.432615054403886,4.426916352869371,14.046612543842192,14.068776678491194,14.068776678491194,14.046612543842192,1.7945177819451503,1.7885578912647713,1.7885578912647713,1.7945177819451503,2.134208414265484,2.153182427647852,2.153182427647852,2.134208414265484,3.815567426648861
400.0,24.663,73.093,5.466,3.199,944.156,4.481235274051325,4.48706198926741,4.48706198926741,4.481235274049354,14.282435423262362,14.304979963544104,14.304979963544104,14.282435423286689,1.8085304756391407,1.802212037486904,1.802212037486904,1.8085304756391407,2.1656969861438222,2.1857255569441785,2.1857255569441785,2.1656969861438222,7.535073716328059
400.0,24.697,59.257,6.312,3.867,2521.712,4.3883162401314095,4.3941685977039056,4.3941685977039056,4.388316240134647,13.851610769602996,13.874387256920269,13.874387256920269,13.851610769556723,1.7813914722760087,1.7739906923264446,1.7739906923264446,1.7813914722760087,2.1030191211915086,2.126507472832126,2.126507472832126,2.1030191211915086,2.8058476794829974
400.0,24.894,27.568,3.45,4.768,2697.28,4.357068857935881,4.363136625979299,4.363136625979299,4.357068857935881,13.68000885881624,13.704520632516852,13.704520632516852,13.68000885881624,1.771229987574732,1.7569440976591195,1.7569440976591195,1.771229987574732,2.065759189668241,2.1109926135046813,2.1109926135046813,2.065759189668241,2.6116151290330083
400.0,24.981,76.666,6.191,4.116,2213.219,4.4181916755475115,4.423830323208869,4.423830323208869,4.4181916755475115,14.008077170840991,14.029937859636917,14.029937859636917,14.008077170840991,1.7920826497897606,1.7861004315141118,1.7861004315141118,1.7920826497897606,2.128939975820316,2.147965747288738,2.147965747288738,2.128939975820316,3.2071601645145624
400.0,25.121,38.397,2.808,5.323,1335.571,4.418957884677358,4.424996811968651,4.424996811968651,4.418957884677358,13.974661355848946,13.99837089945088,13.99837089945088,13.974661355848946,1.7893448984345903,1.778568873239187,1.778568873239187,1.7893448984345903,2.1136812568162564,2.147799977926212,2.147799977926212,2.1136812568162564,5.297924079283484
400.0,25.335,18.445,3.372,6.249,4076.849,4.342396358212409,4.348450142343188,4.348450142343188,4.342396358212409,13.61138257064559,13.63653697662598,13.63653697662598,13.61138257064559,1.7690810738510483,1.74890954859795,1.74890954859795,1.7690810738510483,2.0468433831514683,2.110628816828588,2.110628816828588,2.0468433831514683,1.725583516649812
400.0,25.442,90.857,2.648,6.402,3639.406,4.423862977288838,4.429250044470036,4.429250044470036,4.423862977288838,14.0564332264664,14.077386760849931,14.077386760849931,14.0564332264664,1.7962664369443926,1.7910840549591984,1.7910840549591984,1.7962664369443926,2.139090468873492,2.155616859502837,2.155616859502837,2.139090468873492,1.9542979832766847
400.0,25.443,60.543,2.547,3.565,3479.057,4.38703877733799,4.39274824909156,4.392748249091583,4.38703877733799,13.85360521920314,13.875719822010536,13.875719821890762,13.85360521920314,1.781842933490574,1.774597714024311,1.774597714024311,1.781842933490574,2.104465575622263,2.1274670024089644,2.1274670024089644,2.104465575622263,2.0341905954901405
400.0,25.893,88.806,3.244,3.226,1403.378,4.474528904148138,4.4799449743687,4.4799449743687,4.474528904148138,14.280000196367215,14.300802729229392,14.300802729229392,14.280000196367215,1.80965876706916,1.8043012389555824,1.8043012389555824,1.80965876706916,2.1697033690678427,2.186666049519772,2.186666049519772,2.1697033690678427,5.076395888043629
400.0,26.074,10.074,4.352,4.657,2691.246,4.355919539462916,4.362385799428424,4.362385799428424,4.355919539462916,13.67154399091698,13.6991151893977,13.6991151893977,13.67154399091698,1.777566010709246,1.7464618039980164,1.7464618039980164,1.777566010709246,2.038226388467403,2.1361819888152307,2.1361819888152307,2.038226388467403,2.6140063752258884
400.0,26.376,96.35,4.006,3.24,2466.721,4.4524703718944645,4.457665619108129,4.457665619108129,4.4524703718944645,14.193781911002228,14.214044282881428,14.214044282881428,14.193781911002228,1.805046609117086,1.8000955787252333,1.8000955787252333,1.805046609117086,2.159582367457697,2.1753492423877576,2.1753492423877576,2.159582367457697,2.8876575727804594
400.0,26.529,53.429,4.447,4.25,3950.281,4.393497632456506,4.399094213263234,4.399094213263234,4.393497632456506,13.886425904738465,13.908254036299455,13.908254036299455,13.886425904738465,1.7842188690940617,1.7761931511903732,1.7761931511903732,1.7842188690940617,2.1085252287612715,2.1340150336720165,2.1340150336720165,2.1085252287612715,1.7917254995788263
400.0,26.776,34.913,4.489,2.951,1610.625,4.4193330528347134,4.425096409346899,4.425096409346899,4.4193330528347134,13.98416319530539,14.007186337398473,14.007186337398473,13.98416319530539,1.7904733573459355,1.7788085749695126,1.7788085749695126,1.7904733573459355,2.11478159506832,2.15172601421757,2.15172601421757,2.11478159506832,4.3921603895131645
400.0,27.185,31.191,4.454,4.321,4310.487,4.377777588042768,4.383442089785105,4.383442089785105,4.377777588042768,13.798756128845062,13.821514046410003,13.821514046410003,13.798756128845062,1.7793555203539904,1.7665567663674282,1.7665567663674282,1.7793555203539904,2.0875580725265164,2.128079608599289,2.128079608599289,2.0875580725265164,1.6376673675786095
400.0,27.446,47.748,2.867,5.609,2839.249,4.41673073435964,4.42225251316168,4.42225251316168,4.416730734359785,13.99594271821694,14.01755589076392,14.01755589076392,13.995942719333588,1.7915057131720593,1.7826501148360825,1.7826501148360825,1.7915057131720593,2.1232416474472293,2.151316824649073,2.151316824649073,2.1232416474472293,2.4956394374622666
400.0,27.583,62.05,6.178,5.384,2291.802,4.443627822122014,4.448999113606513,4.448999113606513,4.443627822122014,14.132325250821133,14.153298306599645,14.153298306599645,14.132325250821133,1.8002787276167047,1.7931733096313742,1.7931733096313742,1.8002787276167047,2.1463793594997225,2.168915337039628,2.168915337039628,2.1463793594997225,3.0995621923292886
400.0,27.641,53.128,3.467,3.604,1921.071,4.441138812276105,4.446593529382238,4.446593529382238,4.441138812276105,14.1094872854471,14.130948753829896,14.130948753829896,14.1094872854471,1.798470277695828,1.7903659817481063,1.7903659817481063,1.798470277695828,2.1405904265359967,2.166297383721296,2.166297383721296,2.1405904265359967,3.693385729025296
400.0,27.674,45.29,4.262,5.616,2107.59,4.432511096533453,4.438033544096391,4.438033544096391,4.432511096533453,14.06631066837878,14.088050794292736,14.088050794292736,14.06631066837878,1.795962298852966,1.7866665158140282,1.7866665158140282,1.795962298852966,2.1323949068927823,2.161829633457148,2.161829633457148,2.1323949068927823,3.3639932904596863
400.0,27.835,67.758,5.939,5.12,3043.232,4.439755270722379,4.445017506538923,4.445017506538923,4.439755270722379,14.122914231237113,14.143363294748587,14.143363294748587,14.122914231237113,1.7999868114963624,1.7933964132042526,1.7933964132042526,1.7999868114963624,2.1466425112810112,2.1675377280173147,2.1675377280173147,2.1466425112810112,2.3350418029197275
400.0,28.244,94.899,4.595,4.893,2523.603,4.4826259591335065,4.487545562808845,4.487545562808845,4.4826259591335065,14.345551478803491,14.364804937308971,14.364804937308971,14.345551478803491,1.8150186637757757,1.8100264478441015,1.8100264478441015,1.8150186637757757,2.1829248829640866,2.1988068319352227,2.1988068319352227,2.1829248829640866,2.8276981929571234
400.0,28.36,93.363,4.509,4.792,1835.374,4.500837075668156,4.505779914405827,4.505779914405827,4.500837075668156,14.425546008775036,14.444834895013583,14.444834895013583,14.425546008775036,1.8197260872451968,1.8146338305302792,1.8146338305302792,1.8197260872451968,2.1938632098920214,2.2100061828699027,2.2100061828699027,2.1938632098920214,3.890246540661944
400.0,28.68,38.04,6.171,4.637,2545.393,4.428001547637681,4.433418706530245,4.433418706530245,4.428001547637681,14.04636676460736,14.06777595124654,14.06777595124654,14.04636676460736,1.7951450918488925,1.78434319723772,1.78434319723772,1.7951450918488925,2.127594355646844,2.161752910743389,2.161752910743389,2.127594355646844,2.7833146226185663
400.0,28.703,55.889,3.594,5.386,4172.512,4.430406623314805,4.435637208828553,4.435637208828553,4.430406623314805,14.076985202130418,14.097404548105478,14.097404548105478,14.076985202130418,1.7971235451218153,1.789401506998883,1.789401506998883,1.7971235451218153,2.138461230425466,2.162944025129729,2.162944025129729,2.138461230425466,1.7010339171230624
400.0,28.988,23.031,2.695,6.428,2071.333,4.432026454915921,4.4375048451717625,4.4375048451717625,4.432026454915921,14.055683282866587,14.078191547379031,14.078191547379031,14.055683282866587,1.797595344627265,1.7807875860607276,1.7807875860607276,1.797595344627265,2.1187303265002453,2.1718072333926464,2.1718072333926464,2.1187303265002453,3.4177046622604714
400.0,29.013,85.089,3.93,3.839,980.063,4.558602518318386,4.563606153528526,4.563606153528526,4.558602518318386,14.675384165891698,14.69487121341276,14.69487121341276,14.675384165891698,1.8340053326391317,1.8284638659202612,1.8284638659202612,1.8340053326391317,2.2276344068500573,2.2451921880188674,2.2451921880188674,2.2276344068500573,7.294527051956373
400.0,29.076,72.058,6.112,5.069,680.473,4.604467697524964,4.60965684312148,4.60965684312148,4.604467697522961,14.865053618105296,14.885564665195908,14.885564665195908,14.865053618059752,1.8443711147134056,1.837962647916221,1.837962647916221,1.8443711147134056,2.251667158081644,2.2719839137087567,2.2719839137087567,2.251667158081644,10.511510027586006
400.0,29.101,60.842,4.001,6.116,1983.485,4.4758331312149675,4.480990869755546,4.480990869755546,4.4758331312149675,14.289211936323213,14.309385816884305,14.309385816884305,14.289211936323213,1.8104612707646213,1.8032279319212408,1.8032279319212408,1.8104612707646213,2.16978034107384,2.192684146676271,2.192684146676271,2.16978034107384,3.5876676872549758
400.0,29.121,52.756,6.048,4.413,2454.27,4.451656486345211,4.456877446125591,4.456877446125591,4.451656486345211,14.170950353631635,14.191348940148194,14.191348940148194,14.170950353631635,1.80288339987452,1.7947377525750714,1.7947377525750714,1.80288339987452,2.1508998476516448,2.1766809284693847,2.1766809284693847,2.1508998476516448,2.893720279284519
400.0,29.193,76.81,5.908,5.874,4203.112,4.461067883386489,4.466006391467519,4.466006391467519,4.461067883386489,14.24079693383489,14.260144889324367,14.260144889324367,14.24079693383489,1.8081953565373288,1.8022957135550364,1.8022957135550364,1.8081953565373288,2.1666171548577,2.185379333909901,2.185379333909901,2.1666171548577,1.6943415241793427
400.0,29.458,22.579,3.36,6.285,2582.387,4.4267891714146845,4.432181980813748,4.432181980813748,4.4267891714146845,14.03586112538763,14.058075233344471,14.058075233344471,14.03586112538763,1.796645226661964,1.7795462584697386,1.7795462584697386,1.796645226661964,2.1160212917123467,2.1699622128620315,2.1699622128620315,2.1160212917123467,2.740839516893105
400.0,29.542,26.898,2.578,4.625,4893.868,4.406453420817566,4.4117760973343065,4.4117760973343065,4.406453420817566,13.946629820696549,13.968261606701123,13.968261606701123,13.946629820696549,1.790151690466967,1.7755435906490893,1.7755435906490893,1.790151690466967,2.107702314305518,2.1538490333532567,2.1538490333532567,2.107702314305518,1.4450581997510077
400.0,29.903,53.308,5.333,3.319,2472.123,4.461326352338042,4.466415815546439,4.466415815546439,4.461326352338042,14.219898658856888,14.239856165364351,14.239856165364351,14.219898658856888,1.806047238227081,1.7979761062809931,1.7979761062809931,1.806047238227081,2.1585879107125074,2.184122469086016,2.184122469086016,2.1585879107125074,2.8741894049858305
400.0,30.028,84.323,3.283,2.941,3568.326,4.480076998632517,4.484834378036032,4.484834378036032,4.480076998632517,14.335968092084332,14.354294424817958,14.354294424817958,14.335968092084332,1.8142995102987527,1.808816093285074,1.808816093285074,1.8142995102987527,2.181627279438178,2.1989919993508047,2.1989919993508047,2.181627279438178,1.997993431661084
400.0,30.227,84.602,3.866,3.396,3859.281,4.48204667217168,4.486754433367208,4.486754433367208,4.48204667217168,14.347335905408308,14.365716961906823,14.365716961906823,14.347335905408308,1.8151271318376525,1.809665726421033,1.809665726421033,1.8151271318376525,2.1835940148002777,2.2008980651229875,2.2008980651229875,2.1835940148002777,1.8477748124929465
400.0,30.241,43.032,2.797,5.794,781.835,4.569456363148467,4.574718758385472,4.574718758385472,4.569456363148467,14.693865125400398,14.714941468717605,14.714941468717605,14.693865125400398,1.8344581816615448,1.824579843490731,1.824579843490731,1.8344581816615448,2.2214083090192798,2.252619208803164,2.252619208803164,2.2214083090192798,9.120736367735129
400.0,30.325,39.994,2.552,6.482,3845.526,4.443491274031554,4.44861825114602,4.44861825114602,4.443491274031554,14.13541791422382,14.15570055905868,14.15570055905868,14.13541791422382,1.8014109006090189,1.7910973337694074,1.7910973337694074,1.8014109006090189,2.143146613950752,2.1757699556751056,2.1757699556751056,2.143146613950752,1.8452613012716383
400.0,30.368,90.575,4.034,3.115,2991.522,4.499154899630705,4.503791353982143,4.503791353982143,4.499154899630705,14.429877254675446,14.447990216122609,14.447990216122609,14.429877254675446,1.820388894389272,1.8152195416728876,1.8152195416728876,1.820388894389272,2.19614983954069,2.212537583667092,2.212537583667092,2.19614983954069,2.3864540963932166
400.0,30.413,78.3,3.846,6.037,1921.087,4.516784371862324,4.521576408025071,4.521576408025071,4.516784371862324,14.499912951152714,14.518509174246846,14.518509174246846,14.499912951152714,1.8242089248889384,1.8183501820674732,1.8183501820674732,1.8242089248889384,2.2042512885440027,2.2227986773621087,2.2227986773621087,2.2042512885440027,3.716495952144351
400.0,30.522,20.007,5.707,5.615,1106.881,4.501983218453352,4.507306058317603,4.507306058317603,4.501983218453352,14.377175978595831,14.399571975639065,14.399571975639065,14.377175978595831,1.818490014884611,1.7993138641787425,1.7993138641787425,1.818490014884611,2.16111259289111,2.2215101665597943,2.2215101665597943,2.16111259289111,6.414771288560632
400.0,30.623,55.332,6.096,5.376,1794.185,4.498436302003765,4.503421001369669,4.503421001369669,4.498436302003765,14.396044168287968,14.415615486735344,14.415615486735344,14.396044168287968,1.817192322606284,1.8093547018651304,1.8093547018651304,1.817192322606284,2.184802384847167,2.2096090135181936,2.2096090135181936,2.184802384847167,3.9687774785778407
400.0,30.728,65.706,5.891,5.934,3847.061,4.475902100041068,4.4807348284761215,4.4807348284761215,4.475902100041068,14.308815049652685,14.327585544742265,14.327585544742265,14.308815049652685,1.812404272213064,1.8056696842003896,1.8056696842003896,1.812404272213064,2.175580921478362,2.196909921505362,2.196909921505362,2.175580921478362,1.8511876167116612
400.0,30.941,59.425,4.56,5.749,1409.486,4.527383249843991,4.532296782630184,4.532296782630184,4.527383249843991,14.531334417411411,14.550730051714512,14.550730051714512,14.531334417411411,1.8254190128793903,1.818017170504336,1.818017170504336,1.8254190128793903,2.2050419394935488,2.2284640060719485,2.2284640060719485,2.2050419394935488,5.0596683679132886
400.0,31.024,32.114,5.334,4.436,455.43,4.68100578185321,4.6864034764985885,4.6864034764985885,4.68100578185321,15.172516349028731,15.194604376128185,15.194604376128185,15.172516349028731,1.861965305346023,1.848952224453344,1.848952224453344,1.861965305346023,2.2820232481922806,2.323416911605205,2.323416911605205,2.2820232481922806,15.688959325675624
400.0,31.193,17.234,4.056,4.784,1062.401,4.512078673763756,4.517348437868009,4.517348437868009,4.512078673764052,14.424166471783632,14.4464528751305,14.4464528751305,14.42416647178076,1.822460046547356,1.8006573574227691,1.8006573574227691,1.822460046547356,2.1639499176504766,2.2325228018153536,2.2325228018153536,2.1639499176504766,6.6845001110070825
400.0,31.274,78.373,3.135,3.315,1168.45,4.565273305916596,4.5699532352597005,4.5699532352597005,4.565273305916624,14.715512472547568,14.734174498714632,14.734174498714632,14.715512472545209,1.8367123358774693,1.8308356095797509,1.8308356095797509,1.8367123358774693,2.2346182758488045,2.253255681219688,2.253255681219688,2.2346182758488045,6.1184329221378215
400.0,31.434,25.123,3.002,5.81,936.903,4.5424469801550105,4.547618514433659,4.547618514433659,4.542446980153894,14.568087046648923,14.58959955331268,14.58959955331268,14.568087048570977,1.828962301874344,1.8131724218278369,1.8131724218278369,1.828962301874344,2.194488257248816,2.244228983042237,2.244228983042237,2.194488257248816,7.594853296698448
400.0,31.468,96.037,2.919,6.499,4648.346,4.515721870838946,4.520136279549385,4.520136279549385,4.515721870838946,14.523330639321037,14.540486383251276,14.540486383251276,14.523330639321037,1.827002082120732,1.822093839307348,1.822093839307348,1.827002082120732,2.2118934878789296,2.227451356520083,2.227451356520083,2.2118934878789296,1.5386426153928343
400.0,31.477,36.46,2.61,4.708,903.005,4.557750194139231,4.562857013197239,4.562857013197239,4.557750194139231,14.644563872445024,14.665043055808596,14.665043055808596,14.644563872445024,1.8321417926397645,1.8207556292589584,1.8207556292589584,1.8321417926397645,2.2128816577496098,2.2487969154493728,2.2487969154493728,2.2128816577496098,7.890094995846678
400.0,31.713,51.333,5.534,2.833,4660.926,4.462684830457987,4.467490575207286,4.467490575207286,4.462684830457987,14.239073303294974,14.257948316689284,14.257948316689284,14.239073303294974,1.8078237722343944,1.7995339197866909,1.7995339197866909,1.8078237722343944,2.16274206536004,2.1889866007609173,2.1889866007609173,2.16274206536004,1.5248130982565582
400.0,31.819,32.218,4.998,3.148,2356.747,4.4704219850634574,4.475390869778288,4.475390869778288,4.4704219850634574,14.255818167640522,14.2759388209894,14.2759388209894,14.255818167640522,1.8093223141127224,1.796806671065161,1.796806671065161,1.8093223141127224,2.156862893871309,2.1963923360812654,2.1963923360812654,2.156862893871309,3.011829447344358
400.0,31.842,46.313,3.833,5.614,3898.428,4.471214582502633,4.476055131725498,4.476055131725498,4.471214582502633,14.277406906530402,14.296496252525468,14.296496252525468,14.277406906530402,1.8104586962430196,1.8013712836604416,1.8013712836604416,1.8104586962430196,2.1670150110024653,2.195728683262486,2.195728683262486,2.1670150110024653,1.8237841498363088
400.0,32.003,11.267,2.514,4.413,1721.121,4.472870315234534,4.4782327855743835,4.4782327855743835,4.472870315234534,14.252574316843504,14.275248972758275,14.275248972758275,14.252574316843504,1.8158126206972576,1.785974176425963,1.785974176425963,1.8158126206972576,2.128083075002221,2.2217419866070447,2.2217419866070447,2.128083075002221,4.1181679969341465
400.0,32.247,75.696,5.879,5.552,1407.038,4.565337583070209,4.569900343933087,4.569900343933087,4.565337583070916,14.724878944986974,14.74279538606992,14.74279538606992,14.724878944897611,1.8377346807962984,1.831694646862039,1.831694646862039,1.8377346807962984,2.236975407616268,2.2560821321751914,2.2560821321751914,2.236975407616268,5.082653618061294
400.0,32.333,68.738,5.733,5.173,2777.992,4.514589560052315,4.519160361728021,4.519160361728021,4.514589560052315,14.495384107722153,14.513268428210331,14.513268428210331,14.495384107722153,1.8241182040177908,1.8176292822692777,1.8176292822692777,1.8241182040177908,2.203869389435764,2.2244115580619,2.2244115580619,2.203869389435764,2.5685140726691977
400.0,32.365,52.443,6.308,4.611,2152.325,4.509208052876538,4.513946703375309,4.513946703375309,4.509208052876538,14.45472232501057,14.473321634620213,14.473321634620213,14.45472232501057,1.8211606376722156,1.8129633755778527,1.8129633755778527,1.8211606376722156,2.1940139094277686,2.219911078265834,2.219911078265834,2.1940139094277686,3.3097464361696
400.0,32.573,94.578,5.124,5.014,1117.504,4.61292480905834,4.6172986040512,4.6172986040512,4.61292480905834,14.95263870434576,14.969515809171638,14.969515809171638,14.95263870434576,1.851662442955469,1.8466068920778929,1.8466068920778929,1.851662442955469,2.271969196055581,2.2880115616334886,2.2880115616334886,2.271969196055581,6.417325407978368
400.0,32.617,80.446,4.503,6.146,4195.475,4.519068321511293,4.523460456982499,4.523460456982499,4.519068321511293,14.531180233141203,14.54847129740518,14.54847129740518,14.531180233141203,1.826973146598545,1.8213121295344976,1.8213121295344976,1.826973146598545,2.2116799412736285,2.229643645298861,2.229643645298861,2.2116799412736285,1.7030215714320942
400.0,32.721,33.299,3.033,6.294,1590.068,4.518485494571825,4.523347605346067,4.523347605346067,4.518485494571825,14.482128289200435,14.50183028407464,14.50183028407464,14.482128289200435,1.8234556029226692,1.8112322721660803,1.8112322721660803,1.8234556029226692,2.190468986028512,2.229034328883865,2.229034328883865,2.190468986028512,4.475920080329952
400.0,33.02,35.426,4.373,3.612,4156.851,4.4711353388078825,4.475878777359232,4.475878777359232,4.4711353388078825,14.273458556140705,14.292526701622258,14.292526701622258,14.273458556140705,1.8107044179634304,1.7992193691970553,1.7992193691970553,1.8107044179634304,2.162730933044608,2.1989929444267826,2.1989929444267826,2.162730933044608,1.7087213393086855
400.0,33.059,22.589,6.273,3.819,4564.961,4.455792675581254,4.460607542634137,4.460607542634137,4.455792675581254,14.193921304691804,14.21395710017488,14.21395710017488,14.193921304691804,1.8075171782220547,1.7904151724348163,1.7904151724348163,1.8075171782220547,2.1417717820609656,2.195674243846955,2.195674243846955,2.1417717820609656,1.5533125064113291
400.0,33.068,62.53,5.927,5.502,704.613,4.652710205783183,4.6573829630120125,4.6573829630120125,4.652710205783183,15.097105765192042,15.115710322582776,15.115710322582776,15.097105765192042,1.8583458213102813,1.8511349038288163,1.8511349038288163,1.8583458213102813,2.286270283437152,2.309207580958107,2.309207580958107,2.286270283437152,10.163159319862883
400.0,33.241,45.0,3.61,5.25,4695.854,4.485325448041566,4.489943254563201,4.489943254563201,4.485325448041566,14.350162420739952,14.36875963563668,14.36875963563668,14.350162420739952,1.8153069146071852,1.8060165215791,1.8060165215791,1.8153069146071852,2.178232840462626,2.2076353219108555,2.2076353219108555,2.178232840462626,1.515148973932249
400.0,33.248,97.683,3.464,5.919,1047.497,4.636979755659643,4.641204838727392,4.641204838727392,4.636979755659643,15.066210699970773,15.083049250505626,15.083049250505626,15.066210699970773,1.8584526571140407,1.8535506153461128,1.8535506153461128,1.8584526571140407,2.289048647510914,2.304753283289756,2.304753283289756,2.289048647510914,6.853399976148851
400.0,33.35,16.769,6.13,5.528,775.819,4.590318528203589,4.595329852827585,4.595329852827585,4.590318528203589,14.786462202201902,14.807851340798814,14.807851340798814,14.786462202201902,1.8446975893947863,1.822161293328297,1.822161293328297,1.8446975893947863,2.2155508213205186,2.286444378768519,2.286444378768519,2.2155508213205186,9.182526721221398
400.0,33.44,18.959,2.795,5.791,2584.31,4.483168277025525,4.488000535421148,4.488000535421148,4.483168277025525,14.318702732015154,14.338858992942644,14.338858992942644,14.318702732015154,1.8164793481093129,1.7964769669019511,1.7964769669019511,1.8164793481093129,2.15507693558086,2.217989290962372,2.217989290962372,2.15507693558086,2.7471515227793577
400.0,33.595,26.729,3.812,4.039,1149.642,4.549380928678107,4.554198287293627,4.554198287293627,4.549380928678107,14.615701967709924,14.63547429931084,14.63547429931084,14.615701967709924,1.8320473425499235,1.817107828931988,1.817107828931988,1.8320473425499235,2.2047710169433463,2.2517911316316055,2.2517911316316055,2.2047710169433463,6.192652297229822
400.0,33.825,89.124,6.315,2.739,1482.997,4.5933699404423045,4.597556118044392,4.597556118044392,4.5933699404423045,14.868607049383863,14.88521322572486,14.88521322572486,14.868607049383863,1.846802656428884,1.8415527050245937,1.8415527050245937,1.846802656428884,2.2606231659007525,2.2772911371275404,2.2772911371275404,2.2606231659007525,4.830391162232032
400.0,33.846,73.351,6.156,3.658,4158.099,4.524803116270116,4.529088321125865,4.529088321125865,4.524803116270116,14.55565718244657,14.572498605996484,14.572498605996484,14.55565718244657,1.828207684473661,1.8220922951008425,1.8220922951008425,1.828207684473661,2.214713525031657,2.2340803804516227,2.2340803804516227,2.214713525031657,1.7173697216851245
400.0,34.051,55.728,4.221,2.614,605.239,4.683049003613803,4.687676297289862,4.687676297289862,4.683049003613803,15.223757351750104,15.24227748613628,15.24227748613628,15.223757351750104,1.865052110687776,1.8570597860628073,1.8570597860628073,1.865052110687776,2.302226458768667,2.3279315199909147,2.3279315199909147,2.302226458768667,11.829094833029298
400.0,34.232,45.874,5.424,3.684,548.493,4.699398152868176,4.704121912010345,4.704121912010345,4.699398152868176,15.28742777662386,15.306490745144885,15.306490745144885,15.28742777662386,1.8685945289707824,1.859100835355687,1.859100835355687,1.8685945289707824,2.308004507042892,2.338547345352964,2.338547345352964,2.308004507042892,13.049673605881967
400.0,34.592,26.586,4.502,5.646,1881.228,4.526930892098261,4.531549763982483,4.531549763982483,4.526930892098261,14.52784620785608,14.546866088295069,14.546866088295069,14.52784620785608,1.82751194070585,1.812577799802892,1.812577799802892,1.82751194070585,2.1940519893291794,2.241065067437308,2.241065067437308,2.1940519893291794,3.7832642050412666
400.0,34.686,16.591,3.751,4.991,2639.353,4.497110148489512,4.5017794573399765,4.5017794573399765,4.497110148489512,14.38787931788073,14.40779011972418,14.40779011972418,14.38787931788073,1.821950441524252,1.799542835197552,1.799542835197552,1.821950441524252,2.1620603459912746,2.232494113421423,2.232494113421423,2.1620603459912746,2.6911881460432774
400.0,34.709,19.697,5.661,3.214,3939.565,4.481003848494569,4.485610704643651,4.485610704643651,4.481003848494569,14.316690379013194,14.336039869418952,14.336039869418952,14.316690379013194,1.8163100436351287,1.796979849637799,1.796979849637799,1.8163100436351287,2.156928709486071,2.21775618086378,2.21775618086378,2.156928709486071,1.8018209774173988
400.0,35.183,90.255,6.498,3.24,4428.295,4.561380786243026,4.565304225520262,4.565304225520262,4.561380786243026,14.742846293218165,14.758496192878058,14.758496192878058,14.742846293218165,1.8403019452214535,1.835170279940104,1.835170279940104,1.8403019452214535,2.245228351685608,2.2614873527944104,2.2614873527944104,2.245228351685608,1.616914848142751
400.0,35.399,65.03,3.129,3.583,2248.437,4.565632664417793,4.56979716985936,4.56979716985936,4.565632664417793,14.73829787761422,14.754866145934589,14.754866145934589,14.73829787761422,1.838946403969553,1.8321370644861017,1.8321370644861017,1.838946403969553,2.2400177021651526,2.261533621207767,2.261533621207767,2.2400177021651526,3.178732040779153
400.0,35.789,37.086,6.025,5.624,3035.864,4.532056809025361,4.536393750186988,4.536393750186988,4.532056809024576,14.570234528718547,14.587870950277924,14.587870950277924,14.570234528813227,1.8294735968743343,1.8184033212071409,1.8184033212071409,1.8294735968743343,2.2083364423653946,2.243269137402889,2.243269137402889,2.2083364423653946,2.347382580871813
400.0,35.855,83.388,4.323,4.706,4081.318,4.57068274893741,4.5746041355531935,4.5746041355531935,4.57068274893741,14.784406952921948,14.799719169743698,14.799719169743698,14.784406952921948,1.8426910266656409,1.8371995473205391,1.8371995473205391,1.8426910266656409,2.250840896925153,2.2682155324840707,2.2682155324840707,2.250840896925153,1.7544947500181698
400.0,36.331,47.646,4.937,3.785,2463.582,4.5570586490183755,4.561240875635605,4.561240875635605,4.5570586490183755,14.691544119716264,14.708398437538117,14.708398437538117,14.691544119716264,1.8362443443567624,1.8273534041116957,1.8273534041116957,1.8362443443567624,2.22981936708212,2.257909029415504,2.257909029415504,2.22981936708212,2.8968882398679074
400.0,36.475,84.098,2.614,3.009,4410.902,4.574795516743193,4.57860926162855,4.57860926162855,4.574795516743193,14.805254246369095,14.820370205869096,14.820370205869096,14.805254246369095,1.8439206157271024,1.8384903551908645,1.8384903551908645,1.8439206157271024,2.2542760343028867,2.271521521634104,2.271521521634104,2.2542760343028867,1.623394399298992
400.0,37.076,96.409,4.429,6.002,4798.861,4.603233739153456,4.606861513349736,4.606861513349736,4.603233739153456,14.950055636513644,14.964391800846924,14.964391800846924,14.950055636513644,1.8532953315153355,1.8484450781401185,1.8484450781401185,1.8532953315153355,2.277514815227358,2.293004590374071,2.293004590374071,2.277514815227358,1.495549697431814
400.0,37.081,14.248,3.891,3.675,2385.612,4.533708752208553,4.538109192441375,4.538109192441375,4.533708752208553,14.565249149345345,14.584042614340348,14.584042614340348,14.565249149345345,1.8343859210158928,1.8089247596965696,1.8089247596965696,1.8343859210158928,2.1842379656996584,2.264211154351062,2.264211154351062,2.1842379656996584,2.9815574601981423
400.0,37.145,51.913,5.223,3.2,2039.477,4.583858572309528,4.587906257849781,4.587906257849781,4.583858572309528,14.818027090351643,14.834262109743152,14.834262109743152,14.818027090351643,1.843700332637208,1.835427044636935,1.835427044636935,1.843700332637208,2.249505016325142,2.2756837235377487,2.2756837235377487,2.249505016325142,3.5033560156571637
400.0,37.146,16.646,4.489,5.081,2744.751,4.5340811464112685,4.538397866434608,4.538397866434608,4.5340811464112685,14.571402912349267,14.58990916874194,14.58990916874194,14.571402912349267,1.8336970536503,1.8112428584203528,1.8112428584203528,1.8336970536503,2.190337002015352,2.260863545271365,2.260863545271365,2.190337002015352,2.5926086566894915
400.0,37.237,89.009,5.213,3.021,3573.311,4.599057393695271,4.602735505863915,4.602735505863915,4.599057393695271,14.921145860685474,14.93569100062368,14.93569100062368,14.921145860685474,1.8509584261097167,1.8457657155612075,1.8457657155612075,1.8509584261097167,2.2719725148034047,2.2885146954547984,2.2885146954547984,2.2719725148034047,2.0061825566281075
400.0,37.276,84.61,4.687,4.115,3869.425,4.594995790627784,4.598709535663125,4.598709535663125,4.594995790627784,14.901353236082208,14.916005492636527,14.916005492636527,14.901353236082208,1.8497666891871647,1.8443437743076672,1.8443437743076672,1.8497666891871647,2.2687457256893087,2.285983006279709,2.285983006279709,2.2687457256893087,1.8521834004583768
400.0,37.375,42.622,3.667,5.422,3888.737,4.553813585662499,4.55787350374602,4.55787350374602,4.553813585662499,14.683766816525672,14.70025883016016,14.70025883016016,14.683766816525672,1.8364136896622725,1.826633374008484,1.826633374008484,1.8364136896622725,2.2284267285314248,2.259315779028876,2.259315779028876,2.2284267285314248,1.8351640780716485
400.0,37.655,95.276,5.787,6.03,3855.341,4.617872431787376,4.621437295980341,4.621437295980341,4.617872431787376,15.016563337592451,15.030741902806506,15.030741902806506,15.016563337592451,1.857104463048711,1.8522039489742617,1.8522039489742617,1.857104463048711,2.287176458357024,2.30283827930854,2.30283827930854,2.287176458357024,1.8621821904126736
400.0,37.878,37.581,5.794,6.433,2618.879,4.57432849619377,4.5783904391456645,4.5783904391456645,4.57432849619377,14.773854860292168,14.790281815898782,14.790281815898782,14.773854860292168,1.841993671839494,1.8310089602100288,1.8310089602100288,1.841993671839494,2.239280147473246,2.2739555966543152,2.2739555966543152,2.239280147473246,2.7261980076580308
400.0,38.216,31.417,3.606,6.257,4069.333,4.555510978399424,4.559558518304328,4.559558518304328,4.555510978399424,14.688806651859474,14.705243960744712,14.705243960744712,14.688806651859474,1.837656999080434,1.824801544976774,1.824801544976774,1.837656999080434,2.2244013576205495,2.264904539741041,2.264904539741041,2.2244013576205495,1.7527165015122133
400.0,38.382,52.325,3.839,4.073,4769.439,4.5709886241513,4.574827611598047,4.574827611597983,4.5709886241513,14.77410798963002,14.789545730150977,14.789545730972725,14.77410798963002,1.841759654495981,1.833589676986763,1.833589676986763,1.841759654495981,2.245245716048798,2.271090059936495,2.271090059936495,2.245245716048798,1.4981331625267889
400.0,38.459,95.797,5.24,4.937,3870.647,4.628607880930267,4.632068945341199,4.632068945341199,4.628607880930267,15.067792141407187,15.081496409669713,15.081496409669713,15.067792141407187,1.860086758567419,1.855212439251516,1.855212439251516,1.860086758567419,2.2950626445662023,2.310638471291156,2.310638471291156,2.2950626445662023,1.8552079585118324
400.0,38.742,66.733,5.174,2.789,3560.973,4.5982487560289975,4.601921449758033,4.601921449758033,4.5982487560289975,14.90701745960753,14.9217375354201,14.9217375354201,14.90701745960753,1.8496067139109809,1.8429769593926209,1.8429769593926209,1.8496067139109809,2.267489601262536,2.2885581590182857,2.2885581590182857,2.267489601262536,2.0099618096575584
400.0,38.932,70.985,3.769,3.525,4367.776,4.601345648903956,4.6049623955685295,4.6049623955685295,4.601345648903956,14.927427401603564,14.94172304501978,14.94172304501978,14.927427401603564,1.8510662029365048,1.8447788457480367,1.8447788457480367,1.8510662029365048,2.271581157921592,2.2915672544976955,2.2915672544976955,2.271581157921592,1.6396097986381168
400.0,38.932,79.117,3.108,4.604,4092.856,4.615078370780118,4.618632896533925,4.618632896533925,4.615078370780118,14.996359137738368,15.010297228310474,15.010297228310474,14.996359137738368,1.855391935318484,1.8496485218529664,1.8496485218529664,1.855391935318484,2.2828735855970863,2.3011519977203085,2.3011519977203085,2.2828735855970863,1.7517249827241184
400.0,38.961,81.005,6.35,4.206,3135.304,4.626167994146124,4.62969561829987,4.62969561829987,4.626167994146124,15.045390475782918,15.05948017552386,15.05948017552386,15.045390475782918,1.8581369637647407,1.852513600122925,1.852513600122925,1.8581369637647407,2.289936097434176,2.3078832382513204,2.3078832382513204,2.289936097434176,2.2874788738524576
400.0,39.067,56.125,3.651,2.712,1993.615,4.619401896785056,4.62316326328406,4.62316326328406,4.619401896785056,14.990165180869514,15.005158896355912,15.005158896355912,14.990165180869514,1.853991205147283,1.8462425731833725,1.8462425731833725,1.853991205147283,2.276586364394812,2.30120955859819,2.30120955859819,2.276586364394812,3.589099407279236
400.0,39.12,56.852,4.511,5.341,2493.095,4.615185546716324,4.618925159619843,4.618925159619843,4.615185546716324,14.977317152274724,14.992198220808143,14.992198220808143,14.977317152274724,1.853646160542944,1.8459981069346525,1.8459981069346525,1.853646160542944,2.275599617516157,2.299902517785668,2.299902517785668,2.275599617516157,2.871199006591158
400.0,39.31,57.044,2.523,4.649,2047.017,4.6277069224118685,4.631427128030741,4.631427128030741,4.6277069224118685,15.031823821773532,15.046697342472994,15.046697342472994,15.031823821773532,1.856612954799268,1.8489717128137475,1.8489717128137475,1.856612954799268,2.283215274483569,2.3075319654756967,2.3075319654756967,2.283215274483569,3.497612059247462
400.0,39.329,30.277,4.976,5.397,1879.212,4.605762910446746,4.6097034116254365,4.6097034116254365,4.605762910446746,14.912907123382668,14.929103185898663,14.929103185898663,14.912907123382668,1.85075634418942,1.8373658289606996,1.8373658289606996,1.85075634418942,2.255532576896147,2.29782191880156,2.29782191880156,2.255532576896147,3.80046705881556
400.0,39.789,53.176,4.893,3.01,3173.0,4.605027063252151,4.608704251615188,4.608704251615188,4.605027063252151,14.931744000970593,14.946285070347123,14.946285070347123,14.931744000970593,1.8509863307967884,1.8428888710893516,1.8428888710893516,1.8509863307967884,2.268627908252129,2.294301519945658,2.294301519945658,2.268627908252129,2.2541422380339826
400.0,39.824,91.253,4.293,6.135,4818.831,4.642396367812768,4.645735242616037,4.645735242616037,4.642396367812768,15.134915962031084,15.147942612561035,15.147942612561035,15.134915962031084,1.8640941012738568,1.8590037594808448,1.8590037594808448,1.8640941012738568,2.305293261395511,2.3216006727765723,2.3216006727765723,2.305293261395511,1.4906232570342324
400.0,40.399,36.035,2.767,3.461,3046.889,4.59880792354691,4.602535128159423,4.602535128159423,4.59880792354691,14.893970141468872,14.909156698009772,14.909156698009772,14.893970141468872,1.8493805317377991,1.83796312491065,1.83796312491065,1.8493805317377991,2.2574304795691527,2.2935565477580098,2.2935565477580098,2.2574304795691527,2.3443295564371143
400.0,40.576,30.182,4.702,4.041,2731.022,4.601450393620588,4.605213572488513,4.605213572488513,4.601450393620588,14.902385883130222,14.91770292847766,14.91770292847766,14.902385883130222,1.850447118479145,1.837040548833944,1.837040548833944,1.850447118479145,2.2552476550374307,2.2975836445227027,2.2975836445227027,2.2552476550374307,2.614760543268793
400.0,40.811,85.12,4.693,5.742,1998.129,4.688240511516431,4.691523217576521,4.691523217576521,4.688240511516431,15.330786072092904,15.344010633782878,15.344010633782878,15.330786072092904,1.874512847126773,1.8690948002761427,1.8690948002761427,1.874512847126773,2.3318593938233128,2.349356998015741,2.349356998015741,2.3318593938233128,3.59625519137778
400.0,40.868,29.693,5.233,6.061,1825.966,4.633627809486153,4.637371624807365,4.637371624807365,4.633627809486153,15.045463805847032,15.060980579354982,15.060980579354982,15.045463805847032,1.858771020315651,1.845111732878456,1.845111732878456,1.858771020315651,2.2751827278800887,2.318470455378409,2.318470455378409,2.2751827278800887,3.9150029167108658
400.0,40.896,69.91,5.555,6.289,617.929,4.818634536737882,4.822198401981786,4.822198401981786,4.818634536737882,15.868300779166464,15.882774264125176,15.882774264125176,15.868300779166464,1.901335907067252,1.8947017481115396,1.8947017481115396,1.901335907067252,2.4012431209877905,2.4226052498315016,2.4226052498315016,2.4012431209877905,11.632355847756582
400.0,41.04,85.57,4.843,3.063,3789.493,4.655129581819727,4.6583646667056335,4.6583646667056335,4.655129581819727,15.188130194078967,15.200880163444047,15.200880163444047,15.188130194078967,1.8666789384628308,1.861306809120141,1.861306809120141,1.8666789384628308,2.3123948499328306,2.329688701104399,2.329688701104399,2.3123948499328306,1.8944926779680635
400.0,41.341,24.617,3.291,6.353,1136.737,4.67859410144394,4.682366269722984,4.682366269722984,4.6785941014431565,15.237475007621487,15.25327616621908,15.25327616621908,15.237475007632687,1.870166445218506,1.8538889921719972,1.8538889921719972,1.870166445218506,2.297229175241545,2.3492335821879697,2.3492335821879697,2.297229175241545,6.292619641350969
400.0,41.496,58.993,2.746,2.823,1411.366,4.688909976890008,4.69235708229785,4.69235708229785,4.688909976890008,15.308780192768058,15.322699075577344,15.322699075577344,15.308780192768058,1.8721216884338985,1.8646454003023152,1.8646454003023152,1.8721216884338985,2.3235221699713087,2.3475776881128607,2.3475776881128607,2.3235221699713087,5.079408588576186
400.0,41.567,42.565,4.889,4.992,4828.054,4.613556172348385,4.61708466805722,4.61708466805722,4.613556172348385,14.975432005311852,14.989499971957168,14.989499971957168,14.975432005311852,1.8542787974627029,1.8444268553963592,1.8444268553963592,1.8542787974627029,2.2733927085699013,2.304614086248024,2.304614086248024,2.2733927085699013,1.481385139096653
400.0,41.577,29.216,5.356,5.172,4569.863,4.600835913790734,4.604445363046149,4.604445363046149,4.600835913790734,14.908474100989084,14.923448253302652,14.923448253302652,14.908474100989084,1.851394605026504,1.8376201626318835,1.8376201626318835,1.851394605026504,2.2568087464353574,2.3003415602332606,2.3003415602332606,2.2568087464353574,1.563021199043187
400.0,41.669,63.455,4.299,2.816,966.247,4.738735203531405,4.7421680690542525,4.7421680690542525,4.738735203531405,15.524969823657647,15.538817305255249,15.538817305255249,15.524969823657647,1.8836115867209609,1.8765288010941843,1.8765288010941843,1.8836115867209609,2.354030064398412,2.3768288037522374,2.3768288037522374,2.354030064398412,7.426875532877472
400.0,41.764,77.771,6.042,3.616,4711.224,4.653039655658113,4.656248798513589,4.656248798513589,4.653039655658113,15.178052099935147,15.190699012299923,15.190699012299923,15.178052099935147,1.8660429058442445,1.860225714604719,1.860225714604719,1.8660429058442445,2.310556173915943,2.3292891376365903,2.3292891376365903,2.310556173915943,1.523157947340968
400.0,41.849,95.311,3.48,3.106,3251.825,4.685039269809667,4.6881115470580825,4.6881115470580825,4.685039269809667,15.330862793234576,15.342823767509312,15.342823767509312,15.330862793234576,1.875088732535633,1.8701688319427816,1.8701688319427816,1.875088732535633,2.334296259337465,2.3501115598298634,2.3501115598298634,2.334296259337465,2.210633429571024
400.0,41.904,15.32,4.033,6.458,4329.249,4.595200658751935,4.598911082600111,4.598911082600111,4.595200658751935,14.877059431255825,14.892914183363487,14.892914183363487,14.877059431255825,1.8537611114498445,1.829545728342814,1.829545728342814,1.8537611114498445,2.235487410094822,2.3116790384108006,2.3116790384108006,2.235487410094822,1.6482646923135835
400.0,41.97,27.054,3.35,3.999,878.532,4.718691506484817,4.7223929279600645,4.7223929279600645,4.718691506484817,15.4105309316064,15.42613457942742,15.42613457942742,15.4105309316064,1.8788698354811104,1.8638048419456543,1.8638048419456543,1.8788698354811104,2.3231672079047767,2.371429738500034,2.371429738500034,2.3231672079047767,8.146277336999093
400.0,41.973,59.319,4.717,3.237,1809.812,4.67819291420449,4.681566697908515,4.681566697908515,4.67819291420449,15.267840149379383,15.281331558377463,15.281331558377463,15.267840149379383,1.870163429093632,1.8627492029515187,1.8627492029515187,1.870163429093632,2.3187250983942818,2.342581672660707,2.342581672660707,2.3187250983942818,3.9610291877658654
400.0,42.093,70.63,4.453,3.092,1550.118,4.704501250867232,4.707777487563707,4.707777487563707,4.704501250867232,15.39105738551789,15.404115859954262,15.404115859954262,15.39105738551789,1.877073602419476,1.8706794386592809,1.8706794386592809,1.877073602419476,2.3381715265641527,2.3587554637230106,2.3587554637230106,2.3381715265641527,4.630336546957899
400.0,42.717,45.332,5.932,5.883,410.646,4.92820857432246,4.931883232901718,4.931883232901718,4.928208574322673,16.313605663845994,16.32914886316242,16.32914886316242,16.31360566357144,1.9930229974994929,1.9386682748383304,1.9386682748383304,1.9930229974994929,2.455686689426277,2.4874966200543502,2.4874966200543502,2.455686689426277,17.477619486140455
400.0,42.904,29.216,3.829,3.129,2074.099,4.65041756014117,4.653904541807887,4.653904541807887,4.65041756014117,15.128219993822407,15.14259141108389,15.14259141108389,15.128219993822407,1.8636887380269127,1.849800349052077,1.849800349052077,1.8636887380269127,2.2878478018950816,2.332077323566968,2.332077323566968,2.2878478018950816,3.447058794828393
400.0,42.946,58.756,5.687,5.864,2875.42,4.674289441954238,4.677532802311405,4.677532802311405,4.674289441954238,15.26242985228,15.275334070429722,15.275334070429722,15.26242985228,1.8705075834927327,1.8630546701928936,1.8630546701928936,1.8705075834927327,2.319504750684072,2.343473531913215,2.343473531913215,2.319504750684072,2.494213877095825
400.0,43.089,95.559,5.656,5.486,4258.151,4.7028693300191655,4.705768571699368,4.705768571699368,4.7028693300191655,15.41956181141418,15.431228639011342,15.431228639011342,15.41956181141418,1.8804363260516996,1.8755526424387703,1.8755526424387703,1.8804363260516996,2.348266190136437,2.364024674842065,2.364024674842065,2.348266190136437,1.6895200534463055
400.0,43.129,42.311,2.637,6.471,2896.398,4.659994217787238,4.6633409810503,4.6633409810503,4.659994217787238,15.188103185396184,15.201688571255264,15.201688571255264,15.188103185396184,1.8665787452743312,1.8566147466888656,1.8566147466888656,1.8665787452743312,2.30429471643427,2.336203587442604,2.336203587442604,2.30429471643427,2.4727546162413567
400.0,43.178,34.685,3.159,3.334,3547.34,4.635990905398236,4.639384931668471,4.639384931668471,4.635990905398236,15.074089281143111,15.087837817492424,15.087837817492424,15.074089281143111,1.8603485837403628,1.848480781494612,1.848480781494612,1.8603485837403628,2.284554318306236,2.322280329019919,2.322280329019919,2.284554318306236,2.0158659836844373
400.0,43.2,53.926,4.401,5.334,2057.512,4.689483511709531,4.692750828112544,4.692750828112544,4.689483511709531,15.323290786138235,15.336366562285583,15.336366562285583,15.323290786138235,1.8736634043928937,1.8655899629885233,1.8655899629885233,1.8736634043928937,2.326562120101349,2.352489286221104,2.352489286221104,2.326562120101349,3.4851162961408795
400.0,43.377,70.965,5.538,5.345,1683.804,4.7257780313045625,4.728895970667149,4.728895970667149,4.7257780313045625,15.494236627763616,15.506685042072762,15.506685042072762,15.494236627763616,1.8831638980196528,1.8767887891463992,1.8767887891463992,1.8831638980196528,2.354152386395425,2.374663546879027,2.374663546879027,2.354152386395425,4.266133994030056
400.0,44.096,38.134,4.783,2.85,616.365,4.827068287309432,4.830501174300896,4.830501174300896,4.827068287309432,15.890507303064677,15.904819421179443,15.904819421179443,15.890507303064677,1.9026797657198808,1.8913858553469305,1.8913858553469305,1.9026797657198808,2.3970592815341205,2.433291717112782,2.433291717112782,2.3970592815341205,11.632250024722026
400.0,44.484,37.495,4.069,6.06,3039.347,4.6737803372945645,4.677001707254252,4.677001707254252,4.6737803372945645,15.252052142554142,15.265194096659116,15.265194096659116,15.252052142554142,1.870556021585805,1.8594486892585855,1.8594486892585855,1.870556021585805,2.312205164829753,2.347845694136071,2.347845694136071,2.312205164829753,2.3564139493266727
400.0,44.527,44.249,5.025,2.97,1975.297,4.696685802667632,4.699878916586849,4.699878916586849,4.696685802667632,15.350655956593643,15.363435983976768,15.363435983976768,15.350655956593643,1.8752250347073247,1.8655878747325612,1.8655878747325612,1.8752250347073247,2.328019862876965,2.3589174571906355,2.3589174571906355,2.328019862876965,3.627049704323997
400.0,44.54,80.594,6.081,6.351,403.421,5.0114131717362564,5.014566817612605,5.014566817612605,5.0114131717362564,16.70280263189804,16.715996440109993,16.715996440109993,16.70280263189804,2.09475922757291,2.061507122708324,2.061507122708324,2.09475922757291,2.5187262887603783,2.538303985300672,2.538303985300672,2.5187262887603783,17.823398055330294
400.0,44.606,63.54,6.331,2.719,1854.867,4.723511774929169,4.72653470667932,4.72653470667932,4.723511774929169,15.482350156087396,15.49449221435272,15.49449221435272,15.482350156087396,1.882314722787564,1.8753076617041473,1.8753076617041473,1.882314722787564,2.3517876820114187,2.374324647000402,2.374324647000402,2.3517876820114187,3.8692424377968098
400.0,44.694,44.902,3.13,4.758,4114.618,4.67112256236087,4.674255145097376,4.674255145097376,4.67112256236087,15.247211498001988,15.259813201140092,15.259813201140092,15.247211498001988,1.870010433927232,1.8605584624851847,1.8605584624851847,1.870010433927232,2.314866992722999,2.34518762417451,2.34518762417451,2.314866992722999,1.7411773298868594
400.0,44.699,91.777,3.022,3.1,2177.394,4.748282233950307,4.751067484019504,4.751067484019504,4.748282233950307,15.61453798290026,15.625564446250989,15.625564446250989,15.61453798290026,1.8904695200796795,1.8853668762047624,1.8853668762047624,1.8904695200796795,2.3754356008871995,2.391852337946531,2.391852337946531,2.3754356008871995,3.3039248156048355
400.0,45.251,20.494,4.654,2.564,3971.163,4.647983493373456,4.651211699969489,4.651211699969489,4.647983493373456,15.127540754703436,15.141322156968876,15.141322156968876,15.127540754703436,1.866139224396886,1.8471038416372512,1.8471038416372512,1.866139224396886,2.281419861508123,2.341901904202396,2.341901904202396,2.281419861508123,1.799467128314025
400.0,45.415,50.711,2.881,4.808,1775.652,4.731145613457758,4.734197171209064,4.734197171209064,4.731145613457758,15.511597757687912,15.52374379529542,15.52374379529542,15.511597757687912,1.884091467447361,1.8755122417514047,1.8755122417514047,1.884091467447361,2.3534711714082,2.380978186875551,2.380978186875551,2.3534711714082,4.040139071245484
400.0,45.445,52.098,3.7,3.713,3208.529,4.697844880313238,4.70083987214884,4.70083987214884,4.697844880313238,15.371204420973278,15.383247209679498,15.383247209679498,15.371204420973278,1.876676592374448,1.8683728435715403,1.8683728435715403,1.876676592374448,2.3348224519101604,2.361494602575755,2.361494602575755,2.3348224519101604,2.2348025843435426
400.0,45.742,59.66,3.683,4.239,1673.104,4.749918812469129,4.752855290136074,4.752855290136074,4.749918812469129,15.60007346589973,15.61188202133844,15.61188202133844,15.60007346589973,1.888806497661224,1.8813663059703951,1.8813663059703951,1.888806497661224,2.3683371904115846,2.392234429307288,2.392234429307288,2.3683371904115846,4.291086573278463
400.0,45.767,62.172,2.696,3.808,2041.11,4.737996599656304,4.740921773845048,4.740921773845048,4.737996599656304,15.552041645202024,15.563379865117708,15.563379865117708,15.552041645202024,1.886382704465257,1.8792177099617824,1.8792177099617824,1.886382704465257,2.362448974387891,2.3854340719927705,2.3854340719927705,2.362448974387891,3.5174065908169334
400.0,45.944,33.123,4.202,5.329,2177.158,4.707914796228512,4.7110097989256605,4.7110097989256605,4.707914796228512,15.40213900537084,15.41497207187224,15.41497207187224,15.40213900537084,1.879166179404561,1.8666759583175667,1.8666759583175667,1.879166179404561,2.331557911589403,2.371584678496404,2.371584678496404,2.331557911589403,3.2903654035103456
400.0,46.132,95.853,6.243,3.431,4894.819,4.744776766861909,4.747358451690669,4.747358451690669,4.744776766861909,15.614794438373316,15.624850143682009,15.624850143682009,15.614794438373316,1.8911821804790565,1.8862926543020353,1.8862926543020353,1.8911821804790565,2.377898536635633,2.39361776291426,2.39361776291426,2.377898536635633,1.4703428505027942
400.0,46.389,34.536,4.109,2.895,1334.555,4.747824608433783,4.750892014707351,4.750892014707351,4.747824608433977,15.570510742461057,15.58325231038228,15.58325231038228,15.570510742942448,1.8875881269449155,1.875467849122156,1.875467849122156,1.8875881269449155,2.3551170156370165,2.3939695622093686,2.3939695622093686,2.3551170156370165,5.3688942541411295
400.0,46.461,87.834,5.759,6.455,2283.36,4.780006652737921,4.782627794713067,4.782627794713067,4.780006652737921,15.762101466720686,15.772684110859773,15.772684110859773,15.762101466720686,1.898582517993472,1.89328041325694,1.89328041325694,1.898582517993472,2.39727637036514,2.414353786939216,2.414353786939216,2.39727637036514,3.1525697504792167
400.0,46.75,69.39,2.764,3.826,1864.13,4.7691251165629405,4.771880874025638,4.771880874025638,4.7691251165629405,15.69667098916306,15.707573948644349,15.707573948644349,15.69667098916306,1.8942351416085184,1.8877073279069447,1.8877073279069447,1.8942351416085184,2.3847430235351785,2.405701216690874,2.405701216690874,2.3847430235351785,3.854677277333767
400.0,47.022,35.748,4.965,5.926,4421.742,4.7003045138886685,4.703238507687634,4.703238507687634,4.7003045138886685,15.38161725343774,15.393622826533113,15.393622826533113,15.38161725343774,1.8783154113745204,1.8666728858897377,1.8666728858897377,1.8783154113745204,2.3317322615739595,2.369011396472652,2.369011396472652,2.3317322615739595,1.6205876514022954
400.0,47.119,53.599,2.539,2.616,1063.472,4.8062586399954,4.80912614365862,4.80912614365862,4.8062586399954,15.837517746508285,15.849275576665573,15.849275576665573,15.837517746508285,1.9007009798363923,1.8924392948540607,1.8924392948540607,1.9007009798363923,2.3996476738439365,2.426194206888894,2.426194206888894,2.3996476738439365,6.749320352706638
400.0,47.253,46.181,3.54,3.984,2123.909,4.742585339573409,4.745445464252152,4.745445464252152,4.742585339573409,15.567453460820293,15.579024221670249,15.579024221670249,15.567453460820293,1.8874123062302288,1.878100442342368,1.878100442342368,1.8874123062302288,2.3614218594957688,2.3913073513509,2.3913073513509,2.3614218594957688,3.377079849767098
400.0,47.364,26.419,3.877,6.244,2562.222,4.717265473458584,4.720237194887754,4.720237194887754,4.717265473458584,15.44760943851929,15.460168773458888,15.460168773458888,15.44760943851929,1.8829068359110492,1.8675776823310293,1.8675776823310293,1.8829068359110492,2.3344229377555497,2.383465901422141,2.383465901422141,2.3344229377555497,2.7956311898194244
400.0,47.592,31.06,5.091,6.477,4302.754,4.706682991042348,4.709591031808672,4.709591031808672,4.706682991042348,15.40934388454924,15.42130719467734,15.42130719467734,15.40934388454924,1.8803937112569005,1.867173758501244,1.867173758501244,1.8803937112569005,2.3333183737350187,2.375639655968776,2.375639655968776,2.3333183737350187,1.6652139103631995
400.0,47.703,97.006,4.146,2.942,438.426,5.052571987448753,5.055212844391142,5.055212844391142,5.052571987448753,16.89833439940006,16.90926625021783,16.90926625021783,16.89833439940006,2.150257445882064,2.121919314507575,2.121919314507575,2.150257445882064,2.5505764776086552,2.5672946763727325,2.5672946763727325,2.5505764776086552,16.39842319220826
400.0,47.984,41.704,2.86,6.286,4717.719,4.722276547915976,4.725061394309914,4.725061394309914,4.722276547915976,15.486983504663211,15.49831573672391,15.49831573672391,15.486983504663211,1.8838895399601228,1.8737401276522896,1.8737401276522896,1.8838895399601228,2.3501034791125446,2.382660892692163,2.382660892692163,2.3501034791125446,1.5202190638593798
400.0,48.01,29.244,4.939,6.118,4590.61,4.708678796014841,4.711556927977931,4.711556927977931,4.708678796014841,15.41862673315492,15.430420748530992,15.430420748530992,15.41862673315492,1.8811800643900225,1.8672095142009169,1.8672095142009169,1.8811800643900225,2.333649653730275,2.3783329465398237,2.3783329465398237,2.333649653730275,1.5605968546849671
400.0,48.017,94.24,2.996,4.021,3738.808,4.784952472365436,4.787350227431322,4.787350227431322,4.784952472365436,15.795761455178305,15.805302653189871,15.805302653189871,15.795761455178305,1.9007409630671044,1.8957648225302568,1.8957648225302568,1.9007409630671044,2.4042633600127203,2.4202750264923343,2.4202750264923343,2.4042633600127203,1.925668614290176
400.0,48.165,44.551,6.179,5.902,2351.821,4.7554131220964475,4.7581893068312,4.7581893068312,4.7554131220964475,15.629224929950045,15.640403279090917,15.640403279090917,15.629224929950045,1.891106416272867,1.881473413560112,1.881473413560112,1.891106416272867,2.370572007733059,2.4014632376032807,2.4014632376032807,2.370572007733059,3.0510100913658498
400.0,48.305,86.458,4.68,2.727,883.643,4.892285671833427,4.894794582158616,4.894794582158616,4.892285671833427,16.232066034718446,16.24228176010235,16.24228176010235,16.232066034718446,1.9740468970888672,1.943908108020779,1.943908108020779,1.9740468970888672,2.4614629740751885,2.4791738946972166,2.4791738946972166,2.4614629740751885,8.142175886201029
400.0,48.509,41.069,6.212,4.792,4048.074,4.73099123675343,4.733745238391327,4.733745238391327,4.73099123675343,15.524704410108972,15.535624077980506,15.535624077980506,15.524704410108972,1.8858230037869896,1.8755025256768012,1.8755025256768012,1.8858230037869896,2.3552134981940167,2.3882740043099115,2.3882740043099115,2.3552134981940167,1.771444187536359
400.0,48.694,36.478,5.332,5.209,1685.023,4.7751218480793565,4.777915326188996,4.777915326188996,4.7751218480793565,15.707284131508851,15.718825526925604,15.718825526925604,15.707284131508851,1.8953618649039352,1.883784590925516,1.883784590925516,1.8953618649039352,2.3777141768679555,2.41480001539216,2.41480001539216,2.3777141768679555,4.256231441709396
400.0,48.845,70.605,3.928,3.001,4446.212,4.763061643235922,4.765557210726784,4.765557210726784,4.763061643235922,15.685571822721831,15.695793222206628,15.695793222206628,15.685571822721831,1.894277212132208,1.8878796135844391,1.8878796135844391,1.894277212132208,2.3859404297384224,2.406460416102661,2.406460416102661,2.3859404297384224,1.6162286950770692
400.0,48.978,56.623,5.515,3.78,4947.607,4.748250799548782,4.750827257537956,4.750827257537956,4.748250799548782,15.61305511191013,15.62325463222809,15.62325463222809,15.61305511191013,1.8903201475335376,1.8825668759358545,1.8825668759358545,1.8903201475335376,2.3730065437692724,2.3978833998350537,2.3978833998350537,2.3730065437692724,1.451042052036427
400.0,49.139,12.153,3.942,6.484,1644.498,4.759351297137645,4.76236111405626,4.76236111405626,4.759351297137645,15.625991104214542,15.63916385001836,15.63916385001836,15.625991104214542,1.898420461376808,1.8686893243659977,1.8686893243659977,1.898420461376808,2.336771453199189,2.4315425773465544,2.4315425773465544,2.336771453199189,4.3540382299352975
400.0,49.208,12.744,6.431,5.22,578.504,4.906134572937486,4.909248509395439,4.909248509395439,4.906134572937486,16.23505198638989,16.249366009536768,16.249366009536768,16.23505198638989,2.0283048325027933,1.898237862314573,1.898237862314573,2.0283048325027933,2.419075464918776,2.5128196033274914,2.5128196033274914,2.419075464918776,12.381033452017071
400.0,49.339,99.11,6.076,5.452,3394.372,4.8213259558758805,4.823574830819653,4.823574830819653,4.8213259558758805,15.962610643618072,15.971365392496656,15.971365392496656,15.962610643618072,1.9097350454322743,1.904943480206608,1.904943480206608,1.9097350454322743,2.429316196582101,2.4447071127243643,2.4447071127243643,2.429316196582101,2.1226612846338195
400.0,49.402,42.86,3.569,2.875,1598.996,4.7925305957044495,4.795207200015359,4.795207200015359,4.7925305957044495,15.786973789003111,15.79788965775082,15.79788965775082,15.786973789003111,1.8989902406865045,1.8889442383814468,1.8889442383814468,1.8989902406865045,2.391831676255739,2.424034785049955,2.424034785049955,2.391831676255739,4.486220028135444
400.0,49.482,79.768,4.028,3.107,1910.726,4.824583305436015,4.826969516162185,4.826969516162185,4.824583305436015,15.95520708296046,15.964677922954168,15.964677922954168,15.95520708296046,1.908068603784888,1.9022638507967384,1.9022638507967384,1.908068603784888,2.424653898786342,2.4433105111065965,2.4433105111065965,2.424653898786342,3.764450005446856
400.0,49.718,25.723,2.612,5.635,4039.265,4.735434615743809,4.738149551115758,4.738149551115758,4.735434615743809,15.538896241799504,15.550275648015846,15.550275648015846,15.538896241799504,1.8884121986882405,1.8726752965510187,1.8726752965510187,1.8884121986882405,2.3487272391483507,2.3990517963600486,2.3990517963600486,2.3487272391483507,1.773795226664458
400.0,49.736,76.578,4.088,4.257,4174.196,4.790713160123153,4.793074609386604,4.793074609386604,4.790713160123153,15.815450194112223,15.82472072257218,15.82472072257218,15.815450194112223,1.9013426148836772,1.895377735162617,1.895377735162617,1.9013426148836772,2.4058290895025247,2.424999695039255,2.424999695039255,2.4058290895025247,1.7229814449235727
400.0,49.814,45.12,5.044,6.182,365.99,5.098659046716427,5.1015641745517115,5.1015641745517115,5.098659046716427,17.05781270516826,17.070235045628262,17.070235045628262,17.05781270516826,2.199635779755956,2.143594031591299,2.143594031591299,2.199635779755956,2.5621630205745807,2.5950476521737587,2.5950476521737587,2.5621630205745807,19.57781252140028
400.0,49.84,30.484,3.607,3.735,3601.377,4.742201356022592,4.744869028959356,4.744869028959356,4.742201356022592,15.569747697688292,15.580880619665786,15.580880619665786,15.569747697688292,1.8890951773354616,1.8755764865719151,1.8755764865719151,1.8890951773354616,2.356626033528752,2.399899926185408,2.399899926185408,2.356626033528752,1.9897350947732904
400.0,50.557,28.299,5.075,5.858,4151.118,4.752869766867179,4.755485540739707,4.755485540739707,4.752869766867179,15.621015026265244,15.631861911956268,15.631861911956268,15.621015026265244,1.8924737223015315,1.877998926551502,1.877998926551502,1.8924737223015315,2.36310212733071,2.4094149521106747,2.4094149521106747,2.36310212733071,1.7268352942715668
400.0,50.603,12.245,5.699,2.636,2436.005,4.74798927435337,4.750790926407939,4.750790926407939,4.74798927435337,15.582804128005105,15.595380618475254,15.595380618475254,15.582804128005105,1.8961127650529104,1.8665937722294736,1.8665937722294736,1.8961127650529104,2.33226442500404,2.426340407820167,2.426340407820167,2.33226442500404,2.9375499673516843
400.0,50.724,53.216,5.024,5.34,2675.747,4.801023675962891,4.803468481110897,4.803468481110897,4.801023675962891,15.84500290429146,15.854781341348549,15.854781341348549,15.84500290429146,1.9025066247734927,1.8942320096712912,1.8942320096712912,1.9025066247734927,2.405431285079527,2.4319515551112176,2.4319515551112176,2.405431285079527,2.6842557668745175
400.0,50.787,84.74,2.773,3.638,3324.255,4.824691141076925,4.82688781681366,4.82688781681366,4.824691141076925,15.969190319714558,15.977952616350557,15.977952616350557,15.969190319714558,1.909433790859649,1.903948113763389,1.903948113763389,1.909433790859649,2.429167879056282,2.446796871366124,2.446796871366124,2.429167879056282,2.1647516815377683
400.0,50.798,22.552,3.918,4.068,4030.794,4.746254095070878,4.748865251472703,4.748865251472703,4.746254095070878,15.587305729127728,15.59856971366352,15.59856971366352,15.587305729127728,1.8917214600683576,1.8739839918472363,1.8739839918472363,1.8917214600683576,2.352795389801804,2.4094854111308046,2.4094854111308046,2.352795389801804,1.7770576588589302
400.0,50.931,53.951,3.502,4.996,981.14,4.89081934533258,4.893304875493037,4.893304875493037,4.89081934533258,16.21701721531158,16.22713276721868,16.22713276721868,16.21701721531158,1.9762387335808107,1.93059100662196,1.93059100662196,1.9762387335808107,2.455601797274956,2.4823155065981077,2.4823155065981077,2.455601797274956,7.320629534905482
400.0,50.977,99.76,6.273,4.04,1534.343,4.894815761544677,4.896920219200515,4.896920219200515,4.894815761544677,16.27345922731211,16.28194414862231,16.28194414862231,16.27345922731211,1.989953760592083,1.9635924214975593,1.9635924214975593,1.989953760592083,2.472766525757715,2.4882750412147945,2.4882750412147945,2.472766525757715,4.694511274306953
400.0,51.141,10.603,5.83,6.048,2317.828,4.7672677704366,4.7701060110518405,4.7701060110518405,4.7672677704366,15.671244964596765,15.684462235068064,15.684462235068064,15.671244964596765,1.9026086032553269,1.869905774477244,1.869905774477244,1.9026086032553269,2.340434070856705,2.4446221143689253,2.4446221143689253,2.340434070856705,3.089337425765428
400.0,51.222,54.12,4.591,2.808,1107.189,4.874291954939788,4.876729453636417,4.876729453636417,4.874291954939788,16.147649808355496,16.157562995555324,16.157562995555324,16.147649808355496,1.9573672167677565,1.911979996588419,1.911979996588419,1.9573672167677565,2.4462912300650794,2.472839164512613,2.472839164512613,2.4462912300650794,6.485265289134133
400.0,51.243,40.041,3.031,4.607,3965.248,4.776245880327873,4.778714112537235,4.778714112537235,4.776245880327873,15.731948707096114,15.74203624278508,15.74203624278508,15.731948707096114,1.8971243499954944,1.88650130069015,1.88650130069015,1.8971243499954944,2.385774284243836,2.4198088288877213,2.4198088288877213,2.385774284243836,1.809290057389588
400.0,51.366,87.789,4.863,4.508,4382.935,4.831554965187731,4.83367567618116,4.83367567618116,4.831554965187731,16.006175494294055,16.01453478622757,16.01453478622757,16.006175494294055,1.916510232823124,1.906333540326028,1.906333540326028,1.916510232823124,2.4355394187821022,2.452622967041358,2.452622967041358,2.4355394187821022,1.6425213904158835
400.0,51.371,60.423,5.341,4.962,4966.09,4.796840335563645,4.799146288421146,4.799146288421146,4.796840335563645,15.837990916465248,15.847232114784935,15.847232114784935,15.837990916465248,1.9024543428922496,1.8950824272398497,1.8950824272398497,1.9024543428922496,2.407290558056049,2.43092072787089,2.43092072787089,2.407290558056049,1.44695593684155
400.0,51.443,39.918,3.441,3.547,2328.669,4.800048126167086,4.80250711324564,4.80250711324564,4.800048126167086,15.830800302417686,15.84098002563488,15.84098002563488,15.830800302417686,1.901912528482739,1.8912096406418015,1.8912096406418015,1.901912528482739,2.398940970829148,2.4332399206306485,2.4332399206306485,2.398940970829148,3.080686511736511
400.0,51.548,90.768,2.564,3.05,1328.313,4.904046185822953,4.906178169397216,4.906178169397216,4.904046185822953,16.304091414867468,16.31254497351823,16.31254497351823,16.304091414867468,1.9987288876605145,1.970010399263308,1.970010399263308,1.9987288876605145,2.475855960973892,2.492734805356551,2.492734805356551,2.475855960973892,5.41811736220384
400.0,51.561,67.212,4.457,3.643,824.399,4.940662478717985,4.943013579158912,4.943013579158893,4.940662478717985,16.435781993650213,16.445372703937796,16.44537270348115,16.435781993650213,2.0344250979997085,1.996566512295128,1.996566512295128,2.0344250979997085,2.488701065123016,2.510914077221851,2.510914077221851,2.488701065123016,8.715943424377826
400.0,51.726,68.035,4.777,2.825,2940.45,4.824361988516194,4.826598011650702,4.826598011650702,4.824361988516194,15.957881260479258,15.966714389001764,15.966714389001764,15.957881260479258,1.908314458029612,1.9016473764334965,1.9016473764334965,1.908314458029612,2.4252085886427013,2.446597836876552,2.446597836876552,2.4252085886427013,2.444340780019031
400.0,51.874,70.193,3.739,2.697,3150.587,4.826104661457785,4.828308589991275,4.828308589991275,4.826104661457785,15.967854285069912,15.976556093426868,15.976556093426868,15.967854285069912,1.9088954676214147,1.9024114678154729,1.9024114678154729,1.9088954676214147,2.4271834751430257,2.4479889453346395,2.4479889453346395,2.4271834751430257,2.2816122151919696
400.0,52.082,87.917,6.036,3.444,1072.687,4.936598593224933,4.9387144159612095,4.9387144159612095,4.936598593224933,16.440559326028033,16.449200018015905,16.449200018015905,16.440559326028033,2.0359636277966526,2.006247851747077,2.006247851747077,2.0359636277966526,2.494143346464565,2.5116184761797995,2.5116184761797995,2.494143346464565,6.707397117615102
400.0,52.309,98.606,5.408,4.108,3076.372,4.873141682476088,4.875122093218408,4.875122093218408,4.8731416824764535,16.19248396024367,16.200103677275894,16.200103677275894,16.19248396047157,1.9697258892057103,1.9432897409704892,1.9432897409704892,1.9697258892057103,2.4633678614884045,2.478902075403345,2.478902075403345,2.4633678614884045,2.341537558734496
400.0,52.364,44.841,6.279,3.047,4094.882,4.7958556387172155,4.798185565997659,4.798185565997659,4.7958556387172155,15.82346061706029,15.83278264775736,15.83278264775736,15.82346061706029,1.9016341162480224,1.8920093257752475,1.8920093257752475,1.9016341162480224,2.401115168348432,2.431957498656369,2.431957498656369,2.401115168348432,1.7524472661742347
400.0,52.384,38.236,6.081,5.013,382.193,5.118460635207871,5.121129453437296,5.121129453437296,5.118460635207871,17.14369450295434,17.155292395308926,17.155292395308926,17.14369450295434,2.2283318443706084,2.1632655489858688,2.1632655489858688,2.2283318443706084,2.57313260656985,2.611283566688496,2.611283566688496,2.57313260656985,18.72814923484868
400.0,52.422,59.588,2.883,3.307,2026.969,4.848083585840351,4.850318333244556,4.850318333244556,4.848083585840351,16.052679891084015,16.061742122370134,16.061742122370134,16.052679891084015,1.9321703757755675,1.9053253803890893,1.9053253803890893,1.9321703757755675,2.4367560973904805,2.4609334549930657,2.4609334549930657,2.4367560973904805,3.544236450894508
400.0,52.961,83.614,4.185,2.614,3747.132,4.854291955538726,4.856309586177075,4.856309586177075,4.854291955538726,16.103188523442938,16.110927633447428,16.110927633447428,16.103188523442938,1.9455453775015432,1.915039922851396,1.915039922851396,1.9455453775015432,2.4493245453807826,2.467210148906532,2.467210148906532,2.4493245453807826,1.9201337139100825
400.0,53.021,25.55,4.253,5.19,1297.156,4.860543848343864,4.862995663942163,4.862995663942163,4.860543848343864,16.081683958073203,16.09210490307613,16.09210490307613,16.081683958073203,1.9586288765944695,1.8999535847662736,1.8999535847662736,1.9586288765944695,2.4248990387936167,2.4766240084798485,2.4766240084798485,2.4248990387936167,5.527541631578233
400.0,53.121,56.115,3.307,5.468,1409.316,4.89186810844596,4.8940920208538445,4.8940920208538445,4.89186810844596,16.237819245994217,16.246824093657217,16.246824093657217,16.237819245994217,1.9848297088347988,1.9408964040791965,1.9408964040791965,1.9848297088347988,2.46179904690824,2.487515527793998,2.487515527793998,2.46179904690824,5.097877216127857
400.0,53.147,46.775,4.26,3.137,2241.838,4.838859716588307,4.8411206734667775,4.8411206734667775,4.838859716588307,16.008345023203262,16.01744244200667,16.01744244200667,16.008345023203262,1.9236060868133509,1.901451258867353,1.901451258867353,1.9236060868133509,2.427554056338422,2.4575008426081206,2.4575008426081206,2.427554056338422,3.20183050930554
400.0,53.197,52.378,6.183,6.485,1155.486,4.912716970029068,4.914981332590619,4.914981332590619,4.912716970029068,16.321726281501988,16.331053725086026,16.331053725086026,16.321726281501988,2.0087014296494963,1.9617787972470784,1.9617787972470784,2.0087014296494963,2.4721562060300935,2.499624483647485,2.499624483647485,2.4721562060300935,6.216664840447691
400.0,53.304,98.636,4.492,5.974,4648.453,4.881406477696635,4.883292932636436,4.883292932636436,4.881406477695156,16.235639123143212,16.242842736056165,16.242842736056165,16.23563912342778,1.983203869728976,1.9568026138008812,1.9568026138008812,1.983203869728976,2.4707451142621872,2.486260173106442,2.486260173106442,2.4707451142621872,1.5501036814970337
400.0,53.343,45.335,4.236,3.704,3846.184,4.81738967512817,4.819625882981225,4.819625882981225,4.81738967512817,15.92085364815404,15.92980134866751,15.92980134866751,15.92085364815404,1.906738979490278,1.8971703820728023,1.8971703820728023,1.906738979490278,2.4156490191992335,2.446295787024284,2.446295787024284,2.4156490191992335,1.8662397739411931
400.0,53.376,80.769,4.534,4.069,2544.775,4.879585514922788,4.881599925596037,4.881599925596037,4.879585514922788,16.20929282427284,16.217025091609237,16.217025091609237,16.20929282427284,1.9754431024884744,1.943854681168084,1.943854681168084,1.9754431024884744,2.4638024059706782,2.482332628163173,2.482332628163173,2.4638024059706782,2.8273443510293768
400.0,53.574,57.521,2.616,4.909,3894.499,4.837845338750824,4.839980939071316,4.839980939071316,4.837845338750824,16.01866975274866,16.02706279477919,16.02706279477919,16.01866975274866,1.924834891143079,1.9039260590476867,1.9039260590476867,1.924834891143079,2.4332719493449253,2.4581201964793693,2.4581201964793693,2.4332719493449253,1.8449060528039385
400.0,53.746,60.029,3.403,4.255,2036.837,4.874618567713339,4.8767462106794826,4.8767462106794826,4.874618567713339,16.172669713051786,16.181015398122216,16.181015398122216,16.172669713051786,1.9672117666006117,1.9260173971256769,1.9260173971256769,1.9672117666006117,2.454703753043816,2.47881143346553,2.47881143346553,2.454703753043816,3.5277528037189216
400.0,53.809,34.846,4.793,3.515,4599.471,4.806751131316869,4.809003715084543,4.809003715084543,4.806751131316869,15.870196044814609,15.879439808754668,15.879439808754668,15.870196044814609,1.9048083390309176,1.892694924697492,1.892694924697492,1.9048083390309176,2.404367742136944,2.443114425493073,2.443114425493073,2.404367742136944,1.5594166035599262
400.0,53.866,45.841,5.604,4.24,456.244,5.093868632476188,5.096271193405854,5.096271193405854,5.093868632476188,17.05707618852903,17.067327291974063,17.067327291974063,17.05707618852903,2.204509477062483,2.1495039791843795,2.1495039791843795,2.204509477062483,2.5668809025597232,2.5991506069002157,2.5991506069002157,2.5668809025597232,15.699297472656022
400.0,53.947,17.227,3.956,4.563,651.498,4.968359815695722,4.970881881672006,4.970881881672006,4.968359815695722,16.523162493678676,16.534679442130905,16.534679442130905,16.523162493678676,2.0967560013921784,1.9692753469398852,1.9692753469398852,2.0967560013921784,2.4728492712101526,2.547208667538012,2.547208667538012,2.4728492712101526,10.993186382308972
400.0,53.989,12.317,4.508,5.407,1471.711,4.8496047381071214,4.852103130275859,4.852103130275859,4.8496047381071214,16.033177540990817,16.044605911917518,16.044605911917518,16.033177540990817,1.9814158336481833,1.8898366773706423,1.8898366773706423,1.9814158336481833,2.396835676451136,2.49208666775796,2.49208666775796,2.396835676451136,4.867896490531739
400.0,54.18,47.037,3.32,3.323,954.586,4.939472537739849,4.941698135165584,4.941698135165584,4.939472537739849,16.428165099821246,16.437402236466717,16.437402236466717,16.428165099821246,2.03984330132874,1.987876056563516,1.987876056563516,2.03984330132874,2.484869249544237,2.515284546268892,2.515284546268892,2.484869249544237,7.517306882650802
400.0,54.407,48.996,6.087,5.496,2726.313,4.859812207894945,4.8619379883800375,4.8619379883800375,4.859812207894945,16.108462199689022,16.11696686104028,16.11696686104028,16.108462199689022,1.9527964640198217,1.9072233226501596,1.9072233226501596,1.9527964640198217,2.443766693940239,2.472563791497495,2.472563791497495,2.443766693940239,2.634356897017498
400.0,54.418,75.453,6.405,5.279,1343.351,4.9431796669731165,4.94515929438364,4.94515929438364,4.9431796669731165,16.47364401428304,16.48163244047208,16.48163244047208,16.47364401428304,2.0483908832935707,2.0144178731755216,2.0144178731755216,2.0483908832935707,2.499340867462764,2.5192876814548444,2.5192876814548444,2.499340867462764,5.353081366083077
400.0,54.533,51.954,2.968,2.749,4640.87,4.837055887892154,4.839131765190164,4.839131765190164,4.837055887892154,16.013577235300087,16.02181643154107,16.02181643154107,16.013577235300087,1.9258062578806063,1.90290076518896,1.90290076518896,1.9258062578806063,2.431682651840977,2.458884334451959,2.458884334451959,2.431682651840977,1.5471899984097193
400.0,54.545,50.699,3.049,5.863,1892.91,4.886991290164771,4.889096331837875,4.889096331837875,4.886991290164771,16.222307453258445,16.230952473287275,16.230952473287275,16.222307453258445,1.9839333854165988,1.9359180816092223,1.9359180816092223,1.9839333854165988,2.459830337622007,2.487912958523165,2.487912958523165,2.459830337622007,3.794524607704576
400.0,54.547,89.843,2.567,3.149,1374.33,4.953230392305212,4.955090907965039,4.955090907965039,4.953230392304609,16.52337380473234,16.530930546424575,16.530930546424575,16.523373804968415,2.0616691302404675,2.032551736866675,2.032551736866675,2.0616691302404675,2.508327890956193,2.5254537316988293,2.5254537316988293,2.508327890956193,5.234376388541133
400.0,54.573,54.112,3.252,6.024,1500.967,4.911052153233734,4.9131507975467885,4.91315079754702,4.911052153233734,16.32388943686311,16.332559890211403,16.332559890714837,16.32388943686311,2.010985653151766,1.965503975584896,1.965503975584896,2.010985653151766,2.4746061545559166,2.501234203523361,2.501234203523361,2.4746061545559166,4.7860680761257015
400.0,54.936,63.999,3.429,6.124,2070.479,4.905085598631497,4.9070761180755165,4.9070761180755165,4.905085598631497,16.311131244026015,16.31898593667161,16.31898593667161,16.311131244026015,2.0065452773314294,1.967509504524268,1.967509504524268,2.0065452773314294,2.4760914953626627,2.498963926037893,2.498963926037893,2.4760914953626627,3.472033158955122
400.0,55.411,76.033,5.588,4.187,4967.279,4.884320513517443,4.8861662428129575,4.8861662428129575,4.884320513517443,16.237281668192757,16.244390822167603,16.244390822167603,16.237281668192757,1.9862122315196489,1.952956883960845,1.952956883960845,1.9862122315196489,2.469107821615085,2.488610105955829,2.488610105955829,2.469107821615085,1.44806589741836
400.0,55.6,54.926,3.444,3.548,4192.53,4.865152312264547,4.867118818544505,4.867118818544505,4.865152312264547,16.140072010155986,16.147829053815876,16.147829053815876,16.140072010155986,1.961798228966521,1.9173301605785764,1.9173301605785764,1.961798228966521,2.450994012471309,2.4769915706345484,2.4769915706345484,2.450994012471309,1.7132240122360922
400.0,55.745,73.011,5.067,4.163,1696.587,4.939649549529606,4.941513813623086,4.941513813623086,4.939649549529606,16.463051073408746,16.470539941660657,16.470539941660657,16.463051073408746,2.047525902855014,2.012626102582902,2.012626102582902,2.047525902855014,2.4988313937181443,2.5193144232015294,2.5193144232015294,2.4988313937181443,4.23723132508238
400.0,55.944,56.365,4.747,4.139,3993.841,4.876454173539069,4.878384796916924,4.878384796916924,4.876454173539069,16.190976171212505,16.19855760178656,16.19855760178656,16.190976171212505,1.9760349370512391,1.932533656280492,1.932533656280492,1.9760349370512391,2.4587621540499733,2.484209162878201,2.484209162878201,2.4587621540499733,1.7987627276240354
400.0,55.997,98.803,2.581,3.271,2983.684,4.936857444344737,4.938506420990464,4.938506420990464,4.936857444344737,16.473208218260247,16.479796385883706,16.479796385883706,16.473208218260247,2.050875115485024,2.024312081472412,2.024312081472412,2.050875115485024,2.5050004320110664,2.5206245349911995,2.5206245349911995,2.5050004320110664,2.4127801293248368
400.0,56.005,75.366,2.914,3.439,2713.607,4.914224316402048,4.916037015777146,4.916037015777146,4.914224316402048,16.360503367379888,16.367625056155873,16.367625056155873,16.360503367379888,2.020496074890255,1.9867698524689097,1.9867698524689097,2.020496074890255,2.485964177307427,2.5057493170436707,2.5057493170436707,2.485964177307427,2.6497078684164626
400.0,56.071,59.674,5.35,3.125,1611.315,4.930173112256215,4.932102073282981,4.932102073282981,4.930173112256215,16.412568187448098,16.420339980269407,16.420339980269407,16.412568187448098,2.035607095373148,1.993833016800692,1.993833016800692,2.035607095373148,2.4891137061821738,2.5135904584587183,2.5135904584587183,2.4891137061821738,4.45725011554362
400.0,56.248,33.322,6.297,3.455,2832.0,4.865678041304255,4.867735369045217,4.867735369045217,4.865678041304255,16.1273219990297,16.135807116910907,16.135807116910907,16.1273219990297,1.9680435365469435,1.9051654374103804,1.9051654374103804,1.9680435365469435,2.4407084502701575,2.481467749462444,2.481467749462444,2.4407084502701575,2.5326539497271336
400.0,56.25,82.035,3.849,5.225,3411.173,4.922539312088049,4.924276244429188,4.924276244429188,4.922539312088049,16.40585877392398,16.412780085328087,16.412780085328087,16.40585877392398,2.0329944555242685,2.001736986614595,2.001736986614595,2.0329944555242685,2.493963941430515,2.512320933474208,2.512320933474208,2.493963941430515,2.1093357564090147
400.0,56.381,10.786,4.463,3.327,3685.966,4.829082004010826,4.831377454920797,4.831377454920797,4.829082004010826,15.960027971585411,15.97038708725009,15.97038708725009,15.960027971585411,1.972327396925447,1.8851751581011005,1.8851751581011005,1.972327396925447,2.3847916767884114,2.489241668071734,2.489241668071734,2.3847916767884114,1.9429346101966989
400.0,56.387,92.885,3.245,3.192,1980.049,4.961534386360973,4.963216647100064,4.963216647100064,4.961534386360973,16.572611416234448,16.579155525837983,16.579155525837983,16.572611416234448,2.0773615251615007,2.049135061482008,2.049135061482008,2.0773615251615007,2.517643826350256,2.5342433840730823,2.5342433840730823,2.517643826350256,3.6337689382214657
400.0,56.562,68.2,6.193,3.033,2461.229,4.920025791617435,4.921834827240465,4.921834827240465,4.920025791617435,16.381301724977153,16.388534924874435,16.388534924874435,16.381301724977153,2.0271372078586785,1.9902092843549672,1.9902092843549672,2.0271372078586785,2.4877426550610484,2.5093928541857857,2.5093928541857857,2.4877426550610484,2.919858795902668
400.0,56.592,66.833,5.082,4.697,2276.81,4.928367117724672,4.9301882456423805,4.9301882456423805,4.928367117724672,16.417262045347442,16.424552076306455,16.424552076306455,16.417262045347442,2.0370288518520168,1.9993794554415203,1.9993794554415203,2.0370288518520168,2.4925449056174758,2.5146229625318464,2.5146229625318464,2.4925449056174758,3.1567635534602614
400.0,56.882,34.016,4.188,4.746,4257.968,4.865590976974192,4.867574009390639,4.867574009390639,4.865590976974192,16.13370735634633,16.141932897732804,16.141932897732804,16.13370735634633,1.9703690197895205,1.9060057419756125,1.9060057419756125,1.9703690197895205,2.4430428096378844,2.4830246996126126,2.4830246996126126,2.4430428096378844,1.6849590068126328
400.0,56.997,13.988,5.021,2.806,4706.317,4.834498387487411,4.836624547176908,4.836624547176908,4.834498387488996,15.98788638649268,15.99740794434802,15.99740794434802,15.987886387100012,1.9660696958675388,1.889775130141349,1.889775130141349,1.9660696958675388,2.398326067055329,2.484700477665363,2.484700477665363,2.398326067055329,1.521948897947373
400.0,57.586,99.166,2.798,5.634,700.557,5.1296139825043054,5.131221063284763,5.131221063284763,5.1296139825043054,17.267474889966987,17.274256962753213,17.274256962753213,17.267474889966987,2.25834916112806,2.2306463976284254,2.2306463976284254,2.25834916112806,2.611990294508952,2.6283312601907065,2.6283312601907065,2.611990294508952,10.248389362135628
400.0,58.025,18.198,6.336,4.156,2273.726,4.8925245790419325,4.894539561365457,4.894539561365457,4.8925245790419325,16.23707457597678,16.245893481478948,16.245893481478948,16.23707457597678,2.022952157835248,1.9048689225871875,1.9048689225871875,2.022952157835248,2.441803078632234,2.5118473170729523,2.5118473170729523,2.441803078632234,3.151560911546074
400.0,58.314,72.454,6.004,3.473,2618.053,4.955259387387791,4.95689598543736,4.95689598543736,4.955259387387791,16.54093740964823,16.547440527446852,16.547440527446852,16.54093740964823,2.0718153453647408,2.036667960689236,2.036667960689236,2.0718153453647408,2.511968821756943,2.532597712682384,2.532597712682384,2.511968821756943,2.7450160876797542
400.0,58.338,38.23,6.076,5.077,2957.074,4.911778920647729,4.91362879711685,4.91362879711685,4.911778920647729,16.33501194353064,16.342669603578823,16.342669603578823,16.33501194353064,2.0249915276242465,1.962866110373811,1.962866110373811,2.0249915276242465,2.474139817168576,2.5104341855309835,2.5104341855309835,2.474139817168576,2.426565319606579
400.0,58.417,44.555,6.188,2.625,1301.249,4.973034314193459,4.974882605440583,4.9748826054407695,4.973034314193459,16.5880431830849,16.595562489357295,16.5955624889612,16.5880431830849,2.0891507420114603,2.0343681743123936,2.0343681743123936,2.0891507420114603,2.509917079342108,2.5419848639051668,2.5419848639051668,2.509917079342108,5.511360154422248
400.0,58.498,43.466,3.259,4.303,2437.449,4.928583307935313,4.930389226444183,4.930389226444183,4.928583307935313,16.407813736442137,16.415275313017283,16.415275313017283,16.407813736442137,2.0422131057886106,1.986726495174559,1.986726495174559,2.0422131057886106,2.4862386156051905,2.5186881167109787,2.5186881167109787,2.4862386156051905,2.9440950791615985
400.0,58.525,95.968,3.458,3.354,2874.746,4.983569901208773,4.985066003348155,4.985066003348155,4.983569901208773,16.678033462196225,16.68353901014853,16.68353901014853,16.678033462196225,2.108214320575532,2.080754851930436,2.080754851930436,2.108214320575532,2.534701154397689,2.5508515312688784,2.5508515312688784,2.534701154397689,2.5026216844710527
400.0,58.678,16.65,3.228,3.187,2504.561,4.89356350730999,4.895505700827964,4.895505700827964,4.89356350730999,16.24191260881981,16.250928003980807,16.250928003980807,16.24191260881981,2.0296981199749786,1.904120565894609,1.904120565894609,2.0296981199749786,2.440184093040888,2.515774257764924,2.515774257764924,2.440184093040888,2.860296621843939
400.0,58.799,73.288,5.415,6.376,3843.715,4.957030629344236,4.958623838087507,4.958623838087507,4.957030629344236,16.55656619233393,16.562769899628773,16.562769899628773,16.55656619233393,2.076900308357519,2.0421385717827927,2.0421385717827927,2.076900308357519,2.515400653327304,2.5358013535002315,2.5358013535002315,2.515400653327304,1.8706514086430144
400.0,58.801,83.2,6.019,3.391,4053.753,4.958642149002864,4.960173478911745,4.960173478911745,4.958642149002864,16.567071556220387,16.57292553258969,16.57292553258969,16.567071556220387,2.0791964709334807,2.048163604922297,2.048163604922297,2.0791964709334807,2.5181661928392383,2.5363932306035677,2.5363932306035677,2.5181661928392383,1.773908236863516
400.0,58.825,81.199,5.559,3.602,531.676,5.1904050016153205,5.1920793653734885,5.1920793653734885,5.190405001615608,17.500637815429894,17.507663033253525,17.507663033253525,17.500637815354498,2.3171080552487866,2.283452294366618,2.283452294366618,2.3171080552487866,2.640168395118798,2.659994076673918,2.659994076673918,2.640168395118798,13.465163060945375
400.0,58.942,94.918,3.784,6.194,2819.017,4.999831039603885,5.00128901959686,5.00128901959686,4.999831039603885,16.750384404432182,16.75599789021169,16.75599789021169,16.750384404432182,2.1278880215840834,2.100091322289753,2.100091322289753,2.1278880215840834,2.545160697728812,2.5615150076335573,2.5615150076335573,2.545160697728812,2.5525583029716907
400.0,59.139,88.919,5.928,3.933,3189.874,4.983137368236651,4.984602042615178,4.984602042615178,4.983137368236651,16.6746517558962,16.680417412526484,16.680417412526484,16.6746517558962,2.1080236192994843,2.0786573933901757,2.0786573933901757,2.1080236192994843,2.5339260190442565,2.551192620437742,2.551192620437742,2.5339260190442565,2.25462854119062
400.0,59.178,68.331,3.786,3.021,328.207,5.35212650428242,5.3539816528328,5.3539816528328,5.35212650428242,18.133537967838752,18.14170525079698,18.14170525079698,18.133537967838752,2.4705531789254964,2.4294960545174225,2.4294960545174225,2.4705531789254964,2.71949854133616,2.7436886631799022,2.7436886631799022,2.71949854133616,21.686510882265114
400.0,59.187,69.792,4.384,2.956,2571.592,4.967263411189549,4.968846682746211,4.968846682746211,4.967263411189804,16.59181107599389,16.598109413870766,16.598109413870766,16.591811076710375,2.086560803526046,2.0501247768959208,2.0501247768959208,2.086560803526046,2.519024533658369,2.540403520879934,2.540403520879934,2.519024533658369,2.7934832652995767
400.0,59.22,92.237,3.159,5.021,4885.934,4.976591461467708,4.978021842240466,4.978021842240466,4.976591461467708,16.652821024545002,16.658446176312847,16.658446176312847,16.652821024545002,2.102679799044027,2.0743306944315854,2.0743306944315854,2.102679799044027,2.531956230806648,2.5486287830165923,2.5486287830165923,2.531956230806648,1.4726371785162935
400.0,59.41,60.417,5.076,5.069,2513.105,4.967420024841156,4.969051976526915,4.969051976526915,4.967420024841156,16.5889052568276,16.59539057335263,16.59539057335263,16.5889052568276,2.087290340581337,2.045803411158824,2.045803411158824,2.087290340581337,2.5170492176567647,2.541369940724324,2.541369940724324,2.5170492176567647,2.857854471324844
400.0,59.414,24.196,3.626,3.923,1632.541,4.948021164730099,4.94987844977442,4.9498784497742445,4.948021164730099,16.476588697591442,16.484949759097397,16.484949758904683,16.476588697591442,2.0774699710353377,1.983091151066747,1.983091151066747,2.0774699710353377,2.483320939178933,2.5384093311637907,2.5384093311637907,2.483320939178933,4.389303991112657
400.0,59.419,81.168,4.168,4.038,4029.572,4.969703816954505,4.971200293477777,4.971200293477777,4.969703816954505,16.614859255675345,16.620579737976062,16.620579737976062,16.614859255675345,2.092752896016412,2.0609666976870127,2.0609666976870127,2.092752896016412,2.5249820466272777,2.5436503604142,2.5436503604142,2.5249820466272777,1.784274315291402
400.0,59.685,92.971,6.189,5.233,1600.346,5.046623450370559,5.048054708775646,5.048054708775646,5.046623450370559,16.939826840003633,16.945389541065985,16.945389541065985,16.939826840003633,2.1778029465933515,2.1491693614817287,2.1491693614817287,2.1778029465933515,2.5705210885915477,2.587374833939354,2.587374833939354,2.5705210885915477,4.49159819068841
400.0,59.938,88.976,5.211,5.188,4626.5,4.988320608206348,4.9897354522969835,4.9897354522969835,4.988320608206348,16.702385688032365,16.707667308720804,16.707667308720804,16.702385688032365,2.1165655765006615,2.087207147654663,2.087207147654663,2.1165655765006615,2.538833729981507,2.556089497365404,2.556089497365404,2.538833729981507,1.5547103752572518
400.0,60.649,87.453,2.761,3.1,3166.027,5.005096215357876,5.006461109430472,5.006461109430472,5.005096215359245,16.76758476473351,16.772824611092524,16.772824611092524,16.76758476488642,2.134349820573298,2.1044172993613945,2.1044172993613945,2.134349820573298,2.5475053875273335,2.565100804208213,2.565100804208213,2.5475053875273335,2.27001607184223
400.0,60.666,87.564,3.308,3.257,1714.992,5.045838879476207,5.047227666550164,5.047227666550164,5.045838879476207,16.93365696998976,16.938960862762567,16.938960862762567,16.93365696998976,2.177277449662303,2.1470713854072003,2.1470713854072003,2.177277449662303,2.5695405471635246,2.587305123202034,2.587305123202034,2.5695405471635246,4.188416997245297
400.0,60.832,26.318,6.443,3.513,1943.274,4.9619191474510265,4.963651274224265,4.963651274224265,4.9619191474510265,16.54310829806243,16.550657835881672,16.550657835881672,16.54310829806243,2.094114622029547,2.006352835590892,2.006352835590892,2.094114622029547,2.4958400689409705,2.547089967633418,2.547089967633418,2.4958400689409705,3.687170856206565
400.0,61.247,50.985,4.556,6.119,3990.757,4.972044945541112,4.973582324547399,4.973582324547399,4.972044945541112,16.61217331728922,16.61830064951665,16.61830064951665,16.61217331728922,2.097910493703517,2.04955488691879,2.04955488691879,2.097910493703517,2.5196849865355615,2.5480052768809296,2.5480052768809296,2.5196849865355615,1.7987838674258114
400.0,61.289,82.568,5.647,4.305,3915.712,5.0082502765711885,5.009595113772248,5.009595113772248,5.0082502765711885,16.783631467046582,16.788783295940217,16.788783295940217,16.783631467046582,2.139434258246097,2.107918056363486,2.107918056363486,2.139434258246097,2.5498212304813994,2.5683400479223515,2.5683400479223515,2.5498212304813994,1.835331489838539
400.0,61.336,21.168,3.22,5.281,1864.015,4.972500161170861,4.9742161501255815,4.9742161501255815,4.972500161170861,16.587228089367628,16.595135191295608,16.595135191295608,16.587228089367628,2.1151124156938694,2.0084459800436645,2.0084459800436645,2.1151124156938694,2.496720471753164,2.558981013667676,2.558981013667676,2.496720471753164,3.8432605786637546
400.0,61.429,34.228,4.546,5.769,2121.922,4.9838212459883255,4.985460025120593,4.985460025120593,4.9838212459883255,16.64615887259414,16.653082863470505,16.653082863470505,16.64615887259414,2.114554192617717,2.0450159383175226,2.0450159383175226,2.114554192617717,2.516647326922303,2.5573045025587104,2.5573045025587104,2.516647326922303,3.3788172133553758
400.0,61.614,95.243,6.174,2.546,475.193,5.296689881814503,5.298087799738041,5.298087799738041,5.296689881814503,17.946853370071935,17.952496356777072,17.952496356777072,17.946853370071935,2.428152043292129,2.39817456378519,2.39817456378519,2.428152043292129,2.7035624698375345,2.7212461090819025,2.7212461090819025,2.7035624698375345,15.022190074465607
400.0,62.225,21.093,3.14,2.807,2846.343,4.955133245466147,4.956774022286856,4.956774022286856,4.955133245466147,16.517764297888892,16.525065184515103,16.525065184515103,16.517764297888892,2.0978845228425285,1.991107441182863,1.991107441182863,2.0978845228425285,2.488000996581301,2.550300543300296,2.550300543300296,2.488000996581301,2.5162055863273696
400.0,62.249,20.621,3.464,4.9,3343.317,4.954784955549059,4.956420109108564,4.956420109108564,4.954784955549059,16.51977097641351,16.527152929235672,16.527152929235672,16.51977097641351,2.0996727536867814,1.9908391483032193,1.9908391483032193,2.0996727536867814,2.488145390745488,2.5516502920412565,2.5516502920412565,2.488145390745488,2.1429561486085085
400.0,62.387,62.463,5.461,4.263,1780.475,5.046379214482255,5.047780531715536,5.047780531715536,5.046379214482255,16.925496185496495,16.931087203041965,16.931087203041965,16.925496185496495,2.178758024210927,2.1378358929223005,2.1378358929223005,2.178758024210927,2.5653665264669008,2.589380443781641,2.589380443781641,2.5653665264669008,4.028788838965401
400.0,62.49,50.775,2.969,5.186,3945.21,4.990899280535503,4.992335065623072,4.992335065623072,4.990899280535503,16.69237721123306,16.69820896025419,16.69820896025419,16.69237721123306,2.120790224626393,2.0720631905453883,2.0720631905453883,2.120790224626393,2.531459615003644,2.560001959263348,2.560001959263348,2.531459615003644,1.8185971157596617
400.0,62.604,21.863,5.843,3.525,3849.839,4.953560565060456,4.955156711202739,4.955156711202739,4.953560565060456,16.516058912504008,16.523185588418908,16.523185588418908,16.516058912504008,2.0965591371683647,1.9931789220049083,1.9931789220049083,2.0965591371683647,2.4894832745185966,2.5498110786400505,2.5498110786400505,2.4894832745185966,1.860774100451284
400.0,62.65,29.286,4.995,4.469,381.688,5.308993305285882,5.3108079589627,5.3108079589627,5.308993305285882,17.94995113637987,17.958345872239022,17.958345872239022,17.94995113637987,2.447284749106992,2.361511127413339,2.361511127413339,2.447284749106992,2.68357281489704,2.733877402141589,2.733877402141589,2.68357281489704,18.63520438787725
400.0,62.93,24.312,3.028,5.815,1095.822,5.060109105894093,5.061738120661385,5.061738120661385,5.060109105893429,16.95324275628384,16.960499731044415,16.960499731044415,16.953242756426693,2.2073975689380645,2.1115121809220407,2.1115121809220407,2.2073975689380645,2.5505203006377815,2.6065787108562426,2.6065787108562426,2.5505203006377815,6.530544696753337
400.0,62.955,62.452,4.237,4.854,788.595,5.161381414899677,5.162795446830984,5.162795446830984,5.161381414899677,17.390843132087934,17.396770967948257,17.396770967948257,17.390843132087934,2.2968552694759365,2.2547479553300755,2.2547479553300755,2.2968552694759365,2.6269267489936814,2.6516668655575937,2.6516668655575937,2.6269267489936814,9.07454396789312
400.0,63.188,11.721,2.619,4.056,3710.291,4.9505763424569755,4.952325269033014,4.952325269033014,4.9505763424569755,16.49792158675054,16.50522057089075,16.50522057089075,16.49792158675054,2.1253385884172955,1.9524009485051492,1.9524009485051492,2.1253385884172955,2.466865075888474,2.5676320815051694,2.5676320815051694,2.466865075888474,1.9293393867934563
400.0,63.478,37.022,3.64,5.014,4235.396,4.990260770538016,4.991713089530315,4.991713089530315,4.990260770538016,16.68475525481415,16.690707310298265,16.690707310298265,16.68475525481415,2.125774425536319,2.0609251597055978,2.0609251597055978,2.125774425536319,2.525724859633115,2.5636526662343586,2.5636526662343586,2.525724859633115,1.6926309502520318
400.0,63.478,77.314,5.91,5.665,3710.0,5.049493957555201,5.050724087769412,5.050724087769412,5.049493957555201,16.959381542763268,16.963933134478825,16.963933134478825,16.959381542763268,2.188047982877422,2.1543281773440204,2.1543281773440204,2.188047982877422,2.574890350570964,2.594698086649753,2.594698086649753,2.574890350570964,1.9354202600690509
400.0,63.523,71.251,6.097,3.685,4736.545,5.027700212255457,5.028948412401779,5.028948412401779,5.027700212255457,16.863727110699305,16.8684674886289,16.8684674886289,16.863727110699305,2.1635162886313477,2.127384759275389,2.127384759275389,2.1635162886313477,2.560609743639549,2.5818190123274523,2.5818190123274523,2.560609743639549,1.5154828405022138
400.0,63.527,47.764,2.908,3.288,3487.789,5.004762491058413,5.0061504166636,5.0061504166636,5.004762491058413,16.748454076213665,16.753962550161162,16.753962550161162,16.748454076213665,2.1375087452980712,2.0858394116879615,2.0858394116879615,2.1375087452980712,2.538567159398186,2.568827414763327,2.568827414763327,2.538567159398186,2.0555528757997084
400.0,63.593,93.041,2.559,4.192,4209.627,5.053616106792449,5.054752104359372,5.054752104359372,5.053616106792449,17.052232233895595,17.032648598245164,17.032648598245164,17.052232233895595,2.1997134060044345,2.1710960240032486,2.1710960240032486,2.1997134060044345,2.5826283256339515,2.600962632452805,2.600962632452805,2.5826283256339515,1.706151470096854
400.0,63.603,27.328,3.858,6.392,4830.367,4.9803681345115285,4.981860423594544,4.981860423594544,4.9803681345115285,16.63981633471936,16.646270700080382,16.646270700080382,16.63981633471936,2.1226760456790577,2.037608809529757,2.037608809529757,2.1226760456790577,2.5134558264396496,2.5631505351594988,2.5631505351594988,2.5134558264396496,1.483790699255809
400.0,63.674,11.921,6.462,5.2,1241.164,5.04226582484754,5.043974401903476,5.043974401903476,5.04226582484754,16.87714292723227,16.885361100909876,16.885361100909876,16.87714292723227,2.2248080767215277,2.051701389292006,2.051701389292006,2.2248080767215277,2.517944574042446,2.6189654950860324,2.6189654950860324,2.517944574042446,5.762930369195
400.0,63.678,24.289,5.011,6.248,1367.616,5.051497765715405,5.05305984896547,5.05305984896547,5.051497765715405,16.92496327005697,16.931817605315242,16.931817605315242,16.92496327005697,2.201141646969369,2.105344950575675,2.105344950575675,2.201141646969369,2.547839862369057,2.603836382653104,2.603836382653104,2.547839862369057,5.234125292539584
400.0,63.725,92.793,2.742,2.586,4336.874,5.0559484115368605,5.05706062546028,5.05706062546028,5.0559484115368605,16.992539961092973,16.996660697761026,16.996660697761026,16.992539961092973,2.19656715271689,2.1679333251220094,2.1679333251220094,2.19656715271689,2.5816577834822785,2.5985007082274536,2.5985007082274536,2.5816577834822785,1.6557989169096474
400.0,63.853,41.231,4.324,3.921,4297.152,4.9990497964466,5.000452213595314,5.000452213595314,4.9990497964466,16.724632682813898,16.730248139204672,16.730248139204672,16.724632682813898,2.134297499841866,2.0753531901846105,2.0753531901846105,2.134297499841866,2.533314170846648,2.56780741203776,2.56780741203776,2.533314170846648,1.6682313134491753
400.0,64.435,45.782,3.8,6.404,4153.741,5.024590341482316,5.025939572727532,5.025939572727532,5.024590341482316,16.838728031892188,16.843897437908822,16.843897437908822,16.838728031892188,2.1631363184538976,2.109257606236449,2.109257606236449,2.1631363184538976,2.5514984144026327,2.583049117007595,2.583049117007595,2.5514984144026327,1.7262962898543386
400.0,64.526,18.753,3.861,5.218,4992.413,4.982038048033492,4.98352949097344,4.98352949097344,4.982038048033492,16.643629385095437,16.650187800051484,16.650187800051484,16.643629385095437,2.1399901254680804,2.021162938213319,2.021162938213319,2.1399901254680804,2.5042815257526185,2.5736198226444653,2.5736198226444653,2.5042815257526185,1.4345323653098898
400.0,64.617,29.714,5.373,3.009,862.029,5.127990890311672,5.129483319249422,5.129483319249422,5.127990890311672,17.235417876783636,17.2420294168436,17.2420294168436,17.235417876783636,2.27428205466777,2.1929141607184977,2.1929141607184977,2.27428205466777,2.593842007423372,2.641478391535243,2.641478391535243,2.593842007423372,8.289128972659757
400.0,64.726,54.923,3.482,5.47,1202.523,5.123937377656655,5.125238962447529,5.125238962447529,5.123937377656655,17.244079774784847,17.249420771201795,17.249420771201795,17.244079774784847,2.264104633434642,2.217315145428125,2.217315145428125,2.264104633434642,2.6079472644004387,2.63540316223111,2.63540316223111,2.6079472644004387,5.953414674168991
400.0,64.98,11.601,4.404,5.198,419.59,5.298319512159763,5.300167461930365,5.300167461930365,5.298319512160303,17.9071030558983,17.916061306953356,17.916061306953356,17.907103056005376,2.486023244317172,2.3012177099818434,2.3012177099818434,2.486023244317172,2.650786777278391,2.7589125045615215,2.7589125045615215,2.650786777278391,16.93943873125238
400.0,65.031,14.011,4.512,4.663,4001.419,4.99062591209098,4.992144368398289,4.992144368398289,4.99062591209098,16.676947541185392,16.68380365707772,16.68380365707772,16.676947541185392,2.1648629738493583,2.0129590193501894,2.0129590193501894,2.1648629738493583,2.4992629238582604,2.5878650426158223,2.5878650426158223,2.4992629238582604,1.7889034508527413
400.0,65.187,55.581,4.539,4.186,2995.706,5.058190427333027,5.059422401978824,5.059422401978824,5.0581904273327005,16.98219036129522,16.986974140126613,16.986974140126613,16.982190361409213,2.1982504377785577,2.152701659637257,2.152701659637257,2.1982504377785577,2.5742512932331456,2.600961468659301,2.600961468659301,2.5742512932331456,2.3926443722831485
400.0,65.265,93.095,3.06,4.563,1951.862,5.13513969775196,5.136161379474273,5.136161379474273,5.13513969775196,17.322070371493357,17.326005372468977,17.326005372468977,17.322070371493357,2.281562652026333,2.2524696128499806,2.2524696128499806,2.281562652026333,2.6270815854995107,2.644207225866464,2.644207225866464,2.6270815854995107,3.6737516043737295
400.0,65.595,20.858,2.57,3.602,1879.987,5.0347033330303885,5.035075082546985,5.035075082546985,5.0347033330321755,16.884416710526715,16.901925300231973,16.901925300231973,16.884416730433745,2.19975228587958,2.091878980673613,2.091878980673613,2.19975228587958,2.539126450017668,2.6012801499689604,2.6012801499689604,2.539126450017668,3.8044413830678754
400.0,65.802,86.074,5.789,5.387,3976.066,5.102678194570965,5.103701863425934,5.103701863425934,5.102678194570965,17.191921717154337,17.195627012935862,17.195627012935862,17.191921717154337,2.2498967320939194,2.2189391196157304,2.2189391196157304,2.2498967320939194,2.6097929149882777,2.6279937729776695,2.6279937729776695,2.6097929149882777,1.8044929631178432
400.0,65.982,38.921,5.83,5.276,3438.071,5.048967956328228,5.050241921627468,5.050241921627468,5.04896795632946,16.93762707856408,16.94275127663083,16.94275127663083,16.93762707829241,2.1937356195709388,2.130997716371635,2.130997716371635,2.1937356195709388,2.5630264451062454,2.599751867649432,2.599751867649432,2.5630264451062454,2.0834163321901187
400.0,66.133,25.158,3.273,3.718,3532.554,5.026585616298771,5.027919996575084,5.027919996575084,5.026585616298771,16.833814541142814,16.83960387989455,16.83960387989455,16.833814541142814,2.1795346219077776,2.087042883811331,2.087042883811331,2.1795346219077776,2.539238861968894,2.593287793204578,2.593287793204578,2.539238861968894,2.0261341806303395
400.0,66.184,55.809,3.637,5.385,1404.004,5.1364072908635485,5.137599256486685,5.137599256487007,5.1364072908635485,17.302461689789816,17.30721637181713,17.30721637173881,17.302461689789816,2.2803131881793215,2.2340800083014485,2.2340800083014485,2.2803131881793215,2.617538954616354,2.644672256661876,2.644672256661876,2.617538954616354,5.097277571549153
400.0,66.546,29.426,4.298,6.29,4935.46,5.037820949953184,5.039109011697349,5.039109011697349,5.037820949953184,16.8900788365994,16.895398360581115,16.895398360581115,16.8900788365994,2.1895984265016635,2.109075704347132,2.109075704347132,2.1895984265016635,2.551589355078448,2.59866858466636,2.59866858466636,2.551589355078448,1.4509928705573605
400.0,66.569,26.584,4.444,4.708,905.264,5.159843686608992,5.1612216676725335,5.1612216676725335,5.159843686608992,17.373396513937642,17.379523234939466,17.379523234939466,17.373396513937642,2.3150999482949857,2.224659757715069,2.224659757715069,2.3150999482949857,2.6116528165637494,2.664590050025204,2.664590050025204,2.6116528165637494,7.887108700224751
400.0,66.592,36.334,5.554,5.884,2976.123,5.065577146113942,5.066827494049164,5.066827494049164,5.065577146113942,17.006151551385376,17.01126152586581,17.01126152586581,17.006151551385376,2.2137651944294148,2.146773098940188,2.146773098940188,2.2137651944294148,2.5714717908502407,2.610683592957322,2.610683592957322,2.5714717908502407,2.405849381651926
400.0,66.814,91.866,6.004,4.551,491.418,5.399565437421632,5.400592991854575,5.400592991854575,5.399565437421632,18.370100554706905,18.37436810858813,18.37436810858813,18.370100554706905,2.533581578082667,2.501840171889917,2.501840171889917,2.533581578082667,2.764359947483276,2.783077683157122,2.783077683157122,2.764359947483276,14.463007635376648
400.0,67.203,25.438,6.292,4.124,1552.309,5.101809078108104,5.103101317541593,5.103101317541593,5.101809078108104,17.142565215294464,17.14834414636253,17.14834414636253,17.142565215294464,2.2597526872158267,2.1668059173224115,2.1668059173224115,2.2597526872158267,2.581290317552885,2.635655084279629,2.635655084279629,2.581290317552885,4.60474997343916
400.0,67.273,19.732,4.005,4.058,1377.396,5.107092390593917,5.108433840343412,5.108433840343412,5.107092390593917,17.15977869876025,17.165885349918234,17.165885349918234,17.15977869876025,2.27467740054947,2.1583526513063607,2.1583526513063607,2.27467740054947,2.576328197785131,2.64432775532428,2.64432775532428,2.576328197785131,5.187115162937506
400.0,67.382,64.913,5.285,4.558,905.288,5.229031183226599,5.230122511702586,5.230122511702586,5.229031183226599,17.68420784582882,17.688485950718224,17.688485950718224,17.68420784582882,2.3734818410254115,2.3321648091008487,2.3321648091008487,2.3734818410254115,2.670690785611783,2.6949724609427617,2.6949724609427617,2.670690785611783,7.887551360503162
400.0,67.704,62.116,5.784,4.43,1827.947,5.148245374313536,5.149287460295171,5.149287460295171,5.148245374313536,17.3616934178961,17.36573294960047,17.36573294960047,17.3616934178961,2.2957373075284364,2.2536519908869344,2.2536519908869344,2.2957373075284364,2.628670633466228,2.653378353818544,2.653378353818544,2.628670633466228,3.914310712302549
400.0,67.734,19.11,3.243,5.675,513.162,5.300823775956043,5.302281634165344,5.302281634165344,5.300823775956043,17.93338905394739,17.94023043477882,17.94023043477882,17.93338905394739,2.4668138606022185,2.342669234856595,2.342669234856595,2.4668138606022185,2.6755698656258518,2.748268690040556,2.748268690040556,2.6755698656258518,13.850615421908138
400.0,67.777,62.088,5.663,5.19,3646.888,5.112073574491298,5.113089694503764,5.113089694503764,5.112073574491298,17.219043896994673,17.222993476484525,17.222993476484525,17.219043896994673,2.2605308352895803,2.218827017815504,2.218827017815504,2.2605308352895803,2.6103845145793856,2.6348594181858167,2.6348594181858167,2.6103845145793856,1.9639500748772267
400.0,67.79,45.675,4.872,4.335,2521.556,5.105212462288854,5.106331136246103,5.106331136246103,5.105212462288854,17.176376335320374,17.180869726717436,17.180869726717436,17.176376335320374,2.253638771024152,2.198644121849504,2.198644121849504,2.253638771024152,2.599284459585609,2.6315157423915583,2.6315157423915583,2.599284459585609,2.8378155768795508
400.0,67.857,54.586,2.858,5.633,1128.174,5.189718754955964,5.190812687709345,5.190812687709345,5.189718754957744,17.52321333488136,17.527583918983424,17.527583918983424,17.523213334803764,2.3379910781517594,2.2901577338847408,2.2901577338847408,2.3379910781517594,2.649204687796108,2.6765999799510527,2.6765999799510527,2.649204687796108,6.332313034333333
400.0,68.037,78.343,5.054,3.832,4567.64,5.126663655510734,5.127572682055709,5.127572682055709,5.126663655510734,17.290324516816572,17.29370049375696,17.29370049375696,17.290324516816572,2.2771692234200644,2.243282251409936,2.243282251409936,2.2771692234200644,2.6234516355006567,2.6433678817827366,2.6433678817827366,2.6234516355006567,1.5685425822514822
400.0,68.081,57.554,3.222,6.161,1290.197,5.187243162782451,5.188318658472567,5.188318658472567,5.187243162782451,17.516943431191752,17.520996459982502,17.520996459982502,17.516943431191752,2.3351310984213334,2.2895983582323844,2.2895983582323844,2.3351310984213334,2.6481640604384045,2.6748953712782897,2.6748953712782897,2.6481640604384045,5.539563162271134
400.0,68.148,89.656,3.753,5.196,4417.662,5.149595633408242,5.150437987944414,5.150437987944414,5.149595633408242,17.393765490027153,17.396878274458437,17.396878274458437,17.393765490027153,2.302937217962864,2.272789930054578,2.272789930054578,2.302937217962864,2.639457203001535,2.657192537163686,2.657192537163686,2.639457203001535,1.6221813463234744
400.0,68.384,84.054,4.548,3.63,1925.727,5.1854653962140445,5.1863356299718095,5.1863356299718095,5.1854653962140445,17.5308905716478,17.534205731429903,17.534205731429903,17.5308905716478,2.336398058319641,2.3041055047593124,2.3041055047593124,2.336398058319641,2.656098181646984,2.675094847142691,2.675094847142691,2.656098181646984,3.715554079219329
400.0,68.754,61.473,4.54,4.414,4918.463,5.117606218554124,5.118562143243969,5.118562143243969,5.117606218553823,17.24454284452307,17.248170476045065,17.248170476045065,17.244542844518715,2.2681302174342868,2.225994982820796,2.225994982820796,2.2681302174342868,2.6145299423075534,2.639256600000305,2.639256600000305,2.6145299423075534,1.455670508553343
400.0,68.954,17.787,3.057,5.057,1130.296,5.1611586332895145,5.162449599300039,5.162449599300039,5.161158633288729,17.382830255938668,17.388430796447913,17.388430796447913,17.38283025594753,2.33784264937062,2.209300677398799,2.209300677398799,2.33784264937062,2.6038569025427045,2.67901085595755,2.67901085595755,2.6038569025427045,6.311749727716675
400.0,68.971,85.068,3.203,2.826,913.61,5.281043790674599,5.281902922686368,5.281902922686368,5.281043790674599,17.9082532793784,17.91162763700954,17.91162763700954,17.9082532793784,2.427591300278705,2.3947731910066823,2.3947731910066823,2.427591300278705,2.7054960436984095,2.7248172620481417,2.7248172620481417,2.7054960436984095,7.8061413329114435
400.0,69.267,56.855,3.885,6.001,832.472,5.2761083618802544,5.277126888164977,5.277126888164977,5.2761083618802544,17.874033741728006,17.878170728059484,17.878170728059484,17.874033741728006,2.4227457421365335,2.3756267787217027,2.3756267787217027,2.4227457421365335,2.6954888428788157,2.7231677263788905,2.7231677263788905,2.6954888428788157,8.561221552793098
400.0,69.304,65.455,5.959,5.141,3480.322,5.148790195984939,5.149698380279346,5.149698380279346,5.148790195984939,17.37635346994854,17.379753581371386,17.379753581371386,17.37635346994854,2.3009988111720125,2.2608844626803006,2.2608844626803006,2.3009988111720125,2.6334773034237178,2.6570288366799204,2.6570288366799204,2.6334773034237178,2.0562001581210683
400.0,69.504,11.637,3.218,3.093,4652.374,5.060243681731153,5.061581968906829,5.061581968906829,5.060243681731153,16.975733083157017,16.980859749913968,16.980859749913968,16.975733083157017,2.260089612250193,2.082656981572459,2.082656981572459,2.260089612250193,2.536219431796252,2.6397596090209454,2.6397596090209454,2.536219431796252,1.5357990909609949
400.0,69.512,67.068,3.087,5.163,1192.619,5.23501882302288,5.235934043075557,5.235934043075557,5.23501882302288,17.71878245270536,17.722366529810795,17.722366529810795,17.71878245270536,2.3841833005213906,2.3440288345711338,2.3440288345711338,2.3841833005213906,2.6782323952766847,2.701829994614584,2.701829994614584,2.6782323952766847,5.985198752865032
400.0,69.773,12.106,3.393,4.638,4827.87,5.0707515872404265,5.07204915528001,5.07204915528001,5.0707515872404265,17.02235897491906,17.02750295205951,17.02750295205951,17.02235897491906,2.2701604052416866,2.097626056073187,2.097626056073187,2.2701604052416866,2.544517066760231,2.645221626722901,2.645221626722901,2.544517066760231,1.480141262080846
400.0,70.156,59.002,6.121,3.435,992.502,5.2595463279371915,5.260488874904426,5.260488874904426,5.2595463279371915,17.810736988342125,17.814337779018715,17.814337779018715,17.810736988342125,2.407931151038427,2.3625379139003138,2.3625379139003138,2.407931151038427,2.6884615989774847,2.7151237592608988,2.7151237592608988,2.6884615989774847,7.1817382573316495
400.0,70.392,39.821,3.154,3.027,2931.406,5.133539528956341,5.1345148610126365,5.1345148610126365,5.133539528956609,17.293956260854102,17.297993098443143,17.297993098443143,17.293956260843128,2.2888387061168083,2.2261350992457687,2.2261350992457687,2.2888387061168083,2.6146006107355926,2.651333685606956,2.651333685606956,2.6146006107355926,2.437265790622769
400.0,70.418,87.016,3.478,2.948,3402.593,5.193500005474082,5.194230102652924,5.194230102652924,5.193500005474082,17.5730264231617,17.575516643118902,17.575516643118902,17.5730264231617,2.349036327018729,2.3176868863235107,2.3176868863235107,2.349036327018729,2.664315470108624,2.6827508765367294,2.6827508765367294,2.664315470108624,2.1018561217078253
400.0,70.426,18.06,4.984,4.141,3621.089,5.101527590073684,5.102681380337064,5.102681380337064,5.101527590073684,17.15333858462441,17.157976357047964,17.157976357047964,17.15333858462441,2.281584871378055,2.156001339038137,2.156001339038137,2.281584871378055,2.5764434438276145,2.6498162136054937,2.6498162136054937,2.5764434438276145,1.972752007862691
400.0,70.58,57.86,5.038,6.336,3947.41,5.163025821330217,5.163889962686233,5.163889962686233,5.163025821330217,17.43531768447254,17.438677175151643,17.438677175151643,17.43531768447254,2.318260505572552,2.273259378358718,2.273259378358718,2.318260505572552,2.6407994550180764,2.667208101550504,2.667208101550504,2.6407994550180764,1.811621215837603
400.0,70.59,72.034,6.343,5.707,2041.4,5.216473909746741,5.217280005023329,5.217280005023329,5.216473909746741,17.65782071521918,17.660805950156856,17.660805950156856,17.65782071521918,2.370501445801523,2.333078146337737,2.333078146337737,2.370501445801523,2.67307796150227,2.695071524929886,2.695071524929886,2.67307796150227,3.499997767546568
400.0,70.885,32.953,4.693,6.234,2375.095,5.159292760331161,5.1603162047973115,5.1603162047973115,5.159292760331161,17.40095819682482,17.404953860288202,17.404953860288202,17.40095819682482,2.3208773393858944,2.246145583378239,2.246145583378239,2.3208773393858944,2.6258181420692357,2.66957249104696,2.66957249104696,2.6258181420692357,3.0069742154161414
400.0,71.107,21.701,6.204,5.229,3092.997,5.130465096654918,5.131545517217762,5.131545517217762,5.130465096654918,17.276906787789056,17.281263317096776,17.281263317096776,17.276906787789056,2.304998953242002,2.197318179983351,2.197318179983351,2.304998953242002,2.59913451290627,2.66208827968514,2.66208827968514,2.59913451290627,2.308826851546764
400.0,71.148,29.549,5.916,5.805,1668.616,5.1849901129536375,5.186026607190386,5.186026607190386,5.1849901129536375,17.501231415004483,17.505470746058606,17.505470746058606,17.501231415004483,2.348916277289299,2.2660568762044706,2.2660568762044706,2.348916277289299,2.636399519320856,2.684909620624593,2.684909620624593,2.636399519320856,4.2759481821643215
400.0,71.206,39.349,5.542,6.332,1218.381,5.235147015493081,5.236115899791779,5.236115899791779,5.235147015493081,17.70872289278399,17.71285752556651,17.71285752556651,17.70872289278399,2.391677170867494,2.326791638921946,2.326791638921946,2.391677170867494,2.669640504724448,2.707683717654723,2.707683717654723,2.669640504724448,5.8510485432368
400.0,71.216,30.507,4.214,6.257,1645.597,5.190348304517372,5.191366708330466,5.191366708330466,5.190348304517372,17.524014253158324,17.528298640778083,17.528298640778083,17.524014253158324,2.353660785817868,2.273045332453039,2.273045332453039,2.353660785817868,2.640285738903818,2.6874933854033665,2.6874933854033665,2.640285738903818,4.335613321603999
400.0,71.366,47.824,5.301,3.419,3063.186,5.166098215865387,5.166985025140791,5.166985025140847,5.166098215865387,17.438066780305295,17.441409474529813,17.441409474653785,17.438066780305295,2.3221461312279823,2.2685810023130206,2.2685810023130206,2.3221461312279823,2.638092526434732,2.669496758839853,2.669496758839853,2.638092526434732,2.331777979807684
400.0,71.666,77.674,4.297,4.144,3900.158,5.206041073044962,5.206738093320877,5.206738093320877,5.206041073044965,17.62382400271661,17.626312808281902,17.626312808281902,17.623824002716475,2.36315647278977,2.3283012969441934,2.3283012969441934,2.36315647278977,2.6708708092353133,2.6913546257299017,2.6913546257299017,2.6708708092353133,1.8323831327635924
400.0,72.054,91.819,4.156,6.334,4901.815,5.233661083003171,5.234266589034696,5.234266589034696,5.233661083003171,17.749934439152558,17.751960521419782,17.751960521419782,17.749934439152558,2.393999000577696,2.363863959024148,2.363863959024148,2.393999000577696,2.690791245779045,2.708521839950965,2.708521839950965,2.690791245779045,1.4582194425976371
400.0,72.102,69.846,3.342,6.01,4903.04,5.200027931319777,5.2007514558275965,5.2007514558275965,5.200027931319777,17.59734224847383,17.599772139602344,17.599772139602344,17.59734224847383,2.3579557349758806,2.319630247112323,2.319630247112323,2.3579557349758806,2.666512637875018,2.6890176668834798,2.6890176668834798,2.666512637875018,1.4574603638749468
400.0,72.465,42.524,3.413,4.982,499.381,5.444159852836497,5.4451347512565675,5.4451347512565675,5.444159852836497,18.523457438648844,18.52762055294844,18.52762055294844,18.523457438648844,2.582828506582724,2.5188799709410605,2.5188799709410605,2.582828506582724,2.777245296267605,2.8147985920185388,2.8147985920185388,2.777245296267605,14.159742247282722
400.0,72.511,76.432,5.507,4.249,339.861,5.6601822784812486,5.656246176315917,5.656246176315917,5.6601822784812486,19.359001338564617,19.342292138777328,19.342292138777328,19.359001338564617,2.743145352470152,2.734741109474605,2.734741109474605,2.743145352470152,2.9065809328572785,2.911356770072621,2.911356770072621,2.9065809328572785,20.61663717992677
400.0,72.585,31.024,5.721,3.495,2586.246,5.176646737650854,5.1775744398802495,5.1775744398802495,5.176646737650854,17.47236387955215,17.475972894397223,17.475972894397223,17.47236387955215,2.3419574633278017,2.262677594707109,2.262677594707109,2.3419574633278017,2.6350465433806867,2.681455431894116,2.681455431894116,2.6350465433806867,2.7581901457045523
400.0,72.606,96.903,4.088,3.83,852.768,5.395394760284461,5.395976531602357,5.395976531602357,5.395394760284461,18.37865931459384,18.380850614325183,18.380850614325183,18.37865931459384,2.5418337673101306,2.5117126878161904,2.5117126878161904,2.5418337673101306,2.773068067724396,2.7908120752720778,2.7908120752720778,2.773068067724396,8.329274381009201
400.0,72.937,99.645,6.461,4.801,599.952,5.4916148471227055,5.492196654302733,5.492196654302733,5.4916148471227055,18.749786769297344,18.751936751733,18.751936751733,18.749786769297344,2.6267239728293053,2.5964744768286754,2.5964744768286754,2.6267239728293053,2.8221368734754444,2.839968060430405,2.839968060430405,2.8221368734754444,11.791024808043884
400.0,73.157,52.405,4.763,5.386,4810.722,5.197979124706984,5.198749885350792,5.198749885350792,5.197979124706984,17.58065092869664,17.583161755548712,17.583161755548712,17.58065092869664,2.3579030952442284,2.308184371217557,2.308184371217557,2.3579030952442284,2.6606766287605903,2.689830432055764,2.689830432055764,2.6606766287605903,1.4839981585463529
400.0,73.266,80.9,3.265,3.374,3716.102,5.240033953953073,5.240614595221671,5.240614595221671,5.240033953953073,17.764236324179567,17.766343349766622,17.766343349766622,17.764236324179567,2.398541726121316,2.3646350325279046,2.3646350325279046,2.398541726121316,2.691267837108577,2.7111995352495426,2.7111995352495426,2.691267837108577,1.9204904144106827
400.0,73.453,45.598,3.347,4.084,3876.528,5.194959082848859,5.195738561231547,5.195738561231547,5.194959082848859,17.55998004978594,17.562785467539662,17.562785467539662,17.55998004978594,2.355376572624369,2.299018349695151,2.299018349695151,2.355376572624369,2.655455797286544,2.6884886160378128,2.6884886160378128,2.655455797286544,1.8404152345103273
400.0,73.675,81.883,4.505,5.507,3671.091,5.261366613643362,5.2619338615072575,5.2619338615072575,5.261366613643362,17.855975498732295,17.857859354306576,17.857859354306576,17.855975498732295,2.421178717896654,2.387459668151497,2.387459668151497,2.421178717896654,2.7044258954242646,2.7242479558883135,2.7242479558883135,2.7044258954242646,1.9436527115091533
400.0,74.224,14.521,3.414,3.767,1385.594,5.235674938008724,5.236677641792404,5.236677641792404,5.235674938008724,17.69991963518161,17.70432979066083,17.70432979066083,17.69991963518161,2.4332012431128467,2.2786328028098217,2.2786328028098217,2.4332012431128467,2.6433073647391527,2.733685891127271,2.733685891127271,2.6433073647391527,5.133501159963209
400.0,74.296,31.053,4.934,3.904,325.092,5.649318399148154,5.64423393983025,5.64423393983025,5.649318399148154,19.291778104645328,19.270910446869248,19.270910446869248,19.291778104645328,2.74702605075402,2.689047264188182,2.689047264188182,2.74702605075402,2.8806010914096034,2.9143166392722604,2.9143166392722604,2.8806010914096034,21.518056884468205
400.0,74.323,54.297,3.4,2.959,2320.08,5.247754140658961,5.248442477334775,5.248442477334775,5.247754140658961,17.777009437767816,17.779420038543645,17.779420038543645,17.777009437767816,2.405812112888221,2.3570032039424893,2.3570032039424893,2.405812112888221,2.6874051162900097,2.716042671639317,2.716042671639317,2.6874051162900097,3.070540529063928
400.0,74.325,74.019,3.901,5.741,361.36,5.675710741119027,5.67215394630224,5.67215394630224,5.675710741119027,19.41999747513225,19.404601114547347,19.404601114547347,19.41999747513225,2.7568763093122413,2.7508442013693037,2.7508442013693037,2.7568763093122413,2.9179468220609746,2.921362989951964,2.921362989951964,2.9179468220609746,19.367287222699165
400.0,74.403,57.089,2.712,6.327,517.618,5.467260834857028,5.468531247165253,5.468531247165253,5.467260834857028,18.883800721144016,18.88472470693256,18.88472470693256,18.883800721144016,2.6300099369362053,2.57953614428569,2.57953614428569,2.6300099369362053,2.819156911150102,2.8482708110085917,2.8482708110085917,2.819156911150102,13.6306782606252
400.0,74.461,11.653,6.04,5.67,2455.722,5.198122399587224,5.199178079953453,5.199178079953453,5.198122399587953,17.556481143799246,17.560771825455507,17.560771825455507,17.556481143735336,2.4122726544703053,2.2306455849745563,2.2306455849745563,2.4122726544703053,2.61745257399344,2.7235865627168114,2.7235865627168114,2.61745257399344,2.9005257853142927
400.0,74.503,18.201,4.385,6.02,2279.563,5.214150442180527,5.2150989180797085,5.2150989180797085,5.214150442180527,17.624611587799752,17.628199314374854,17.628199314374854,17.624611587799752,2.403093874701804,2.275501621570767,2.275501621570767,2.403093874701804,2.6425162626810854,2.7171309459917365,2.7171309459917365,2.6425162626810854,3.1244519474199355
400.0,74.558,30.366,3.436,2.61,4794.313,5.183940305615712,5.1847639333478925,5.1847639333478925,5.183940305615712,17.50734141113297,17.510198951517513,17.510198951517513,17.50734141113297,2.353546495732939,2.272504347392732,2.272504347392732,2.353546495732939,2.641081161382953,2.6885121881377767,2.6885121881377767,2.641081161382953,1.4868382885082134
400.0,74.639,40.422,5.039,5.061,3551.454,5.221769146203845,5.222524578651813,5.222524578651813,5.221769146203845,17.671117221110354,17.67374721596986,17.67374721596986,17.671117221110354,2.386077536232022,2.3228449308229657,2.3228449308229657,2.386077536232022,2.6691281150131605,2.706180143620649,2.706180143620649,2.6691281150131605,2.00704503831728
400.0,74.918,78.701,6.024,4.994,4465.076,5.273771612065125,5.274310100519608,5.274310100519608,5.273771612065125,17.90679506227568,17.908169217598477,17.908169217598477,17.90679506227568,2.434635452176512,2.399539606890526,2.399539606890526,2.434635452176512,2.711666308025427,2.732286337834149,2.732286337834149,2.711666308025427,1.596681133823193
400.0,74.99,94.229,3.929,4.675,1742.023,5.351457122866592,5.351926073251496,5.351926073251496,5.351457122866592,18.21870843046475,18.219848664701573,18.219848664701573,18.21870843046475,2.507582653115411,2.477096268787214,2.477096268787214,2.507582653115411,2.7549128721663845,2.7728463825268403,2.7728463825268403,2.7549128721663845,4.083261957148016
400.0,75.114,13.08,4.856,4.506,2746.153,5.20308020597068,5.204078841047467,5.204078841047467,5.20308020597068,17.57823116822164,17.5818675790682,17.5818675790682,17.57823116822164,2.4110986582014213,2.244179881266815,2.244179881266815,2.4110986582014213,2.625126037502533,2.7226799740883565,2.7226799740883565,2.625126037502533,2.592904956937621
400.0,75.133,41.162,6.152,4.039,1423.373,5.294266363658672,5.294996437456137,5.294996437456137,5.294266363658672,17.95545677210713,17.958327040404143,17.958327040404143,17.95545677210713,2.454044715921369,2.3906838425274097,2.3906838425274097,2.454044715921369,2.706480763238729,2.7436349834610567,2.7436349834610567,2.706480763238729,4.994729355737549
400.0,75.394,11.79,2.876,5.698,2986.311,5.18321383782336,5.1850633443571175,5.1850633443571175,5.18321383782336,17.549440803343494,17.55035442284889,17.55035442284889,17.549440803343494,2.4153776021142126,2.233944504989565,2.233944504989565,2.4153776021142126,2.6232620005054255,2.726092869374534,2.726092869374534,2.6232620005054255,2.384049979789353
400.0,75.565,98.168,3.522,2.532,2785.364,5.326353314525161,5.326742257680526,5.326742257680526,5.326353314525161,18.12276530157428,18.1238247567488,18.1238247567488,18.12276530157428,2.485724575439728,2.456572826337303,2.456572826337303,2.485724575439728,2.743340308949595,2.7604913852054622,2.7604913852054622,2.743340308949595,2.555418360334388
400.0,75.748,36.025,5.672,5.906,1718.309,5.287816800009344,5.288555467120294,5.288555467120294,5.287816800009344,17.9324877198906,17.935201733352724,17.935201733352724,17.9324877198906,2.4526399537040047,2.3813844550542966,2.3813844550542966,2.4526399537040047,2.7018492686418822,2.743609120919517,2.743609120919517,2.7018492686418822,4.138263668940446
400.0,75.942,63.435,5.59,5.442,1257.226,5.364783337382643,5.365345336083013,5.365345336083013,5.364783337382643,18.25106684964626,18.253103687925613,18.253103687925613,18.25106684964626,2.517811638607516,2.474044861622827,2.474044861622827,2.517811638607516,2.7538519170807447,2.779566008960622,2.779566008960622,2.7538519170807447,5.646588180408844
400.0,76.166,35.29,6.422,6.179,732.785,5.420410864247413,5.42117589807975,5.42117589807975,5.420410864246697,18.444685343092058,18.447840461399256,18.447840461399256,18.4446853431003,2.5733421658127056,2.4983336841859094,2.4983336841859094,2.5733421658127056,2.7678354841377333,2.8118388341319998,2.8118388341319998,2.7678354841377333,9.653387114770874
400.0,76.262,30.64,5.193,3.138,3613.65,5.234292868526016,5.2350220124792255,5.2350220124792255,5.234292868526016,17.71696858544153,17.719541431312503,17.719541431312503,17.71696858544153,2.406069797115534,2.3247170954143255,2.3247170954143255,2.406069797115534,2.6704711648928154,2.7181018781782766,2.7181018781782766,2.6704711648928154,1.9697170738238496
400.0,76.536,88.322,3.394,5.052,488.366,5.621771069222644,5.618162918855505,5.618162918856055,5.621771069222644,19.24598465198601,19.229980207919606,19.229980207914068,19.24598465198601,2.725585122798857,2.7147812091618766,2.7147812091618766,2.725585122798857,2.8964135646986424,2.9025436016376385,2.9025436016376385,2.8964135646986424,14.369990101339123
400.0,76.557,51.657,4.065,4.335,3744.4,5.272943665185184,5.273538212606825,5.273538212606825,5.272943665185184,17.88703952015884,17.888752633475438,17.888752633475438,17.88703952015884,2.435538431112476,2.384116501711356,2.384116501711356,2.435538431112476,2.7037435340369367,2.733899599017908,2.733899599017908,2.7037435340369367,1.9007749887748235
400.0,76.605,78.974,4.838,5.992,2558.507,5.340570318543238,5.341027203891604,5.341027203891604,5.340570318543238,18.174287287810238,18.175319571319005,18.175319571319005,18.174287287810238,2.4993783915636003,2.4637141222836734,2.4637141222836734,2.4993783915636003,2.7484874205674874,2.7694435975605565,2.7694435975605565,2.7484874205674874,2.779401218973304
400.0,76.728,22.115,3.197,4.99,869.938,5.361644797409904,5.362502956013223,5.362502956013223,5.361644797409904,18.28393364578223,18.243657293372088,18.243657293372088,18.28393364578223,2.541740345575838,2.430086662388476,2.430086662388476,2.541740345575838,2.7269422079582397,2.7952588380869137,2.7952588380869137,2.7269422079582397,8.139333870854209
400.0,76.925,30.641,3.569,4.068,2576.693,5.266090935119809,5.266806015965972,5.266806015965972,5.266090935119809,17.844165297499014,17.846497804082528,17.846497804082528,17.844165297499014,2.437413641049739,2.355427425174569,2.355427425174569,2.437413641049739,2.687687711658,2.735693579197547,2.735693579197547,2.687687711658,2.7593845139897515
400.0,77.079,56.311,4.569,3.693,4334.338,5.283725647880663,5.284270437544152,5.284270437544152,5.283725647880663,17.93458757894792,17.935977452746823,17.935977452746823,17.93458757894792,2.446120127461256,2.3984073591065846,2.3984073591065846,2.446120127461256,2.7119092493746217,2.7398997694388374,2.7398997694388374,2.7119092493746217,1.641588169772095
400.0,77.578,71.742,3.215,2.639,3395.024,5.3114633751877545,5.311943944975488,5.311943944975488,5.3114633751877545,18.134863349180247,18.12609546688893,18.12609546688893,18.134863349180247,2.478109244371927,2.4393686627661535,2.4393686627661535,2.478109244371927,2.736253596352173,2.7570994448947825,2.7570994448947825,2.736253596352173,2.093646262929312
400.0,77.7,56.854,2.816,2.545,4732.838,5.255381220036714,5.2559961647187405,5.2559961647187405,5.255381220036714,18.018192822601947,18.01900729860694,18.01900729860694,18.018192822601947,2.4436957407596247,2.39631995933202,2.39631995933202,2.4436957407596247,2.71462758583754,2.7420738207952904,2.7420738207952904,2.71462758583754,1.5024424391103677
400.0,77.718,31.036,5.342,5.313,971.791,5.39155307024827,5.392235227994758,5.392235227994758,5.39155307024827,18.33572761507212,18.33856761074296,18.33856761074296,18.33572761507212,2.5535532861675168,2.470060621056053,2.470060621056053,2.5535532861675168,2.752480794065532,2.8014241997986185,2.8014241997986185,2.752480794065532,7.283684319887626
400.0,78.528,42.089,5.756,6.37,4924.72,5.299285370642654,5.299859314040345,5.299859314040345,5.299285370642654,17.994675645057026,17.995953086154024,17.995953086154024,17.994675645057026,2.4670865250170197,2.40479746456344,2.40479746456344,2.4670865250170197,2.7164844041005347,2.752983643767894,2.752983643767894,2.7164844041005347,1.4433307295723574
400.0,78.984,58.985,3.624,2.554,3942.415,5.3255560795604815,5.326000112206209,5.326000112206209,5.3255560795604815,18.102649622194967,18.10342871201551,18.10342871201551,18.102649622194967,2.487055944666753,2.440700366021578,2.440700366021578,2.487055944666753,2.736262141062936,2.7634518883670887,2.7634518883670887,2.736262141062936,1.8011275212914322
400.0,79.26,46.104,4.026,5.553,3348.006,5.332110018547467,5.3326031398100335,5.3326031398100335,5.332110018547467,18.124836514206063,18.126115693410576,18.126115693410576,18.124836514206063,2.496615362717227,2.4387011773647984,2.4387011773647984,2.496615362717227,2.735702161480269,2.769656979063576,2.769656979063576,2.735702161480269,2.1202077259272376
400.0,79.487,24.54,5.949,5.28,740.453,5.473557358328776,5.474227884057919,5.474227884057919,5.473557358328776,18.648542569107114,18.65144403926886,18.65144403926886,18.648542569107114,2.635722759953268,2.5311281704126576,2.5311281704126576,2.635722759953268,2.7885745433690614,2.849880003584557,2.849880003584557,2.7885745433690614,9.51929136138916
400.0,79.646,79.439,4.827,5.074,4670.476,5.377308520779981,5.377601281240086,5.377601281240086,5.377308520779981,18.324826692609896,18.325145306459827,18.325145306459827,18.324826692609896,2.537575594688074,2.5016689284660028,2.5016689284660028,2.537575594688074,2.7715031141578383,2.7925865404312438,2.7925865404312438,2.7715031141578383,1.5193456559672462
400.0,79.787,59.641,2.924,3.116,4408.582,5.3091928481155835,5.309388690538686,5.309388690538686,5.3091928481155835,18.240701883061345,18.237309958977864,18.237309958977864,18.240701883061345,2.4972413738062973,2.451447317346552,2.451447317346552,2.4972413738062973,2.7468673253156606,2.775064171794916,2.775064171794916,2.7468673253156606,1.609562017838606
400.0,79.907,63.641,4.569,3.711,3889.18,5.360619519234216,5.360997302987225,5.360997302987225,5.360619519234216,18.248013508856488,18.24846896739019,18.24846896739019,18.248013508856488,2.521264457733131,2.4775750791500655,2.4775750791500655,2.521264457733131,2.757812531118165,2.7834512518658268,2.7834512518658268,2.757812531118165,1.8239699920707764
400.0,79.981,73.091,3.423,5.559,2454.216,5.400251863391798,5.4005923318325,5.4005923318325,5.400251863391798,18.432365272710047,18.433031259690217,18.433031259690217,18.432365272710047,2.560210935661541,2.521173578186779,2.521173578186779,2.560210935661541,2.7872320011512244,2.809452177550197,2.809452177550197,2.7872320011512244,2.886733700572417
400.0,80.154,83.757,3.08,4.47,354.073,5.819576403125759,5.816520709715647,5.816520709715647,5.819576403125759,20.06973754698748,20.075608967309467,20.075608967309467,20.06973754698748,2.875878734726867,2.8966057159967247,2.8966057159967247,2.875878734726867,3.016563632724359,3.0053503500229723,3.0053503500229723,3.016563632724359,19.52927991145848
400.0,80.185,45.253,2.921,6.294,3471.217,5.3159512907789175,5.316436802646088,5.316436802646088,5.3159512907789175,18.267863100733248,18.27910283972479,18.27910283972479,18.267863100733248,2.508533587838114,2.4494273054268403,2.4494273054268403,2.508533587838114,2.7454718186092495,2.7808280149430096,2.7808280149430096,2.7454718186092495,2.0430847832775165
400.0,80.326,20.556,4.938,5.969,931.348,5.443766490205513,5.444423494977896,5.444423494977896,5.443766490205513,18.537394420345255,18.540084016638342,18.540084016638342,18.537394420345255,2.6191850552859903,2.4982037735624223,2.4982037735624223,2.6191850552859903,2.770165059619553,2.8410335238776807,2.8410335238776807,2.770165059619553,7.576764871868224
400.0,80.432,73.21,3.923,3.541,4155.255,5.3820842921722365,5.382404787946164,5.382404787946164,5.3820842921722365,18.338256458450648,18.338174014773223,18.338174014773223,18.338256458450648,2.5414950988086638,2.502730060348133,2.502730060348133,2.5414950988086638,2.7723144180224795,2.795062790218799,2.795062790218799,2.7723144180224795,1.706078769335853
400.0,80.523,45.543,4.502,6.466,1666.208,5.412099666226728,5.412558497664992,5.412558497664992,5.412099666226942,18.43695111707764,18.438011876109677,18.438011876109677,18.436951117075584,2.570499745675365,2.5106581545664604,2.5106581545664604,2.570499745675365,2.777376810783033,2.8124745084136467,2.8124745084136467,2.777376810783033,4.246107057630329
400.0,80.576,83.929,3.118,2.825,3371.316,5.381987820406176,5.382749333868484,5.382749333868484,5.381987820406176,18.44355422105685,18.44370378783468,18.44370378783468,18.44355422105685,2.5602235152143558,2.525142552635954,2.525142552635954,2.5602235152143558,2.7901913861953407,2.8102902967480023,2.8102902967480023,2.7901913861953407,2.101102926845748
400.0,80.615,38.609,4.744,5.871,991.453,5.468016069066372,5.468566270066585,5.468566270066585,5.468016069066372,18.642567405647267,18.643711266682917,18.643711266682917,18.642567405647267,2.6209319206758734,2.5505583831899474,2.5505583831899474,2.6209319206758734,2.8004131544681536,2.8416783872651283,2.8416783872651283,2.8004131544681536,7.114906514099593
400.0,80.615,53.692,4.635,3.501,2433.795,5.385005236058471,5.385416208370956,5.385416208371081,5.385005236058471,18.335778462456275,18.336316013719166,18.33631601370824,18.335778462456275,2.5442131563738375,2.4929024685303687,2.4929024685303687,2.5442131563738375,2.7668860760943814,2.796979698229936,2.796979698229936,2.7668860760943814,2.909909026129625
400.0,80.667,57.38,3.248,6.263,1302.21,5.439283651378584,5.440371238546846,5.440371238546846,5.439283651378584,18.57738030272068,18.571372390664887,18.571372390664887,18.57738030272068,2.6059250367877,2.5555104499154733,2.5555104499154733,2.6059250367877,2.808484659657798,2.83685497571704,2.83685497571704,2.808484659657798,5.4237291302069375
400.0,80.907,21.676,6.101,4.695,3122.069,5.332842861665935,5.333427327373662,5.333427327373662,5.332842861665935,18.115731978232112,18.117584081638807,18.117584081638807,18.115731978232112,2.519455375540842,2.4064947269220447,2.4064947269220447,2.519455375540842,2.7181683557420886,2.784281593211568,2.784281593211568,2.7181683557420886,2.270112013627993
400.0,80.909,33.886,5.178,4.964,1357.894,5.419506644778688,5.420026306212075,5.420026306212075,5.419506644778688,18.45576683394835,18.457234334334743,18.457234334334743,18.45576683394835,2.582009703536276,2.5040264672376864,2.5040264672376864,2.582009703536276,2.773638709761604,2.819348180815169,2.819348180815169,2.773638709761604,5.204129409195529
400.0,81.034,63.512,6.422,2.637,4251.488,5.378164380221427,5.378500484303661,5.378500484303661,5.378164380221427,18.317668834451805,18.31773732752251,18.31773732752251,18.317668834451805,2.538392190835109,2.4943542644259677,2.4943542644259677,2.538392190835109,2.7678334935462487,2.793668210190678,2.793668210190678,2.7678334935462487,1.6666959287883691
400.0,81.062,14.999,3.711,3.057,995.371,5.426352801319717,5.427063002934694,5.427063002934694,5.426352801319717,18.463874778695416,18.466422533395384,18.466422533395384,18.463874778695416,2.619727126667644,2.462897695103959,2.462897695103959,2.619727126667644,2.7499008404033325,2.8416986288064185,2.8416986288064185,2.7499008404033325,7.087635858380475
400.0,81.151,33.656,5.089,4.908,2724.84,5.36471534196815,5.365215489613044,5.365215489613044,5.36471534196815,18.24798559997968,18.24912821301487,18.24912821301487,18.24798559997968,2.5345761316404705,2.4571609451076517,2.4571609451076517,2.5345761316404705,2.7470454856937088,2.7923979571122017,2.7923979571122017,2.7470454856937088,2.5992660010213497
400.0,81.287,16.666,3.16,4.126,1319.062,5.3742819481223885,5.374893633275557,5.374893633275557,5.3742819481223885,18.347048355367743,18.35586452502116,18.35586452502116,18.347048355367743,2.5857891366489105,2.442848792427355,2.442848792427355,2.5857891366489105,2.7445720839165832,2.8259192015983814,2.8259192015983814,2.7445720839165832,5.355941176900359
400.0,81.43,47.24,5.125,3.486,4067.388,5.367142116003515,5.3675481393605065,5.3675481393605065,5.367142116003515,18.26604155502731,18.26649452798461,18.26649452798461,18.26604155502731,2.531119724592314,2.473819441028738,2.473819441028738,2.531119724592314,2.756497106358815,2.7900868104961094,2.7900868104961094,2.756497106358815,1.7417660752798794
400.0,81.523,33.897,3.402,3.44,4984.331,5.329911952098766,5.3304369647893095,5.3304369647893095,5.329911952098766,18.16867774375504,18.1396758341422,18.1396758341422,18.16867774375504,2.5083621535740104,2.431862618282164,2.431862618282164,2.5083621535740104,2.730413067778137,2.7807156869123006,2.7807156869123006,2.730413067778137,1.42183206597807
400.0,81.768,59.772,4.505,4.138,3771.934,5.399241163321805,5.39956041553904,5.39956041553904,5.399241163321805,18.399913298208585,18.399987164006728,18.399987164006728,18.399913298208585,2.558891969105556,2.512094075245812,2.512094075245812,2.558891969105556,2.778576202732735,2.8060267396406515,2.8060267396406515,2.778576202732735,1.8767992709688333
400.0,81.855,56.678,4.418,3.954,4390.512,5.389472232503072,5.389789066070211,5.389789066070211,5.389472232503072,18.36018142490861,18.360446755043597,18.360446755043597,18.36018142490861,2.5505344594916584,2.501583795391197,2.501583795391197,2.5505344594916584,2.7725847406670634,2.801296539271165,2.801296539271165,2.7725847406670634,1.6127418176079316
400.0,81.922,35.173,5.485,5.812,2397.638,5.395792939186279,5.396258536945163,5.396258536943972,5.395792939186279,18.37206926479468,18.37293709467488,18.37293709469602,18.37206926479468,2.562957915238655,2.487899949093612,2.487899949093612,2.562957915238655,2.765089197084606,2.8090695172954,2.8090695172954,2.765089197084606,2.950449044721564
400.0,81.991,34.33,5.149,5.734,4563.828,5.363856464978585,5.364317716365294,5.364317716365294,5.363856464978585,18.250011509174392,18.25077585556881,18.25077585556881,18.250011509174392,2.53552571169178,2.4594452555108006,2.4594452555108006,2.53552571169178,2.748922446119077,2.7934893838087875,2.7934893838087875,2.748922446119077,1.5520105250118523
400.0,82.048,99.536,5.495,6.398,3602.479,5.480091711146423,5.4802221608670045,5.4802221608670045,5.480091711146423,18.73956707624088,18.738523882813308,18.738523882813308,18.73956707624088,2.6338638199781648,2.603644619481982,2.603644619481982,2.6338638199781648,2.8318778155529825,2.8496242320961924,2.8496242320961924,2.8318778155529825,1.9618803872988575
400.0,82.172,30.009,3.495,3.027,3726.791,5.350894492280355,5.351418098509637,5.351418098509637,5.350894492280355,18.214613471087063,18.215328357300265,18.215328357300265,18.214613471087063,2.528662723945067,2.4430668887418223,2.4430668887418223,2.528662723945067,2.743521665500957,2.7923615647880755,2.7923615647880755,2.743521665500957,1.89959128863864
400.0,82.212,28.097,4.571,4.942,1504.767,5.427887325207952,5.428383514338689,5.428383514338689,5.427887325207952,18.48737852832716,18.48878637530268,18.48878637530268,18.48737852832716,2.59670154180654,2.504510389489212,2.504510389489212,2.59670154180654,2.7746592141058466,2.8286721389832823,2.8286721389832823,2.7746592141058466,4.692025262622919
400.0,82.232,27.88,4.976,5.888,2467.359,5.389900330184274,5.390390112899299,5.390390112899299,5.389900330184274,18.34527191190088,18.346502586271367,18.346502586271367,18.34527191190088,2.564468159498745,2.4724992424712964,2.4724992424712964,2.564468159498745,2.7564708194566303,2.8103376915041927,2.8103376915041927,2.7564708194566303,2.8667122928621085
400.0,82.644,70.025,4.639,5.644,2559.576,5.462342034856856,5.462585532795329,5.462585532795329,5.462342034856856,18.65120848903092,18.65075544284777,18.65075544284777,18.65120848903092,2.615550562687962,2.5742092787839943,2.5742092787839943,2.615550562687962,2.8151130937148423,2.839371097587446,2.839371097587446,2.8151130937148423,2.759389293603526
400.0,82.779,21.238,3.208,4.164,3251.778,5.342487618069796,5.34299788008614,5.34299788008614,5.342487618069796,18.22805672790735,18.235694020776496,18.235694020776496,18.22805672790735,2.5489619648797257,2.43309712790169,2.43309712790169,2.5489619648797257,2.7393747445018755,2.8053897617624375,2.8053897617624375,2.7393747445018755,2.17541182821944
400.0,83.033,91.406,3.519,3.682,1918.849,5.507306539176144,5.507462658451005,5.507462658451005,5.507306539176144,18.92486039786465,18.901414694116227,18.901414694116227,18.92486039786465,2.661222564621553,2.628149961289157,2.628149961289157,2.661222564621553,2.8524359287577865,2.8712082272994017,2.8712082272994017,2.8524359287577865,3.6722032419394335
400.0,83.23,67.956,3.563,4.42,2269.887,5.466476318010064,5.4667063162184135,5.4667063162184135,5.466476318010064,18.704192586604798,18.70396863428174,18.70396863428174,18.704192586604798,2.6230080538835985,2.5803891202332667,2.5803891202332667,2.6230080538835985,2.824609634960211,2.848819958071884,2.848819958071884,2.824609634960211,3.1082540942939234
400.0,83.835,62.151,2.853,3.497,4700.604,5.3846360406002285,5.384942298655908,5.384942298655908,5.3846360406000064,18.794921671598043,18.789890926833536,18.789890926833536,18.794921671693725,2.5842602307302784,2.5384695887635416,2.5384695887635416,2.5842602307302784,2.7929704476888775,2.8184428804104247,2.8184428804104247,2.7929704476888775,1.5027069492016467
400.0,83.877,21.511,2.93,4.5,1796.146,5.3864045476701605,5.38707604447291,5.38707604447291,5.3864045476701605,18.66244762804652,18.664530443575845,18.664530443575845,18.66244762804652,2.6049148765724635,2.4884081852870743,2.4884081852870743,2.6049148765724635,2.7736191215287143,2.839843423991916,2.839843423991916,2.7736191215287143,3.9266362592125046
400.0,84.263,44.664,6.226,4.39,3934.903,5.432297904791001,5.4326105135990765,5.4326105135990765,5.432297904791001,18.52337961569895,18.523145489309897,18.523145489309897,18.52337961569895,2.594241286859244,2.532805639822839,2.532805639822839,2.594241286859244,2.792025386368524,2.828027847055302,2.828027847055302,2.792025386368524,1.79450974944413
400.0,84.292,72.912,6.304,6.033,3878.954,5.485395876276004,5.485552017785745,5.485552017785745,5.485395876276004,18.746092420285574,18.7451533311968,18.7451533311968,18.746092420285574,2.6382019462958084,2.5980266588421785,2.5980266588421785,2.6382019462958084,2.8300552467249758,2.8536234059773617,2.8536234059773617,2.8300552467249758,1.81857364748149
400.0,84.487,79.644,4.961,6.232,1422.466,5.581860037107449,5.578118404967784,5.578118404967784,5.581860037107449,19.10889804762527,19.091320911663505,19.091320911663505,19.10889804762527,2.7084277437778903,2.685345230315995,2.685345230315995,2.7084277437778903,2.8833778161800008,2.896546153409556,2.896546153409556,2.8833778161800008,4.9366340647611935
400.0,84.56,68.367,3.88,4.912,1231.897,5.575172072746015,5.571098926929063,5.571098926929063,5.575172072746015,19.072892187983207,19.05468163098116,19.05468163098116,19.072892187983207,2.702413264904672,2.671310016863735,2.671310016863735,2.702413264904672,2.8747188333821967,2.8925826956564267,2.8925826956564267,2.8747188333821967,5.697738780933731
400.0,84.563,86.552,4.846,4.367,2038.786,5.548009211877223,5.546379983082564,5.546379983082564,5.548009211877223,18.985745858288976,18.977439463086363,18.977439463086363,18.985745858288976,2.687420911804355,2.655812601109364,2.655812601109364,2.687420911804355,2.865009481403132,2.8830441739141244,2.8830441739141244,2.865009481403132,3.4498385219346654
400.0,84.706,45.777,5.865,4.221,4306.749,5.439962724906057,5.440228203264101,5.440228203264101,5.439962724906057,18.554107125791976,18.553951721225918,18.553951721225918,18.554107125791976,2.6011748847094696,2.5409427230003647,2.5409427230003647,2.6011748847094696,2.7969608518725133,2.832265073889775,2.832265073889775,2.7969608518725133,1.6388909001194707
400.0,84.729,87.538,3.458,3.511,561.299,5.752122611757703,5.750743178356792,5.750743178356792,5.752122611757703,19.879855979881608,19.87303170584159,19.87303170584159,19.879855979881608,2.8387372790762377,2.8526874684168035,2.8526874684168035,2.8387372790762377,2.9882509332392164,2.980889751477229,2.980889751477229,2.9882509332392164,12.358676736591708
400.0,84.774,75.333,4.176,3.327,2266.366,5.519246725349034,5.519364528863721,5.519364528863721,5.519246725349034,18.869122206733167,18.868134932071975,18.868134932071975,18.869122206733167,2.665405137269268,2.625971386728964,2.625971386728964,2.665405137269268,2.8463998832197115,2.869541653016684,2.869541653016684,2.8463998832197115,3.105573051544753
400.0,84.877,67.741,3.877,5.102,630.917,5.718045776413229,5.71582966136298,5.71582966136298,5.718045776413229,19.58829359979716,19.57783602185718,19.57783602185718,19.58829359979716,2.7983736172040294,2.798618888455932,2.798618888455932,2.7983736172040294,2.9549670575571767,2.954751455772488,2.954751455772488,2.9549670575571767,11.031664550016796
400.0,84.937,38.075,6.18,4.471,4399.846,5.433331110249761,5.433650600472857,5.433650600472857,5.433331110249761,18.524799301018188,18.52467821793915,18.52467821793915,18.524799301018188,2.598901486566508,2.5280617273920383,2.5280617273920383,2.598901486566508,2.789718323510637,2.8312201705839923,2.8312201705839923,2.789718323510637,1.60415503486664
400.0,84.963,85.604,6.023,5.929,2445.327,5.548841389416048,5.547029413179269,5.547029413179269,5.548841389416048,18.992404440731253,18.983182894445175,18.983182894445175,18.992404440731253,2.6891326053832847,2.6577134921139223,2.6577134921139223,2.6891326053832847,2.8666151619476667,2.884543360493539,2.884543360493539,2.8666151619476667,2.8766194679219814
400.0,85.019,70.865,5.038,3.441,3732.523,5.490512520769484,5.490672732362984,5.490672732362984,5.490512520769484,18.76094355326736,18.75961793507348,18.75961793507348,18.76094355326736,2.6421510410435944,2.6008090159228123,2.6008090159228123,2.6421510410435944,2.8317874369666374,2.856029924584901,2.856029924584901,2.8317874369666374,1.88814176278974
400.0,85.089,21.353,6.178,4.556,2877.138,5.430368565825931,5.430818461844594,5.430818461844594,5.430368565825931,18.50266655485023,18.503235009984355,18.503235009984355,18.50266655485023,2.6143435366285734,2.4971078340826365,2.4971078340826365,2.6143435366285734,2.7720953826906607,2.8407267655427386,2.8407267655427386,2.7720953826906607,2.451583503989354
400.0,85.392,16.549,3.402,6.36,4351.373,5.393397631230075,5.393911815998616,5.393911815998616,5.393397631230075,18.38945201928583,18.39261885559407,18.39261885559407,18.38945201928583,2.6097755163121783,2.4650305616000896,2.4650305616000896,2.6097755163121783,2.7590112910512494,2.84114325977335,2.84114325977335,2.7590112910512494,1.6219844085964132
400.0,85.554,90.893,4.441,5.462,1655.864,5.60568806618665,5.602807658318199,5.602807658318199,5.60568806618665,19.20466510407748,19.1908216513364,19.1908216513364,19.20466510407748,2.7268233771193358,2.7145411447405667,2.7145411447405667,2.7268233771193358,2.9018408525100607,2.90879238099478,2.90879238099478,2.9018408525100607,4.235190655991217
400.0,85.586,26.429,2.927,6.059,2827.448,5.400756984196404,5.401304630167953,5.4013046301679495,5.400756984196404,18.835331888301685,18.836323814449955,18.83632381352787,18.835331888301685,2.6172624342751454,2.519110471702404,2.519110471702404,2.6172624342751454,2.7840415222545305,2.840290618138252,2.840290618138252,2.7840415222545305,2.4926029221480186
400.0,85.874,40.972,2.595,3.495,2429.452,5.406543923537406,5.407243224813329,5.407243224813329,5.406543923537406,19.207125817423087,19.200458377608335,19.200458377608335,19.207125817423087,2.625171477989897,2.557595662449234,2.557595662449234,2.625171477989897,2.8126892812410222,2.8518582913558257,2.8518582913558257,2.8126892812410222,2.897094761346185
400.0,86.148,85.293,5.688,5.808,372.034,6.058492287527566,6.058237340276544,6.058237340276544,6.058492287527566,20.576564730180085,20.58344526409002,20.58344526409002,20.576564730180085,2.9904740628191977,3.0212275365513155,3.0212275365513155,2.9904740628191977,3.1040643410731965,3.085549385172989,3.085549385172989,3.1040643410731965,18.346380960317497
400.0,86.197,48.215,3.172,4.352,2408.872,5.4668623090789525,5.466899318432422,5.466899318432422,5.4668623090789525,18.896787289794432,18.881686181980225,18.881686181980225,18.896787289794432,2.6519733391078466,2.5935738545856317,2.5935738545856317,2.6519733391078466,2.8198526722204997,2.867223468869451,2.867223468869451,2.8198526722204997,2.9199077918491554
400.0,86.274,59.288,3.497,3.292,4800.811,5.469142687724999,5.469270619668353,5.469270619668353,5.469142687724999,17.8693810894454,17.93053934804992,17.93053934804992,17.8693810894454,2.6389034024679523,2.590491795994408,2.590491795994408,2.6389034024679523,2.704163961117711,2.7218855148110577,2.7218855148110577,2.704163961117711,1.4668883604208405
400.0,86.424,65.224,5.659,3.103,989.179,5.645797670943264,5.6429629348538555,5.6429629348538555,5.645797670943264,19.329986063541885,19.316603533149,19.316603533149,19.329986063541885,2.7514286666531014,2.7365430782127587,2.7365430782127587,2.7514286666531014,2.916447960643492,2.924971153745878,2.924971153745878,2.916447960643492,7.0621789440828096
400.0,86.473,53.141,3.574,4.836,2994.852,5.494379533633143,5.494633615050157,5.494633615050157,5.494379533633143,18.20084984088809,18.230511126378964,18.230511126378964,18.20084984088809,2.659002098454722,2.6050800164853234,2.6050800164853234,2.659002098454722,2.744126001193933,2.7695856956302856,2.7695856956302856,2.744126001193933,2.34877079408525
400.0,86.55,71.292,4.352,3.775,3638.197,5.5292160691349,5.529266983351979,5.529266983351979,5.5292160691349,18.90927412296509,18.908066423159116,18.908066423159116,18.90927412296509,2.6764403631057663,2.6348334069314574,2.6348334069314574,2.6764403631057663,2.8528384153915893,2.8772470891546287,2.8772470891546287,2.8528384153915893,1.9327068145906392
400.0,86.966,75.256,6.347,4.333,4354.02,5.542703176676298,5.541871529605634,5.541871529605634,5.542703176676298,18.96519683706152,18.95993427186918,18.95993427186918,18.96519683706152,2.6872548276813815,2.648670546475214,2.648670546475214,2.6872548276813815,2.862266680421736,2.8843549744614627,2.8843549744614627,2.862266680421736,1.6142464915324866
400.0,87.149,85.183,5.45,3.413,2332.049,5.597514872656451,5.594536501947952,5.594536501947952,5.597514872656451,19.17192286713949,19.157726376606533,19.157726376606533,19.17192286713949,2.72190927875004,2.705804108440204,2.705804108440204,2.72190927875004,2.8972920712029397,2.906438233643071,2.906438233643071,2.8972920712029397,3.0058690585489645
400.0,87.367,18.549,2.834,5.713,1375.226,5.476068128169161,5.476809209948846,5.476809209948846,5.476068128169161,19.269651408582668,19.269752613760847,19.269752613760847,19.269651408582668,2.707610485610445,2.571973976854391,2.571973976854391,2.707610485610445,2.827377983259318,2.904970989539076,2.904970989539076,2.827377983259318,5.0983233389802685
400.0,87.401,27.207,4.902,5.589,826.215,5.650388135568733,5.646787758456217,5.646787758456217,5.650388135568733,19.32799978625125,19.31158100335863,19.31158100335863,19.32799978625125,2.7710730268314703,2.705287809367319,2.705287809367319,2.7710730268314703,2.8993264622707327,2.9375910904240103,2.9375910904240103,2.8993264622707327,8.442353002483141
400.0,87.487,17.674,6.467,5.801,415.228,5.866376023493316,5.862115884249588,5.862115884249588,5.866376023493316,20.04297444962931,20.02068920012747,20.02068920012747,20.04297444962931,2.915595086754531,2.857473258863172,2.857473258863172,2.915595086754531,2.998772135719375,3.031236235267296,3.031236235267296,2.998772135719375,16.578084731597116
400.0,87.497,15.975,6.052,4.91,2602.795,5.485261776149378,5.485683724751147,5.485683724751147,5.485261776149378,18.713416953535702,18.713856912641656,18.713856912641656,18.713416953535702,2.680046130025436,2.5286277464975337,2.5286277464975337,2.680046130025436,2.7920949700076694,2.8807296030393856,2.8807296030393856,2.7920949700076694,2.7013258433096863
400.0,87.912,44.603,5.112,4.772,1695.32,5.581485333445182,5.577558961651799,5.577558961651799,5.581485333445182,19.08977215896804,19.071901202059045,19.071901202059045,19.08977215896804,2.714913822955937,2.66496887976048,2.66496887976048,2.714913822955937,2.87351366497156,2.902386752972347,2.902386752972347,2.87351366497156,4.132200375320936
400.0,88.044,82.468,2.92,6.393,3544.128,5.532585676606963,5.529093726871049,5.529093726871049,5.532585676606963,19.48471492776376,19.470505368387865,19.470505368387865,19.48471492776376,2.713245926935917,2.695024925975817,2.695024925975817,2.713245926935917,2.9006498419764246,2.9108845304395063,2.9108845304395063,2.9006498419764246,1.978077089999844
400.0,88.419,35.501,6.445,3.01,635.214,5.745193162247326,5.742417252716841,5.742417252716841,5.745193162247326,19.66909510505921,19.65627002939569,19.65627002939569,19.66909510505921,2.824187996568241,2.8011111838377145,2.8011111838377145,2.824187996568241,2.959987293173329,2.9733940778085377,2.9733940778085377,2.959987293173329,10.913536943824065
400.0,88.465,80.568,5.185,5.167,681.96,5.819858209557669,5.81875743855912,5.81875743855912,5.819858209557669,19.958376472599912,19.946382677788048,19.946382677788048,19.958376472599912,2.8722032991961792,2.889741804366234,2.889741804366234,2.8722032991961792,3.0166374460759826,3.0046517251871183,3.0046517251871183,3.0166374460759826,10.134890771181926
400.0,88.615,90.29,5.592,4.668,1166.359,5.7257998570682735,5.724588325619323,5.724588325619323,5.7257998570682735,19.639667258118017,19.63249351833357,19.63249351833357,19.639667258118017,2.811953780300043,2.820638724487167,2.820638724487167,2.811953780300043,2.9711784368902614,2.9660422184103834,2.9660422184103834,2.9711784368902614,5.96376660357799
400.0,88.748,40.992,5.04,2.995,980.296,5.663770439506742,5.660694868663905,5.660694868663905,5.663770439506742,19.383492550348763,19.369301417946524,19.369301417946524,19.383492550348763,2.769784421864802,2.7370392350170563,2.7370392350170563,2.769784421864802,2.91900589005976,2.937990392756614,2.937990392756614,2.91900589005976,7.108023887403476
400.0,88.825,78.442,4.142,5.29,3083.503,5.614709163913489,5.612020792420461,5.612020792420461,5.614709163913489,19.235529676836062,19.222320082165545,19.222320082165545,19.235529676836062,2.735626642020332,2.721102633793045,2.721102633793045,2.735626642020332,2.908150463382754,2.916408228551059,2.916408228551059,2.908150463382754,2.270085341325352
400.0,89.727,54.82,4.416,5.276,3795.487,5.587434439034495,5.584088132965575,5.584088132965575,5.587434439034495,19.123748888842183,19.107562089547056,19.107562089547056,19.123748888842183,2.719202409597408,2.682703494480032,2.682703494480032,2.719202409597408,2.885304827864958,2.9063462618878275,2.9063462618878275,2.885304827864958,1.8451230053676664
400.0,89.781,43.012,3.815,5.719,1446.355,5.630120150806124,5.627074527965002,5.627074527965002,5.630120150806124,19.33781749934573,19.316179714048427,19.316179714048427,19.33781749934573,2.7567793187018057,2.721750144696105,2.721750144696105,2.7567793187018057,2.915791034111934,2.933423325202667,2.933423325202667,2.915791034111934,4.824292240426855
400.0,90.105,78.845,6.179,6.249,1586.308,5.710122577628398,5.708616533175249,5.708616533175249,5.710122577628398,19.582435769506425,19.57374103124695,19.57374103124695,19.582435769506425,2.801969879200504,2.805782850718898,2.805782850718898,2.801969879200504,2.9629495129086774,2.960627152070518,2.960627152070518,2.9629495129086774,4.387109007664068
400.0,90.448,58.915,5.997,5.026,2564.318,5.6354255613748405,5.632728361010232,5.632728361010232,5.6354255613748405,19.301880467293,19.288429685303456,19.288429685303456,19.301880467293,2.7511682256008,2.7305776482981776,2.7305776482981776,2.7511682256008,2.915608209896288,2.927441942240039,2.927441942240039,2.915608209896288,2.723528818282433
400.0,90.455,40.932,5.907,4.992,3890.722,5.581516779921137,5.577814769800092,5.577814769800092,5.581516779921137,19.09503538160172,19.07780924203645,19.07780924203645,19.09503538160172,2.7202073041964123,2.665738906860286,2.665738906860286,2.7202073041964123,2.875729954861842,2.907241256470147,2.907241256470147,2.875729954861842,1.799330281270524
400.0,90.465,85.705,4.527,5.644,1859.658,5.710618949239676,5.709307605513908,5.709307605513908,5.710618949239676,19.587194390039432,19.579331626001128,19.579331626001128,19.587194390039432,2.8033477818050754,2.809168358557147,2.809168358557147,2.8033477818050754,2.965129430904012,2.9616363004366546,2.9616363004366546,2.965129430904012,3.7420333289751224
400.0,90.887,51.722,6.268,5.46,3480.0,5.6179443965556075,5.614943788105053,5.614943788105053,5.6179443965556075,19.235765825936664,19.22132144727608,19.22132144727608,19.235765825936664,2.7414202684459656,2.7104579796468973,2.7104579796468973,2.7414202684459656,2.9035047778806646,2.921365708967908,2.921365708967908,2.9035047778806646,2.0083465310362425
400.0,91.012,48.639,3.711,4.371,976.717,5.7130689262156125,5.710796098025027,5.710796098025027,5.7130689262156125,19.67331892344597,19.01421731876406,19.01421731876406,19.67331892344597,2.8171918176938657,2.809538570413748,2.809538570413748,2.8171918176938657,2.8598929714534687,2.969901450690664,2.969901450690664,2.8598929714534687,7.1000887741643535
400.0,91.399,47.804,3.223,2.593,4317.93,5.5430667245932765,5.539682329475569,5.539682329475569,5.5430667245932765,19.330517000057245,19.3128404478642,19.3128404478642,19.330517000057245,2.719640554427974,2.6775106472853687,2.6775106472853687,2.719640554427974,2.890260463268827,2.914134250082248,2.914134250082248,2.890260463268827,1.61910364650391
400.0,91.407,35.984,2.763,6.375,1979.026,5.553796256288753,5.55015214516979,5.55015214516979,5.553796256288753,19.860262350222225,19.848146130939558,19.848146130939558,19.860262350222225,2.7474358987604863,2.699577642061157,2.699577642061157,2.7474358987604863,2.90234074256949,2.930218268793257,2.930218268793257,2.90234074256949,3.5244068448278214
400.0,91.733,27.419,6.302,3.912,1308.461,5.675075935491239,5.671982394089944,5.671982394089944,5.675075935491239,19.42381943937211,19.40929134613306,19.40929134613306,19.42381943937211,2.7913161733549896,2.7335410818825334,2.7335410818825334,2.7913161733549896,2.919731764252578,2.953331962781695,2.953331962781695,2.919731764252578,5.316072220004373
400.0,91.787,73.768,4.584,3.775,3872.135,5.665014076002648,5.663048707616087,5.663048707616087,5.665014076002648,19.41708110782481,19.4067942842143,19.4067942842143,19.41708110782481,2.7718710067999845,2.7663319933467103,2.7663319933467103,2.7718710067999845,2.9385732396998905,2.9416575133096385,2.9416575133096385,2.9385732396998905,1.8003293628555883
400.0,91.906,95.14,3.555,3.404,2947.015,5.678211315565431,5.677125251108143,5.677125251108143,5.678211315565431,19.616303842584845,19.607588192510047,19.607588192510047,19.616303842584845,2.804708080195701,2.813037141123175,2.813037141123175,2.804708080195701,2.9722841972448326,2.965601461071939,2.965601461071939,2.9722841972448326,2.359406170317079
400.0,92.05,49.247,3.618,5.799,4036.524,5.601608975127234,5.598698143283841,5.598698143283841,5.601608975127234,19.267502406888905,19.25219314885295,19.25219314885295,19.267502406888905,2.749046439488551,2.7189432631581334,2.7189432631581334,2.749046439488551,2.915574994024084,2.9303491356219498,2.9303491356219498,2.915574994024084,1.729195575447562
400.0,92.123,63.664,6.385,2.996,2636.087,5.676099762857232,5.674010000188067,5.674010000188067,5.676099762857232,19.45010243500665,19.439419728762516,19.439419728762516,19.45010243500665,2.7787944757464453,2.7704241262331317,2.7704241262331317,2.7787944757464453,2.941585569062114,2.946347743293191,2.946347743293191,2.941585569062114,2.641342080046202
400.0,92.151,25.074,4.066,6.321,1591.451,5.658910975236613,5.655816844584784,5.655816844584784,5.658910975236613,19.3837226813498,19.368646997822328,19.368646997822328,19.3837226813498,2.7881245155152494,2.719653394809012,2.719653394809012,2.7881245155152494,2.9116223561092807,2.9514647927613975,2.9514647927613975,2.9116223561092807,4.374073066209338
400.0,92.28,54.834,5.147,3.837,1317.024,5.736765456687059,5.734916544517187,5.734916544517187,5.736765456687059,19.660151323361333,19.65044896300579,19.65044896300579,19.660151323361333,2.8189295903760345,2.816223545989047,2.816223545989047,2.8189295903760345,2.971494222774121,2.9729936688189,2.9729936688189,2.971494222774121,5.265447635299678
400.0,92.281,83.123,4.951,5.361,3977.0,5.701340184216836,5.700018005205259,5.700018005205259,5.701340184216836,19.556350745408952,19.54820228455037,19.54820228455037,19.556350745408952,2.798877304610638,2.8028834874015494,2.8028834874015494,2.798877304610638,2.9623054744755737,2.9598565504471535,2.9598565504471535,2.9623054744755737,1.7498105449931751
400.0,92.511,62.747,5.339,5.793,3990.175,5.6733256436718005,5.671221755465422,5.671221755465422,5.6733256436718005,19.44526335409637,19.434501776064234,19.434501776064234,19.44526335409637,2.7788739864805487,2.769560678931178,2.769560678931178,2.7788739864805487,2.9415989014021786,2.946913207910385,2.946913207910385,2.9415989014021786,1.745890197528324
400.0,92.614,41.168,2.529,3.239,1010.224,5.6439371665446485,5.6408593308499535,5.6408593308499535,5.6439371665446485,19.95980716987158,19.885957103159008,19.885957103159008,19.95980716987158,2.8134559581108767,2.8006481326416965,2.8006481326416965,2.8134559581108767,2.8171588558454888,2.836073140561105,2.836073140561105,2.8171588558454888,6.851368337398973
400.0,93.144,36.62,6.034,4.876,957.232,5.784663484678526,5.782543528983983,5.782543528983983,5.784663484678526,19.82002370112548,19.80903936886773,19.80903936886773,19.82002370112548,2.854776783547796,2.8421982463692608,2.8421982463692608,2.854776783547796,2.98994209866648,2.997226575670346,2.997226575670346,2.98994209866648,7.217204137313269
400.0,93.33,69.597,2.686,5.466,746.684,5.8096367489390826,5.808280409138364,5.808280409138364,5.8096367489390826,21.16439351070768,21.16186713928776,21.16186713928776,21.16439351070768,2.911258292569594,2.9353260247202324,2.9353260247202324,2.911258292569594,3.0541381843923787,3.039420678213681,3.039420678213681,3.0541381843923787,9.185346240525313
400.0,93.393,49.088,3.252,3.718,3137.807,5.609402469028604,5.606612845847933,5.606612845847933,5.609402469029209,19.64311104397972,19.625462541500752,19.625462541500752,19.64311104305576,2.768590421353943,2.746944806002403,2.746944806002403,2.768590421353943,2.9342050556355703,2.9447379065447685,2.9447379065447685,2.9342050556355703,2.2180679917453654
400.0,93.468,57.475,5.385,3.147,1509.118,5.752535918140403,5.750956697694207,5.750956697693915,5.752535918140403,19.71768390053693,19.708981254440605,19.70898125302064,19.71768390053693,2.830073529202981,2.83188335422308,2.83188335422308,2.830073529202981,2.9822815111467347,2.9811614785542075,2.9811614785542075,2.9822815111467347,4.5889172196644346
400.0,93.48,40.829,3.378,6.155,3428.287,5.611527924308559,5.608418994530513,5.608418994530513,5.611527924308559,19.54688136455158,19.52919709025544,19.52919709025544,19.54688136455158,2.769855732050337,2.7370055862903158,2.7370055862903158,2.769855732050337,2.9267284136532985,2.9435740582137173,2.9435740582137173,2.9267284136532985,2.0311087143235254
400.0,93.776,35.519,3.182,4.914,2876.384,5.599819315824115,5.5966035253736655,5.5966035253736655,5.599819315824115,19.713491097673987,19.7035126099995,19.7035126099995,19.713491097673987,2.7713090093575814,2.7298870193994023,2.7298870193994023,2.7713090093575814,2.914986814661292,2.9396037290318007,2.9396037290318007,2.914986814661292,2.4192876375169003
400.0,94.301,99.194,6.037,4.515,4072.131,5.781258378753868,5.781037940992766,5.781037940992766,5.781258378753868,19.84859390267804,19.840148971797003,19.840148971797003,19.84859390267804,2.8576922278035024,2.8739978093399805,2.8739978093399805,2.8576922278035024,3.009846501191832,2.998098477750093,2.998098477750093,3.009846501191832,1.6997210284729554
400.0,94.398,34.191,5.704,3.519,419.953,6.141186505241016,6.139571914640057,6.139571914640057,6.141186505242595,20.77326104719534,20.778318430496824,20.778318430496824,20.773261042818795,3.0267715598953693,3.0546812198887565,3.0546812198887565,3.0267715598953693,3.1348775234489668,3.117682569177416,3.117682569177416,3.1348775234489668,16.092518225168245
400.0,94.416,53.558,5.829,3.153,4400.074,5.690887008924243,5.688860196127918,5.688860196127918,5.690887008924447,19.501318747431892,19.490271493862764,19.490271493862764,19.501318747817106,2.79165285040324,2.7796616836007533,2.7796616836007533,2.79165285040324,2.9493386626747986,2.956199865821844,2.956199865821844,2.9493386626747986,1.5795144773074712
400.0,94.493,95.897,5.049,3.967,2537.235,5.804990933219331,5.80482008166328,5.80482008166328,5.804990933219331,19.926621289598398,19.918885668686137,19.918885668686137,19.926621289598398,2.8723320308810827,2.8904975857536144,2.8904975857536144,2.8723320308810827,3.0209150738456216,3.0081434195500494,3.0081434195500494,3.0209150738456216,2.7226953284020867
400.0,94.735,58.029,6.301,4.121,2477.022,5.7442685967575695,5.742775532788246,5.742775532788246,5.7442685967575695,19.693840414742542,19.68491313457436,19.68491313457436,19.693840414742542,2.826734675339208,2.8276953312080697,2.8276953312080697,2.826734675339208,2.9805246753404617,2.9798709660175056,2.9798709660175056,2.9805246753404617,2.7968925430825204
400.0,94.784,57.956,5.76,5.027,2011.426,5.767184424496741,5.765824675154158,5.765824675154158,5.767184424496741,19.775325766691065,19.767142358280825,19.767142358280825,19.775325766691065,2.8420073786114046,2.8466066446863048,2.8466066446863048,2.8420073786114046,2.9929968304223418,2.99024276085502,2.99024276085502,2.9929968304223418,3.4396051367423333
400.0,94.992,53.788,5.03,5.496,4785.445,5.7128810639450585,5.711042360741792,5.711042360741792,5.7128810639450585,19.58342436250848,19.573416173846056,19.573416173846056,19.58342436250848,2.8075748522534263,2.800204601861072,2.800204601861072,2.8075748522534263,2.9631437229291326,2.967335902431412,2.967335902431412,2.9631437229291326,1.4506497312972917
400.0,95.047,53.974,6.189,3.418,1438.238,5.79662824435217,5.795324162851649,5.795324162851649,5.79662824435217,19.872267310932493,19.859238523225493,19.859238523225493,19.872267310932493,2.860173142102039,2.866982325878171,2.866982325878171,2.860173142102039,3.0066299104428342,3.0005959977741647,3.0005959977741647,3.0066299104428342,4.798509099657966
400.0,95.053,44.919,5.025,4.374,2711.301,5.722784240138131,5.720740330066169,5.720740330066169,5.722784240138131,19.610934167521872,19.60026426378611,19.60026426378611,19.610934167521872,2.814699700393088,2.8011545394912725,2.8011545394912725,2.814699700393088,2.9640517221278446,2.971856536815504,2.971856536815504,2.9640517221278446,2.557456455472599
400.0,95.128,34.506,5.679,3.519,4298.623,5.678245260611035,5.675646495151663,5.675646495151663,5.678245260611035,19.44631581942934,19.433262115276108,19.433262115276108,19.44631581942934,2.790881003038968,2.752004962259172,2.752004962259172,2.790881003038968,2.9330511839931384,2.955614740432308,2.955614740432308,2.9330511839931384,1.6167775823015025
400.0,95.227,74.269,3.7,4.979,3893.702,5.719279682793211,5.71822508807212,5.71822508807212,5.719279682793211,19.765693831582823,19.7590074917725,19.7590074917725,19.765693831582823,2.8337254584302087,2.8432581092764804,2.8432581092764804,2.8337254584302087,2.9915244412186195,2.986266364773256,2.986266364773256,2.9915244412186195,1.7784088428009577
400.0,95.433,37.141,3.103,3.428,3210.262,5.620288281644205,5.617411890547204,5.617411890547204,5.620288281644205,19.9140583712104,19.89570559827775,19.89570559827775,19.9140583712104,2.7895807348158854,2.7590125202516327,2.7590125202516327,2.7895807348158854,2.945995479958848,2.961293956470234,2.961293956470234,2.945995479958848,2.16202739168578
400.0,95.468,55.033,3.41,4.961,1698.806,5.730106714897912,5.7286525919449005,5.7286525919449005,5.730106714897912,20.05702333921175,20.04088199269177,20.04088199269177,20.05702333921175,2.849515441379757,2.8554345754842294,2.8554345754842294,2.849515441379757,3.0032607777268354,2.998239692484555,2.998239692484555,3.0032607777268354,4.064710196612061
400.0,95.516,44.259,5.825,2.635,1396.63,5.791347535950344,5.7897256000829564,5.7897256000829564,5.791347535950344,19.847579702924666,19.832939025837728,19.832939025837728,19.847579702924666,2.8578029493191432,2.856207494439908,2.856207494439908,2.8578029493191432,3.00019229463383,2.9990527867233054,2.9990527867233054,3.00019229463383,4.940328266506145
400.0,95.521,71.643,4.461,3.459,1874.644,5.809172601567285,5.80849201812595,5.80849201812595,5.809172601567285,19.925135578181397,19.9152200170434,19.9152200170434,19.925135578181397,2.870061082793235,2.8854543746504246,2.8854543746504246,2.870061082793235,3.018635032318625,3.0075195804372785,3.0075195804372785,3.018635032318625,3.6793830513367025
400.0,95.593,74.496,6.203,5.819,1492.32,5.864519502643648,5.864041611580178,5.864041611580178,5.864519502643648,20.098495112287715,20.095985320966843,20.095985320966843,20.098495112287715,2.903536422312452,2.9244619914010146,2.9244619914010146,2.903536422312452,3.045030086861584,3.032569419103881,3.032569419103881,3.045030086861584,4.608998554966688
400.0,95.606,96.331,3.711,4.57,3285.345,5.775726942333059,5.775553434671392,5.775553434671392,5.775726942333059,20.03256429087852,20.02757746258218,20.02757746258218,20.03256429087852,2.877371642153704,2.8964513927501683,2.8964513927501683,2.877371642153704,3.0275817586934526,3.017046120934898,3.017046120934898,3.0275817586934526,2.1003228960729974
400.0,95.614,39.704,4.946,3.78,1529.283,5.778049644555376,5.776197154732046,5.776197154732046,5.778049644555376,19.800317028385948,19.79007900510425,19.79007900510425,19.800317028385948,2.8512786228193487,2.8421431479425854,2.8421431479425854,2.8512786228193487,2.9912663491146194,2.996531216255243,2.996531216255243,2.9912663491146194,4.515759914526211
400.0,95.777,16.508,6.092,6.11,2622.968,5.701411912269276,5.698464503119829,5.698464503119829,5.701411912269276,19.523780003038695,19.50944385461148,19.50944385461148,19.523780003038695,2.836275658024868,2.7343867992861655,2.7343867992861655,2.836275658024868,2.924861310128388,2.984237092179653,2.984237092179653,2.924861310128388,2.6449054381425703
400.0,95.863,19.983,2.565,4.205,3716.149,5.561368873484072,5.557650867526927,5.557650867526927,5.561368873484072,20.480706728759447,20.461413484944327,20.461413484944327,20.480706728759447,2.789053981096465,2.700694446514172,2.700694446514172,2.789053981096465,2.90736423707482,2.9543729688291305,2.9543729688291305,2.90736423707482,1.8690380803710465
400.0,96.441,51.185,3.763,4.282,4854.631,5.6984353069207305,5.696665347103118,5.696665347103118,5.6984353069207305,19.6638697141882,19.654311264149737,19.654311264149737,19.6638697141882,2.8192723457957003,2.8138830828498937,2.8138830828498937,2.8192723457957003,2.974191850691708,2.9773314726719207,2.9773314726719207,2.974191850691708,1.4267357610551292
400.0,96.515,77.645,5.984,4.479,3831.103,5.80450684492516,5.804057320046613,5.804057320046613,5.80450684492516,19.91821925817932,19.90901029038637,19.90901029038637,19.91821925817932,2.870164638173426,2.886366857197023,2.886366857197023,2.870164638173426,3.01997839642077,3.0082771860022826,3.0082771860022826,3.01997839642077,1.8013621319224309
400.0,96.854,51.501,5.534,5.297,4572.608,5.760553257497548,5.759077522582184,5.759077522582184,5.760553257497548,19.75214125036888,19.743461148956104,19.743461148956104,19.75214125036888,2.840263998044537,2.8399318855118727,2.8399318855118727,2.840263998044537,2.9902940521305417,2.990410770871518,2.990410770871518,2.9902940521305417,1.5125802564569422
400.0,97.087,25.926,5.839,2.565,1608.954,5.781900294242276,5.779654348247327,5.779654348247327,5.781900294240896,19.80638797770611,19.79431632876128,19.79431632876128,19.806387980468354,2.8646470519569487,2.8282332787174256,2.8282332787174256,2.8646470519569487,2.9842856953429693,3.005465436706648,3.005465436706648,2.9842856953429693,4.286612077180383
400.0,97.513,62.304,5.744,3.926,375.266,6.433449360509076,6.43402248746748,6.43402248746748,6.433449360509076,21.49069650063224,21.51974058434759,21.51974058434759,21.49069650063224,3.159252680092459,3.208645990859514,3.208645990859514,3.159252680092459,3.248042068872708,3.2164098280772766,3.2164098280772766,3.248042068872708,17.63690248148767
400.0,97.531,98.996,5.663,5.128,2501.092,5.925022516128293,5.925591903671234,5.925591903671234,5.925022516128293,20.27489979873276,20.27664250413558,20.27664250413558,20.27489979873276,2.9421048245586734,2.9671994518479465,2.9671994518479465,2.9421048245586734,3.0750439811788373,3.0600369582626694,3.0600369582626694,3.0750439811788373,2.7402996742530594
400.0,97.698,57.801,3.93,4.957,639.401,6.0738780674203205,6.073628783291634,6.073628783291634,6.0738780674203205,20.82071257043143,20.817393175992905,20.817393175992905,20.82071257043143,3.0183906913171974,3.054047769570126,3.054047769570126,3.0183906913171974,3.1318068511364885,3.10865157675588,3.10865157675588,3.1318068511364885,10.579888271938522
400.0,98.024,90.745,2.683,4.001,554.407,6.12896211083439,6.129217663333658,6.129217663333658,6.12896211083439,22.468361551796164,22.487436689118404,22.487436689118404,22.468361551796164,3.0831858277984527,3.120435911722148,3.120435911722148,3.0831858277984527,3.1832683661105814,3.159391526239813,3.159391526239813,3.1832683661105814,12.081984684223578
400.0,98.187,58.944,4.08,6.387,4396.917,5.788066621745376,5.787160159505483,5.787160159505483,5.788066621745144,19.96042011007999,19.953632213899244,19.953632213899244,19.96042011007967,2.8730213929920927,2.8849033194943394,2.8849033194943394,2.8730213929920927,3.021570252518865,3.014553229732248,3.014553229732248,3.021570252518865,1.56727754604869
400.0,98.436,50.076,5.15,2.713,1849.104,5.852069503755217,5.850761373184574,5.850761373184574,5.852069503755217,20.054510836569637,20.049363677641683,20.049363677641683,20.054510836569637,2.8962829216152826,2.908635743350431,2.908635743350431,2.8962829216152826,3.036800727105116,3.0293506324333523,3.0293506324333523,3.036800727105116,3.7137126452872296
400.0,98.817,26.707,3.177,3.618,878.221,5.85539196364244,5.852569339575132,5.852569339575132,5.85539196364244,20.88233360216574,20.87421888510276,20.87421888510276,20.88233360216574,2.9390986704157447,2.9326649463629035,2.9326649463629035,2.9390986704157447,3.052348884762549,3.0567555644913957,3.0567555644913957,3.052348884762549,7.769997497546979
400.0,99.013,60.117,4.346,6.439,2803.962,5.858148435518796,5.857329568925937,5.857329568925937,5.858148435518796,20.12116314255828,20.118030746735737,20.118030746735737,20.12116314255828,2.907603678300396,2.926440569407085,2.926440569407085,2.907603678300396,3.0493935688553955,3.038135494692586,3.038135494692586,3.0493935688553955,2.448100142588041
400.0,99.418,26.012,5.053,2.772,3392.064,5.784126635726808,5.782039858675128,5.782039858675128,5.784126635726808,19.817849321284257,19.801909168855364,19.801909168855364,19.817849321284257,2.868243941765684,2.8329236109859006,2.8329236109859006,2.868243941765684,2.989069932834016,3.007432927343765,3.007432927343765,2.989069932834016,2.0316055833275115
400.0,99.559,90.762,3.284,4.252,4037.394,5.831767695291839,5.831604298103421,5.831604298103421,5.831767695291839,20.716155267874363,20.71723553518092,20.71723553518092,20.716155267874363,2.9281054221081573,2.9535489696519175,2.9535489696519175,2.9281054221081573,3.066869675870836,3.0564669264747977,3.0564669264747977,3.066869675870836,1.6959710640196797
400.0,99.838,34.329,3.173,6.248,682.491,6.005722785644523,6.004018527050116,6.004018527050116,6.005722785644523,21.38365918431472,21.381259101149887,21.381259101149887,21.38365918431472,3.0072409808501246,3.032855653767733,3.032855653767733,3.0072409808501246,3.122686138313141,3.109549803427957,3.109549803427957,3.122686138313141,9.904532991448841
