z4_0,z4_1,z4_2,z4_3,z4_4,z4_5,z4_6,z4_7,z4_8,z4_9,z4_10,z4_11,z4_12,z4_13,z4_14,z4_15,z4_16,z4_17,z4_18,z4_19,z4_20,z4_21,z4_22,z4_23,z4_24,z4_25,z4_26,z4_27,z4_28,z4_29,z4_30,z4_31
-0.0015400071,0.044037536,0.01344372,0.015614061,-0.030528415,-0.111629196,0.021297976,0.0015544966,0.06451031,0.00063272193,0.024872474,0.011462651,0.010596184,0.006478914,0.14261165,0.05891443,0.013530544,-0.07275806,-0.14682125,0.019488897,0.12583734,0.05998782,-0.11049923,-0.030487776,0.056761336,0.091572426,-0.0076219887,0.036358055,-0.022873165,0.007128639,0.05757636,0.14660266
-0.0017619357,0.0442185,0.013409134,0.016014157,-0.030632805,-0.11126576,0.020629648,0.0013555139,0.064492516,0.00022367202,0.024755605,0.01147826,0.01078918,0.006491336,0.14240313,0.05903189,0.0135812955,-0.073008165,-0.14704525,0.019360121,0.12571645,0.060006592,-0.11057831,-0.030316776,0.057149846,0.09167549,-0.007743109,0.036234707,-0.022450022,0.0073011126,0.05761225,0.14649822
-0.001724638,0.04434682,0.013459627,0.015975762,-0.030722313,-0.11102788,0.020035509,0.0014090538,0.064318754,-0.00028833933,0.024642397,0.011390733,0.010783037,0.00653522,0.14219058,0.059054602,0.013834549,-0.07313066,-0.14738674,0.01933873,0.12555821,0.06005581,-0.110769466,-0.030061888,0.057234805,0.091718376,-0.007833593,0.03614471,-0.022237485,0.0074757896,0.05767074,0.14675008
-0.0015600882,0.044489823,0.013335731,0.015810097,-0.031223696,-0.11218504,0.020583794,0.0015581734,0.06427425,-0.00023690052,0.0248542,0.011231296,0.010436526,0.0064778635,0.14333174,0.058940317,0.013470179,-0.07345223,-0.14846319,0.019814938,0.12599333,0.059204146,-0.1113989,-0.030064259,0.05670664,0.09136404,-0.007872395,0.0364922,-0.022751011,0.007938871,0.057407346,0.14712659
-0.0019044504,0.0446489,0.013431421,0.016703065,-0.031230394,-0.11005299,0.01839307,0.00081845373,0.06370971,-0.0014858134,0.02438599,0.010799654,0.010898696,0.0066313585,0.141226,0.059219215,0.014336731,-0.073444314,-0.14752942,0.019539744,0.12539792,0.05966013,-0.11100851,-0.029725527,0.057490326,0.0918504,-0.008212492,0.036284138,-0.02118215,0.0077955667,0.057078674,0.14665428
-0.0017041303,0.044518404,0.013409898,0.01584414,-0.030821055,-0.11153007,0.020019747,0.0017005838,0.06441005,-0.00055928156,0.024666082,0.011597507,0.010797715,0.006491362,0.14284694,0.059052043,0.013675786,-0.073393576,-0.14842637,0.019212794,0.12551521,0.059918165,-0.11128114,-0.02975145,0.057318144,0.09158111,-0.007872123,0.03594115,-0.022601709,0.0077994503,0.057932023,0.1471852
-0.0019351654,0.044587407,0.013376689,0.016439203,-0.031220753,-0.111217126,0.019898746,0.0012006313,0.06419052,-0.00049183704,0.024597213,0.011210615,0.010750519,0.006427861,0.14265555,0.059156388,0.013637257,-0.07337474,-0.14804703,0.019528247,0.12577632,0.05940763,-0.11104868,-0.029979253,0.057388943,0.09164406,-0.008074265,0.036206655,-0.022066096,0.0077411775,0.057223786,0.14670269
-0.0018339865,0.044266734,0.0133123025,0.016349353,-0.03072919,-0.1110089,0.020485416,0.0010574684,0.0643124,9.1418624e-05,0.024667477,0.0114151575,0.010908967,0.006444006,0.14211473,0.059126716,0.013614727,-0.072930515,-0.14687958,0.01935108,0.12573361,0.059783842,-0.11049676,-0.030296583,0.057232548,0.091729835,-0.007907476,0.036294565,-0.02216709,0.007226685,0.0573482,0.14625883
-0.0017383378,0.0442478,0.013429822,0.016087474,-0.030662939,-0.11111803,0.020496447,0.0013240203,0.06427689,9.2919916e-05,0.024567675,0.011438008,0.0107670445,0.006323305,0.14232641,0.0590729,0.013653565,-0.07290838,-0.14717153,0.019248437,0.1256587,0.05992703,-0.11057772,-0.030205302,0.057309173,0.091716796,-0.00790981,0.036030866,-0.02232832,0.00722106,0.057470348,0.14656484
-0.0016097818,0.043980543,0.013414461,0.015377127,-0.030231405,-0.11197107,0.021711232,0.0018582642,0.06480118,0.00082135573,0.02487263,0.011959158,0.010728715,0.006397932,0.14312288,0.058936436,0.013387508,-0.07273895,-0.147055,0.019159906,0.12573656,0.060365256,-0.11039416,-0.030414278,0.056943323,0.09159566,-0.0074633025,0.036052227,-0.023166612,0.007121099,0.05816482,0.14666423
-0.0013422035,0.04424395,0.01337466,0.0154255945,-0.030646514,-0.11192479,0.02101732,0.0017291605,0.06451569,0.0003687702,0.024880277,0.011480257,0.0104590785,0.0064940704,0.142907,0.0588028,0.013474807,-0.07304493,-0.14763942,0.019570708,0.12582812,0.059799254,-0.1110416,-0.030307263,0.05663653,0.091477856,-0.0076737814,0.036365204,-0.023086533,0.007464558,0.057725757,0.14702319
-0.0017855708,0.044285588,0.013373319,0.016179468,-0.030679643,-0.11091118,0.020059012,0.0012204349,0.06425374,-0.00016177446,0.024599694,0.011310024,0.010759218,0.006410119,0.14217529,0.059010517,0.013742157,-0.073046304,-0.14710999,0.019366607,0.12559657,0.059937872,-0.11066881,-0.030212203,0.057249546,0.09173833,-0.007839056,0.036134426,-0.022198644,0.0073477402,0.057454772,0.14649351
-0.0017009564,0.04419319,0.01331399,0.01594958,-0.030645266,-0.11147848,0.021096721,0.001493182,0.064430386,0.00038196333,0.02462714,0.011687864,0.010806816,0.0063043283,0.14278096,0.059083045,0.013528092,-0.07277579,-0.14732371,0.019231763,0.12575155,0.059844933,-0.11053567,-0.03026407,0.05723996,0.09168767,-0.007856771,0.036037713,-0.022675361,0.0072117336,0.057589073,0.14653848
-0.001611786,0.044384442,0.013406441,0.015681935,-0.030772261,-0.1115728,0.020525493,0.0017763674,0.06452886,-0.00012763403,0.024717133,0.011639934,0.010763632,0.0065136673,0.14305982,0.05899262,0.013656476,-0.07315591,-0.14802438,0.019385044,0.12562454,0.059985477,-0.11097505,-0.030002858,0.057199903,0.091600314,-0.007830113,0.036018554,-0.02278293,0.0076567885,0.05790184,0.14701927
-0.0005486049,0.044881497,0.014070665,0.016154302,-0.030689757,-0.11146659,0.019670025,5.015731e-05,0.065584734,-8.0173835e-05,0.02411843,0.012311842,0.012238478,0.0055301143,0.14167042,0.059601717,0.013223067,-0.0729019,-0.1477462,0.018322956,0.1258504,0.06128273,-0.1112707,-0.03005508,0.057538103,0.091805875,-0.0077412073,0.03606993,-0.023422651,0.0067818966,0.058813486,0.14734012
-0.0015498251,0.043956026,0.013381988,0.015329154,-0.030114695,-0.11209278,0.021769578,0.0018878207,0.06479499,0.0008564852,0.024809962,0.0120949,0.010750068,0.0062988074,0.14316075,0.05893593,0.013337896,-0.07274891,-0.14714853,0.019008115,0.12570086,0.060431078,-0.11041327,-0.030377796,0.056994654,0.09159307,-0.007473089,0.035929203,-0.023206616,0.007102914,0.058321975,0.1467168
-0.0017394274,0.044355877,0.013426498,0.015748043,-0.030752067,-0.11174042,0.02065394,0.0016848482,0.064555995,-0.000115917996,0.024798237,0.011679351,0.010791453,0.0065475767,0.14296436,0.059065193,0.013596353,-0.0732289,-0.14789544,0.019329075,0.125692,0.059976634,-0.11089009,-0.030006126,0.05712613,0.09157759,-0.007728599,0.03616538,-0.02263692,0.0076443125,0.057962507,0.1469074
-0.0018817987,0.0445578,0.0132675655,0.016576514,-0.031184092,-0.11069251,0.019530147,0.0010308549,0.06414779,-0.0005654581,0.024572464,0.011073606,0.010813279,0.006529874,0.14220852,0.059092604,0.013811097,-0.07327898,-0.14762282,0.019646797,0.12568071,0.059450306,-0.11097959,-0.030101173,0.05737303,0.091749996,-0.00808027,0.036305025,-0.021956693,0.0076859836,0.057069432,0.14648566
-0.0018860977,0.044702478,0.013413643,0.016348729,-0.031193215,-0.110715955,0.019048624,0.001135163,0.06396341,-0.0012674425,0.024541734,0.011144299,0.010892408,0.006658512,0.14196403,0.059221487,0.014125813,-0.0734564,-0.1480043,0.019514486,0.12549472,0.059700903,-0.11109913,-0.029659886,0.05732194,0.09174392,-0.008100785,0.036279548,-0.021626107,0.007905388,0.057462715,0.14687581
-0.0014579836,0.04391167,0.013399612,0.015143929,-0.030144408,-0.11235341,0.021969927,0.0022449084,0.06498159,0.0009237435,0.024855778,0.012181241,0.010690065,0.0063208537,0.14362204,0.058843516,0.013258002,-0.0728279,-0.14760023,0.019006208,0.1257022,0.06036432,-0.1106292,-0.030329527,0.057076517,0.09151243,-0.0074179675,0.035832066,-0.023607943,0.007236788,0.058403295,0.1469222
-0.0019396674,0.044614635,0.013310969,0.016605847,-0.031275522,-0.11092063,0.01960314,0.0010493174,0.06411441,-0.00062257424,0.02455926,0.011098707,0.010793613,0.0064669186,0.14240354,0.059151527,0.013730512,-0.073372655,-0.14790776,0.019601524,0.12573951,0.059342097,-0.11105314,-0.030005753,0.05741872,0.09169796,-0.008129831,0.03626604,-0.021916911,0.007754555,0.057074793,0.14658114
-0.0018108748,0.044484038,0.013308372,0.016344365,-0.030953795,-0.11093832,0.019585583,0.0012321584,0.06423138,-0.00066411495,0.024594555,0.011286676,0.010843368,0.0065248674,0.14226115,0.05906125,0.013800074,-0.07337521,-0.14778027,0.019425888,0.12557286,0.059676245,-0.11104803,-0.029958151,0.057370238,0.09169918,-0.007955648,0.036202714,-0.0220729,0.0077264886,0.05745852,0.14665788
-0.0014105551,0.044048753,0.013371799,0.015098227,-0.030032706,-0.112263925,0.021809272,0.0022231117,0.06509177,0.0010476448,0.024854153,0.012227226,0.010622947,0.00629449,0.14359498,0.058748554,0.013125617,-0.072884835,-0.1476803,0.018983796,0.1256606,0.060468342,-0.110772386,-0.03038099,0.05706562,0.09154906,-0.0074151102,0.035771757,-0.023694735,0.0072167777,0.05851158,0.14699076
-0.0018095877,0.044366922,0.013257198,0.016030394,-0.030927356,-0.111793056,0.021057092,0.0015141033,0.06446369,0.00023004226,0.024687214,0.011658689,0.010756372,0.00631594,0.14331427,0.059103005,0.013407487,-0.07300821,-0.14790827,0.019408405,0.12587723,0.059562385,-0.11078974,-0.03019237,0.057207976,0.09160867,-0.007892117,0.03610729,-0.022725716,0.0075089857,0.057546027,0.1466445
-0.0018791854,0.044166785,0.013373898,0.016179979,-0.03070578,-0.111252636,0.020731226,0.0011842251,0.06436406,0.00025514513,0.024730885,0.011388931,0.010781901,0.006420196,0.14238724,0.05909186,0.013588789,-0.07291981,-0.14682053,0.019414853,0.12579869,0.05987256,-0.11040962,-0.030396365,0.057113133,0.09169108,-0.0077502,0.036299136,-0.022293981,0.0072251987,0.057411246,0.14629468
-0.0015094299,0.044083007,0.0133561585,0.015631668,-0.030392613,-0.11167857,0.021213181,0.0015417263,0.06460023,0.0006032847,0.024861779,0.011642622,0.010673525,0.0064583225,0.14259036,0.058892656,0.01343877,-0.07285948,-0.14695515,0.019343238,0.1257743,0.06005421,-0.11060631,-0.03043824,0.056817785,0.09158249,-0.0076040477,0.03630478,-0.022905301,0.0071734227,0.05779762,0.14660439
-0.0018980782,0.044568937,0.013364455,0.016272202,-0.031091478,-0.11128525,0.019835468,0.0012447461,0.0641671,-0.00065874495,0.024630118,0.011276836,0.010779945,0.006440765,0.1427962,0.05910559,0.013695404,-0.07337548,-0.14802454,0.019546613,0.12569064,0.059592612,-0.11103441,-0.029915068,0.05726044,0.09160941,-0.0080114845,0.036163844,-0.022125185,0.00779042,0.05744631,0.14677072
-0.0019247495,0.044717815,0.013379719,0.016530536,-0.031239163,-0.11047154,0.018838234,0.00095596164,0.063867584,-0.0013094377,0.024492858,0.011011593,0.010892561,0.0066370433,0.14174545,0.059224334,0.014165,-0.07343382,-0.14781535,0.019570205,0.12549406,0.059627958,-0.11105623,-0.029721431,0.057352476,0.09179101,-0.008154739,0.036313716,-0.02145742,0.007860607,0.057272095,0.14673565
-0.0015433021,0.044061262,0.013358008,0.015410377,-0.030232739,-0.112004325,0.021510402,0.0018824972,0.06477875,0.0007166881,0.024778154,0.012015887,0.010722963,0.0063023204,0.14323184,0.05890472,0.013334167,-0.07285457,-0.14741066,0.019080505,0.12568767,0.060311627,-0.11059425,-0.030329784,0.05706594,0.091591634,-0.0075503644,0.035901718,-0.023200467,0.0072240606,0.05823126,0.14678799
-0.0017669145,0.04418991,0.013421552,0.015752997,-0.030634113,-0.1115773,0.021012127,0.0015562847,0.06450278,0.00031458586,0.02478049,0.01158957,0.010717647,0.0064476477,0.14285438,0.059039988,0.013590574,-0.07288762,-0.14720784,0.019395012,0.12575904,0.060060877,-0.11050869,-0.030300204,0.05701606,0.09164631,-0.0076696426,0.03617435,-0.022664133,0.0073125754,0.057749312,0.1466261
-0.0012129415,0.04365539,0.013449248,0.0149506945,-0.029803418,-0.11234524,0.022078086,0.002419494,0.06516064,0.0013256315,0.024821185,0.012265457,0.010659715,0.0062568476,0.14343324,0.058697715,0.01319919,-0.07281388,-0.14728393,0.018809482,0.12560822,0.060709167,-0.11057228,-0.030517759,0.05719641,0.09151008,-0.0073062517,0.03563691,-0.023866534,0.007085109,0.058619775,0.1469673
-0.0016156659,0.044080388,0.013469007,0.0153607465,-0.03043611,-0.11203711,0.021524297,0.0019601323,0.064741954,0.0006767027,0.024811106,0.011862654,0.010631418,0.0063758725,0.14329794,0.05895922,0.013437918,-0.07286859,-0.14749148,0.019219976,0.12575902,0.060256984,-0.1105726,-0.0303209,0.057026517,0.091585405,-0.0075360984,0.035980187,-0.02313751,0.007293457,0.05810464,0.1468834
-0.0018276721,0.044233233,0.01339771,0.01602022,-0.030772172,-0.11127118,0.020548858,0.0013340153,0.06428893,6.755814e-06,0.024685187,0.011374073,0.010739749,0.0064238897,0.14259683,0.059071,0.013718676,-0.07294949,-0.14714818,0.019471418,0.12572573,0.0599171,-0.11053132,-0.030256242,0.05710106,0.09168059,-0.007786393,0.03619209,-0.022350533,0.007367598,0.057499845,0.14652576
-0.0014294814,0.0438522,0.01333553,0.014957145,-0.029846333,-0.11266572,0.022597602,0.0022531413,0.06512606,0.0014481358,0.024892382,0.012477344,0.0106727425,0.0061746417,0.1438365,0.058817558,0.013007357,-0.07262562,-0.1473571,0.018847425,0.12576415,0.060554747,-0.11042969,-0.030499166,0.056931898,0.09152043,-0.007311225,0.03575807,-0.02385711,0.006989034,0.05866216,0.14683051
-0.0019540675,0.0447318,0.013351116,0.016726691,-0.03131613,-0.1102016,0.01847981,0.0007923618,0.06374347,-0.0015256815,0.024443105,0.010857996,0.010929709,0.006658228,0.14148694,0.05923473,0.014271948,-0.073480345,-0.14770463,0.01963028,0.12545604,0.05954732,-0.11106749,-0.029707953,0.05740779,0.09182271,-0.008218706,0.03635876,-0.021238446,0.007897569,0.05710345,0.1466335
-0.0017708,0.04430686,0.013405614,0.015726672,-0.030747782,-0.11180862,0.020870823,0.0016577542,0.064554214,4.182756e-05,0.024817271,0.011687076,0.010770446,0.0065231277,0.14304334,0.059080604,0.0135806445,-0.07312912,-0.14773238,0.019372407,0.12575206,0.05998069,-0.110758096,-0.030103922,0.057046562,0.091587834,-0.0076873265,0.036201537,-0.022666845,0.007577155,0.05793301,0.14682001
-0.0018576365,0.044700306,0.013248958,0.01587674,-0.031137716,-0.11212832,0.02030769,0.0016466379,0.06437109,-0.00064543635,0.024732847,0.011621403,0.010702243,0.0063638007,0.14406228,0.05902457,0.013452703,-0.07352381,-0.1489903,0.01962192,0.12576914,0.05953097,-0.11135526,-0.029781442,0.057091,0.09145212,-0.007925853,0.03601554,-0.022717634,0.008134073,0.057891402,0.14714201
-0.0013178214,0.043814495,0.013330687,0.01488108,-0.029828575,-0.11270418,0.022389594,0.0025024079,0.06529376,0.0013644435,0.02491505,0.012477174,0.010630025,0.0062307445,0.14399734,0.05867941,0.012979338,-0.07283659,-0.14771268,0.018836815,0.12568761,0.060544662,-0.11072378,-0.030458542,0.05706251,0.09146764,-0.0072436165,0.035680775,-0.024110442,0.0071754847,0.05874975,0.14699283
-0.0018584374,0.044486985,0.013349578,0.016247876,-0.030917004,-0.11102925,0.019848678,0.0012049563,0.064252004,-0.0004306063,0.024639137,0.011296133,0.010777881,0.006499012,0.14234436,0.0590752,0.0137421815,-0.073256575,-0.14758387,0.019471612,0.12564391,0.059766136,-0.11089315,-0.03006472,0.05723554,0.09170964,-0.007905884,0.036233563,-0.022102766,0.0076078977,0.05747459,0.14662705
-0.0019444358,0.04470608,0.0133922305,0.016756698,-0.03132642,-0.110144734,0.018445536,0.00073945895,0.06367726,-0.0015492681,0.024416968,0.0108138565,0.010956055,0.006651963,0.14136063,0.059271067,0.014321236,-0.07345729,-0.14759372,0.019618388,0.12545173,0.05957622,-0.11099821,-0.029700074,0.057431646,0.09182468,-0.008265076,0.03634906,-0.021137698,0.007861679,0.057064697,0.14662574
-0.0016662888,0.04442716,0.013403606,0.015758626,-0.030881006,-0.111633256,0.020480782,0.0017273799,0.064486675,-0.00019108504,0.024709232,0.011601919,0.010755954,0.006506822,0.14309853,0.05904005,0.013653799,-0.073223844,-0.14813974,0.019415691,0.12567231,0.059889257,-0.11100684,-0.029979,0.057210907,0.09159309,-0.007858533,0.036053866,-0.02268849,0.0077272523,0.057850443,0.14702396
-0.0016259234,0.044159316,0.013364166,0.015625667,-0.030393891,-0.11177015,0.02112592,0.001693219,0.06462487,0.00047763623,0.02472493,0.011822801,0.01071552,0.006308711,0.14303139,0.058945525,0.013415564,-0.0729321,-0.14741956,0.019173399,0.1256885,0.060178936,-0.11064025,-0.030287988,0.057111703,0.0916216,-0.0076498613,0.03595397,-0.022920968,0.0072861947,0.05801809,0.14673872
-0.0018270817,0.04434274,0.013336478,0.016148567,-0.030805185,-0.11124125,0.020337306,0.0012644194,0.06438156,-6.955862e-05,0.024711143,0.0114244055,0.01080378,0.0064946963,0.14245176,0.059078895,0.013645488,-0.073133945,-0.1473333,0.019431341,0.12572047,0.059842676,-0.110714294,-0.03021243,0.057165373,0.09168784,-0.0078123156,0.036271133,-0.02228551,0.007483121,0.057558276,0.14652379
-0.0017018132,0.04420063,0.0134049,0.015732758,-0.030515976,-0.11177726,0.02107007,0.0016291589,0.0645514,0.00037886575,0.024719063,0.011731692,0.010705287,0.006297904,0.14305337,0.05899222,0.013411596,-0.072975114,-0.14749052,0.019215912,0.12573315,0.060055647,-0.110654026,-0.030242592,0.057140514,0.09159913,-0.0077070706,0.03598284,-0.022802614,0.0073168837,0.057882834,0.14673144
-0.0017478354,0.044588935,0.013377298,0.016443286,-0.031151205,-0.110596605,0.018917575,0.0010289773,0.06384535,-0.0013620295,0.024463711,0.011112466,0.011038585,0.0066135777,0.14186294,0.059218325,0.014204007,-0.0734301,-0.14781764,0.019505955,0.12543216,0.059741795,-0.11102612,-0.02966094,0.057420135,0.09171181,-0.008241445,0.0361772,-0.021571022,0.007900963,0.057429522,0.14681776
-0.0019858293,0.0448698,0.013311863,0.01609395,-0.031426493,-0.11190551,0.020003147,0.0014823563,0.06423038,-0.0009152014,0.024711963,0.011445211,0.010729192,0.0064720856,0.14373511,0.059173528,0.013586888,-0.07359412,-0.14909318,0.01970692,0.12581441,0.05933567,-0.11139417,-0.02965894,0.057141066,0.09150075,-0.0080622025,0.036176343,-0.022344114,0.008212591,0.05765107,0.14714599
-0.0014203526,0.04405336,0.013328522,0.015517708,-0.030396871,-0.11195761,0.021097172,0.001976788,0.06478294,0.00035650842,0.024738375,0.011980532,0.010850279,0.0064202966,0.14313646,0.058921665,0.013471955,-0.0731269,-0.14781651,0.01907153,0.12561494,0.06019071,-0.11086636,-0.030163083,0.057282474,0.0915489,-0.007651629,0.035894454,-0.023152396,0.007527126,0.058254488,0.14693505
-0.0018602926,0.04449799,0.013381094,0.01617988,-0.031011041,-0.11108726,0.019817688,0.0012706891,0.064185925,-0.00062773004,0.024636876,0.0113098305,0.010821955,0.0065670935,0.14234295,0.05915367,0.01388635,-0.073274106,-0.14772281,0.01948259,0.12562981,0.05977354,-0.110889874,-0.02994097,0.057216078,0.09170384,-0.007924415,0.03626504,-0.022023551,0.007706929,0.057540365,0.14673302
-0.0005596131,0.045474213,0.014149159,0.016852766,-0.031223811,-0.11091878,0.01819671,-0.00079478323,0.06551995,-0.0011534393,0.023919672,0.012149947,0.0127211865,0.0055318223,0.14077663,0.059940513,0.013397221,-0.07329415,-0.14827414,0.018273268,0.12585329,0.061116267,-0.111767545,-0.029660998,0.057724193,0.091930114,-0.007980244,0.036402162,-0.022756763,0.00704889,0.05871378,0.14742406
-0.0018697344,0.044402927,0.013249792,0.016285578,-0.030874409,-0.11132209,0.020515494,0.0011882447,0.064311445,-0.00011808798,0.024667982,0.01152871,0.010895817,0.0064186575,0.14260222,0.059152503,0.013570099,-0.07305504,-0.14749509,0.01937911,0.12576327,0.059621587,-0.11071609,-0.030124996,0.057217367,0.09167654,-0.007938612,0.03625226,-0.02227759,0.0074582044,0.057464592,0.1464451
-0.0019234922,0.044730507,0.013358213,0.016266778,-0.03123052,-0.11151096,0.019687962,0.0013878383,0.064230695,-0.0008505918,0.024612408,0.011371398,0.010745475,0.0064525427,0.14297324,0.059144042,0.013636346,-0.07362985,-0.14870197,0.01946022,0.1257,0.059445336,-0.1113561,-0.029723318,0.057368305,0.0915865,-0.008033199,0.03613664,-0.022137,0.0080311075,0.057575136,0.14700979
-0.0016840119,0.04429252,0.0133536905,0.015511677,-0.03057646,-0.11222413,0.021434503,0.0019469187,0.06484787,0.00052477047,0.024859313,0.0119612925,0.010665556,0.006388222,0.14363085,0.058950156,0.013232278,-0.07309249,-0.14806898,0.019242547,0.1258105,0.059969302,-0.110902354,-0.030197889,0.057077494,0.091530904,-0.0075996015,0.036028717,-0.023220954,0.0075101163,0.058115818,0.14692786
-0.0016771257,0.04440893,0.013257548,0.015552263,-0.030784953,-0.1124432,0.02118906,0.00198875,0.064735524,0.00019470043,0.024793738,0.0119218305,0.010636983,0.0062903026,0.14422464,0.058916755,0.013219319,-0.07328611,-0.14869663,0.019388285,0.12582146,0.05976035,-0.111172974,-0.030066803,0.057113152,0.09145036,-0.0077125505,0.03589726,-0.023292592,0.007830385,0.058111787,0.14710338
-0.001793161,0.044517405,0.0132936295,0.015835788,-0.030913915,-0.11222509,0.02090545,0.001750201,0.06457139,5.2751973e-05,0.02471352,0.011750672,0.010620395,0.006224324,0.1439655,0.058982413,0.013206414,-0.073332205,-0.14867465,0.019386444,0.12584832,0.059581522,-0.11119075,-0.030023925,0.057218324,0.09148125,-0.007849472,0.035913527,-0.022974674,0.0077875536,0.057838745,0.14701644
-0.0017642751,0.044307485,0.013347261,0.016050786,-0.030661158,-0.1110923,0.020158581,0.0012735389,0.064266,-0.00020743906,0.02462761,0.011426277,0.01079612,0.0064298147,0.14234069,0.059037022,0.0137612615,-0.073055014,-0.1472259,0.019366097,0.1255947,0.06001605,-0.1106658,-0.030158665,0.057158396,0.09171877,-0.007815843,0.036135443,-0.022248143,0.0074209347,0.057648674,0.1465769
-0.0018743202,0.044434547,0.013313992,0.015903411,-0.030840129,-0.11163858,0.020470291,0.0015137158,0.064376414,-0.0004389491,0.024716277,0.011625584,0.010863489,0.006530472,0.14293754,0.059180297,0.013646309,-0.07324937,-0.14799467,0.019428581,0.12568596,0.059844244,-0.11095786,-0.029886376,0.05709442,0.09161597,-0.007898191,0.03613563,-0.022581305,0.007644139,0.05772699,0.14684984
-0.0014812741,0.04428,0.013331853,0.0158423,-0.030583914,-0.111342035,0.020122975,0.00163332,0.06444267,-0.00031797588,0.024589662,0.011693848,0.010921432,0.0064683137,0.14254127,0.058989268,0.013745701,-0.073260434,-0.14785261,0.019154284,0.12546892,0.06009949,-0.110997714,-0.029947266,0.057386227,0.09163698,-0.007886291,0.03592188,-0.022572946,0.007651033,0.0580218,0.14693938
-0.0018463396,0.043830063,0.013145523,0.015638988,-0.030319411,-0.11230825,0.021841744,0.0009818822,0.06447868,0.0011497755,0.025649885,0.011073172,0.010179425,0.0061115166,0.14259009,0.059164718,0.013066738,-0.072675236,-0.14684153,0.019932475,0.12642545,0.0599337,-0.11055028,-0.030262869,0.05599303,0.09139949,-0.007147871,0.036541436,-0.022582043,0.0073845405,0.05732697,0.14652945
-0.001839228,0.044599514,0.013256758,0.015782284,-0.03103628,-0.112520814,0.020977817,0.0018344149,0.06459742,-4.1488558e-05,0.024752688,0.011804596,0.010589728,0.0062163835,0.14439717,0.058992185,0.013144428,-0.07344775,-0.14907598,0.019462768,0.12590905,0.059471212,-0.1113281,-0.029952805,0.057161782,0.091422066,-0.007837929,0.035918802,-0.023072265,0.007973893,0.057920944,0.14713217
-0.0018777084,0.044840805,0.0133061465,0.015978144,-0.03126146,-0.11176461,0.01977577,0.0015521348,0.064259954,-0.0011074748,0.02470586,0.01155518,0.010829648,0.0065733036,0.14341062,0.05915854,0.01372945,-0.07363211,-0.14904758,0.019573905,0.12565713,0.059553042,-0.11143383,-0.029545445,0.057155486,0.09153319,-0.008016489,0.03616503,-0.022310548,0.008240484,0.057904728,0.14722542
-0.0018608551,0.04437979,0.013368314,0.016102139,-0.030879397,-0.111206174,0.020218987,0.0012666993,0.06425176,-0.0002685245,0.024682976,0.0113478415,0.010774491,0.006488324,0.14253195,0.0590996,0.013763237,-0.07310455,-0.14739636,0.019510847,0.12569678,0.059849743,-0.11069516,-0.030135069,0.057110555,0.0916879,-0.007841181,0.036247373,-0.022205383,0.0075306054,0.05752817,0.14659539
-0.0018347092,0.044510543,0.0133540705,0.016238216,-0.03094051,-0.11077349,0.019534402,0.0011394359,0.064088,-0.00070983544,0.024581011,0.011201536,0.010814393,0.0065378053,0.14214799,0.05909067,0.013958235,-0.07320411,-0.14748375,0.019535754,0.12554702,0.059847854,-0.11084816,-0.029986078,0.057202928,0.09175297,-0.007963151,0.036221243,-0.02193543,0.0076333415,0.057453487,0.14665431
-0.0015212968,0.04403716,0.013472632,0.015584007,-0.030471437,-0.11175799,0.020998199,0.0018686466,0.06464631,0.0003891047,0.024701014,0.011750594,0.010738658,0.0063989414,0.14284877,0.05897204,0.013564583,-0.073056154,-0.14752409,0.019121367,0.12565163,0.060214452,-0.110704854,-0.03022527,0.057278268,0.09159529,-0.0076581016,0.035928722,-0.022901032,0.0073950347,0.05802536,0.1468908
-0.0019560792,0.044489227,0.013204722,0.016687334,-0.031125013,-0.110811785,0.019905195,0.00084294006,0.06402138,-0.0004979614,0.02454888,0.011209544,0.010950768,0.0064367307,0.14216545,0.059224363,0.013777323,-0.0730844,-0.1473406,0.019538041,0.12574233,0.05938799,-0.11070782,-0.030095275,0.057319283,0.09175181,-0.008133145,0.03634161,-0.021819688,0.0075124744,0.057047483,0.14626357
-0.0019365922,0.04472999,0.0133215375,0.016404018,-0.0312592,-0.11130145,0.019459225,0.0012084767,0.064121366,-0.0010305848,0.024607155,0.011268519,0.01083043,0.0064912317,0.14280163,0.059153736,0.013726598,-0.07361852,-0.14848587,0.019551124,0.12566736,0.059429526,-0.11129393,-0.029723603,0.05734175,0.09159344,-0.008094434,0.036199078,-0.021970551,0.008039858,0.05747353,0.14688453
-0.0018359572,0.04449176,0.013273906,0.01633594,-0.030951943,-0.11105114,0.01973322,0.0011783689,0.064263634,-0.00061545894,0.024651643,0.01136348,0.010903837,0.0065674623,0.1422861,0.05910885,0.013776019,-0.07336461,-0.14771007,0.019441448,0.12561806,0.05969404,-0.11097969,-0.02997728,0.057281088,0.09169137,-0.007932579,0.036293585,-0.022053558,0.0077347513,0.05754173,0.14660291
-0.0017438643,0.04419375,0.013346182,0.015640233,-0.030482188,-0.11198854,0.021479383,0.001661107,0.06469379,0.00064703263,0.024828028,0.011862313,0.0107018445,0.006335196,0.14326842,0.058997214,0.013299025,-0.07288607,-0.1474054,0.019262932,0.12582818,0.06006222,-0.110561855,-0.030355344,0.056984626,0.09159526,-0.0076023433,0.036094997,-0.022973165,0.007269604,0.05796942,0.14664415
-0.0018935632,0.044756673,0.013330625,0.016053122,-0.031236589,-0.11166793,0.019942045,0.0014849454,0.06427813,-0.0008079447,0.024694242,0.011470057,0.010770006,0.0065196,0.14329158,0.05914296,0.013667422,-0.07351659,-0.14873041,0.019585468,0.12572107,0.05953469,-0.111289896,-0.029725634,0.05718161,0.09156384,-0.008003138,0.036174174,-0.022318805,0.008066993,0.05771939,0.14707716
-0.0017166603,0.04419924,0.013354976,0.015763499,-0.03047783,-0.11166,0.020898718,0.0015156195,0.06443381,0.00025903806,0.024662465,0.0117161665,0.010722047,0.006270376,0.14288358,0.05901453,0.0135178305,-0.07294475,-0.14735487,0.019206543,0.12568715,0.06012101,-0.110581264,-0.030239705,0.05709481,0.09165183,-0.0077007078,0.035983376,-0.022640856,0.00730798,0.057917222,0.14667371
-0.0018819291,0.04462076,0.0133064445,0.016200315,-0.031079054,-0.11152196,0.019890402,0.0013892129,0.0643575,-0.0006920006,0.024706203,0.011482095,0.010833776,0.0065461574,0.14285618,0.05912341,0.013630519,-0.07355727,-0.14837804,0.019440562,0.12569055,0.05957907,-0.11122632,-0.029822886,0.057270303,0.09159242,-0.0079194475,0.03624517,-0.022232305,0.007956557,0.05770948,0.14687178
-0.0020137895,0.04485978,0.013270119,0.01687809,-0.031400315,-0.11010995,0.017972782,0.000689432,0.06364997,-0.0019380264,0.024398236,0.010808723,0.010948272,0.006671291,0.14141387,0.059235245,0.014334629,-0.07370317,-0.14800276,0.019643083,0.12538975,0.059442252,-0.111285135,-0.02956498,0.05744577,0.09183578,-0.008242261,0.036383115,-0.021035671,0.008111173,0.05712971,0.14666444
-0.0019346178,0.04473228,0.013346134,0.016213203,-0.03130151,-0.11145642,0.019869428,0.0013373755,0.06419982,-0.0007825792,0.024671875,0.011330277,0.010781528,0.006526406,0.14305803,0.059173808,0.013712446,-0.07345229,-0.14846975,0.019641876,0.12574938,0.05946345,-0.11118317,-0.029796928,0.05721299,0.09159643,-0.008057214,0.036236033,-0.022163656,0.007981004,0.057496056,0.146933
-0.0017848518,0.04449365,0.013293359,0.015944356,-0.030814216,-0.11169964,0.02047985,0.001528658,0.06456444,-0.00015534274,0.024781078,0.011677828,0.010798225,0.006497127,0.14306554,0.059032843,0.013461777,-0.07332609,-0.14807197,0.01938213,0.12572186,0.059794597,-0.111044995,-0.030029207,0.05715016,0.0915879,-0.007793866,0.036184277,-0.022615073,0.00772254,0.057880286,0.1468173
-0.0019275807,0.04467655,0.013337515,0.01621581,-0.031278104,-0.11137105,0.019886173,0.0012743399,0.064132355,-0.00076208636,0.02465354,0.011292765,0.010798154,0.0065172845,0.14297053,0.059185296,0.0137845585,-0.073358074,-0.14824526,0.019674402,0.12574282,0.05951643,-0.11105347,-0.029849561,0.05717036,0.09161945,-0.008058678,0.03624435,-0.022107698,0.00791773,0.057458438,0.14685825
-0.0017202701,0.044335887,0.013371348,0.01608438,-0.030711185,-0.11103087,0.019931275,0.0013131835,0.06422289,-0.00026393682,0.024528876,0.011370419,0.010736039,0.006371078,0.1422618,0.059030034,0.013791529,-0.073151305,-0.14743702,0.019307848,0.1255636,0.059988797,-0.11079217,-0.03012116,0.057298884,0.09174241,-0.007871116,0.036027197,-0.022194032,0.0074824877,0.05761788,0.14669609
-0.0012373775,0.04384396,0.013228167,0.014474651,-0.029668618,-0.11328389,0.023099357,0.0027825013,0.06551144,0.0017997175,0.02497857,0.012847971,0.01054653,0.0061112037,0.1447986,0.058608603,0.012738089,-0.07269664,-0.14803895,0.018805034,0.12576346,0.060670905,-0.110736005,-0.030537989,0.056866042,0.09142662,-0.0071291123,0.035539124,-0.024655718,0.0071624834,0.05913597,0.14716083
-0.001985807,0.044476103,0.013286315,0.016509,-0.031061463,-0.110876694,0.019776106,0.00093955174,0.064080656,-0.0005266089,0.02461623,0.01114966,0.010827115,0.006491049,0.14218728,0.059161328,0.013818195,-0.07319357,-0.14731899,0.019588158,0.12571526,0.059586875,-0.11073549,-0.030124327,0.05719879,0.091743335,-0.007961402,0.036370583,-0.021830497,0.0075796377,0.05720973,0.14637573
-0.001962075,0.04427595,0.013327362,0.016128564,-0.030770388,-0.11162969,0.020981394,0.0011455268,0.06429745,0.00033948943,0.024784204,0.011416927,0.010632725,0.006248436,0.1427156,0.05916459,0.013416205,-0.07291661,-0.14721659,0.019444037,0.12595406,0.059715945,-0.1105161,-0.030291557,0.05696482,0.09164557,-0.0077475086,0.03626499,-0.022300715,0.0072919745,0.057398356,0.14642683
-0.0013002343,0.043803975,0.013296345,0.014870277,-0.029939309,-0.11293564,0.022461524,0.0025742315,0.065295175,0.0013247617,0.02490924,0.012511041,0.010640284,0.006211807,0.14427494,0.05870577,0.012968518,-0.07292875,-0.14798638,0.018870149,0.12573883,0.060451083,-0.110800534,-0.030427089,0.057087608,0.09141957,-0.0072644316,0.03565755,-0.02417483,0.0073278546,0.058791593,0.14707136
-0.0016592778,0.04428377,0.013356734,0.015602289,-0.030628812,-0.112082876,0.021164473,0.0018563457,0.06472695,0.00038353726,0.024778623,0.011867736,0.010685621,0.0063719703,0.14341992,0.058983102,0.013347045,-0.073144965,-0.14803424,0.019240942,0.12577637,0.05997699,-0.11089993,-0.030177047,0.057146996,0.091559134,-0.007665757,0.036000676,-0.023032356,0.007556198,0.05806517,0.14693543
-0.0014014989,0.04382716,0.013332922,0.015051849,-0.030063879,-0.11279261,0.022334155,0.0024217702,0.065143995,0.0012136754,0.024856597,0.012371428,0.010634584,0.0061892467,0.14406313,0.058789324,0.013036635,-0.07291252,-0.1478902,0.018888578,0.12577367,0.060324736,-0.11072895,-0.030403605,0.057133816,0.091450036,-0.00733475,0.035709027,-0.023914255,0.0072896183,0.058574695,0.14698327
-0.0030533634,0.043605644,0.012997119,0.01650946,-0.03009339,-0.11223945,0.022112697,6.400794e-05,0.06460335,0.0015801303,0.026424821,0.0107127875,0.010179,0.0055519463,0.14250138,0.059871003,0.012504886,-0.072508864,-0.1465685,0.02004116,0.12694372,0.060264178,-0.109971434,-0.029758185,0.05624081,0.09145304,-0.006726444,0.036145553,-0.02149454,0.0075082835,0.05689233,0.14585808
-0.001641823,0.044209376,0.013413731,0.015894836,-0.03076214,-0.111610815,0.02054498,0.0016152672,0.064427644,-9.210408e-05,0.024650821,0.011608582,0.010841673,0.0064490596,0.14271112,0.05910075,0.013688818,-0.07321335,-0.14775395,0.01923379,0.12566996,0.059945166,-0.11081494,-0.030052058,0.05732388,0.091603406,-0.007832309,0.03605049,-0.022508286,0.0076032393,0.057836115,0.14684582
-0.0017097481,0.04430992,0.013429433,0.015897617,-0.03083837,-0.111675516,0.02048508,0.0016146228,0.064431354,-0.0001686085,0.024676733,0.011587912,0.010795111,0.006460988,0.14282279,0.059110474,0.013653195,-0.07328699,-0.1479386,0.019279417,0.12569793,0.05988863,-0.11090066,-0.030003738,0.057287656,0.09159221,-0.00782885,0.036082894,-0.022479627,0.0076750144,0.05783596,0.14690644
-0.0016503464,0.044302505,0.013253715,0.015362785,-0.030556496,-0.11271648,0.02181169,0.0021536201,0.06495288,0.0006745495,0.024856348,0.012179691,0.010605631,0.006237562,0.1443463,0.058894597,0.013023784,-0.07313003,-0.14856714,0.019200608,0.1258743,0.059870854,-0.11105128,-0.030183539,0.0570675,0.0914533,-0.007565096,0.035871353,-0.023589334,0.0076199956,0.05829499,0.14705855
-0.0018085949,0.04452152,0.013326131,0.015761435,-0.030946467,-0.11217286,0.020872757,0.0017689615,0.06462439,-2.7989969e-05,0.024797563,0.011781653,0.010693001,0.006428347,0.14364848,0.05906923,0.013366472,-0.07335579,-0.14855324,0.019396782,0.1258379,0.059695676,-0.111125685,-0.029984836,0.057126276,0.091523126,-0.0077693537,0.03611027,-0.022840958,0.007838603,0.057969227,0.14703014
-0.0018731151,0.044582676,0.0133542605,0.016092554,-0.031133056,-0.11152837,0.019915398,0.0014034472,0.064216055,-0.00083004497,0.024682935,0.011451686,0.010864409,0.0065727225,0.14284699,0.059199426,0.0138216205,-0.07346004,-0.14829217,0.019494548,0.12567502,0.059671868,-0.11107978,-0.029761706,0.057189405,0.091598235,-0.007945556,0.036244847,-0.022128314,0.007969342,0.057745934,0.14693564
-0.0019597542,0.044562906,0.013193157,0.016623847,-0.031167988,-0.110958695,0.019685857,0.0009406246,0.06411327,-0.00075300597,0.02463337,0.011247277,0.0109710265,0.006551859,0.14231771,0.059193242,0.013781802,-0.07332875,-0.14768237,0.019580986,0.1257073,0.05939986,-0.110931456,-0.029973408,0.057281297,0.09169342,-0.008065227,0.036404766,-0.021859534,0.007761061,0.057242393,0.14640711
-0.0017427076,0.044221804,0.01334469,0.015757134,-0.030566994,-0.11165474,0.020986825,0.001521647,0.06447585,0.0003225617,0.024716806,0.011683216,0.010714741,0.00634211,0.14294186,0.059027,0.013531416,-0.07290928,-0.14732666,0.019318469,0.12574059,0.06007192,-0.11055564,-0.030291634,0.057031434,0.09165941,-0.0076876692,0.03607935,-0.022678006,0.0073274225,0.057852034,0.14664204
-0.0015324708,0.044147804,0.013393361,0.015931785,-0.030661624,-0.11126328,0.02018591,0.0015638247,0.06435074,-0.0002541393,0.02457111,0.011551946,0.010910323,0.0064796554,0.14231226,0.05906221,0.013858792,-0.07319324,-0.14754224,0.019184146,0.12552643,0.060072344,-0.11080161,-0.030034054,0.057405256,0.09165993,-0.007868115,0.035997838,-0.022399303,0.007574318,0.057840474,0.14681663
-0.0019801501,0.04475778,0.0133000985,0.016222063,-0.031279396,-0.11194863,0.02003824,0.0014635101,0.06433673,-0.00071163103,0.024685074,0.011500023,0.0107131805,0.006391839,0.14351383,0.05914051,0.013432201,-0.0737012,-0.14900188,0.019492194,0.12582076,0.059319228,-0.11142957,-0.029744145,0.05729858,0.09150456,-0.007983219,0.036142543,-0.022342108,0.008128941,0.057665586,0.14703503
-0.0015632231,0.044329647,0.013187895,0.015190795,-0.030513741,-0.113148764,0.022100314,0.002334416,0.06506515,0.0008893274,0.024846869,0.012338061,0.01051786,0.0060686385,0.1450698,0.058792014,0.012786621,-0.07318197,-0.14900728,0.01920738,0.1259276,0.05985122,-0.11121317,-0.030222347,0.05706035,0.091365285,-0.007570237,0.03565897,-0.023982964,0.007716384,0.05846721,0.1472337
-0.0016330909,0.04426486,0.013251457,0.015348582,-0.030544411,-0.11262165,0.021796668,0.002156131,0.06494781,0.00060900673,0.024875468,0.012192313,0.010672951,0.00632177,0.14416985,0.058923904,0.013126974,-0.07308514,-0.14843854,0.019195743,0.12584084,0.05991465,-0.11098924,-0.030159753,0.05704835,0.091474354,-0.0075501464,0.035938323,-0.023542805,0.007607324,0.058315903,0.14702238
-0.0016742796,0.04414082,0.013369894,0.015709529,-0.03070369,-0.11192034,0.02108571,0.001706209,0.06449438,0.0002651643,0.024705622,0.011698935,0.010735566,0.006347335,0.14322136,0.059056994,0.013561673,-0.07302851,-0.14766496,0.019322138,0.12577994,0.05997702,-0.11065523,-0.03022289,0.057138707,0.09158004,-0.0077193566,0.036020283,-0.022791583,0.00750711,0.057882693,0.14679465
-0.0019137226,0.044602886,0.013342172,0.016173797,-0.031151902,-0.11154963,0.019935843,0.0013366006,0.06425605,-0.00076185167,0.024715435,0.011432484,0.010860203,0.0065741865,0.14285214,0.059196003,0.013737905,-0.07350193,-0.14826019,0.01951712,0.1257207,0.05961416,-0.111092515,-0.029810607,0.057185493,0.09158759,-0.007939592,0.036296498,-0.022112865,0.007965183,0.057695575,0.1468682
-0.0015076026,0.044150617,0.013255209,0.015227612,-0.030181143,-0.11256908,0.02203447,0.0021517016,0.06508663,0.0011082739,0.024850644,0.012314543,0.010619419,0.0061897384,0.14401522,0.058803644,0.012945653,-0.07293378,-0.14801362,0.019020095,0.1257987,0.06019709,-0.11085002,-0.030380394,0.0570539,0.091513954,-0.0074737817,0.035787012,-0.023738232,0.0073099546,0.058455136,0.14694108
-0.0018263105,0.044513725,0.013281096,0.015821243,-0.030879002,-0.11217036,0.020927608,0.001706548,0.06469756,9.154715e-05,0.024834188,0.0118090585,0.010699386,0.006419939,0.14363395,0.05903203,0.013261167,-0.07336227,-0.14844097,0.019387715,0.12585787,0.059682205,-0.11112085,-0.030063743,0.05710896,0.091522485,-0.0077304207,0.0361488,-0.022883348,0.0077905525,0.05796264,0.14692032
-0.0018174741,0.04454883,0.013355754,0.01590174,-0.031133436,-0.11186306,0.020482477,0.0016352236,0.06438399,-0.00034134462,0.024702985,0.011551606,0.010720937,0.0064523974,0.14342804,0.059127856,0.013603922,-0.07333731,-0.14848787,0.01952817,0.12579809,0.059622463,-0.11108734,-0.02991784,0.057178415,0.09155819,-0.007915728,0.036114257,-0.022564398,0.007898767,0.057737567,0.14702825
-0.001622051,0.044105496,0.013263274,0.01550615,-0.030396797,-0.112327196,0.0218161,0.0016348995,0.06467648,0.00090105087,0.024932768,0.011848947,0.010548612,0.0062452154,0.14329492,0.058952548,0.013162138,-0.07284161,-0.1473932,0.019313619,0.12596834,0.05994483,-0.11063422,-0.030425899,0.05669796,0.091518946,-0.0075042006,0.03621056,-0.023125153,0.007242387,0.057945255,0.14668192
-0.0017975196,0.044259757,0.013375051,0.0155772995,-0.030759547,-0.11208793,0.021441635,0.001752615,0.06456228,0.0004370492,0.024805766,0.011746181,0.010635106,0.0063601183,0.14357713,0.059063513,0.013458042,-0.07289165,-0.14772397,0.019451201,0.12588373,0.05993239,-0.11059792,-0.030267525,0.056932002,0.091582105,-0.007654339,0.036107283,-0.022937164,0.007449433,0.057868652,0.14679804
-0.0017334484,0.04431528,0.013273934,0.015655093,-0.03058562,-0.11214268,0.021383634,0.0017273203,0.06474681,0.00055591017,0.024818707,0.011920873,0.010683009,0.0063180653,0.14355688,0.05897647,0.013217087,-0.07304253,-0.1478736,0.019288167,0.12584642,0.059928153,-0.11080119,-0.030283384,0.057029888,0.09156846,-0.0076420996,0.036056638,-0.023072157,0.0074596833,0.058029156,0.14676833
-0.0019217804,0.044342253,0.013344325,0.016013682,-0.030912705,-0.11150437,0.020768903,0.0013013482,0.06429864,2.6999041e-05,0.024748195,0.011437412,0.010743881,0.006441067,0.14291099,0.05914036,0.013654183,-0.072942756,-0.14733209,0.019580357,0.12583846,0.059793044,-0.110527754,-0.030244872,0.056970447,0.091660246,-0.0077961124,0.036292505,-0.0223705,0.007449858,0.057515092,0.14652298
-0.0019095019,0.044628847,0.013309509,0.016255595,-0.03115553,-0.11165933,0.020011958,0.0013913885,0.06429035,-0.0005315151,0.02462726,0.011386719,0.010687528,0.006331249,0.14329183,0.059065,0.013472632,-0.073530145,-0.14855061,0.019506644,0.12577528,0.05941895,-0.111264884,-0.029907785,0.05733295,0.0915498,-0.007993331,0.036069628,-0.022358667,0.00792902,0.057508893,0.14689177
-0.0019173622,0.04467566,0.013336008,0.016450297,-0.031200912,-0.11061178,0.01899672,0.00096527487,0.06388318,-0.0012632068,0.024535492,0.011070585,0.010913612,0.0066353073,0.14193977,0.059213556,0.014155099,-0.073393635,-0.14775085,0.019623578,0.1255155,0.059682712,-0.110984944,-0.029764198,0.057243127,0.091765046,-0.008106047,0.036330353,-0.021542903,0.007877564,0.05736763,0.14670637
-0.0020121075,0.04486217,0.01334781,0.01667449,-0.031530585,-0.11065346,0.01864171,0.00086003914,0.06370411,-0.0017104913,0.024472535,0.0109667685,0.010967432,0.00664913,0.14198719,0.059350155,0.014224513,-0.073616415,-0.148264,0.01967758,0.12555505,0.05939484,-0.11119114,-0.02952485,0.057360455,0.0917304,-0.008299928,0.03636387,-0.021245627,0.008136367,0.057231396,0.14683235
-0.001890827,0.04464641,0.0133189,0.01641923,-0.031116918,-0.11060996,0.01902613,0.0009815991,0.06391968,-0.0012131985,0.024538603,0.011118615,0.010920869,0.006626484,0.14191104,0.059186235,0.014133777,-0.0733787,-0.14769293,0.019578323,0.12549086,0.05973861,-0.110975616,-0.02978491,0.057239674,0.09177056,-0.008072333,0.036311686,-0.021591492,0.007843249,0.057428967,0.14668839
-0.0019528214,0.04453753,0.013317762,0.016314246,-0.03111611,-0.11095524,0.019623786,0.0010616332,0.0639899,-0.0008387156,0.024605215,0.011174535,0.010835471,0.0065414878,0.14234976,0.059186995,0.013992498,-0.07322975,-0.14758481,0.019640405,0.12564301,0.05969423,-0.110797085,-0.029949665,0.05711712,0.09172536,-0.007973298,0.03632364,-0.021815017,0.007741768,0.05739388,0.14660402
-0.0021082945,0.044927046,0.013290204,0.017224325,-0.031602703,-0.10955962,0.017290115,0.0003187321,0.06333567,-0.0024118964,0.024317887,0.010468438,0.011035403,0.006755718,0.14081696,0.059328787,0.014618048,-0.073741995,-0.14768906,0.019800114,0.12533292,0.059343792,-0.111205466,-0.029498734,0.057483897,0.0919037,-0.0084035825,0.036521524,-0.020474302,0.0081526,0.056794297,0.14649989
-0.0019060969,0.04445584,0.013270004,0.016172584,-0.030904476,-0.11151557,0.02035895,0.0012538582,0.06437788,-0.0002286993,0.024744842,0.011510707,0.010821046,0.0064779697,0.14278793,0.05911684,0.0135636,-0.073266916,-0.14770454,0.019462872,0.12577349,0.05971059,-0.110845655,-0.030107718,0.057107933,0.09163597,-0.007819414,0.036303665,-0.022286974,0.007657286,0.057655502,0.14658102
-0.0019425135,0.044636652,0.013257425,0.016119083,-0.031128705,-0.11189683,0.020251565,0.0014609024,0.06442298,-0.0005498603,0.024772547,0.011593454,0.010805221,0.0065036146,0.14330074,0.059149407,0.013501382,-0.07355099,-0.14858776,0.019472498,0.12579411,0.05950734,-0.111242935,-0.02984704,0.057164017,0.09153782,-0.007861719,0.03625434,-0.022419756,0.008011648,0.05779097,0.14690837
-0.001943022,0.044941217,0.013181316,0.015820717,-0.031475928,-0.11269874,0.020471185,0.0018061213,0.064449206,-0.00082761794,0.024806261,0.011775058,0.010698268,0.006409616,0.14478016,0.059126623,0.01333834,-0.07377217,-0.14991477,0.01973249,0.12591806,0.059237733,-0.11167135,-0.02958219,0.057039775,0.09135967,-0.007979844,0.0360829,-0.022844512,0.008527774,0.058040127,0.14741158
-0.0019893572,0.044955473,0.013278553,0.016552739,-0.03163157,-0.1110349,0.018786564,0.0010027178,0.06375204,-0.0018053297,0.024509585,0.011097878,0.0109744575,0.006622453,0.14261743,0.059335604,0.014132076,-0.073715545,-0.14879012,0.019759689,0.12559928,0.059297647,-0.111371845,-0.029422991,0.057302468,0.09163974,-0.008332331,0.036300547,-0.021476243,0.00835783,0.057390776,0.14701232
-0.0020262096,0.04478727,0.013228949,0.016885962,-0.03132059,-0.11003892,0.018113062,0.00058485195,0.063620836,-0.0017950144,0.024415527,0.010786032,0.010955965,0.0066418825,0.14140469,0.059211165,0.014331639,-0.0735493,-0.1476388,0.019709088,0.12540846,0.059500255,-0.11109846,-0.029699398,0.05734148,0.09185407,-0.008209325,0.03641254,-0.021050535,0.007981196,0.05707271,0.14649521
-0.001852408,0.044528607,0.013248673,0.0162623,-0.030985422,-0.11140919,0.019826882,0.0012613833,0.06431356,-0.0006830916,0.024692375,0.011476442,0.010905283,0.0065463567,0.14264578,0.05912101,0.013688224,-0.0735178,-0.14805868,0.019429937,0.12565947,0.05966496,-0.11110041,-0.0299007,0.057242095,0.09161761,-0.007897377,0.036276057,-0.02213914,0.007904343,0.057731315,0.14672375
-0.001927942,0.044359066,0.013327802,0.016059812,-0.030816656,-0.11167141,0.020835977,0.0013022944,0.06430648,3.5552308e-05,0.024687674,0.011599373,0.010770837,0.006328783,0.14288414,0.059178237,0.013530394,-0.07301582,-0.1475291,0.019342374,0.12582654,0.059760466,-0.11060169,-0.030150145,0.057082895,0.091650836,-0.007814731,0.03619681,-0.022339163,0.0074238554,0.05764023,0.14655721
-0.0018926412,0.044747997,0.013264054,0.016024537,-0.031187464,-0.111608446,0.019559361,0.0015303567,0.064186335,-0.0012311768,0.024695758,0.011509361,0.010903062,0.006605382,0.14302398,0.059205096,0.013867103,-0.07360233,-0.14894567,0.019409489,0.12552217,0.059668303,-0.1115142,-0.029497601,0.057180822,0.09155841,-0.007937882,0.03610182,-0.02234342,0.008199563,0.057909947,0.1472714
-0.002014514,0.04447093,0.0132461,0.016380012,-0.031153504,-0.11120625,0.020179786,0.0010120198,0.06408066,-0.00042832084,0.024668273,0.0112398695,0.010826977,0.0064720707,0.14266244,0.059209354,0.013791767,-0.07309813,-0.14743836,0.01970119,0.12582132,0.059535805,-0.110644564,-0.030145282,0.057051226,0.091696866,-0.00794882,0.036393967,-0.021982739,0.0076318923,0.05726801,0.14640358
-0.0018964726,0.04483821,0.013266657,0.01613599,-0.031286694,-0.11169195,0.019552544,0.0014268607,0.06414213,-0.0012404174,0.02461474,0.011517337,0.010857286,0.006506237,0.14322022,0.05920291,0.013771699,-0.07370572,-0.14906865,0.01949824,0.12563576,0.059493348,-0.1114579,-0.029510515,0.057248183,0.09155957,-0.008067913,0.036130704,-0.022114143,0.008272491,0.05785937,0.14718182
-0.0020364635,0.0449133,0.0133248605,0.016707823,-0.031652305,-0.11076188,0.018636145,0.0008517355,0.06365085,-0.0017952714,0.024457883,0.010946289,0.010963196,0.0066194357,0.14220923,0.05937592,0.014216116,-0.07365905,-0.1484705,0.019747559,0.12559767,0.059284043,-0.11124643,-0.029484205,0.057359405,0.09170121,-0.0083588585,0.036348876,-0.021241091,0.008235902,0.057189606,0.14687766
-0.0019775033,0.044920485,0.013230398,0.016261544,-0.031492386,-0.11170404,0.019595437,0.0013294369,0.06414673,-0.0012275279,0.024688192,0.0113892965,0.010844728,0.006549555,0.14349698,0.059197318,0.013704775,-0.07371325,-0.14910552,0.019750323,0.12575103,0.05928407,-0.111474626,-0.029583963,0.057173923,0.09152104,-0.008128207,0.036251567,-0.022138609,0.008348869,0.05763465,0.14708623
-0.0019467082,0.044695217,0.013362441,0.016449986,-0.03133483,-0.11100445,0.019232944,0.0010754727,0.063907556,-0.001169242,0.02451068,0.011130584,0.010852808,0.0065304944,0.14231986,0.059268087,0.014016762,-0.073510654,-0.14818016,0.019570608,0.12563081,0.05951808,-0.11109413,-0.029721092,0.057332326,0.091697924,-0.008142542,0.036251165,-0.021625467,0.0079848,0.057377353,0.14684261
-0.0019248296,0.044546455,0.013182441,0.015926154,-0.031120338,-0.112194754,0.020683408,0.0016308911,0.06438846,-0.0004500877,0.02481131,0.011712149,0.010864442,0.0064489944,0.1437176,0.059203185,0.013518041,-0.07332525,-0.14874801,0.019420303,0.12577322,0.059557904,-0.11125864,-0.02980902,0.057051815,0.09147222,-0.007827178,0.03608837,-0.022850178,0.007975103,0.057861075,0.14707151
-0.0011273343,0.044993687,0.013753306,0.016462425,-0.03099107,-0.11133735,0.019240081,5.917996e-05,0.06498127,-0.0007762555,0.024262372,0.011969466,0.011936342,0.0058643324,0.14177354,0.059603773,0.0134782605,-0.073231004,-0.1479629,0.018744994,0.12581037,0.06063786,-0.111272804,-0.029842902,0.057360224,0.09178679,-0.007865779,0.036313124,-0.022569764,0.007289419,0.058427744,0.14706813
-0.0018811971,0.044502422,0.013158627,0.016197206,-0.03090299,-0.11162928,0.020405054,0.001280807,0.064426325,-0.0003289394,0.024761233,0.011655696,0.010915948,0.0064869234,0.1429823,0.059111305,0.013502298,-0.07330803,-0.14794552,0.019434702,0.12575853,0.05960942,-0.11096262,-0.030022921,0.057120614,0.09160574,-0.007850856,0.036301956,-0.022399036,0.00775134,0.05774613,0.14657898
-0.0019075405,0.04488528,0.01324008,0.016378516,-0.031338748,-0.11103103,0.018685516,0.0011926852,0.06381931,-0.0018260572,0.024502601,0.011258423,0.011019951,0.0065935934,0.14239551,0.059296504,0.014138253,-0.07368586,-0.14894189,0.019398738,0.12536655,0.05957564,-0.11161749,-0.029299967,0.05735574,0.09163952,-0.008197259,0.036048166,-0.021820776,0.008273879,0.057663586,0.14726268
-0.00022647157,0.045879517,0.0144019425,0.01705907,-0.031467665,-0.11123306,0.017738923,-0.0014990345,0.06592474,-0.0015720073,0.02376134,0.012504224,0.013431815,0.0052568577,0.14053068,0.060333334,0.013254581,-0.07345316,-0.14876434,0.017934605,0.12601343,0.061483398,-0.11209558,-0.029416524,0.0577745,0.09192878,-0.007997291,0.036575094,-0.022885479,0.007055519,0.05925924,0.14774385
-0.0017053038,0.044237036,0.013297878,0.01553707,-0.030669939,-0.11224057,0.021446204,0.0018321052,0.064650364,0.00045214407,0.024792407,0.011889305,0.010677414,0.0063241543,0.14371547,0.059015438,0.013379065,-0.07299434,-0.14792842,0.01935656,0.12584789,0.05995795,-0.11072703,-0.030245531,0.05699139,0.09155204,-0.0076387376,0.036023848,-0.023083251,0.0075370222,0.058052234,0.14685781
-0.0018993206,0.04458246,0.013118088,0.016297486,-0.031074788,-0.111600615,0.020139009,0.0012887716,0.06436801,-0.00062344596,0.02473711,0.011595471,0.010944372,0.006528829,0.14306374,0.059129298,0.01357219,-0.073443525,-0.14827454,0.019503891,0.12574309,0.059439782,-0.11113936,-0.029899165,0.05718784,0.091588736,-0.007920958,0.03632087,-0.02233456,0.007946372,0.057677083,0.1466452
-0.0019439943,0.04456203,0.013321064,0.016196765,-0.031261493,-0.1118004,0.020172521,0.0013688728,0.06421086,-0.0006599687,0.024674183,0.011448856,0.010820815,0.0064708116,0.14313594,0.05924824,0.0136899995,-0.07349554,-0.14842406,0.019523315,0.12582187,0.05947847,-0.11106363,-0.02983952,0.057214655,0.09155984,-0.007963095,0.036248893,-0.022151187,0.008004567,0.05763723,0.14687774
-0.0019482449,0.04456963,0.013286695,0.01631307,-0.031073611,-0.11097118,0.019563735,0.0010115467,0.06397033,-0.00088575855,0.024595726,0.011215698,0.010857118,0.006520343,0.14235175,0.059185646,0.013979314,-0.073251925,-0.14759785,0.019620836,0.12562263,0.05973481,-0.11080894,-0.029930227,0.057089448,0.09172746,-0.007980727,0.036307253,-0.021782396,0.0077577997,0.057472955,0.14660728
-0.0019371565,0.044926647,0.013170835,0.016040612,-0.031376723,-0.11216232,0.019736081,0.0015786998,0.06426629,-0.0013531893,0.024749056,0.011682931,0.010919368,0.006554122,0.14381222,0.059216205,0.013632322,-0.073856585,-0.14964268,0.01952327,0.1256705,0.059391707,-0.111736074,-0.029377155,0.057148978,0.0914335,-0.0080161095,0.036129266,-0.022442397,0.008519506,0.058062408,0.14737242
-0.0020531025,0.044864744,0.013320567,0.016982734,-0.031570133,-0.110239595,0.018093564,0.0005550049,0.06349859,-0.0019614715,0.024366584,0.0107481,0.011010317,0.0066261515,0.14147398,0.059372403,0.0143563505,-0.073685326,-0.1479859,0.019692939,0.12549236,0.059345465,-0.111158915,-0.029537935,0.057457767,0.09179493,-0.008389451,0.036395747,-0.020847619,0.0081251245,0.057015553,0.14665799
-0.0017015245,0.044578906,0.013149571,0.01532625,-0.030861352,-0.11315352,0.021688048,0.0022039637,0.064950235,0.00035020337,0.02490532,0.012251463,0.01060565,0.006257628,0.14508635,0.05893133,0.012947131,-0.07341161,-0.14941919,0.019409925,0.12596291,0.05965609,-0.11139209,-0.03000015,0.056966294,0.09135634,-0.007657936,0.035889097,-0.023666654,0.008062283,0.05845685,0.14732453
-0.0019167438,0.044911254,0.013063334,0.015780568,-0.03148184,-0.11306903,0.020778116,0.0019235164,0.06452545,-0.0005995855,0.024785526,0.011864809,0.010600133,0.006219038,0.1454833,0.059024155,0.013108176,-0.073790394,-0.15024638,0.019778773,0.12600707,0.05908454,-0.111784734,-0.02968604,0.057050504,0.09128718,-0.007961951,0.03592208,-0.023201354,0.008599874,0.058046173,0.14743173
-0.0019773673,0.04469281,0.0132166855,0.016310357,-0.03125218,-0.111675344,0.01978854,0.0013011768,0.06424417,-0.0009408314,0.024705082,0.011467461,0.010880357,0.006538336,0.14305207,0.05920448,0.013667267,-0.07365625,-0.14864546,0.019510463,0.12573117,0.05941782,-0.11131494,-0.029730197,0.057221998,0.091562524,-0.00795274,0.036290556,-0.02213705,0.008140586,0.057692736,0.14688478
-0.0018452033,0.044575322,0.013183881,0.015930263,-0.030989446,-0.11235256,0.020788025,0.0016889833,0.06466677,-0.00013650954,0.024813052,0.011855636,0.010750147,0.00638765,0.14388224,0.059049048,0.013218869,-0.07354875,-0.1488368,0.019395605,0.12587309,0.059507094,-0.11130812,-0.029955957,0.057163823,0.09147093,-0.007779997,0.036133103,-0.022866737,0.008008728,0.058007166,0.14696217
-0.0012915824,0.04388111,0.013121352,0.014591475,-0.029746447,-0.113541976,0.023174139,0.002765797,0.06551612,0.0017892681,0.024949409,0.012924567,0.010535603,0.0060035186,0.1451137,0.058621086,0.012596924,-0.072815835,-0.1483776,0.018773813,0.12583646,0.06045861,-0.1108669,-0.030518219,0.056920037,0.09139021,-0.007143069,0.0355059,-0.024701383,0.007282488,0.059133105,0.14713952
-0.0018543899,0.04455827,0.013264678,0.01611072,-0.031001944,-0.1115418,0.02008599,0.0013084263,0.06424157,-0.0004922915,0.024636067,0.011494068,0.010790287,0.006412576,0.14295298,0.05912861,0.013666073,-0.073347636,-0.14809898,0.019479848,0.1257157,0.05970694,-0.11099424,-0.029962055,0.057155147,0.09163666,-0.007924937,0.03615486,-0.022239275,0.007821647,0.0577261,0.14680679
-0.0016447157,0.0444552,0.0130952,0.015147492,-0.030624341,-0.11351408,0.022346022,0.0023815744,0.06519124,0.000945339,0.024945198,0.012492657,0.010513632,0.0061063664,0.14547819,0.058831938,0.012646444,-0.073279105,-0.1493722,0.019271746,0.12604393,0.05972068,-0.111327395,-0.03020484,0.05693859,0.091331184,-0.0075150467,0.035771646,-0.024107032,0.007877421,0.058606137,0.14727402
-0.001786137,0.04469606,0.0131691955,0.015609587,-0.031083733,-0.112856254,0.021264013,0.0019927695,0.06469216,5.3592026e-05,0.024771463,0.012010623,0.010587705,0.0061870394,0.14490177,0.05899513,0.013047201,-0.07344182,-0.14950788,0.019485045,0.12596026,0.059428692,-0.1114438,-0.029910974,0.057097197,0.0913926,-0.007858187,0.03585723,-0.023338847,0.008094937,0.058113243,0.14729339
-0.0019632466,0.044740964,0.013112221,0.01644008,-0.03127246,-0.11146955,0.019665897,0.0011824407,0.06424322,-0.0010159388,0.024705302,0.011459684,0.010955317,0.006584569,0.14298674,0.059171863,0.013678138,-0.07362495,-0.14854854,0.01960427,0.12571794,0.059315868,-0.111311816,-0.029756531,0.057218164,0.09159473,-0.008013744,0.036374025,-0.02209212,0.008150959,0.05759895,0.14672345
-0.0020644218,0.044491164,0.013263691,0.016233515,-0.031067017,-0.11163039,0.020685367,0.0011351928,0.064240806,-7.793307e-05,0.024728015,0.011437912,0.010735931,0.006374751,0.1430271,0.05921081,0.013536844,-0.073081024,-0.14761093,0.019591078,0.12593037,0.059545156,-0.11064351,-0.030196322,0.056987815,0.091657564,-0.007853039,0.036354445,-0.022205047,0.0075589716,0.057430767,0.1464631
-0.0020581689,0.04455209,0.013250887,0.016434789,-0.031195447,-0.11118264,0.019996852,0.00095432624,0.06403143,-0.0005714465,0.024649274,0.011212619,0.010817463,0.006465894,0.14261447,0.059229597,0.013798182,-0.0731821,-0.14755887,0.01969457,0.12580931,0.059505202,-0.110717684,-0.030077536,0.057061482,0.091702536,-0.007974992,0.036399733,-0.021864016,0.007690683,0.057272844,0.1464409
-0.0020191893,0.04456717,0.013221137,0.016304798,-0.031096544,-0.11159461,0.020337634,0.001145944,0.06427041,-0.00031643175,0.024714507,0.011445548,0.010781864,0.0064142486,0.14300391,0.059174437,0.013532237,-0.07329347,-0.14791094,0.01956787,0.12586325,0.05949655,-0.11088346,-0.030086512,0.057084665,0.09163449,-0.007893231,0.03633245,-0.022183776,0.0077399425,0.05750526,0.14655435
-0.002081493,0.044655275,0.013164811,0.01666255,-0.031287875,-0.11118004,0.019679159,0.0008780509,0.06403981,-0.0008655358,0.024637222,0.01123829,0.010916924,0.006493478,0.14258397,0.05924251,0.013736809,-0.07342565,-0.14791954,0.019643847,0.12578389,0.059291415,-0.110978544,-0.029929567,0.057201467,0.091668196,-0.00805527,0.036433652,-0.021765888,0.007883824,0.057259113,0.14643618
-0.0019762218,0.04486224,0.013218528,0.01642283,-0.031457562,-0.11118108,0.018762358,0.0011807606,0.06388406,-0.0018964782,0.024588615,0.011249267,0.011022693,0.0066962196,0.14256603,0.0593014,0.01414643,-0.073813975,-0.14892735,0.01957278,0.1254811,0.0594432,-0.1115405,-0.029341895,0.05727493,0.091612294,-0.008121964,0.03628054,-0.02169561,0.008431273,0.057670705,0.14711118
-0.0019833054,0.044572674,0.013231993,0.016246352,-0.031151664,-0.11160925,0.02008877,0.0012310296,0.06422478,-0.0006404668,0.024708858,0.01144851,0.010837326,0.0065014595,0.14296918,0.05920005,0.013692157,-0.07342308,-0.14812684,0.019566406,0.12578785,0.059536163,-0.11098871,-0.029930195,0.057102017,0.091615416,-0.007889863,0.036339976,-0.022112075,0.007923812,0.057636213,0.14669412
-0.002106253,0.044705953,0.013200613,0.016697388,-0.031378638,-0.11093029,0.019350946,0.0008037761,0.06389747,-0.0010584854,0.024581246,0.011069197,0.010872351,0.006518676,0.14238852,0.059256803,0.013907,-0.07341833,-0.14785722,0.019739095,0.12574008,0.05931452,-0.11096406,-0.02990475,0.05718899,0.091721095,-0.008096822,0.036443803,-0.021572638,0.007912679,0.057147577,0.14646529
-0.0013408829,0.04393857,0.013150893,0.014635079,-0.029849276,-0.11343947,0.023077462,0.0026228055,0.06532828,0.0016347207,0.024892883,0.012869617,0.010580229,0.0060149366,0.14489749,0.058751777,0.012758578,-0.072743766,-0.14827603,0.018798564,0.12584439,0.060475253,-0.110731386,-0.030450342,0.05687313,0.09144011,-0.007234253,0.035552118,-0.024415936,0.0072672497,0.05908903,0.14713997
-0.001719404,0.04441539,0.013192061,0.015677495,-0.030894656,-0.11245762,0.021023195,0.001874689,0.064659275,-7.122569e-05,0.02479595,0.011957351,0.010780869,0.0063984627,0.14396983,0.059052125,0.013370365,-0.07340397,-0.14873162,0.019364163,0.12582505,0.059701912,-0.11116151,-0.029965248,0.057108983,0.09147184,-0.0077219345,0.036055215,-0.023020148,0.007983686,0.058187455,0.14704739
-0.0019941833,0.04491476,0.01321904,0.016653555,-0.031389974,-0.11076969,0.018496402,0.0008664131,0.06383547,-0.0018078778,0.024525637,0.01113374,0.011012839,0.006675546,0.14206573,0.059275012,0.014123326,-0.07379424,-0.14844704,0.019609135,0.12549394,0.05945088,-0.11137345,-0.029488742,0.057313144,0.09171557,-0.008194823,0.03638731,-0.021334797,0.008270185,0.05750628,0.14683276
-0.0015634149,0.0441752,0.013216071,0.015391486,-0.03029878,-0.11231896,0.021549843,0.0018345714,0.06466186,0.0006576665,0.024671668,0.0121591985,0.0106922295,0.006121642,0.14363402,0.058959056,0.0132810585,-0.072907604,-0.14782554,0.019058343,0.12573762,0.06023492,-0.11067058,-0.030278541,0.05701901,0.091600634,-0.007606771,0.035779133,-0.02318162,0.0073714107,0.058393814,0.14688447
-0.0021580346,0.045069292,0.013269387,0.01702643,-0.031802475,-0.110568896,0.018113691,0.0005929619,0.06351923,-0.0021048859,0.024403514,0.010780716,0.010958726,0.0065951003,0.14203207,0.059396412,0.014206663,-0.073866226,-0.14861636,0.019805823,0.12559807,0.05908009,-0.11141203,-0.029422034,0.05743144,0.091722324,-0.0084475875,0.036410026,-0.020923007,0.008368369,0.0570091,0.14679609
-0.0019622352,0.045059152,0.0130893625,0.015944034,-0.031576954,-0.11265821,0.020295344,0.0017028935,0.06436375,-0.0009672027,0.024751145,0.011742171,0.010703923,0.006342738,0.14495501,0.05911552,0.013304313,-0.07380983,-0.15012877,0.019812435,0.12592417,0.059084136,-0.11178415,-0.029544964,0.057060275,0.09135976,-0.008090619,0.03603857,-0.02281404,0.008617105,0.05794747,0.1474038
-0.0016931873,0.044416435,0.013062356,0.015426449,-0.030681245,-0.11305596,0.021929666,0.0021411479,0.06499058,0.00057193637,0.024885248,0.012349581,0.010672888,0.0062082717,0.14484331,0.0589222,0.012899805,-0.07324837,-0.14903502,0.01925899,0.12595294,0.059641995,-0.11122139,-0.030117434,0.057014093,0.09140422,-0.0075923447,0.035909895,-0.023704156,0.007847486,0.058401085,0.14705612
-0.0016629938,0.04428285,0.013188243,0.015381349,-0.030455887,-0.112689,0.021931715,0.0019830987,0.06486217,0.0008259304,0.024787847,0.012272118,0.010637822,0.006155872,0.14410836,0.058975812,0.013054677,-0.07298986,-0.14827265,0.019104436,0.12589076,0.059978794,-0.11083828,-0.030266406,0.056997627,0.09154005,-0.0075628683,0.035876766,-0.023422144,0.0074764136,0.05837405,0.14693314
-0.0019280426,0.044610027,0.0131734405,0.016315017,-0.031104341,-0.111646324,0.019945364,0.0012434945,0.06431084,-0.00070072524,0.024704807,0.011528209,0.010888806,0.0064942455,0.14299202,0.059151627,0.013587408,-0.07357899,-0.14834708,0.01948383,0.12574773,0.059489466,-0.11118049,-0.029878195,0.057205886,0.09158514,-0.007915162,0.036295936,-0.022178952,0.008015141,0.057722945,0.14672635
-0.0019727312,0.04473312,0.013098847,0.016579906,-0.031304754,-0.11122216,0.019348644,0.0010458417,0.06409598,-0.0012199227,0.024625327,0.011355003,0.010995956,0.006585517,0.1426594,0.05920903,0.013822352,-0.07363869,-0.14842108,0.019592103,0.12566017,0.059302337,-0.11128048,-0.02971983,0.05727883,0.09164488,-0.00806967,0.036384124,-0.021847788,0.008155616,0.057502728,0.14665753
-0.002014093,0.044857692,0.0130905565,0.016505133,-0.031464513,-0.11167987,0.01956632,0.0012129471,0.06420088,-0.0012155473,0.024690175,0.0114376545,0.010928376,0.006540864,0.14336205,0.059191458,0.013617131,-0.07379608,-0.14904532,0.019673154,0.12576975,0.05910959,-0.111518785,-0.029637307,0.05726394,0.09152942,-0.008091975,0.036336206,-0.022100318,0.008364432,0.057564847,0.14685282
-0.0019278117,0.04459444,0.0132850185,0.016730336,-0.03122314,-0.11040207,0.018531028,0.0007044375,0.063651,-0.0015562363,0.024408251,0.0109215565,0.010994969,0.006563871,0.14156619,0.059258267,0.0142946085,-0.07351609,-0.1475631,0.019581709,0.12545823,0.059642207,-0.11094403,-0.02974519,0.05736187,0.091786556,-0.00818054,0.03630943,-0.021165758,0.00793718,0.057260983,0.14656217
-0.0020032302,0.044725306,0.01319683,0.01653549,-0.03125935,-0.111151256,0.019370094,0.00094659626,0.06399878,-0.0010372084,0.024581334,0.011226157,0.010869956,0.0064772414,0.14260034,0.05919964,0.01381209,-0.073532484,-0.14813566,0.019634474,0.1256916,0.059440903,-0.111112624,-0.029843632,0.057212867,0.0916732,-0.008075941,0.036311984,-0.021750689,0.007997364,0.057423357,0.1466528
-0.00173112,0.044499975,0.013153311,0.015674118,-0.031034544,-0.11257113,0.020877756,0.0019069575,0.064618334,-0.00030843914,0.024806654,0.011932982,0.010788193,0.006417715,0.14427443,0.059047904,0.013396908,-0.073521055,-0.14906788,0.019484192,0.1258305,0.059603073,-0.11130881,-0.02986753,0.057081364,0.09142212,-0.007766813,0.036050368,-0.02304507,0.008189842,0.05820962,0.14715397
-0.001970796,0.04489671,0.013168085,0.016693734,-0.031330872,-0.11064013,0.018385693,0.00083997846,0.06384106,-0.0018106308,0.02450164,0.0111209955,0.011010336,0.006661135,0.14198309,0.05922284,0.014128358,-0.07378228,-0.14837308,0.019600619,0.12545057,0.059456967,-0.11139413,-0.029526789,0.05733633,0.09174298,-0.00817892,0.036368154,-0.021354076,0.008246526,0.05748147,0.14677028
-0.002051318,0.045035906,0.013160121,0.016493043,-0.031597797,-0.111557975,0.018906645,0.0011590533,0.06390854,-0.001873048,0.024599753,0.011341058,0.010999626,0.006582924,0.14307426,0.059338026,0.013902704,-0.07394842,-0.14945719,0.019579545,0.1255934,0.059226647,-0.11175004,-0.02927193,0.057283692,0.091533825,-0.008212404,0.036217287,-0.021803906,0.008568671,0.05768923,0.14722465
-0.0018745065,0.04458506,0.0131977275,0.016054817,-0.031042881,-0.111817375,0.020378776,0.0014237501,0.064393945,-0.00038237497,0.024723586,0.011636725,0.010803262,0.0064505367,0.14328912,0.059126407,0.013540882,-0.07338224,-0.14834276,0.019500017,0.12579067,0.059599657,-0.111077785,-0.029964164,0.057106167,0.09159432,-0.007867701,0.036218725,-0.022452675,0.007904695,0.057812255,0.14681944
-0.0015055053,0.04434993,0.013043169,0.015058313,-0.030623414,-0.11335388,0.021894708,0.002468571,0.06510141,0.0004138872,0.024942424,0.012475604,0.010687863,0.0062911985,0.1453051,0.058821406,0.013002609,-0.073388435,-0.14939547,0.019331127,0.12586038,0.05987192,-0.111385085,-0.030034777,0.056927238,0.09131533,-0.0074949227,0.035803556,-0.024030311,0.008129366,0.058805596,0.1473642
-0.0013415795,0.044014934,0.013053,0.014650951,-0.02997841,-0.113723196,0.023065802,0.0027678832,0.06549624,0.0015775319,0.02496762,0.012924314,0.0105535,0.0060451357,0.14540912,0.058673568,0.012600961,-0.07298215,-0.1488241,0.018895999,0.12590006,0.06026708,-0.111046135,-0.030420072,0.056902215,0.091354534,-0.0072001927,0.035569374,-0.02467274,0.007542206,0.05914094,0.14723457
-0.0019593388,0.044879984,0.013130661,0.01620764,-0.031389836,-0.11211194,0.019869268,0.0014454909,0.06433316,-0.0010798126,0.024746232,0.011626419,0.01086689,0.0065043913,0.14382389,0.05916282,0.013497424,-0.0738502,-0.14937267,0.019625463,0.12579584,0.05925102,-0.11159852,-0.029595748,0.057178155,0.091458045,-0.0080167465,0.03623394,-0.022369105,0.008443151,0.057881463,0.14709742
-0.0019725598,0.044513214,0.01325017,0.016161136,-0.031322666,-0.112050936,0.020507146,0.0014184117,0.0642484,-0.00048008934,0.024704989,0.0114970915,0.010785287,0.006419179,0.14352256,0.05924786,0.013614313,-0.07343671,-0.14848435,0.019608688,0.12592746,0.059378188,-0.11100896,-0.029938294,0.05713955,0.09153098,-0.007918123,0.036263414,-0.022317968,0.008030806,0.057614647,0.14682277
-0.0019757245,0.044799186,0.0130984355,0.016045861,-0.03139104,-0.11265583,0.020475142,0.0016798116,0.0645131,-0.00080017,0.024836443,0.011827072,0.010825509,0.0064578326,0.14441402,0.059159014,0.01330635,-0.07385135,-0.14964724,0.019595504,0.12592468,0.059164435,-0.11161487,-0.029639639,0.057123285,0.09136976,-0.00789788,0.036224235,-0.022718363,0.008492725,0.058022946,0.14714637
-0.0021611396,0.045030713,0.013257708,0.017046839,-0.031811845,-0.110565305,0.018168055,0.0005600974,0.06350086,-0.002038138,0.024398997,0.010750148,0.010951301,0.006576105,0.14204751,0.059396893,0.01421039,-0.07382776,-0.14851218,0.019840986,0.12562397,0.059072763,-0.11134864,-0.029483749,0.05741544,0.09172589,-0.008444492,0.03641714,-0.02092071,0.008341914,0.056959406,0.14674114
-0.0017191917,0.04430577,0.013245031,0.015716197,-0.030785304,-0.112154275,0.021004982,0.0017190427,0.06451797,8.021109e-05,0.024713378,0.011834174,0.010746902,0.0063298577,0.14355259,0.059068836,0.013482811,-0.07318933,-0.14816305,0.01933422,0.12579751,0.059850544,-0.11087674,-0.030104054,0.057095658,0.09155976,-0.0077259727,0.036026984,-0.022831848,0.007726593,0.05804371,0.14689013
-0.0019338429,0.044610575,0.013248794,0.01649663,-0.031192098,-0.110830836,0.019036498,0.0008969642,0.063821614,-0.0013532862,0.024525527,0.011137575,0.010976395,0.0065750415,0.14210565,0.05924455,0.014146707,-0.073468395,-0.14778689,0.019609284,0.12554067,0.059657674,-0.110953696,-0.029756103,0.057205703,0.09172293,-0.008081675,0.03632783,-0.02149427,0.007976839,0.057475567,0.14664605
-0.0017689876,0.04434359,0.013219163,0.015710358,-0.030866649,-0.112313375,0.021187622,0.0017600358,0.06456966,0.00013246387,0.024766095,0.01186223,0.010728443,0.006335967,0.14382893,0.059072655,0.013402672,-0.07318917,-0.14831215,0.019405466,0.12586974,0.059733875,-0.11091141,-0.030111484,0.057048656,0.09152625,-0.007715564,0.036070406,-0.022940505,0.007772075,0.05800968,0.14688598
-0.0019022543,0.0448232,0.01310249,0.015941864,-0.031328052,-0.11250417,0.020491075,0.0016685873,0.064498976,-0.00068921596,0.024813704,0.011826947,0.01081481,0.0064560687,0.14435203,0.059131727,0.013353651,-0.07370374,-0.14947641,0.019639015,0.12588866,0.059302762,-0.111529574,-0.029700093,0.05706407,0.09141655,-0.007936373,0.036176242,-0.022768099,0.0083935,0.0580412,0.14716938
-0.001904564,0.04468344,0.013083134,0.016026402,-0.031174537,-0.112456135,0.020620327,0.0016498342,0.06460267,-0.00046252832,0.024829693,0.011854891,0.010813529,0.0064296434,0.14414468,0.059084736,0.013255076,-0.07368074,-0.14919478,0.019516036,0.1258924,0.059309725,-0.111461215,-0.029827204,0.05713196,0.091431364,-0.007834921,0.036200374,-0.022817072,0.008248275,0.05799854,0.14698581
-0.00196876,0.04481746,0.013201281,0.016482823,-0.031395454,-0.11133244,0.01904501,0.0010799617,0.0639848,-0.0015968625,0.024615884,0.011325013,0.011021359,0.006642499,0.14265946,0.059281375,0.013965197,-0.07382881,-0.14870678,0.019597005,0.12560779,0.05941202,-0.11138064,-0.029507538,0.05725929,0.09159849,-0.008115958,0.036361128,-0.021653134,0.008362364,0.057691928,0.14691563
-0.0017905198,0.04484991,0.01305001,0.015604073,-0.031305004,-0.113126464,0.02092034,0.0020544939,0.06465327,-0.0004878752,0.024811182,0.01205281,0.010670757,0.006271231,0.14539887,0.059002396,0.013113684,-0.07375447,-0.15020128,0.019648403,0.12593919,0.059277512,-0.111772135,-0.029676488,0.057044026,0.091295384,-0.00790433,0.03588914,-0.023354668,0.008562092,0.058302954,0.14749761
-0.001984205,0.044696707,0.013173159,0.01614416,-0.03130202,-0.11204309,0.020302113,0.0014467612,0.064312845,-0.00062966906,0.024740223,0.011584353,0.010813007,0.00645003,0.14359188,0.0592198,0.013535052,-0.07351985,-0.14886197,0.019546762,0.1258393,0.05937442,-0.111308455,-0.029805139,0.05712292,0.09152388,-0.007928224,0.036205575,-0.022478167,0.00811993,0.057730872,0.14698604
-0.0020537563,0.044695716,0.013160147,0.016399689,-0.031234909,-0.11156553,0.020008214,0.0011090711,0.064171374,-0.0007285401,0.024679951,0.011449935,0.010854663,0.0064608743,0.14301151,0.059227712,0.013630272,-0.07343669,-0.14827149,0.019584313,0.12581423,0.05936281,-0.1110613,-0.029885488,0.05712175,0.09163201,-0.007972464,0.03636054,-0.022033155,0.007946368,0.05753109,0.14663343
-0.0019522905,0.044625305,0.013159834,0.016127838,-0.031068869,-0.11189007,0.02045925,0.0013640821,0.06436725,-0.00038813986,0.024717787,0.011675755,0.010802766,0.0064056898,0.14334714,0.059164066,0.013482241,-0.07337348,-0.14840242,0.019471608,0.12583145,0.059497494,-0.111071914,-0.029944314,0.057093717,0.09159917,-0.007870965,0.036244497,-0.02240536,0.007890437,0.057779223,0.1467584
-0.0020927899,0.044823367,0.013178283,0.016579635,-0.03157447,-0.11130292,0.019082393,0.0010202117,0.063884676,-0.0016491655,0.024626784,0.011194341,0.010987299,0.0066550644,0.14272332,0.059342753,0.014038448,-0.07375594,-0.148686,0.019722618,0.12567523,0.059250705,-0.11132968,-0.029533532,0.057199962,0.09161294,-0.008110734,0.036444556,-0.021595411,0.008375863,0.057470158,0.14683932
-0.0015521608,0.044336848,0.013037559,0.015190486,-0.030609693,-0.113210924,0.021849135,0.0023305193,0.06506031,0.00045018643,0.024916705,0.012449367,0.010717547,0.0062943315,0.14497185,0.058877364,0.013024903,-0.073357865,-0.14917642,0.019267,0.1258705,0.059853535,-0.11129373,-0.03007115,0.056958176,0.09136973,-0.0075009037,0.035872832,-0.023845296,0.008036479,0.05872588,0.14723235
-0.001808254,0.04445579,0.013182418,0.0159644,-0.030781351,-0.11199571,0.020732012,0.0013995245,0.06435339,-5.922094e-05,0.024626432,0.011800678,0.010781607,0.00621006,0.14336476,0.059112348,0.01340981,-0.0732163,-0.14811599,0.019289203,0.12578961,0.059763864,-0.110884614,-0.030063823,0.057117842,0.09159892,-0.007857358,0.036005214,-0.02254112,0.007673396,0.05795119,0.14677042
-0.002003938,0.044880938,0.013085902,0.016133279,-0.03146816,-0.1126073,0.020277642,0.0016033053,0.06445737,-0.00093813613,0.024813414,0.011773728,0.010828463,0.0064529562,0.14440015,0.05917291,0.01331258,-0.073931634,-0.14976773,0.019631464,0.12592284,0.059097473,-0.11169472,-0.029591642,0.057145696,0.09137018,-0.007956646,0.036229745,-0.02261423,0.008567357,0.057978474,0.14716688
-0.002130447,0.044865157,0.013213187,0.017210687,-0.031541556,-0.10992757,0.017622095,0.00029095262,0.063401766,-0.0022282023,0.024369543,0.010606999,0.011059782,0.0066744573,0.14115016,0.05933239,0.014448739,-0.073773794,-0.1476952,0.019780863,0.1254262,0.059330095,-0.11115005,-0.029581862,0.05740272,0.091839395,-0.00833974,0.03652605,-0.02058968,0.00817363,0.05693037,0.14642216
-0.002063457,0.044824515,0.013181716,0.0164652,-0.031380948,-0.111333236,0.019512542,0.0010215715,0.06404608,-0.0010811593,0.024648864,0.0112863425,0.010861186,0.0065400423,0.14286295,0.059241123,0.0137927495,-0.0735525,-0.148396,0.019714646,0.12575264,0.059353977,-0.1111757,-0.029780312,0.057122093,0.091652595,-0.008061279,0.036392633,-0.021820668,0.008102354,0.05747094,0.14672925
-0.0020921994,0.044797327,0.013179999,0.016594946,-0.031511564,-0.11127471,0.019213911,0.0009595975,0.06392241,-0.0014345534,0.024626056,0.011193726,0.010946771,0.006611665,0.14269714,0.059312645,0.0139612965,-0.07369115,-0.14846691,0.019739408,0.12572294,0.05927346,-0.111213975,-0.029660735,0.057178766,0.09163648,-0.0080957245,0.036463886,-0.021587849,0.0082653,0.057429895,0.14672427
-0.0013605654,0.043828607,0.013180606,0.0152072115,-0.030280363,-0.11277003,0.021883484,0.0022636876,0.06489877,0.0007127542,0.024770182,0.0122831315,0.010785101,0.006214914,0.1441307,0.058862746,0.01329135,-0.07306971,-0.14807513,0.019052517,0.12573877,0.06021869,-0.110786244,-0.030297225,0.057133447,0.09143345,-0.0074597523,0.035731457,-0.023666717,0.007620193,0.058585383,0.14698201
-0.001931278,0.044572093,0.013223989,0.016242072,-0.031142514,-0.111356586,0.019863967,0.0011345595,0.06404011,-0.0007905476,0.024608757,0.011370523,0.010864602,0.006471635,0.14277375,0.05921808,0.013878015,-0.073305726,-0.14794914,0.01960199,0.12570699,0.059634704,-0.11088325,-0.029909154,0.05708821,0.091674075,-0.007977782,0.03627103,-0.02195971,0.007879112,0.05759587,0.14669517
-0.0019843373,0.044686206,0.0132426135,0.016360288,-0.03139579,-0.11140834,0.019572739,0.0011550933,0.06399655,-0.0011488944,0.024617895,0.011289161,0.010900678,0.006564318,0.1428369,0.0592843,0.013944479,-0.07353925,-0.14839327,0.019671425,0.12572372,0.059431292,-0.11110695,-0.02972681,0.057173327,0.09162866,-0.008057851,0.036342755,-0.02182367,0.008142708,0.05753483,0.14682432
-0.0019274931,0.04452986,0.013221256,0.016232114,-0.03112616,-0.11138184,0.01994101,0.0011423379,0.06404769,-0.0007501859,0.024619345,0.011380063,0.010875018,0.0064726053,0.14278695,0.059219304,0.0138795,-0.07327789,-0.14788222,0.01960181,0.12571624,0.059643533,-0.11083876,-0.029933054,0.05707654,0.091667905,-0.007959913,0.03627994,-0.021982698,0.007858029,0.057595834,0.14666425
-0.0018943064,0.044497393,0.013239386,0.016143467,-0.031181071,-0.11159484,0.020093821,0.001304537,0.06411092,-0.00073899515,0.024644434,0.011435578,0.010871904,0.006488004,0.14303266,0.05922295,0.013860774,-0.073330134,-0.14812139,0.019598924,0.1257444,0.05960195,-0.110910006,-0.02988857,0.057105824,0.09161495,-0.007945582,0.036252428,-0.022128448,0.007952003,0.057658404,0.14677572
-0.002122935,0.044919502,0.013012422,0.016919065,-0.031657405,-0.11102132,0.018915355,0.00077971816,0.063851304,-0.0016996935,0.024579763,0.011147339,0.011066845,0.006625795,0.14265709,0.05931095,0.013948986,-0.07373289,-0.14863923,0.019811373,0.1257012,0.058948323,-0.111379705,-0.029584436,0.057291433,0.0916546,-0.008257711,0.036517326,-0.02150556,0.008358164,0.057185184,0.14656258
-0.002091756,0.04491065,0.013189698,0.016795699,-0.03159583,-0.110874526,0.018601961,0.00071958825,0.06367661,-0.0018017702,0.024494033,0.0110040195,0.010987686,0.0065905554,0.14230266,0.059349075,0.014130941,-0.073750824,-0.14842255,0.019771485,0.12562497,0.059261538,-0.11125802,-0.029557701,0.057267904,0.09169439,-0.008273255,0.03641927,-0.021215905,0.008306101,0.05728379,0.14673106
-0.002076529,0.04471237,0.0131427925,0.016514342,-0.031285528,-0.11146775,0.019789498,0.0010017678,0.064112134,-0.0008440446,0.024662593,0.01136056,0.010867683,0.006468079,0.14290586,0.059231427,0.013664812,-0.07351175,-0.14823698,0.019630406,0.12580831,0.059324015,-0.111086406,-0.029889632,0.05714082,0.091637135,-0.00799958,0.03639171,-0.021901041,0.008000687,0.057464212,0.14658652
-0.0018756948,0.044843417,0.013086932,0.016082393,-0.03152049,-0.11215101,0.019724235,0.0015162751,0.06415848,-0.0014626421,0.024704045,0.011630341,0.01098139,0.006582991,0.14395119,0.059236955,0.013805587,-0.07383632,-0.14952296,0.019740291,0.12573071,0.05930637,-0.11156335,-0.02944564,0.057109553,0.09144439,-0.008079048,0.03622231,-0.022301937,0.0086579155,0.058007352,0.14723374
-0.0017940626,0.04478444,0.0130795315,0.01565474,-0.03126116,-0.11285393,0.020981893,0.0019044839,0.06457775,-0.0003032498,0.024776388,0.011973793,0.010683442,0.0062814383,0.14498068,0.059055686,0.013213994,-0.073548555,-0.14969015,0.019649126,0.12594934,0.05937336,-0.11150904,-0.029810868,0.057012446,0.09138654,-0.007921273,0.035949923,-0.023187477,0.008342918,0.05816687,0.14733297
-0.0017886423,0.044404157,0.013192829,0.015898762,-0.031134605,-0.11232686,0.020726658,0.0017105304,0.06441868,-0.00042046607,0.024727399,0.011762017,0.010849705,0.006422489,0.14381495,0.059166208,0.013574934,-0.07346587,-0.14872703,0.019471105,0.12584417,0.059529856,-0.11111684,-0.029880643,0.05716569,0.0914722,-0.00783848,0.036126312,-0.022686455,0.008111272,0.057967827,0.14698502
-0.0015766546,0.044478446,0.013034731,0.015162919,-0.030753769,-0.11336066,0.02187224,0.0023233443,0.06497983,0.00039064325,0.02488403,0.012439169,0.010671308,0.006217883,0.14533865,0.05890471,0.012979272,-0.07336657,-0.14949518,0.019366618,0.12592615,0.059759848,-0.11136835,-0.030009866,0.0569216,0.09134001,-0.0076151323,0.035797656,-0.023868069,0.008127175,0.058700778,0.14736679
-0.0020332132,0.04490543,0.012998877,0.016112484,-0.03149243,-0.11266735,0.020262815,0.0015817955,0.06437005,-0.0011122245,0.024848431,0.011826618,0.010956457,0.0064885626,0.14442049,0.059261825,0.013396583,-0.073860265,-0.14989342,0.019576523,0.12584852,0.0591397,-0.11178739,-0.029471423,0.057055965,0.09134507,-0.007963415,0.036181275,-0.022736367,0.008609379,0.058048893,0.14727788
-0.0020013303,0.044429675,0.013209848,0.016224805,-0.030911908,-0.11185795,0.020726383,0.0011987872,0.06429404,-9.3616545e-05,0.024683319,0.011637919,0.010796046,0.0062830066,0.14306569,0.059203073,0.013435058,-0.07320872,-0.14781186,0.019352395,0.12588315,0.059578955,-0.11074613,-0.030117318,0.057098676,0.09162123,-0.007822109,0.03623843,-0.022264525,0.007603487,0.05766689,0.14651099
-0.0019512456,0.044994008,0.013040669,0.015836056,-0.031518072,-0.11310897,0.02065438,0.001888413,0.06455001,-0.00081488676,0.024825804,0.011959238,0.01071067,0.006325747,0.14532015,0.059103057,0.013136123,-0.0739224,-0.15041184,0.01970648,0.12598632,0.059051104,-0.11187829,-0.029539503,0.057057217,0.09128462,-0.007968698,0.03603396,-0.023063563,0.008712886,0.058175147,0.14745873
-0.0016814005,0.044377282,0.013089847,0.015345944,-0.030688554,-0.11306207,0.021977413,0.0021714456,0.064966984,0.00065691024,0.024863701,0.012327859,0.01062437,0.0062061613,0.14478213,0.05894669,0.012976875,-0.07320164,-0.14894775,0.019268941,0.1259674,0.05972731,-0.11113583,-0.030171573,0.05697862,0.0914399,-0.007554466,0.035908066,-0.023672983,0.007825866,0.058429163,0.14708772
-0.0016389992,0.044445742,0.013067309,0.015444144,-0.030856464,-0.1129184,0.02127843,0.0020910539,0.06479447,-3.6515296e-05,0.024846815,0.012196206,0.010777397,0.0063528894,0.14467022,0.05897839,0.013242472,-0.073480144,-0.14920647,0.01939743,0.12584236,0.0597175,-0.1113303,-0.029929498,0.05700759,0.09138943,-0.007660132,0.03595615,-0.023400906,0.008184696,0.05850417,0.14721894
-0.0021182634,0.044921525,0.012983989,0.016846847,-0.031704113,-0.11136495,0.01921478,0.0009096451,0.06394175,-0.0016111229,0.02462725,0.011263333,0.011064855,0.006591198,0.14311218,0.05930568,0.013814516,-0.07377317,-0.14893702,0.019823313,0.12577555,0.058849014,-0.11145861,-0.029563308,0.057279583,0.09157605,-0.008250732,0.03648413,-0.021726407,0.008445226,0.057259586,0.14663635
-0.001735501,0.044421494,0.013127791,0.015455652,-0.030696478,-0.1128498,0.021787722,0.0020454377,0.06485894,0.0006059427,0.02479954,0.012216311,0.010580497,0.0061553875,0.1445463,0.0589604,0.013005225,-0.07316952,-0.14882354,0.019251015,0.1259475,0.05970914,-0.11110071,-0.030171463,0.057019085,0.091487505,-0.0076037385,0.03588894,-0.023490185,0.0077364556,0.05828605,0.14703847
-0.002055969,0.045055665,0.013044905,0.016370416,-0.03165008,-0.112069145,0.019387603,0.0013052523,0.064030156,-0.0016652197,0.02466803,0.011533521,0.010985961,0.006505397,0.14378926,0.05933007,0.013700318,-0.073943794,-0.14985238,0.019621365,0.12570839,0.05910986,-0.111848354,-0.029303644,0.057189338,0.09144708,-0.008175913,0.03616018,-0.02218398,0.008677525,0.057819415,0.14730805
-0.001878798,0.044553373,0.013138635,0.015758779,-0.031050764,-0.11258603,0.021189604,0.0017957538,0.06460926,1.9464642e-05,0.02479832,0.01192748,0.010683076,0.0063086944,0.14426324,0.0591003,0.013253786,-0.07334258,-0.14892295,0.019449983,0.12594351,0.059495255,-0.11119124,-0.02999776,0.05702755,0.091484815,-0.007743366,0.036076978,-0.02304257,0.007973539,0.05802343,0.14701873
-0.001982646,0.04499592,0.013066607,0.016104506,-0.03158876,-0.11251396,0.02020847,0.0015741996,0.064345226,-0.0009866785,0.024751017,0.011705637,0.010789549,0.0064076437,0.14458182,0.05917535,0.013369805,-0.07383051,-0.14988853,0.019771941,0.12592927,0.05905299,-0.11170375,-0.02958053,0.057108197,0.09139602,-0.008085884,0.036157057,-0.022626061,0.008588558,0.05787597,0.14724709
-0.0019072015,0.04481206,0.013132773,0.015965017,-0.03136015,-0.11246175,0.020564888,0.0015933216,0.064345285,-0.0005324483,0.02469091,0.0117336195,0.010713862,0.006279326,0.14440729,0.059150048,0.013352778,-0.07356145,-0.14937584,0.019652538,0.12593265,0.059289314,-0.11140199,-0.02978718,0.057093937,0.09145306,-0.008026008,0.036034483,-0.022707995,0.008265134,0.05788038,0.14716373
-0.0013933443,0.043937318,0.013108987,0.014885366,-0.03015254,-0.113297746,0.022596672,0.0025153533,0.065127075,0.00116897,0.024834678,0.012628224,0.010632729,0.006077905,0.14484005,0.05881201,0.012979101,-0.072929464,-0.14845902,0.018971164,0.12584484,0.060232535,-0.11083718,-0.030352807,0.05696617,0.091423385,-0.0073284637,0.03563304,-0.024141803,0.0075393803,0.05885649,0.14711237
-0.0018503852,0.044354077,0.013191564,0.015996875,-0.031201974,-0.11234911,0.02084916,0.0016151778,0.06436019,-0.00030881166,0.02471822,0.01168073,0.010823781,0.0063719144,0.14384101,0.059200287,0.013555348,-0.07341044,-0.1485657,0.019528944,0.12592694,0.059444528,-0.11099696,-0.029977366,0.057151765,0.09147299,-0.007847551,0.036162157,-0.02261879,0.00805543,0.057811677,0.14686453
-0.0021396205,0.04475305,0.013109714,0.016672773,-0.03141532,-0.1113884,0.01961577,0.00087764487,0.06400043,-0.0010470655,0.024641141,0.011273919,0.010913217,0.0064828293,0.14285398,0.059283152,0.013728672,-0.07355497,-0.14827037,0.019698508,0.12582338,0.059186198,-0.11109858,-0.029837769,0.05715643,0.09163815,-0.008066997,0.03645333,-0.02172982,0.00807449,0.057335474,0.14651999
-0.001730971,0.04452747,0.012972698,0.015387702,-0.030862626,-0.11349007,0.022065239,0.00224806,0.065045476,0.0004979931,0.024925604,0.012448659,0.010647593,0.006176331,0.14548507,0.05893254,0.012776956,-0.07341434,-0.14962983,0.0193603,0.12605402,0.05944576,-0.11143311,-0.030045222,0.056968812,0.09132062,-0.007604094,0.035901178,-0.023878392,0.008116882,0.05850168,0.14719795
-0.0020396523,0.044913642,0.013052661,0.016394382,-0.03144905,-0.11200616,0.019698352,0.00128901,0.06429787,-0.0011870377,0.024752524,0.011571594,0.0109002795,0.0065308427,0.14368542,0.05918247,0.013503746,-0.0739128,-0.14931336,0.019667294,0.12581348,0.059131235,-0.11161702,-0.029614203,0.057172567,0.09148395,-0.008011192,0.036345102,-0.022216965,0.008487001,0.057784256,0.1469472
-0.0019868072,0.044941004,0.01298685,0.015834013,-0.03155489,-0.11335729,0.020817388,0.0019264817,0.06461527,-0.00089286827,0.024914818,0.012069553,0.010808723,0.0064132595,0.14544393,0.059159167,0.013136476,-0.07400965,-0.15049802,0.019703224,0.12603125,0.05899585,-0.11187882,-0.0294925,0.056999233,0.09123273,-0.007892065,0.036162093,-0.02308409,0.008838141,0.058303725,0.14741695
-0.001877036,0.044745382,0.013062503,0.015919657,-0.031249583,-0.11245242,0.020544522,0.0016483217,0.06449333,-0.00062726066,0.024797373,0.0118790865,0.010850476,0.00646934,0.14416423,0.059153356,0.013426225,-0.07363264,-0.14927354,0.019582894,0.12586714,0.05938731,-0.11141776,-0.02975025,0.057039224,0.091464505,-0.007882949,0.036205404,-0.022728946,0.008334266,0.058104914,0.14709115
-0.0019665882,0.044565402,0.013113506,0.016004253,-0.030987997,-0.11231326,0.02109719,0.0014759302,0.064472385,6.774254e-05,0.024720283,0.011869701,0.010711407,0.006227524,0.14382048,0.059157137,0.013243875,-0.073241465,-0.14848602,0.0193878,0.12596256,0.059457116,-0.11098193,-0.030077308,0.05704675,0.09157332,-0.0078036934,0.036144115,-0.022694487,0.0077689383,0.057855017,0.14673878
-0.002199553,0.04497639,0.013092371,0.017163929,-0.03167468,-0.110288695,0.017843913,0.00037911907,0.06349401,-0.00229517,0.024459235,0.010763086,0.01108302,0.0067139408,0.14167216,0.059357524,0.014349823,-0.073854916,-0.14814252,0.019872736,0.12551433,0.05914846,-0.11129395,-0.029509734,0.057289843,0.091785796,-0.008303437,0.036614448,-0.020763483,0.008378273,0.057048135,0.14647032
-0.0015477762,0.044149302,0.0130914245,0.015122738,-0.03023288,-0.11317434,0.022542061,0.0023220852,0.06510999,0.0012597907,0.024804067,0.012568887,0.010545025,0.0059783505,0.14480351,0.058823045,0.012769369,-0.07292397,-0.14856263,0.018964086,0.12592146,0.059995584,-0.11092775,-0.03037096,0.057015806,0.09146795,-0.0074219704,0.03565462,-0.02403012,0.007431429,0.05860511,0.14700933
-0.0014925301,0.044143107,0.013026129,0.014970616,-0.0301857,-0.11361772,0.022874977,0.0025260076,0.06531934,0.0014472492,0.02488324,0.012767328,0.010522323,0.0059394734,0.14537615,0.058747184,0.012548372,-0.073026665,-0.14893563,0.01894895,0.12598088,0.059966408,-0.111087926,-0.030392362,0.056988705,0.0913737,-0.0073469337,0.035590243,-0.024405662,0.0075535644,0.058821358,0.14712076
-0.0017960239,0.044494033,0.013083991,0.015630707,-0.030894354,-0.11265589,0.021306485,0.0019147396,0.06468556,0.00012419,0.024814878,0.01205848,0.010730339,0.00629058,0.14429793,0.05906738,0.013219769,-0.073270954,-0.148973,0.019306395,0.12585466,0.05963549,-0.111277744,-0.029987842,0.057023965,0.09146972,-0.007686207,0.035944566,-0.023331895,0.007919794,0.05817948,0.14712346
-0.0019178893,0.044690654,0.013136905,0.016246576,-0.031374782,-0.111896336,0.019864231,0.0013521574,0.064165175,-0.0010335408,0.024653094,0.011519033,0.0109004285,0.0064843344,0.14346203,0.059225608,0.013727341,-0.073675506,-0.14890029,0.019623622,0.12577716,0.059345882,-0.11131385,-0.02970377,0.05719172,0.09153126,-0.008021474,0.036236342,-0.022180377,0.008316694,0.057765022,0.14695448
-0.001994228,0.04470045,0.013003834,0.016401444,-0.031227946,-0.11183148,0.02011273,0.0011984371,0.06424031,-0.0008140132,0.024680711,0.0116469655,0.010947349,0.006421157,0.14340217,0.05919981,0.013532407,-0.073527984,-0.14865646,0.019538801,0.12580848,0.059233665,-0.111231185,-0.029804878,0.05716112,0.0915711,-0.007988919,0.036300376,-0.022243805,0.008110816,0.057683676,0.1466622
-0.0016580597,0.044150688,0.013155634,0.01573101,-0.030307174,-0.112191685,0.021363094,0.0014868826,0.06455727,0.00056464225,0.024661066,0.012088142,0.01081665,0.006109518,0.14325912,0.059036963,0.013254218,-0.07299079,-0.1475058,0.01902356,0.1257725,0.06013474,-0.11057045,-0.030319756,0.05705502,0.09160945,-0.0076552704,0.035910565,-0.022833234,0.007337846,0.058267318,0.14660642
-0.0018893499,0.04504724,0.012944926,0.015702747,-0.031620353,-0.11332366,0.020704713,0.0020094104,0.06454107,-0.0008692518,0.02481722,0.011990495,0.010668403,0.0062725926,0.1459292,0.059038166,0.013125488,-0.073936224,-0.15078197,0.019882798,0.1260082,0.05899354,-0.11199977,-0.029534956,0.056979112,0.09123409,-0.008004094,0.03593123,-0.02331207,0.008902157,0.058242332,0.14759922
-0.0019214004,0.044709023,0.013010111,0.01619767,-0.031258088,-0.11228023,0.020234235,0.0015084594,0.06445341,-0.000834452,0.024773162,0.011793226,0.010920422,0.0064721005,0.14392155,0.059136197,0.01341446,-0.07377396,-0.14923058,0.01953267,0.12582743,0.05922972,-0.111509606,-0.02971508,0.05717777,0.09145385,-0.007902596,0.036251355,-0.022568824,0.0083777215,0.057958566,0.1469286
-0.0018604212,0.044383775,0.0132177025,0.01615326,-0.03119402,-0.11181817,0.020306356,0.0013686158,0.064127386,-0.000613071,0.024619453,0.011480903,0.010874594,0.0064083105,0.14323127,0.05923194,0.013801256,-0.07335362,-0.14819616,0.01955283,0.12580125,0.05953697,-0.11089261,-0.029934268,0.057174824,0.091569744,-0.007939827,0.03618826,-0.02222599,0.00797818,0.057662107,0.1467675
-0.0020112153,0.04499748,0.01300282,0.016208095,-0.03159391,-0.112498626,0.019906994,0.0014893226,0.0642775,-0.0013188235,0.024759727,0.011736473,0.010931326,0.0064852117,0.14432049,0.059253458,0.01348096,-0.07398036,-0.14997993,0.019668099,0.12584363,0.059072383,-0.111816265,-0.029433204,0.05712411,0.09138697,-0.008065755,0.036207274,-0.022470456,0.008726383,0.057999354,0.14726946
-0.0022190027,0.04514527,0.013139436,0.017229924,-0.031740732,-0.110024855,0.017370626,0.0003102459,0.06341251,-0.0025714394,0.024415314,0.010634199,0.01104706,0.006742538,0.14149407,0.05933577,0.014411882,-0.073955536,-0.14830261,0.01991421,0.12543325,0.059140414,-0.1114575,-0.02939248,0.057336856,0.09181458,-0.008392872,0.036588833,-0.02060014,0.008445855,0.056980677,0.14658025
-0.0018185582,0.04444832,0.0132324025,0.016343573,-0.031185161,-0.11123912,0.01941637,0.0011418834,0.06388346,-0.0012057554,0.02449597,0.011298679,0.010994447,0.0064971903,0.14248791,0.059258826,0.014115092,-0.07348325,-0.14804667,0.019510023,0.12558264,0.059648488,-0.110963546,-0.029747846,0.057288002,0.09165098,-0.008059338,0.036191974,-0.021747906,0.008058477,0.05763258,0.14677416
-0.0021182708,0.045136925,0.013092294,0.016752262,-0.031710666,-0.11107723,0.018423356,0.00090779737,0.06382997,-0.0020272695,0.02454244,0.011115778,0.010930231,0.0066310177,0.1427719,0.05926952,0.013996962,-0.074000426,-0.14920747,0.019812785,0.1256102,0.059065986,-0.11169851,-0.029389394,0.05728902,0.09165085,-0.008252334,0.036405984,-0.0214458,0.008603657,0.05741505,0.1469443
-0.002160566,0.04506109,0.013068929,0.016880535,-0.031681426,-0.110752046,0.018370546,0.00068992376,0.063720115,-0.002001997,0.02453518,0.011001602,0.01098978,0.0066763805,0.14236099,0.0593091,0.014131684,-0.07382363,-0.1486448,0.019875389,0.12560207,0.059109442,-0.11144084,-0.02950523,0.057218827,0.09172747,-0.008251037,0.036530465,-0.021231614,0.0084373,0.05724434,0.1466876
-0.0018360969,0.04436872,0.013140827,0.015986927,-0.030737687,-0.111897826,0.020864699,0.0013108402,0.06435629,8.0257654e-05,0.024664793,0.011776516,0.01080309,0.0062503936,0.14321926,0.059120618,0.013457622,-0.073084466,-0.14772943,0.019348439,0.12581855,0.0598085,-0.11069179,-0.030201832,0.057017807,0.091640934,-0.0077858903,0.03611612,-0.02250978,0.0075663477,0.05789374,0.14658028
-0.0021356232,0.044985157,0.013178935,0.017011203,-0.031637803,-0.11033094,0.017852195,0.00047788024,0.06350523,-0.002336001,0.02447141,0.010798566,0.011096379,0.006751584,0.14167425,0.059365343,0.014396699,-0.073854715,-0.14819653,0.019842714,0.12547119,0.0592898,-0.11129836,-0.029432964,0.057278257,0.09176229,-0.008321615,0.036563214,-0.02079755,0.00838666,0.05717855,0.14662808
-0.0013783388,0.044113904,0.0130090825,0.014700191,-0.030132078,-0.1136512,0.022626871,0.002598308,0.06521087,0.0010341965,0.024893627,0.012864808,0.01066068,0.0060883546,0.14529032,0.05880232,0.012885608,-0.07306625,-0.14894468,0.018982232,0.12583634,0.060291834,-0.11103234,-0.03022186,0.056817494,0.09137772,-0.0073017403,0.03561224,-0.024291828,0.007757446,0.059232257,0.14731066
-0.0018934906,0.044770245,0.013089649,0.016214032,-0.031444807,-0.11199983,0.01964584,0.001408726,0.06409389,-0.0013597645,0.024617895,0.011560623,0.010935964,0.006475988,0.14369026,0.059226327,0.01378693,-0.07380354,-0.14929724,0.019641656,0.12572066,0.05930061,-0.111488365,-0.029532228,0.057205264,0.09149239,-0.008075278,0.036166415,-0.02218058,0.008523747,0.057884023,0.14710961
-0.0020961333,0.044794824,0.013113372,0.016420554,-0.031366244,-0.11177819,0.019990817,0.0010646284,0.06409015,-0.00082106516,0.024647951,0.011459786,0.010828761,0.006381762,0.14333613,0.059268005,0.013590542,-0.07351988,-0.1485757,0.019654986,0.12587741,0.05926245,-0.111136355,-0.029839732,0.057084408,0.09160164,-0.008036345,0.036320828,-0.021996822,0.008089997,0.05755956,0.14671531
-0.0019707773,0.044934563,0.013283279,0.017186312,-0.031510502,-0.11051668,0.01802506,0.0001414679,0.06377076,-0.001899289,0.024339389,0.010952143,0.01126832,0.0064011244,0.14150363,0.05943947,0.014081951,-0.07381329,-0.1479916,0.01952506,0.12561521,0.05946877,-0.11127038,-0.029642846,0.057425316,0.091780365,-0.008239808,0.0364963,-0.02099568,0.008086102,0.05727844,0.14654014
-0.0021101683,0.04480905,0.013071524,0.01641171,-0.031396016,-0.11184435,0.020040255,0.0011445396,0.06413632,-0.0009205155,0.024678301,0.011540346,0.010873852,0.006437416,0.14340818,0.05928322,0.013601387,-0.07354466,-0.14874941,0.01963076,0.12586817,0.05918113,-0.11120942,-0.02975732,0.05709173,0.09159144,-0.0080120955,0.03636723,-0.022058006,0.00815854,0.05760254,0.14672732
-0.0022300817,0.044709947,0.013107186,0.016640525,-0.031553276,-0.11159894,0.019957453,0.0008451976,0.06394462,-0.00087594055,0.024682753,0.011208266,0.010848077,0.006445472,0.1431874,0.059335034,0.0137236705,-0.07343958,-0.1481588,0.019879233,0.12597312,0.059113387,-0.11091251,-0.029966403,0.057002336,0.09161633,-0.008037303,0.03652294,-0.021756295,0.008063683,0.05722268,0.14644459
-0.002039943,0.0446484,0.013093021,0.016100023,-0.031224705,-0.11222776,0.02086144,0.0013652034,0.06432558,-0.00021007285,0.024725916,0.01170318,0.010727195,0.0062967977,0.14389391,0.059211753,0.013391277,-0.07328215,-0.14855914,0.019612253,0.1259963,0.05933273,-0.11098948,-0.030031241,0.05697144,0.09157062,-0.0078766905,0.03624717,-0.02251874,0.007927489,0.05770659,0.14673153
-0.0019965451,0.04484313,0.012984339,0.016094921,-0.031386744,-0.11276895,0.020594414,0.0016318783,0.06455083,-0.00066834316,0.02482561,0.011905905,0.0108045135,0.0063768653,0.14462215,0.059137475,0.013178818,-0.073845014,-0.14974569,0.019604504,0.12597822,0.059071336,-0.11165239,-0.029711153,0.05709807,0.091379546,-0.007893633,0.036209375,-0.022808634,0.008501889,0.05803001,0.14707698
-0.0021001324,0.04523078,0.013002373,0.016427135,-0.031909447,-0.11210732,0.0193289,0.0012148246,0.06401423,-0.0017462373,0.024682743,0.011443324,0.010910554,0.006537932,0.14421053,0.059299234,0.013679802,-0.07403051,-0.15002054,0.019989386,0.12586196,0.058887415,-0.11182261,-0.02936428,0.05708594,0.09144896,-0.008275999,0.036327068,-0.02203504,0.008878719,0.057702694,0.14722237
-0.0020228848,0.045172192,0.012976849,0.016080698,-0.03180205,-0.112726025,0.020166315,0.001576528,0.064266,-0.0011622012,0.024733452,0.011720557,0.010758681,0.006365479,0.14508924,0.05920317,0.013361356,-0.07389757,-0.15036644,0.01994317,0.12599167,0.058896817,-0.11184866,-0.029498074,0.057021014,0.09136769,-0.008174084,0.036131285,-0.02266772,0.008814098,0.05789851,0.14738333
-0.0021759681,0.044806022,0.013160104,0.016629908,-0.03172579,-0.11155696,0.019489028,0.0009677671,0.06384621,-0.0013741143,0.024615642,0.011159604,0.010894535,0.006529483,0.14313011,0.059384763,0.01392026,-0.0736642,-0.14867602,0.01985927,0.12587129,0.059063047,-0.11117317,-0.02968517,0.05714354,0.0915935,-0.008142434,0.03646699,-0.02161866,0.008341838,0.05729471,0.14672858
-0.0020457916,0.04496742,0.012985121,0.01635087,-0.031590022,-0.11249344,0.019803725,0.0014137849,0.064309455,-0.0013787765,0.024767015,0.011719229,0.010943389,0.006493994,0.14424047,0.059230912,0.013431223,-0.07411973,-0.14992821,0.019667428,0.12587376,0.058977228,-0.11181777,-0.029454421,0.057181638,0.0913771,-0.008037511,0.03630036,-0.022325272,0.008778663,0.05797248,0.14712504
-0.0022161156,0.0452022,0.013164025,0.016915586,-0.031831272,-0.1108975,0.018093765,0.00066485256,0.06361965,-0.0023187883,0.024518557,0.010937126,0.010979021,0.006667125,0.14246815,0.059373453,0.0141349705,-0.07405426,-0.14904,0.019883957,0.12560838,0.059058588,-0.11161124,-0.029309789,0.057260618,0.09166038,-0.008346623,0.036495212,-0.021042868,0.00863003,0.057294693,0.14690019
-0.002067212,0.04513913,0.012982279,0.016299203,-0.031817693,-0.11236215,0.019637503,0.0013703145,0.064147554,-0.0016065966,0.02474027,0.011608204,0.010932235,0.0065514436,0.14437866,0.05928972,0.013612744,-0.07403059,-0.15008114,0.019900937,0.12588054,0.058931842,-0.111814275,-0.029374175,0.057064123,0.09141262,-0.008170558,0.036329668,-0.022228256,0.00888375,0.05787664,0.1472417
-0.0018600207,0.0449938,0.012930151,0.015762968,-0.03154179,-0.11319723,0.020417899,0.0019415468,0.064540036,-0.0011953954,0.024858313,0.012066761,0.010874821,0.006456998,0.14540951,0.0591147,0.013300964,-0.07407361,-0.15063941,0.019753795,0.12589556,0.059113894,-0.11199784,-0.029389014,0.057000685,0.091246374,-0.007960647,0.036081616,-0.023065269,0.008992143,0.058445405,0.14755228
-0.0017848648,0.044637293,0.012888439,0.015516737,-0.031079993,-0.11360623,0.021797223,0.002200272,0.0649508,0.000104263425,0.024915028,0.012425963,0.010714842,0.00620954,0.1456973,0.058988824,0.0128348945,-0.073617645,-0.15006214,0.019454438,0.12606826,0.059237488,-0.11162467,-0.029882256,0.05698688,0.09127539,-0.0076816026,0.03595059,-0.023758028,0.008405926,0.058500025,0.1472618
-0.0021817759,0.044876482,0.013084244,0.016549516,-0.031742126,-0.111865275,0.019611884,0.0011092909,0.06392124,-0.0014311112,0.02468271,0.011318026,0.010968542,0.0065314686,0.14344257,0.059422474,0.013814789,-0.07372085,-0.14917412,0.01973436,0.12583125,0.05903637,-0.111463055,-0.029534332,0.05712954,0.09151086,-0.008127905,0.036351245,-0.021959301,0.008456415,0.057456523,0.1469704
-0.0021710824,0.045086596,0.013051089,0.01679163,-0.031725746,-0.11116212,0.018602006,0.0008260347,0.063836366,-0.0019769967,0.024608929,0.011138523,0.010991948,0.0066737765,0.14279836,0.059313603,0.013993115,-0.07395763,-0.14901748,0.019869696,0.1256723,0.059042644,-0.11156944,-0.029448366,0.057189405,0.09163664,-0.008209763,0.03652855,-0.02141258,0.008590179,0.057410605,0.1468045
-0.002142936,0.044827957,0.013040692,0.016561154,-0.031472318,-0.11179106,0.01986077,0.0010237843,0.06406979,-0.0009967964,0.024648448,0.011441335,0.010870153,0.0064027095,0.14339483,0.059282843,0.013591313,-0.073624104,-0.14875793,0.019688688,0.12589055,0.059086356,-0.111245714,-0.029782541,0.05712824,0.09158574,-0.008058051,0.03637627,-0.021947142,0.008215914,0.057490785,0.14666654
-0.0022018924,0.044967987,0.013031425,0.016926335,-0.031727295,-0.11099498,0.018724438,0.00068152696,0.0637159,-0.001855934,0.024549989,0.011057753,0.011017887,0.006617355,0.14257598,0.059364945,0.014062061,-0.07376973,-0.14861314,0.019870926,0.12570737,0.05899187,-0.11132911,-0.029562581,0.057206966,0.09168785,-0.00824048,0.036555357,-0.021282483,0.0084149465,0.057195667,0.14658459
-0.0019023269,0.044755727,0.012909373,0.015798312,-0.03126148,-0.11327766,0.021282822,0.0019275472,0.06475216,-0.00028375164,0.024880888,0.012200359,0.010768974,0.006279613,0.1453126,0.059070475,0.01297807,-0.07372195,-0.14998658,0.019552499,0.12604782,0.059106313,-0.11164796,-0.029784245,0.05701892,0.09130927,-0.007797923,0.036079466,-0.023331402,0.008480685,0.058272637,0.1471718
-0.002032254,0.044791646,0.01315343,0.016566932,-0.03157879,-0.111354165,0.019117165,0.0009943247,0.06381161,-0.0016063023,0.024547584,0.011208516,0.010980351,0.0065637296,0.14282835,0.05934547,0.014057554,-0.07372874,-0.14867759,0.019739557,0.12569565,0.05926144,-0.11125595,-0.029572226,0.05722192,0.09161996,-0.008172791,0.03636615,-0.021558873,0.008385571,0.057488658,0.14683652
-0.0021501314,0.04499281,0.012974683,0.016573071,-0.031638477,-0.11200848,0.01965332,0.0011429377,0.06414891,-0.0013578311,0.024712825,0.01151694,0.010929631,0.006496449,0.14378178,0.059269063,0.013541062,-0.07390014,-0.14943054,0.019756507,0.12587883,0.058899608,-0.11160605,-0.029564744,0.05715734,0.091496274,-0.008099712,0.036408678,-0.022053137,0.00855713,0.057613578,0.14685479
-0.002022395,0.044951323,0.012998883,0.016028052,-0.031546727,-0.11285196,0.020606775,0.0016442835,0.0644424,-0.0008070357,0.024808016,0.011884436,0.0107938405,0.0063762227,0.14485672,0.059202097,0.013255756,-0.07380807,-0.14996485,0.019719757,0.12601139,0.059022795,-0.111656785,-0.029621258,0.057024818,0.0913703,-0.007983614,0.036196407,-0.022771958,0.008592542,0.05801856,0.14720407
-0.0020107199,0.044800732,0.013100743,0.016383994,-0.031620506,-0.11201834,0.019611195,0.0012937561,0.06398461,-0.0014815722,0.024606649,0.01146381,0.010946495,0.0064739017,0.14366236,0.059321582,0.013816645,-0.07384269,-0.14933899,0.019691844,0.12579656,0.059116855,-0.11145962,-0.029493157,0.057224907,0.09148605,-0.008127887,0.03625331,-0.021979626,0.008569581,0.057710834,0.14703943
-0.0018909667,0.044554044,0.013023656,0.015707614,-0.031101052,-0.11284837,0.021347202,0.0018753819,0.064593665,-4.461035e-05,0.024822257,0.012039918,0.010748388,0.0062818853,0.14459547,0.05914616,0.0132410405,-0.073323786,-0.14923447,0.019417435,0.12593773,0.059436604,-0.11131681,-0.029920235,0.056973167,0.09143373,-0.0077276733,0.036003042,-0.023275334,0.008079268,0.058114953,0.147128
-0.0019923206,0.04465625,0.013185216,0.016705122,-0.031449698,-0.111055404,0.018901177,0.0008256249,0.06370987,-0.0015768129,0.02447442,0.011068158,0.010999804,0.0065045366,0.14241235,0.059310444,0.014116195,-0.073682494,-0.14820835,0.019684907,0.12563094,0.0593667,-0.11111071,-0.02967568,0.057305433,0.0916519,-0.008192848,0.0363162,-0.021383606,0.008229507,0.057360888,0.14667548
-0.0022210926,0.045037486,0.013038889,0.016666416,-0.03190795,-0.11179802,0.019193731,0.0010384545,0.06380718,-0.0018544141,0.024654523,0.011258736,0.011027051,0.0065754624,0.14346051,0.059463885,0.013898116,-0.07388528,-0.14954689,0.019790493,0.12577884,0.05890896,-0.11168394,-0.029342454,0.057162754,0.0914958,-0.008233771,0.036358625,-0.021815212,0.008673392,0.057437748,0.14708297
-0.0017101914,0.044545457,0.0129383,0.015195244,-0.03083203,-0.11376832,0.022251481,0.0023333393,0.06505273,0.0005065724,0.024936605,0.012614254,0.010656064,0.00616243,0.14571223,0.058977246,0.012798715,-0.07340641,-0.14979038,0.019332126,0.12606765,0.059558965,-0.111405626,-0.03000082,0.05684968,0.091313876,-0.0075538848,0.035878137,-0.02394225,0.0081918035,0.05876772,0.14731775
-0.001756018,0.044528164,0.012926741,0.015355113,-0.030845478,-0.11372814,0.022320062,0.0022814535,0.06504322,0.0006906092,0.024873951,0.012538703,0.010564132,0.0060169557,0.14577866,0.058933377,0.012648192,-0.073373646,-0.14978255,0.019301958,0.12612328,0.059385348,-0.111425206,-0.030097743,0.056968477,0.09131922,-0.007590279,0.035797644,-0.023984615,0.008082446,0.05852899,0.14721091
-0.0022841394,0.044914026,0.013091898,0.017019613,-0.031844605,-0.1110907,0.018649574,0.0006112382,0.06364111,-0.0019575562,0.02456675,0.010937149,0.011009561,0.006636453,0.14252171,0.05943416,0.01411494,-0.073893614,-0.14857265,0.019915294,0.12577045,0.058943987,-0.11128228,-0.029561337,0.05720754,0.09165219,-0.008216077,0.03663672,-0.02108416,0.00850101,0.057133615,0.1465596
-0.002103135,0.045181017,0.012961555,0.016408626,-0.03184449,-0.11222833,0.019456133,0.0012373552,0.06408072,-0.0017037559,0.024721406,0.011547467,0.010955127,0.0065588327,0.14421594,0.05930942,0.013646103,-0.07405253,-0.14999753,0.01992552,0.12586996,0.058907136,-0.11180456,-0.029370822,0.057061385,0.09143851,-0.008204851,0.03637213,-0.022075042,0.008886807,0.057815064,0.14717473
-0.0022668466,0.04500774,0.013118252,0.016852908,-0.03198116,-0.111593045,0.01902983,0.000874117,0.06373966,-0.0018273834,0.024574082,0.011080874,0.010921063,0.0065398766,0.14322504,0.05944356,0.013926407,-0.073961504,-0.14923906,0.019909207,0.12587887,0.05879352,-0.11147716,-0.02947239,0.05724754,0.091557845,-0.008269176,0.036495432,-0.021398243,0.008639837,0.057225004,0.14683732
-0.0018359516,0.044582557,0.012996554,0.015788171,-0.031205881,-0.112878814,0.021024805,0.0018628761,0.06458672,-0.00037846342,0.024798345,0.012033451,0.010802759,0.0063503003,0.1446731,0.059118465,0.013311334,-0.07359774,-0.14945278,0.019528054,0.12594348,0.059329122,-0.11139975,-0.02982813,0.05704752,0.091402404,-0.007782206,0.036101036,-0.023052283,0.008360609,0.058204602,0.14710684
-0.0022536237,0.044911053,0.0130877085,0.016760342,-0.031791046,-0.11160489,0.019395933,0.0008569211,0.06384073,-0.0014437195,0.024625007,0.011160815,0.010892825,0.0065022344,0.14323504,0.059388705,0.013824782,-0.07375901,-0.14883074,0.019896634,0.12591197,0.058926903,-0.11127211,-0.029672222,0.057129253,0.09158627,-0.008164715,0.036511306,-0.021562207,0.008418104,0.0572586,0.14667577
-0.0022524763,0.04501907,0.01299306,0.01714476,-0.03187871,-0.110817306,0.018395018,0.0005189888,0.06358134,-0.002100069,0.02450056,0.01091109,0.01105552,0.0066279816,0.14244011,0.05940117,0.0141448695,-0.073853195,-0.14864542,0.01995429,0.12570563,0.058836892,-0.11138067,-0.029521272,0.05726708,0.09170125,-0.0083344,0.036604825,-0.02106164,0.008510271,0.057014138,0.14651208
-0.0021305569,0.044900384,0.013154808,0.016753634,-0.03174687,-0.11126199,0.018855873,0.000836391,0.06370881,-0.0018163677,0.024540398,0.011068238,0.010983756,0.006580944,0.14278044,0.059389807,0.014076184,-0.07383222,-0.14876673,0.019840954,0.1257294,0.059106905,-0.1113223,-0.029519916,0.05723424,0.09161475,-0.008253461,0.036441073,-0.02134705,0.008478638,0.0573265,0.14680143
-0.0019817632,0.04449317,0.0131079815,0.016382106,-0.031194389,-0.1116232,0.020070262,0.0010528937,0.06403944,-0.00070724636,0.024620155,0.011415333,0.010901613,0.006387218,0.14305472,0.05923838,0.013759893,-0.07336313,-0.14798549,0.019626789,0.12581421,0.059462015,-0.110855654,-0.0299915,0.057084125,0.091620706,-0.007957943,0.036302358,-0.021994162,0.007947909,0.05755824,0.14654066
-0.0021281503,0.04491539,0.013030654,0.016443282,-0.0315971,-0.112018846,0.019857898,0.0011920743,0.06411942,-0.0011453163,0.024678068,0.011512764,0.010860926,0.0064557185,0.14371616,0.05929771,0.013606267,-0.073749386,-0.1492266,0.019735113,0.1259031,0.059028856,-0.11142813,-0.029657079,0.05711286,0.0915426,-0.008059913,0.036370207,-0.022060243,0.008430816,0.057625815,0.14687268
-0.0018996019,0.044670276,0.013047757,0.016225282,-0.03142536,-0.11212517,0.019806493,0.0014007799,0.06412857,-0.0012465082,0.024652466,0.01157294,0.0109440405,0.006461554,0.14380741,0.059213363,0.013749537,-0.07380044,-0.14917892,0.019673724,0.12577027,0.059289448,-0.11141613,-0.029628588,0.05716549,0.091465734,-0.0080104,0.036200803,-0.022243693,0.008527622,0.057889763,0.14701252
-0.0017940607,0.04446656,0.013028961,0.0158674,-0.03123686,-0.112673365,0.020777792,0.0017734282,0.06440603,-0.0006382521,0.02473823,0.0119120665,0.010908892,0.006393577,0.14436045,0.05917567,0.013547421,-0.073581025,-0.14921008,0.019539941,0.12587127,0.059383094,-0.11127611,-0.029770283,0.057098117,0.09140835,-0.007845322,0.03610948,-0.022818433,0.008377546,0.058134977,0.14705814
-0.0021195672,0.044953942,0.013004264,0.016630013,-0.031605408,-0.11177531,0.019318525,0.0010360703,0.06404962,-0.0015273485,0.024663726,0.011430668,0.010979379,0.006545837,0.14334822,0.059300616,0.013709415,-0.07394834,-0.149214,0.019719258,0.12579848,0.05902696,-0.11155138,-0.029542387,0.05719082,0.091542974,-0.008109797,0.036433563,-0.021803688,0.008562386,0.057636656,0.14683503
-0.0020880215,0.04490861,0.012990577,0.016687607,-0.031605538,-0.11159758,0.01912383,0.0010249019,0.06400105,-0.0017045271,0.0246407,0.01138369,0.0110430475,0.0065992856,0.14315695,0.05929619,0.013827458,-0.07395576,-0.14914617,0.019713473,0.1257275,0.05902022,-0.11156093,-0.029491525,0.05724608,0.0915559,-0.008127667,0.0364487,-0.021734681,0.008586962,0.05759233,0.14679906
-0.001609778,0.044320043,0.013006052,0.015067954,-0.030518737,-0.113508366,0.022356426,0.0023260415,0.06501263,0.0007858388,0.024857005,0.012617925,0.010627,0.0060917,0.14521915,0.058939837,0.012910927,-0.07315332,-0.14912547,0.019157354,0.12596743,0.059896797,-0.111091524,-0.030159565,0.05685421,0.091407135,-0.0074589364,0.035775,-0.023906961,0.007859636,0.058819856,0.14720532
-0.0018242858,0.044621177,0.012942325,0.015564427,-0.031090334,-0.11329124,0.021574078,0.002071321,0.06481016,4.4614077e-05,0.02485718,0.012273585,0.010681866,0.0062363716,0.14525408,0.059036292,0.01302199,-0.07352663,-0.1497225,0.019476023,0.12603123,0.059332952,-0.11146661,-0.02992342,0.05696221,0.09136972,-0.0076791085,0.03600324,-0.023487082,0.008303251,0.058385104,0.14719048
-0.0021901,0.04524849,0.012941193,0.016436795,-0.031976018,-0.112348646,0.019319944,0.0012716651,0.06394026,-0.0019655433,0.024726138,0.011476325,0.010984639,0.006517873,0.1444104,0.059384115,0.013677292,-0.0740729,-0.15041354,0.019871809,0.1258037,0.058834553,-0.1120641,-0.02918487,0.057059895,0.09136405,-0.008246554,0.0362132,-0.02224039,0.008986693,0.05774767,0.14742276
-0.0021467693,0.045039747,0.01299767,0.016346402,-0.031680685,-0.112347156,0.019967824,0.001263611,0.06415826,-0.0012101214,0.024726916,0.011609755,0.010847075,0.0064320164,0.14422435,0.059295695,0.013494743,-0.07384666,-0.1496433,0.019812886,0.1259574,0.058967717,-0.1115705,-0.029575434,0.057027742,0.09146724,-0.008085016,0.03633979,-0.022202458,0.008598989,0.057766594,0.14702594
-0.0022376925,0.045216177,0.012974599,0.016614413,-0.03195322,-0.11214293,0.019135147,0.0011233464,0.063935295,-0.0020151567,0.024719313,0.011401733,0.011005005,0.006568973,0.14399634,0.059396546,0.01370371,-0.0741526,-0.15013179,0.019846074,0.12581274,0.058800682,-0.11197041,-0.029221948,0.057124756,0.09140757,-0.008228162,0.03635782,-0.021943893,0.0089407265,0.05766078,0.14722675
-0.002155019,0.044870626,0.012962211,0.016723134,-0.03155629,-0.11170691,0.01958881,0.0009244308,0.06397434,-0.0012793317,0.02460362,0.011415651,0.010956859,0.006412293,0.14333273,0.059311483,0.01365514,-0.07372128,-0.14889875,0.019698966,0.12585412,0.058956914,-0.1113416,-0.029682374,0.0571931,0.09158368,-0.008136101,0.036394168,-0.021808077,0.008340448,0.05744282,0.14662898
-0.0019800533,0.044688743,0.013065027,0.016134566,-0.031343177,-0.112188704,0.02041028,0.0014194436,0.06423581,-0.0006780196,0.024672782,0.01167641,0.010812437,0.006371516,0.14385049,0.059235774,0.013572687,-0.07349799,-0.14893506,0.019614894,0.12589616,0.059288673,-0.111202985,-0.029821243,0.057071626,0.09154749,-0.007943191,0.036221515,-0.022397874,0.008204905,0.05779872,0.14689572
-0.0022018217,0.045039747,0.013098711,0.016802471,-0.031866305,-0.11131032,0.018747933,0.000819169,0.063716374,-0.0020050853,0.024578106,0.011089787,0.011000974,0.0066384384,0.14291553,0.05941332,0.014063696,-0.07392468,-0.1490486,0.019909877,0.12574683,0.058974132,-0.11146204,-0.029422872,0.057191692,0.09160745,-0.008270174,0.03652325,-0.021319216,0.0086205285,0.057335433,0.14683366
-0.0019698553,0.04469803,0.013056893,0.016322535,-0.031460367,-0.111981414,0.019840926,0.0012884252,0.06408716,-0.0011715628,0.02463569,0.011537133,0.0109418575,0.006473542,0.1435408,0.0592821,0.013775334,-0.073710434,-0.14899343,0.019652747,0.125806,0.059243236,-0.111309245,-0.029666763,0.057163205,0.09153231,-0.008026991,0.036284324,-0.022087678,0.008413892,0.057765346,0.14690252
-0.001960963,0.044834115,0.012878876,0.015891254,-0.03142878,-0.11337833,0.021180809,0.0018914863,0.06466613,-0.0004138574,0.024845127,0.012148434,0.010753872,0.006234848,0.14546898,0.059126087,0.012975544,-0.07381027,-0.15028496,0.019587453,0.12608775,0.058955878,-0.111770466,-0.02971857,0.057051722,0.09128918,-0.007863607,0.03605041,-0.023283005,0.008608084,0.05819689,0.14724901
-0.0019377135,0.044703614,0.013032675,0.015993845,-0.0312386,-0.11243971,0.02058496,0.0015124604,0.06434413,-0.000590004,0.02471454,0.011849705,0.010821456,0.006348959,0.14408828,0.059206605,0.013461585,-0.07354097,-0.14909393,0.019550614,0.12589669,0.059376627,-0.11126124,-0.029805323,0.057016376,0.091509245,-0.007889165,0.03617511,-0.022567304,0.00824438,0.058037203,0.14698143
-0.0018498041,0.04464934,0.012952045,0.015546504,-0.031071212,-0.11336039,0.021690734,0.0020447746,0.06480592,0.00011611357,0.024856782,0.012324616,0.010677481,0.006205841,0.14526512,0.05907039,0.012978671,-0.07349014,-0.14971049,0.019436806,0.12605874,0.059348743,-0.11142139,-0.029922783,0.05693333,0.09137654,-0.007685229,0.036001656,-0.023465239,0.00825333,0.058419935,0.14719117
-0.0018484183,0.044624653,0.012937952,0.01555313,-0.0309885,-0.11349252,0.021975458,0.002090022,0.06487201,0.00044886023,0.024808375,0.012387369,0.0105725285,0.0060289307,0.14547828,0.059014328,0.012763415,-0.07341805,-0.14976165,0.019339632,0.12611759,0.05927907,-0.11142789,-0.030030575,0.057008386,0.091373324,-0.0076814853,0.03586338,-0.023652457,0.008112954,0.05835422,0.14716078
-0.002326019,0.04522586,0.01307429,0.017090289,-0.032006834,-0.110825546,0.017970182,0.00052284077,0.06353962,-0.0024865605,0.024548423,0.010820109,0.011007739,0.0067286333,0.14249082,0.059411813,0.014212508,-0.07408213,-0.14899834,0.020059425,0.12566538,0.058873642,-0.11159037,-0.029336981,0.057190284,0.09167203,-0.008343292,0.036657743,-0.020902885,0.008736832,0.05712238,0.14673945
-0.0019909535,0.044914845,0.012838339,0.015925659,-0.031606786,-0.11351808,0.021005489,0.0019197427,0.064660795,-0.0007929448,0.024912661,0.012151005,0.010838082,0.0063574715,0.14572692,0.059147973,0.013036114,-0.07401018,-0.1506332,0.01973344,0.12610179,0.058809407,-0.111919396,-0.029559292,0.05701493,0.0912163,-0.007892948,0.036171503,-0.023224972,0.008899335,0.058259968,0.14730601
-0.0019849725,0.04469696,0.013103155,0.016415931,-0.031542137,-0.11173683,0.019523248,0.0011651479,0.06390963,-0.0014233533,0.02458564,0.011361577,0.010971917,0.0065033315,0.14330375,0.059318084,0.013953377,-0.073707215,-0.1488411,0.019731779,0.12575746,0.0592542,-0.11124861,-0.029616486,0.05717725,0.09155029,-0.008105572,0.03630106,-0.021846693,0.008433009,0.057632033,0.14688277
-0.0018906035,0.04431791,0.013109736,0.016608454,-0.030993912,-0.11110499,0.019367304,0.0007960014,0.063856155,-0.001067454,0.024510914,0.011263285,0.011060504,0.0064236755,0.1421842,0.059222266,0.014010438,-0.073471084,-0.14743622,0.01947872,0.12560113,0.05967547,-0.11076627,-0.029963605,0.057232857,0.09167496,-0.00797303,0.036292024,-0.021566957,0.007904053,0.057564273,0.14636481
-0.002294924,0.044938773,0.01305981,0.016748738,-0.03193374,-0.1119201,0.01955036,0.0009442009,0.063863754,-0.0015116967,0.024660382,0.011220466,0.010900194,0.006501912,0.14361009,0.05943309,0.013773748,-0.073861025,-0.14918861,0.01993931,0.12599182,0.058774896,-0.11136866,-0.029600779,0.057119552,0.09151908,-0.0081675,0.03653356,-0.021640677,0.008585522,0.05729937,0.1467546
-0.0021931157,0.04504263,0.013050944,0.016736237,-0.031729016,-0.11143811,0.019004688,0.00083212554,0.06382993,-0.0016922913,0.024590828,0.011214001,0.010941213,0.0065501006,0.1430471,0.059362657,0.013887803,-0.07386208,-0.14899832,0.01984318,0.12578589,0.059029546,-0.11143619,-0.029543485,0.057146303,0.09162341,-0.008205768,0.036476135,-0.021483775,0.00851021,0.05742695,0.14679113
-0.0022555683,0.0449173,0.013047177,0.016692672,-0.031786583,-0.11186147,0.019633971,0.0009506345,0.06392345,-0.0013311729,0.024652943,0.011277271,0.010872008,0.0064590974,0.14354825,0.05937721,0.013708585,-0.073777735,-0.14903563,0.019876339,0.12596375,0.058876455,-0.11132583,-0.029678237,0.05710721,0.09154916,-0.008129861,0.03648252,-0.021733247,0.008459754,0.05734801,0.14671718
-0.0023512542,0.045338355,0.01309298,0.016920716,-0.032183956,-0.11157957,0.018414121,0.0008125119,0.06365417,-0.002444109,0.024606423,0.011012049,0.010946987,0.0066243233,0.1434424,0.05944378,0.013948935,-0.074258685,-0.14988981,0.020045582,0.12580355,0.058671143,-0.11187905,-0.029173601,0.05720448,0.09149982,-0.0083825365,0.036512274,-0.021275941,0.0089852195,0.057294015,0.14708598
-0.002306167,0.0449502,0.012957301,0.017225487,-0.031785835,-0.1109666,0.018780082,0.00043928996,0.06366057,-0.0017594658,0.02453176,0.0109946765,0.011050923,0.006534715,0.14250517,0.059405282,0.013939541,-0.07376736,-0.14843328,0.019878685,0.12580524,0.058776014,-0.11125387,-0.02966519,0.05725632,0.09168986,-0.008291159,0.036627416,-0.021137085,0.008342391,0.056961574,0.1463228
-0.001942154,0.04448145,0.013068929,0.01637414,-0.031027213,-0.11164971,0.020125575,0.0010049455,0.06409883,-0.0005281009,0.02459912,0.011514913,0.010896502,0.00630637,0.14299357,0.059196845,0.013639723,-0.073357165,-0.14788511,0.01951202,0.12579739,0.059559632,-0.11084367,-0.030063523,0.057094276,0.09163824,-0.0079306625,0.036236383,-0.02204049,0.007856205,0.05767118,0.14649795
-0.002248548,0.045195907,0.0128689185,0.016550947,-0.03195656,-0.11250782,0.019473001,0.0012394935,0.06401703,-0.0018939395,0.0247843,0.0115507245,0.011047443,0.0065163104,0.14444207,0.059408866,0.013557668,-0.074128725,-0.15043725,0.019787133,0.12584469,0.058731332,-0.11211228,-0.029205201,0.057078723,0.091325395,-0.008184481,0.03626638,-0.02231621,0.008992961,0.057748795,0.14732158
-0.001829885,0.04465029,0.012913667,0.015775478,-0.031246655,-0.11303512,0.020926744,0.0018844269,0.064594895,-0.0005637165,0.024814006,0.0121106785,0.010844456,0.0063594924,0.14491758,0.059109025,0.013293875,-0.07372484,-0.14975376,0.019560635,0.1259309,0.059280135,-0.11154458,-0.029739685,0.05701577,0.09136324,-0.00778744,0.036096834,-0.023097496,0.008542705,0.058339708,0.14717789
-0.0022256728,0.04510058,0.012981823,0.016772484,-0.031787712,-0.111642204,0.01901403,0.0009185001,0.06392107,-0.0018108767,0.024636922,0.011302225,0.010959284,0.0065652514,0.14333835,0.05933904,0.013780048,-0.07401574,-0.14939027,0.01983529,0.1258048,0.058864065,-0.11164479,-0.029451653,0.057179105,0.0915649,-0.008182598,0.03649551,-0.021610064,0.008673795,0.057484508,0.14683479
-0.0021784455,0.045180243,0.012888335,0.016395584,-0.031953,-0.11256048,0.019677445,0.0013434254,0.064083986,-0.0017145406,0.024772651,0.011599164,0.0109688025,0.006515852,0.1446262,0.05936145,0.013568332,-0.074059285,-0.15038277,0.019894354,0.12590629,0.05877099,-0.11197974,-0.029302454,0.05702985,0.091356955,-0.008169565,0.036294892,-0.022358546,0.00898377,0.057805616,0.14730574
-0.0020356085,0.044706386,0.013053924,0.016374107,-0.031720668,-0.11225824,0.01997266,0.0013266914,0.06398741,-0.0013301894,0.024639841,0.011484567,0.010954848,0.0064523695,0.14397478,0.05936356,0.013798009,-0.07376768,-0.149319,0.01978568,0.12591359,0.059007898,-0.11134206,-0.029582562,0.057163432,0.09144851,-0.008105634,0.036299564,-0.022085894,0.0085935425,0.05765034,0.14696191
-0.0018783305,0.044663772,0.012987252,0.016062777,-0.031373125,-0.112459496,0.020190876,0.0015648156,0.0642697,-0.0010492578,0.0247018,0.011778034,0.010925075,0.0064313794,0.14418569,0.059197813,0.013622371,-0.07377466,-0.1493961,0.019628793,0.12582326,0.05928921,-0.11145059,-0.029647725,0.057101175,0.091436215,-0.0079313535,0.036173925,-0.022512075,0.008553799,0.0580749,0.1470741
-0.0019666124,0.044458438,0.013014246,0.016142067,-0.030910276,-0.11236017,0.021091312,0.0013183057,0.064432174,8.861348e-05,0.024696223,0.011911143,0.010795632,0.0061719464,0.14370659,0.059176996,0.013223749,-0.07328201,-0.14827603,0.019326355,0.1259744,0.05945796,-0.110891365,-0.03015261,0.057055235,0.091572486,-0.007776238,0.036169343,-0.022585351,0.007764995,0.057897784,0.14655823
-0.001974389,0.044893082,0.012869455,0.015819002,-0.031462867,-0.113519706,0.021192372,0.001923833,0.06468965,-0.0005287081,0.024887022,0.01221966,0.0107734185,0.006286503,0.14562088,0.059143253,0.012986938,-0.07388426,-0.15043601,0.019635905,0.1261054,0.058963407,-0.11179508,-0.029650886,0.05697526,0.09126814,-0.007845189,0.036114726,-0.023255344,0.008723987,0.058337446,0.1473001
