z2_0,z2_1,z2_2,z2_3,z2_4,z2_5,z2_6,z2_7,z2_8,z2_9,z2_10,z2_11,z2_12,z2_13,z2_14,z2_15,z2_16,z2_17,z2_18,z2_19,z2_20,z2_21,z2_22,z2_23,z2_24,z2_25,z2_26,z2_27,z2_28,z2_29,z2_30,z2_31
-0.024866302,-0.053233176,0.04287906,0.030074298,0.079693936,0.037553035,0.07407073,0.07860637,-0.10652701,-0.030155554,0.005204775,0.037771363,0.08960843,-0.073598094,0.101753995,0.09062077,-0.039071765,-0.12880786,-0.09957958,0.060145106,0.039013565,-0.010072168,-0.025484737,0.07699725,0.061249472,0.043708224,-0.006070667,0.12948246,-0.0743357,-0.051428035,0.052302882,0.061162166
-0.024854895,-0.053213872,0.04301979,0.029948115,0.07973062,0.037448563,0.07419516,0.078481995,-0.10611156,-0.030289114,0.0052416646,0.03787072,0.089535214,-0.07394868,0.10172121,0.090819985,-0.039184824,-0.12915923,-0.099486694,0.060047727,0.039227717,-0.010062391,-0.025476927,0.07703431,0.06112945,0.043606885,-0.0056604464,0.12925938,-0.07423481,-0.05191904,0.052281022,0.06119167
-0.024818532,-0.052989207,0.042821966,0.029884925,0.079772845,0.03753024,0.07412027,0.07870165,-0.10590866,-0.030267533,0.005279819,0.037993364,0.089678936,-0.074137524,0.10175689,0.090932794,-0.039382406,-0.1291689,-0.09933303,0.059993677,0.03898994,-0.010112291,-0.025476841,0.07708667,0.060984775,0.043537524,-0.005663988,0.129542,-0.07422663,-0.052097775,0.052215137,0.06128016
-0.024455095,-0.05351006,0.04325471,0.029122472,0.080044255,0.036656152,0.07503318,0.07711737,-0.10610917,-0.030932672,0.0058507477,0.038090613,0.08981107,-0.07517879,0.10233414,0.090869,-0.039465856,-0.13064383,-0.10011235,0.06018341,0.039381996,-0.010053236,-0.02623123,0.076879285,0.061485,0.043466974,-0.003728087,0.1286075,-0.07417956,-0.054239262,0.053041562,0.060892936
-0.024590753,-0.05316888,0.042930525,0.029358558,0.0799382,0.03710573,0.07455417,0.077974014,-0.10573143,-0.030642502,0.0055707027,0.038223326,0.0897024,-0.07517254,0.10198486,0.0911432,-0.039604418,-0.13007838,-0.09952459,0.05992624,0.03900209,-0.010153841,-0.02575291,0.07703006,0.06096575,0.043385353,-0.0042553535,0.1289628,-0.07416549,-0.053732183,0.05267343,0.06120066
-0.024472568,-0.05351214,0.04312285,0.029139675,0.08007992,0.03667146,0.07494131,0.07718841,-0.10616714,-0.030864004,0.00582468,0.03816776,0.08978165,-0.075344846,0.10221516,0.0911137,-0.039496716,-0.13049963,-0.10001141,0.060045935,0.03918665,-0.010095278,-0.026091408,0.07691764,0.061319806,0.043427844,-0.0036926083,0.12842771,-0.074208416,-0.05442739,0.05302129,0.060953476
-0.024486326,-0.053590074,0.04340358,0.029188534,0.07994563,0.036676757,0.0750046,0.07714316,-0.10600308,-0.030939497,0.00577144,0.03807237,0.08967216,-0.07514733,0.10224831,0.09086961,-0.03939114,-0.13059098,-0.10007692,0.060130462,0.039531864,-0.010098759,-0.026118968,0.07687973,0.061454725,0.043470252,-0.003718445,0.12852477,-0.07411389,-0.054121435,0.052968454,0.060914025
-0.024704922,-0.053588286,0.042998735,0.029702269,0.07978193,0.037212495,0.0742826,0.07805413,-0.10697806,-0.030415423,0.0053960723,0.03781889,0.08968432,-0.0737705,0.10204375,0.090596534,-0.039113775,-0.12922531,-0.099869624,0.06014643,0.039018102,-0.010044707,-0.025649901,0.07688846,0.06138782,0.04364886,-0.005563262,0.12917334,-0.07431613,-0.05173424,0.052579716,0.061064724
-0.024497164,-0.053384494,0.042815834,0.029371403,0.07993429,0.037046652,0.07449803,0.07784193,-0.10676657,-0.030543573,0.0057915286,0.038045388,0.090058565,-0.07440437,0.10239602,0.09079233,-0.039483577,-0.12968186,-0.10004505,0.06022089,0.038840994,-0.010140866,-0.026069203,0.07694849,0.061482243,0.04360506,-0.005104984,0.12946609,-0.07432385,-0.052946292,0.052712608,0.060978018
-0.024648692,-0.053251177,0.042966183,0.029737296,0.07973082,0.03732993,0.07438025,0.07831614,-0.10636229,-0.030368794,0.0053961487,0.037883814,0.08978715,-0.07388521,0.10211648,0.0906137,-0.039300524,-0.12931007,-0.09978571,0.06021354,0.039232627,-0.010124493,-0.025780048,0.07704058,0.06135597,0.043681026,-0.0057148756,0.12970816,-0.074238814,-0.051950138,0.052330542,0.061036203
-0.024557583,-0.05332446,0.043039396,0.0294097,0.07993868,0.037015717,0.07470623,0.077717714,-0.10628283,-0.030650709,0.005624712,0.037994724,0.08977495,-0.07454699,0.1022527,0.09071148,-0.03940338,-0.13007458,-0.099945486,0.06024144,0.039264835,-0.010017786,-0.026030574,0.07697767,0.061453972,0.043562017,-0.0047054123,0.12916608,-0.07426325,-0.053163372,0.052764174,0.060974754
-0.024650237,-0.053208433,0.042823665,0.029566322,0.07987316,0.037276767,0.074336916,0.0782356,-0.10618071,-0.030404214,0.0055625257,0.03806881,0.089834556,-0.07452857,0.10201169,0.090984456,-0.03948337,-0.12950878,-0.099618085,0.060056265,0.038926147,-0.010141602,-0.025763873,0.077022076,0.06110895,0.043555565,-0.005138512,0.12932771,-0.07426424,-0.052828416,0.052504495,0.061137915
-0.02461335,-0.053304765,0.042745326,0.029637925,0.07991814,0.037196226,0.07432754,0.0780302,-0.10693962,-0.03040966,0.0056449776,0.03792535,0.08997155,-0.07405044,0.10225249,0.09062417,-0.039290503,-0.12939301,-0.10000203,0.060282998,0.03871359,-0.0100810565,-0.025953371,0.0769128,0.06158533,0.043649983,-0.0054457914,0.12951508,-0.07440814,-0.052490428,0.052727282,0.061021548
-0.024616575,-0.052843153,0.042775292,0.029474903,0.080079645,0.0372789,0.07432503,0.07836105,-0.10538854,-0.030436937,0.005653231,0.038299542,0.089808024,-0.075054705,0.1020087,0.091354154,-0.039763454,-0.13009003,-0.099369295,0.060019262,0.039046943,-0.010059267,-0.025800865,0.077135384,0.06105656,0.043388356,-0.004766003,0.12936008,-0.07419814,-0.053791206,0.052491933,0.061228566
-0.024550365,-0.053177983,0.043207385,0.029448215,0.079845965,0.037164833,0.074622676,0.078030035,-0.105421424,-0.03059924,0.0054864087,0.0381395,0.08950421,-0.074892074,0.10209046,0.090951234,-0.039527338,-0.1302878,-0.09962028,0.060122408,0.039628685,-0.010092352,-0.025830396,0.077106185,0.061231293,0.043498263,-0.0045219576,0.12922557,-0.07409065,-0.053492725,0.052543692,0.061075035
-0.024521522,-0.05325927,0.042909514,0.02953163,0.07978311,0.03718547,0.07452637,0.07808547,-0.10654003,-0.030491035,0.005617362,0.037956297,0.08998967,-0.07405046,0.102400035,0.090593845,-0.039436474,-0.12953724,-0.100018255,0.060292322,0.039146148,-0.010161076,-0.026033819,0.07704488,0.06152119,0.043678816,-0.0055509573,0.12987755,-0.07426042,-0.05238009,0.052445173,0.06095387
-0.02475201,-0.053191602,0.04298082,0.02974315,0.07987347,0.037292928,0.07432653,0.07823765,-0.10595924,-0.030388776,0.005429175,0.037993647,0.08963898,-0.074438974,0.10182043,0.09096812,-0.039325513,-0.12954555,-0.099536344,0.06005128,0.039137848,-0.010071654,-0.025650863,0.07699975,0.061145805,0.04354324,-0.0050895996,0.12908405,-0.07423414,-0.052767765,0.052493796,0.061157763
-0.024469417,-0.053929284,0.04360244,0.029121764,0.07991194,0.036557104,0.07492744,0.07698284,-0.10628201,-0.030998603,0.0057480955,0.038060166,0.089537635,-0.07500882,0.10225316,0.09092429,-0.039286364,-0.130595,-0.10013511,0.060040724,0.03964661,-0.010096243,-0.025969975,0.076802306,0.061481826,0.04344192,-0.0036867298,0.12822367,-0.0740491,-0.053831875,0.05298762,0.060916
-0.024723366,-0.053171456,0.04279908,0.029656751,0.07990117,0.03727847,0.074282974,0.0782465,-0.10615719,-0.030426383,0.0054379986,0.038077883,0.08970385,-0.07460584,0.10183613,0.09103865,-0.039399773,-0.12949339,-0.09949682,0.0599492,0.03878431,-0.010122512,-0.025586996,0.07699551,0.06102426,0.04346989,-0.004944508,0.12906764,-0.07427022,-0.052903377,0.052571002,0.061237585
-0.02453917,-0.053145073,0.04306078,0.029473446,0.07995305,0.03714829,0.07452064,0.07800746,-0.105726115,-0.030527052,0.005644527,0.038150422,0.0896578,-0.07479698,0.102195755,0.091001205,-0.03953637,-0.1302138,-0.099754594,0.060207687,0.03941647,-0.010060981,-0.025948808,0.07708484,0.061433487,0.043527912,-0.004732093,0.12931804,-0.074192554,-0.053624723,0.052628465,0.061037883
-0.024424065,-0.053813666,0.043494962,0.02906787,0.07995883,0.03653404,0.075007,0.07693059,-0.10626247,-0.03101981,0.0058591613,0.038095947,0.08968048,-0.07516442,0.10235004,0.09090747,-0.03936974,-0.13067636,-0.10020871,0.060101956,0.039523326,-0.0101202205,-0.026131371,0.07681304,0.061539467,0.04345052,-0.0035786806,0.12835947,-0.07408881,-0.054179,0.05305972,0.060882367
-0.024339596,-0.053475983,0.043296583,0.0289337,0.08001484,0.036597893,0.07502815,0.077147655,-0.10574912,-0.031009085,0.006017596,0.03830146,0.08991161,-0.07560638,0.10245067,0.091164194,-0.039718386,-0.13083021,-0.10006298,0.060059994,0.039402105,-0.010219555,-0.026265016,0.07694443,0.061371587,0.043387916,-0.0034889271,0.12876266,-0.074045666,-0.05482102,0.05291744,0.060929753
-0.02442241,-0.053094324,0.043003857,0.029259501,0.07995512,0.03705407,0.07470153,0.077898175,-0.10579969,-0.030678265,0.005735394,0.038200136,0.08984232,-0.07483889,0.10246293,0.09089164,-0.0397007,-0.13041148,-0.09988128,0.060252115,0.03939379,-0.010083614,-0.026126817,0.07712375,0.06146805,0.043500554,-0.004677524,0.12962957,-0.07417031,-0.05366896,0.052622303,0.060996585
-0.0245286,-0.05338707,0.042881645,0.029421344,0.080025315,0.03696344,0.074559435,0.07765513,-0.10670857,-0.030583296,0.005796001,0.03801083,0.089982904,-0.07451411,0.10232036,0.09076939,-0.039376408,-0.12987085,-0.100079454,0.060261622,0.038866043,-0.010071063,-0.026105013,0.07687537,0.061597753,0.043581545,-0.0047835615,0.1291626,-0.07434869,-0.05328694,0.052901134,0.06095799
-0.024817236,-0.05340573,0.04291768,0.029926002,0.07973082,0.037481133,0.0741082,0.078446664,-0.106694475,-0.030214816,0.005199455,0.037786264,0.08950357,-0.07367647,0.101809844,0.090602845,-0.03906807,-0.12900913,-0.09961261,0.060143564,0.039056912,-0.010004826,-0.025467157,0.0769681,0.06124133,0.04368712,-0.005846468,0.12926735,-0.07435152,-0.05146742,0.05245445,0.061147965
-0.02465482,-0.053330027,0.042931058,0.029729262,0.0797684,0.03727638,0.074393995,0.07817728,-0.106620565,-0.030377854,0.005451214,0.03784764,0.089824095,-0.07387062,0.10213186,0.09056688,-0.03923753,-0.12927754,-0.09988675,0.06024581,0.03910762,-0.010103678,-0.025832945,0.07698226,0.06143196,0.043701023,-0.0056476723,0.12957193,-0.07430174,-0.05200665,0.052464955,0.06100595
-0.024316644,-0.05321679,0.04293298,0.028913673,0.08016855,0.0367618,0.07493995,0.07748708,-0.105589405,-0.030776083,0.006042723,0.0383505,0.09014347,-0.0756583,0.10242025,0.09132466,-0.039923936,-0.13066544,-0.09984775,0.060094025,0.039186694,-0.010165118,-0.026329957,0.07702102,0.06114429,0.043429397,-0.0037946096,0.12903455,-0.07414228,-0.054779,0.052817285,0.060930833
-0.024645008,-0.05306167,0.04276593,0.029488418,0.079934925,0.037237637,0.07434538,0.07823771,-0.10584085,-0.030497689,0.0055889566,0.03821797,0.08984159,-0.07498565,0.101930074,0.09119537,-0.03961698,-0.12971446,-0.09944804,0.059909277,0.038746558,-0.010195715,-0.025700377,0.077029034,0.06093031,0.04340991,-0.004667896,0.1291893,-0.07420997,-0.053437404,0.052554954,0.06125527
-0.024407662,-0.053170044,0.042881068,0.029274665,0.07990798,0.0370569,0.07470019,0.07791286,-0.1062451,-0.03061634,0.0057884813,0.038109913,0.090080254,-0.07452464,0.10255493,0.09076683,-0.039671194,-0.13001621,-0.10002803,0.060294807,0.039202966,-0.010143811,-0.026214913,0.07709369,0.06149011,0.04360042,-0.0050881626,0.1298523,-0.07423028,-0.05316165,0.05254407,0.060926385
-0.024693351,-0.053235553,0.042982496,0.029765245,0.07976307,0.03737068,0.07435018,0.078358024,-0.10615119,-0.030330181,0.0053300154,0.037899986,0.08965772,-0.07404552,0.101961955,0.090709634,-0.039286733,-0.1293765,-0.09963646,0.06016407,0.039277658,-0.010083167,-0.025685264,0.07704123,0.06123015,0.04365375,-0.005530796,0.12947711,-0.074236475,-0.05210644,0.052367404,0.06107928
-0.02411669,-0.052610185,0.043408412,0.029126724,0.080007404,0.036904402,0.07512854,0.078091465,-0.10443552,-0.03118683,0.0060716555,0.038489528,0.08984168,-0.07567011,0.102467686,0.09132104,-0.040044136,-0.1312136,-0.09974567,0.06010167,0.039809227,-0.010217097,-0.026349586,0.07745519,0.061652284,0.04345325,-0.00406582,0.12993167,-0.073937014,-0.055333927,0.052165523,0.060957097
-0.024517111,-0.05315663,0.04310377,0.02945207,0.07985471,0.03715489,0.07459862,0.07806234,-0.10571167,-0.03056411,0.0055792336,0.03811135,0.089716986,-0.07463112,0.10224646,0.090894364,-0.03955722,-0.13010117,-0.09976281,0.060191546,0.039514672,-0.01011402,-0.02594504,0.07711336,0.061359715,0.043550722,-0.004911079,0.12952888,-0.074131645,-0.053221203,0.05246514,0.061020337
-0.024718978,-0.053310998,0.043071453,0.029790554,0.07977417,0.037357066,0.07436916,0.07828899,-0.10608048,-0.030329298,0.005256901,0.0378675,0.089508116,-0.07409563,0.10186164,0.09069763,-0.03920073,-0.12946588,-0.099594995,0.060158283,0.039389998,-0.010034926,-0.025622668,0.07700953,0.061211627,0.043651935,-0.0053451983,0.12922302,-0.07423166,-0.052152857,0.052447926,0.06107656
-0.024187192,-0.05341649,0.043285817,0.028975822,0.079931006,0.0366825,0.07514426,0.07725522,-0.106150284,-0.030940179,0.0059448355,0.038127493,0.08998364,-0.0747689,0.10293245,0.09059176,-0.039664634,-0.13084093,-0.10044934,0.0604698,0.039786637,-0.01011597,-0.026546706,0.077062026,0.061907776,0.043603476,-0.004400444,0.1296968,-0.07411394,-0.053882625,0.05278939,0.06069988
-0.024523018,-0.053162158,0.042898923,0.02923957,0.07999149,0.037031844,0.074574895,0.07790785,-0.105637915,-0.030666038,0.005736018,0.038310908,0.08986623,-0.07541588,0.10206035,0.091292225,-0.039731555,-0.13016096,-0.09954677,0.05990155,0.038914345,-0.01022239,-0.025862928,0.077011004,0.060939193,0.043364655,-0.0040815454,0.12898238,-0.07413727,-0.054125182,0.052690364,0.06118097
-0.024715383,-0.05316704,0.042909175,0.029747337,0.07983937,0.03734163,0.07427507,0.07834292,-0.10606912,-0.030339453,0.00545051,0.037996836,0.08972927,-0.07431545,0.10190753,0.090924844,-0.039361205,-0.1294112,-0.09957758,0.060084127,0.03906782,-0.010116827,-0.025682379,0.07702187,0.061182104,0.04358194,-0.005330965,0.12934324,-0.07424518,-0.052580167,0.052424274,0.06114284
-0.024279494,-0.053288393,0.04281757,0.028864495,0.08027637,0.036691256,0.074960604,0.077278554,-0.10611977,-0.030798394,0.0061212243,0.03829124,0.09019249,-0.07550861,0.102587804,0.09112373,-0.039842814,-0.13076416,-0.10007395,0.06025157,0.038996935,-0.01005074,-0.026475605,0.07695016,0.061418463,0.04346332,-0.003791959,0.12900794,-0.07428761,-0.05478487,0.05310157,0.060863137
-0.024359059,-0.05302668,0.04309737,0.02915682,0.080024004,0.03697062,0.074738935,0.07777202,-0.10539666,-0.030745573,0.005922847,0.03837037,0.08979021,-0.07533956,0.10252726,0.09116045,-0.03984249,-0.13083711,-0.09990378,0.060243867,0.03953468,-0.010118373,-0.026232425,0.07717479,0.061562806,0.04343719,-0.004242453,0.1295217,-0.074116014,-0.0546651,0.052702714,0.060989402
-0.024699915,-0.05322367,0.04293602,0.02965151,0.07982682,0.037277326,0.074334376,0.0782605,-0.106083676,-0.030422889,0.005470431,0.038023118,0.08975927,-0.074403174,0.1019263,0.09095703,-0.039406113,-0.12945852,-0.09957284,0.060018674,0.039050132,-0.010140616,-0.025673911,0.077011645,0.061092537,0.043541323,-0.0051928684,0.12927052,-0.07421004,-0.052605245,0.052418984,0.06115932
-0.02450711,-0.05302497,0.04280076,0.029209182,0.08003561,0.03707694,0.074543744,0.07799138,-0.10548648,-0.03064197,0.005798681,0.038402133,0.08988642,-0.07560672,0.10208878,0.09141699,-0.039849833,-0.13026172,-0.099497125,0.059900865,0.03885641,-0.010223519,-0.025897134,0.07707863,0.060921814,0.043337535,-0.0040442767,0.12908207,-0.07415831,-0.05447799,0.05268912,0.06120962
-0.02448425,-0.05294696,0.042978346,0.029242916,0.0801246,0.03704851,0.0746077,0.0780087,-0.105125204,-0.03062005,0.0057750144,0.038365006,0.08981822,-0.075398184,0.10216442,0.09141262,-0.039856486,-0.13057798,-0.099502,0.060040094,0.039361436,-0.010074943,-0.025984883,0.077129975,0.061118357,0.043358184,-0.0042358683,0.12919456,-0.07409619,-0.054395255,0.052576862,0.06111862
-0.02449032,-0.053152792,0.042766016,0.029384859,0.079895936,0.037164643,0.074530184,0.07807779,-0.106349796,-0.03050343,0.0057570045,0.038099825,0.09008726,-0.074482605,0.10240002,0.09084391,-0.039632257,-0.12971294,-0.09991353,0.060224786,0.038970925,-0.01016744,-0.026091434,0.077074826,0.06136643,0.043606542,-0.0052463366,0.12978782,-0.07428032,-0.052998617,0.052516095,0.06099943
-0.024802338,-0.05326381,0.043025393,0.029852705,0.07979613,0.037358858,0.07423653,0.078314975,-0.10612329,-0.030332342,0.005356955,0.037927918,0.08955374,-0.074189894,0.10177773,0.090895474,-0.03921951,-0.12934864,-0.09955841,0.06006064,0.03918294,-0.010069279,-0.0255632,0.0770021,0.06119283,0.043588944,-0.005361491,0.12911165,-0.07424751,-0.052386228,0.052431107,0.061162587
-0.024406638,-0.05330346,0.04279267,0.029237788,0.07992793,0.037001543,0.07464366,0.07779785,-0.106620334,-0.030603811,0.0059040883,0.038108528,0.090200126,-0.0745599,0.102564104,0.090810776,-0.039642617,-0.12982978,-0.10012292,0.06026151,0.038916163,-0.010194227,-0.026242714,0.077015996,0.06149104,0.043617487,-0.005052195,0.12970988,-0.07429315,-0.0532189,0.05265423,0.06091871
-0.024361925,-0.053257193,0.042873543,0.028952165,0.08031672,0.036714938,0.07483219,0.07746263,-0.105569005,-0.030737232,0.0059158416,0.03841648,0.0899401,-0.07586474,0.10219219,0.091594264,-0.039859723,-0.13075419,-0.09965975,0.059935965,0.039057262,-0.010086136,-0.026082076,0.07699666,0.061003875,0.043314926,-0.003483762,0.12850474,-0.0741664,-0.05506414,0.052945256,0.061026778
-0.024482856,-0.05330656,0.04278358,0.029224357,0.08018922,0.036904,0.074652635,0.077618636,-0.10633108,-0.030606613,0.0058357627,0.038128156,0.090039656,-0.074986026,0.10224609,0.09101822,-0.039570164,-0.13016154,-0.09986146,0.06016737,0.038823366,-0.010020703,-0.02612272,0.07688104,0.061303448,0.04348869,-0.004309614,0.12890968,-0.0743273,-0.053805146,0.05297207,0.060991284
-0.024353663,-0.05283873,0.043201916,0.02901809,0.08023447,0.03688688,0.074769154,0.07775389,-0.10437822,-0.030809559,0.0059752227,0.038630895,0.08961318,-0.07619412,0.10230851,0.091741905,-0.040082335,-0.13149652,-0.099521846,0.06004808,0.03976482,-0.010064775,-0.026133608,0.07723619,0.061277766,0.043223355,-0.0034041824,0.12900943,-0.073977016,-0.055932995,0.05273533,0.061105236
-0.02478518,-0.053154234,0.042835094,0.029823368,0.07984182,0.037405994,0.07417223,0.078443125,-0.10611622,-0.030293472,0.00534726,0.037997507,0.089641556,-0.07432519,0.1017494,0.090982266,-0.039311547,-0.12926897,-0.09944432,0.05999285,0.038909845,-0.010105243,-0.025516372,0.077014275,0.061047398,0.04354337,-0.0053236494,0.12918493,-0.074273854,-0.052475873,0.052436173,0.061229497
-0.02456005,-0.053018846,0.042844273,0.029343035,0.07994889,0.037213128,0.07449475,0.07813851,-0.10549931,-0.030542113,0.0057029133,0.03829879,0.089793384,-0.07532379,0.10205063,0.0912476,-0.039754003,-0.13010228,-0.09949621,0.05999586,0.039016932,-0.010184782,-0.025875598,0.077105746,0.060979433,0.0434324,-0.0043795565,0.12923399,-0.07418522,-0.054039888,0.05261074,0.06118115
-0.024534808,-0.053526506,0.04291235,0.029468525,0.07989361,0.037038274,0.07451059,0.07776513,-0.10699206,-0.030533012,0.0056608845,0.037909627,0.089937426,-0.07412296,0.10233933,0.09058125,-0.03928253,-0.12958536,-0.10011051,0.060272586,0.038927145,-0.01008719,-0.02600748,0.07687914,0.061572306,0.04365657,-0.0051796036,0.12932523,-0.07434522,-0.052512586,0.05277773,0.060941137
-0.024329923,-0.05350346,0.043221537,0.02893944,0.08009062,0.03654158,0.07506933,0.077040754,-0.10595116,-0.030993871,0.00603783,0.03823881,0.090016335,-0.07554381,0.10245576,0.091073796,-0.03965362,-0.13077646,-0.10013075,0.06011241,0.039253525,-0.010189105,-0.026339948,0.07686284,0.061424978,0.043414176,-0.003437166,0.12867829,-0.074104935,-0.054777186,0.053041626,0.06088344
-0.02448296,-0.05341004,0.04312191,0.029324556,0.079987586,0.036864266,0.0747776,0.07747283,-0.10631425,-0.03071643,0.0058153127,0.0380483,0.08984581,-0.07474345,0.102377385,0.09080425,-0.039426044,-0.13026649,-0.10013092,0.060280424,0.03930492,-0.010064581,-0.026188206,0.07694301,0.061638117,0.04356725,-0.004463951,0.12906803,-0.0742478,-0.053706408,0.052873883,0.06089461
-0.024438737,-0.053015735,0.042732537,0.029197263,0.0802315,0.037006654,0.074593864,0.077829376,-0.10594457,-0.030594684,0.005911548,0.03827918,0.08999756,-0.07511157,0.102409095,0.09114766,-0.03978257,-0.13049258,-0.0998166,0.060246117,0.03899362,-0.009973554,-0.026199143,0.07705649,0.061442245,0.04344222,-0.004464222,0.12933005,-0.074313566,-0.054230418,0.052868616,0.0610252
-0.02420986,-0.053583443,0.04293382,0.02885018,0.080219686,0.036509342,0.075108126,0.07692194,-0.106851324,-0.030902565,0.0061430787,0.038099155,0.09028861,-0.07500389,0.102828264,0.09070352,-0.03961068,-0.13065706,-0.10049637,0.060417775,0.039018042,-0.010043837,-0.026638728,0.0768177,0.061788894,0.043573685,-0.0039722407,0.12906326,-0.074331254,-0.054208893,0.05324478,0.060696676
-0.02459142,-0.05314738,0.042813763,0.02947634,0.079884954,0.037265312,0.07443236,0.07821313,-0.106024206,-0.030434497,0.005603722,0.038113825,0.089857966,-0.07467594,0.10209918,0.09098923,-0.039580777,-0.12968524,-0.09963473,0.06009548,0.03901518,-0.010143194,-0.025859348,0.07707181,0.06110797,0.043558937,-0.0050295787,0.1294352,-0.07425221,-0.053065263,0.05250881,0.061104797
-0.024844343,-0.053148463,0.042919673,0.02989093,0.079879284,0.037404574,0.074155286,0.0783751,-0.10597003,-0.030276313,0.0053902105,0.03799893,0.08952371,-0.07444937,0.10165934,0.091069765,-0.03925968,-0.12939268,-0.099440694,0.06001722,0.039027162,-0.010053007,-0.025525635,0.077012,0.061123863,0.04354418,-0.005181132,0.12895644,-0.07429222,-0.052827973,0.05251202,0.06122457
-0.024348382,-0.053081907,0.04301562,0.028958183,0.0803383,0.03675083,0.074816346,0.077542424,-0.10501604,-0.030768685,0.0059583005,0.038527828,0.089791566,-0.07607442,0.102233164,0.09172662,-0.03996671,-0.1311599,-0.09958969,0.059978344,0.039381888,-0.010049013,-0.026111078,0.07709462,0.061125275,0.04325819,-0.0033612428,0.12862217,-0.07408657,-0.05558342,0.052889526,0.06105208
-0.024462158,-0.053533304,0.043008763,0.029373625,0.07979418,0.03701859,0.07466056,0.07776285,-0.106828235,-0.030597404,0.005656621,0.037919596,0.08996775,-0.07410998,0.10246702,0.09052354,-0.039372735,-0.12966146,-0.10016365,0.06029009,0.03918131,-0.0101464335,-0.026083454,0.07695716,0.0615409,0.04368939,-0.0052455897,0.12956841,-0.07426242,-0.052409478,0.05261904,0.06088184
-0.024254255,-0.05350589,0.042846147,0.028891155,0.080266766,0.036576398,0.07500549,0.07701754,-0.10680028,-0.03084945,0.0061363694,0.038136106,0.09024861,-0.07509891,0.1027417,0.0907913,-0.039627463,-0.13064528,-0.10039128,0.060389105,0.038889587,-0.01001337,-0.026575536,0.07682412,0.061734762,0.043541115,-0.0039399555,0.12899362,-0.074371584,-0.054348473,0.053289004,0.060760662
-0.024419986,-0.05348383,0.04295692,0.029123172,0.08019573,0.036713265,0.0748117,0.07735758,-0.10623837,-0.030712735,0.005851815,0.038146704,0.09001257,-0.07517911,0.10223703,0.091118895,-0.03954665,-0.13032079,-0.099921346,0.060087766,0.038990222,-0.010076946,-0.026128236,0.07683667,0.061262745,0.043461926,-0.003933952,0.12860075,-0.07423381,-0.054073736,0.052997828,0.06093256
-0.024705112,-0.05319619,0.042952485,0.029732082,0.079806775,0.037362363,0.07432594,0.078371435,-0.10599248,-0.030335173,0.005360708,0.037964538,0.08966768,-0.07426308,0.10188809,0.09086047,-0.039349485,-0.12942839,-0.099532686,0.060087867,0.039200783,-0.010097746,-0.025649067,0.0770373,0.061110973,0.04360024,-0.0053424053,0.12934804,-0.074220255,-0.052376732,0.05238182,0.06112799
-0.02461073,-0.053072196,0.042867947,0.029498905,0.07987745,0.03726234,0.07442271,0.078269206,-0.10572788,-0.03046295,0.0055850246,0.038163494,0.089844346,-0.0748156,0.102016635,0.09110116,-0.03962006,-0.12973058,-0.09952107,0.06001281,0.0390499,-0.010187838,-0.025796711,0.077079445,0.061014798,0.04349911,-0.004899474,0.12939909,-0.074177474,-0.053227708,0.05243109,0.061159305
-0.024421072,-0.052845992,0.043115743,0.02919244,0.08004705,0.037054073,0.07465874,0.07802887,-0.104769304,-0.030707877,0.0058349655,0.038476095,0.08972467,-0.075586036,0.10230641,0.09146007,-0.039973013,-0.13088275,-0.099551626,0.060069144,0.039627157,-0.010134492,-0.02604786,0.077242464,0.06124505,0.04332969,-0.004142573,0.12944473,-0.07400566,-0.054825686,0.052494265,0.06111777
-0.024496596,-0.053871408,0.04300433,0.029298076,0.079957515,0.036850557,0.074503995,0.077429734,-0.10739565,-0.030628178,0.0057540615,0.037929237,0.08987227,-0.07423271,0.10237675,0.090668246,-0.039219283,-0.12972307,-0.10022831,0.060207892,0.03885924,-0.010051951,-0.025973992,0.07676554,0.061605413,0.043615382,-0.004845646,0.1288456,-0.07436042,-0.052661642,0.053005006,0.060922652
-0.02427632,-0.05333566,0.043005787,0.02882538,0.08021437,0.036585487,0.074997276,0.077200554,-0.105691776,-0.0308997,0.0061820825,0.03839597,0.090198755,-0.07590081,0.10246234,0.09138709,-0.039901808,-0.13081823,-0.09997278,0.060054418,0.039063152,-0.010223106,-0.026399236,0.076921046,0.061235357,0.04337625,-0.003370638,0.12877566,-0.074120045,-0.055262756,0.052997053,0.060917377
-0.024554165,-0.0535061,0.043195933,0.029370263,0.07988192,0.03688556,0.074679025,0.077556856,-0.10624038,-0.030724205,0.0057507423,0.038066637,0.08980502,-0.07480433,0.102184445,0.09094341,-0.03939741,-0.13000977,-0.099976584,0.0600801,0.03922154,-0.010178614,-0.025977734,0.07691014,0.061385345,0.04351773,-0.0044183787,0.1288814,-0.07416312,-0.053525664,0.052740626,0.060996123
-0.02453313,-0.053375777,0.043018885,0.029526742,0.07981291,0.037133995,0.074585065,0.07793276,-0.10646728,-0.03050179,0.005574035,0.03792627,0.08983212,-0.07418883,0.102299534,0.090597905,-0.03934352,-0.12968828,-0.100005515,0.060294718,0.039276708,-0.010110732,-0.026004955,0.076996535,0.061511956,0.0436841,-0.0052345144,0.1295207,-0.07426123,-0.05258242,0.052585438,0.060926218
-0.024276735,-0.05336278,0.043007165,0.028882626,0.080207,0.036619745,0.075020134,0.07722439,-0.10595451,-0.030872207,0.0060629197,0.03826979,0.09015222,-0.07546143,0.10255181,0.09111875,-0.03979366,-0.13077904,-0.10006657,0.060188986,0.039188482,-0.010108251,-0.026416255,0.076925464,0.061395697,0.043440733,-0.0037237806,0.12894966,-0.07417162,-0.054653518,0.05299267,0.060858622
-0.024484947,-0.0533553,0.042788178,0.029351603,0.07990156,0.0371142,0.07456875,0.07788371,-0.10667245,-0.030501481,0.0057584723,0.038030785,0.09001081,-0.07446848,0.10239403,0.090739146,-0.039512478,-0.12970567,-0.100027755,0.060271017,0.038940676,-0.010126479,-0.026112601,0.07700464,0.061421767,0.043661676,-0.0051009776,0.129521,-0.07435144,-0.05297508,0.052709505,0.06094143
-0.024540497,-0.053413235,0.04312575,0.029337795,0.07995629,0.036853213,0.07472481,0.077496774,-0.10615313,-0.030744612,0.0058263023,0.038106218,0.08987678,-0.07500178,0.1021947,0.090988055,-0.03944936,-0.13012679,-0.09997964,0.060097586,0.039116174,-0.010174308,-0.02606481,0.07689859,0.061399043,0.043492902,-0.004213255,0.12884513,-0.0741898,-0.053909045,0.052835256,0.060994424
-0.024373211,-0.053482637,0.0432508,0.028901096,0.08002448,0.036631335,0.07502475,0.07721579,-0.10557014,-0.030998621,0.0058791307,0.038346905,0.08978363,-0.07584144,0.10225386,0.091305934,-0.03974603,-0.13082755,-0.099832445,0.059904367,0.039346106,-0.010215778,-0.026076615,0.07696242,0.061054382,0.043321013,-0.0032291356,0.12847936,-0.074025646,-0.05488207,0.05291485,0.061017983
-0.024261309,-0.053290606,0.043008074,0.028847553,0.080199346,0.036641676,0.0750273,0.07728952,-0.105701745,-0.030863512,0.006109875,0.038343765,0.09016779,-0.07565101,0.10254442,0.09125954,-0.03989988,-0.13083912,-0.100000896,0.060150787,0.03924807,-0.01015183,-0.026430469,0.07698332,0.06131267,0.043425728,-0.0036656316,0.12900357,-0.074133076,-0.054917622,0.05291275,0.060871616
-0.024407892,-0.053299133,0.042952016,0.029195968,0.08000253,0.03688908,0.07477325,0.077622265,-0.10624042,-0.030707229,0.005871805,0.03813614,0.09007132,-0.074841745,0.10246928,0.0908883,-0.039627437,-0.13019258,-0.100045204,0.06022348,0.039118342,-0.010142703,-0.02623037,0.07698151,0.06145813,0.043538384,-0.0045462875,0.12936616,-0.07422077,-0.053669605,0.05275375,0.06092394
-0.024380438,-0.053112358,0.042848438,0.029040588,0.0801544,0.03689742,0.07478321,0.0777155,-0.10558212,-0.030668397,0.005988928,0.038346037,0.0901154,-0.07551529,0.10234678,0.09135329,-0.03991329,-0.13048206,-0.09975266,0.06008958,0.03911218,-0.010149714,-0.026239041,0.077060804,0.061126854,0.04343824,-0.0040948056,0.12916952,-0.074175864,-0.054566216,0.052727625,0.06098881
-0.024424613,-0.0529481,0.042855818,0.029151348,0.079992525,0.037102714,0.07466377,0.07802087,-0.105380066,-0.030642409,0.0058747944,0.038387008,0.08995404,-0.07544528,0.10233573,0.09128412,-0.039947808,-0.13041535,-0.09965271,0.060080886,0.039182074,-0.010199163,-0.026114851,0.07718475,0.06111535,0.043430082,-0.0043468326,0.12953109,-0.074144736,-0.05439791,0.052566927,0.061088122
-0.02396899,-0.05329732,0.04337865,0.02855175,0.08012219,0.03640782,0.07545087,0.076863766,-0.10555492,-0.031204809,0.0062902053,0.038419455,0.09005922,-0.07564339,0.103251085,0.090909965,-0.040036283,-0.13182214,-0.10056093,0.060501724,0.04003387,-0.010113344,-0.026888639,0.07714779,0.062024813,0.043462373,-0.003497879,0.12963152,-0.074017935,-0.05550155,0.05298601,0.060628653
-0.024696343,-0.053534474,0.04304944,0.029652052,0.07983512,0.037209593,0.074357904,0.07802214,-0.10650842,-0.030415181,0.0053784144,0.03788987,0.089559376,-0.074205786,0.10190899,0.09075035,-0.039173163,-0.12949346,-0.09971083,0.06010164,0.039147917,-0.010033505,-0.025634395,0.07690383,0.061230436,0.043610964,-0.005084918,0.12890148,-0.07427797,-0.052314647,0.05265814,0.061079443
-0.024456607,-0.053692155,0.043011278,0.029279675,0.07984489,0.036972925,0.07462646,0.07764588,-0.10704725,-0.030618928,0.005661257,0.03793173,0.08986975,-0.074158266,0.1024665,0.09055927,-0.039349116,-0.12976363,-0.10016971,0.06026632,0.039143868,-0.010072995,-0.026028356,0.07692104,0.061522335,0.043663803,-0.0050997892,0.12930673,-0.07430266,-0.052427668,0.05276241,0.060894273
-0.024221497,-0.05285591,0.04318651,0.028885726,0.0801707,0.036825836,0.07491909,0.07760259,-0.1047188,-0.030904252,0.006137025,0.03861792,0.08977416,-0.07602419,0.102702886,0.0914818,-0.040150475,-0.13161221,-0.09987884,0.060246862,0.039821323,-0.010096965,-0.02642655,0.0772864,0.061603945,0.04331216,-0.0036149528,0.12949634,-0.07401728,-0.05591361,0.052771017,0.060970522
-0.024445077,-0.053065218,0.043003645,0.029256668,0.079991326,0.037029356,0.07465437,0.07794161,-0.10551582,-0.030644856,0.0058097695,0.038281757,0.08992243,-0.07511239,0.102322474,0.09118648,-0.039782993,-0.13034317,-0.09973902,0.06011416,0.039330624,-0.010165611,-0.026078034,0.077114195,0.06127354,0.04345431,-0.004518644,0.1294544,-0.07410999,-0.05400747,0.052532807,0.061039444
-0.024289185,-0.05301953,0.0431882,0.029009912,0.080133416,0.036862403,0.07487632,0.07757813,-0.10507267,-0.030819625,0.0060127103,0.038461983,0.08970299,-0.07572851,0.10257886,0.09130108,-0.03993656,-0.13131934,-0.09991118,0.060276035,0.039758738,-0.010055708,-0.026341539,0.07720044,0.061604988,0.043394357,-0.0037741186,0.12930425,-0.074088216,-0.055381473,0.05284057,0.0609416
-0.024496973,-0.05362632,0.04300396,0.02936104,0.07981554,0.03705579,0.07458324,0.07777294,-0.10693064,-0.030566972,0.005586833,0.037914943,0.089811884,-0.07411142,0.102387674,0.09054812,-0.039328843,-0.1296896,-0.100086346,0.060260687,0.03917688,-0.010067299,-0.02596572,0.07694759,0.061473947,0.043673053,-0.0051961914,0.12935111,-0.074300826,-0.052311916,0.052701574,0.060922727
-0.024402436,-0.052960135,0.043115113,0.029120127,0.080157,0.036948986,0.074722484,0.077817336,-0.10484937,-0.03073183,0.005835988,0.03848338,0.08963948,-0.07578841,0.10225129,0.09152637,-0.039924078,-0.13106725,-0.09956219,0.06005365,0.03959866,-0.010065699,-0.026042357,0.077186316,0.061229557,0.043304116,-0.0037641702,0.12904063,-0.07404762,-0.055155728,0.052705996,0.061093144
-0.02449289,-0.05298893,0.043003302,0.02928549,0.08008218,0.03705885,0.074562505,0.07799176,-0.10519707,-0.030615147,0.005777417,0.038375337,0.089747936,-0.075430505,0.10214816,0.09141988,-0.039807484,-0.13053897,-0.09954408,0.060028628,0.039328575,-0.01011404,-0.02594829,0.077128835,0.06117292,0.04336547,-0.004203434,0.1291487,-0.07410419,-0.054498598,0.052612994,0.061129574
-0.02432948,-0.05344982,0.042955663,0.029097252,0.08012973,0.036712427,0.07485407,0.077221766,-0.106697306,-0.030791648,0.0060479664,0.038116727,0.090080924,-0.07489466,0.102677405,0.09075619,-0.03953563,-0.1304939,-0.100371,0.06039311,0.039027587,-0.010056116,-0.02644743,0.07688372,0.061845943,0.043563746,-0.00425402,0.12917277,-0.074335344,-0.054133665,0.05313804,0.060812026
-0.024541197,-0.053148568,0.042903364,0.02939722,0.080037385,0.03707414,0.0745013,0.0779676,-0.10584518,-0.030528866,0.0057574925,0.038191896,0.08991354,-0.074949265,0.10214457,0.091167994,-0.039618522,-0.13003212,-0.099697724,0.06009126,0.039061323,-0.010124378,-0.025967509,0.07701092,0.061243895,0.043481037,-0.0046235835,0.12919353,-0.0742078,-0.053732052,0.05264081,0.061072417
-0.024647636,-0.053233147,0.0427588,0.029555004,0.08000297,0.037205476,0.07433042,0.078092314,-0.106237285,-0.030410618,0.005542642,0.038110048,0.089726485,-0.07477784,0.10192169,0.09108375,-0.039428413,-0.12968153,-0.09958978,0.060021102,0.038771614,-0.010084659,-0.025709517,0.07697253,0.061117478,0.043495193,-0.00473754,0.12894791,-0.07432272,-0.053290233,0.052744076,0.061163507
-0.024439173,-0.05386806,0.043192916,0.02921658,0.07993589,0.036698725,0.074736595,0.07720524,-0.10703102,-0.030782342,0.0058120345,0.0379618,0.08989158,-0.074523985,0.1024096,0.0906874,-0.03925496,-0.13000384,-0.10029086,0.06019116,0.039078034,-0.010128839,-0.026090682,0.07675307,0.06161947,0.043583985,-0.0043986635,0.12874722,-0.07424606,-0.053156216,0.05301251,0.06086752
-0.024541277,-0.05327253,0.042991325,0.029479723,0.07985477,0.037169654,0.074590474,0.078027695,-0.10610485,-0.030484777,0.0055649043,0.038007192,0.08980623,-0.0744511,0.10220709,0.0907823,-0.039462898,-0.12980361,-0.09982222,0.060219098,0.03932397,-0.0101038795,-0.025960801,0.07704807,0.061314955,0.043632627,-0.0050663846,0.12944639,-0.07422529,-0.052858427,0.052529294,0.0609756
-0.024362426,-0.05284425,0.04307298,0.02900099,0.08025854,0.03690878,0.07475643,0.077813454,-0.10450994,-0.030767031,0.0059142546,0.038622916,0.089655265,-0.07616402,0.10225401,0.09177319,-0.040098086,-0.13134608,-0.09944918,0.0599903,0.03961549,-0.010055814,-0.026067708,0.077241786,0.061122127,0.043218806,-0.0034727305,0.1289657,-0.07401412,-0.05573461,0.05271534,0.06112852
-0.02418926,-0.05365179,0.043095574,0.028770562,0.08019365,0.036377415,0.07517566,0.07675824,-0.10654143,-0.031029616,0.006220576,0.03819666,0.090279,-0.07541651,0.102751695,0.09090282,-0.039655454,-0.13081017,-0.10045154,0.060266733,0.039045744,-0.010172443,-0.026607312,0.07677095,0.06167206,0.043486696,-0.0034568375,0.12878627,-0.07420559,-0.05476812,0.0532566,0.06073438
-0.024158737,-0.053349953,0.042924203,0.028797388,0.08028405,0.036564223,0.07510284,0.077045165,-0.1064723,-0.03091498,0.0061990623,0.038226236,0.0902206,-0.075143844,0.10297556,0.09080874,-0.039789848,-0.1310526,-0.10046062,0.06049952,0.03923841,-0.009969806,-0.026719373,0.07696298,0.061920818,0.043525696,-0.004010111,0.12935539,-0.07431233,-0.054635912,0.053191878,0.06070909
-0.024329174,-0.053511012,0.04314744,0.029083554,0.080121085,0.036614902,0.07494068,0.07705681,-0.10644349,-0.03086361,0.006101771,0.038148873,0.08998976,-0.07511198,0.102636404,0.09087636,-0.03951989,-0.13069321,-0.100402705,0.060360815,0.0392538,-0.010083813,-0.02646908,0.07688141,0.061882313,0.04354275,-0.003958459,0.12893863,-0.07426218,-0.05456621,0.05314993,0.060783405
-0.02431695,-0.053100027,0.043358836,0.029031971,0.08008198,0.0368424,0.074964724,0.07757979,-0.104802504,-0.030840293,0.0058445674,0.038401097,0.08958204,-0.07569143,0.10242538,0.091288984,-0.03987085,-0.1313228,-0.099775076,0.060198486,0.040024735,-0.010048296,-0.026216637,0.07718465,0.061419595,0.04338623,-0.0036693672,0.12910593,-0.07398746,-0.055093147,0.052727953,0.060941596
-0.02462601,-0.05312017,0.042781502,0.029525079,0.07996959,0.03720902,0.07433751,0.07818138,-0.105995685,-0.030436773,0.0056513683,0.03816761,0.08989201,-0.074823774,0.10199566,0.09116685,-0.03956283,-0.12966909,-0.09957541,0.060003713,0.03881385,-0.010168089,-0.025792588,0.07701017,0.061095912,0.043481346,-0.004850018,0.12922063,-0.07424656,-0.05337142,0.05257079,0.0611685
-0.024297388,-0.053410027,0.04307107,0.029112196,0.0800107,0.03677444,0.07489991,0.0773481,-0.106457256,-0.030795354,0.005973105,0.03811711,0.09000926,-0.074793145,0.10273777,0.09069495,-0.039574094,-0.13052289,-0.10036142,0.06041714,0.039320916,-0.010098666,-0.026436556,0.07697697,0.061850064,0.04359791,-0.0044428194,0.12945057,-0.0742515,-0.05393009,0.052944433,0.060789082
-0.024474602,-0.05343732,0.043040097,0.029303433,0.08001177,0.036844485,0.07473604,0.07747478,-0.10640353,-0.030682374,0.0058807065,0.03806787,0.08997562,-0.0748135,0.102350384,0.0908917,-0.03945402,-0.1301146,-0.10011653,0.06022832,0.039110944,-0.010124078,-0.026195575,0.07690079,0.061555278,0.04356828,-0.004446069,0.12902549,-0.07425906,-0.053753484,0.05287735,0.060901243
-0.024351079,-0.05309004,0.043037765,0.029027341,0.08015557,0.036837667,0.07484271,0.07765871,-0.10526651,-0.030750774,0.0059671146,0.038385175,0.08998686,-0.075578205,0.10238679,0.091386594,-0.039923955,-0.13079214,-0.09975374,0.060101584,0.03941983,-0.0101263095,-0.026235927,0.077093154,0.06123273,0.04339079,-0.00394585,0.12915869,-0.07408066,-0.054779243,0.052691694,0.060979925
-0.02439426,-0.053491548,0.043076728,0.029290698,0.07984768,0.036917508,0.07482234,0.07757315,-0.10659434,-0.030672405,0.0057630953,0.03796777,0.08998177,-0.07440467,0.102546304,0.09055287,-0.039426517,-0.12998177,-0.10025393,0.06035349,0.039311953,-0.0101548955,-0.02625092,0.07696207,0.06164499,0.0436857,-0.0048766294,0.12950577,-0.074241,-0.053028844,0.052730836,0.060811475
-0.024429653,-0.05328042,0.043206654,0.029288294,0.07992117,0.037016187,0.07480995,0.077747494,-0.105677426,-0.03065284,0.005647643,0.038116466,0.08963384,-0.07488104,0.10234749,0.0908512,-0.039559662,-0.1305012,-0.09989924,0.060283564,0.039727308,-0.010047065,-0.026103314,0.07709601,0.061460055,0.04357349,-0.0044666724,0.12928231,-0.074145675,-0.05370043,0.052683357,0.060908783
-0.024437174,-0.05333846,0.0430637,0.029321712,0.079910845,0.03699082,0.07472591,0.07772139,-0.10617906,-0.030630983,0.00574657,0.038071934,0.08986533,-0.074669935,0.10241506,0.09078057,-0.03951265,-0.13014728,-0.10004213,0.06028435,0.039353438,-0.010120541,-0.026152834,0.07701802,0.061535247,0.043607093,-0.004718649,0.12940288,-0.0742152,-0.053429194,0.05270698,0.06090263
-0.024692208,-0.053266022,0.042969078,0.029751554,0.07980959,0.037386153,0.07436462,0.07827759,-0.1061925,-0.030303288,0.00533486,0.037894443,0.08953277,-0.07415983,0.101952404,0.09067963,-0.039248258,-0.1295322,-0.099666715,0.06023605,0.03931156,-0.010006223,-0.025719196,0.07704118,0.06129923,0.043679655,-0.0053605186,0.12931457,-0.07430795,-0.052360974,0.05254163,0.06105201
-0.024097495,-0.053512067,0.043047354,0.028592441,0.08025576,0.036340073,0.075274706,0.07677737,-0.10609533,-0.031035721,0.0064204936,0.038366254,0.09043784,-0.07586089,0.10284939,0.091218054,-0.039943308,-0.13103893,-0.1004021,0.060234066,0.03915235,-0.0102396365,-0.026771486,0.076884985,0.061547417,0.043465633,-0.0032878993,0.12891833,-0.07414954,-0.055471685,0.053141594,0.060698412
-0.02461685,-0.0528781,0.042726103,0.029452223,0.07995324,0.03731721,0.07432479,0.078401044,-0.10546376,-0.030443821,0.00569452,0.038320784,0.089900464,-0.075170845,0.10198864,0.0913609,-0.039803416,-0.12983817,-0.09937557,0.05993855,0.038864426,-0.010212602,-0.025791947,0.0771389,0.06090527,0.043413714,-0.004752689,0.12944216,-0.07418547,-0.053785793,0.052429214,0.06125419
-0.024389844,-0.053236477,0.042864233,0.02900481,0.08019022,0.036793754,0.07477865,0.07754791,-0.10567051,-0.030745018,0.0059405086,0.03839264,0.09000011,-0.07577278,0.10221843,0.09146478,-0.03984454,-0.13054705,-0.09970359,0.059944954,0.03893365,-0.010177802,-0.026093291,0.07698764,0.06102271,0.043346144,-0.0036369925,0.1287297,-0.07416609,-0.054871887,0.052895106,0.061057005
-0.024687113,-0.05299901,0.04270823,0.029596876,0.07992931,0.037354328,0.074235275,0.07843991,-0.10580735,-0.030357078,0.005557873,0.03818764,0.089853324,-0.074811876,0.10187241,0.091232814,-0.039611276,-0.12951618,-0.09938034,0.0599364,0.038776875,-0.010176048,-0.025665624,0.07706969,0.060909003,0.043465212,-0.0050211046,0.12932196,-0.0742377,-0.053179223,0.052430533,0.06125302
-0.024661062,-0.05318025,0.042967983,0.029617604,0.07987614,0.037291992,0.07440652,0.078242004,-0.10580553,-0.0303935,0.005448163,0.038046353,0.08965042,-0.074599504,0.1019125,0.090976566,-0.039434798,-0.1297087,-0.09952691,0.06008037,0.039235808,-0.010087587,-0.025722215,0.07704407,0.06109505,0.043558545,-0.0049704704,0.12919478,-0.07421052,-0.05293467,0.05249446,0.061118145
-0.02419946,-0.053462256,0.043092392,0.02860322,0.08015274,0.03652555,0.075202525,0.07705376,-0.10556153,-0.0310673,0.0059886617,0.038466588,0.08989654,-0.07623145,0.102460384,0.09135526,-0.039952885,-0.13119751,-0.09988396,0.059945192,0.039256155,-0.010198291,-0.026258264,0.0769937,0.061002605,0.043293864,-0.002822713,0.12851235,-0.07406097,-0.055434413,0.053096667,0.060955897
-0.024592869,-0.05326782,0.042893678,0.029549494,0.079877265,0.03720524,0.074453756,0.07805793,-0.10629303,-0.030441388,0.005599445,0.038016357,0.089823775,-0.074473605,0.10213574,0.0908216,-0.039414868,-0.12965137,-0.09980894,0.060187154,0.039048754,-0.01012014,-0.025907014,0.076998524,0.061328277,0.04361545,-0.00506532,0.12935515,-0.07428715,-0.052931674,0.052620914,0.061034236
-0.024592621,-0.053371415,0.042973287,0.029465592,0.079994194,0.03696771,0.0745252,0.07766777,-0.10633317,-0.030577097,0.00584586,0.038092136,0.08991255,-0.07487944,0.10212268,0.091049984,-0.039409503,-0.12986144,-0.099943995,0.060119368,0.03890524,-0.010161718,-0.026020594,0.076890625,0.061426956,0.043538038,-0.004505164,0.1288872,-0.07428183,-0.053796273,0.052840788,0.061017744
-0.024374355,-0.053309053,0.042778116,0.029040776,0.080346465,0.036720436,0.07476461,0.07735607,-0.10625002,-0.030675769,0.006104684,0.038245466,0.090194784,-0.075349055,0.10241568,0.09123072,-0.0397161,-0.13051534,-0.100007415,0.060212485,0.038836025,-0.010020904,-0.026359359,0.07687341,0.06144273,0.043461606,-0.0039665885,0.12880696,-0.07433027,-0.054631352,0.053110473,0.060903527
-0.024270102,-0.05338689,0.042955056,0.028782498,0.08034499,0.036528602,0.075024635,0.07714292,-0.105644844,-0.030855719,0.00610249,0.03842014,0.09010321,-0.07604547,0.10234311,0.091566876,-0.039898496,-0.13092625,-0.09985852,0.05998417,0.03908933,-0.010135962,-0.026304994,0.07692572,0.061092094,0.043338977,-0.0031697452,0.1284136,-0.07414363,-0.055420972,0.053064644,0.060915835
-0.024505403,-0.05347613,0.04310408,0.029222343,0.07998459,0.036909427,0.07471183,0.07762194,-0.10589324,-0.030694105,0.0056364504,0.03815852,0.08969936,-0.0752088,0.10204756,0.0910995,-0.03951556,-0.13023898,-0.09969245,0.05997753,0.039198615,-0.010129422,-0.025863811,0.07691998,0.061044585,0.043444015,-0.003963243,0.12861821,-0.07414399,-0.053805616,0.052829362,0.06105591
-0.024558928,-0.053243145,0.04287743,0.029427778,0.07994525,0.037074596,0.074490935,0.07791616,-0.106170796,-0.030545078,0.005774778,0.03813774,0.089974664,-0.07484104,0.10215852,0.09104312,-0.03954063,-0.12978488,-0.09980807,0.060083248,0.038878113,-0.010203006,-0.025971882,0.07696401,0.061265457,0.043522794,-0.004702298,0.12922323,-0.07424086,-0.053525455,0.052669674,0.061068244
-0.024334408,-0.05365127,0.0429959,0.029104333,0.079912454,0.036815383,0.07483564,0.0773839,-0.10698099,-0.030731224,0.0058896695,0.038007863,0.09006135,-0.0744894,0.10267706,0.09058693,-0.039480716,-0.13005574,-0.100368254,0.060346514,0.039130837,-0.0101301335,-0.02631737,0.07692061,0.061659325,0.043669272,-0.0047484674,0.12937835,-0.074302055,-0.053141277,0.05289046,0.060790695
-0.024356134,-0.053616554,0.0430462,0.028998746,0.08014855,0.03658123,0.07500473,0.07702315,-0.10641556,-0.030864667,0.0059359563,0.03818447,0.089891836,-0.07543216,0.102375984,0.091073714,-0.039529942,-0.13059321,-0.10016488,0.06012374,0.03908237,-0.010103535,-0.026241094,0.076873325,0.061417513,0.043471325,-0.003556436,0.12843233,-0.07426017,-0.054626264,0.05318524,0.060862448
-0.024670351,-0.053478993,0.043110237,0.029657628,0.07987474,0.037238356,0.07444675,0.07798719,-0.10625833,-0.030384988,0.0053420407,0.037882745,0.089396805,-0.07432135,0.10191868,0.09070068,-0.03916104,-0.12978344,-0.099717766,0.060221538,0.039416485,-0.00994378,-0.025708266,0.07695393,0.061330765,0.04365153,-0.0049272915,0.12885746,-0.074299395,-0.052618064,0.052751034,0.0610158
-0.024330387,-0.05347023,0.04290624,0.0289589,0.080284424,0.0366285,0.07490115,0.07722199,-0.10613123,-0.030763868,0.005944696,0.03828252,0.08997285,-0.075579315,0.10232231,0.09131235,-0.039682187,-0.13064757,-0.09994884,0.06006697,0.03900636,-0.010071037,-0.02619606,0.07690331,0.06125383,0.04341463,-0.0035736961,0.12847385,-0.074246235,-0.054770637,0.053113904,0.060912736
-0.024334177,-0.053263925,0.042931676,0.028896358,0.080273286,0.036690943,0.07489903,0.07738807,-0.10549326,-0.030790463,0.006010177,0.038430337,0.08999447,-0.07597841,0.10226247,0.09155381,-0.039900437,-0.13082823,-0.09973094,0.05997044,0.039100155,-0.010137219,-0.026190888,0.076988906,0.061044205,0.04333375,-0.0033661434,0.12857598,-0.074142255,-0.05525926,0.052964658,0.060996346
-0.024152435,-0.053461004,0.04307329,0.028628238,0.080331825,0.0363648,0.07521926,0.07683356,-0.10578203,-0.031001355,0.006355126,0.038406402,0.09030557,-0.07605717,0.10266328,0.09138803,-0.03994515,-0.13116248,-0.10019952,0.060157448,0.039204564,-0.010179989,-0.026649345,0.07687993,0.061409328,0.043400057,-0.003061411,0.12863608,-0.07412749,-0.055705383,0.053167716,0.060765598
-0.02445602,-0.053026024,0.042822704,0.029160144,0.08014294,0.037004035,0.07460505,0.07789551,-0.105439775,-0.030626629,0.005866096,0.038412366,0.089903735,-0.07561098,0.10217785,0.09148088,-0.03988126,-0.1304675,-0.099570885,0.059983473,0.039025627,-0.010144064,-0.026008397,0.077098936,0.06105129,0.043356437,-0.0040447153,0.12905411,-0.0741723,-0.05467802,0.052723177,0.061126396
-0.02454872,-0.053211346,0.042905204,0.029377937,0.08015108,0.03704403,0.07451001,0.077831335,-0.10579537,-0.030483395,0.005776134,0.03820974,0.08976149,-0.075205564,0.10204944,0.09127672,-0.03957344,-0.13024345,-0.099673614,0.060116954,0.03910152,-0.0100312885,-0.025970858,0.07698645,0.061257865,0.04348342,-0.0042812787,0.12879467,-0.074273534,-0.054212004,0.0528583,0.06104694
-0.024511259,-0.053196605,0.042893026,0.029294394,0.07994217,0.03715941,0.07462968,0.07795681,-0.10581944,-0.030538488,0.005675674,0.038178172,0.08975619,-0.07509959,0.10216326,0.09101845,-0.039648183,-0.13013625,-0.09968714,0.060138334,0.03918532,-0.010104548,-0.025987253,0.07708192,0.061120383,0.043541517,-0.004461674,0.12919544,-0.07424716,-0.053747192,0.0527151,0.061044812
-0.024510544,-0.05342728,0.042859923,0.029457077,0.079893574,0.03704048,0.074530095,0.077765,-0.106861025,-0.030528843,0.0057847057,0.037975587,0.09003855,-0.074346386,0.1023749,0.0906692,-0.039366435,-0.12960136,-0.10014625,0.060280487,0.03884162,-0.010168586,-0.02611252,0.07690533,0.061593007,0.043664057,-0.0050786976,0.12942477,-0.074348405,-0.052952856,0.05278171,0.060930416
-0.024027191,-0.05382648,0.043062963,0.028398212,0.080412075,0.03610093,0.07550385,0.07635645,-0.106364444,-0.031160615,0.006157067,0.038356304,0.09009777,-0.076131664,0.10272047,0.09124955,-0.039799333,-0.13141896,-0.100361034,0.060103975,0.039184358,-0.010083821,-0.02656478,0.07682271,0.061358675,0.043367583,-0.0025117742,0.12805592,-0.07418888,-0.055669513,0.05350009,0.060681656
-0.024495918,-0.053006228,0.04292106,0.029213052,0.080007866,0.03714336,0.07462922,0.07800242,-0.10522531,-0.030609522,0.0057543837,0.038367443,0.0897136,-0.075617686,0.102111965,0.09132075,-0.03984139,-0.13049102,-0.099503644,0.060030095,0.03923223,-0.010139478,-0.02596724,0.07714607,0.060998604,0.04340737,-0.0040318156,0.12912326,-0.07415699,-0.054549363,0.05269696,0.061138816
-0.024343822,-0.05319173,0.043178238,0.029099308,0.08002904,0.03689276,0.07489749,0.07762148,-0.10541417,-0.030750692,0.005850485,0.038277473,0.08977522,-0.07531573,0.10246022,0.09109473,-0.039772652,-0.13082595,-0.09990456,0.060241222,0.03969255,-0.0100864265,-0.02624569,0.07712295,0.061436687,0.043489043,-0.00410043,0.1292655,-0.074100636,-0.054457128,0.052726224,0.06090668
-0.024405902,-0.053567145,0.04291095,0.02925912,0.080010265,0.036765918,0.07469086,0.07733633,-0.10701083,-0.030691933,0.006027738,0.038038075,0.090210535,-0.07466625,0.10252852,0.090753555,-0.03940615,-0.12988393,-0.10036596,0.06028423,0.038728133,-0.01021268,-0.026320681,0.0767948,0.061736114,0.043618884,-0.004555991,0.12916341,-0.074336946,-0.053635504,0.053016793,0.06084896
-0.024476888,-0.05306702,0.04289362,0.02923688,0.080138,0.037032705,0.07458374,0.077874996,-0.105492264,-0.030593455,0.0058087413,0.038354594,0.08975958,-0.075478576,0.102167614,0.091378614,-0.039772935,-0.13052535,-0.099619985,0.060066428,0.039164662,-0.010074127,-0.025995169,0.0770944,0.061193917,0.04339585,-0.0041024927,0.12900107,-0.07420262,-0.054591466,0.052788656,0.06109623
-0.024566121,-0.053155385,0.042890355,0.02942007,0.07992415,0.037217803,0.074526384,0.07809882,-0.10581234,-0.030473635,0.005613156,0.038141828,0.08976191,-0.07490059,0.102084935,0.09102764,-0.039594814,-0.12994483,-0.09962475,0.06011442,0.039167732,-0.010109045,-0.025899788,0.07707745,0.061113577,0.043544997,-0.004716133,0.12926228,-0.07423492,-0.05344418,0.052602284,0.061077833
-0.024251973,-0.053684197,0.042995393,0.028831288,0.08029647,0.036396354,0.075080015,0.07684739,-0.10646858,-0.030890305,0.0061326665,0.038210757,0.090233125,-0.07553418,0.1024863,0.09118444,-0.03963197,-0.13062952,-0.10023066,0.060120434,0.038938098,-0.010142051,-0.02642405,0.07675766,0.061398614,0.043461703,-0.0034042401,0.12838995,-0.074230194,-0.054791078,0.053227894,0.06078081
-0.024273707,-0.05323364,0.042875126,0.028762348,0.08026474,0.03668548,0.07499392,0.07734497,-0.10546787,-0.030865874,0.0059921225,0.03850132,0.089929245,-0.07618871,0.1023473,0.09153508,-0.03999585,-0.1310371,-0.09973207,0.059962615,0.039091483,-0.010132426,-0.02620856,0.07705494,0.06098792,0.043299086,-0.0031462517,0.12861483,-0.074153885,-0.055503465,0.05303757,0.061011195
-0.024280917,-0.053339787,0.04282079,0.028986435,0.08026136,0.036676783,0.074852586,0.07724794,-0.10653178,-0.030758973,0.006196976,0.038225636,0.090261646,-0.075142965,0.10272001,0.091000326,-0.039721288,-0.13059072,-0.100307,0.060364783,0.038923077,-0.010058343,-0.0265448,0.07691335,0.06175717,0.04352753,-0.0041784337,0.12920344,-0.07434281,-0.054546393,0.053118393,0.060808167
-0.024210343,-0.053236734,0.042677797,0.028760206,0.08052428,0.036554046,0.07492351,0.07705858,-0.106290706,-0.03079608,0.0064273854,0.03840221,0.09035295,-0.07576284,0.102762915,0.09132772,-0.03993939,-0.13106987,-0.10025086,0.060357716,0.038793765,-0.009973235,-0.026710685,0.07691552,0.061707575,0.043432422,-0.003590691,0.12890522,-0.074398264,-0.055632096,0.05336684,0.060803775
-0.024559278,-0.05332886,0.042867076,0.029412564,0.08003035,0.036988694,0.07449105,0.07770864,-0.10637235,-0.030556813,0.0058864695,0.0381372,0.08997223,-0.0749646,0.102167144,0.091075405,-0.039477155,-0.12987694,-0.0999266,0.060124643,0.038766045,-0.010168619,-0.026047748,0.07689467,0.061404105,0.043527763,-0.004478327,0.128964,-0.074311644,-0.053903785,0.05288616,0.061032645
-0.024370097,-0.053463683,0.042893402,0.029147364,0.08010611,0.036737613,0.07475583,0.07733692,-0.10665344,-0.030711923,0.006077983,0.038136415,0.09021882,-0.074964106,0.1025275,0.090941265,-0.039559983,-0.13015753,-0.10025205,0.06025513,0.038829543,-0.0101741385,-0.0263637,0.07684829,0.061626352,0.043562032,-0.0043208553,0.12910141,-0.07430446,-0.054070357,0.0530094,0.060857415
-0.023933342,-0.053432837,0.043386243,0.02849889,0.0802284,0.036287315,0.07546015,0.076542124,-0.10578736,-0.03122063,0.0064899144,0.038454324,0.090019286,-0.075942196,0.103304036,0.09097414,-0.039969686,-0.13204148,-0.10076602,0.060584757,0.039916955,-0.010090599,-0.027034726,0.077066295,0.062265344,0.04348454,-0.003079162,0.12927757,-0.07411587,-0.056271177,0.05333514,0.060558286
-0.02441829,-0.0530765,0.042775832,0.029156338,0.08005186,0.037028838,0.07466036,0.077879295,-0.105807826,-0.030599315,0.0059569855,0.038309347,0.09010345,-0.07528673,0.1023721,0.09122702,-0.039861325,-0.13022414,-0.099802405,0.060131736,0.038992826,-0.0101879,-0.026202045,0.07709324,0.061208118,0.04349263,-0.004450719,0.12943016,-0.074228786,-0.054247007,0.052673467,0.061014876
-0.024174277,-0.053554505,0.042990938,0.02887242,0.080228865,0.036492534,0.07506964,0.07687683,-0.10682267,-0.030899152,0.0062698615,0.038153663,0.09026038,-0.0750545,0.1029499,0.09075943,-0.039627206,-0.13080893,-0.10063748,0.060502447,0.039118066,-0.0100571215,-0.026739128,0.07685728,0.06204327,0.043593317,-0.0040073013,0.12917688,-0.07433735,-0.05459862,0.05327744,0.060654413
-0.02392395,-0.053698882,0.043008268,0.02850699,0.080576085,0.036178328,0.07526775,0.07641922,-0.10682331,-0.030934487,0.006461092,0.038148686,0.09093937,-0.075287245,0.10310933,0.09103302,-0.039879963,-0.1308851,-0.100697,0.06055229,0.039170146,-0.010105072,-0.026975835,0.07683105,0.06206167,0.043556783,-0.003721307,0.1291085,-0.07420829,-0.055271875,0.053308547,0.060477003
-0.024290076,-0.053581253,0.042966455,0.029001977,0.08008623,0.036580592,0.07489964,0.07706726,-0.10674847,-0.03085354,0.006208791,0.03817277,0.09030377,-0.07517714,0.10265199,0.090921745,-0.039588388,-0.1303027,-0.10041815,0.060245957,0.038792193,-0.010260234,-0.026490316,0.07679789,0.06168742,0.043548785,-0.0039763395,0.12901986,-0.07426999,-0.054433383,0.053121835,0.060806327
-0.024554666,-0.053451195,0.04298982,0.029487094,0.079853915,0.037169106,0.07456945,0.07788107,-0.10651531,-0.030469757,0.0055321404,0.03792877,0.089661576,-0.07435108,0.102214344,0.09061144,-0.039309934,-0.12980366,-0.099944495,0.060299527,0.039265104,-0.0100252945,-0.025950834,0.07698823,0.061442696,0.0436861,-0.005003889,0.12923366,-0.074330635,-0.052751664,0.05276149,0.060941797
-0.024607968,-0.05345505,0.042993195,0.029527556,0.079882905,0.037200313,0.07449727,0.07793371,-0.10639843,-0.03043247,0.005476263,0.037941944,0.08957285,-0.07444374,0.10206218,0.090717226,-0.039285418,-0.12978746,-0.09980392,0.060226172,0.039237328,-0.010000501,-0.02583279,0.07696955,0.061321024,0.043648828,-0.0048941234,0.12901786,-0.07432593,-0.05280128,0.05277726,0.06100041
-0.02452432,-0.053375293,0.042907413,0.029417377,0.07989981,0.03711555,0.07457106,0.07785865,-0.10646395,-0.030506216,0.0056708143,0.03801444,0.08983993,-0.07454794,0.10226369,0.09075248,-0.039429136,-0.12981328,-0.09994932,0.060248252,0.039082088,-0.010097221,-0.026025256,0.07698303,0.061405722,0.04363988,-0.0048974464,0.12929489,-0.07431678,-0.053087767,0.05275227,0.060962357
-0.024457369,-0.053641886,0.042967856,0.029273491,0.07993783,0.036906954,0.0746532,0.0775036,-0.10692776,-0.030629352,0.005789299,0.037987232,0.08992362,-0.07452841,0.1024006,0.09068578,-0.039360024,-0.1298809,-0.100180194,0.060256638,0.03897381,-0.010105291,-0.02611528,0.07686229,0.06154221,0.043636266,-0.004681674,0.12906483,-0.07433418,-0.053127836,0.052945457,0.06089291
-0.024292957,-0.05351104,0.042827085,0.028904311,0.080176085,0.03665638,0.07493956,0.07717245,-0.1065012,-0.03083431,0.005941857,0.038269006,0.08997313,-0.07552132,0.10246835,0.09108093,-0.039667156,-0.13058415,-0.10010333,0.06011425,0.038828157,-0.010122076,-0.026239198,0.0769176,0.061333206,0.04344325,-0.0035994183,0.12867682,-0.07430638,-0.054647826,0.05321037,0.060914516
-0.024558166,-0.05329225,0.04289959,0.029460179,0.07997825,0.037119016,0.07450558,0.07788699,-0.10622814,-0.0304759,0.0057030325,0.038074397,0.089806296,-0.07475571,0.102154166,0.09093003,-0.039451327,-0.12990433,-0.0998426,0.06020339,0.03904608,-0.010084517,-0.025987864,0.07697478,0.06137419,0.043588117,-0.0047175894,0.12912896,-0.07430968,-0.05347601,0.052789472,0.06100826
-0.024535513,-0.053614177,0.04303567,0.029350506,0.07993096,0.037005797,0.07459744,0.07764431,-0.106581435,-0.030570138,0.0056165108,0.03798614,0.08968671,-0.074627854,0.102167025,0.09077164,-0.039320722,-0.12992989,-0.09993252,0.0601789,0.039133843,-0.010044202,-0.025920738,0.07688798,0.06134284,0.04360176,-0.00455568,0.12882158,-0.07430043,-0.053092845,0.05290821,0.060968157
-0.023979258,-0.05351554,0.04335489,0.028582094,0.0801537,0.036332995,0.07545495,0.076656744,-0.10598771,-0.031140242,0.006362342,0.038319677,0.09012219,-0.07557073,0.10321174,0.09085758,-0.039880827,-0.13160896,-0.100721925,0.06054669,0.039880544,-0.010117689,-0.02695414,0.07703085,0.062102515,0.043556307,-0.0034637144,0.12934127,-0.074111454,-0.055464257,0.053158358,0.060537405
-0.024336006,-0.053064607,0.0429975,0.0290057,0.080254406,0.03680656,0.07479504,0.07757396,-0.10524732,-0.030726083,0.006110704,0.038459674,0.08998108,-0.07581373,0.10241187,0.09153594,-0.03996052,-0.13095927,-0.0998038,0.060138345,0.039352898,-0.010102967,-0.026316117,0.07709037,0.061352655,0.043379024,-0.003762059,0.12903118,-0.07413287,-0.055361643,0.05283833,0.06096714
-0.024365088,-0.053227678,0.04281192,0.028966518,0.08018222,0.036772408,0.0747753,0.07749781,-0.105809614,-0.030768078,0.0060719685,0.0384137,0.09013551,-0.07581179,0.10231829,0.09144493,-0.03988651,-0.13050464,-0.09981062,0.059977513,0.038787395,-0.010231752,-0.026204046,0.07696899,0.06110284,0.043361694,-0.0036511132,0.12885448,-0.07419174,-0.055014126,0.05293499,0.061039835
-0.024245476,-0.053478446,0.04301119,0.028966974,0.08000807,0.036738515,0.075051375,0.07725792,-0.106436014,-0.030788597,0.0060357437,0.03812456,0.09011939,-0.075015396,0.10274465,0.09074296,-0.039666496,-0.13049509,-0.10036416,0.06039804,0.03931063,-0.010142762,-0.026539497,0.07698741,0.06165185,0.04365039,-0.0042690197,0.12936574,-0.07426494,-0.054081272,0.052954685,0.060721718
-0.024023622,-0.05365307,0.0430592,0.028329253,0.0804754,0.036151595,0.0755195,0.07647724,-0.105791226,-0.031142995,0.0061874115,0.03848275,0.0900494,-0.07651216,0.102647245,0.09149989,-0.039984256,-0.1316817,-0.1001479,0.060049832,0.03933589,-0.010061597,-0.026560813,0.07691404,0.061177395,0.043305553,-0.002285014,0.12802282,-0.0741356,-0.05618193,0.05342967,0.060728878
-0.023953456,-0.053646155,0.043035552,0.028338162,0.08050886,0.036062412,0.07551576,0.07628447,-0.10633264,-0.031133834,0.006654995,0.03837694,0.09056541,-0.07606916,0.10309744,0.091221035,-0.039984375,-0.13154599,-0.100682355,0.060406286,0.039214827,-0.010093279,-0.027104333,0.076807514,0.06181552,0.043482274,-0.002851029,0.12863871,-0.07423732,-0.056124613,0.05349499,0.060513534
-0.024140753,-0.053653926,0.043034967,0.028833821,0.08017623,0.036413286,0.07511023,0.07672874,-0.10699193,-0.030966267,0.006360943,0.038158007,0.090327844,-0.07511269,0.10302078,0.090724066,-0.039602794,-0.13076743,-0.100780025,0.060495056,0.039032664,-0.01014925,-0.026803523,0.0768121,0.062118705,0.043606687,-0.0038924133,0.12916197,-0.0743252,-0.054736644,0.053332493,0.060625374
-0.024150833,-0.05355684,0.043139026,0.028857652,0.080055356,0.0365508,0.075181514,0.07698547,-0.10648596,-0.030918863,0.0061753024,0.038150318,0.090188704,-0.07506536,0.102941826,0.09072707,-0.03968058,-0.13077614,-0.10058021,0.0604648,0.039442345,-0.01015163,-0.026706498,0.076953925,0.061891966,0.04363627,-0.004082571,0.12936452,-0.07422111,-0.054405436,0.053037852,0.06063193
-0.024443509,-0.05333367,0.042881772,0.02924652,0.08003053,0.036925994,0.07465689,0.07762712,-0.10631358,-0.030623745,0.0059293886,0.038162332,0.09004776,-0.0750147,0.1023587,0.09100367,-0.03959053,-0.13008271,-0.10001487,0.060192175,0.03892137,-0.010171762,-0.026193958,0.07694028,0.061429393,0.043550283,-0.0044228816,0.12916231,-0.07428012,-0.053958625,0.05286859,0.060951293
-0.02429454,-0.05369938,0.043050997,0.028993443,0.080060855,0.03657019,0.07492816,0.07699561,-0.106831744,-0.03087153,0.00612779,0.038123537,0.09016315,-0.07510531,0.10263295,0.09082805,-0.039504793,-0.13036424,-0.10043657,0.060264587,0.038915705,-0.010208905,-0.026440155,0.07678027,0.061704133,0.043564815,-0.00391718,0.12887865,-0.07427331,-0.054271866,0.053183604,0.060789317
-0.02413936,-0.053711962,0.04302803,0.028720688,0.08022681,0.036275133,0.07514164,0.07659,-0.10680182,-0.031038169,0.0064924047,0.03826382,0.09049104,-0.07559435,0.102873124,0.09103471,-0.039698496,-0.13073166,-0.100660235,0.060278088,0.03878545,-0.010288836,-0.026774151,0.076722085,0.061829533,0.04351029,-0.0033785459,0.1287866,-0.07424899,-0.055280186,0.053358205,0.060684856
-0.024467267,-0.05299421,0.04284381,0.02913379,0.08011283,0.037079845,0.07464215,0.07792646,-0.1052257,-0.030621964,0.005812735,0.038433965,0.08974491,-0.07581477,0.102117375,0.09146299,-0.039905194,-0.13062,-0.099483766,0.05999596,0.03913267,-0.010113381,-0.025986038,0.07714349,0.060963944,0.043360535,-0.0038352795,0.12897496,-0.07418185,-0.054888636,0.052785538,0.061146066
-0.024298504,-0.053353276,0.04283728,0.028900485,0.08011177,0.036764644,0.07488084,0.07736926,-0.106190905,-0.030780096,0.0061417674,0.038315393,0.09018491,-0.07554475,0.10255844,0.091150396,-0.03984322,-0.13050002,-0.10008719,0.060174003,0.038908623,-0.010202121,-0.026406929,0.07697486,0.06133814,0.043495737,-0.0038939854,0.12910497,-0.07426074,-0.054719564,0.052999638,0.06090096
-0.024239652,-0.053136587,0.043032072,0.028828708,0.08034933,0.036623992,0.07496373,0.07731004,-0.10523425,-0.030817136,0.0062700347,0.038503237,0.09011921,-0.07602774,0.10254328,0.09161812,-0.04004494,-0.13120228,-0.09992981,0.060161773,0.03940677,-0.010107936,-0.026497528,0.077058256,0.06140265,0.04336942,-0.0034676678,0.12891464,-0.07411225,-0.05578663,0.05292987,0.06087479
-0.024332365,-0.0533483,0.04293529,0.028911486,0.08011781,0.03671492,0.07486406,0.0773505,-0.10589991,-0.030852705,0.006075366,0.038377825,0.090081945,-0.07578041,0.10239801,0.09130298,-0.03983581,-0.13060257,-0.09992744,0.06001949,0.0389079,-0.0102424435,-0.026250891,0.07694174,0.061189983,0.043384053,-0.003540988,0.12883368,-0.074167304,-0.054965664,0.05299475,0.06099595
-0.024143998,-0.053690698,0.04296496,0.028610773,0.08037509,0.036275376,0.0752446,0.07666139,-0.106361404,-0.030998528,0.00620297,0.03833075,0.09021997,-0.07592623,0.10259856,0.091310896,-0.03977888,-0.13099992,-0.10026114,0.060092974,0.038974315,-0.010134354,-0.026508048,0.07680914,0.061347254,0.043402057,-0.0029725442,0.1282695,-0.07422021,-0.055389937,0.05334553,0.06075462
-0.024361566,-0.05321697,0.042893894,0.029103886,0.08008104,0.036887966,0.07476685,0.07761116,-0.10598543,-0.030679673,0.006021733,0.038270377,0.09008472,-0.07525477,0.102492355,0.09112361,-0.039778635,-0.13041106,-0.10000838,0.06022017,0.03910637,-0.010160008,-0.026317995,0.07703444,0.061433353,0.043517813,-0.004287201,0.12931202,-0.07423354,-0.054393716,0.05282172,0.060921088
-0.024143105,-0.05315178,0.042954102,0.028705096,0.080431744,0.036519703,0.075041905,0.07709839,-0.10558043,-0.030886967,0.0064459075,0.03852062,0.09024572,-0.07600752,0.1028225,0.09150489,-0.04008689,-0.13141009,-0.1001993,0.06031546,0.039315365,-0.010062845,-0.026731946,0.07704772,0.061699554,0.04339372,-0.0034492044,0.12907241,-0.07419739,-0.05604879,0.053117257,0.060784243
-0.024011526,-0.053408064,0.04328436,0.02859347,0.08027433,0.03635194,0.07533868,0.076694235,-0.105781704,-0.03109819,0.0064427746,0.038428012,0.090078264,-0.07587981,0.10311647,0.09110379,-0.03994696,-0.13176228,-0.10060103,0.060500674,0.039760742,-0.0100824665,-0.026920747,0.07703544,0.06207853,0.043483336,-0.0032341005,0.12914863,-0.074140064,-0.05604454,0.053257756,0.06060777
-0.02416521,-0.053511683,0.04290469,0.02872703,0.08030792,0.036394343,0.07508207,0.07684175,-0.10646934,-0.030932065,0.0064493404,0.03832229,0.090492755,-0.075659305,0.102799736,0.0912034,-0.039840154,-0.13077402,-0.100438386,0.060258586,0.03884335,-0.010211468,-0.026730519,0.07682148,0.06165775,0.04348491,-0.0035337927,0.12889329,-0.07425824,-0.05529807,0.05322723,0.060731612
-0.02431022,-0.05305753,0.043107845,0.028944181,0.08023081,0.036820456,0.07489916,0.07753138,-0.104969546,-0.030787937,0.0060085696,0.038492568,0.08973557,-0.07600738,0.10240343,0.09149872,-0.039975226,-0.1312984,-0.099747285,0.060156167,0.039622754,-0.010044351,-0.026279353,0.07715503,0.06132894,0.04335362,-0.0034660837,0.1289291,-0.07409957,-0.055605043,0.052903004,0.06097107
-0.024168184,-0.05375359,0.042943988,0.028792921,0.08028346,0.03630114,0.07509133,0.07659214,-0.10714568,-0.030960537,0.006442307,0.038159207,0.09049987,-0.07528113,0.10288173,0.09088813,-0.03958489,-0.13060147,-0.10072383,0.060372055,0.038708746,-0.010183856,-0.026781697,0.07667958,0.0619419,0.043565247,-0.0036374284,0.12878114,-0.074347965,-0.054880206,0.053435493,0.060647562
-0.023940448,-0.053586695,0.04305566,0.028224012,0.08055508,0.03602615,0.075579636,0.07641884,-0.105525926,-0.03123185,0.006203667,0.038554594,0.0900944,-0.07674533,0.102663085,0.09163528,-0.040134598,-0.1320984,-0.10002435,0.060054794,0.039538976,-0.010018656,-0.026643127,0.07692413,0.061220374,0.04318581,-0.0021275291,0.12804225,-0.07403482,-0.056625053,0.053438738,0.060738448
-0.024278115,-0.053115524,0.043063205,0.028927447,0.08016802,0.036807135,0.07494416,0.077498406,-0.10528907,-0.030790284,0.0060643596,0.038422123,0.08990739,-0.07576744,0.10253883,0.09132982,-0.039958756,-0.13108806,-0.09991178,0.06022488,0.0395419,-0.010093894,-0.026393674,0.077135615,0.061409775,0.04343184,-0.0037372215,0.12917078,-0.074129306,-0.055248424,0.05285992,0.060902394
-0.024534333,-0.05296698,0.042810224,0.029282402,0.08005473,0.037189033,0.07452228,0.078108914,-0.10533402,-0.030513018,0.005773992,0.03835231,0.08980514,-0.07550377,0.10206113,0.09138903,-0.03983666,-0.13028845,-0.099463426,0.060020987,0.03908392,-0.010127613,-0.025945373,0.07713448,0.060973693,0.043423194,-0.0042595854,0.12915131,-0.074203365,-0.054397505,0.052653782,0.061153233
-0.024236193,-0.053209487,0.043179914,0.02887135,0.08017556,0.036709707,0.07505219,0.07731647,-0.105291836,-0.030863129,0.0060788994,0.038403958,0.08985717,-0.07580544,0.10259733,0.091271214,-0.039918035,-0.1312719,-0.10001017,0.060264956,0.039692,-0.010075863,-0.026453916,0.07710779,0.0615063,0.043437835,-0.003545952,0.12905703,-0.07410475,-0.055377252,0.052941322,0.060843945
-0.024159629,-0.053456042,0.04289625,0.028738447,0.08032323,0.036445286,0.075092286,0.07691738,-0.10638996,-0.030889325,0.0064077773,0.038309008,0.09044537,-0.07557213,0.10282823,0.09117392,-0.039860345,-0.13084012,-0.10041857,0.060319826,0.0389854,-0.010146862,-0.026747353,0.07687675,0.061687015,0.043510843,-0.003678036,0.12899974,-0.0742726,-0.05519717,0.053184368,0.060707726
-0.02418135,-0.053679015,0.0429322,0.028853865,0.08023074,0.036392502,0.075039685,0.076747105,-0.10708755,-0.030911215,0.0064034727,0.038156327,0.09047467,-0.07515457,0.10289967,0.09086206,-0.0396029,-0.13052565,-0.10070136,0.06039789,0.038779005,-0.010189034,-0.026758835,0.07674358,0.061961986,0.04359076,-0.003891063,0.12899698,-0.07434409,-0.054698724,0.053320773,0.060657796
-0.024401907,-0.053195007,0.042709358,0.02907197,0.08020386,0.036864486,0.07464928,0.07760122,-0.10604593,-0.030669067,0.006035837,0.038376916,0.090081014,-0.07560669,0.10232003,0.091382064,-0.039816972,-0.13038757,-0.09984059,0.06004861,0.0386932,-0.010165898,-0.026171343,0.076985985,0.061224952,0.043399643,-0.0039266925,0.12893453,-0.07428662,-0.054825656,0.052979384,0.061047606
-0.024216212,-0.053347204,0.042745084,0.028792065,0.08050732,0.03649535,0.07492882,0.07697006,-0.10637462,-0.03078799,0.0064556007,0.03836529,0.09038522,-0.07572833,0.10272477,0.09134875,-0.03986718,-0.13095652,-0.10030927,0.060336992,0.038797833,-0.010019302,-0.026712775,0.07686059,0.06172673,0.04346104,-0.003574361,0.12877524,-0.074380696,-0.05560207,0.05336473,0.060767744
-0.024402928,-0.053254645,0.04291205,0.029136192,0.08017856,0.036852024,0.07470732,0.077527046,-0.10591675,-0.030653317,0.006039851,0.03829132,0.089993104,-0.075448126,0.102353,0.09126144,-0.039720524,-0.13050961,-0.09994055,0.060182974,0.03905189,-0.010111809,-0.0262625,0.07697273,0.06142295,0.043478522,-0.004002151,0.1289412,-0.07425777,-0.054751955,0.052971616,0.06094861
-0.0243754,-0.05344458,0.04284963,0.029170163,0.07998501,0.03689588,0.07473556,0.07749994,-0.106755905,-0.03065852,0.005977633,0.038099825,0.09010073,-0.07479572,0.10258113,0.09076396,-0.03955834,-0.13006736,-0.1002606,0.06032655,0.038911253,-0.0101548545,-0.02633536,0.07694262,0.061623286,0.043633886,-0.0046027293,0.12936427,-0.0743517,-0.053714275,0.052952692,0.060857013
-0.024331897,-0.053393308,0.042868383,0.02911572,0.08002908,0.03684129,0.07480997,0.07743494,-0.106600925,-0.030689899,0.0060536475,0.03814197,0.0901529,-0.07493166,0.10264473,0.09082381,-0.03962653,-0.13023083,-0.10029578,0.060353782,0.038987234,-0.010159764,-0.026433785,0.07696169,0.061669912,0.04362504,-0.00448314,0.12939505,-0.07433031,-0.05402162,0.052960344,0.06082029
-0.024432842,-0.05334346,0.042830445,0.029172484,0.080115035,0.036907077,0.07468433,0.077547975,-0.10625584,-0.030640822,0.005880632,0.03822411,0.08988516,-0.07530229,0.10229146,0.0910967,-0.039607823,-0.13032167,-0.09993308,0.06015403,0.038888544,-0.010099174,-0.026130196,0.07695559,0.061346952,0.04349411,-0.0040502837,0.12886491,-0.07432224,-0.05435669,0.05304505,0.060985763
-0.02421419,-0.053211663,0.04301019,0.028846234,0.08032977,0.036602084,0.07495609,0.07719666,-0.105638884,-0.030830149,0.0063279686,0.038449477,0.09013762,-0.07584126,0.10268939,0.091430426,-0.039956313,-0.13116752,-0.10015322,0.060281083,0.039320692,-0.01009628,-0.026595458,0.0770267,0.061658725,0.043427855,-0.0035949433,0.12902325,-0.07419007,-0.055700574,0.05305927,0.060817167
-0.024054274,-0.053602397,0.042920575,0.028942443,0.08057452,0.036720056,0.074612506,0.07711543,-0.106791176,-0.030408155,0.005929312,0.037910417,0.09120735,-0.074656434,0.10256082,0.09112941,-0.03979484,-0.12960473,-0.10010835,0.060512796,0.03905142,-0.010220364,-0.026349276,0.07699147,0.061836727,0.043608267,-0.004797763,0.12951975,-0.07410768,-0.054374155,0.05287163,0.060668696
-0.024196403,-0.05364603,0.04285541,0.028820697,0.08030727,0.036375538,0.07500775,0.076743126,-0.10701962,-0.03089859,0.006450352,0.03820692,0.09052633,-0.0753475,0.102824524,0.09100832,-0.03965576,-0.13053927,-0.10061045,0.060332756,0.03862992,-0.010187108,-0.026740655,0.07671914,0.061848342,0.043544568,-0.003721442,0.12883994,-0.07435788,-0.05494579,0.05336985,0.060698178
-0.024295926,-0.053097628,0.042842574,0.028766438,0.080197625,0.03682443,0.07495993,0.07750758,-0.1052122,-0.030835196,0.0060162605,0.03855192,0.089892775,-0.07635377,0.10233174,0.0915414,-0.040092185,-0.13106515,-0.09964252,0.059980646,0.039111212,-0.01016093,-0.026229128,0.07712688,0.060914226,0.043310676,-0.0031438032,0.12879469,-0.07415646,-0.055685222,0.052994434,0.061055124
-0.024308894,-0.053370804,0.04284512,0.028964305,0.08006752,0.03679747,0.07484994,0.07739195,-0.10635525,-0.030764107,0.0061101974,0.038264822,0.090159595,-0.07535042,0.10259794,0.09102433,-0.039772652,-0.13041434,-0.10016245,0.060229376,0.038911626,-0.010195706,-0.026406467,0.07697294,0.061451126,0.04353261,-0.004075736,0.12921667,-0.074285746,-0.054489076,0.05299885,0.060886394
-0.024472946,-0.053255614,0.04284927,0.029243484,0.080074176,0.036978073,0.07461706,0.07771556,-0.10605422,-0.03059746,0.0058717025,0.038228236,0.089932196,-0.0752376,0.10223389,0.09115106,-0.03964311,-0.13019425,-0.099836245,0.06012074,0.038928077,-0.010137381,-0.026091836,0.07697862,0.06127689,0.043492448,-0.0042382544,0.1290088,-0.0742737,-0.054204773,0.052880906,0.061021257
-0.024037885,-0.05276002,0.04328698,0.028479084,0.08044328,0.036569834,0.07521847,0.07719136,-0.1039585,-0.031093445,0.0064468016,0.03890704,0.08972196,-0.077069186,0.10287071,0.09191252,-0.040490847,-0.1326932,-0.09987877,0.06027331,0.040152185,-0.010013035,-0.026724797,0.07736264,0.061632723,0.043177716,-0.00251027,0.12910914,-0.07395399,-0.057768296,0.053060822,0.060893282
-0.024481654,-0.05308978,0.04283763,0.029257134,0.08003628,0.037124563,0.074612945,0.07794885,-0.10568936,-0.030533966,0.005807324,0.038262144,0.0898518,-0.07526285,0.10222438,0.09117648,-0.039753422,-0.13027406,-0.099697664,0.06015303,0.03914437,-0.010102134,-0.026079422,0.077105984,0.06118604,0.043509584,-0.00440544,0.1292481,-0.07425223,-0.05416797,0.05272804,0.061039627
-0.02448222,-0.053014137,0.042787045,0.029218314,0.080150925,0.03706148,0.07455579,0.07794716,-0.10550239,-0.030547407,0.0058898726,0.038372643,0.089922376,-0.07551685,0.10216521,0.09144965,-0.039851587,-0.13037217,-0.09958929,0.060046047,0.03901703,-0.010116352,-0.026045814,0.07709552,0.061100885,0.043411296,-0.00420498,0.12909661,-0.07422155,-0.054593083,0.052730277,0.061100744
-0.024503,-0.05311525,0.04286759,0.029299978,0.08003027,0.03713869,0.07459848,0.07795981,-0.10569355,-0.030512288,0.005758558,0.038229473,0.08979793,-0.075196005,0.10217833,0.09115037,-0.03970059,-0.13024533,-0.09968032,0.060157582,0.03919065,-0.010080319,-0.026040435,0.07709515,0.061188318,0.043520894,-0.004436179,0.12919016,-0.0742538,-0.05405598,0.052727625,0.06103805
-0.024436302,-0.053016745,0.042953335,0.029161017,0.080121785,0.03703602,0.07468824,0.077870786,-0.10522374,-0.030610926,0.0058708643,0.03837828,0.08979344,-0.0755974,0.10223596,0.09138856,-0.039873376,-0.13068038,-0.09962405,0.060117934,0.039370984,-0.01008006,-0.026114281,0.07714513,0.061177872,0.04342469,-0.0040519265,0.12912408,-0.07416285,-0.054767013,0.052727975,0.06104455
-0.024168637,-0.054014295,0.04318515,0.028742101,0.08014067,0.03627688,0.075146794,0.0764636,-0.107195504,-0.031056944,0.0062913415,0.038116574,0.09019573,-0.07526838,0.102837525,0.09075916,-0.039462406,-0.13071507,-0.10073435,0.06032345,0.03897079,-0.010179922,-0.026629612,0.0766639,0.061894655,0.043564476,-0.0034178281,0.12852527,-0.074282475,-0.054654192,0.053485468,0.060656235
-0.024479063,-0.052927513,0.04268843,0.029122433,0.080205545,0.037063055,0.07454893,0.07796164,-0.10528658,-0.030561332,0.005988004,0.038488563,0.0899907,-0.07592199,0.102105364,0.0916573,-0.039997842,-0.1304569,-0.099463925,0.05995393,0.038842693,-0.010160025,-0.02605769,0.0771063,0.060913146,0.043346558,-0.003894926,0.12898585,-0.07421972,-0.055108972,0.052775353,0.061163135
-0.024414016,-0.05345006,0.042908676,0.029187983,0.08000701,0.036916062,0.074729756,0.07752505,-0.10650872,-0.030640073,0.005894326,0.038110085,0.08996218,-0.07493807,0.10242775,0.090855114,-0.039540466,-0.13015455,-0.100108474,0.060266048,0.03901624,-0.010116445,-0.02623074,0.076941065,0.061486572,0.043601163,-0.004406239,0.12912185,-0.07432268,-0.053819507,0.052963115,0.060894676
-0.02415197,-0.05337119,0.04310164,0.02857803,0.08056292,0.036319606,0.07522361,0.07682959,-0.10517481,-0.030928403,0.006344531,0.0385388,0.09012178,-0.0765175,0.102478474,0.09182981,-0.040054943,-0.13160071,-0.099941894,0.06008298,0.03946601,-0.010039536,-0.026575167,0.07694325,0.06125529,0.043309737,-0.002645663,0.1281665,-0.074098125,-0.056475,0.053211786,0.06078164
-0.02402595,-0.053541843,0.043034405,0.028492246,0.08046225,0.036206763,0.07536784,0.07655612,-0.10612509,-0.031014763,0.0065676537,0.03837746,0.09049258,-0.075948104,0.10296916,0.09131093,-0.039977007,-0.1313631,-0.10053076,0.060368013,0.039287537,-0.01010176,-0.026972402,0.07686958,0.06174302,0.04349231,-0.0031556534,0.12875277,-0.07421406,-0.05590486,0.05330894,0.06057104
-0.024261074,-0.05291606,0.04304281,0.028825529,0.08038604,0.036749795,0.07488682,0.077466205,-0.10468334,-0.030813433,0.006246936,0.038662788,0.08984923,-0.07645038,0.10247399,0.09180142,-0.040172644,-0.1316177,-0.09972836,0.060147747,0.03955073,-0.010044726,-0.026420604,0.077182084,0.061371483,0.04327706,-0.003160499,0.12888417,-0.07409836,-0.056493666,0.05298619,0.060982835
-0.024027642,-0.05350768,0.043051783,0.028547902,0.08042435,0.036248367,0.07532211,0.07661263,-0.106185645,-0.031008456,0.00655466,0.038366403,0.09045391,-0.07579952,0.103034884,0.091231555,-0.039950777,-0.13135687,-0.10059053,0.060423024,0.039332062,-0.010095054,-0.026975986,0.07689877,0.06187894,0.04350819,-0.003338527,0.12892814,-0.07422153,-0.05578895,0.05328114,0.060570467
-0.024215644,-0.053690325,0.04298739,0.028837418,0.08027883,0.03635454,0.07503237,0.07672446,-0.10673739,-0.03090879,0.006409448,0.03822354,0.09042863,-0.07550818,0.10269768,0.09111905,-0.03963782,-0.13058968,-0.10051589,0.06025424,0.038784824,-0.010223091,-0.026664022,0.07671279,0.061736114,0.04352411,-0.0035152743,0.12863272,-0.07428129,-0.055103727,0.05332312,0.060711965
-0.02425375,-0.05364106,0.042958304,0.028951518,0.0799775,0.036732335,0.07498849,0.077178515,-0.10693266,-0.030794557,0.0060346504,0.03807031,0.090109274,-0.07484008,0.102791205,0.09060791,-0.03957243,-0.13034037,-0.10047708,0.060414318,0.039117113,-0.010129433,-0.026509587,0.07692797,0.061716404,0.043677747,-0.004363764,0.12930712,-0.07434176,-0.05378238,0.05307627,0.060723506
-0.024109224,-0.053593047,0.042761073,0.028661704,0.08046876,0.036290146,0.075111546,0.076600835,-0.10702965,-0.030916497,0.0066001085,0.0382649,0.09062678,-0.075508706,0.102996245,0.0910721,-0.03978364,-0.13085651,-0.100704834,0.06044076,0.03865744,-0.010089515,-0.026945729,0.07674758,0.061961595,0.043545,-0.0035897242,0.1288588,-0.07442076,-0.055381663,0.053503715,0.060617156
-0.024145821,-0.05339959,0.043191396,0.028761689,0.08024293,0.03651319,0.07517387,0.07693989,-0.10577837,-0.030945178,0.00626432,0.038358234,0.08999858,-0.075767264,0.10281327,0.09114253,-0.03984768,-0.13137218,-0.10034969,0.060390484,0.039597034,-0.010070186,-0.026684541,0.07700674,0.061799172,0.04349378,-0.0034028087,0.12896405,-0.074175954,-0.055588357,0.053182077,0.06070612
-0.024156896,-0.05326956,0.043030225,0.028717494,0.080399886,0.036477156,0.07508707,0.077031404,-0.10557157,-0.030879378,0.006413788,0.038472615,0.090244755,-0.07601252,0.10272749,0.09152054,-0.04002264,-0.13129576,-0.10018387,0.06026408,0.039365344,-0.010101922,-0.026695557,0.076999694,0.061599147,0.043419812,-0.0033698613,0.12888342,-0.07416368,-0.05594187,0.053091336,0.060757384
-0.024104282,-0.054052513,0.043082498,0.02866243,0.08024726,0.0361357,0.07519773,0.07625559,-0.10748898,-0.031074785,0.0065160007,0.038129047,0.09046331,-0.07532304,0.10298495,0.09080269,-0.039497808,-0.1306963,-0.10094006,0.06038282,0.038747713,-0.010212865,-0.026842814,0.07659492,0.062049612,0.043591008,-0.0033705523,0.12852812,-0.074343674,-0.05496188,0.053606596,0.060569193
-0.024096716,-0.0536026,0.04325136,0.028721407,0.08021869,0.036402065,0.075273454,0.07664724,-0.10624173,-0.031018402,0.006315543,0.03826824,0.08998961,-0.07564017,0.102956064,0.09089452,-0.039702743,-0.13141133,-0.10063329,0.060509525,0.039569013,-0.010059882,-0.02680948,0.076921165,0.06204937,0.04356263,-0.0033017928,0.12887836,-0.074239925,-0.055548172,0.053401902,0.060604207
-0.024229582,-0.05356619,0.042921208,0.028770246,0.0804111,0.036407102,0.07506238,0.076881796,-0.106202096,-0.030842874,0.0062337318,0.038322173,0.09023622,-0.07583572,0.10248408,0.091421485,-0.039772414,-0.13084239,-0.10015115,0.060121417,0.038964733,-0.010101758,-0.02648082,0.07682197,0.06136499,0.043431364,-0.0032581985,0.12833653,-0.0742504,-0.055351783,0.05325739,0.06078513
-0.024183325,-0.053414974,0.043173775,0.028802779,0.08024852,0.036547795,0.075126275,0.07695686,-0.105797604,-0.030913059,0.0062281047,0.03834687,0.089930385,-0.0758048,0.10272515,0.091150336,-0.039800707,-0.13133255,-0.100298785,0.060372442,0.03953743,-0.010052845,-0.02662478,0.0769863,0.061759375,0.04349128,-0.0033382578,0.12883168,-0.07420355,-0.055608638,0.05324036,0.060734533
-0.023925655,-0.05364285,0.042981878,0.028460162,0.08068617,0.036160395,0.07517824,0.076418005,-0.10646406,-0.03089109,0.006568488,0.038279705,0.091037765,-0.07578057,0.102942705,0.09142721,-0.040016737,-0.13091135,-0.10050576,0.060416818,0.039046384,-0.010185529,-0.026919765,0.07683669,0.061877783,0.043473177,-0.003358066,0.12885004,-0.07415324,-0.056045864,0.053320482,0.060545754
-0.023548977,-0.053861663,0.043225866,0.028379263,0.08148207,0.036141325,0.07467084,0.076199606,-0.10635445,-0.030361146,0.00614702,0.037899904,0.092550546,-0.07519022,0.10263362,0.09196934,-0.040248804,-0.12980992,-0.09997403,0.06062735,0.039409652,-0.0103018265,-0.026522133,0.07698126,0.062134065,0.043401785,-0.0041055456,0.12920451,-0.07367338,-0.05641898,0.052951623,0.06041076
-0.023962898,-0.053223208,0.043395255,0.028424561,0.080359235,0.036358118,0.075475454,0.076720186,-0.104880884,-0.031164251,0.0064341337,0.03861942,0.08985096,-0.07653411,0.10305384,0.09140182,-0.0401869,-0.1324204,-0.10033952,0.060444683,0.04016797,-0.010013264,-0.026916873,0.07717798,0.06187561,0.043372355,-0.0026340885,0.12897438,-0.0740342,-0.0569659,0.053252608,0.06065069
-0.024147589,-0.052924857,0.043226253,0.028628957,0.08041501,0.03661385,0.07511908,0.077231705,-0.10431317,-0.030975271,0.006312505,0.03875169,0.08974177,-0.07679866,0.1026258,0.0918314,-0.0402837,-0.13219112,-0.09980233,0.060198333,0.039916582,-0.01001774,-0.026561875,0.07723642,0.061456658,0.043235213,-0.0026806127,0.12881994,-0.07401349,-0.057122923,0.05307088,0.06091386
-0.024421563,-0.053532977,0.042924732,0.029196221,0.08001052,0.036898382,0.07473455,0.07744844,-0.10665226,-0.030636963,0.005878419,0.03807027,0.08991592,-0.07490076,0.10241178,0.09079506,-0.039468065,-0.13014315,-0.10015288,0.06028804,0.039001897,-0.010091485,-0.026225198,0.076903455,0.061524354,0.043621924,-0.0043563657,0.12899944,-0.074353725,-0.053772528,0.05304959,0.060875595
-0.024121696,-0.053740755,0.043030567,0.028785452,0.08026537,0.03629898,0.07512239,0.07653696,-0.10707927,-0.030976523,0.006501325,0.038187332,0.090403356,-0.075314134,0.10301147,0.09085457,-0.039593626,-0.13082224,-0.10085392,0.06048066,0.038916975,-0.010166578,-0.026878946,0.07673878,0.062163457,0.04359918,-0.0036347052,0.1288999,-0.07434993,-0.055162583,0.053475022,0.060589828
-0.024185574,-0.053571276,0.04288304,0.02878137,0.08024973,0.036419705,0.07503046,0.07683473,-0.10669823,-0.030912187,0.006457322,0.038286015,0.0905002,-0.075572595,0.102795735,0.091125116,-0.039767023,-0.13059744,-0.10051082,0.060267616,0.038715377,-0.010256166,-0.026718572,0.07679062,0.06170808,0.04352119,-0.0036176546,0.1289094,-0.07429463,-0.055179004,0.0532635,0.06073284
-0.02411685,-0.05376869,0.04286174,0.02869131,0.08040563,0.036210723,0.07513611,0.07643624,-0.10725549,-0.030964594,0.0065991846,0.038200166,0.09061654,-0.07544569,0.10297025,0.09097707,-0.039646726,-0.13073668,-0.10081859,0.060420454,0.038608313,-0.010152293,-0.026928931,0.07665448,0.062018596,0.04356896,-0.0034815716,0.12868676,-0.07440704,-0.05528113,0.05357629,0.060590856
-0.024228128,-0.05340726,0.042946517,0.028863661,0.08029331,0.036544066,0.074981384,0.0770793,-0.10615454,-0.030808374,0.006323867,0.038316235,0.0903044,-0.07558326,0.10267033,0.09127086,-0.03982248,-0.13077499,-0.100274876,0.06027268,0.03907942,-0.010144515,-0.02661239,0.076907456,0.061618906,0.043504108,-0.003742095,0.12892911,-0.07424635,-0.055183154,0.05310022,0.06076256
-0.02420197,-0.053604886,0.04309194,0.028910264,0.08004749,0.036612198,0.075123206,0.0769863,-0.10661808,-0.030871019,0.0061205295,0.038116127,0.090078406,-0.075105436,0.102832265,0.09067582,-0.03959189,-0.13069855,-0.10054426,0.060463745,0.039320238,-0.010123106,-0.02663647,0.07691939,0.061853454,0.043653816,-0.0039853575,0.12917635,-0.07429079,-0.05440651,0.053170078,0.060662188
-0.024330098,-0.0535905,0.04303282,0.028910339,0.08012643,0.036689796,0.07496342,0.07719505,-0.106174186,-0.030834213,0.005840112,0.038236104,0.08977552,-0.075544745,0.10234771,0.09108449,-0.03962821,-0.13071328,-0.09997324,0.060094874,0.039173417,-0.010071095,-0.026148476,0.07692117,0.06122624,0.043447502,-0.0034907544,0.12849353,-0.07422781,-0.05452488,0.05315193,0.060918525
-0.023817617,-0.053766847,0.043524336,0.028263388,0.08028209,0.035999753,0.07578048,0.07596621,-0.1060822,-0.031388335,0.006605402,0.038390666,0.09005167,-0.07618002,0.103422485,0.0908343,-0.039881557,-0.13232833,-0.10104335,0.06065006,0.039988935,-0.010081995,-0.027248744,0.07692524,0.062355354,0.0435302,-0.0024368474,0.12881386,-0.07413359,-0.05665884,0.053668965,0.0603891
-0.023881745,-0.053675056,0.04332397,0.02837715,0.08030118,0.0360941,0.07557139,0.076167464,-0.10631748,-0.031275716,0.006652728,0.038395908,0.09021564,-0.07601915,0.10337317,0.090910114,-0.039889842,-0.13195565,-0.10099744,0.060608186,0.03962685,-0.010122005,-0.02719456,0.07690951,0.062328435,0.043530043,-0.0027997727,0.12896945,-0.07420102,-0.056433637,0.053598065,0.060459
-0.024173336,-0.053475916,0.043121986,0.0287956,0.08028841,0.03648731,0.075102575,0.07684545,-0.106067814,-0.030917961,0.006321468,0.038334914,0.09002675,-0.075779706,0.10277441,0.09113789,-0.03976328,-0.13126539,-0.1004141,0.060395505,0.03935954,-0.010066267,-0.026687983,0.07692501,0.061862323,0.04350309,-0.0033272095,0.12877917,-0.074253336,-0.055683594,0.0533438,0.06071037
-0.024294414,-0.053128235,0.042907313,0.028889997,0.08032569,0.036724657,0.07487248,0.07742046,-0.10539661,-0.030736879,0.006225318,0.03847345,0.090116404,-0.07598311,0.10245041,0.0915858,-0.04000863,-0.13097252,-0.09986674,0.06014106,0.03920219,-0.010111066,-0.026428483,0.07704751,0.061303906,0.043394625,-0.003574945,0.12889585,-0.07418249,-0.055603616,0.052955646,0.06091864
-0.024344966,-0.05358401,0.042856738,0.0291484,0.08006089,0.036746822,0.07478901,0.07721051,-0.10708207,-0.030693442,0.0061113373,0.03805693,0.090195864,-0.07482558,0.10264192,0.0907159,-0.039456803,-0.13009019,-0.100471325,0.060390748,0.03876876,-0.0101575665,-0.02647072,0.07682548,0.061817624,0.043665178,-0.0044018636,0.12914523,-0.07441179,-0.053973585,0.053173274,0.060773887
-0.024306718,-0.053476542,0.042846322,0.029050726,0.07999264,0.036871184,0.07493152,0.07736426,-0.1067245,-0.03067626,0.0059964624,0.038077246,0.09008085,-0.07493351,0.10266965,0.090656884,-0.03959647,-0.13025892,-0.10034553,0.060430653,0.039066616,-0.010113811,-0.026489869,0.076977625,0.06162656,0.043703612,-0.0044189123,0.12935129,-0.074391134,-0.053907834,0.05305426,0.060753737
-0.02408411,-0.053397607,0.042790364,0.028541109,0.0806631,0.03627183,0.075147524,0.07662615,-0.10622415,-0.030901484,0.006685017,0.03846638,0.09050172,-0.07615315,0.10289326,0.09151802,-0.04001566,-0.13142133,-0.10044542,0.060382247,0.03891941,-0.009997997,-0.026963312,0.07684865,0.061804723,0.04343432,-0.0030717421,0.12858047,-0.074362375,-0.056430206,0.053530645,0.06065363
-0.02421307,-0.053786945,0.04296714,0.028898286,0.080231644,0.03635678,0.07500095,0.07664646,-0.107202485,-0.03090128,0.0064217267,0.038133934,0.09043622,-0.07522221,0.10280689,0.09088806,-0.03950439,-0.13044795,-0.10072655,0.060365118,0.038682073,-0.010215333,-0.026720207,0.0766687,0.06197185,0.043596543,-0.0037301732,0.12874234,-0.07436215,-0.054819737,0.053426467,0.060661715
-0.024232367,-0.05292725,0.043136977,0.0287705,0.08031937,0.03676732,0.07500217,0.077452525,-0.104508795,-0.030873112,0.0061367624,0.038660653,0.0896883,-0.076507695,0.10249262,0.0917037,-0.040182468,-0.1318062,-0.09970075,0.06016147,0.039784633,-0.010022238,-0.026393887,0.07724021,0.061324406,0.043276645,-0.0030251006,0.12889954,-0.074056655,-0.056469228,0.05297534,0.060973708
-0.02435172,-0.053437248,0.042809654,0.029026276,0.08031896,0.036613308,0.074759945,0.07720236,-0.10639163,-0.030686636,0.0062849955,0.038271256,0.09035963,-0.07549384,0.10242447,0.09136381,-0.039705794,-0.13033718,-0.10014054,0.060153984,0.03868123,-0.01017336,-0.026435945,0.07680373,0.061469167,0.043489184,-0.003858584,0.12869208,-0.07430955,-0.054930817,0.053121883,0.060861062
-0.024087066,-0.05366207,0.043032896,0.028398395,0.08026534,0.036337532,0.075372174,0.07667997,-0.1060185,-0.031138845,0.0061265384,0.038451064,0.089983836,-0.07631777,0.102657266,0.09128454,-0.0399468,-0.13139522,-0.10014241,0.060043015,0.03917758,-0.010137197,-0.026458561,0.07693403,0.06115119,0.043335367,-0.0025691716,0.12831458,-0.074157916,-0.055699307,0.05337079,0.06082321
-0.024342284,-0.052823097,0.04288374,0.028909009,0.080308944,0.036943436,0.0747634,0.07775971,-0.10468225,-0.030717786,0.006079151,0.03865771,0.08977688,-0.076403596,0.10230714,0.09179221,-0.04018245,-0.13132782,-0.09951019,0.060052805,0.039361373,-0.01005942,-0.02622405,0.07723614,0.061102197,0.043268614,-0.0033477098,0.12895758,-0.07413615,-0.056119986,0.052888468,0.061099824
-0.024072638,-0.053624224,0.04312946,0.028500244,0.080224894,0.036256764,0.075348735,0.07656525,-0.106116466,-0.031174101,0.006399276,0.03841822,0.09026697,-0.076176725,0.10282918,0.09119557,-0.039903324,-0.13127275,-0.100430995,0.060170107,0.039103825,-0.010270946,-0.0267166,0.07684554,0.06153135,0.043398213,-0.002746976,0.12862116,-0.07413226,-0.055894107,0.053351894,0.06073901
-0.024150398,-0.053782813,0.04315661,0.028572667,0.08013729,0.03638953,0.075224355,0.07666786,-0.10639614,-0.031095002,0.0062381797,0.038313597,0.090053126,-0.07588557,0.10273333,0.09102923,-0.039759222,-0.13108611,-0.100378476,0.060187288,0.03914742,-0.010185568,-0.026549442,0.0768314,0.06148391,0.04345352,-0.0029884838,0.12852226,-0.074191526,-0.05526213,0.05337727,0.060771994
-0.024338469,-0.053470254,0.04291305,0.029091116,0.08000338,0.036908813,0.07489429,0.07740813,-0.106555596,-0.03065629,0.0059181903,0.03808284,0.08991723,-0.0749675,0.102583975,0.09069507,-0.039564293,-0.13036948,-0.100253046,0.060419485,0.039204016,-0.010056736,-0.026400868,0.07699543,0.061607324,0.043681875,-0.0043503726,0.12922423,-0.074375935,-0.053948183,0.05306413,0.060783483
-0.024281543,-0.053257965,0.042701565,0.028783845,0.080281764,0.03673973,0.07493487,0.07736972,-0.10586822,-0.030796703,0.005977687,0.038461383,0.08995193,-0.07604954,0.10237826,0.09143998,-0.03994985,-0.130865,-0.0997985,0.060011514,0.038864315,-0.010096222,-0.026210904,0.077051625,0.061028317,0.04334542,-0.0033259196,0.12865683,-0.074274674,-0.055307914,0.05313459,0.061004244
-0.023890218,-0.053591177,0.043237865,0.028436234,0.080464326,0.036197044,0.075424634,0.07640656,-0.1060981,-0.031045292,0.0065237847,0.038330175,0.0905015,-0.07582979,0.10317621,0.091150016,-0.03998826,-0.13157392,-0.10069764,0.060573533,0.039685838,-0.010096248,-0.027055968,0.076974735,0.062110778,0.04353588,-0.0032255584,0.12905565,-0.07413797,-0.056138538,0.053331517,0.0604665
-0.023963291,-0.05333583,0.04305923,0.02829321,0.08066436,0.036100663,0.07542801,0.07657814,-0.10504485,-0.031136237,0.0064220508,0.038671657,0.09015739,-0.07694529,0.102682814,0.09190144,-0.04028502,-0.13231511,-0.099956945,0.060139656,0.039661177,-0.00998554,-0.026778892,0.07698585,0.061391376,0.043167677,-0.0022220789,0.12822083,-0.07402392,-0.057282276,0.05338029,0.060749955
-0.024184477,-0.053578407,0.042809688,0.028925706,0.08030242,0.036736235,0.074767224,0.077151,-0.10691074,-0.030596334,0.0060844575,0.038062364,0.09063431,-0.074974835,0.10265118,0.090957835,-0.039718337,-0.1300147,-0.10028274,0.06042429,0.0388524,-0.010173431,-0.026462322,0.07693529,0.061712645,0.043624077,-0.0044068843,0.12928495,-0.07430372,-0.054374576,0.053091764,0.060735688
-0.02438381,-0.053001035,0.042784933,0.028914142,0.08018723,0.03697808,0.07480217,0.0777265,-0.10511929,-0.030685097,0.006027442,0.038520295,0.08991121,-0.0762561,0.102213666,0.091580115,-0.040073767,-0.1308401,-0.0995418,0.060009472,0.039064743,-0.010149574,-0.026202902,0.07713453,0.06088664,0.043361653,-0.0034227856,0.12887955,-0.07419789,-0.055548552,0.052916553,0.061084025
-0.024258256,-0.05351854,0.04280685,0.029031616,0.08014749,0.03674879,0.07481484,0.07720647,-0.106970385,-0.030669771,0.0061502927,0.03809136,0.0903946,-0.07492447,0.10272275,0.090805724,-0.03961784,-0.13012919,-0.100435406,0.060433187,0.038813688,-0.010171674,-0.026538972,0.07690358,0.061808426,0.04365642,-0.0044290153,0.12933417,-0.074377455,-0.054227583,0.053124093,0.060744375
-0.024495697,-0.053353015,0.04305231,0.029329512,0.080034584,0.037080012,0.07471618,0.07767182,-0.105916426,-0.030523624,0.005658353,0.038087778,0.08949861,-0.075083375,0.10217881,0.09088217,-0.039451726,-0.13048166,-0.09986113,0.060326222,0.039483454,-0.009937217,-0.026077583,0.07702949,0.06143544,0.043613672,-0.004207448,0.12883373,-0.07432413,-0.054036647,0.05301345,0.06091638
-0.024232658,-0.053495567,0.043164045,0.028914358,0.080096684,0.03669474,0.07512048,0.0770811,-0.10607883,-0.030838098,0.006024553,0.038190335,0.08980489,-0.07541767,0.1026833,0.09082897,-0.03964559,-0.13103727,-0.10032053,0.06044259,0.039589114,-0.010026779,-0.026539158,0.07700076,0.06173536,0.043602604,-0.003688787,0.12896809,-0.07426171,-0.05483598,0.053197227,0.060714588
-0.02394978,-0.053762868,0.042977475,0.028756533,0.08080515,0.036354207,0.07470836,0.076573804,-0.10698939,-0.030568797,0.006292783,0.0380116,0.09142511,-0.07505993,0.102715775,0.0913603,-0.03981693,-0.12997414,-0.100380555,0.06051556,0.038855124,-0.01024444,-0.026595125,0.07682288,0.06211047,0.043527856,-0.0041615833,0.129082,-0.074112244,-0.055404317,0.05320667,0.060580235
-0.024082588,-0.053474113,0.04292581,0.028493393,0.0805034,0.036245976,0.07524249,0.07662758,-0.10593785,-0.03097855,0.0066427183,0.03849526,0.090513684,-0.07637502,0.10277788,0.09159651,-0.04005775,-0.13129096,-0.10034138,0.060208127,0.03898767,-0.010178946,-0.026874412,0.07684759,0.061511,0.043413132,-0.0028399453,0.12850071,-0.074220665,-0.05643659,0.05336213,0.060689125
-0.02394415,-0.05363534,0.043002587,0.028384399,0.08069685,0.036083695,0.07531085,0.0763257,-0.106190115,-0.030954719,0.006683037,0.038384244,0.09083995,-0.07617839,0.10291294,0.09157106,-0.040054828,-0.13127102,-0.100498594,0.060360074,0.039125554,-0.010144206,-0.027006079,0.07681604,0.061762597,0.043454345,-0.0029181605,0.12851898,-0.07418228,-0.05652115,0.05342778,0.0605325
-0.024346406,-0.053155627,0.042937055,0.028971821,0.08024897,0.036846004,0.074841425,0.077504545,-0.10541379,-0.030711707,0.005998923,0.038423277,0.089803666,-0.07591739,0.10233629,0.09142931,-0.039886735,-0.13100094,-0.099779025,0.06014888,0.03929569,-0.010039212,-0.026253615,0.077083826,0.061262984,0.043402188,-0.0035345247,0.1287854,-0.074217975,-0.055375855,0.053028286,0.060970977
-0.02425756,-0.053566884,0.042788297,0.028896872,0.080323175,0.036464922,0.07487617,0.076910265,-0.10682995,-0.030795861,0.0064587635,0.038259298,0.09051834,-0.075493865,0.102664456,0.09121549,-0.039695594,-0.13039988,-0.10044677,0.060247477,0.038531564,-0.010218939,-0.02664692,0.076741084,0.061696876,0.043527286,-0.0037451228,0.12875709,-0.07436137,-0.055108745,0.05330156,0.060765337
-0.024059776,-0.053449992,0.04284279,0.028406493,0.08040199,0.036333613,0.075306475,0.07672825,-0.105969295,-0.031075902,0.0063357693,0.038550578,0.09020215,-0.07648012,0.10274875,0.09147247,-0.040082537,-0.13143048,-0.100190915,0.060095195,0.0389582,-0.010153335,-0.026622757,0.07696678,0.061279997,0.04332283,-0.0026360871,0.12850048,-0.074221745,-0.056248154,0.05339635,0.060812384
-0.024181522,-0.053410437,0.042869,0.028693378,0.08045743,0.03640734,0.07504818,0.07688275,-0.10602026,-0.030849364,0.006515956,0.038434647,0.09043323,-0.076080635,0.10265185,0.091548905,-0.039958633,-0.13099997,-0.10024084,0.060204495,0.038916297,-0.010152159,-0.026718784,0.0768619,0.061507188,0.04343761,-0.0032366654,0.12860355,-0.074259736,-0.055966783,0.05326444,0.060756177
-0.024172012,-0.05349989,0.0428458,0.028705087,0.08055358,0.036317162,0.07504144,0.07673089,-0.10632296,-0.030832812,0.0065818042,0.03837748,0.09050832,-0.07593301,0.10270248,0.09150835,-0.039872263,-0.1309838,-0.10037562,0.060274765,0.038837373,-0.0100920275,-0.026795436,0.076782756,0.06167563,0.043465074,-0.0032840641,0.12848629,-0.07432225,-0.05592418,0.053388283,0.06069254
-0.024015203,-0.05389734,0.043073848,0.02865389,0.08048807,0.036108427,0.07515232,0.07619764,-0.10721207,-0.030972105,0.006616852,0.03816076,0.090710655,-0.0754574,0.103030875,0.09101352,-0.039622836,-0.13084157,-0.10092488,0.06051976,0.038872376,-0.010179978,-0.026969712,0.07666301,0.062280003,0.043579508,-0.0033700997,0.12865101,-0.07431238,-0.055687312,0.053627603,0.060498852
-0.02425663,-0.05328984,0.042950816,0.028828006,0.080329716,0.036647223,0.07497203,0.07716821,-0.10567846,-0.030803714,0.0062110503,0.038428925,0.089983955,-0.07603468,0.10251102,0.09141886,-0.039896898,-0.1311414,-0.10002664,0.06021575,0.039210804,-0.01006197,-0.026476286,0.07699801,0.061440922,0.043422624,-0.0032920195,0.12867525,-0.07424591,-0.055751543,0.053209543,0.06086114
-0.024095891,-0.05368174,0.04303395,0.028498827,0.08024868,0.036306698,0.075268395,0.07658183,-0.10636766,-0.031096585,0.0064521213,0.038389213,0.09030125,-0.07610794,0.10282941,0.091179185,-0.03988595,-0.1311427,-0.10045833,0.060211577,0.03897083,-0.010231586,-0.026741233,0.07682234,0.06153902,0.043447003,-0.0028805556,0.12858857,-0.07422037,-0.05578386,0.05342457,0.06072749
-0.024366949,-0.053486623,0.042909205,0.029131133,0.0800931,0.036829486,0.07481249,0.07730484,-0.10658473,-0.030663725,0.0060140234,0.03812045,0.08995968,-0.07511998,0.1025075,0.09084208,-0.039522186,-0.13038118,-0.10025684,0.060367115,0.03901688,-0.010075923,-0.026387904,0.076908074,0.061663844,0.043626927,-0.004132095,0.1289731,-0.07438481,-0.05432267,0.0531829,0.060816657
-0.024291135,-0.05373071,0.043068994,0.028899053,0.080102414,0.036609247,0.074980736,0.076975144,-0.10662919,-0.030857619,0.006058146,0.03815745,0.08995126,-0.07535262,0.10255855,0.09088733,-0.039545696,-0.13062929,-0.100310795,0.06026335,0.039088685,-0.010104774,-0.026392434,0.07682823,0.06156515,0.04355366,-0.003631561,0.12862857,-0.07429568,-0.054511935,0.053288825,0.060796686
-0.023728352,-0.05393784,0.043152533,0.0285362,0.08108189,0.036118742,0.07477583,0.07611631,-0.10704522,-0.03061105,0.006365756,0.03796407,0.09186853,-0.07515673,0.10285708,0.091474146,-0.039912045,-0.1301072,-0.100492686,0.060644865,0.03902884,-0.01027799,-0.026710298,0.076809354,0.0624044,0.04348505,-0.0038924003,0.12904443,-0.07396987,-0.056113884,0.053334553,0.060444612
-0.024341738,-0.05298637,0.04275419,0.02890284,0.08035124,0.03686948,0.07476247,0.077617064,-0.10523244,-0.030678585,0.0061273375,0.03856589,0.08994855,-0.0762285,0.10231624,0.09171063,-0.04008135,-0.13103014,-0.09964541,0.060063347,0.039060123,-0.010068372,-0.026271239,0.07712744,0.06111533,0.043328036,-0.0034455815,0.12882006,-0.074233845,-0.05583863,0.053003296,0.061043676
-0.023921765,-0.053821422,0.04294894,0.02871808,0.08083969,0.036336243,0.07468571,0.07648568,-0.10714659,-0.030566454,0.006302238,0.037990846,0.09153835,-0.07510032,0.10271143,0.09134816,-0.039815955,-0.12987664,-0.10039852,0.06052188,0.038723655,-0.010279808,-0.026590649,0.0767973,0.062125474,0.04352347,-0.0040830113,0.12904721,-0.0741177,-0.05551804,0.053285513,0.060580004
-0.023541866,-0.0539175,0.043129742,0.028526999,0.08171806,0.036211986,0.07429593,0.07622369,-0.10676294,-0.030120406,0.006070307,0.037764616,0.09297032,-0.07484833,0.10248138,0.09208551,-0.04017786,-0.12921216,-0.09987596,0.060690418,0.03910111,-0.010322891,-0.026347242,0.076939955,0.062324874,0.043393858,-0.0045297043,0.1292538,-0.07367396,-0.056365006,0.052975193,0.060440145
-0.023968829,-0.05313378,0.04287877,0.028350448,0.08061829,0.036237087,0.07525876,0.07682762,-0.10507875,-0.031111676,0.0064114635,0.03873859,0.090165615,-0.07693322,0.10272698,0.091883734,-0.040391546,-0.13232799,-0.09986915,0.06017486,0.039518878,-0.009992402,-0.026765194,0.077064276,0.061481476,0.043110013,-0.0025048107,0.12861761,-0.07404837,-0.05734724,0.05334738,0.060853694
-0.024030052,-0.05350595,0.043270677,0.028521512,0.08040661,0.0362921,0.07538194,0.07648925,-0.10569443,-0.03108121,0.0064746053,0.038456272,0.08994488,-0.07631916,0.102945305,0.091249324,-0.039912228,-0.13198555,-0.10051727,0.06046939,0.039700143,-0.010004567,-0.026912171,0.0769632,0.06196052,0.04345973,-0.0026357137,0.12855697,-0.074205294,-0.056673773,0.05355107,0.060605437
-0.024211904,-0.052908033,0.042776175,0.028675038,0.08041185,0.036744326,0.07493782,0.077488154,-0.10487189,-0.030844145,0.0061424156,0.038708653,0.0898837,-0.0766681,0.102427,0.09182662,-0.040293433,-0.13164568,-0.0995706,0.060058013,0.03930375,-0.010030916,-0.026362125,0.07720813,0.06110869,0.043200474,-0.0030082362,0.12882811,-0.07414184,-0.05653392,0.053074114,0.061050624
-0.02416828,-0.05340009,0.04291977,0.028660562,0.08039345,0.036470782,0.07511301,0.076905295,-0.105898775,-0.030903932,0.006339122,0.03845302,0.09014561,-0.076171026,0.10264306,0.09143588,-0.039943565,-0.13124017,-0.10017926,0.060210425,0.039093666,-0.010094911,-0.026613075,0.076943204,0.061469804,0.043410767,-0.0030490179,0.12857197,-0.074254505,-0.055995483,0.053326964,0.06079384
-0.023826618,-0.053813457,0.043178566,0.028518055,0.08081986,0.036162373,0.0750613,0.07624236,-0.106652535,-0.030770533,0.0064152502,0.038102105,0.09121078,-0.07544644,0.102941655,0.091328345,-0.039900973,-0.13073634,-0.10056526,0.060613126,0.039317884,-0.010163985,-0.026847608,0.07686125,0.06224053,0.043526344,-0.0035789507,0.12892759,-0.074075155,-0.056069866,0.05336854,0.06044661
-0.023930226,-0.053815003,0.043203145,0.028439283,0.080345675,0.036053985,0.07548859,0.07608662,-0.10678634,-0.031202912,0.006696245,0.03830834,0.090369985,-0.07586999,0.10328416,0.09089221,-0.039763823,-0.13158506,-0.101057954,0.06057891,0.03927452,-0.010142691,-0.027180571,0.07677738,0.062303253,0.043571927,-0.0028911242,0.12875639,-0.074290305,-0.056179848,0.053698674,0.060446173
-0.024338232,-0.053432733,0.042904876,0.02898445,0.08018707,0.036776386,0.07490783,0.07727733,-0.10615071,-0.030723833,0.0059472104,0.038247965,0.089839965,-0.07557982,0.10239008,0.0910979,-0.039661735,-0.13070986,-0.10002555,0.060221866,0.0391023,-0.010040648,-0.026286215,0.076960824,0.061375875,0.043508187,-0.0036314847,0.12866238,-0.07432277,-0.054821286,0.053207774,0.0608813
-0.024109036,-0.05352366,0.04286927,0.02857203,0.080469295,0.03628682,0.07517451,0.076646805,-0.106269166,-0.030931301,0.0066255857,0.038423035,0.09053375,-0.076140046,0.10279598,0.091459654,-0.039959513,-0.13108042,-0.10043088,0.060258787,0.038855523,-0.010176199,-0.026869323,0.07681509,0.06160847,0.043466035,-0.0030695964,0.1285724,-0.0742873,-0.056125212,0.05339837,0.06067703
-0.024207573,-0.053324085,0.04289327,0.028721418,0.080365315,0.036581706,0.07504963,0.077069834,-0.105776764,-0.030854668,0.006223299,0.038460337,0.090013064,-0.07614548,0.10256494,0.0914358,-0.0399428,-0.13122638,-0.10005618,0.06019222,0.03913956,-0.010060128,-0.02650116,0.07700178,0.061394542,0.043399133,-0.0031360807,0.12861326,-0.07426087,-0.05587478,0.053276055,0.060850047
-0.0241562,-0.05328718,0.043057177,0.028685957,0.080445305,0.036486246,0.07510997,0.07692823,-0.10548455,-0.03088767,0.0064131585,0.03850349,0.090048335,-0.07626723,0.10269308,0.091526166,-0.039997514,-0.13157278,-0.10017821,0.060312275,0.039432473,-0.010027276,-0.026705071,0.07700507,0.06165175,0.04341164,-0.0030219061,0.12864408,-0.07421349,-0.056402992,0.05330342,0.060756605
-0.024411492,-0.05323892,0.042903613,0.029110644,0.0801805,0.036913007,0.074741915,0.07754787,-0.10577388,-0.030628245,0.005980537,0.038300447,0.089854166,-0.07560413,0.10229087,0.0912568,-0.039733775,-0.13063398,-0.09985983,0.060198236,0.039138556,-0.010059828,-0.026238732,0.07701073,0.06133629,0.04348856,-0.0038388558,0.12883078,-0.074284814,-0.054902017,0.05303933,0.06095508
-0.02421477,-0.053882644,0.043201666,0.028744802,0.08012949,0.036449373,0.07515307,0.076693095,-0.106637925,-0.030981056,0.00610829,0.038163826,0.08991668,-0.075506195,0.10265082,0.09085962,-0.03954455,-0.13091506,-0.100425765,0.060283396,0.039251097,-0.010087231,-0.02648314,0.076789916,0.061619677,0.043542773,-0.003275522,0.12842497,-0.07425886,-0.054768,0.053414557,0.06072353
-0.02417582,-0.053095896,0.04274559,0.028621806,0.080445714,0.036616854,0.075013936,0.07724907,-0.10535473,-0.030869767,0.0062168245,0.038633112,0.09001824,-0.076526776,0.10251895,0.091717936,-0.0401946,-0.13149652,-0.099788636,0.060091283,0.03912571,-0.010044605,-0.02645262,0.07711143,0.061198007,0.043259706,-0.0029897233,0.12869665,-0.07420896,-0.056370094,0.053202584,0.060960926
-0.02432689,-0.05323691,0.043043833,0.028972624,0.080168754,0.03687618,0.07494904,0.077431045,-0.1054666,-0.03071436,0.005955339,0.038330775,0.0896941,-0.07578805,0.102408074,0.091190755,-0.039806396,-0.13107577,-0.09989987,0.060287345,0.03954067,-0.009997115,-0.026341628,0.07709715,0.061384555,0.043500967,-0.0035767322,0.12885201,-0.07423958,-0.05520372,0.05307909,0.060879715
-0.024323937,-0.05337975,0.04286527,0.028996486,0.08023533,0.036741566,0.07484387,0.07725184,-0.106229305,-0.03069866,0.0061733243,0.038273174,0.090068325,-0.07555679,0.1025057,0.09116618,-0.039716404,-0.13064596,-0.100156434,0.060289588,0.03898254,-0.0100861415,-0.026459333,0.07692869,0.061556093,0.043535583,-0.0037897583,0.12884091,-0.07434376,-0.05503554,0.05319936,0.06083944
-0.024203738,-0.053086255,0.042948026,0.028672973,0.08052753,0.03657149,0.075019374,0.0771662,-0.10497394,-0.030813511,0.006413935,0.038634956,0.09007731,-0.07661035,0.1025029,0.09187866,-0.040182997,-0.13159302,-0.09984992,0.060157053,0.03936524,-0.010035522,-0.026593361,0.07707101,0.061319876,0.043318845,-0.0029035788,0.12856072,-0.07416948,-0.05674019,0.053167164,0.060871255
-0.024105612,-0.052984558,0.043097366,0.02852565,0.08059718,0.03649292,0.075156234,0.077031836,-0.10450207,-0.030933052,0.0065057487,0.038774155,0.08992426,-0.07698159,0.1026648,0.091985725,-0.04032951,-0.1322479,-0.09989137,0.06023596,0.039738394,-0.009972449,-0.026726358,0.077170745,0.06149086,0.043255903,-0.0025065271,0.12858193,-0.0741041,-0.057548393,0.05324822,0.06083386
-0.02433357,-0.053327788,0.042725917,0.028992567,0.0802624,0.036742922,0.074758545,0.07730806,-0.10636256,-0.030677859,0.0062709344,0.038316246,0.09025206,-0.0755883,0.102512024,0.09126577,-0.039780334,-0.13045841,-0.10014685,0.06023164,0.038690537,-0.010150831,-0.026472118,0.07690647,0.061503675,0.043510843,-0.0038795397,0.1289213,-0.0743684,-0.05507704,0.053172313,0.06088166
-0.024230491,-0.053595126,0.042917438,0.02885509,0.08022582,0.03650325,0.07499653,0.07686667,-0.106685825,-0.030865684,0.006345969,0.038242504,0.09028573,-0.075552665,0.102705404,0.09103601,-0.03966811,-0.1306439,-0.10046767,0.060309812,0.038805924,-0.010185633,-0.026639968,0.07679954,0.061728507,0.043547127,-0.0035693953,0.1287793,-0.07433744,-0.055134732,0.0533542,0.06074608
-0.023960888,-0.053685226,0.04321084,0.028470973,0.080333866,0.036205336,0.07551052,0.076349035,-0.106330775,-0.03109454,0.0065259174,0.038302194,0.09022981,-0.07585234,0.10316307,0.09095241,-0.039840296,-0.13163245,-0.10081469,0.06057468,0.03959615,-0.010058941,-0.027088836,0.07690351,0.062079716,0.04359514,-0.0030614045,0.12883648,-0.0742558,-0.0559505,0.05350011,0.06045761
-0.024087517,-0.053544637,0.043128736,0.028637921,0.08039123,0.03634315,0.075250566,0.07659488,-0.10610147,-0.030975692,0.0064672627,0.038366936,0.09011012,-0.07598828,0.10289713,0.09118904,-0.03982493,-0.13152102,-0.100545235,0.06045612,0.039409164,-0.010036321,-0.026870094,0.07690202,0.0619426,0.043513868,-0.003045749,0.12864324,-0.07427457,-0.056128807,0.053489804,0.060613766
-0.02405795,-0.053618617,0.04297903,0.028437832,0.08060337,0.036125563,0.07535143,0.076445416,-0.10598619,-0.03099699,0.006535894,0.038455818,0.090395935,-0.07639686,0.102709495,0.091628656,-0.039977342,-0.13144903,-0.10032338,0.06018234,0.03912071,-0.010079779,-0.026814438,0.07680961,0.061457694,0.04339615,-0.0026029414,0.12811415,-0.07422314,-0.056425855,0.053466618,0.060640983
-0.02371509,-0.05379267,0.0430046,0.028597906,0.0813484,0.036359787,0.07445146,0.07646357,-0.10672051,-0.030256536,0.0061078225,0.037886053,0.09230601,-0.075059414,0.1025144,0.09182376,-0.04009351,-0.12952287,-0.09996125,0.060608324,0.038999125,-0.0102770645,-0.026405727,0.07694758,0.06210592,0.04344705,-0.00433598,0.12919532,-0.07386651,-0.056058213,0.05306388,0.060529172
-0.02408814,-0.053644616,0.04289706,0.028543409,0.080423556,0.036232457,0.07523811,0.076532416,-0.106516,-0.03100659,0.006520797,0.038381293,0.090445675,-0.07605395,0.10281858,0.09131625,-0.039869383,-0.13108088,-0.10049879,0.06023793,0.038825616,-0.010176385,-0.026802909,0.07678752,0.061619993,0.04345535,-0.002974243,0.12848009,-0.07429138,-0.055916116,0.05347555,0.060676545
-0.024341183,-0.053605948,0.042869166,0.029093914,0.080142185,0.036732245,0.0748378,0.07710891,-0.10693158,-0.030680776,0.0061187227,0.038085714,0.09006153,-0.07510112,0.102574304,0.09079226,-0.039461404,-0.13033637,-0.10042079,0.06041169,0.038851105,-0.010079278,-0.026487637,0.0768248,0.061783686,0.043658234,-0.004055747,0.12885198,-0.07444853,-0.05440977,0.05334003,0.0607581
-0.02418593,-0.05333922,0.043039232,0.028745126,0.080313526,0.036587574,0.075112924,0.07701954,-0.10569177,-0.030859616,0.006277908,0.038406443,0.08998944,-0.07602465,0.10267399,0.09129464,-0.039909255,-0.13133705,-0.10019187,0.060336813,0.03941688,-0.010042975,-0.026641857,0.077014714,0.061601307,0.0434786,-0.003245268,0.12877712,-0.074242786,-0.05585822,0.05325916,0.060758293
-0.024267597,-0.05324696,0.04275555,0.028803155,0.08033325,0.036686633,0.07490896,0.077266976,-0.10586575,-0.030776784,0.006214321,0.038462363,0.09010981,-0.07606062,0.102485515,0.09147547,-0.03996071,-0.13091487,-0.09996271,0.06012925,0.038887568,-0.0101123955,-0.02642291,0.07700225,0.06127777,0.0433967,-0.0033771284,0.12873831,-0.07428977,-0.055638686,0.05318332,0.060924295
-0.024231005,-0.05321519,0.04291846,0.028769743,0.08039197,0.036634766,0.0749925,0.077173084,-0.10550323,-0.030787155,0.0063210004,0.038485885,0.090073824,-0.076191336,0.10254946,0.09154401,-0.040007185,-0.13124707,-0.100009635,0.060233597,0.039240114,-0.0100581255,-0.026573766,0.07702572,0.061428785,0.04341961,-0.0032455055,0.12871894,-0.07424272,-0.05605334,0.0531916,0.060839195
-0.023951221,-0.053930227,0.043071575,0.028645603,0.08070896,0.03613135,0.07500639,0.07618722,-0.10717267,-0.03080333,0.006509504,0.0380734,0.091060795,-0.0753585,0.10289538,0.09118937,-0.039682664,-0.13054757,-0.10073671,0.060551807,0.038898677,-0.010180488,-0.026853804,0.07669187,0.06226473,0.04356277,-0.0035355976,0.1286532,-0.07423007,-0.055782575,0.053558245,0.06048187
-0.024214664,-0.053441525,0.042904038,0.028828226,0.080276385,0.03660701,0.07503651,0.07703124,-0.10627233,-0.030783836,0.0062911888,0.038285825,0.09016971,-0.07564174,0.102703795,0.09112532,-0.03979127,-0.13088101,-0.10033063,0.060374662,0.03912004,-0.01007732,-0.026663072,0.07693762,0.061662458,0.043566093,-0.0036479635,0.12889253,-0.07433655,-0.05526807,0.053260222,0.060723033
-0.024085484,-0.053689033,0.0430827,0.028674806,0.08034151,0.03631461,0.07525697,0.076507226,-0.10661687,-0.030959167,0.006473225,0.038246304,0.09022617,-0.07566224,0.102968186,0.090974666,-0.039697506,-0.13122675,-0.100729495,0.060517833,0.03924946,-0.01006069,-0.02692239,0.076826856,0.0620504,0.04359904,-0.0032979771,0.12871197,-0.07434062,-0.055647537,0.05353177,0.060549147
-0.023931492,-0.05383787,0.043222547,0.028429586,0.08033678,0.036064174,0.07552536,0.076078,-0.10674651,-0.031196669,0.006655047,0.03828925,0.090321,-0.07588401,0.1032567,0.09086536,-0.039750487,-0.13160977,-0.101035126,0.060585022,0.039342456,-0.0101230405,-0.02717001,0.07678314,0.062260095,0.043586355,-0.0028467001,0.12870163,-0.07429105,-0.05614193,0.05370795,0.060433965
-0.02406739,-0.05355601,0.04293035,0.028447095,0.08032347,0.036358796,0.07534371,0.07667223,-0.10613228,-0.031083323,0.006247476,0.0384589,0.09006696,-0.07630027,0.10276762,0.091254435,-0.039955813,-0.13142075,-0.100280836,0.06017403,0.039085783,-0.010119462,-0.026613284,0.0769522,0.061381243,0.043384288,-0.0026886966,0.1284903,-0.07424451,-0.055971663,0.053457327,0.060771164
-0.0233549,-0.054239437,0.043313734,0.028277202,0.08190015,0.035812594,0.074506596,0.0755039,-0.10717223,-0.030328628,0.006323217,0.037743412,0.09322604,-0.07506232,0.102731764,0.092052855,-0.04012706,-0.12955213,-0.10027537,0.060803764,0.039084345,-0.010358099,-0.026618492,0.0767755,0.06272715,0.043372136,-0.0039046807,0.12891261,-0.073640406,-0.05716908,0.053359345,0.060265847
-0.024208952,-0.05296954,0.04288649,0.028656553,0.08049254,0.036676668,0.07499506,0.077318124,-0.10480523,-0.030812569,0.0063287527,0.038699977,0.089954734,-0.07673113,0.10248332,0.09189771,-0.04026192,-0.13168253,-0.0997287,0.06012553,0.039374936,-0.010023134,-0.026510376,0.07716409,0.061215922,0.043279983,-0.0028730193,0.12866609,-0.07417115,-0.05681626,0.053136617,0.060943596
-0.024270236,-0.053111136,0.043056704,0.02877729,0.08025231,0.036841612,0.07506566,0.07737592,-0.104891315,-0.030796453,0.006035513,0.038512684,0.08961232,-0.0764317,0.102391005,0.09145206,-0.040031396,-0.1315644,-0.099738464,0.060219973,0.03966657,-0.009986155,-0.026388418,0.07717756,0.06120329,0.043400947,-0.0029769633,0.12867942,-0.07418428,-0.05611449,0.053153753,0.06092013
-0.024207147,-0.05335428,0.04305965,0.028752847,0.08033486,0.03659676,0.07510829,0.077008076,-0.10560076,-0.030854221,0.006217374,0.038414456,0.08987107,-0.07613116,0.10258355,0.09133269,-0.0398809,-0.13141778,-0.100114964,0.060306422,0.039449044,-0.010007305,-0.026570331,0.0770106,0.061539702,0.04345473,-0.0030758744,0.12858948,-0.074245475,-0.055970393,0.0533193,0.060784727
-0.024295395,-0.053294525,0.042734765,0.028896045,0.080228634,0.036762442,0.074856766,0.07729842,-0.10619723,-0.030725244,0.0062582777,0.038357925,0.09019316,-0.07577208,0.10255434,0.091242425,-0.039863348,-0.13063043,-0.10012081,0.06023986,0.038789652,-0.0101532135,-0.026507132,0.076965004,0.06142978,0.04350589,-0.0037057614,0.12896883,-0.07435331,-0.055262115,0.05318685,0.060878694
-0.024276726,-0.053368274,0.04301011,0.028892502,0.080256514,0.036702435,0.07498722,0.07714583,-0.10583177,-0.030775495,0.0061452226,0.03833161,0.08987269,-0.07585499,0.10251735,0.09120655,-0.039774045,-0.1310885,-0.10011144,0.060314287,0.03931328,-0.010027168,-0.02648922,0.07698501,0.061546624,0.043503333,-0.0033922372,0.128692,-0.07428839,-0.05549622,0.053269763,0.060815234
-0.023841873,-0.053541247,0.04275572,0.028135937,0.08054668,0.03598655,0.07549767,0.07630903,-0.10628009,-0.031291053,0.0065143653,0.03860248,0.090438426,-0.076698154,0.10302894,0.09146336,-0.040233478,-0.13201928,-0.10037752,0.06022093,0.03901361,-0.010106824,-0.026951522,0.076894104,0.06161892,0.043209046,-0.0023774868,0.1285551,-0.07418117,-0.056917533,0.053650565,0.06070937
-0.024194788,-0.05404652,0.04310673,0.028745933,0.080144614,0.036421344,0.07513122,0.076552905,-0.10728967,-0.030939035,0.006170601,0.038059965,0.08999069,-0.075205594,0.10278779,0.09065341,-0.03942339,-0.13074192,-0.100673765,0.060415965,0.03907853,-0.010038916,-0.02658895,0.076725736,0.061839987,0.043642752,-0.0035185367,0.128454,-0.0743953,-0.05445628,0.053577885,0.06063377
-0.02432643,-0.05333119,0.042864792,0.028987076,0.08011301,0.036916893,0.07491683,0.07739525,-0.10609906,-0.030668557,0.0059995656,0.03823874,0.08983222,-0.075547144,0.102504656,0.09095853,-0.0397249,-0.13073337,-0.10008834,0.06036806,0.039203487,-0.010028774,-0.026421007,0.07704705,0.06147064,0.043599032,-0.0038370201,0.12900047,-0.07437641,-0.05483218,0.053188726,0.06083882
-0.024007648,-0.053840846,0.04303316,0.028447153,0.080429725,0.036023665,0.07539706,0.076170765,-0.10678768,-0.031125944,0.0066871387,0.03832408,0.090591304,-0.076013625,0.10299804,0.09118615,-0.03980002,-0.13117489,-0.100796804,0.060327426,0.03887123,-0.010219391,-0.027016688,0.0766776,0.061857846,0.04350407,-0.0028048102,0.12840867,-0.07427631,-0.056045856,0.05360817,0.060542256
-0.024109092,-0.053414572,0.043047123,0.02860427,0.080517344,0.036352836,0.07519351,0.0766911,-0.10573212,-0.030920204,0.006527471,0.038477972,0.09015891,-0.076309144,0.10276766,0.09151272,-0.039966963,-0.13161245,-0.100332126,0.0603546,0.039353013,-0.010020299,-0.026832748,0.07692834,0.06174199,0.043439604,-0.002868983,0.12848076,-0.07425483,-0.0565685,0.05344912,0.060674317
-0.024225704,-0.05356147,0.04275006,0.02883377,0.08026273,0.03653588,0.07495098,0.07689966,-0.1068943,-0.03080951,0.0064304625,0.038254716,0.09041454,-0.07556011,0.10274838,0.09105489,-0.039716344,-0.13051292,-0.10050392,0.06033422,0.038580373,-0.010191962,-0.026705962,0.07680117,0.061722875,0.04357494,-0.0036830483,0.12886502,-0.07441932,-0.055168975,0.053396937,0.060740575
-0.024198184,-0.0534853,0.0428847,0.02872856,0.08048079,0.03639329,0.0750448,0.076821774,-0.10614055,-0.03081714,0.006493107,0.038380366,0.09039274,-0.07600726,0.10261282,0.09150551,-0.039872892,-0.1309671,-0.10027284,0.06023547,0.03892767,-0.01011128,-0.026713148,0.076821715,0.06154892,0.043468807,-0.0032335492,0.12846372,-0.074294485,-0.05588731,0.05333497,0.060725953
-0.023739694,-0.052994378,0.042924933,0.02806007,0.08070248,0.0359715,0.075452074,0.076595366,-0.10463914,-0.031398542,0.0065505584,0.038925543,0.0902347,-0.07747441,0.10297911,0.092002556,-0.040723488,-0.13333929,-0.09983291,0.06027617,0.03993459,-0.0099551175,-0.027063143,0.07711929,0.061774347,0.042890802,-0.0020731362,0.12887597,-0.07386033,-0.058497567,0.053461134,0.06084131
-0.024119258,-0.05323701,0.043024614,0.028566804,0.08055362,0.036421478,0.07517277,0.07686327,-0.10522845,-0.030903567,0.006512225,0.038596414,0.09010888,-0.07660197,0.10268105,0.09174049,-0.04013226,-0.13178274,-0.100102656,0.06027002,0.03944622,-0.010014862,-0.026769992,0.07702047,0.06154184,0.043364916,-0.002733578,0.12849529,-0.074196115,-0.056907065,0.05333869,0.060751
-0.024087453,-0.053616263,0.04307518,0.028661892,0.0801472,0.036505386,0.075325705,0.07671559,-0.10649234,-0.030965932,0.0062840995,0.038221195,0.090053804,-0.07560534,0.102986015,0.09073742,-0.039737515,-0.13119856,-0.10064664,0.06054525,0.039404698,-0.010075515,-0.026854243,0.07695496,0.061901446,0.04364539,-0.0034294156,0.12902397,-0.07433285,-0.055270605,0.053422466,0.060583472
-0.02356739,-0.05402738,0.0431941,0.028443577,0.0815446,0.03605753,0.07458124,0.07594208,-0.10692914,-0.03036274,0.0062630554,0.03784427,0.092524186,-0.075125754,0.10267684,0.09185397,-0.040050462,-0.1297785,-0.10022291,0.06072121,0.039127447,-0.010267664,-0.026588175,0.07684163,0.062454127,0.043434322,-0.0039785756,0.12894443,-0.07380881,-0.056626827,0.05329197,0.060374476
