z1_0,z1_1,z1_2,z1_3,z1_4,z1_5,z1_6,z1_7,z1_8,z1_9,z1_10,z1_11,z1_12,z1_13,z1_14,z1_15,z1_16,z1_17,z1_18,z1_19,z1_20,z1_21,z1_22,z1_23,z1_24,z1_25,z1_26,z1_27,z1_28,z1_29,z1_30,z1_31
-0.14666328,-0.81768155,-0.15713207,0.031906247,0.54855394,0.385171,-0.073878445,0.09409423,0.5719337,-0.33651876,0.19678278,1.5844321,-0.67981696,-0.3044049,-1.3822538,0.107556105,-0.11403996,-0.08018407,0.0911821,0.5011203,0.09189984,0.07729243,0.07742022,0.6575185,-0.4307785,0.35263947,0.113887414,0.70271266,0.1349234,0.43379763,-0.60380995,-0.6199166
-0.14661323,-0.8206005,-0.15748185,0.03234297,0.55012405,0.3857154,-0.07434731,0.093980834,0.5736804,-0.337133,0.19594942,1.5895631,-0.68108404,-0.30447996,-1.3859276,0.107590824,-0.11427218,-0.08036249,0.09158847,0.5029444,0.09071955,0.077228054,0.07798277,0.6587163,-0.43201226,0.35370716,0.11416146,0.70424026,0.13605416,0.434813,-0.6065413,-0.6215559
-0.14660685,-0.8209791,-0.15752722,0.032399625,0.5503277,0.38578606,-0.07440812,0.093966186,0.57390696,-0.33721265,0.19584127,1.5902289,-0.6812484,-0.30448967,-1.386404,0.107595414,-0.11430234,-0.08038564,0.09164122,0.50318104,0.0905664,0.07721968,0.07805571,0.65887177,-0.43217224,0.3538456,0.114197,0.70443845,0.13620079,0.4349447,-0.6068955,-0.6217686
-0.14653301,-0.82529044,-0.15804389,0.033044606,0.552647,0.3865902,-0.0751007,0.09379876,0.5764871,-0.33811986,0.19461025,1.597808,-0.68312,-0.30460045,-1.3918304,0.10764673,-0.11464557,-0.08064923,0.092241496,0.50587535,0.08882293,0.07712461,0.07888661,0.66064095,-0.4339946,0.35542265,0.114601865,0.706695,0.137871,0.43644455,-0.61093,-0.6241901
-0.14652951,-0.82549405,-0.15806831,0.033075094,0.5527564,0.38662824,-0.07513339,0.0937908,0.5766089,-0.33816272,0.1945522,1.5981659,-0.68320847,-0.30460563,-1.3920867,0.10764915,-0.11466178,-0.080661714,0.09226985,0.50600255,0.08874062,0.07712011,0.07892588,0.66072464,-0.43408066,0.35549712,0.11462097,0.7068016,0.13794982,0.4365154,-0.6111205,-0.6243045
-0.14656316,-0.8235308,-0.15783298,0.032781363,0.5517004,0.386262,-0.07481802,0.09386706,0.575434,-0.3377496,0.19511266,1.5947145,-0.6823561,-0.3045552,-1.3896155,0.10762569,-0.11450544,-0.08054167,0.091996536,0.5047756,0.08953452,0.07716341,0.07854749,0.6599189,-0.43325078,0.35477906,0.11443661,0.705774,0.13718933,0.43583235,-0.60928327,-0.6232017
-0.1464998,-0.82723176,-0.15827651,0.03333503,0.5536912,0.38695228,-0.07541252,0.09372339,0.5776489,-0.3385284,0.19405599,1.6012206,-0.68396276,-0.3046503,-1.3942739,0.10766992,-0.114800096,-0.08076794,0.09251183,0.5070884,0.08803791,0.077081814,0.07926075,0.66143763,-0.4348151,0.35613275,0.11478415,0.70771104,0.13862309,0.4371199,-0.61274654,-0.6252804
-0.14651868,-0.8261299,-0.15814449,0.033170193,0.5530985,0.38674682,-0.07523555,0.09376612,0.5769894,-0.33829653,0.19437058,1.5992836,-0.68348444,-0.304622,-1.3928869,0.10765675,-0.11471242,-0.08070056,0.09235838,0.50639987,0.08848348,0.07710607,0.07904841,0.66098547,-0.43434942,0.3557298,0.11468065,0.7071343,0.1381962,0.43673655,-0.6117155,-0.62466156
-0.14652275,-0.8258902,-0.15811576,0.03313434,0.5529696,0.38670212,-0.075197004,0.09377545,0.576846,-0.3382461,0.19443907,1.5988623,-0.68338037,-0.30461586,-1.3925854,0.10765383,-0.114693284,-0.08068593,0.09232506,0.50625014,0.08858043,0.07711135,0.07900222,0.6608871,-0.43424815,0.3556421,0.11465815,0.7070089,0.13810337,0.4366532,-0.61149114,-0.6245269
-0.14666034,-0.8178512,-0.15715234,0.03193161,0.5486451,0.38520265,-0.07390567,0.094087616,0.5720352,-0.33655447,0.19673441,1.5847303,-0.6798906,-0.30440933,-1.3824672,0.1075581,-0.11405334,-0.08019443,0.0912057,0.5012263,0.0918313,0.07728861,0.0774529,0.6575881,-0.4308502,0.35270146,0.11390334,0.7028014,0.13498911,0.43385658,-0.60396856,-0.6200118
-0.14652474,-0.8257737,-0.1581018,0.033116937,0.55290693,0.38668042,-0.07517832,0.09377998,0.57677627,-0.33822155,0.19447233,1.5986576,-0.6833298,-0.30461287,-1.3924388,0.107652485,-0.114684016,-0.08067878,0.09230882,0.5061773,0.08862755,0.07711391,0.07897976,0.6608393,-0.43419892,0.3555995,0.11464724,0.706948,0.13805825,0.4366127,-0.6113822,-0.62446153
-0.14648685,-0.8279885,-0.1583672,0.03344828,0.55409825,0.3870935,-0.07553408,0.09369403,0.57810163,-0.33868763,0.19383992,1.6025509,-0.68429124,-0.30466974,-1.3952262,0.10767883,-0.114860386,-0.08081421,0.092617184,0.5075614,0.08773193,0.077065155,0.07940659,0.6617483,-0.43513507,0.3564096,0.1148552,0.7081071,0.13891622,0.43738315,-0.61345464,-0.62570536
-0.146514,-0.82639813,-0.15817657,0.033210367,0.55324274,0.3867968,-0.07527862,0.09375572,0.5771499,-0.33835295,0.19429399,1.5997549,-0.68360084,-0.3046289,-1.3932245,0.107659936,-0.114733696,-0.08071697,0.09239574,0.5065675,0.08837503,0.07710014,0.07910006,0.6610955,-0.43446273,0.3558279,0.1147058,0.7072747,0.13830006,0.43682984,-0.6119664,-0.6248122
-0.14652538,-0.8257338,-0.158097,0.033110976,0.55288535,0.3866729,-0.075171925,0.09378156,0.57675236,-0.33821318,0.19448368,1.5985873,-0.6833125,-0.3046118,-1.3923883,0.10765198,-0.11468086,-0.08067634,0.092303246,0.50615233,0.08864367,0.077114835,0.07897207,0.660823,-0.434182,0.35558492,0.11464347,0.706927,0.13804275,0.43659878,-0.61134475,-0.6244391
-0.1465512,-0.82422733,-0.15791649,0.03288558,0.552075,0.38639194,-0.07492993,0.09384006,0.57585084,-0.33789614,0.19491376,1.5959389,-0.68265855,-0.30457312,-1.3904923,0.10763404,-0.11456099,-0.080584235,0.09209348,0.50521094,0.08925292,0.077148065,0.07868172,0.66020477,-0.4335453,0.3550338,0.11450201,0.70613855,0.13745916,0.4360747,-0.6099352,-0.623593
-0.14661933,-0.82024574,-0.15743932,0.032289863,0.54993325,0.38564926,-0.07429033,0.09399463,0.5734682,-0.33705837,0.19605072,1.5889398,-0.6809301,-0.30447084,-1.3854811,0.10758659,-0.114244014,-0.08034082,0.091539145,0.50272274,0.09086299,0.0772358,0.07791439,0.65857077,-0.4318623,0.3535774,0.11412814,0.70405465,0.13591671,0.4346896,-0.60620934,-0.6213567
-0.14654598,-0.82453215,-0.157953,0.03293118,0.552239,0.38644874,-0.074978866,0.09382823,0.5760333,-0.3379603,0.1948268,1.5964748,-0.6827909,-0.30458096,-1.3908759,0.107637644,-0.11458516,-0.08060287,0.092135906,0.50540143,0.08912954,0.07714136,0.07874043,0.6603298,-0.43367404,0.3551453,0.11453065,0.70629805,0.13757718,0.43618074,-0.6102204,-0.62376416
-0.14638664,-0.8338399,-0.1590684,0.034323722,0.55724585,0.3881849,-0.07647405,0.09346679,0.58160335,-0.3399189,0.1921692,1.6128372,-0.68683136,-0.30482006,-1.4025909,0.1077486,-0.11532614,-0.08117195,0.09343189,0.5112181,0.08536565,0.0769362,0.08053425,0.6641494,-0.43760824,0.35855004,0.115404606,0.71116966,0.1411829,0.43941873,-0.61893016,-0.6289918
-0.14650258,-0.82706594,-0.15825665,0.033310264,0.55360204,0.3869214,-0.075385876,0.093729824,0.5775496,-0.33849347,0.19410335,1.600929,-0.68389076,-0.30464602,-1.394065,0.10766786,-0.11478689,-0.0807578,0.09248872,0.5069848,0.08810493,0.07708548,0.07922876,0.66136956,-0.434745,0.3560721,0.11476858,0.70762426,0.1385588,0.4370622,-0.61259145,-0.6251873
-0.14662082,-0.8201622,-0.15742932,0.032277375,0.5498883,0.3856337,-0.07427689,0.093997896,0.57341814,-0.33704072,0.19607453,1.5887927,-0.6808938,-0.3044687,-1.3853757,0.10758564,-0.11423731,-0.08033571,0.09152748,0.50267047,0.090896755,0.07723774,0.07789828,0.65853655,-0.431827,0.3535468,0.114120334,0.7040109,0.13588434,0.43466052,-0.6061311,-0.62130976
-0.14646287,-0.8293874,-0.1585348,0.03365755,0.55485076,0.38735437,-0.07575881,0.09363967,0.57893884,-0.338982,0.19344057,1.6050099,-0.6848985,-0.30470574,-1.3969867,0.10769549,-0.11497167,-0.080899715,0.09281193,0.5084355,0.08716622,0.07703434,0.07967618,0.66232216,-0.43572623,0.3569213,0.11498654,0.70883924,0.13945809,0.43786976,-0.61476374,-0.62649107
-0.1465152,-0.82632864,-0.15816829,0.033199936,0.5532053,0.38678387,-0.07526744,0.093758434,0.5771083,-0.3383383,0.19431384,1.5996326,-0.6835706,-0.3046271,-1.393137,0.10765907,-0.11472818,-0.08071272,0.09238604,0.50652397,0.088403136,0.07710175,0.079086706,0.661067,-0.4344334,0.35580245,0.114699304,0.70723826,0.13827318,0.43680564,-0.6119014,-0.6247731
-0.14646488,-0.8292707,-0.15852089,0.033640176,0.55478805,0.38733262,-0.07574006,0.09364423,0.578869,-0.33895743,0.19347389,1.604805,-0.6848479,-0.30470264,-1.39684,0.10769418,-0.1149624,-0.08089261,0.092795685,0.5083627,0.08721337,0.0770369,0.079653695,0.6622745,-0.435677,0.3568786,0.11497563,0.70877826,0.13941288,0.43782923,-0.6146546,-0.6264256
-0.146467,-0.8291471,-0.15850604,0.03362164,0.55472153,0.38730958,-0.07572021,0.09364903,0.5787951,-0.3389314,0.19350915,1.6045877,-0.6847942,-0.30469948,-1.3966845,0.10769263,-0.114952534,-0.08088503,0.092778474,0.50828546,0.087263316,0.077039614,0.07962984,0.6622236,-0.43562466,0.35683337,0.11496399,0.70871353,0.13936502,0.4377862,-0.6145388,-0.6263562
-0.14640784,-0.83259964,-0.15891978,0.034138173,0.5565787,0.38795352,-0.07627485,0.09351495,0.5808611,-0.3396579,0.19252338,1.6106569,-0.686293,-0.30478823,-1.4010298,0.10773376,-0.1152274,-0.08109613,0.093259215,0.510443,0.085867226,0.07696347,0.08029528,0.6636405,-0.43708396,0.35809633,0.11528815,0.71052045,0.14070249,0.43898726,-0.6177696,-0.62829524
-0.14651093,-0.8265798,-0.15819842,0.033237547,0.5533405,0.38683078,-0.07530784,0.09374872,0.5772587,-0.33839118,0.19424213,1.6000746,-0.68367976,-0.30463353,-1.3934532,0.10766205,-0.11474821,-0.0807281,0.09242104,0.5066811,0.08830151,0.07709621,0.079135135,0.6611701,-0.43453962,0.35589427,0.11472291,0.70736986,0.13837045,0.4368931,-0.61213654,-0.6249143
-0.14646459,-0.82928896,-0.15852308,0.03364283,0.5547978,0.38733602,-0.07574303,0.09364349,0.57887995,-0.33896127,0.19346859,1.6048371,-0.6848558,-0.30470315,-1.396863,0.10769436,-0.11496386,-0.08089371,0.09279826,0.5083741,0.087205976,0.077036485,0.07965721,0.6622819,-0.43568468,0.35688534,0.114977285,0.70878774,0.13942,0.43783557,-0.61467165,-0.6264359
-0.14645396,-0.82990503,-0.15859686,0.033735007,0.55512923,0.38745093,-0.075841956,0.093619615,0.57924855,-0.3390909,0.19329281,1.60592,-0.6851232,-0.30471897,-1.3976383,0.10770172,-0.115012914,-0.08093139,0.092884004,0.508759,0.08695689,0.077022925,0.079775944,0.6625346,-0.43594503,0.35711065,0.11503515,0.7091102,0.13965863,0.43804985,-0.615248,-0.6267818
-0.1465404,-0.8248576,-0.15799199,0.032979846,0.552414,0.38650948,-0.075031124,0.093815535,0.57622796,-0.33802876,0.19473387,1.5970469,-0.6829321,-0.30458933,-1.3912855,0.10764158,-0.11461106,-0.08062276,0.092181265,0.50560474,0.08899802,0.07713415,0.07880321,0.66046333,-0.43381155,0.35526434,0.114561215,0.7064684,0.1377033,0.43629393,-0.6105248,-0.6239469
-0.14652313,-0.825866,-0.15811281,0.033130735,0.5529565,0.38669753,-0.07519313,0.093776405,0.5768315,-0.33824098,0.19444592,1.5988197,-0.6833699,-0.30461523,-1.3925548,0.10765359,-0.11469141,-0.08068442,0.092321664,0.50623494,0.088590235,0.077111915,0.07899754,0.6608772,-0.43423784,0.35563323,0.11465591,0.70699626,0.13809398,0.4366448,-0.6114685,-0.62451327
-0.14656502,-0.82342184,-0.15781993,0.03276506,0.55164176,0.3862417,-0.07480053,0.093871325,0.5753688,-0.33772665,0.19514383,1.5945231,-0.68230885,-0.30455244,-1.3894786,0.10762447,-0.11449668,-0.08053501,0.09198137,0.5047075,0.0895786,0.07716583,0.07852651,0.6598742,-0.43320477,0.35473922,0.114426345,0.70571697,0.13714716,0.43579447,-0.6091814,-0.62314063
-0.14658634,-0.8221748,-0.1576705,0.03257847,0.55097085,0.3860091,-0.07460017,0.09391977,0.5746225,-0.33746427,0.19549985,1.5923308,-0.68176746,-0.3045204,-1.3879089,0.1076096,-0.114397556,-0.08045876,0.09180772,0.5039282,0.090082884,0.077193365,0.078286126,0.65936244,-0.4326777,0.354283,0.11430931,0.7050643,0.13666397,0.43536067,-0.6080144,-0.6224401
-0.146483,-0.8282105,-0.1583938,0.03348145,0.55421764,0.38713482,-0.07556974,0.09368539,0.57823443,-0.3387343,0.1937765,1.6029409,-0.68438756,-0.30467546,-1.3955055,0.10768151,-0.114878,-0.08082776,0.092648074,0.5077,0.087642044,0.07706024,0.079449385,0.66183925,-0.4352287,0.3564908,0.11487599,0.7082232,0.1390022,0.43746033,-0.6136623,-0.62583005
-0.14658645,-0.82216585,-0.15766941,0.032577127,0.5509661,0.38600737,-0.07459874,0.09392005,0.5746172,-0.33746237,0.19550236,1.5923151,-0.6817635,-0.3045202,-1.3878977,0.10760948,-0.11439678,-0.08045822,0.09180646,0.5039226,0.09008649,0.07719351,0.07828443,0.6593586,-0.43267387,0.35427973,0.11430848,0.7050596,0.13666055,0.43535754,-0.60800606,-0.6224351
-0.14644577,-0.83038664,-0.15865463,0.03380713,0.5553884,0.3875408,-0.07591934,0.09360084,0.5795369,-0.3391922,0.19315521,1.6067668,-0.6853324,-0.30473134,-1.3982446,0.1077075,-0.11505121,-0.08096083,0.092951074,0.50906014,0.08676207,0.077012256,0.07986879,0.66273236,-0.4361487,0.3572869,0.11508039,0.7093623,0.13984519,0.43821743,-0.6156989,-0.62705237
-0.14651066,-0.826591,-0.15819973,0.033239216,0.5533465,0.38683277,-0.07530961,0.09374824,0.5772654,-0.33839357,0.19423889,1.6000942,-0.6836846,-0.30463386,-1.3934673,0.10766217,-0.114749104,-0.08072875,0.092422605,0.506688,0.08829698,0.07709591,0.07913725,0.66117465,-0.43454427,0.3558984,0.11472398,0.7073757,0.1383748,0.43689698,-0.61214703,-0.62492055
-0.14648674,-0.8279922,-0.15836766,0.033448815,0.5541003,0.38709414,-0.075534694,0.09369385,0.5781039,-0.33868837,0.19383885,1.6025573,-0.6842929,-0.30466986,-1.3952309,0.10767892,-0.114860654,-0.080814436,0.09261766,0.5075637,0.08773032,0.077065095,0.07940729,0.6617497,-0.43513662,0.35641092,0.11485554,0.7081091,0.13891762,0.43738446,-0.6134582,-0.6257075
-0.1465603,-0.82369375,-0.15785252,0.03280571,0.55178803,0.38629237,-0.07484419,0.093860805,0.5755315,-0.33778387,0.19506617,1.595001,-0.6824268,-0.3045594,-1.3898207,0.10762772,-0.114518434,-0.080551624,0.092019185,0.50487745,0.08946872,0.07715978,0.078578904,0.65998566,-0.4333197,0.3548386,0.11445193,0.70585924,0.13725239,0.43588907,-0.6094358,-0.6232933
-0.14634272,-0.83640504,-0.15937583,0.034707516,0.55862576,0.38866332,-0.076886095,0.09336722,0.5831384,-0.3404587,0.1914369,1.6173465,-0.68794495,-0.30488592,-1.4058194,0.107779056,-0.11553031,-0.08132878,0.093789056,0.5128211,0.08432832,0.076879576,0.081028625,0.66520214,-0.4386924,0.35948834,0.1156455,0.71251225,0.14217663,0.4403111,-0.62133056,-0.6304325
-0.14644955,-0.83016646,-0.15862821,0.033774137,0.5552698,0.3874997,-0.07588395,0.09360942,0.57940507,-0.33914587,0.19321813,1.6063795,-0.6852367,-0.30472568,-1.3979675,0.10770479,-0.11503366,-0.08094738,0.09292041,0.5089224,0.08685115,0.077017084,0.079826325,0.6626419,-0.43605548,0.35720626,0.115059674,0.709247,0.13975993,0.43814078,-0.6154927,-0.6269286
-0.14643578,-0.83096683,-0.15872411,0.033893853,0.5557004,0.38764897,-0.07601253,0.09357831,0.57988405,-0.33931434,0.19298954,1.6077865,-0.6855842,-0.30474627,-1.3989749,0.107714325,-0.1150974,-0.08099631,0.09303188,0.50942266,0.08652741,0.07699944,0.07998058,0.6629704,-0.4363938,0.3574991,0.115134835,0.70966595,0.14006996,0.43841925,-0.61624175,-0.62737817
-0.14646855,-0.829054,-0.15849492,0.03360769,0.5546714,0.38729227,-0.07570528,0.093652606,0.57873935,-0.33891186,0.19353567,1.604424,-0.6847538,-0.30469713,-1.3965672,0.107691556,-0.11494517,-0.080879346,0.09276554,0.5082273,0.087300956,0.07704167,0.07961194,0.66218543,-0.43558538,0.3567994,0.11495525,0.70866483,0.13932896,0.43775383,-0.6144517,-0.6263039
-0.14640269,-0.83290195,-0.15895604,0.034183413,0.55674136,0.38800994,-0.07632337,0.09350321,0.58104205,-0.3397215,0.19243707,1.6111883,-0.68642426,-0.30479592,-1.4014105,0.10773748,-0.11525148,-0.081114605,0.09330127,0.510632,0.08574486,0.07695685,0.08035348,0.6637645,-0.43721175,0.35820696,0.115316585,0.71067876,0.14081955,0.43909243,-0.6180524,-0.62846506
-0.14642705,-0.831476,-0.15878513,0.03397003,0.5559743,0.38774392,-0.07609432,0.09355855,0.58018875,-0.33942148,0.19284417,1.6086817,-0.6858052,-0.30475932,-1.3996156,0.107720405,-0.115137845,-0.08102742,0.09310277,0.5097408,0.08632153,0.076988265,0.080078706,0.6631794,-0.43660903,0.35768536,0.11518267,0.70993245,0.14026716,0.43859634,-0.61671823,-0.62766415
-0.14638065,-0.83419037,-0.15911043,0.034376144,0.55743444,0.38825023,-0.076530345,0.0934532,0.5818131,-0.3399926,0.19206925,1.6134533,-0.6869836,-0.30482906,-1.4030318,0.10775277,-0.11535403,-0.08119337,0.09348069,0.5114371,0.08522388,0.07692842,0.08060181,0.6642933,-0.43775648,0.3586782,0.11543754,0.7113531,0.14131874,0.43954065,-0.61925817,-0.62918866
-0.14638594,-0.8338796,-0.15907317,0.034329623,0.55726725,0.3881922,-0.07648041,0.09346521,0.58162713,-0.33992726,0.19215794,1.6129068,-0.68684864,-0.30482107,-1.4026408,0.107749075,-0.115329206,-0.08117437,0.0934374,0.51124287,0.08534959,0.07693525,0.08054192,0.6641656,-0.43762487,0.35856453,0.115408316,0.7111904,0.14119837,0.43943253,-0.61896724,-0.6290141
-0.14648704,-0.82797503,-0.15836559,0.033446282,0.55409104,0.3870909,-0.07553192,0.09369451,0.57809365,-0.33868477,0.1938438,1.6025271,-0.6842854,-0.3046694,-1.3952093,0.10767871,-0.11485931,-0.08081337,0.09261531,0.5075529,0.08773732,0.07706548,0.079404026,0.6617427,-0.43512928,0.35640463,0.11485389,0.7081001,0.13891095,0.43737844,-0.6134421,-0.62569785
-0.14642397,-0.8316605,-0.15880726,0.033997685,0.5560736,0.38777846,-0.076123975,0.09355149,0.5802992,-0.33946028,0.19279154,1.609006,-0.68588537,-0.3047641,-1.3998479,0.10772264,-0.11515269,-0.081038706,0.09312841,0.5098561,0.08624694,0.07698424,0.080114275,0.6632551,-0.43668705,0.35775283,0.11520001,0.71002907,0.14033863,0.4386606,-0.6168907,-0.6277678
-0.1464652,-0.82925105,-0.1585185,0.033637166,0.55477744,0.38732895,-0.07573689,0.09364498,0.57885724,-0.33895326,0.19347946,1.6047703,-0.6848393,-0.3047022,-1.3968154,0.10769391,-0.11496073,-0.08089141,0.09279299,0.5083503,0.087221295,0.07703732,0.079649925,0.66226625,-0.43566853,0.35687152,0.114973694,0.70876783,0.13940531,0.4378223,-0.6146361,-0.62641454
-0.14639355,-0.8334353,-0.15901995,0.034263223,0.55702823,0.3881094,-0.076409034,0.093482524,0.58136123,-0.33983368,0.19228484,1.6121259,-0.68665576,-0.3048097,-1.4020815,0.1077438,-0.11529392,-0.081147216,0.093375534,0.51096517,0.08552921,0.07694511,0.08045629,0.66398346,-0.43743724,0.35840198,0.11536662,0.7109579,0.1410262,0.439278,-0.61855155,-0.62876457
-0.14646713,-0.82913613,-0.15850475,0.03361997,0.5547156,0.38730752,-0.075718425,0.09364942,0.57878846,-0.33892912,0.19351222,1.6045684,-0.6847895,-0.3046992,-1.3966707,0.10769251,-0.11495158,-0.08088438,0.092776984,0.50827855,0.08726776,0.07703979,0.07962781,0.66221917,-0.43562007,0.35682943,0.114962906,0.70870775,0.13936079,0.43778238,-0.61452866,-0.62635
-0.14633185,-0.8370384,-0.15945172,0.03480223,0.5589665,0.38878146,-0.07698784,0.09334251,0.5835175,-0.34059197,0.19125603,1.6184598,-0.6882199,-0.30490223,-1.4066167,0.107786685,-0.11558074,-0.08136751,0.093877256,0.5132169,0.08407211,0.07686557,0.08115071,0.665462,-0.43896013,0.35972002,0.11570491,0.7128437,0.14242202,0.4405314,-0.62192327,-0.6307883
-0.14637198,-0.83469546,-0.1591709,0.034451693,0.55770606,0.3883444,-0.07661148,0.09343353,0.58211535,-0.34009892,0.19192491,1.6143411,-0.68720275,-0.30484205,-1.4036676,0.10775876,-0.115394175,-0.08122426,0.09355104,0.51175267,0.08501968,0.076917276,0.08069916,0.6645005,-0.43796974,0.3588629,0.11548489,0.7116174,0.14151439,0.43971628,-0.6197308,-0.6294723
-0.14641607,-0.83211887,-0.15886216,0.03406623,0.5563201,0.38786387,-0.0761976,0.093533605,0.5805734,-0.33955675,0.19266061,1.6098117,-0.6860843,-0.3047759,-1.4004246,0.10772812,-0.115189105,-0.081066735,0.09319225,0.51014245,0.0860616,0.07697405,0.080202594,0.6634431,-0.43688077,0.35792044,0.11524303,0.71026886,0.14051622,0.43882,-0.6173197,-0.6280252
-0.14639115,-0.8335781,-0.15903704,0.03428459,0.55710506,0.3881361,-0.076432,0.09347704,0.5814467,-0.33986384,0.19224401,1.612377,-0.68671775,-0.30481333,-1.4022614,0.1077455,-0.115305245,-0.081155956,0.09339546,0.5110545,0.08547151,0.07694195,0.080483794,0.664042,-0.43749756,0.35845426,0.115380034,0.7110326,0.14108151,0.43932766,-0.61868525,-0.6288448
-0.14641696,-0.83206546,-0.15885574,0.034058243,0.55629134,0.38785386,-0.076189004,0.09353569,0.5805415,-0.33954555,0.1926759,1.6097177,-0.6860611,-0.30477452,-1.4003574,0.10772738,-0.115184814,-0.08106344,0.09318486,0.5101091,0.0860832,0.07697521,0.0801923,0.66342115,-0.43685812,0.3579009,0.11523798,0.7102409,0.14049557,0.4388014,-0.6172697,-0.62799525
-0.14640743,-0.8326218,-0.1589224,0.03414145,0.5565906,0.3879576,-0.07627838,0.093514085,0.58087444,-0.33966258,0.19251697,1.6106957,-0.68630254,-0.30478883,-1.4010577,0.107733965,-0.11522907,-0.08109746,0.09326233,0.5104568,0.085858196,0.07696293,0.080299556,0.66364944,-0.43709332,0.3581045,0.11529021,0.71053207,0.14071119,0.4389949,-0.6177904,-0.6283077
-0.1464461,-0.8303652,-0.158652,0.03380385,0.55537677,0.3875367,-0.075915866,0.0936017,0.57952404,-0.3391877,0.19316132,1.6067289,-0.685323,-0.30473077,-1.3982176,0.10770714,-0.11504945,-0.08095951,0.092948124,0.5090466,0.08677074,0.0770127,0.079864636,0.6627234,-0.43613952,0.35727897,0.11507836,0.709351,0.13983694,0.43820995,-0.6156787,-0.62704027
-0.14643615,-0.8309485,-0.1587219,0.03389111,0.5556906,0.3876456,-0.076009564,0.093578994,0.579873,-0.33931047,0.19299479,1.6077543,-0.68557626,-0.3047458,-1.3989518,0.10771412,-0.11509594,-0.08099517,0.093029335,0.50941116,0.08653489,0.07699983,0.07997708,0.6629629,-0.43638605,0.35749236,0.11513314,0.7096563,0.1400629,0.43841287,-0.6162246,-0.62736785
-0.14632402,-0.8374971,-0.15950665,0.034870893,0.5592132,0.38886693,-0.07706151,0.09332478,0.583792,-0.34068844,0.19112505,1.6192662,-0.688419,-0.304914,-1.4071938,0.10779208,-0.115617186,-0.08139555,0.09394109,0.5135035,0.08388668,0.076855525,0.081239104,0.66565025,-0.43915403,0.35988775,0.11574802,0.71308374,0.14259967,0.44069096,-0.6223525,-0.6310458
-0.14634052,-0.836529,-0.15939066,0.034726024,0.55869246,0.3886864,-0.076906,0.09336236,0.58321255,-0.34048477,0.1914014,1.6175643,-0.6879987,-0.3048892,-1.4059753,0.107780576,-0.11554009,-0.081336364,0.09380628,0.5128985,0.08427814,0.076876834,0.08105254,0.6652529,-0.43874472,0.35953364,0.11565709,0.71257704,0.14222467,0.4403542,-0.6214465,-0.63050216
-0.14635949,-0.8354269,-0.15925859,0.034561157,0.55809957,0.38848084,-0.07672899,0.09340516,0.58255315,-0.34025282,0.19171615,1.6156269,-0.6875204,-0.30486083,-1.4045883,0.10776746,-0.11545244,-0.08126897,0.09365289,0.51220983,0.08472389,0.07690112,0.08084011,0.66480076,-0.43827897,0.3591306,0.11555363,0.71200025,0.14179778,0.4399708,-0.6204152,-0.62988317
-0.14647701,-0.828562,-0.15843591,0.03353408,0.5544067,0.38720044,-0.07562623,0.09367168,0.5784449,-0.3388083,0.19367619,1.6035589,-0.6845403,-0.30468446,-1.3959479,0.107685685,-0.11490592,-0.08084926,0.09269704,0.5079197,0.087500006,0.07705246,0.0795171,0.6619835,-0.43537736,0.3566194,0.11490902,0.7084072,0.13913837,0.43758264,-0.61399126,-0.6260275
-0.1463672,-0.83497417,-0.15920436,0.034493387,0.5578561,0.38839638,-0.07665626,0.09342271,0.5822822,-0.34015757,0.19184534,1.6148311,-0.6873238,-0.30484918,-1.4040184,0.10776207,-0.11541635,-0.0812413,0.09358983,0.51192695,0.08490685,0.07691114,0.080752894,0.6646149,-0.43808764,0.35896495,0.115511104,0.7117633,0.14162236,0.43981332,-0.6199916,-0.6296289
-0.14648706,-0.8279722,-0.15836528,0.033445865,0.55408955,0.38709044,-0.07553149,0.09369463,0.578092,-0.33868414,0.19384469,1.6025223,-0.6842842,-0.30466932,-1.3952057,0.10767871,-0.114859045,-0.0808132,0.092614874,0.5075513,0.087738454,0.07706548,0.07940346,0.6617416,-0.43512815,0.35640368,0.11485368,0.70809865,0.13890988,0.4373775,-0.6134395,-0.6256963
-0.14631543,-0.8379983,-0.15956675,0.034945875,0.5594828,0.38896048,-0.07714202,0.09330538,0.58409184,-0.3407939,0.19098197,1.6201472,-0.68863654,-0.30492687,-1.4078246,0.10779813,-0.11565715,-0.081426196,0.09401089,0.5138167,0.08368406,0.07684447,0.08133568,0.6658559,-0.43936586,0.36007103,0.115795046,0.71334606,0.1427938,0.4408653,-0.6228214,-0.63132733
-0.14644462,-0.830451,-0.15866232,0.033816695,0.5554229,0.3875528,-0.07592968,0.093598366,0.57957536,-0.33920574,0.19313686,1.6068797,-0.68536025,-0.304733,-1.3983254,0.107708186,-0.115056366,-0.08096476,0.09296006,0.50910026,0.08673605,0.077010795,0.07988115,0.6627587,-0.43617582,0.35731032,0.11508639,0.70939595,0.1398701,0.43823978,-0.6157591,-0.6270885
-0.14635518,-0.83567595,-0.15928842,0.03459844,0.55823356,0.38852733,-0.07676899,0.0933955,0.5827021,-0.34030524,0.19164504,1.6160647,-0.68762845,-0.3048672,-1.4049017,0.10777041,-0.11547223,-0.08128421,0.09368755,0.51236546,0.08462316,0.07689564,0.08088811,0.6649028,-0.43838423,0.35922155,0.115577,0.71213055,0.14189422,0.44005743,-0.6206482,-0.630023
-0.14636506,-0.8351017,-0.15921962,0.03451249,0.5579247,0.38842025,-0.07667672,0.09341779,0.5823585,-0.34018433,0.19180901,1.6150553,-0.6873791,-0.3048525,-1.404179,0.10776362,-0.11542657,-0.0812491,0.093607575,0.5120066,0.08485541,0.076908335,0.08077744,0.66466725,-0.43814152,0.35901156,0.1155231,0.7118301,0.14167172,0.4398577,-0.6201109,-0.6297005
-0.14630947,-0.83834827,-0.1596087,0.034998238,0.55967104,0.3890258,-0.077198274,0.09329173,0.5843013,-0.34086758,0.19088204,1.6207626,-0.68878853,-0.30493587,-1.4082652,0.10780233,-0.115685046,-0.08144757,0.0940596,0.51403546,0.083542496,0.07683678,0.08140312,0.66599953,-0.4395138,0.36019918,0.11582795,0.7135293,0.1429294,0.44098708,-0.623149,-0.63152397
-0.14643757,-0.830863,-0.15871167,0.033878356,0.5556446,0.3876296,-0.07599587,0.09358236,0.5798219,-0.33929247,0.19301923,1.6076039,-0.68553907,-0.30474362,-1.398844,0.1077131,-0.11508915,-0.08098994,0.0930174,0.5093577,0.08656946,0.077001706,0.079960525,0.66292775,-0.43634993,0.35746107,0.11512512,0.7096116,0.14002976,0.4383831,-0.61614454,-0.6273198
-0.14638808,-0.83375275,-0.15905797,0.03431067,0.55719906,0.38816863,-0.076460056,0.093470156,0.5815512,-0.33990055,0.19219418,1.6126839,-0.68679357,-0.30481786,-1.4024812,0.107747495,-0.1153191,-0.08116664,0.093419775,0.5111636,0.08540085,0.07693805,0.0805175,0.66411364,-0.43757135,0.35851815,0.115396425,0.711124,0.1411492,0.43938842,-0.6188486,-0.62894285
-0.14628959,-0.8395066,-0.15974747,0.03517148,0.56029415,0.38924176,-0.07738433,0.09324673,0.5849945,-0.34111133,0.1905513,1.6227988,-0.6892913,-0.30496567,-1.4097232,0.10781601,-0.115777135,-0.08151839,0.09422092,0.51475936,0.083074,0.07681118,0.081626415,0.6664748,-0.44000334,0.3606228,0.1159367,0.7141355,0.14337823,0.44139004,-0.62423295,-0.6321745
-0.1464213,-0.8318138,-0.15882562,0.034020573,0.55615604,0.387807,-0.07614859,0.09354544,0.58039093,-0.33949256,0.19274773,1.6092756,-0.6859518,-0.304768,-1.4000407,0.10772443,-0.11516479,-0.08104808,0.09314981,0.50995195,0.08618492,0.076980755,0.08014381,0.66331804,-0.43675184,0.35780898,0.11521439,0.71010923,0.14039806,0.43871388,-0.6170344,-0.6278539
-0.14642273,-0.83173096,-0.15881565,0.034008175,0.5561114,0.38779145,-0.07613527,0.093548656,0.5803413,-0.33947513,0.19277139,1.6091298,-0.6859158,-0.30476588,-1.3999364,0.107723445,-0.11515823,-0.08104298,0.09313826,0.50990003,0.08621845,0.07698263,0.08012782,0.6632838,-0.43671674,0.35777858,0.11520657,0.71006584,0.14036596,0.43868503,-0.6169566,-0.6278073
-0.14646891,-0.82903516,-0.15849262,0.03360489,0.55466133,0.38728872,-0.0757022,0.09365338,0.5787281,-0.3389079,0.19354112,1.6043909,-0.6847456,-0.30469665,-1.3965435,0.10769129,-0.11494368,-0.0808782,0.0927629,0.5082154,0.087308615,0.07704206,0.07960828,0.6621777,-0.43557733,0.3567924,0.11495347,0.7086549,0.13932163,0.43774724,-0.6144341,-0.62629324
-0.14624621,-0.8420409,-0.1600512,0.035550684,0.5616574,0.38971454,-0.077791445,0.09314826,0.58651114,-0.34164461,0.18982764,1.627254,-0.69039154,-0.30503076,-1.4129128,0.1078462,-0.11597887,-0.08167337,0.09457378,0.5163431,0.08204922,0.0767553,0.08211483,0.6675148,-0.4410746,0.36154988,0.11617464,0.7154619,0.14435998,0.44227165,-0.6266044,-0.6335979
-0.14631882,-0.837801,-0.15954308,0.03491634,0.5593767,0.38892367,-0.07711033,0.09331304,0.5839738,-0.34075242,0.19103833,1.6198004,-0.68855095,-0.3049218,-1.4075763,0.107795805,-0.115641445,-0.08141414,0.0939834,0.51369345,0.08376381,0.07684882,0.081297636,0.66577494,-0.43928248,0.3599989,0.115776554,0.7132428,0.14271745,0.44079667,-0.6226368,-0.6312166
-0.14649597,-0.82745457,-0.15830326,0.03336841,0.55381113,0.3869939,-0.07544834,0.093714744,0.5777822,-0.33857527,0.19399239,1.6016122,-0.6840595,-0.30465603,-1.3945544,0.10767257,-0.11481789,-0.080781564,0.09254283,0.5072277,0.087947816,0.0770769,0.07930368,0.6615292,-0.4349094,0.35621428,0.1148051,0.7078277,0.1387093,0.43719748,-0.6129551,-0.62540555
-0.14630784,-0.83844054,-0.15961972,0.035012037,0.5597207,0.3890429,-0.077213086,0.093288094,0.58435655,-0.34088695,0.1908556,1.6209247,-0.6888285,-0.3049383,-1.4083812,0.107803285,-0.11569229,-0.08145321,0.09407246,0.5140931,0.08350515,0.07683469,0.08142096,0.6660373,-0.43955272,0.36023286,0.11583659,0.7135775,0.14296517,0.44101915,-0.6232352,-0.63157576
-0.14649987,-0.8272246,-0.15827565,0.033333987,0.55368733,0.38695094,-0.07541139,0.093723655,0.5776445,-0.33852687,0.19405805,1.6012081,-0.68395966,-0.30465013,-1.3942648,0.10766974,-0.11479956,-0.080767505,0.09251082,0.507084,0.08804074,0.07708196,0.079259396,0.66143465,-0.43481213,0.3561302,0.114783466,0.70770735,0.13862029,0.4371174,-0.61273986,-0.62527645
-0.14634787,-0.83610225,-0.15933952,0.034662157,0.55846286,0.38860685,-0.07683744,0.0933789,0.5829572,-0.34039497,0.19152333,1.6168143,-0.68781346,-0.3048782,-1.4054382,0.10777551,-0.11550617,-0.08131025,0.0937469,0.51263183,0.08445078,0.07688628,0.08097027,0.6650778,-0.43856442,0.3593776,0.11561702,0.7123537,0.14205939,0.44020572,-0.6210472,-0.63026243
-0.1464383,-0.8308239,-0.158707,0.033872515,0.5556235,0.38762233,-0.07598957,0.09358391,0.57979846,-0.33928424,0.19303043,1.6075352,-0.68552214,-0.30474257,-1.3987949,0.1077126,-0.11508608,-0.08098757,0.09301196,0.50933325,0.086585194,0.07700263,0.079953015,0.6629118,-0.43633342,0.35744676,0.11512144,0.7095911,0.14001456,0.4383695,-0.61610794,-0.627298
-0.14635591,-0.83563197,-0.15928316,0.034591824,0.55820984,0.38851908,-0.076761924,0.09339723,0.5826758,-0.340296,0.19165762,1.6159874,-0.6876093,-0.30486608,-1.4048464,0.10776994,-0.11546877,-0.08128152,0.093681395,0.5123379,0.08464092,0.07689665,0.080879614,0.6648848,-0.4383657,0.35920557,0.115572855,0.7121076,0.14187714,0.44004214,-0.62060714,-0.6299984
-0.14626049,-0.8412086,-0.15995148,0.03542617,0.5612097,0.3895592,-0.07765772,0.09318066,0.586013,-0.34146947,0.19006537,1.6257907,-0.6900302,-0.30500937,-1.4118652,0.107836396,-0.115912616,-0.081622474,0.09445785,0.51582295,0.08238581,0.07677372,0.081954375,0.6671734,-0.44072276,0.36124542,0.1160965,0.7150263,0.14403749,0.44198212,-0.62582546,-0.63313043
-0.1462372,-0.84256923,-0.1601145,0.03562972,0.5619416,0.389813,-0.07787626,0.09312776,0.5868273,-0.34175578,0.1896768,1.6281825,-0.69062084,-0.3050443,-1.4135777,0.10785249,-0.11602095,-0.08170566,0.09464733,0.5166732,0.08183563,0.07674368,0.08221665,0.66773164,-0.44129783,0.36174318,0.116224244,0.7157384,0.1445646,0.44245547,-0.62709874,-0.63389456
-0.14635342,-0.8357817,-0.15930113,0.034614235,0.5582904,0.3885471,-0.07678596,0.09339145,0.5827654,-0.34032747,0.19161488,1.6162508,-0.6876744,-0.30486995,-1.4050349,0.107771724,-0.11548063,-0.08129069,0.09370224,0.5124316,0.08458039,0.076893374,0.08090851,0.6649463,-0.438429,0.3592603,0.11558694,0.7121859,0.14193514,0.44009423,-0.62074727,-0.6300824
-0.14630535,-0.83858943,-0.15963757,0.0350343,0.5598008,0.38907075,-0.07723697,0.09328237,0.5844456,-0.3409183,0.1908132,1.6211864,-0.6888932,-0.30494207,-1.4085686,0.1078051,-0.11570421,-0.08146232,0.0940932,0.51418614,0.08344498,0.076831415,0.08144963,0.6660985,-0.4396158,0.36028734,0.11585058,0.7136555,0.14302287,0.44107097,-0.62337464,-0.6316594
-0.14633481,-0.83686626,-0.15943107,0.03477648,0.55887383,0.38874933,-0.0769602,0.09334928,0.5834145,-0.34055573,0.19130515,1.6181573,-0.68814516,-0.30489781,-1.4064,0.10778457,-0.115567,-0.08135698,0.09385328,0.51310945,0.08414176,0.07686941,0.08111751,0.6653913,-0.43888742,0.35965708,0.11568877,0.71275365,0.14235535,0.4404715,-0.6217621,-0.63069165
-0.1463868,-0.83382916,-0.15906714,0.034322113,0.55724007,0.38818285,-0.07647232,0.093467206,0.5815969,-0.33991665,0.19217236,1.6128181,-0.6868267,-0.3048198,-1.4025773,0.10774839,-0.11532527,-0.0811713,0.093430415,0.5112113,0.085369974,0.07693638,0.08053219,0.664145,-0.43760365,0.3585461,0.11540359,0.711164,0.14117879,0.43941495,-0.6189201,-0.6289858
-0.14644226,-0.8305886,-0.15867878,0.03383729,0.55549693,0.38757846,-0.07595175,0.09359297,0.5796577,-0.33923474,0.19309758,1.6071217,-0.68542004,-0.30473655,-1.3984987,0.107709825,-0.11506727,-0.08097318,0.09297921,0.50918627,0.08668038,0.077007785,0.0799077,0.6628152,-0.43623394,0.3573607,0.11509931,0.70946795,0.13992342,0.43828768,-0.6158878,-0.6271658
-0.14626336,-0.84104145,-0.15993145,0.035401195,0.5611198,0.38952807,-0.077630885,0.09318718,0.585913,-0.34143427,0.19011308,1.625497,-0.6899576,-0.30500507,-1.4116548,0.10783443,-0.115899354,-0.08161226,0.09443456,0.51571846,0.0824534,0.07677738,0.08192217,0.6671047,-0.4406522,0.36118427,0.116080806,0.7149388,0.1439727,0.44192398,-0.6256691,-0.6330366
-0.1461951,-0.84502494,-0.16040881,0.035997123,0.56326264,0.3902711,-0.07827077,0.09303245,0.5882969,-0.34227252,0.18897565,1.6324996,-0.69168687,-0.3051074,-1.4166685,0.107881755,-0.11621645,-0.08185578,0.09498927,0.5182079,0.080842495,0.0766895,0.08268987,0.66873944,-0.44233578,0.36264142,0.11645481,0.7170237,0.14551592,0.44330972,-0.62939674,-0.6352738
-0.14648876,-0.8278737,-0.15835346,0.033431113,0.55403656,0.38707206,-0.075515665,0.09369847,0.578033,-0.33866346,0.19387273,1.6023489,-0.6842414,-0.30466682,-1.3950818,0.10767749,-0.11485118,-0.080807194,0.09260118,0.5074896,0.08777827,0.07706763,0.07938449,0.6617011,-0.43508643,0.3563676,0.1148444,0.70804703,0.13887173,0.4373432,-0.61334735,-0.62564087
-0.14623247,-0.8428446,-0.16014752,0.035670966,0.56208986,0.38986436,-0.07792055,0.09311715,0.58699214,-0.34181374,0.18959816,1.628667,-0.69074047,-0.30505142,-1.4139245,0.10785586,-0.11604288,-0.08172249,0.09468572,0.5168454,0.08172414,0.07673763,0.08226968,0.66784465,-0.4414143,0.3618439,0.11625013,0.7158826,0.14467135,0.44255129,-0.6273565,-0.6340494
-0.14629553,-0.83916104,-0.1597061,0.0351198,0.5601083,0.38917738,-0.07732881,0.09326017,0.5847877,-0.34103858,0.19064994,1.6221913,-0.68914133,-0.3049568,-1.4092882,0.1078119,-0.1157496,-0.08149727,0.094172776,0.5145434,0.083213806,0.07681878,0.08155976,0.6663331,-0.4398573,0.36049643,0.11590424,0.7139547,0.14324427,0.44126981,-0.62390953,-0.6319804
-0.14613694,-0.8484243,-0.16081616,0.03650573,0.5650913,0.39090514,-0.07881687,0.092900485,0.5903312,-0.34298784,0.18800505,1.6384755,-0.6931626,-0.30519474,-1.4209471,0.107922286,-0.116487056,-0.082063615,0.095462546,0.52033234,0.07946783,0.07661457,0.08334504,0.6701344,-0.44377273,0.36388496,0.11677404,0.7188029,0.14683282,0.44449237,-0.6325777,-0.6371832
-0.14634295,-0.8363905,-0.15937406,0.03470531,0.55861795,0.38866055,-0.07688374,0.093367755,0.58312976,-0.3404556,0.19144107,1.6173209,-0.68793863,-0.30488563,-1.405801,0.10777888,-0.11552915,-0.08132788,0.093787074,0.512812,0.084334165,0.0768799,0.08102587,0.66519606,-0.43868625,0.35948303,0.11564408,0.7125046,0.14217103,0.440306,-0.621317,-0.6304244
-0.14635545,-0.835662,-0.15928674,0.034596294,0.55822605,0.3885247,-0.07676675,0.09339604,0.58269376,-0.34030226,0.19164898,1.6160402,-0.68762237,-0.3048669,-1.4048842,0.107770264,-0.115471154,-0.081283346,0.09368561,0.51235676,0.08462879,0.07689597,0.08088544,0.6648971,-0.4383784,0.3592166,0.115575686,0.7121233,0.14188877,0.44005257,-0.62063533,-0.63001525
-0.1463776,-0.83436763,-0.15913166,0.0344027,0.5575298,0.38828325,-0.076558836,0.093446285,0.58191913,-0.34002995,0.19201858,1.6137649,-0.6870605,-0.30483365,-1.403255,0.10775486,-0.11536813,-0.08120418,0.09350538,0.51154786,0.08515218,0.07692449,0.08063598,0.664366,-0.43783122,0.3587431,0.11545415,0.71144587,0.1413874,0.43960232,-0.619424,-0.62928826
-0.14627557,-0.8403295,-0.15984611,0.03529468,0.5607369,0.38939533,-0.07751652,0.09321478,0.585487,-0.34128448,0.19031633,1.6242455,-0.6896486,-0.30498677,-1.4107589,0.107825875,-0.1158427,-0.08156873,0.09433547,0.51527363,0.08274129,0.07679309,0.08178501,0.66681254,-0.4403513,0.36092386,0.116013974,0.71456623,0.14369696,0.44167635,-0.6250029,-0.6326367
-0.14631583,-0.8379735,-0.15956375,0.03494215,0.55946946,0.3889559,-0.07713806,0.09330633,0.584077,-0.34078872,0.19098906,1.6201036,-0.6886258,-0.30492622,-1.4077934,0.1077978,-0.115655154,-0.08142468,0.09400743,0.5138012,0.08369404,0.076844946,0.081330925,0.66584575,-0.4393553,0.3600621,0.11579272,0.7133331,0.14278424,0.44085672,-0.62279814,-0.63131344
-0.14651918,-0.8260964,-0.15814047,0.033165216,0.55308044,0.38674054,-0.075230144,0.093767464,0.5769693,-0.33828944,0.19438018,1.5992247,-0.6834699,-0.30462116,-1.3928448,0.1076563,-0.114709735,-0.08069853,0.09235373,0.5063789,0.08849701,0.07710685,0.0790419,0.66097176,-0.43433517,0.3557175,0.11467753,0.7071168,0.13818318,0.43672493,-0.61168414,-0.6246427
-0.14632244,-0.83759093,-0.15951791,0.03488487,0.55926365,0.38888445,-0.07707659,0.093321085,0.5838481,-0.3407082,0.19109826,1.6194311,-0.68845975,-0.30491644,-1.407312,0.10779327,-0.115624666,-0.08140127,0.09395419,0.51356214,0.083848685,0.07685344,0.081257194,0.66568875,-0.43919367,0.35992214,0.115756765,0.71313286,0.14263612,0.44072363,-0.6224402,-0.6310986
-0.14629981,-0.8389081,-0.15967576,0.035081983,0.5599722,0.38913018,-0.07728816,0.093269974,0.5846363,-0.34098536,0.19072215,1.6217464,-0.68903154,-0.30495024,-1.4089696,0.10780892,-0.11572954,-0.081481814,0.09413755,0.5143853,0.08331612,0.07682441,0.081511036,0.66622925,-0.43975037,0.36040393,0.11588049,0.71382225,0.14314628,0.4411818,-0.6236727,-0.6318383
-0.14626086,-0.8411875,-0.15994895,0.03542298,0.56119835,0.3895553,-0.077654324,0.09318146,0.5860004,-0.341465,0.19007133,1.6257535,-0.69002104,-0.30500883,-1.4118385,0.10783613,-0.11591095,-0.081621155,0.094454914,0.5158098,0.08239439,0.076774165,0.08195035,0.6671647,-0.44071382,0.36123767,0.116094515,0.71501523,0.14402932,0.4419748,-0.6258058,-0.6331185
-0.14627023,-0.8406378,-0.15988302,0.035340726,0.5609028,0.38945273,-0.077566065,0.0932028,0.5856715,-0.34134936,0.1902283,1.6247874,-0.68978244,-0.3049947,-1.4111469,0.10782951,-0.1158672,-0.08158757,0.09437841,0.51546633,0.08261654,0.076786235,0.08184442,0.66693914,-0.44048148,0.36103675,0.1160429,0.7147276,0.14381647,0.44178355,-0.6252915,-0.63280994
-0.14633559,-0.83682144,-0.15942572,0.034769833,0.5588498,0.388741,-0.076953,0.09335104,0.5833876,-0.34054628,0.19131799,1.6180785,-0.6881257,-0.30489665,-1.4063435,0.10778418,-0.11556351,-0.08135425,0.09384699,0.5130813,0.08415991,0.0768704,0.08110887,0.66537297,-0.43886852,0.35964063,0.11568457,0.71273017,0.14233786,0.44045594,-0.62172025,-0.6306664
-0.14616676,-0.8466817,-0.16060728,0.03624502,0.5641539,0.3905801,-0.078536935,0.092968106,0.58928835,-0.34262118,0.18850262,1.635412,-0.6924061,-0.30514997,-1.4187537,0.10790154,-0.11634824,-0.08195708,0.09521997,0.51924324,0.08017251,0.07665293,0.08300923,0.6694193,-0.44303602,0.36324748,0.11661038,0.71789086,0.14615783,0.44388607,-0.6309471,-0.63620436
-0.14608969,-0.8511822,-0.16114664,0.036918342,0.5665748,0.39141956,-0.07925985,0.092793435,0.59198153,-0.34356818,0.18721767,1.6433234,-0.69435984,-0.3052656,-1.4244182,0.10795513,-0.11670652,-0.08223226,0.09584652,0.52205575,0.0783526,0.07655381,0.083876505,0.6712662,-0.4449383,0.3648937,0.11703299,0.7202464,0.1479012,0.44545174,-0.63515836,-0.6387321
-0.1461666,-0.84669137,-0.1606085,0.03624645,0.5641591,0.39058185,-0.07853847,0.09296778,0.58929414,-0.34262317,0.18849988,1.635429,-0.6924103,-0.3051502,-1.4187659,0.10790166,-0.11634907,-0.08195765,0.09522125,0.5192493,0.080168575,0.07665281,0.083011,0.6694232,-0.4430402,0.36325094,0.11661136,0.7178959,0.14616144,0.44388947,-0.63095605,-0.63620985
-0.14625828,-0.84133613,-0.15996674,0.035445273,0.5612784,0.3895831,-0.07767824,0.09317574,0.5860894,-0.34149632,0.19002892,1.6260151,-0.6900856,-0.30501267,-1.4120258,0.107837886,-0.11592284,-0.08163026,0.09447563,0.51590276,0.08233413,0.07677083,0.08197899,0.6672256,-0.44077677,0.3612921,0.11610848,0.71509314,0.14408699,0.44202653,-0.625945,-0.6332021
-0.14616153,-0.8469858,-0.16064374,0.036290497,0.5643174,0.3906368,-0.07858575,0.092956334,0.5894703,-0.34268513,0.18841578,1.6359466,-0.69253814,-0.30515778,-1.4191365,0.10790515,-0.116372555,-0.08197567,0.095262274,0.51943326,0.080049515,0.07664631,0.08306779,0.6695441,-0.44316465,0.3633587,0.11663897,0.71805,0.14627558,0.44399187,-0.6312316,-0.6363751
-0.14618662,-0.84552217,-0.16046837,0.03607151,0.56353015,0.39036378,-0.078350626,0.09301314,0.58859444,-0.34237713,0.18883379,1.6333737,-0.69190276,-0.30512017,-1.4172944,0.107887685,-0.11625609,-0.0818862,0.09505847,0.5185186,0.08064142,0.07667853,0.082785696,0.6689434,-0.44254595,0.36282334,0.116501495,0.717284,0.14570856,0.44348273,-0.629862,-0.6355531
-0.14632379,-0.83751214,-0.1595085,0.034873158,0.5592213,0.38886976,-0.077063955,0.093324244,0.583801,-0.34069163,0.19112076,1.6192926,-0.68842554,-0.3049144,-1.4072127,0.10779229,-0.11561841,-0.08139649,0.09394321,0.513513,0.0838806,0.07685517,0.08124201,0.66565645,-0.43916035,0.35989317,0.11574943,0.7130917,0.14260551,0.4406962,-0.6223666,-0.6310544
-0.14617273,-0.8463323,-0.16056548,0.036192745,0.5639659,0.39051494,-0.07848076,0.092981726,0.5890792,-0.3425476,0.18860246,1.6347978,-0.6922544,-0.30514097,-1.418314,0.10789743,-0.11632052,-0.08193572,0.09517127,0.51902497,0.08031383,0.07666074,0.082941815,0.669276,-0.44288844,0.36311963,0.116577595,0.717708,0.14602235,0.4437646,-0.63062006,-0.6360082
-0.1463148,-0.8380362,-0.15957126,0.034951538,0.5595032,0.38896754,-0.07714812,0.09330383,0.58411455,-0.34080186,0.19097115,1.6202136,-0.688653,-0.3049279,-1.4078724,0.10779858,-0.11566007,-0.08142849,0.094016165,0.51384044,0.08366874,0.076843604,0.08134295,0.6658715,-0.43938178,0.36008492,0.11579864,0.71336585,0.14280853,0.4408785,-0.6228569,-0.6313486
-0.14608426,-0.8515005,-0.16118477,0.036965966,0.566746,0.3914789,-0.079311006,0.09278104,0.592172,-0.34363514,0.18712683,1.6438831,-0.69449794,-0.30527377,-1.4248189,0.10795894,-0.11673194,-0.0822517,0.09589088,0.5222547,0.078223795,0.07654677,0.08393788,0.67139673,-0.44507283,0.36501017,0.11706288,0.72041297,0.14802453,0.44556245,-0.6354562,-0.63891083
-0.14622547,-0.84325147,-0.16019627,0.035731822,0.5623086,0.38994026,-0.07798592,0.09310132,0.5872356,-0.34189937,0.18948205,1.629382,-0.6909171,-0.30506188,-1.4144365,0.107860684,-0.11607525,-0.08174736,0.09474231,0.5170996,0.08155963,0.07672869,0.08234814,0.66801167,-0.44158626,0.3619927,0.11628835,0.7160956,0.14482889,0.44269285,-0.6277372,-0.6342778
-0.14635234,-0.8358419,-0.15930831,0.034623235,0.55832285,0.38855827,-0.076795645,0.093389064,0.58280146,-0.3403402,0.19159766,1.6163565,-0.6877005,-0.3048715,-1.4051106,0.10777241,-0.11548549,-0.08129435,0.09371066,0.5124692,0.08455604,0.076892,0.08092013,0.664971,-0.43845433,0.35928234,0.115592614,0.71221745,0.1419585,0.44011518,-0.62080353,-0.6301162
-0.14625376,-0.8416021,-0.1599986,0.03548506,0.5614214,0.3896327,-0.07772093,0.09316537,0.5862485,-0.34155226,0.18995298,1.6264825,-0.69020104,-0.3050195,-1.4123604,0.107841045,-0.11594397,-0.08164653,0.09451267,0.51606894,0.08222669,0.076765016,0.08203022,0.6673348,-0.44088906,0.36138937,0.11613344,0.7152323,0.14418992,0.442119,-0.6261937,-0.63335145
-0.14623664,-0.8426007,-0.1601183,0.03563443,0.56195855,0.38981894,-0.07788134,0.093126655,0.58684605,-0.34176236,0.18966796,1.6282378,-0.6906345,-0.30504513,-1.4136173,0.107852936,-0.11602351,-0.08170757,0.09465167,0.51669294,0.0818229,0.07674299,0.08222261,0.66774464,-0.44131118,0.36175457,0.11622721,0.71575487,0.14457673,0.4424664,-0.6271281,-0.63391227
-0.14631356,-0.8381047,-0.15957949,0.03496176,0.5595401,0.38898027,-0.077159174,0.09330115,0.58415556,-0.34081638,0.19095154,1.6203343,-0.6886828,-0.30492967,-1.4079586,0.10779923,-0.115665585,-0.081432685,0.09402573,0.5138833,0.08364093,0.076842114,0.08135621,0.6658995,-0.43941075,0.36011007,0.11580506,0.7134018,0.14283514,0.44090235,-0.62292105,-0.6313872
-0.14615017,-0.84765136,-0.16072352,0.036390096,0.5646755,0.3907609,-0.07869267,0.092930466,0.5898686,-0.34282523,0.18822576,1.6371167,-0.69282705,-0.3051749,-1.4199742,0.10791314,-0.116425514,-0.082016364,0.09535496,0.5198493,0.07978034,0.07663159,0.08319609,0.6698172,-0.44344592,0.3636022,0.116701454,0.7183984,0.14653343,0.44422346,-0.6318545,-0.636749
-0.14617506,-0.84619915,-0.16054949,0.036172807,0.5638943,0.39049003,-0.07845939,0.09298685,0.58899957,-0.3425196,0.18864037,1.6345637,-0.6921966,-0.30513757,-1.4181465,0.10789579,-0.11630988,-0.081927575,0.095152766,0.5189417,0.080367565,0.07666366,0.082916215,0.6692213,-0.44283217,0.36307094,0.11656506,0.7176383,0.14597085,0.44371822,-0.63049555,-0.63593334
-0.14629519,-0.8391799,-0.15970835,0.035122633,0.56011844,0.38918087,-0.07733186,0.093259394,0.584799,-0.3410426,0.19064452,1.6222245,-0.68914956,-0.30495727,-1.4093119,0.10781214,-0.11575115,-0.081498414,0.09417541,0.5145552,0.08320615,0.07681845,0.08156344,0.6663408,-0.4398653,0.3605034,0.115906015,0.7139645,0.1432516,0.4412764,-0.6239272,-0.631991
-0.14622112,-0.84350693,-0.16022685,0.03576997,0.56244606,0.38998792,-0.07802691,0.0930914,0.5873884,-0.3419531,0.18940909,1.6298308,-0.6910279,-0.30506843,-1.4147578,0.107863665,-0.1160956,-0.08176296,0.09477785,0.5172593,0.08145636,0.076722994,0.0823973,0.66811645,-0.4416942,0.36208615,0.11631228,0.7162292,0.14492786,0.44278166,-0.6279762,-0.6344213
-0.1462551,-0.8415226,-0.15998909,0.035473138,0.5613786,0.38961783,-0.07770813,0.0931685,0.5862009,-0.34153548,0.18997575,1.6263425,-0.6901665,-0.3050174,-1.4122603,0.10784015,-0.11593759,-0.08164166,0.094501585,0.5160191,0.08225885,0.076766774,0.0820149,0.66730225,-0.44085544,0.36136028,0.11612597,0.7151906,0.14415908,0.44209135,-0.62611926,-0.6333067
-0.14620675,-0.8443477,-0.16032764,0.035895854,0.5628984,0.39014482,-0.07816199,0.093058795,0.58789164,-0.34213004,0.189169,1.6313093,-0.691393,-0.30509007,-1.4158163,0.10787377,-0.11616251,-0.08181439,0.09489493,0.51778483,0.08111635,0.07670449,0.08255935,0.66846156,-0.44204962,0.36239377,0.1163913,0.7166694,0.1452536,0.4430742,-0.628763,-0.63489354
-0.1462728,-0.84048975,-0.15986529,0.035318613,0.560823,0.3894252,-0.07754228,0.09320852,0.58558285,-0.3413182,0.1902705,1.6245272,-0.6897182,-0.30499092,-1.4109604,0.10782775,-0.115855366,-0.08157851,0.09435779,0.51537377,0.0826765,0.07678945,0.08181588,0.6668782,-0.44041896,0.36098245,0.11602901,0.7146501,0.14375904,0.44173208,-0.62515295,-0.6327267
-0.14602663,-0.85486746,-0.16158825,0.037469655,0.56855714,0.3921069,-0.07985184,0.092650265,0.5941869,-0.34434363,0.1861654,1.6498019,-0.69595957,-0.30536032,-1.4290564,0.107999,-0.116999894,-0.08245756,0.09635967,0.5243587,0.076862276,0.076472476,0.084586725,0.6727785,-0.44649595,0.36624172,0.117378965,0.7221751,0.14932886,0.44673368,-0.63860697,-0.64080185
-0.1462047,-0.8444654,-0.16034174,0.035913438,0.56296164,0.39016673,-0.07818092,0.093054205,0.58796203,-0.3421548,0.1891355,1.6315159,-0.69144404,-0.30509302,-1.4159642,0.10787511,-0.116171956,-0.08182157,0.09491132,0.51785827,0.081068814,0.076701865,0.08258204,0.66850984,-0.44209933,0.36243674,0.11640231,0.7167309,0.14529917,0.44311512,-0.62887317,-0.63495964
-0.14605336,-0.8533076,-0.16140136,0.037236303,0.5677181,0.39181596,-0.07960125,0.09271085,0.5932535,-0.3440154,0.18661083,1.6470598,-0.69528246,-0.3053202,-1.4270933,0.10798046,-0.11687574,-0.082362205,0.09614247,0.5233839,0.07749304,0.07650693,0.08428617,0.67213833,-0.44583672,0.3656712,0.11723253,0.7213587,0.14872453,0.44619107,-0.63714737,-0.6399257
-0.14616524,-0.8467741,-0.16061842,0.036258847,0.5642036,0.3905973,-0.07855175,0.09296456,0.58934367,-0.3426406,0.18847628,1.6355747,-0.69244623,-0.30515236,-1.4188701,0.107902646,-0.11635572,-0.08196274,0.09523277,0.51930106,0.08013511,0.07665099,0.083027005,0.6694573,-0.44307524,0.36328122,0.11661908,0.7179393,0.14619356,0.44391832,-0.6310335,-0.6362563
-0.14609,-0.85116315,-0.16114433,0.03691545,0.56656456,0.39141592,-0.07925681,0.09279406,0.59197015,-0.34356415,0.18722315,1.6432899,-0.69435155,-0.3052651,-1.4243941,0.10795486,-0.116705,-0.08223109,0.09584391,0.5220438,0.07836023,0.076554164,0.083872885,0.67125833,-0.44493026,0.3648868,0.11703117,0.72023636,0.14789385,0.44544506,-0.6351406,-0.63872135
-0.1460171,-0.8554218,-0.16165468,0.037552625,0.56885535,0.39221027,-0.07994089,0.09262875,0.59451866,-0.3444603,0.18600722,1.6507765,-0.69620025,-0.3053745,-1.4297543,0.10800567,-0.11704406,-0.082491435,0.09643681,0.5247052,0.07663813,0.07646032,0.08469358,0.67300594,-0.44673032,0.36644456,0.117431074,0.7224653,0.14954355,0.44692656,-0.63912565,-0.64111316
-0.14641252,-0.83232546,-0.15888691,0.034097165,0.55643135,0.38790238,-0.07623079,0.09352556,0.5806971,-0.33960024,0.19260167,1.610175,-0.68617404,-0.30478117,-1.400685,0.10773045,-0.115205616,-0.081079364,0.09322104,0.51027167,0.085978,0.07696952,0.080242455,0.66352797,-0.43696803,0.35799614,0.11526239,0.71037704,0.14059633,0.4388919,-0.6175131,-0.62814134
-0.1464115,-0.8323878,-0.15889439,0.034106463,0.55646473,0.38791403,-0.07624077,0.093523175,0.5807343,-0.33961332,0.1925839,1.6102844,-0.68620104,-0.30478275,-1.4007633,0.10773125,-0.1152105,-0.081083156,0.09322971,0.5103106,0.08595285,0.07696812,0.080254406,0.6635536,-0.43699437,0.35801885,0.11526826,0.71040964,0.14062038,0.43891355,-0.6175713,-0.62817633
-0.14607131,-0.85225487,-0.16127518,0.037078828,0.5671518,0.3916196,-0.07943217,0.09275171,0.5926235,-0.34379387,0.18691148,1.6452091,-0.6948255,-0.30529317,-1.4257681,0.10796791,-0.11679199,-0.08229782,0.09599589,0.52272606,0.0779188,0.076530114,0.084083214,0.6717063,-0.4453917,0.36528608,0.11713371,0.7208078,0.14831671,0.4458249,-0.6361622,-0.63933456
-0.14634483,-0.83628273,-0.15936117,0.034689218,0.55855995,0.38864052,-0.07686644,0.09337193,0.5830652,-0.34043288,0.19147177,1.6171315,-0.68789184,-0.30488276,-1.4056654,0.107777625,-0.11552063,-0.08132131,0.09377201,0.51274467,0.084377736,0.07688235,0.08100505,0.66515195,-0.43864083,0.35944358,0.115633994,0.71244824,0.14212924,0.44026855,-0.62121606,-0.6303638
-0.14633948,-0.83659434,-0.15939848,0.03473583,0.55872756,0.38869858,-0.07691649,0.09335983,0.5832517,-0.3404985,0.19138284,1.6176792,-0.68802714,-0.3048908,-1.4060576,0.10778135,-0.11554539,-0.08134036,0.0938154,0.5129394,0.08425179,0.0768754,0.08106512,0.66527975,-0.43877238,0.35955754,0.11566326,0.71261126,0.14224997,0.44037694,-0.6215076,-0.6305388
-0.14614215,-0.84811807,-0.16077945,0.036459893,0.56492656,0.390848,-0.078767635,0.09291232,0.590148,-0.3429234,0.18809243,1.6379372,-0.69302964,-0.3051869,-1.4205616,0.10791859,-0.11646265,-0.08204492,0.09541994,0.52014095,0.0795916,0.07662125,0.08328605,0.67000866,-0.44364315,0.3637729,0.11674523,0.71864265,0.14671418,0.4443858,-0.6322912,-0.6370112
-0.14611499,-0.84970725,-0.16096988,0.036697656,0.5657814,0.39114442,-0.07902292,0.092850626,0.59109885,-0.34325778,0.18763883,1.6407306,-0.6937195,-0.3052277,-1.4225616,0.107937574,-0.11658922,-0.08214207,0.09564121,0.521134,0.078949004,0.07658632,0.083592266,0.67066085,-0.4443149,0.36435416,0.11689448,0.7194744,0.1473298,0.44493863,-0.63377815,-0.6379037
-0.14612125,-0.8493377,-0.16092563,0.036642343,0.56558263,0.3910755,-0.07896357,0.09286502,0.5908778,-0.34318006,0.1877444,1.640081,-0.6935591,-0.30521822,-1.4220967,0.10793319,-0.11655977,-0.082119465,0.09558974,0.5209031,0.07909843,0.07659446,0.08352101,0.6705092,-0.44415873,0.36421892,0.11685982,0.719281,0.14718667,0.4448101,-0.63343257,-0.63769615
-0.14615944,-0.8471104,-0.16065872,0.036309153,0.5643845,0.39066008,-0.07860579,0.092951536,0.5895449,-0.34271136,0.18838026,1.6361657,-0.69259226,-0.305161,-1.4192934,0.10790667,-0.11638248,-0.081983276,0.09527962,0.5195112,0.07999912,0.07664354,0.083091795,0.66959524,-0.44321734,0.36340424,0.1166507,0.71811527,0.14632386,0.44403526,-0.6313482,-0.63644516
-0.14617585,-0.84615207,-0.16054387,0.036165774,0.563869,0.3904813,-0.078451835,0.0929887,0.5889714,-0.3425097,0.18865384,1.634481,-0.6921762,-0.30513632,-1.4180871,0.107895255,-0.116306186,-0.081924714,0.09514618,0.5189123,0.08038667,0.07666464,0.08290711,0.66920197,-0.44281226,0.3630537,0.11656065,0.71761364,0.14595252,0.44370186,-0.6304515,-0.6359069
-0.14617921,-0.84595335,-0.16052,0.036136,0.563762,0.3904442,-0.07841987,0.09299639,0.5888524,-0.34246787,0.18871059,1.6341314,-0.69208986,-0.30513126,-1.4178369,0.10789278,-0.1162903,-0.08191256,0.09511852,0.518788,0.080467075,0.07666905,0.0828688,0.6691203,-0.44272816,0.362981,0.11654197,0.71750957,0.1458756,0.44363266,-0.6302654,-0.63579524
-0.14612108,-0.8493488,-0.16092691,0.03664401,0.56558853,0.3910775,-0.07896534,0.09286457,0.5908844,-0.34318236,0.18774106,1.6401005,-0.6935639,-0.30521852,-1.4221106,0.10793322,-0.11656055,-0.08212014,0.09559129,0.52091,0.07909393,0.07659416,0.083523214,0.67051375,-0.44416332,0.3642231,0.11686079,0.71928674,0.14719096,0.44481388,-0.63344276,-0.63770235
-0.1463189,-0.83779633,-0.15954255,0.034915656,0.55937415,0.3889228,-0.0771096,0.09331319,0.583971,-0.3407514,0.19103964,1.6197922,-0.6885489,-0.30492175,-1.4075706,0.107795715,-0.11564106,-0.08141384,0.09398277,0.51369053,0.083765656,0.07684888,0.08129679,0.66577303,-0.43928045,0.35999724,0.11577606,0.7132403,0.14271563,0.44079506,-0.6226324,-0.6312139
-0.1461631,-0.84689295,-0.16063267,0.03627661,0.5642676,0.39061946,-0.07857085,0.09295991,0.5894148,-0.3426656,0.18844236,1.6357834,-0.69249785,-0.3051554,-1.4190197,0.10790396,-0.116365135,-0.08196999,0.095249355,0.5193753,0.080087036,0.07664831,0.08304992,0.66950595,-0.44312537,0.3633248,0.11663023,0.7180015,0.14623958,0.44395962,-0.6311448,-0.6363231
-0.14632896,-0.8372096,-0.15947223,0.03482786,0.5590586,0.38881332,-0.07701536,0.09333596,0.58361995,-0.34062797,0.19120719,1.6187608,-0.68829423,-0.30490667,-1.406832,0.10778871,-0.11559427,-0.081377976,0.09390107,0.51332384,0.08400294,0.0768619,0.08118369,0.66553223,-0.4390325,0.35978267,0.11572102,0.7129333,0.14248836,0.44059095,-0.62208337,-0.63088435
-0.14637575,-0.8344737,-0.15914434,0.034418553,0.55758685,0.38830307,-0.07657585,0.09344217,0.5819826,-0.3400523,0.19198827,1.6139513,-0.6871065,-0.30483636,-1.4033886,0.10775614,-0.11537662,-0.08121071,0.093520135,0.51161414,0.08510926,0.07692216,0.080656454,0.6644095,-0.43787605,0.35878184,0.115464106,0.71150136,0.14142853,0.4396392,-0.6195233,-0.6293478
-0.14610781,-0.8501235,-0.16101976,0.036759973,0.5660053,0.391222,-0.07908983,0.0928345,0.59134805,-0.3433454,0.18751992,1.6414624,-0.6939002,-0.30523843,-1.4230857,0.10794246,-0.11662221,-0.08216749,0.09569916,0.5213942,0.07878068,0.07657711,0.08367251,0.6708317,-0.44449085,0.3645064,0.116933554,0.7196923,0.14749113,0.4450834,-0.6341677,-0.63813746
-0.14654225,-0.82475066,-0.1579792,0.032963872,0.5523566,0.38648954,-0.07501399,0.09381971,0.57616407,-0.33800632,0.19476439,1.5968591,-0.6828857,-0.3045866,-1.3911511,0.107640296,-0.114602625,-0.08061624,0.09216635,0.505538,0.0890412,0.07713653,0.07878263,0.6604196,-0.43376642,0.35522527,0.11455119,0.7064125,0.1376619,0.43625677,-0.6104249,-0.6238869
-0.1461156,-0.8496684,-0.16096522,0.036691844,0.56576055,0.39113718,-0.07901671,0.092852205,0.5910758,-0.34324962,0.18764986,1.6406626,-0.6937027,-0.30522668,-1.422513,0.10793713,-0.11658609,-0.08213968,0.09563577,0.52110976,0.07896477,0.076587185,0.083584785,0.670645,-0.44429857,0.36434004,0.11689086,0.71945405,0.14731479,0.44492516,-0.633742,-0.6378819
-0.14626743,-0.84080136,-0.15990262,0.035365224,0.56099063,0.38948327,-0.07759232,0.09319642,0.5857693,-0.34138376,0.19018166,1.6250749,-0.68985337,-0.30499893,-1.4113526,0.10783145,-0.11588019,-0.081597544,0.09440118,0.5155685,0.082550436,0.07678269,0.08187592,0.66700613,-0.44055063,0.3610964,0.116058245,0.7148132,0.14387974,0.44184044,-0.6254445,-0.6329018
-0.146131,-0.8487699,-0.16085754,0.036557406,0.56527716,0.39096957,-0.07887239,0.092887074,0.590538,-0.34306058,0.18790634,1.6390829,-0.6933126,-0.30520362,-1.4213821,0.10792637,-0.116514504,-0.08208474,0.09551071,0.5205482,0.079328,0.076606974,0.08341168,0.67027617,-0.4439187,0.36401132,0.11680645,0.71898377,0.14696679,0.44461256,-0.63290113,-0.63737726
-0.14624462,-0.8421335,-0.16006231,0.03556457,0.5617073,0.38973182,-0.0778063,0.093144804,0.5865666,-0.3416641,0.1898012,1.6274168,-0.6904318,-0.30503312,-1.4130294,0.1078473,-0.11598623,-0.08167903,0.094586685,0.516401,0.08201176,0.0767533,0.08213265,0.66755295,-0.44111377,0.36158386,0.11618334,0.7155105,0.14439589,0.44230393,-0.6266911,-0.63365
-0.14641264,-0.83231866,-0.1588861,0.03409615,0.5564276,0.38790116,-0.07622967,0.09352589,0.580693,-0.3395988,0.19260363,1.6101629,-0.68617105,-0.30478096,-1.4006761,0.10773036,-0.11520505,-0.08107894,0.093220055,0.5102674,0.08598086,0.0769697,0.08024107,0.6635251,-0.4369653,0.35799357,0.11526178,0.71037346,0.14059359,0.43888947,-0.6175066,-0.62813747
-0.14624201,-0.8422874,-0.16008076,0.03558758,0.5617901,0.38976055,-0.07783107,0.093138784,0.5866587,-0.34169647,0.1897573,1.6276875,-0.6904986,-0.30503708,-1.4132231,0.10784924,-0.115998596,-0.08168842,0.0946081,0.51649725,0.08194947,0.076749876,0.082162306,0.667616,-0.4411788,0.36164007,0.11619781,0.715591,0.14445543,0.4423575,-0.6268352,-0.6337364
-0.14635585,-0.8356402,-0.15928417,0.034593076,0.5582143,0.38852066,-0.076763235,0.09339687,0.5826807,-0.34029773,0.19165523,1.616002,-0.6876129,-0.3048663,-1.4048567,0.107769966,-0.11546937,-0.08128203,0.09368256,0.51234317,0.08463761,0.076896444,0.08088119,0.66488826,-0.4383691,0.35920855,0.115573674,0.7121119,0.14188036,0.44004503,-0.6206149,-0.630003
-0.14615966,-0.847095,-0.16065687,0.036306858,0.56437624,0.3906572,-0.078603305,0.09295207,0.58953565,-0.34270814,0.18838473,1.6361387,-0.6925856,-0.30516058,-1.4192741,0.10790646,-0.11638126,-0.081982344,0.09527747,0.51950157,0.08000535,0.0766439,0.08308883,0.66958904,-0.44321078,0.3633987,0.116649225,0.7181072,0.14631784,0.4440299,-0.63133377,-0.6364365
-0.14634116,-0.83649564,-0.1593867,0.034721047,0.55867445,0.38868016,-0.07690064,0.09336361,0.58319265,-0.3404777,0.191411,1.6175057,-0.6879843,-0.30488825,-1.4059334,0.10778025,-0.115537465,-0.08133433,0.09380163,0.5128777,0.08429167,0.07687761,0.081046075,0.6652392,-0.43873078,0.35952154,0.11565398,0.71255964,0.14221174,0.44034258,-0.62141526,-0.6304834
-0.14602727,-0.8548293,-0.1615837,0.037463993,0.56853676,0.39209977,-0.079845734,0.092651725,0.5941642,-0.34433568,0.18617626,1.6497351,-0.69594306,-0.30535927,-1.4290085,0.10799858,-0.116996884,-0.08245521,0.096354336,0.5243349,0.07687768,0.07647337,0.08457942,0.6727629,-0.44647998,0.36622778,0.11737542,0.7221552,0.14931408,0.4467205,-0.6385713,-0.64078057
-0.1462332,-0.84279966,-0.16014211,0.03566417,0.56206566,0.38985604,-0.07791332,0.09311885,0.5869652,-0.3418043,0.18961103,1.6285877,-0.6907209,-0.30505025,-1.4138678,0.10785523,-0.11603925,-0.081719756,0.09467946,0.5168173,0.081742376,0.07673855,0.08226104,0.6678263,-0.44139528,0.36182752,0.11624585,0.7158591,0.14465398,0.44253564,-0.62731445,-0.6340241
-0.14615944,-0.8471104,-0.16065872,0.036309153,0.5643845,0.39066008,-0.07860579,0.092951536,0.5895449,-0.34271136,0.18838026,1.6361657,-0.69259226,-0.305161,-1.4192934,0.10790667,-0.11638248,-0.081983276,0.09527962,0.5195112,0.07999912,0.07664354,0.083091795,0.66959524,-0.44321734,0.36340424,0.1166507,0.71811527,0.14632386,0.44403526,-0.6313482,-0.63644516
-0.1462672,-0.8408171,-0.15990451,0.03536758,0.56099904,0.38948616,-0.077594824,0.093195826,0.5857787,-0.3413871,0.19017713,1.6251024,-0.6898602,-0.30499932,-1.4113723,0.10783163,-0.11588141,-0.08159853,0.094403386,0.51557815,0.08254412,0.07678233,0.081878915,0.6670126,-0.44055718,0.3611022,0.116059735,0.71482134,0.14388591,0.44184592,-0.625459,-0.6329105
-0.1463382,-0.8366679,-0.15940732,0.034746855,0.55876726,0.38871235,-0.076928325,0.09335697,0.58329576,-0.340514,0.19136174,1.6178087,-0.6880591,-0.30489272,-1.4061502,0.107782215,-0.11555123,-0.081344865,0.09382567,0.51298535,0.08422199,0.076873824,0.081079304,0.6653099,-0.4388035,0.35958448,0.115670145,0.7126498,0.14227855,0.44040254,-0.6215765,-0.6305802
-0.14612177,-0.8493104,-0.16092232,0.03663829,0.5655679,0.39107034,-0.07895919,0.09286603,0.59086144,-0.34317434,0.18775208,1.6400331,-0.69354725,-0.3052175,-1.4220623,0.107932836,-0.11655748,-0.08211779,0.09558596,0.52088606,0.07910946,0.07659499,0.08351581,0.670498,-0.44414717,0.36420903,0.1168572,0.71926665,0.14717612,0.44480053,-0.6334069,-0.6376808
-0.1461193,-0.84945655,-0.16093986,0.036660165,0.5656465,0.39109764,-0.07898267,0.09286043,0.5909489,-0.34320506,0.18771048,1.64029,-0.6936107,-0.30522126,-1.4222463,0.107934564,-0.11656925,-0.08212674,0.0956063,0.5209774,0.07905039,0.076591834,0.08354394,0.670558,-0.44420904,0.3642625,0.116870984,0.7193432,0.14723271,0.44485143,-0.63354367,-0.63776284
-0.14600553,-0.85609794,-0.16173573,0.037653804,0.5692191,0.39233643,-0.08004952,0.09260252,0.5949233,-0.34460258,0.1858141,1.651965,-0.69649374,-0.30539188,-1.4306053,0.10801372,-0.117097855,-0.08253277,0.09653102,0.5251277,0.07636464,0.076445445,0.08482388,0.67328346,-0.44701612,0.36669186,0.11749455,0.7228192,0.14980555,0.44716182,-0.6397584,-0.64149296
-0.14619781,-0.84486866,-0.16039008,0.035973758,0.5631786,0.39024198,-0.07824565,0.09303856,0.5882034,-0.34223962,0.18902029,1.6322249,-0.6916191,-0.30510336,-1.416472,0.10787994,-0.11620405,-0.08184625,0.094967484,0.5181103,0.080905676,0.07669298,0.08265978,0.6686753,-0.44226974,0.36258426,0.11644015,0.716942,0.14545536,0.44325545,-0.62925047,-0.6351861
-0.14630221,-0.838771,-0.15965936,0.03506145,0.5598985,0.38910463,-0.077266134,0.09327531,0.5845543,-0.34095657,0.19076131,1.6215057,-0.68897206,-0.30494672,-1.4087973,0.10780731,-0.11571866,-0.081473455,0.094118476,0.51429975,0.08337155,0.07682742,0.08148463,0.666173,-0.4396925,0.3603538,0.115867615,0.71375054,0.14309323,0.44113415,-0.6235446,-0.63176143
-0.14612465,-0.84914243,-0.1609022,0.036613137,0.5654776,0.391039,-0.0789322,0.09287259,0.5907609,-0.34313893,0.18780012,1.6397377,-0.6934743,-0.30521315,-1.4218509,0.10793081,-0.11654416,-0.082107544,0.09556255,0.52078104,0.07917741,0.07659875,0.0834834,0.6704291,-0.44407618,0.3641475,0.116841465,0.71917874,0.147111,0.44474214,-0.6332497,-0.6375865
-0.14622934,-0.84302497,-0.1601691,0.035697907,0.5621868,0.38989803,-0.0779495,0.093110085,0.58709997,-0.34185165,0.18954672,1.6289836,-0.69081867,-0.30505604,-1.4141512,0.10785791,-0.11605719,-0.0817335,0.09471077,0.516958,0.08165133,0.076733634,0.08230445,0.66791856,-0.44149047,0.36190984,0.11626707,0.7159769,0.14474115,0.44261393,-0.62752515,-0.63415056
-0.14614475,-0.84796715,-0.16076137,0.036437362,0.5648453,0.39081994,-0.07874342,0.09291825,0.5900576,-0.3428916,0.1881357,1.6376718,-0.69296414,-0.305183,-1.4203718,0.10791686,-0.11645067,-0.08203567,0.09539887,0.5200466,0.07965273,0.07662471,0.083256885,0.6699469,-0.4435795,0.36371765,0.11673114,0.7185637,0.14665565,0.4443333,-0.6321499,-0.63692635
-0.1461177,-0.8495469,-0.16095069,0.036673695,0.56569517,0.3911145,-0.07899716,0.092856854,0.59100294,-0.34322408,0.18768455,1.6404487,-0.69364995,-0.30522358,-1.42236,0.10793564,-0.11657637,-0.08213225,0.09561883,0.52103376,0.079013854,0.07658984,0.083561346,0.67059505,-0.4442472,0.36429557,0.11687945,0.71939045,0.1472677,0.44488284,-0.6336282,-0.63781357
-0.14612684,-0.8490138,-0.16088681,0.036593914,0.56540835,0.3910151,-0.07891152,0.09287757,0.59068394,-0.34311184,0.18783684,1.6395117,-0.6934185,-0.30520988,-1.4216889,0.10792935,-0.116533935,-0.08209967,0.09554461,0.5207006,0.079229444,0.07660158,0.08345862,0.6703763,-0.44402182,0.36410055,0.11682938,0.71911144,0.14706111,0.44469738,-0.63312936,-0.6375141
-0.14608066,-0.85171115,-0.16121003,0.036997497,0.56685936,0.3915182,-0.07934483,0.09277281,0.5922981,-0.3436795,0.18706669,1.6442534,-0.6945894,-0.3052792,-1.4250839,0.107961476,-0.11674866,-0.082264565,0.095920175,0.5223863,0.07813868,0.076542094,0.083978444,0.6714833,-0.44516194,0.36508718,0.11708267,0.7205232,0.1481061,0.44563577,-0.6356534,-0.63902915
-0.14622484,-0.8432884,-0.16020069,0.035737365,0.56232864,0.3899472,-0.07799185,0.09309986,0.58725774,-0.34190714,0.18947147,1.6294471,-0.6909331,-0.30506283,-1.4144831,0.10786107,-0.11607823,-0.08174963,0.09474747,0.5171228,0.08154464,0.07672785,0.082355246,0.6680268,-0.44160187,0.36200628,0.11629179,0.71611494,0.14484331,0.44270572,-0.6277718,-0.63429856
-0.14624076,-0.8423605,-0.1600895,0.035598487,0.5618293,0.3897741,-0.07784275,0.09313601,0.58670235,-0.34171185,0.18973647,1.6278157,-0.69053024,-0.30503896,-1.413315,0.107850075,-0.11600435,-0.08169289,0.094618216,0.51654285,0.08191997,0.07674827,0.08217637,0.66764593,-0.4412096,0.36166677,0.116204664,0.7156292,0.14448375,0.44238287,-0.6269035,-0.6337773
-0.14613917,-0.8482927,-0.16080037,0.03648603,0.5650205,0.39088055,-0.07879571,0.09290555,0.5902524,-0.34296012,0.1880426,1.638244,-0.6931055,-0.30519137,-1.4207815,0.10792068,-0.116476595,-0.08205559,0.09544423,0.5202501,0.07952097,0.076617524,0.083319694,0.6700804,-0.443717,0.36383685,0.11676167,0.718734,0.14678183,0.44444653,-0.6324546,-0.6371092
-0.14616318,-0.8468908,-0.16063242,0.03627631,0.5642664,0.3906191,-0.07857051,0.09296003,0.5894135,-0.34266514,0.18844302,1.6357797,-0.6924969,-0.30515534,-1.4190171,0.10790411,-0.116365016,-0.08196987,0.09524904,0.519374,0.0800879,0.07664843,0.083049476,0.6695051,-0.4431246,0.36332396,0.11663006,0.71800035,0.14623874,0.4439589,-0.63114274,-0.6363219
-0.14630406,-0.83866394,-0.15964651,0.035045445,0.5598409,0.38908464,-0.077249,0.09327951,0.5844902,-0.340934,0.19079192,1.6213174,-0.68892556,-0.30494398,-1.4086626,0.10780606,-0.1157102,-0.08146687,0.094103575,0.51423275,0.08341482,0.076829776,0.08146395,0.6661291,-0.43964726,0.36031458,0.11585757,0.7136945,0.14305174,0.44109693,-0.6234443,-0.63170123
-0.14611764,-0.8495512,-0.1609512,0.03667429,0.5656975,0.3911153,-0.07899787,0.092856705,0.59100556,-0.34322497,0.1876833,1.6404566,-0.6936518,-0.30522367,-1.4223654,0.10793573,-0.11657682,-0.08213252,0.095619455,0.52103657,0.079012156,0.07658972,0.08356218,0.67059684,-0.44424897,0.36429706,0.11687985,0.7193927,0.14726934,0.44488436,-0.63363224,-0.637816
-0.14629188,-0.83937454,-0.15973166,0.03515175,0.56022316,0.38921723,-0.077363096,0.093251884,0.5849155,-0.34108353,0.19058903,1.6225667,-0.689234,-0.30496222,-1.4095567,0.10781452,-0.115766674,-0.081510335,0.09420249,0.5146768,0.08312747,0.07681416,0.08160089,0.6664207,-0.4399476,0.3605745,0.1159243,0.71406645,0.14332703,0.4413441,-0.6241092,-0.63210034
-0.14630024,-0.83888924,-0.1596735,0.03507915,0.55996203,0.38912663,-0.07728515,0.09327069,0.58462507,-0.34098136,0.19072755,1.6217133,-0.6890233,-0.30494976,-1.4089459,0.10780874,-0.11572802,-0.08148068,0.09413493,0.5143735,0.08332378,0.07682477,0.08150737,0.6662215,-0.4397424,0.360397,0.11587873,0.71381235,0.14313897,0.44117528,-0.6236551,-0.6318277
-0.14611912,-0.84946334,-0.16094065,0.036661148,0.5656501,0.39109892,-0.07898375,0.09286007,0.5909529,-0.3432065,0.1877084,1.6403018,-0.6936136,-0.30522144,-1.4222548,0.107934624,-0.1165697,-0.08212715,0.095607236,0.52098155,0.07904762,0.076591626,0.08354527,0.6705607,-0.44421178,0.36426494,0.11687158,0.7193467,0.14723533,0.44485375,-0.63355,-0.63776666
-0.1462163,-0.8437886,-0.16026065,0.03581217,0.56259763,0.39004046,-0.07807218,0.09308049,0.5875571,-0.34201238,0.18932872,1.6303263,-0.6911502,-0.30507565,-1.4151125,0.10786709,-0.116118014,-0.08178019,0.09481712,0.5174353,0.08134243,0.076716796,0.08245163,0.6682321,-0.4418133,0.36218914,0.11633876,0.7163766,0.145037,0.44287965,-0.62823987,-0.63457954
-0.14628153,-0.8399792,-0.15980412,0.03524223,0.56054837,0.3893299,-0.07746025,0.09322837,0.5852773,-0.34121072,0.19041629,1.6236295,-0.6894965,-0.30497777,-1.4103179,0.1078217,-0.115814716,-0.0815473,0.094286695,0.5150547,0.08288291,0.07680078,0.08171745,0.6666688,-0.44020313,0.36079577,0.11598107,0.7143828,0.14356124,0.44155446,-0.6246751,-0.6324399
-0.14615908,-0.84713304,-0.16066143,0.03631255,0.5643966,0.39066425,-0.078609385,0.09295067,0.5895585,-0.34271613,0.18837376,1.6362056,-0.69260204,-0.3051616,-1.4193218,0.10790688,-0.1163843,-0.0819847,0.09528276,0.5195253,0.07999,0.076643035,0.08309616,0.66960454,-0.44322687,0.36341253,0.11665276,0.7181271,0.14633262,0.44404313,-0.63136935,-0.63645786
-0.14622062,-0.843537,-0.16023046,0.03577456,0.5624622,0.3899935,-0.07803174,0.09309021,0.5874064,-0.34195942,0.18940063,1.6298839,-0.69104093,-0.3050692,-1.4147956,0.10786408,-0.11609796,-0.081764795,0.094782084,0.517278,0.08144423,0.07672228,0.08240309,0.6681287,-0.44170684,0.3620971,0.11631513,0.71624494,0.14493948,0.4427921,-0.6280043,-0.63443816
-0.14614753,-0.8478031,-0.16074173,0.036412746,0.56475705,0.3907893,-0.07871706,0.092924595,0.5899595,-0.34285712,0.18818249,1.6373833,-0.6928929,-0.30517876,-1.4201652,0.107914865,-0.116437614,-0.08202563,0.095376045,0.5199441,0.07971901,0.07662828,0.083225295,0.66987956,-0.44351012,0.36365768,0.1167157,0.7184778,0.14659214,0.44427624,-0.63199633,-0.6368342
-0.14612322,-0.84922755,-0.16091245,0.036625892,0.5655234,0.39105493,-0.07894584,0.09286931,0.59081185,-0.34315684,0.1877758,1.6398875,-0.69351125,-0.30521536,-1.421958,0.10793194,-0.11655101,-0.08211273,0.09557438,0.52083427,0.07914302,0.0765969,0.083499804,0.67046404,-0.44411212,0.3641787,0.11684945,0.71922326,0.14714393,0.44477174,-0.63332933,-0.63763416
-0.14628045,-0.84004104,-0.15981153,0.03525147,0.5605817,0.3893415,-0.077470176,0.093225956,0.58531433,-0.34122378,0.19039871,1.6237382,-0.68952334,-0.30497938,-1.4103956,0.10782239,-0.11581969,-0.08155106,0.09429531,0.5150933,0.08285794,0.07679938,0.08172938,0.66669416,-0.44022924,0.36081836,0.11598687,0.7144152,0.14358523,0.4415759,-0.624733,-0.63247466
-0.14618003,-0.8459033,-0.16051403,0.03612855,0.5637352,0.3904349,-0.0784119,0.092998356,0.58882254,-0.34245735,0.18872483,1.6340438,-0.6920682,-0.30513,-1.4177741,0.107892215,-0.11628634,-0.08190949,0.095111564,0.5187569,0.08048725,0.076670155,0.08285919,0.6690999,-0.44270706,0.3629628,0.1165373,0.7174835,0.14585623,0.44361532,-0.6302187,-0.6357672
-0.14594948,-0.85937357,-0.16212828,0.038143843,0.5709812,0.39294738,-0.08057567,0.092475295,0.5968836,-0.34529182,0.18487884,1.6577233,-0.6979158,-0.30547607,-1.4347281,0.1080527,-0.117358565,-0.082733035,0.09698711,0.52717483,0.07503998,0.076373175,0.08545521,0.6746278,-0.44840062,0.3678901,0.11780213,0.7245336,0.15107447,0.44830135,-0.64282364,-0.6433328
-0.1461796,-0.84593105,-0.16051736,0.036132663,0.56375,0.39044008,-0.07841634,0.09299722,0.5888391,-0.3424632,0.18871696,1.6340925,-0.69208026,-0.3051307,-1.417809,0.10789257,-0.11628851,-0.08191119,0.09511542,0.51877415,0.080476075,0.07666953,0.08286454,0.66911113,-0.4427188,0.3629729,0.116539925,0.71749794,0.14586702,0.44362494,-0.6302447,-0.6357828
-0.14610755,-0.8501433,-0.16102219,0.036762863,0.56601596,0.39122576,-0.07909297,0.0928337,0.59136,-0.34334958,0.18751426,1.6414974,-0.6939089,-0.3052389,-1.4231107,0.10794273,-0.11662388,-0.08216873,0.09570192,0.5214066,0.078772634,0.076576695,0.08367632,0.6708399,-0.4444993,0.36451373,0.11693545,0.71970266,0.14749879,0.44509038,-0.63418645,-0.6381486
-0.14616287,-0.8469113,-0.16063482,0.03627935,0.5642773,0.3906229,-0.078573786,0.092959225,0.5894257,-0.34266946,0.18843706,1.6358155,-0.6925058,-0.30515587,-1.4190426,0.107904285,-0.116366625,-0.08197112,0.09525187,0.5193867,0.080079705,0.07664795,0.08305338,0.66951346,-0.44313312,0.36333147,0.116631985,0.718011,0.14624664,0.44396594,-0.6311618,-0.6363333
-0.14593932,-0.85996604,-0.16219924,0.038232505,0.57129985,0.39305785,-0.08067084,0.09245232,0.5972381,-0.3454165,0.18470962,1.6587647,-0.6981729,-0.30549127,-1.4354737,0.108059734,-0.11740565,-0.08276926,0.09706956,0.527545,0.07480043,0.07636012,0.08556938,0.6748707,-0.44865102,0.3681068,0.11785774,0.7248437,0.151304,0.44850743,-0.64337796,-0.64366543
-0.14627634,-0.84028244,-0.15984046,0.03528759,0.5607115,0.3893865,-0.07750892,0.09321657,0.5854588,-0.34127453,0.19032978,1.6241626,-0.6896281,-0.30498558,-1.4106995,0.10782531,-0.115838856,-0.08156585,0.094328925,0.5152441,0.082760304,0.0767941,0.08177589,0.6667932,-0.44033128,0.3609067,0.11600952,0.71454155,0.14367872,0.4416599,-0.62495893,-0.6326102
-0.14625275,-0.84165967,-0.1600055,0.035493642,0.5614524,0.3896434,-0.07773019,0.0931631,0.5862829,-0.34156433,0.1899365,1.6265836,-0.69022596,-0.30502093,-1.4124329,0.10784176,-0.11594853,-0.08165002,0.09452069,0.5161048,0.08220342,0.076763704,0.08204129,0.6673584,-0.44091338,0.3614104,0.116138846,0.71526235,0.14421225,0.44213903,-0.6262476,-0.63338375
-0.14615032,-0.8476416,-0.16072235,0.036388606,0.5646702,0.39075908,-0.07869113,0.09293082,0.58986276,-0.34282315,0.18822856,1.6370994,-0.6928228,-0.30517465,-1.4199619,0.10791296,-0.11642474,-0.08201577,0.09535357,0.5198431,0.07978433,0.0766318,0.08319421,0.66981316,-0.44344175,0.36359856,0.11670053,0.7183932,0.14652961,0.44422,-0.6318453,-0.6367434
-0.14614885,-0.8477297,-0.16073292,0.03640181,0.5647176,0.3907756,-0.07870526,0.092927426,0.58991545,-0.34284163,0.18820347,1.6372542,-0.6928611,-0.30517688,-1.4200727,0.10791403,-0.11643174,-0.08202115,0.09536579,0.51989824,0.07974878,0.07662989,0.083211094,0.6698494,-0.44347906,0.3636308,0.11670883,0.7184394,0.14656365,0.4442507,-0.63192767,-0.63679296
-0.14600697,-0.8560144,-0.16172569,0.037641287,0.5691741,0.39232084,-0.0800361,0.09260574,0.59487325,-0.34458494,0.185838,1.6518179,-0.69645745,-0.3053897,-1.4304999,0.108012706,-0.11709121,-0.08252766,0.09651935,0.52507544,0.07639855,0.07644726,0.08480778,0.6732491,-0.44698066,0.36666122,0.117486715,0.7227754,0.14977309,0.4471327,-0.6396801,-0.641446
-0.14616662,-0.84668994,-0.1606083,0.03624624,0.5641583,0.39058167,-0.07853823,0.09296784,0.58929324,-0.34262288,0.1885003,1.6354264,-0.69240963,-0.30515018,-1.4187641,0.10790163,-0.11634901,-0.08195759,0.09522104,0.5192484,0.08016917,0.07665284,0.08301076,0.6694226,-0.4430396,0.36325046,0.1166112,0.7178952,0.1461609,0.443889,-0.6309547,-0.636209
-0.14589399,-0.8626137,-0.16251656,0.038628608,0.5727241,0.39355177,-0.08109615,0.0923495,0.59882265,-0.34597367,0.18395372,1.6634192,-0.69932234,-0.30555928,-1.438806,0.108091354,-0.117616534,-0.08293114,0.0974382,0.52919966,0.07372978,0.07630174,0.08607963,0.6759573,-0.44977015,0.36907527,0.118106335,0.7262294,0.15232965,0.4494285,-0.6458556,-0.64515257
-0.14613286,-0.8486638,-0.16084488,0.03654155,0.56522006,0.39094976,-0.0788553,0.09289119,0.5904745,-0.3430382,0.18793674,1.6388963,-0.6932666,-0.30520087,-1.4212484,0.10792515,-0.11650607,-0.082078286,0.09549588,0.52048194,0.079371065,0.07660939,0.083391145,0.6702328,-0.44387394,0.36397246,0.11679652,0.7189283,0.14692557,0.44457567,-0.63280183,-0.63731766
-0.14636144,-0.83531094,-0.15924469,0.034543782,0.5580372,0.38845924,-0.076710366,0.09340966,0.58248365,-0.34022844,0.1917492,1.6154231,-0.68746996,-0.30485785,-1.4044423,0.10776609,-0.11544317,-0.08126187,0.09363671,0.51213735,0.08477077,0.076903716,0.08081776,0.6647531,-0.43822998,0.3590881,0.115542725,0.7119395,0.14175281,0.43993044,-0.6203067,-0.629818
-0.14637865,-0.8343055,-0.15912421,0.0343934,0.55749637,0.38827166,-0.07654884,0.09344873,0.581882,-0.34001687,0.19203626,1.6136557,-0.6870335,-0.30483198,-1.4031769,0.10775408,-0.11536318,-0.081200406,0.09349674,0.51150906,0.08517733,0.07692586,0.08062403,0.6643405,-0.437805,0.3587204,0.115448326,0.7114133,0.1413633,0.43958068,-0.61936593,-0.6292533
-0.14623618,-0.8426255,-0.16012126,0.035638183,0.5619719,0.3898236,-0.07788535,0.09312564,0.58686095,-0.3417676,0.1896608,1.6282815,-0.6906453,-0.30504578,-1.4136485,0.107853234,-0.11602548,-0.08170908,0.09465514,0.51670843,0.08181283,0.076742366,0.08222744,0.66775477,-0.44132167,0.36176375,0.11622955,0.7157679,0.14458638,0.44247502,-0.6271514,-0.6339263
-0.14610755,-0.8501407,-0.16102189,0.036762565,0.5660145,0.3912253,-0.07909254,0.09283382,0.5913583,-0.34334898,0.18751504,1.6414926,-0.69390774,-0.3052388,-1.4231074,0.10794273,-0.11662367,-0.08216857,0.095701516,0.5214049,0.07877374,0.076576725,0.08367577,0.67083883,-0.44449812,0.3645127,0.11693521,0.71970123,0.14749765,0.44508946,-0.6341838,-0.6381471
-0.14615022,-0.84764755,-0.16072309,0.0363895,0.5646734,0.39076024,-0.07869204,0.092930645,0.5898663,-0.34282437,0.18822695,1.6371099,-0.6928254,-0.30517477,-1.4199694,0.10791302,-0.116425216,-0.08201614,0.09535438,0.51984686,0.07978198,0.07663177,0.083195284,0.66981566,-0.44344437,0.3636007,0.11670111,0.7183964,0.14653185,0.44422212,-0.6318509,-0.6367469
-0.14605948,-0.8529506,-0.16135857,0.037182897,0.56752604,0.39174935,-0.07954394,0.09272465,0.5930399,-0.34394032,0.1867127,1.6464323,-0.6951275,-0.30531102,-1.4266438,0.10797617,-0.11684728,-0.08234035,0.09609276,0.52316093,0.077637434,0.076514825,0.084217355,0.6719918,-0.4456858,0.3655406,0.11719902,0.7211719,0.14858627,0.4460669,-0.6368132,-0.63972527
-0.146339,-0.83662236,-0.15940185,0.03474,0.5587427,0.38870382,-0.07692099,0.093358755,0.58326846,-0.34050438,0.19137482,1.6177286,-0.6880393,-0.3048916,-1.4060929,0.10778177,-0.11554754,-0.08134207,0.09381932,0.5129569,0.08424038,0.07687484,0.08107051,0.6652912,-0.43878424,0.35956785,0.11566587,0.712626,0.14226085,0.44038668,-0.62153393,-0.63055456
-0.14613447,-0.8485664,-0.16083318,0.036526978,0.5651677,0.39093167,-0.07883967,0.09289494,0.59041625,-0.34301776,0.18796451,1.6387252,-0.6932243,-0.3051984,-1.4211259,0.107923985,-0.11649832,-0.08207231,0.095482364,0.5204211,0.079410344,0.076611474,0.083372414,0.6701927,-0.4438327,0.36393693,0.11678736,0.71887726,0.1468879,0.44454175,-0.6327107,-0.63726294
-0.14613241,-0.84868944,-0.16084793,0.036545366,0.5652339,0.39095458,-0.07885941,0.0928902,0.59048986,-0.34304363,0.18792935,1.6389414,-0.69327766,-0.30520153,-1.4212807,0.107925445,-0.1165081,-0.08207984,0.095499486,0.5204979,0.079360574,0.07660876,0.08339614,0.67024314,-0.44388467,0.36398187,0.11679891,0.7189416,0.14693555,0.44458452,-0.63282573,-0.63733196
-0.14623486,-0.8427062,-0.16013089,0.035650164,0.5620153,0.38983852,-0.07789833,0.09312251,0.58690923,-0.3417846,0.18963774,1.6284235,-0.69068027,-0.30504787,-1.41375,0.10785416,-0.116031826,-0.081714004,0.09466636,0.5167589,0.081780165,0.07674064,0.08224301,0.6677879,-0.4413557,0.3617933,0.11623712,0.7158102,0.14461768,0.4425031,-0.62722695,-0.6339716
-0.14617999,-0.84590757,-0.16051453,0.036129206,0.56373745,0.39043576,-0.078412555,0.09299818,0.5888251,-0.34245825,0.18872364,1.6340513,-0.69207007,-0.30513006,-1.4177794,0.107892305,-0.116286665,-0.08190974,0.09511213,0.51875955,0.08048552,0.076670095,0.08286001,0.6691016,-0.4427089,0.3629643,0.116537705,0.7174857,0.14585787,0.44361684,-0.6302227,-0.6357696
-0.14623336,-0.8427924,-0.16014129,0.035663098,0.5620617,0.38985467,-0.07791216,0.093119174,0.58696085,-0.34180275,0.18961312,1.628575,-0.69071776,-0.30505008,-1.4138587,0.10785526,-0.11603874,-0.08171931,0.09467839,0.51681274,0.0817453,0.0767387,0.08225964,0.6678232,-0.44139218,0.36182478,0.11624521,0.7158553,0.14465106,0.4425331,-0.6273076,-0.63402
-0.1462301,-0.84297836,-0.16016348,0.035690904,0.5621616,0.38988927,-0.07794202,0.09311193,0.58707213,-0.34184185,0.18956007,1.6289018,-0.69079846,-0.30505484,-1.4140927,0.107857406,-0.11605346,-0.08173065,0.0947043,0.5169289,0.081670135,0.07673456,0.08229545,0.6678995,-0.44147068,0.36189285,0.11626266,0.7159525,0.14472312,0.44259778,-0.6274815,-0.6341244
-0.14611697,-0.8495892,-0.16095574,0.036680013,0.56571794,0.39112237,-0.07900397,0.092855185,0.5910283,-0.343233,0.18767245,1.6405233,-0.6936683,-0.30522466,-1.4224132,0.1079362,-0.11657977,-0.08213484,0.09562476,0.52106035,0.07899672,0.07658894,0.0835695,0.6706126,-0.44426507,0.364311,0.1168834,0.7194127,0.14728409,0.44489756,-0.6336679,-0.6378374
-0.14617284,-0.84632564,-0.16056463,0.03619173,0.56396234,0.3905137,-0.0784797,0.092981994,0.58907527,-0.3425462,0.18860437,1.6347861,-0.69225156,-0.3051408,-1.4183056,0.10789731,-0.116320014,-0.08193531,0.09517032,0.5190208,0.08031657,0.07666083,0.08294055,0.66927326,-0.44288558,0.3631172,0.116577,0.7177046,0.14601982,0.44376227,-0.63061386,-0.6360044
-0.14617218,-0.8463675,-0.16056967,0.03619799,0.5639849,0.3905215,-0.07848642,0.092980325,0.58910024,-0.34255502,0.18859233,1.6348597,-0.6922697,-0.30514187,-1.4183582,0.10789776,-0.11632332,-0.08193788,0.09517616,0.5190469,0.080299586,0.07665993,0.08294861,0.6692904,-0.44290334,0.3631325,0.11658089,0.71772635,0.14603597,0.44377682,-0.63065296,-0.6360279
-0.14626376,-0.8410162,-0.15992838,0.03539738,0.56110615,0.38952333,-0.07762682,0.09318817,0.5858978,-0.34142897,0.1901203,1.6254523,-0.6899466,-0.30500442,-1.4116229,0.10783398,-0.11589724,-0.08161068,0.09443106,0.5157027,0.08246362,0.07677783,0.081917316,0.66709435,-0.4406414,0.36117503,0.11607841,0.7149256,0.14396295,0.44191515,-0.6256454,-0.63302237
-0.14612849,-0.84891725,-0.1608752,0.03657949,0.56535643,0.39099708,-0.07889602,0.09288129,0.5906262,-0.34309158,0.18786438,1.639342,-0.6933766,-0.3052074,-1.4215674,0.10792819,-0.11652619,-0.082093775,0.095531195,0.5206404,0.079268545,0.076603755,0.08343999,0.6703367,-0.443981,0.3640652,0.116820335,0.71906096,0.14702377,0.44466382,-0.63303894,-0.63745993
-0.14614025,-0.8482331,-0.16079326,0.03647712,0.5649884,0.3908695,-0.07878614,0.092907876,0.59021676,-0.34294757,0.1880597,1.6381392,-0.6930796,-0.30518985,-1.4207064,0.10792008,-0.11647192,-0.08205192,0.09543592,0.52021277,0.07954517,0.076618835,0.08330816,0.67005587,-0.44369185,0.36381492,0.11675608,0.71870285,0.1467587,0.4444258,-0.6323988,-0.6370757
-0.14604655,-0.8537055,-0.16144904,0.037295848,0.5679322,0.3918902,-0.07966519,0.092695385,0.5934916,-0.34409916,0.18649723,1.6477593,-0.6954552,-0.3053304,-1.4275941,0.10798517,-0.11690739,-0.08238652,0.09619789,0.52363265,0.07733208,0.076498106,0.084362835,0.67230165,-0.44600487,0.36581674,0.1172699,0.72156703,0.14887866,0.44632953,-0.63751966,-0.6401493
-0.14595127,-0.8592696,-0.1621158,0.038128316,0.5709253,0.39292797,-0.08055901,0.09247938,0.59682137,-0.34526998,0.18490858,1.6575407,-0.6978706,-0.3054734,-1.4345973,0.10805151,-0.11735037,-0.08272672,0.09697257,0.52710986,0.07508206,0.0763755,0.08543515,0.674585,-0.4483567,0.367852,0.11779241,0.72447926,0.15103418,0.4482652,-0.64272636,-0.6432744
-0.14627215,-0.8405255,-0.15986958,0.035323948,0.5608422,0.38943183,-0.077548005,0.09320715,0.58560425,-0.3413257,0.19026037,1.6245898,-0.6897337,-0.30499184,-1.4110055,0.10782817,-0.11585832,-0.081580706,0.094362736,0.5153961,0.082662076,0.07678871,0.08182274,0.666893,-0.44043404,0.36099556,0.11603235,0.7146688,0.1437729,0.44174448,-0.62518626,-0.6327467
-0.14608373,-0.85153055,-0.16118838,0.036970407,0.56676215,0.39148447,-0.07931582,0.092779845,0.59219,-0.34364146,0.18711819,1.643936,-0.69451106,-0.30527455,-1.4248565,0.10795927,-0.11673421,-0.08225355,0.09589505,0.5222735,0.078211695,0.07654612,0.083943665,0.67140913,-0.4450856,0.36502114,0.11706571,0.7204287,0.14803612,0.44557288,-0.6354844,-0.63892776
-0.14632079,-0.83768713,-0.15952948,0.034899324,0.5593155,0.38890246,-0.07709203,0.09331736,0.58390564,-0.34072846,0.19107081,1.6196003,-0.68850154,-0.3049189,-1.4074332,0.107794434,-0.115632415,-0.081407174,0.09396754,0.5136224,0.08380982,0.07685135,0.0812757,0.6657282,-0.43923438,0.35995737,0.115765825,0.7131832,0.14267331,0.4407571,-0.62253016,-0.63115263
-0.14626153,-0.84115124,-0.1599446,0.035417616,0.56117886,0.3895486,-0.07764851,0.09318292,0.5859787,-0.34145737,0.19008173,1.6256899,-0.6900053,-0.30500787,-1.411793,0.10783568,-0.115908235,-0.08161898,0.09444986,0.5157871,0.082408994,0.07677494,0.08194333,0.6671498,-0.44069856,0.36122438,0.11609113,0.71499634,0.14401525,0.44196218,-0.6257718,-0.63309824
-0.14625782,-0.8413631,-0.15996996,0.035449266,0.5612928,0.38958806,-0.07768256,0.09317461,0.58610547,-0.34150195,0.19002117,1.6260623,-0.6900973,-0.30501336,-1.4120597,0.107838154,-0.115924954,-0.0816319,0.09447941,0.51591957,0.08232328,0.07677026,0.08198418,0.6672367,-0.44078803,0.361302,0.11611101,0.71510714,0.14409739,0.44203588,-0.6259702,-0.6332172
-0.14627571,-0.84031856,-0.15984476,0.035293013,0.56073093,0.38939324,-0.077514745,0.09321523,0.5854804,-0.3412822,0.19031946,1.624226,-0.68964386,-0.3049865,-1.410745,0.107825756,-0.115841806,-0.08156805,0.09433398,0.5152668,0.08274564,0.07679327,0.08178286,0.6668081,-0.44034654,0.36091986,0.11601293,0.71456045,0.14369273,0.4416725,-0.62499267,-0.6326306
-0.1462714,-0.8405696,-0.15987487,0.035330534,0.560866,0.38944003,-0.07755507,0.09320548,0.58563066,-0.34133503,0.19024773,1.6246674,-0.6897528,-0.30499297,-1.4110609,0.10782868,-0.115861714,-0.0815834,0.094368905,0.5154236,0.082644194,0.076787755,0.08183123,0.666911,-0.44045264,0.36101165,0.116036505,0.7146918,0.14379004,0.44175982,-0.62522763,-0.63277155
-0.1459237,-0.8608788,-0.16230863,0.03836903,0.5717909,0.39322802,-0.0808175,0.09241682,0.59778434,-0.3456086,0.18444909,1.6603693,-0.6985692,-0.3055147,-1.4366224,0.10807061,-0.11747843,-0.08282507,0.09719667,0.5281154,0.07443133,0.076340005,0.08574529,0.6752454,-0.44903678,0.36844072,0.117943436,0.72532135,0.15165758,0.4488249,-0.6442321,-0.64417815
-0.14627829,-0.8401679,-0.15982673,0.035270482,0.56064993,0.38936514,-0.077490546,0.09322104,0.58539027,-0.34125045,0.19036244,1.6239612,-0.6895784,-0.30498266,-1.4105554,0.10782391,-0.115829706,-0.08155884,0.094312996,0.51517254,0.08280659,0.076796636,0.08175382,0.66674626,-0.44028288,0.36086473,0.11599879,0.7144816,0.14363438,0.44162005,-0.62485164,-0.63254595
-0.14622001,-0.8435688,-0.16023427,0.035779268,0.5624794,0.38999945,-0.07803685,0.093089014,0.58742553,-0.3419661,0.18939151,1.6299399,-0.6910548,-0.30507,-1.4148358,0.10786441,-0.11610052,-0.081766784,0.09478648,0.517298,0.08143133,0.07672162,0.08240922,0.66814196,-0.4417203,0.3621088,0.11631811,0.7162616,0.14495182,0.44280317,-0.6280342,-0.63445604
-0.14626059,-0.8412008,-0.1599505,0.035425037,0.56120557,0.3895578,-0.0776565,0.093180984,0.5860084,-0.34146783,0.19006754,1.625777,-0.6900268,-0.3050092,-1.4118555,0.10783625,-0.11591202,-0.08162198,0.09445682,0.51581806,0.08238891,0.07677378,0.081952885,0.66717005,-0.4407195,0.36124256,0.11609577,0.71502227,0.14403453,0.44197944,-0.62581825,-0.63312614
-0.14613397,-0.8485986,-0.16083704,0.036531836,0.565185,0.39093766,-0.07884482,0.09289369,0.5904355,-0.3430245,0.18795533,1.6387818,-0.69323826,-0.3051992,-1.4211664,0.1079244,-0.116500944,-0.08207429,0.09548682,0.52044123,0.07939735,0.07661082,0.08337861,0.67020607,-0.4438464,0.36394867,0.1167904,0.7188941,0.14690036,0.444553,-0.63274086,-0.63728106
-0.14618012,-0.8458986,-0.16051348,0.036127836,0.5637326,0.39043403,-0.07841111,0.092998505,0.5888197,-0.34245637,0.18872632,1.6340355,-0.6920662,-0.3051299,-1.4177682,0.107892185,-0.11628595,-0.08190921,0.09511089,0.5187539,0.08048919,0.076670244,0.08285825,0.6690979,-0.4427051,0.36296102,0.1165369,0.717481,0.14585435,0.44361365,-0.6302143,-0.6357646
-0.1461436,-0.8480332,-0.16076928,0.036447197,0.56488085,0.39083222,-0.078754015,0.092915684,0.5900971,-0.34290552,0.18811674,1.6377879,-0.6929928,-0.30518466,-1.4204547,0.10791767,-0.11645594,-0.08203971,0.09540807,0.52008796,0.079626024,0.076623246,0.083269626,0.66997397,-0.4436074,0.3637418,0.11673732,0.71859825,0.14668131,0.4443563,-0.6322117,-0.6369635
-0.14632371,-0.83751667,-0.159509,0.034873813,0.5592238,0.38887072,-0.07706464,0.093324006,0.58380365,-0.34069258,0.19111948,1.6193007,-0.68842745,-0.30491453,-1.4072186,0.10779235,-0.115618855,-0.08139673,0.093943805,0.5135158,0.083878756,0.07685505,0.08124283,0.66565824,-0.4391622,0.35989496,0.11574985,0.71309406,0.14260721,0.4406978,-0.6223707,-0.6310568
-0.14630587,-0.83855915,-0.15963396,0.03502977,0.55978453,0.38906515,-0.07723213,0.093283564,0.5844275,-0.3409119,0.19082184,1.6211331,-0.6888801,-0.3049413,-1.4085306,0.107804865,-0.115701824,-0.08146046,0.09408894,0.5141672,0.0834572,0.07683213,0.08144376,0.6660861,-0.4396029,0.36027625,0.11584777,0.7136396,0.1430111,0.44106048,-0.62334615,-0.63164234
-0.14605966,-0.8529372,-0.16135696,0.03718087,0.56751883,0.39174682,-0.07954178,0.09272519,0.5930319,-0.34393746,0.18671651,1.6464087,-0.6951217,-0.30531067,-1.4266272,0.10797605,-0.11684623,-0.08233953,0.09609091,0.52315253,0.0776428,0.07651506,0.08421478,0.67198646,-0.44568008,0.36553565,0.11719778,0.7211649,0.14858106,0.44606227,-0.6368007,-0.6397178
-0.14606345,-0.8527175,-0.16133061,0.03714803,0.5674007,0.39170587,-0.079506464,0.09273377,0.59290034,-0.3438912,0.18677928,1.6460223,-0.6950263,-0.30530506,-1.4263505,0.10797343,-0.11682877,-0.082326114,0.096060336,0.52301514,0.0777317,0.07651992,0.08417243,0.6718962,-0.44558722,0.36545536,0.11717713,0.72104985,0.14849597,0.4459858,-0.6365952,-0.6395943
-0.14623918,-0.842453,-0.16010058,0.035612315,0.5618791,0.38979134,-0.077857606,0.09313235,0.58675766,-0.3417313,0.1897101,1.6279781,-0.69057035,-0.3050413,-1.4134314,0.10785118,-0.11601171,-0.08169852,0.094631135,0.5166006,0.081882626,0.07674624,0.082194194,0.66768396,-0.44124866,0.36170056,0.11621335,0.71567756,0.14451957,0.44241497,-0.6269899,-0.63382924
-0.14611284,-0.8498311,-0.16098472,0.036716163,0.56584805,0.39116752,-0.0790428,0.09284583,0.59117305,-0.3432839,0.18760337,1.6409484,-0.6937733,-0.30523092,-1.4227177,0.107939035,-0.11659902,-0.082149655,0.09565845,0.5212114,0.07889894,0.07658358,0.08361617,0.67071164,-0.44436723,0.36439946,0.11690611,0.71953917,0.14737782,0.4449817,-0.63389415,-0.6379732
-0.14610769,-0.8501326,-0.16102085,0.036761314,0.5660102,0.3912237,-0.07909123,0.092834175,0.5913534,-0.3433473,0.18751736,1.6414783,-0.69390416,-0.30523863,-1.423097,0.10794261,-0.116623044,-0.08216807,0.0957004,0.5213998,0.078777045,0.07657693,0.08367425,0.6708354,-0.44449466,0.3645098,0.11693442,0.719697,0.14749461,0.44508657,-0.63417614,-0.6381425
-0.14604805,-0.8536155,-0.16143826,0.037282377,0.56788373,0.3918734,-0.07965074,0.09269887,0.59343773,-0.3440802,0.18652292,1.6476011,-0.6954161,-0.30532807,-1.4274807,0.107984126,-0.116900325,-0.08238102,0.09618534,0.5235764,0.07736853,0.07650016,0.08434546,0.6722647,-0.44596684,0.36578378,0.117261425,0.7215199,0.1488438,0.44629824,-0.6374354,-0.6400987
-0.14603545,-0.85435116,-0.16152641,0.037392408,0.5682795,0.39201054,-0.0797689,0.09267032,0.5938781,-0.34423497,0.18631281,1.6488944,-0.6957355,-0.305347,-1.4284067,0.10799286,-0.1169588,-0.08242599,0.09628779,0.52403617,0.07707104,0.07648395,0.084487274,0.67256665,-0.4462778,0.36605296,0.11733052,0.72190493,0.14912885,0.44655415,-0.6381239,-0.6405119
-0.14628689,-0.8396672,-0.1597667,0.0351955,0.5603805,0.3892717,-0.077410124,0.09324047,0.5850906,-0.34114513,0.19050537,1.6230811,-0.68936104,-0.3049698,-1.4099252,0.10781795,-0.11578992,-0.08152822,0.09424326,0.5148597,0.083009094,0.07680763,0.08165735,0.66654074,-0.44007117,0.36068162,0.11595176,0.71421957,0.14344043,0.44144592,-0.6243831,-0.63226473
-0.14615849,-0.8471676,-0.16066554,0.036317706,0.5644153,0.39067075,-0.07861497,0.09294927,0.5895791,-0.3427234,0.18836392,1.6362661,-0.69261706,-0.30516243,-1.4193653,0.107907295,-0.11638698,-0.0819868,0.09528755,0.5195469,0.07997599,0.07664232,0.08310278,0.6696187,-0.44324154,0.36342523,0.11665605,0.71814513,0.14634597,0.44405514,-0.6314017,-0.6364773
-0.14621297,-0.8439833,-0.16028395,0.035841286,0.56270236,0.39007676,-0.07810349,0.09307289,0.58767354,-0.34205335,0.1892731,1.6306684,-0.6912347,-0.3050807,-1.4153576,0.10786936,-0.1161336,-0.08179211,0.09484424,0.51755697,0.08126369,0.076712444,0.08248912,0.66831195,-0.44189554,0.3622605,0.11635703,0.7164786,0.1451124,0.4429474,-0.62842196,-0.63468885
-0.14614677,-0.8478507,-0.16074742,0.0364199,0.5647827,0.39079815,-0.078724705,0.09292272,0.5899879,-0.34286714,0.1881689,1.637467,-0.6929136,-0.30518,-1.4202249,0.10791546,-0.11644134,-0.08202855,0.095382705,0.5199738,0.079699814,0.07662721,0.083234474,0.669899,-0.44353014,0.3636751,0.11672014,0.7185027,0.14661056,0.44429275,-0.63204104,-0.63686097
-0.14608379,-0.85152745,-0.161188,0.03696999,0.56676054,0.39148387,-0.07931533,0.092779964,0.59218824,-0.3436408,0.18711908,1.6439303,-0.6945097,-0.30527446,-1.4248526,0.10795924,-0.11673406,-0.08225334,0.095894605,0.5222715,0.07821295,0.07654621,0.083943054,0.6714078,-0.44508427,0.36501995,0.117065415,0.72042704,0.14803487,0.4455718,-0.6354814,-0.63892597
-0.14624026,-0.84238565,-0.16009244,0.03560224,0.56184286,0.3897788,-0.07784679,0.09313491,0.58671737,-0.34171715,0.18972923,1.6278598,-0.6905411,-0.30503958,-1.4133466,0.10785028,-0.116006285,-0.0816944,0.09462173,0.5165585,0.081909806,0.07674761,0.08218126,0.6676562,-0.44122022,0.361676,0.11620699,0.71564233,0.14449358,0.44239154,-0.6269269,-0.6337915
-0.14622304,-0.84339345,-0.16021326,0.03575304,0.562385,0.38996676,-0.07800872,0.09309581,0.5873205,-0.34192923,0.18944152,1.6296316,-0.69097865,-0.3050655,-1.4146152,0.10786238,-0.11608657,-0.08175602,0.09476209,0.5171883,0.08150226,0.07672547,0.08237544,0.66806984,-0.44164622,0.3620446,0.11630164,0.71616983,0.14488393,0.4427422,-0.62787,-0.63435745
-0.1459875,-0.8571514,-0.16186199,0.0378114,0.56978583,0.39253283,-0.080218725,0.0925616,0.5955538,-0.34482422,0.18551333,1.6538169,-0.69695115,-0.30541897,-1.4319313,0.10802624,-0.11718178,-0.082597196,0.096677676,0.52578616,0.07593867,0.0764222,0.085026965,0.67371583,-0.44746137,0.36707726,0.11759345,0.72337055,0.15021363,0.44752827,-0.64074427,-0.64208466
-0.14615773,-0.84720933,-0.16067056,0.036323965,0.56443775,0.39067852,-0.07862168,0.09294766,0.5896041,-0.3427322,0.188352,1.6363395,-0.6926352,-0.3051635,-1.419418,0.1079078,-0.11639026,-0.08198937,0.0952934,0.51957303,0.079959124,0.076641366,0.083110884,0.6696358,-0.44325918,0.36344048,0.116659924,0.718167,0.14636213,0.44406965,-0.6314408,-0.6365007
-0.14601906,-0.85530925,-0.16164121,0.037535757,0.56879485,0.3921893,-0.07992277,0.0926331,0.5944513,-0.3444366,0.18603928,1.6505785,-0.6961514,-0.3053716,-1.4296125,0.1080043,-0.117035,-0.082484595,0.09642115,0.52463484,0.07668361,0.07646285,0.08467193,0.6729598,-0.4466827,0.3664033,0.11742051,0.7224064,0.14949995,0.44688743,-0.6390204,-0.64105
-0.14595167,-0.85924625,-0.16211301,0.03812483,0.5709127,0.39292368,-0.08055524,0.09248027,0.59680736,-0.34526503,0.18491526,1.6574994,-0.6978605,-0.30547273,-1.4345677,0.10805118,-0.11734858,-0.08272527,0.09696931,0.5270952,0.07509151,0.076376036,0.08543062,0.67457545,-0.4483468,0.36784348,0.11779019,0.724467,0.15102509,0.44825706,-0.64270455,-0.64326125
-0.14620222,-0.8446089,-0.16035894,0.035934895,0.5630388,0.39019346,-0.078203954,0.09304863,0.5880479,-0.34218496,0.1890945,1.6317681,-0.69150627,-0.30509675,-1.416145,0.10787681,-0.11618337,-0.081830345,0.094931304,0.517948,0.08101076,0.076698765,0.0826097,0.66856873,-0.44215995,0.3624892,0.11641577,0.716806,0.14535469,0.443165,-0.6290074,-0.63504016
-0.14615306,-0.84748316,-0.16070335,0.036364883,0.5645849,0.39072955,-0.07866565,0.09293702,0.58976793,-0.34278977,0.18827386,1.6368208,-0.69275403,-0.30517054,-1.4197624,0.10791105,-0.11641207,-0.08200608,0.095331505,0.51974404,0.07984844,0.076635376,0.083163664,0.6697482,-0.4433748,0.36354062,0.11668563,0.7183103,0.14646819,0.4441649,-0.6316969,-0.6366545
-0.14607765,-0.8518852,-0.16123092,0.037023515,0.56695294,0.3915507,-0.079372786,0.09276608,0.5924023,-0.34371608,0.18701698,1.6445593,-0.694665,-0.30528367,-1.425303,0.10796356,-0.11676255,-0.082275234,0.09594442,0.5224951,0.078068286,0.07653831,0.08401202,0.6715547,-0.44523555,0.36515084,0.117099,0.72061425,0.14817345,0.4456963,-0.63581634,-0.6391269
-0.14629206,-0.83936536,-0.15973057,0.03515044,0.5602183,0.38921553,-0.07736165,0.09325227,0.58491,-0.3410816,0.19059162,1.6225506,-0.6892301,-0.304962,-1.4095453,0.10781437,-0.11576593,-0.081509784,0.09420121,0.51467115,0.083131164,0.07681428,0.081599146,0.6664169,-0.43994373,0.36057118,0.11592345,0.71406156,0.14332345,0.44134095,-0.62410074,-0.6320952
-0.14596829,-0.8582746,-0.16199656,0.037979454,0.57039,0.3927424,-0.08039915,0.09251797,0.59622586,-0.3450606,0.18519266,1.6557914,-0.69743866,-0.30544782,-1.4333447,0.10803965,-0.117271066,-0.082665876,0.09683406,0.5264879,0.075484484,0.076397434,0.085243404,0.6741767,-0.44793612,0.36748806,0.11769891,0.7239584,0.15064871,0.44791904,-0.6417952,-0.6427155
-0.14613524,-0.84852254,-0.16082795,0.03652039,0.5651442,0.3909234,-0.078832634,0.09289667,0.59038997,-0.34300852,0.18797697,1.6386482,-0.6932053,-0.30519727,-1.4210708,0.10792348,-0.116494924,-0.082069635,0.095476255,0.5203937,0.07942802,0.07661249,0.08336398,0.67017484,-0.44381422,0.36392084,0.11678325,0.71885437,0.14687091,0.44452652,-0.6326697,-0.6372383
-0.1460958,-0.8508303,-0.16110449,0.03686568,0.56638557,0.39135388,-0.07920336,0.092807025,0.59177107,-0.34349412,0.1873181,1.642705,-0.6942071,-0.30525655,-1.4239753,0.107950896,-0.116678536,-0.082210734,0.09579758,0.5218358,0.07849479,0.076561555,0.083808705,0.67112184,-0.4447896,0.36476496,0.11699994,0.7200622,0.14776486,0.4453293,-0.6348291,-0.6385344
-0.14619432,-0.8450712,-0.16041434,0.036004066,0.5632875,0.39027974,-0.07827819,0.09303066,0.5883245,-0.34228224,0.18896253,1.6325806,-0.69170696,-0.3051086,-1.4167266,0.10788238,-0.11622012,-0.081858605,0.09499568,0.51823676,0.08082378,0.07668854,0.08269879,0.6687584,-0.44235545,0.3626583,0.116459206,0.7170479,0.1455338,0.44332585,-0.6294399,-0.6352998
-0.14603573,-0.85433495,-0.16152446,0.037389994,0.56827074,0.39200756,-0.07976631,0.09267092,0.59386826,-0.34423158,0.18631746,1.6488658,-0.6957284,-0.30534658,-1.4283862,0.10799262,-0.116957456,-0.082425,0.09628551,0.524026,0.0770776,0.07648425,0.084484145,0.67256,-0.44627088,0.36604705,0.11732899,0.72189647,0.1491225,0.4465485,-0.6381086,-0.6405028
-0.14615032,-0.8476392,-0.16072206,0.03638825,0.5646689,0.3907587,-0.078690745,0.09293091,0.5898613,-0.3428226,0.18822922,1.6370953,-0.69282174,-0.30517456,-1.4199588,0.10791293,-0.11642444,-0.082015626,0.09535326,0.51984155,0.07978532,0.07663186,0.08319372,0.6698122,-0.4434408,0.36359772,0.11670031,0.71839195,0.14652866,0.44421917,-0.6318431,-0.6367421
-0.14615129,-0.84758556,-0.16071561,0.0363802,0.5646401,0.39074865,-0.07868212,0.09293303,0.5898292,-0.34281135,0.1882446,1.6370009,-0.6927985,-0.30517322,-1.4198914,0.10791227,-0.11642021,-0.08201234,0.095345795,0.5198081,0.07980695,0.07663308,0.08318341,0.66979015,-0.4434181,0.3635781,0.116695255,0.71836394,0.14650792,0.44420055,-0.6317928,-0.6367121
-0.1459915,-0.856917,-0.16183387,0.03777632,0.56965977,0.39248914,-0.0801811,0.09257069,0.5954135,-0.34477496,0.18558021,1.653405,-0.69684935,-0.30541292,-1.4316362,0.108023405,-0.11716303,-0.08258286,0.09664503,0.52563965,0.07603347,0.076427355,0.084981784,0.6736195,-0.44736236,0.36699155,0.11757144,0.72324795,0.15012282,0.44744676,-0.6405249,-0.64195305
-0.14607103,-0.8522726,-0.16127732,0.03708145,0.5671614,0.39162293,-0.07943501,0.092751026,0.5926341,-0.34379762,0.1869063,1.6452404,-0.69483316,-0.30529362,-1.4257905,0.10796812,-0.116793424,-0.082298905,0.09599839,0.52273715,0.077911615,0.076529816,0.08408667,0.6717137,-0.44539928,0.36529252,0.11713536,0.7208171,0.14832357,0.4458311,-0.63617873,-0.63934445
-0.14617145,-0.8464087,-0.1605746,0.03620419,0.564007,0.3905292,-0.07849305,0.092978716,0.589125,-0.3425637,0.18858059,1.6349322,-0.69228756,-0.30514294,-1.4184102,0.107898295,-0.1163266,-0.08194039,0.09518194,0.51907265,0.08028293,0.07665904,0.08295658,0.66930735,-0.44292068,0.36314753,0.11658479,0.717748,0.146052,0.44379115,-0.63069165,-0.63605106
-0.14618394,-0.84567964,-0.16048726,0.036095053,0.56361485,0.39039323,-0.07837594,0.09300703,0.5886887,-0.3424103,0.18878873,1.6336505,-0.69197106,-0.30512422,-1.4174926,0.10788962,-0.116268575,-0.081895806,0.095080405,0.51861703,0.0805777,0.0766751,0.08281605,0.66900814,-0.44261253,0.36288092,0.11651634,0.7173664,0.14576954,0.4435375,-0.63000935,-0.6356416
-0.14622675,-0.84317696,-0.16018732,0.035720646,0.56226856,0.38992637,-0.07797394,0.09310418,0.587191,-0.34188366,0.18950336,1.629251,-0.6908847,-0.30505997,-1.4143426,0.10785979,-0.11606935,-0.08174282,0.09473193,0.51705307,0.08158979,0.076730296,0.08233373,0.667981,-0.44155473,0.36196545,0.1162813,0.7160565,0.1448,0.44266692,-0.6276674,-0.6342359
-0.14616229,-0.84693956,-0.16063821,0.036283612,0.5642926,0.39062822,-0.07857833,0.09295812,0.5894427,-0.34267542,0.18842901,1.6358653,-0.692518,-0.3051566,-1.4190784,0.10790458,-0.1163688,-0.08197287,0.09525584,0.5194044,0.08006829,0.0766473,0.08305888,0.66952515,-0.4431451,0.36334178,0.11663461,0.71802574,0.14625767,0.44397578,-0.63118833,-0.6363492
-0.14585917,-0.86464787,-0.16276033,0.03893295,0.5738183,0.39393115,-0.08142293,0.09227046,0.60003984,-0.34640163,0.18337299,1.6669952,-0.7002054,-0.30561155,-1.4413662,0.108115554,-0.11777839,-0.08305551,0.09772143,0.5304708,0.07290715,0.076256916,0.08647165,0.67679214,-0.45063,0.36981937,0.11829735,0.72729415,0.15311763,0.45013618,-0.64775914,-0.64629495
-0.14624631,-0.84203494,-0.16005047,0.03554979,0.5616542,0.38971338,-0.07779045,0.09314856,0.58650744,-0.34164333,0.18982936,1.6272433,-0.69038886,-0.3050306,-1.4129052,0.1078462,-0.11597848,-0.08167298,0.09457293,0.5163393,0.082051665,0.07675542,0.08211362,0.6675124,-0.441072,0.36154762,0.11617406,0.71545875,0.14435759,0.44226956,-0.62659866,-0.63359445
-0.14596532,-0.8584472,-0.16201726,0.038005233,0.57048285,0.3927746,-0.080426894,0.09251127,0.5963292,-0.34509695,0.18514337,1.6560949,-0.69751364,-0.30545223,-1.433562,0.1080417,-0.117284834,-0.082676396,0.0968581,0.52659583,0.07541463,0.07639362,0.08527668,0.6742475,-0.44800907,0.36755124,0.117715105,0.72404873,0.15071565,0.44797906,-0.6419568,-0.6428125
-0.1461754,-0.84617555,-0.16054669,0.03616932,0.5638816,0.39048564,-0.07845562,0.092987806,0.58898544,-0.3425147,0.1886471,1.6345223,-0.6921864,-0.30513698,-1.4181168,0.10789549,-0.11630803,-0.08192613,0.09514946,0.518927,0.08037719,0.076664135,0.08291164,0.6692116,-0.44282216,0.3630623,0.11656284,0.7176259,0.1459617,0.44371003,-0.6304735,-0.63592017
-0.14613277,-0.84867,-0.16084564,0.036542505,0.56522346,0.39095098,-0.0788563,0.09289095,0.59047824,-0.34303954,0.18793501,1.6389073,-0.69326925,-0.30520105,-1.4212563,0.107925266,-0.116506636,-0.08207866,0.09549676,0.5204859,0.07936838,0.07660921,0.08339238,0.6702353,-0.44387656,0.36397478,0.11679712,0.71893156,0.14692798,0.4445778,-0.6328077,-0.6373211
-0.14614648,-0.8478645,-0.16074905,0.036421955,0.56479007,0.3908007,-0.078726895,0.09292218,0.58999616,-0.34287006,0.18816496,1.6374912,-0.69291955,-0.30518037,-1.4202424,0.10791555,-0.11644241,-0.082029395,0.09538463,0.51998234,0.07969418,0.07662691,0.0832371,0.6699046,-0.44353598,0.3636801,0.11672145,0.71850985,0.14661592,0.44429755,-0.6320537,-0.63686866
-0.14607878,-0.85182154,-0.16122326,0.037014008,0.5669187,0.39153874,-0.07936258,0.09276858,0.5923642,-0.3437027,0.18703516,1.6444474,-0.6946373,-0.305282,-1.4252229,0.10796276,-0.11675748,-0.08227132,0.09593552,0.5224553,0.078094035,0.07653968,0.08399971,0.6715286,-0.4452086,0.36512747,0.11709303,0.720581,0.14814883,0.44567415,-0.63575655,-0.63909113
-0.14604893,-0.853565,-0.16143222,0.037274837,0.5678566,0.39186403,-0.079642646,0.09270087,0.5934075,-0.34406957,0.1865374,1.6475123,-0.6953942,-0.30532682,-1.4274172,0.10798353,-0.11689624,-0.08237791,0.09617832,0.52354485,0.077389,0.076501235,0.0843357,0.6722441,-0.44594556,0.36576524,0.11725676,0.7214935,0.14882421,0.44628066,-0.63738817,-0.6400704
-0.1461669,-0.84667385,-0.16060638,0.036243826,0.5641496,0.3905786,-0.07853565,0.092968434,0.5892836,-0.34261948,0.18850495,1.635398,-0.69240266,-0.3051498,-1.4187438,0.107901394,-0.11634767,-0.08195662,0.09521884,0.5192383,0.0801757,0.07665314,0.08300768,0.66941607,-0.44303268,0.36324456,0.11660965,0.7178867,0.14615467,0.44388336,-0.63093966,-0.63619995
-0.14616008,-0.8470702,-0.16065389,0.036303133,0.5643628,0.39065257,-0.07859933,0.09295303,0.5895208,-0.34270287,0.1883917,1.6360949,-0.69257474,-0.30515996,-1.4192429,0.10790616,-0.11637923,-0.08198083,0.09527403,0.519486,0.08001539,0.076644436,0.08308405,0.6695787,-0.4432003,0.36338958,0.116646886,0.71809417,0.14630827,0.44402122,-0.6313106,-0.63642263
-0.14617556,-0.84616756,-0.16054574,0.03616813,0.5638773,0.39048418,-0.07845434,0.0929881,0.5889807,-0.34251297,0.18864955,1.6345083,-0.6921829,-0.30513674,-1.4181067,0.107895434,-0.11630747,-0.08192563,0.095148325,0.518922,0.08038044,0.07666437,0.082910106,0.6692083,-0.44281882,0.36305937,0.11656213,0.7176218,0.14595854,0.44370726,-0.6304659,-0.6359156
-0.14629479,-0.8392037,-0.15971118,0.03512618,0.56013125,0.38918528,-0.07733568,0.0932585,0.58481324,-0.34104759,0.19063778,1.6222663,-0.68915987,-0.30495787,-1.4093418,0.107812405,-0.115752995,-0.08149989,0.09417872,0.5145701,0.08319652,0.076817825,0.08156802,0.6663506,-0.43987536,0.36051205,0.11590822,0.713977,0.1432609,0.44128466,-0.62394947,-0.6320044
-0.14628252,-0.83992183,-0.15979724,0.035233647,0.56051755,0.3893192,-0.07745104,0.093230635,0.585243,-0.34119868,0.19043274,1.6235286,-0.6894716,-0.30497628,-1.4102457,0.10782093,-0.115810275,-0.08154382,0.09427869,0.5150188,0.08290622,0.07680206,0.08170639,0.6666453,-0.44017893,0.36077467,0.11597568,0.71435285,0.14353904,0.4415345,-0.62462145,-0.63240767
-0.14599338,-0.8568083,-0.16182087,0.03776005,0.56960124,0.39246887,-0.08016362,0.092574865,0.5953484,-0.344752,0.18561132,1.6532136,-0.69680214,-0.30541015,-1.4314992,0.108022094,-0.11715433,-0.08257622,0.09662992,0.52557164,0.0760774,0.07642974,0.08496082,0.6735749,-0.44731635,0.36695167,0.11756119,0.72319096,0.15008074,0.44740894,-0.6404231,-0.64189196
-0.14615329,-0.8474699,-0.1607018,0.036362946,0.5645779,0.3907271,-0.078663506,0.0929375,0.58976,-0.34278703,0.18827762,1.6367975,-0.6927483,-0.3051702,-1.4197459,0.1079109,-0.11641106,-0.082005285,0.09532967,0.5197358,0.07985374,0.076635644,0.08316113,0.6697427,-0.44336927,0.3635358,0.11668442,0.7183034,0.14646313,0.4441603,-0.6316847,-0.63664705
-0.14604379,-0.8538654,-0.16146821,0.03731975,0.5680182,0.39192,-0.079690896,0.09268916,0.5935873,-0.34413278,0.18645157,1.6480404,-0.6955246,-0.30533457,-1.4277952,0.107987106,-0.11692011,-0.08239626,0.096220136,0.52373254,0.0772675,0.07649462,0.08439362,0.6723672,-0.4460724,0.36587527,0.117284894,0.7216507,0.14894062,0.44638515,-0.6376693,-0.6402391
-0.14623982,-0.84241605,-0.16009614,0.03560683,0.5618593,0.3897845,-0.077851705,0.09313381,0.5867357,-0.34172356,0.18972056,1.6279135,-0.6905544,-0.30504036,-1.413385,0.10785073,-0.11600882,-0.0816963,0.09462601,0.5165776,0.08189747,0.076747045,0.082187116,0.6676688,-0.44123322,0.3616871,0.116209865,0.7156583,0.14450532,0.4424022,-0.6269555,-0.6338086
-0.14608797,-0.85128415,-0.16115889,0.03693357,0.56662965,0.3914385,-0.079276256,0.09278941,0.5920426,-0.34358963,0.18718852,1.6435028,-0.69440407,-0.30526823,-1.4245465,0.10795641,-0.116714716,-0.082238466,0.09586075,0.5221195,0.078311294,0.07655151,0.083896175,0.67130804,-0.44498146,0.36493102,0.11704257,0.7202998,0.14794064,0.4454872,-0.6352539,-0.63878936
-0.14596146,-0.85867274,-0.16204427,0.038039,0.57060415,0.3928166,-0.08046312,0.092502475,0.59646416,-0.3451444,0.18507893,1.6564914,-0.69761145,-0.30545804,-1.4338459,0.10804433,-0.117302746,-0.0826902,0.09688954,0.5267368,0.07532349,0.07638861,0.085320175,0.67434,-0.44810438,0.3676338,0.11773625,0.72416675,0.150803,0.4480575,-0.64216787,-0.6429391
-0.14607567,-0.8520037,-0.1612451,0.037041277,0.5670167,0.3915727,-0.0793918,0.09276149,0.5924732,-0.34374106,0.18698312,1.6447676,-0.69471645,-0.3052867,-1.4254522,0.10796493,-0.11677191,-0.08228246,0.095960915,0.5225692,0.078020304,0.07653569,0.084034875,0.6716033,-0.44528556,0.36519423,0.1171101,0.72067636,0.14821947,0.4457375,-0.6359272,-0.6391935
-0.14626056,-0.8412063,-0.15995121,0.035425812,0.56120855,0.38955888,-0.07765735,0.093180805,0.58601165,-0.341469,0.190066,1.6257867,-0.6900292,-0.3050093,-1.4118624,0.107836336,-0.11591247,-0.08162231,0.09445755,0.5158216,0.0823867,0.07677375,0.08195394,0.66717243,-0.4407218,0.36124453,0.11609629,0.7150251,0.14403662,0.44198135,-0.6258235,-0.6331291
-0.1460307,-0.8546307,-0.16155991,0.03743428,0.5684299,0.3920628,-0.079813845,0.0926595,0.5940453,-0.34429383,0.18623306,1.6493857,-0.6958568,-0.30535418,-1.4287586,0.107996315,-0.11698115,-0.0824431,0.09632665,0.5242108,0.076958,0.07647778,0.0845411,0.67268133,-0.44639593,0.36615512,0.11735681,0.72205126,0.14923707,0.44665143,-0.6383854,-0.64066887
-0.14610906,-0.8500557,-0.16101165,0.03674981,0.5659688,0.39120945,-0.079078905,0.092837125,0.59130746,-0.3433311,0.18753941,1.6413432,-0.6938708,-0.30523664,-1.4230003,0.10794172,-0.116616845,-0.082163386,0.095689684,0.52135175,0.0788081,0.07657866,0.083659425,0.6708039,-0.44446224,0.3644816,0.11692722,0.71965677,0.14746481,0.44505987,-0.6341043,-0.63809943
-0.14626107,-0.8411733,-0.15994722,0.035420865,0.5611908,0.38955265,-0.07765206,0.09318206,0.58599186,-0.34146202,0.19007541,1.6257286,-0.6900149,-0.30500847,-1.4118208,0.10783592,-0.115909845,-0.081620306,0.09445298,0.51580083,0.082400054,0.07677446,0.081947595,0.66715884,-0.44070786,0.3612325,0.11609316,0.7150078,0.1440238,0.44196984,-0.62579244,-0.6331106
-0.14598817,-0.85711443,-0.16185756,0.037805885,0.5697659,0.392526,-0.080212794,0.09256306,0.5955317,-0.34481645,0.18552394,1.653752,-0.69693506,-0.305418,-1.4318845,0.10802585,-0.1171788,-0.08259493,0.096672505,0.52576303,0.07595366,0.076423064,0.08501978,0.6737006,-0.44744575,0.36706373,0.11759001,0.72335124,0.1501992,0.44751546,-0.64070964,-0.642064
-0.14599575,-0.8566698,-0.16180426,0.037739307,0.56952673,0.3924431,-0.08014139,0.09258035,0.5952655,-0.3447229,0.18565084,1.6529702,-0.696742,-0.30540657,-1.4313248,0.108020484,-0.11714339,-0.08256775,0.096610606,0.5254851,0.07613346,0.07643281,0.084934056,0.67351806,-0.44725782,0.366901,0.11754826,0.72311854,0.15002698,0.44736078,-0.64029354,-0.6418142
-0.14604147,-0.85400176,-0.16148452,0.037340194,0.5680915,0.39194545,-0.079712786,0.09268391,0.5936689,-0.34416145,0.18641265,1.64828,-0.6955838,-0.30533803,-1.4279668,0.107988715,-0.11693099,-0.08240464,0.09623915,0.5238178,0.07721239,0.07649167,0.084419906,0.67242324,-0.4461301,0.3659251,0.117297724,0.72172207,0.14899346,0.44643256,-0.6377968,-0.64031565
-0.14618602,-0.84555733,-0.16047263,0.036076814,0.56354904,0.3903705,-0.07835629,0.09301183,0.58861554,-0.34238458,0.18882371,1.6334355,-0.691918,-0.30512106,-1.4173386,0.10788819,-0.11625892,-0.08188833,0.09506337,0.5185406,0.0806272,0.076677814,0.082792476,0.66895795,-0.44256085,0.36283615,0.11650489,0.71730244,0.14572215,0.44349498,-0.629895,-0.6355729
-0.14621343,-0.8439555,-0.16028066,0.035837144,0.5626874,0.39007163,-0.07809896,0.093073964,0.5876569,-0.34204745,0.189281,1.6306198,-0.69122267,-0.30507994,-1.4153225,0.10786906,-0.116131246,-0.08179042,0.09484033,0.5175396,0.081275016,0.07671316,0.08248378,0.6683006,-0.44188386,0.36225024,0.116354406,0.71646404,0.1451016,0.4429377,-0.6283961,-0.63467324
