z6_0,z6_1,z6_2,z6_3,z6_4,z6_5,z6_6,z6_7,z6_8,z6_9,z6_10,z6_11,z6_12,z6_13,z6_14,z6_15,z6_16,z6_17,z6_18,z6_19,z6_20,z6_21,z6_22,z6_23,z6_24,z6_25,z6_26,z6_27,z6_28,z6_29,z6_30,z6_31
-0.034879133,0.05397866,0.008293416,0.02149428,-0.040292896,-0.10956533,0.016787577,0.0138498545,0.04453961,0.05095495,0.025036462,0.018002411,0.036865264,0.008057647,0.12784442,0.0627693,-0.0031823744,-0.032841988,-0.13529418,-0.023734665,0.11362667,0.0556683,-0.10396965,-0.0249428,0.03607951,0.0973452,-0.017495032,0.007379446,-0.013284124,-0.021743672,0.042007655,0.11840682
-0.034870498,0.053994562,0.0081191715,0.021787092,-0.040152103,-0.10927439,0.016184248,0.013608534,0.044232026,0.05061464,0.024919104,0.01796704,0.037059795,0.008086652,0.12726137,0.0627694,-0.003125206,-0.0328614,-0.13516304,-0.023884896,0.113539875,0.055577595,-0.10406086,-0.025056656,0.036216445,0.09741631,-0.017431745,0.0072485674,-0.013242641,-0.021829013,0.041796334,0.11838483
-0.03486359,0.053863667,0.008186063,0.021606155,-0.040109046,-0.109328285,0.016240243,0.01382672,0.044308394,0.05071742,0.024887819,0.01803994,0.03687122,0.008063573,0.12744813,0.06269316,-0.0030654767,-0.032906774,-0.13511254,-0.023839045,0.11349766,0.055630505,-0.10406546,-0.025098462,0.03626498,0.09742527,-0.01747462,0.007242852,-0.013202246,-0.021732528,0.041852377,0.11844775
-0.035268642,0.054106798,0.007654665,0.022888552,-0.03999026,-0.10883803,0.01573515,0.012090035,0.044016372,0.050374474,0.025772866,0.01703817,0.03748533,0.007820152,0.12595342,0.06336271,-0.003681053,-0.032906897,-0.13493113,-0.02361954,0.11411051,0.05557847,-0.10397474,-0.024458125,0.035904795,0.09732513,-0.016896937,0.007176078,-0.012589,-0.021950716,0.041102275,0.1179159
-0.0349169,0.05414448,0.008102784,0.022309802,-0.040008426,-0.10863054,0.015361395,0.0135440845,0.044261683,0.050342325,0.024643246,0.017946005,0.036849454,0.008480635,0.12667319,0.06257221,-0.0027029612,-0.032871865,-0.13420159,-0.023910318,0.113287196,0.05561728,-0.103934,-0.025830016,0.0364571,0.09754884,-0.017210867,0.007057326,-0.013154812,-0.022366505,0.04152818,0.11819536
-0.034787714,0.05420117,0.007922472,0.022449765,-0.04013361,-0.10867308,0.015747197,0.01300714,0.044001296,0.050169915,0.024867611,0.01765907,0.037601367,0.008087454,0.12625673,0.062896624,-0.003171679,-0.032864112,-0.1349487,-0.024128221,0.11353727,0.055453904,-0.104125984,-0.024880227,0.03617689,0.09742526,-0.01738069,0.0071545914,-0.013249185,-0.02220343,0.0415423,0.118169494
-0.034782443,0.05435519,0.007855296,0.022691358,-0.040197503,-0.108545505,0.015309272,0.012728887,0.043964148,0.049902562,0.02491543,0.017577684,0.037655223,0.008154915,0.12608361,0.06296173,-0.003266797,-0.033056572,-0.13505293,-0.02402329,0.11363156,0.055431385,-0.104228474,-0.02484145,0.036274254,0.09739317,-0.017321307,0.00716138,-0.013103094,-0.022163471,0.041442253,0.118182756
-0.03535878,0.053828247,0.0078110658,0.02242004,-0.039923206,-0.10919811,0.015998557,0.012577755,0.044213388,0.050897557,0.025792798,0.017316943,0.03703363,0.0077773095,0.12657788,0.06328595,-0.0036237934,-0.032822154,-0.1348939,-0.023470901,0.11401741,0.055747047,-0.10395138,-0.02475309,0.036019087,0.09734692,-0.017006459,0.0072344933,-0.012552811,-0.02163546,0.0412006,0.1180271
-0.035393894,0.05380027,0.007908434,0.022224454,-0.039959442,-0.109402016,0.016158927,0.012691636,0.04430583,0.051132612,0.025834072,0.017262312,0.036732756,0.007743974,0.12675747,0.06322974,-0.0036539328,-0.03284615,-0.13493866,-0.023308504,0.114190266,0.05582173,-0.1039706,-0.024786822,0.035834312,0.09723374,-0.016837621,0.0072532967,-0.012531277,-0.021483582,0.041258417,0.11819147
-0.034962438,0.05385475,0.008187391,0.021381887,-0.040115263,-0.109757386,0.0168861,0.013911577,0.044333898,0.050999317,0.02502327,0.018093692,0.036927577,0.008022987,0.1277979,0.06275428,-0.0031018113,-0.032661706,-0.13527423,-0.023848012,0.11357352,0.055588722,-0.10385661,-0.025024217,0.036010444,0.09742992,-0.017414488,0.0072997045,-0.013379291,-0.021777965,0.041996397,0.11841146
-0.034934312,0.054130852,0.008115962,0.022003414,-0.040219143,-0.10918953,0.016357247,0.013398036,0.044226214,0.050755978,0.024943441,0.017857753,0.03726448,0.008048765,0.1270146,0.0628882,-0.0032097497,-0.032661565,-0.13512188,-0.024002995,0.11359574,0.055598035,-0.104025885,-0.025052525,0.036073893,0.09737077,-0.01737019,0.007242987,-0.013347244,-0.021969177,0.041734215,0.11827093
-0.0348299,0.0540393,0.008131145,0.021860521,-0.040182408,-0.10913454,0.015942529,0.013573743,0.044235274,0.050450332,0.024870683,0.017925654,0.03701935,0.008112922,0.12718427,0.06273498,-0.0031225537,-0.033007737,-0.13516966,-0.023853008,0.113558315,0.05558409,-0.104142025,-0.02502732,0.0362894,0.097393915,-0.01741886,0.007224975,-0.013163324,-0.021802802,0.041776724,0.1184316
-0.035332214,0.053939637,0.007772349,0.022597052,-0.03994526,-0.10904977,0.01595167,0.012439823,0.04412269,0.050785717,0.025713537,0.017257718,0.03724111,0.00778982,0.1262977,0.063309304,-0.0036167675,-0.032756444,-0.13486814,-0.023611644,0.11400683,0.055694982,-0.10395619,-0.024728231,0.035965674,0.097343616,-0.016978249,0.0071938206,-0.012648901,-0.021790441,0.041167267,0.11797869
-0.03486585,0.053743426,0.00819616,0.02143166,-0.040058795,-0.10943441,0.016664479,0.013963005,0.04430431,0.050852433,0.024945648,0.018003456,0.036872428,0.007988957,0.12757128,0.062661484,-0.0030225948,-0.032759383,-0.13504833,-0.023898209,0.1134661,0.055609956,-0.103948444,-0.024998423,0.036125466,0.09745175,-0.017492594,0.007252549,-0.0132943,-0.021798698,0.041916788,0.11839464
-0.034695484,0.054512724,0.007821266,0.022144053,-0.040784687,-0.110507846,0.017067136,0.012873894,0.045937728,0.05212347,0.024407819,0.01914876,0.03649167,0.0069805156,0.12790975,0.06237644,-0.002754903,-0.032816768,-0.13504303,-0.025654687,0.11416252,0.056551024,-0.10413543,-0.025460802,0.036380835,0.098027416,-0.01728208,0.0070930924,-0.014638372,-0.023840878,0.043818373,0.11804996
-0.035296414,0.05358108,0.008119807,0.0214701,-0.039891563,-0.109926045,0.01702166,0.013655169,0.044473726,0.051456578,0.025448067,0.017901946,0.03668421,0.0078010987,0.12768367,0.062977456,-0.0032957555,-0.032635693,-0.13508156,-0.023582269,0.11382876,0.055768434,-0.103725746,-0.024933051,0.03587109,0.09739634,-0.017176528,0.007254448,-0.012991585,-0.02156468,0.04180073,0.11831314
-0.034843035,0.053865723,0.008158756,0.021475345,-0.040138368,-0.10952174,0.01644351,0.013853189,0.044307575,0.05069287,0.024993576,0.018053578,0.036887914,0.008084956,0.1276951,0.06269967,-0.0030877427,-0.03289355,-0.13524263,-0.023774188,0.11351575,0.055569515,-0.10399711,-0.025007546,0.03621305,0.09744389,-0.0175043,0.0073188078,-0.01324106,-0.021728702,0.041920178,0.11843239
-0.034977183,0.054564506,0.007958885,0.023170168,-0.040011525,-0.10789584,0.014834441,0.012958743,0.04406634,0.04994124,0.024493085,0.017607957,0.037216116,0.008729999,0.12562057,0.06260183,-0.0025366363,-0.032661054,-0.13353162,-0.024169318,0.11322732,0.055532917,-0.10380984,-0.026173204,0.03637869,0.09759071,-0.016890278,0.0068732984,-0.013250135,-0.023087252,0.041190334,0.11786544
-0.034742065,0.05394851,0.008067032,0.02183587,-0.040120676,-0.10910383,0.015710074,0.013585677,0.044218585,0.050298233,0.024891205,0.017996041,0.03700684,0.008162284,0.1271955,0.06270889,-0.0030846377,-0.033143476,-0.13513553,-0.023778643,0.113462634,0.05554076,-0.10418035,-0.02504605,0.036449373,0.09746007,-0.017549649,0.007272046,-0.013080254,-0.021762537,0.04174318,0.11842072
-0.034913376,0.053834587,0.008212764,0.021397114,-0.04012428,-0.109583735,0.016817935,0.013941821,0.044317774,0.050892904,0.02498497,0.017998474,0.036883153,0.0079991175,0.1277152,0.062691286,-0.0030712713,-0.032719392,-0.13519444,-0.02387423,0.11355481,0.055599045,-0.10390639,-0.02495867,0.03603069,0.097416975,-0.017417036,0.00726836,-0.013342397,-0.021792432,0.041975997,0.118419826
-0.034681007,0.054421753,0.007850653,0.022805024,-0.04022105,-0.10830623,0.014975373,0.012712678,0.0439319,0.049631707,0.024794959,0.017558936,0.037663296,0.008243835,0.12593098,0.06288087,-0.0031889868,-0.03319885,-0.1349669,-0.024042798,0.11356214,0.055399247,-0.10430788,-0.024883587,0.036397796,0.09740789,-0.017352905,0.0071345875,-0.013072707,-0.022237731,0.041410446,0.11819857
-0.034758784,0.054414958,0.007910412,0.022756789,-0.0401859,-0.108347364,0.015029401,0.012865059,0.044005636,0.049784534,0.024743233,0.017630745,0.037482593,0.008331019,0.12605211,0.062811956,-0.0030642883,-0.033099376,-0.13474868,-0.024022762,0.11350952,0.055451807,-0.10420446,-0.025156949,0.03639659,0.097435355,-0.017269336,0.007099014,-0.01310426,-0.022321858,0.04141994,0.11818249
-0.03504491,0.053966332,0.00819589,0.021750206,-0.04009076,-0.109312594,0.016936403,0.013683498,0.044236083,0.051177874,0.024909137,0.017902264,0.0371666,0.007909459,0.12706977,0.06281303,-0.003088622,-0.03233417,-0.1349218,-0.02414748,0.113553494,0.055687137,-0.1038778,-0.025083333,0.035815828,0.09739722,-0.017294802,0.007165096,-0.013504546,-0.0220211,0.041858334,0.11827353
-0.035145566,0.05410019,0.007732898,0.022766113,-0.040015485,-0.10878676,0.01557347,0.012356289,0.04403638,0.050340407,0.025526537,0.017260179,0.03743388,0.007909776,0.12606542,0.06323667,-0.003547911,-0.032949105,-0.13492015,-0.02369842,0.1139326,0.055580832,-0.104065076,-0.024665743,0.03608048,0.09735879,-0.017059179,0.0071807103,-0.012698572,-0.02193111,0.04118503,0.1180088
-0.034991134,0.053902604,0.008074207,0.021776045,-0.040100638,-0.10941985,0.01602101,0.0134659335,0.04432641,0.050612427,0.025199037,0.017868834,0.036814865,0.008045555,0.1274231,0.062848784,-0.0032597953,-0.033089537,-0.13524143,-0.023567073,0.11373131,0.05563921,-0.10405936,-0.024929669,0.036249947,0.09738608,-0.01731351,0.0072773164,-0.012910692,-0.02159248,0.041726515,0.11842003
-0.035172686,0.053791314,0.008121071,0.021763545,-0.040073417,-0.10957938,0.016735017,0.013399946,0.04449521,0.05121242,0.025447085,0.017741814,0.03683495,0.007867119,0.12745117,0.063023046,-0.00338476,-0.032742616,-0.13507564,-0.023577191,0.11382437,0.0557642,-0.1038728,-0.024871357,0.035971366,0.09734559,-0.017267335,0.0073264046,-0.01295625,-0.021642901,0.04169653,0.11822834
-0.034849435,0.054250356,0.0080091655,0.022209035,-0.04023582,-0.10899302,0.01587121,0.013165362,0.044102095,0.050264075,0.02493427,0.017746853,0.03736239,0.0081252195,0.12677708,0.06287126,-0.0032254145,-0.03293255,-0.13521348,-0.023948895,0.11365076,0.055494092,-0.10412012,-0.024899364,0.036167294,0.0973731,-0.017317262,0.007211365,-0.013216274,-0.02200176,0.041669272,0.11830665
-0.034744337,0.054055527,0.008030422,0.022075826,-0.04014352,-0.108898476,0.015557023,0.0133830495,0.044153944,0.05019754,0.024853075,0.0178902,0.037163023,0.008159282,0.12686172,0.062758304,-0.0031165876,-0.03312265,-0.1350793,-0.023867305,0.11348745,0.055529147,-0.10421915,-0.025025088,0.036426675,0.097437605,-0.017496733,0.0072266385,-0.013088865,-0.021867467,0.0416554,0.1183684
-0.034965504,0.053831525,0.008203007,0.02150821,-0.04006459,-0.10958618,0.016633825,0.01388759,0.044366702,0.050999165,0.024920398,0.018120531,0.036908016,0.00801928,0.1275655,0.06275092,-0.0030714893,-0.032740403,-0.13515268,-0.023875572,0.11355069,0.055641033,-0.1039218,-0.025105014,0.036092505,0.09742431,-0.017413244,0.007235489,-0.013309404,-0.021772213,0.041945167,0.11843498
-0.03489358,0.053825956,0.008241337,0.021278998,-0.040148556,-0.10971859,0.016551888,0.014048148,0.04439812,0.050836764,0.024976512,0.018157722,0.036690418,0.008084718,0.12800309,0.062655136,-0.0030729664,-0.032923862,-0.13533689,-0.023694526,0.11355706,0.055623665,-0.10398215,-0.025062822,0.03620834,0.09742002,-0.017468922,0.007317424,-0.013226654,-0.02159745,0.042021595,0.118541345
-0.03506839,0.05353925,0.007906476,0.021187613,-0.040212892,-0.11006014,0.017647054,0.014445661,0.044630427,0.05157399,0.024918798,0.018260615,0.03633233,0.007868173,0.12839243,0.06249046,-0.0028926027,-0.03280669,-0.13514777,-0.02375262,0.113483205,0.05560493,-0.104018025,-0.024956845,0.03594973,0.09761354,-0.017522903,0.007191508,-0.013729287,-0.022070529,0.04232815,0.11847453
-0.034937073,0.05370238,0.008312404,0.021085631,-0.040097445,-0.10985338,0.016854336,0.014262265,0.044480503,0.051061098,0.024962809,0.01821154,0.036560602,0.008022315,0.12818506,0.06260948,-0.0030215723,-0.0328544,-0.13528982,-0.023704853,0.11355364,0.055673007,-0.10390879,-0.025063358,0.036125813,0.09741922,-0.017457567,0.0072949342,-0.01326403,-0.021567862,0.042115267,0.11857644
-0.034836404,0.05381385,0.008203799,0.021298751,-0.040157843,-0.10961888,0.016248256,0.014043754,0.04440345,0.05059908,0.02496627,0.018167008,0.036576223,0.008119088,0.12797265,0.06254865,-0.002987959,-0.033144467,-0.13528594,-0.023670757,0.113559395,0.055606816,-0.10402712,-0.025024794,0.03632494,0.097416885,-0.01749444,0.007310721,-0.013081711,-0.021589587,0.042051233,0.1185491
-0.035364483,0.05374656,0.008121811,0.02169928,-0.039945196,-0.1097964,0.017268736,0.013485258,0.044378005,0.05160705,0.025359128,0.017799849,0.036977116,0.0077502555,0.12731561,0.063064076,-0.003324552,-0.032309886,-0.13500434,-0.02385492,0.113844976,0.05576462,-0.103672534,-0.024972279,0.03566604,0.097356625,-0.017076967,0.007186394,-0.013224853,-0.021799356,0.041751653,0.11820239
-0.034811825,0.054158725,0.0080435835,0.022269974,-0.040091366,-0.10868333,0.015319265,0.013409583,0.044183265,0.050141964,0.024742655,0.017886328,0.03700768,0.008387958,0.12671807,0.06264353,-0.0028791022,-0.03302999,-0.13458036,-0.023870045,0.113368675,0.055548046,-0.1040753,-0.025478266,0.036480874,0.09750795,-0.017331777,0.0071412455,-0.013104916,-0.022182772,0.041553818,0.11825541
-0.034861848,0.053832926,0.008198082,0.021352807,-0.040133234,-0.1096449,0.016462598,0.013971798,0.044361774,0.050741494,0.024982002,0.018130649,0.03676401,0.008095737,0.12788582,0.06266665,-0.0030716197,-0.032950863,-0.13530862,-0.023708662,0.113537304,0.055591878,-0.103992134,-0.025033284,0.03623074,0.09743744,-0.017491546,0.0073194588,-0.013213832,-0.021641718,0.041985653,0.11850785
-0.034874666,0.054162316,0.008062348,0.022133006,-0.040067315,-0.10896567,0.015720937,0.013487743,0.04426821,0.050241638,0.0247854,0.01792056,0.037009127,0.008378491,0.12692897,0.062649585,-0.0028600995,-0.0330111,-0.13469349,-0.023842039,0.113486186,0.055509783,-0.103901744,-0.025333308,0.036264494,0.09749605,-0.017218594,0.0071269553,-0.01317285,-0.02225548,0.041728072,0.118289426
-0.034979127,0.053853728,0.008204227,0.021598877,-0.040075988,-0.109411694,0.016964223,0.013812438,0.04427623,0.05104138,0.024927784,0.017896732,0.037066847,0.007913708,0.12730889,0.06275697,-0.0030703791,-0.03251745,-0.13500787,-0.024071831,0.113560796,0.05562564,-0.10385651,-0.024960175,0.035883807,0.09740018,-0.017338984,0.007178737,-0.013437387,-0.021968883,0.04190616,0.118320264
-0.034795627,0.05404918,0.00809288,0.021973876,-0.04016452,-0.10900325,0.015749801,0.0134858005,0.04420174,0.050343998,0.024848573,0.017905276,0.037079684,0.00812972,0.12700999,0.06274456,-0.0031183534,-0.033059534,-0.13511355,-0.02386831,0.1135273,0.0555695,-0.104185455,-0.02503635,0.03635395,0.097408414,-0.017447144,0.0072153127,-0.013126029,-0.021832334,0.041715316,0.11840621
-0.03476347,0.053924475,0.008121159,0.021742895,-0.04011273,-0.10915217,0.015700437,0.0137283765,0.044285584,0.050346322,0.024859305,0.018054519,0.036835745,0.008211745,0.12736301,0.06264196,-0.0030163792,-0.033171486,-0.13507086,-0.023718286,0.11344443,0.055576894,-0.10415377,-0.025163837,0.036484253,0.09746668,-0.017520849,0.007261564,-0.0130567625,-0.02174024,0.04178091,0.11846246
-0.034868725,0.053710435,0.008231487,0.021331387,-0.040055253,-0.109525286,0.016633,0.014066251,0.044367127,0.050877567,0.024933044,0.018080493,0.03675346,0.008007678,0.12773837,0.06263053,-0.0030076713,-0.03284342,-0.13510159,-0.023822807,0.11347734,0.055633083,-0.10395876,-0.025025576,0.03616986,0.097448125,-0.01750108,0.0072607473,-0.013249878,-0.021711053,0.04197077,0.11846371
-0.034939967,0.053847462,0.008221788,0.021502526,-0.04008843,-0.109552756,0.016452726,0.013910336,0.044390578,0.050908998,0.024894042,0.018140242,0.036826085,0.008052425,0.12761647,0.06271928,-0.0030691535,-0.032863256,-0.13519152,-0.02381203,0.11355826,0.055654258,-0.103983626,-0.025119968,0.036176115,0.09741286,-0.017421704,0.0072373394,-0.013240345,-0.021702511,0.041948766,0.11849231
-0.034777433,0.054039903,0.008074552,0.021916438,-0.040159274,-0.10909665,0.015752694,0.013503589,0.04421731,0.05029179,0.024880204,0.017945305,0.037067156,0.008156557,0.12712216,0.06274001,-0.0031172023,-0.03312471,-0.1351858,-0.023808885,0.11353881,0.055538364,-0.10416563,-0.024996843,0.036365055,0.09742263,-0.017464671,0.007243364,-0.013107294,-0.021809954,0.041756988,0.118426345
-0.035183012,0.053838234,0.008127239,0.021718124,-0.040053025,-0.10960891,0.016454749,0.013486177,0.044406753,0.051022153,0.02529861,0.01782337,0.03674391,0.007919215,0.12747784,0.062931165,-0.0033184555,-0.032875802,-0.13519655,-0.023582619,0.1138558,0.055735298,-0.10392866,-0.024924926,0.036028843,0.09733867,-0.017156491,0.0072304904,-0.012934603,-0.021573406,0.041747313,0.11839455
-0.034834966,0.053689208,0.008172186,0.021450441,-0.039991282,-0.10944818,0.01630815,0.013979407,0.0443708,0.050775968,0.024897119,0.018163973,0.036801092,0.008058032,0.12757055,0.06265755,-0.0029925094,-0.032972027,-0.13505802,-0.023786675,0.11343162,0.05561902,-0.10400711,-0.025094517,0.03630553,0.09748617,-0.01756325,0.0072585857,-0.013166498,-0.021701014,0.04191591,0.11846182
-0.034791723,0.054017425,0.008036938,0.021912582,-0.040123213,-0.10915892,0.015962511,0.0134706255,0.044191673,0.050348423,0.024923999,0.017926434,0.037175406,0.008127813,0.1270812,0.062774345,-0.0031159264,-0.033021107,-0.1351651,-0.023863273,0.11353755,0.055500146,-0.10408067,-0.024936944,0.036263872,0.097443946,-0.017460024,0.0072484724,-0.013177443,-0.021899711,0.041771546,0.11836298
-0.03481495,0.0535921,0.008255389,0.021085748,-0.040024348,-0.10969737,0.016633857,0.01427553,0.044445604,0.050830647,0.024961948,0.018194709,0.036562365,0.008041918,0.12808982,0.062547535,-0.0029573482,-0.0330131,-0.13518426,-0.023673778,0.11345261,0.05562189,-0.103952035,-0.024992444,0.03625668,0.0974794,-0.017578444,0.007310587,-0.013170537,-0.021580297,0.04207519,0.11855289
-0.034739982,0.054003753,0.008091956,0.021807667,-0.040173117,-0.109136805,0.015708063,0.013596302,0.044236243,0.050234716,0.02489497,0.017972356,0.036960986,0.008178051,0.12729503,0.06268969,-0.0031018746,-0.033207398,-0.13522843,-0.02373568,0.113520145,0.055537015,-0.10419285,-0.02499009,0.036430616,0.09743026,-0.017506644,0.007274041,-0.013063468,-0.021732794,0.04178536,0.118469276
-0.034494564,0.054786168,0.008492416,0.022317125,-0.040434353,-0.10978514,0.01579655,0.012476262,0.04576906,0.05143582,0.024273172,0.019001167,0.03697349,0.0072366544,0.12699349,0.06253898,-0.0027554021,-0.03263206,-0.13460813,-0.025870806,0.11413063,0.056748442,-0.1038077,-0.025949493,0.03660806,0.09783909,-0.017047085,0.0070935115,-0.014070163,-0.02356335,0.04339045,0.11801621
-0.035561252,0.053739507,0.0076704957,0.02263783,-0.039827406,-0.10920021,0.0158234,0.012143528,0.044209883,0.050902493,0.02622344,0.017006828,0.036920182,0.0076545714,0.12639788,0.063479155,-0.0038513173,-0.03293733,-0.13484639,-0.023188129,0.114270926,0.055810377,-0.103924505,-0.024547242,0.03596764,0.097310565,-0.016795158,0.0072359033,-0.012156218,-0.021471884,0.040955883,0.11792363
-0.034942247,0.054243367,0.007782396,0.02280191,-0.040094275,-0.108584434,0.015312668,0.012498874,0.04400093,0.050038144,0.025182445,0.017412178,0.0375733,0.008045394,0.12596104,0.06309597,-0.0033959527,-0.033075195,-0.13496627,-0.023866922,0.113784626,0.055498242,-0.10417185,-0.024734482,0.036204256,0.09737532,-0.017187364,0.0071481336,-0.012869451,-0.022070467,0.041302845,0.11810514
-0.034921095,0.05415176,0.00807864,0.022005145,-0.040211387,-0.1091858,0.016248612,0.013375135,0.04414479,0.05061575,0.024933957,0.017844757,0.037277184,0.008069802,0.12699938,0.0628631,-0.0031973892,-0.032701083,-0.13517056,-0.024004307,0.11359982,0.055553515,-0.10404043,-0.025031216,0.036092512,0.09738253,-0.017339174,0.007224813,-0.013338331,-0.021966418,0.041724667,0.11829798
-0.03480584,0.053868927,0.008104518,0.021696035,-0.040065877,-0.1092505,0.016335776,0.013699729,0.0442507,0.050523914,0.024924487,0.017921463,0.037060693,0.008045016,0.12724797,0.062703535,-0.0030482882,-0.03294297,-0.13508502,-0.02389716,0.11352129,0.055529617,-0.10399217,-0.02486359,0.036150724,0.097448684,-0.01745722,0.007224747,-0.013224145,-0.021906594,0.041868612,0.118376635
-0.035170134,0.054061215,0.007818395,0.022554865,-0.040040895,-0.10897051,0.015626293,0.012543971,0.044158503,0.050374843,0.02554379,0.017319145,0.037181098,0.007916691,0.12642857,0.063170634,-0.0035434128,-0.033106245,-0.13505611,-0.023543281,0.11401858,0.055626523,-0.10406535,-0.024619337,0.03608637,0.097321354,-0.017011108,0.007186994,-0.012607278,-0.021768898,0.04130869,0.11814745
-0.03485875,0.053839795,0.008204123,0.02148328,-0.040105812,-0.10948576,0.016222905,0.013920864,0.044378236,0.05070176,0.0248995,0.018135706,0.03676489,0.008100528,0.12767471,0.06266795,-0.0030559697,-0.03302977,-0.13522488,-0.023729306,0.11352888,0.055626567,-0.104055025,-0.025085457,0.03629955,0.09742793,-0.017482646,0.007267534,-0.013152324,-0.021643938,0.041936763,0.11852646
-0.034730762,0.054018427,0.0080622025,0.021765877,-0.04018508,-0.109207496,0.015968572,0.013569048,0.04419663,0.05020082,0.024965744,0.017892478,0.037053756,0.008153724,0.12733886,0.06269745,-0.0031117224,-0.033136327,-0.13527356,-0.023768457,0.11355254,0.05547436,-0.104108594,-0.024839323,0.03629691,0.09743493,-0.017480277,0.0072920173,-0.013135258,-0.02182407,0.041829284,0.11842109
-0.034856424,0.053618487,0.008244637,0.021345,-0.039976023,-0.10945451,0.016424604,0.014130112,0.044424348,0.050901577,0.0248572,0.018173022,0.036675412,0.008013866,0.12765545,0.06260653,-0.0029560034,-0.03294778,-0.13499933,-0.02379945,0.113424584,0.05567696,-0.10400286,-0.025116123,0.036283854,0.09746943,-0.017549947,0.0072280476,-0.013167195,-0.021659156,0.041954868,0.11850173
-0.035097256,0.053012162,0.0074930675,0.021598745,-0.03965088,-0.1102484,0.017017815,0.012015279,0.044147234,0.052065004,0.027235113,0.016156679,0.035888407,0.007449384,0.12630561,0.06328648,-0.0040383064,-0.03263169,-0.134278,-0.022118576,0.11486067,0.055707417,-0.10391759,-0.024587668,0.034571886,0.096940964,-0.016377265,0.007943695,-0.012267809,-0.021126235,0.040650055,0.11819167
-0.034995176,0.0541132,0.007859044,0.022468533,-0.040076107,-0.10891025,0.015571922,0.012753531,0.044140507,0.050192565,0.025283039,0.017492335,0.037281014,0.008019403,0.12646778,0.063039005,-0.0033912067,-0.033165414,-0.13509558,-0.023680722,0.113863595,0.055543095,-0.10410129,-0.024669841,0.03616393,0.09736155,-0.017156623,0.0071842056,-0.012787983,-0.02188495,0.04145128,0.11821803
-0.034769334,0.053974878,0.007997815,0.021925742,-0.040086836,-0.109125465,0.016021635,0.013445444,0.044150528,0.05033815,0.024949586,0.017900364,0.03724825,0.00811076,0.12700424,0.06278218,-0.0031014592,-0.032966416,-0.13509893,-0.023905613,0.11349168,0.055470735,-0.10405259,-0.024910793,0.036248907,0.097474664,-0.017499343,0.007257806,-0.013204912,-0.021959463,0.041743655,0.118302025
-0.034820907,0.053825844,0.008219872,0.021369275,-0.04013785,-0.10954493,0.016202876,0.014002243,0.044391237,0.050624803,0.024927933,0.018148428,0.036666565,0.008126247,0.12787563,0.06261951,-0.0030510803,-0.03311242,-0.13530053,-0.02364957,0.113526896,0.055614926,-0.104076795,-0.025054522,0.03634768,0.097429655,-0.017512824,0.007305119,-0.013116144,-0.02157028,0.04197473,0.118571095
-0.034819063,0.05387465,0.008201603,0.021581497,-0.040133417,-0.10929748,0.016050242,0.013859797,0.04433547,0.050575085,0.024867304,0.018051868,0.036778588,0.008102818,0.12752649,0.06264608,-0.0030564745,-0.033073574,-0.13516884,-0.023756113,0.11351091,0.05562982,-0.104127005,-0.025072366,0.036351513,0.09741588,-0.017486934,0.0072485367,-0.013117569,-0.021661002,0.041872717,0.11851602
-0.035198934,0.053752687,0.0075168572,0.021253854,-0.040591385,-0.110196285,0.016691951,0.01425763,0.04456893,0.050926182,0.025179455,0.018472418,0.03555179,0.007984186,0.12862438,0.06187062,-0.002342394,-0.033330344,-0.13487396,-0.023995008,0.11370054,0.0555567,-0.10395668,-0.025148481,0.036265165,0.09749277,-0.017438803,0.007248519,-0.013206035,-0.022265203,0.0426824,0.11814456
-0.035330147,0.053909082,0.007670529,0.022781126,-0.03991612,-0.108890876,0.015258152,0.012144852,0.044157278,0.0503869,0.025943728,0.017081276,0.03703215,0.007818548,0.12621379,0.06335077,-0.0037445226,-0.03324487,-0.13491802,-0.023247836,0.11416603,0.055713855,-0.1041034,-0.024546385,0.03618582,0.097321086,-0.016912635,0.0072143897,-0.012173407,-0.021555293,0.04100087,0.11802804
-0.03490542,0.054237645,0.007859042,0.02260485,-0.040140845,-0.108706735,0.015404772,0.012720231,0.04404813,0.050075255,0.025106402,0.017526586,0.037456494,0.00808184,0.12625104,0.06301302,-0.003343508,-0.03309255,-0.13505688,-0.023850232,0.11374724,0.055505946,-0.10418112,-0.024791121,0.036235154,0.097372204,-0.017233832,0.007171681,-0.012932651,-0.022005878,0.04141586,0.11819319
-0.0346784,0.054156903,0.007937327,0.022280749,-0.040159572,-0.1087507,0.015282098,0.013156839,0.04408105,0.049903944,0.024863794,0.01781664,0.037330497,0.008214248,0.12662432,0.062794045,-0.0031447955,-0.03325261,-0.13511506,-0.023860704,0.11350714,0.055447854,-0.104261264,-0.024924167,0.036470275,0.09744827,-0.017498855,0.007230536,-0.013039498,-0.02195145,0.041595057,0.11833166
-0.03515484,0.053725827,0.008182656,0.021430414,-0.04002986,-0.10982333,0.016772535,0.013783932,0.044439364,0.05122376,0.025250014,0.01799873,0.036673203,0.007923122,0.1278035,0.062861174,-0.0032313638,-0.03273733,-0.13520372,-0.023624811,0.11373482,0.055732436,-0.10386054,-0.025034457,0.036024533,0.0973864,-0.017273359,0.0072782356,-0.013082501,-0.021551184,0.041864604,0.1184146
-0.03481532,0.054111287,0.00803926,0.022060186,-0.040165238,-0.10904627,0.015819676,0.013356876,0.04416654,0.050327178,0.02488593,0.017884888,0.03722681,0.008136367,0.12691727,0.06280887,-0.003151598,-0.0330044,-0.13515703,-0.023901222,0.113563806,0.055522323,-0.104132816,-0.024987675,0.03627671,0.097413205,-0.0174145,0.007221465,-0.0131756775,-0.02191684,0.041710712,0.11835654
-0.03516694,0.053652924,0.008181468,0.021451695,-0.03996513,-0.10979451,0.016514864,0.013768282,0.04453114,0.051133197,0.025277756,0.017999705,0.036520697,0.007922387,0.1277894,0.062849835,-0.0032355976,-0.032995164,-0.13519502,-0.023471529,0.11380775,0.055770148,-0.10389984,-0.024966355,0.03610453,0.09737506,-0.017234506,0.007246026,-0.012869518,-0.021440214,0.041862857,0.1184903
-0.034782656,0.05420644,0.007880934,0.022406276,-0.0401612,-0.10879025,0.015452646,0.012939027,0.04404089,0.049987264,0.02501563,0.017670633,0.03743917,0.00815249,0.12649594,0.06290977,-0.0032479507,-0.033123806,-0.13512215,-0.02386726,0.11362034,0.0554443,-0.10418669,-0.024829894,0.03631612,0.097421885,-0.017379565,0.0072265454,-0.013035204,-0.022008084,0.04152471,0.11823906
-0.035201672,0.054661784,0.00802522,0.023392579,-0.039843455,-0.1077569,0.01451385,0.0131603815,0.04422968,0.050175454,0.024273422,0.017825617,0.036815867,0.009156441,0.12555464,0.062424965,-0.002078148,-0.03240407,-0.13260928,-0.02412998,0.11298664,0.055639587,-0.10348141,-0.027226776,0.036498543,0.09774177,-0.01660205,0.0067250617,-0.013302337,-0.023570128,0.041057162,0.117697075
-0.034818176,0.05414877,0.008063491,0.02202031,-0.04021702,-0.10907981,0.015804742,0.013381135,0.044170424,0.050315358,0.024896607,0.017882835,0.037168987,0.0081525035,0.12703238,0.06279565,-0.0031718616,-0.033017877,-0.13522342,-0.02386428,0.11358307,0.055532902,-0.10415918,-0.02500362,0.036294915,0.097394384,-0.01740411,0.0072399676,-0.013169508,-0.021863477,0.041720763,0.11838739
-0.03484045,0.054062907,0.008066541,0.021932378,-0.04017455,-0.1091657,0.015871385,0.01345256,0.044196546,0.050428208,0.024935214,0.01793599,0.037102297,0.008136012,0.12713347,0.062797755,-0.0031640516,-0.032984998,-0.13519375,-0.023829967,0.113554165,0.05555547,-0.10413533,-0.02505523,0.036315847,0.09741605,-0.017438326,0.00726011,-0.013153829,-0.02180972,0.041721266,0.118381545
-0.03482549,0.053988863,0.0081272945,0.021685045,-0.040173553,-0.109351024,0.01610884,0.013676859,0.04426793,0.050485387,0.024938293,0.018000096,0.036962286,0.008129125,0.12745982,0.06272106,-0.003116297,-0.0330212,-0.13527228,-0.023774918,0.11356343,0.0555536,-0.10407985,-0.024991475,0.036269587,0.097417116,-0.017450215,0.007278992,-0.01317646,-0.021753473,0.041860495,0.118455246
-0.034920238,0.053736407,0.008211786,0.021312516,-0.040091336,-0.109567806,0.016191954,0.014143722,0.04446306,0.050739374,0.024904914,0.018251643,0.036393017,0.0081152115,0.12786943,0.062434476,-0.002803395,-0.0330998,-0.13496488,-0.023783457,0.11352034,0.055679336,-0.10394117,-0.025235303,0.03634242,0.09742178,-0.017444354,0.0072367974,-0.013028966,-0.021693168,0.04208257,0.11847611
-0.035054177,0.053815167,0.008210897,0.021541918,-0.040022414,-0.10958496,0.01727027,0.013851123,0.044320755,0.051254183,0.024944112,0.017951397,0.037114903,0.007871022,0.12734611,0.06280208,-0.003064901,-0.032391466,-0.13500921,-0.024116503,0.11359721,0.055630483,-0.103737906,-0.02494955,0.03574104,0.09740402,-0.017291464,0.007161078,-0.013519151,-0.022023106,0.041975327,0.11830127
-0.03513807,0.05433357,0.008077756,0.022392923,-0.040058866,-0.108715795,0.015106149,0.013632249,0.044355273,0.050348632,0.024622865,0.018111076,0.036377363,0.008777112,0.12684244,0.062293433,-0.0022844565,-0.032788407,-0.13364585,-0.023956109,0.11328118,0.05566414,-0.1036333,-0.02648807,0.036496475,0.09756851,-0.01691977,0.0069899578,-0.013083627,-0.022729494,0.04161206,0.1180094
-0.034452774,0.052835643,0.0073366556,0.021272639,-0.03969711,-0.11036118,0.016912732,0.011758154,0.04392897,0.052151054,0.027526278,0.015596829,0.035458695,0.0075405235,0.12571321,0.06302658,-0.0040612877,-0.03271362,-0.13389888,-0.021556832,0.11508046,0.05550881,-0.104230955,-0.024733596,0.033935994,0.09668939,-0.016257338,0.008406276,-0.0124240145,-0.021062575,0.040358283,0.11844395
-0.034910113,0.053639393,0.008261295,0.021168485,-0.040011495,-0.109711096,0.017115012,0.0141888745,0.044417057,0.051028736,0.024971627,0.018059794,0.036758695,0.007935198,0.12788051,0.06261575,-0.0029759933,-0.032745585,-0.13511756,-0.02386449,0.11353638,0.05561365,-0.10380438,-0.024864674,0.035950758,0.09744355,-0.017436123,0.0072392933,-0.0133406,-0.021790275,0.042106286,0.118459575
-0.034884147,0.053769007,0.008205816,0.021426108,-0.040061783,-0.10952778,0.016479254,0.013972754,0.044368125,0.050848998,0.02492135,0.018122412,0.036801364,0.008044729,0.12766662,0.06267542,-0.0030351435,-0.032881536,-0.13514365,-0.023802418,0.11349772,0.05562949,-0.10398144,-0.025077138,0.03620967,0.09744558,-0.017490009,0.007261792,-0.013228316,-0.021703046,0.04194586,0.118470386
-0.034885835,0.05369915,0.008250287,0.02122255,-0.040047847,-0.10969018,0.016797267,0.014138201,0.04442788,0.050901003,0.024953552,0.018118098,0.036712088,0.008007424,0.12790895,0.06261869,-0.0029998706,-0.032894142,-0.13520005,-0.02377208,0.11354324,0.0556162,-0.10389159,-0.02493383,0.03608962,0.09743884,-0.017458774,0.007261713,-0.013254378,-0.021700555,0.042079322,0.11851432
-0.03471514,0.052651018,0.007160928,0.021448342,-0.03952887,-0.110488504,0.01712944,0.011290595,0.043922868,0.052407295,0.02807747,0.015232662,0.035418767,0.007332815,0.12548488,0.06328726,-0.0043106196,-0.03261547,-0.13375066,-0.021316377,0.11535047,0.05556883,-0.10407435,-0.024488468,0.033699896,0.096666686,-0.016021494,0.008429372,-0.012106763,-0.020979766,0.040098578,0.118237436
-0.035325058,0.054050058,0.00762178,0.021298902,-0.040618297,-0.10996266,0.015519444,0.0140227135,0.044387773,0.050089452,0.02537606,0.018513152,0.03508172,0.008291982,0.12831625,0.061335064,-0.0016699065,-0.033424184,-0.13405776,-0.024411198,0.11385587,0.055599637,-0.103395484,-0.025706723,0.036429383,0.09726227,-0.017060872,0.007244164,-0.012449317,-0.022464577,0.042766526,0.11770807
-0.035072662,0.053860612,0.007885087,0.021095276,-0.040444456,-0.10996258,0.01585296,0.014069552,0.044380292,0.050248757,0.025297869,0.018406132,0.03568688,0.008100441,0.12832057,0.06182507,-0.002279066,-0.03342267,-0.13480575,-0.024114745,0.11380938,0.055602968,-0.10369483,-0.025180243,0.036398515,0.09726324,-0.017338414,0.0073352465,-0.0125907585,-0.021869013,0.04257023,0.118111625
-0.034919605,0.054186143,0.007958449,0.022303255,-0.040155753,-0.108974695,0.0159324,0.013043292,0.044094615,0.050373156,0.02502228,0.017683914,0.037418842,0.008061915,0.12659754,0.062949,-0.0032613152,-0.032858066,-0.13510442,-0.023960365,0.113678426,0.05551261,-0.10406679,-0.02487564,0.036106344,0.097384155,-0.017276797,0.007190408,-0.013173062,-0.022037094,0.0415924,0.118225925
-0.034840934,0.05385954,0.008149214,0.021547073,-0.040107634,-0.10943964,0.016285643,0.013822863,0.044301555,0.050657425,0.024945846,0.018068314,0.03689431,0.008091196,0.12756696,0.06269947,-0.0030723778,-0.03294023,-0.13519417,-0.023787018,0.11350265,0.055580407,-0.10403035,-0.025045365,0.03626132,0.0974481,-0.017501472,0.007286653,-0.013204435,-0.021729166,0.0418877,0.118443646
-0.03477837,0.05385441,0.008106831,0.021460755,-0.040134624,-0.10947462,0.015942309,0.013895189,0.0443431,0.05035439,0.024973232,0.018150955,0.03665645,0.008202988,0.12777767,0.06253762,-0.0029403889,-0.033243135,-0.13518658,-0.023664653,0.11350833,0.055541284,-0.1040373,-0.025056645,0.03642549,0.09746263,-0.017526504,0.0073196786,-0.013020147,-0.021693295,0.041978683,0.11847682
-0.034952566,0.054143578,0.007825609,0.022574313,-0.04003162,-0.1087071,0.0150964,0.012810223,0.044122808,0.050007056,0.02520696,0.0175785,0.037111796,0.008272933,0.12644823,0.06291278,-0.003182855,-0.033189118,-0.1347038,-0.023604754,0.11364302,0.0555303,-0.10407732,-0.025136374,0.036427047,0.097476065,-0.01718796,0.0071937777,-0.012740774,-0.02204068,0.041312076,0.11812749
-0.034920596,0.05372923,0.008278828,0.021216534,-0.040071037,-0.10977664,0.01650219,0.0141675975,0.044492982,0.050962824,0.024914922,0.018285953,0.03658283,0.00807971,0.12804142,0.0626385,-0.0030261283,-0.03298933,-0.13528687,-0.023659099,0.113540605,0.055677123,-0.10397722,-0.025147762,0.036258284,0.09743092,-0.017485272,0.007286842,-0.013175789,-0.02153124,0.042063612,0.11860099
-0.03553242,0.054015063,0.007309351,0.021471936,-0.04070355,-0.11006613,0.015854534,0.014192937,0.04453134,0.050475746,0.025304785,0.018642666,0.03466693,0.008353747,0.12846152,0.061100885,-0.0013335203,-0.03331749,-0.13355653,-0.024487093,0.113742664,0.055591494,-0.10333698,-0.026076734,0.03638152,0.09743415,-0.01697877,0.007124641,-0.012743594,-0.023038946,0.04290213,0.1175085
-0.035337023,0.054034892,0.007645294,0.022968102,-0.039934196,-0.108781315,0.015404284,0.011992127,0.044097424,0.050347734,0.025871914,0.016986908,0.037288517,0.007796442,0.12590308,0.063397065,-0.0037447237,-0.033128854,-0.13489398,-0.02342635,0.11420981,0.05566152,-0.10404434,-0.024443328,0.036011532,0.09729803,-0.016827822,0.0071508847,-0.012312373,-0.021775972,0.04101245,0.11796506
-0.03489276,0.054008856,0.008082626,0.022010552,-0.04006973,-0.10908645,0.016291264,0.013449909,0.04421319,0.050599016,0.024854295,0.017842101,0.037280746,0.008012836,0.12680158,0.062815286,-0.0030984846,-0.032812633,-0.13500687,-0.024052365,0.113590896,0.055552684,-0.10398407,-0.024898242,0.03603681,0.09740452,-0.017331779,0.0071360385,-0.01328866,-0.022058273,0.041785024,0.11831118
-0.034843814,0.054241624,0.007944256,0.02229461,-0.040203385,-0.1089428,0.015896682,0.013052614,0.044041764,0.050239436,0.024983132,0.017694622,0.03748859,0.008109465,0.12662318,0.06291602,-0.0032391776,-0.032864276,-0.13515314,-0.023995345,0.113626644,0.055457048,-0.10409035,-0.0248672,0.03613949,0.09739998,-0.01733481,0.0072199004,-0.013238123,-0.022081884,0.041609563,0.11822141
-0.035507776,0.054030497,0.0073834285,0.021473253,-0.040656637,-0.11009422,0.015978504,0.014184579,0.044557225,0.050539058,0.025262162,0.018618435,0.034834504,0.008357514,0.1284579,0.061243262,-0.0014747144,-0.033288386,-0.13372242,-0.024392229,0.11375557,0.055585857,-0.10335815,-0.025999885,0.03632009,0.09743942,-0.016969502,0.0071232235,-0.012820117,-0.022967596,0.042860072,0.11761265
-0.03478605,0.05385205,0.008132087,0.021485064,-0.040111836,-0.10950416,0.016090553,0.013854615,0.04433413,0.050497342,0.024960551,0.018139485,0.03681652,0.00815749,0.12772238,0.06266704,-0.003064618,-0.03313653,-0.1352995,-0.023658572,0.113506794,0.055549745,-0.104067914,-0.02501947,0.03637032,0.097464666,-0.017547803,0.0073255543,-0.013112383,-0.021642612,0.041927494,0.11851018
-0.035007104,0.053943004,0.008178705,0.02180515,-0.040083043,-0.10932124,0.016560543,0.013659252,0.044280365,0.051016144,0.024862697,0.017981367,0.037109055,0.00797695,0.12710997,0.06282598,-0.0031098672,-0.032588374,-0.13501333,-0.024049057,0.113561064,0.05566057,-0.103952,-0.025138892,0.036024585,0.097392246,-0.01733856,0.007163875,-0.013371248,-0.021921093,0.041813564,0.11833894
-0.034893114,0.05406497,0.008045763,0.0219844,-0.04015037,-0.10918656,0.016023152,0.013372473,0.044190522,0.050497048,0.024986414,0.017870303,0.037171394,0.008090009,0.12704033,0.06284748,-0.0031921943,-0.032910146,-0.13516924,-0.023863062,0.11360863,0.055552285,-0.10407189,-0.024985634,0.036203127,0.09740581,-0.017372556,0.007238427,-0.0131720025,-0.021871774,0.041712396,0.11833553
-0.034819916,0.053739708,0.008205406,0.021328649,-0.040067725,-0.10956272,0.016392052,0.0140435025,0.044393174,0.0506913,0.024938432,0.01813884,0.036712367,0.008080583,0.12782744,0.06261561,-0.003012354,-0.033049595,-0.1352164,-0.023703646,0.113500886,0.055598292,-0.10400313,-0.024993848,0.036271654,0.09745622,-0.017526153,0.007289203,-0.0131556,-0.021643594,0.04199945,0.118527815
-0.03523112,0.053160954,0.0076889303,0.021594115,-0.03970071,-0.110158905,0.017026924,0.01247379,0.044274256,0.05197507,0.026739962,0.016660986,0.036087457,0.007517683,0.12669837,0.06323367,-0.0038489443,-0.03261375,-0.1344927,-0.022538057,0.11459087,0.0557734,-0.10384784,-0.024702549,0.034953434,0.097065605,-0.016570192,0.0077126017,-0.012428239,-0.021218993,0.04096426,0.11821668
-0.034959264,0.05379394,0.008134158,0.021110615,-0.040258255,-0.109945945,0.016544241,0.014196726,0.044477362,0.050784364,0.02505861,0.018284714,0.036286328,0.008084517,0.1283555,0.062398814,-0.0028557186,-0.03311643,-0.13528803,-0.023715138,0.11364078,0.055618964,-0.10392401,-0.025061786,0.03623989,0.09740017,-0.017441241,0.007326454,-0.013113268,-0.021650063,0.042266656,0.118497685
-0.03492903,0.05386102,0.008208213,0.02151328,-0.04010398,-0.10954395,0.016395336,0.01388772,0.04436847,0.050882164,0.02490862,0.018143008,0.03683279,0.008068729,0.12762693,0.062725164,-0.0030811843,-0.03285943,-0.13520302,-0.023800442,0.113539964,0.055647872,-0.104004845,-0.02514945,0.03621441,0.097419694,-0.017445192,0.0072581684,-0.013236716,-0.021686606,0.041921966,0.11848152
-0.035054907,0.054035522,0.007946221,0.021290049,-0.040486332,-0.10984762,0.015818972,0.013882287,0.04434321,0.050218828,0.025240611,0.018278256,0.035954215,0.008136852,0.12815815,0.062026776,-0.0025025238,-0.033366993,-0.13501881,-0.024030795,0.11385607,0.055593997,-0.103795715,-0.02512896,0.03634711,0.09723745,-0.017273542,0.0073258663,-0.012691844,-0.021828588,0.04242985,0.11820414
-0.03530904,0.054247294,0.007939246,0.022759218,-0.040007923,-0.10875352,0.015419111,0.012721088,0.044267107,0.050500393,0.025249397,0.017430065,0.036928326,0.008218936,0.12630752,0.062999114,-0.0031988607,-0.032903563,-0.1344305,-0.023623664,0.11387138,0.05571594,-0.10387722,-0.025350146,0.03611671,0.097373374,-0.016752398,0.0070274854,-0.012732247,-0.022170778,0.041260544,0.11807873
-0.034985594,0.053978734,0.008002099,0.021532536,-0.040298745,-0.10946498,0.01563566,0.013869481,0.044333808,0.05028289,0.025043251,0.018227892,0.036161613,0.008236725,0.12774721,0.062160384,-0.0025279992,-0.033240378,-0.1347108,-0.023977712,0.11361723,0.05561769,-0.10385809,-0.025390197,0.036454123,0.097359195,-0.01732408,0.0072533693,-0.012805266,-0.021945849,0.04214854,0.118209936
-0.034787364,0.053850435,0.0080923885,0.021678656,-0.04007292,-0.10930854,0.015726555,0.013706634,0.044322405,0.050412066,0.024945587,0.01811087,0.036827702,0.008166304,0.12745313,0.06270333,-0.003085461,-0.03323854,-0.1351977,-0.02363399,0.11349693,0.05558111,-0.10415452,-0.025079686,0.03649093,0.09746719,-0.017552374,0.0072950544,-0.012985736,-0.021616992,0.041804373,0.11849302
-0.03497205,0.05403565,0.008095803,0.021805227,-0.040160224,-0.10917987,0.015573923,0.013806606,0.044350706,0.050409626,0.024846375,0.018155824,0.0364213,0.008357229,0.12740068,0.062366042,-0.00263303,-0.03306688,-0.13454297,-0.023883529,0.1134697,0.05564443,-0.10389614,-0.025634233,0.03646016,0.09744533,-0.017272158,0.00717259,-0.012980409,-0.022062058,0.041888297,0.11826508
-0.035419606,0.054282732,0.007826539,0.021798024,-0.040409915,-0.10941164,0.015172407,0.013913257,0.044397634,0.05015943,0.02506924,0.018398028,0.035259694,0.008644553,0.12768456,0.061458126,-0.0015438576,-0.03304571,-0.13334203,-0.024406891,0.1136389,0.055683993,-0.103205055,-0.026465133,0.036430098,0.09735093,-0.016751904,0.0070617646,-0.012587909,-0.022872647,0.042365007,0.117621765
-0.035989515,0.05497184,0.0077510774,0.023346057,-0.040096857,-0.10803709,0.0137654655,0.013646666,0.044436827,0.05011051,0.024442159,0.018375337,0.03469334,0.009817206,0.12613389,0.060941026,-0.00018910645,-0.032173123,-0.13024546,-0.02482766,0.11300335,0.05583661,-0.10232286,-0.029217195,0.03662104,0.097706445,-0.015740247,0.00649393,-0.01275344,-0.024908597,0.041659974,0.116702974
-0.034965515,0.05384235,0.0080919415,0.021678343,-0.04008297,-0.10946144,0.015955336,0.013583781,0.044364955,0.050611023,0.025169492,0.017958468,0.036709435,0.008065926,0.12754276,0.062791206,-0.0032064584,-0.033161636,-0.13523118,-0.0235335,0.113690585,0.055651426,-0.10407375,-0.024981529,0.03632772,0.09740175,-0.017367642,0.007288933,-0.012875216,-0.02153545,0.041769635,0.11845808
-0.034952708,0.05397356,0.007902548,0.022108372,-0.04007271,-0.109179,0.015745332,0.013053039,0.04419446,0.05028007,0.025338521,0.017645165,0.03706595,0.008047117,0.12698346,0.0629506,-0.0033424725,-0.033183243,-0.13518699,-0.023557503,0.11378164,0.05554167,-0.10407588,-0.024728764,0.03624713,0.09740683,-0.017282564,0.007279859,-0.012795396,-0.021727107,0.041556668,0.11828064
-0.034732006,0.05379497,0.008068638,0.021581711,-0.040019453,-0.109366745,0.016141772,0.013775095,0.044303995,0.050360695,0.024949025,0.018048098,0.03696989,0.008118382,0.12744564,0.06266192,-0.0030130134,-0.033182446,-0.13517837,-0.023738887,0.11349794,0.05548306,-0.1040062,-0.024829388,0.03628528,0.09749551,-0.017546218,0.0072757844,-0.013111316,-0.021810826,0.04193201,0.11844589
-0.034729607,0.053795915,0.008082099,0.0216192,-0.040023815,-0.10931104,0.015814349,0.013790723,0.044325616,0.050359637,0.02490012,0.018146306,0.036866922,0.008177706,0.12745343,0.06265431,-0.0030075782,-0.03325638,-0.1351475,-0.023675026,0.11344153,0.05553429,-0.104103506,-0.02503036,0.036469296,0.09750486,-0.017598387,0.0072878776,-0.013033198,-0.021701664,0.04186549,0.118484184
-0.03567881,0.05478766,0.008054344,0.023317955,-0.039862163,-0.10790041,0.014321959,0.013657829,0.044461586,0.050481446,0.024206676,0.018170357,0.035624757,0.009614125,0.12598029,0.061711095,-0.0010763616,-0.032071583,-0.13117911,-0.024366556,0.11286672,0.055833697,-0.10281019,-0.028622996,0.036539998,0.09779102,-0.016069796,0.0065447725,-0.013174644,-0.02430318,0.041279364,0.11726751
-0.03480575,0.05403783,0.008063376,0.022001015,-0.040066097,-0.10902117,0.015535209,0.013558475,0.044273823,0.05025737,0.024805844,0.018034145,0.036947157,0.008318324,0.1270641,0.06266688,-0.002941769,-0.033144258,-0.13487028,-0.023763184,0.11343975,0.05554263,-0.104064524,-0.02529985,0.0364533,0.097497635,-0.017407414,0.007198383,-0.013074864,-0.02197672,0.04171688,0.11837521
-0.03433612,0.05273779,0.00701032,0.020946037,-0.039880402,-0.1107359,0.016717311,0.011572855,0.043807182,0.051929563,0.028057804,0.015386896,0.034653127,0.007535332,0.12574646,0.062471777,-0.0036699423,-0.03296373,-0.13345097,-0.021478396,0.11542958,0.05538916,-0.10409733,-0.02474818,0.03361469,0.096470065,-0.016050406,0.008673752,-0.0120863505,-0.021180468,0.040545017,0.11824166
-0.034912437,0.05426696,0.008028129,0.022362836,-0.040009335,-0.10871042,0.015343508,0.013474394,0.04424937,0.05011788,0.024701852,0.017936133,0.036870666,0.00866466,0.12677167,0.0625346,-0.0026060087,-0.032901753,-0.13413355,-0.023824066,0.113289684,0.055503193,-0.103771195,-0.025891028,0.036413826,0.097610004,-0.017113676,0.007081464,-0.013181448,-0.022588464,0.04155591,0.11812276
-0.035517856,0.054536834,0.007828955,0.02233419,-0.040294826,-0.10897826,0.014784243,0.013730973,0.04439326,0.05010325,0.024852518,0.018331386,0.03535219,0.009005424,0.12715861,0.061489567,-0.001343925,-0.032808207,-0.13267067,-0.024407454,0.11345519,0.055685133,-0.103033625,-0.027139477,0.036465004,0.09747558,-0.016485969,0.0069140587,-0.0127211865,-0.023399483,0.042068783,0.11745596
-0.03473586,0.053807333,0.00809939,0.021607792,-0.04004562,-0.1093013,0.015880737,0.013798779,0.04431859,0.050378192,0.024902036,0.018109592,0.036864586,0.008155427,0.12746191,0.06265009,-0.0030188975,-0.033225536,-0.135158,-0.023695754,0.113456994,0.055542156,-0.10410576,-0.02500178,0.036434922,0.097488225,-0.017580893,0.0072822813,-0.013051722,-0.021702439,0.041870672,0.11848558
-0.03500188,0.0539607,0.007934503,0.021619089,-0.040228233,-0.10943757,0.015445089,0.013832528,0.044347227,0.05022612,0.02502933,0.018312834,0.036133975,0.008312794,0.1276311,0.06211944,-0.0024084602,-0.033283956,-0.13452153,-0.023992881,0.11356868,0.055598505,-0.103787415,-0.025534436,0.036519654,0.097407684,-0.017319767,0.0072350185,-0.012750626,-0.022062285,0.042138793,0.118136376
-0.034885157,0.054054283,0.007949088,0.022151783,-0.040111188,-0.10906646,0.015635159,0.013123134,0.044193268,0.05020162,0.025143392,0.017720787,0.03712747,0.008097801,0.12688889,0.06289228,-0.0032715895,-0.033212207,-0.13518779,-0.02366548,0.11372504,0.055530246,-0.10412843,-0.024794191,0.036285315,0.09739843,-0.01731379,0.007239189,-0.01288924,-0.02179767,0.04161112,0.11833462
-0.035306945,0.054101776,0.0077911187,0.021571232,-0.040417068,-0.10961066,0.015245603,0.013926396,0.044387706,0.05014444,0.025170408,0.018467417,0.03536156,0.00842633,0.12783584,0.06153949,-0.0017456734,-0.033262912,-0.13382001,-0.024362197,0.11371666,0.055661142,-0.10338407,-0.02601365,0.036480345,0.09730643,-0.016991895,0.0071584787,-0.01249069,-0.022502482,0.04247293,0.117754616
-0.034902528,0.0540695,0.0081295855,0.021866398,-0.04002446,-0.10911678,0.015736885,0.013845401,0.044359423,0.05034756,0.024787735,0.01808281,0.03661081,0.008568381,0.12742224,0.06247351,-0.002643485,-0.03294635,-0.13441288,-0.023686418,0.113314115,0.05554683,-0.1037721,-0.025764644,0.03640587,0.09759289,-0.017226107,0.0071723573,-0.013171159,-0.022278469,0.04175103,0.1182752
-0.03553515,0.054520745,0.0075814184,0.02181748,-0.04076212,-0.10996996,0.015056701,0.013567174,0.044785682,0.050281636,0.025180422,0.01885144,0.034712315,0.008293185,0.12791258,0.06098394,-0.0010867869,-0.033202,-0.13314997,-0.025227923,0.11406412,0.055945985,-0.1029993,-0.026574858,0.036478497,0.0973362,-0.016583607,0.0070492,-0.012566969,-0.023481214,0.043219227,0.11725763
-0.035211265,0.053746577,0.007832887,0.022149857,-0.039923333,-0.10932011,0.01576417,0.012830673,0.044278886,0.050608322,0.025753567,0.017469384,0.036807433,0.007883768,0.12699115,0.063130096,-0.0035333973,-0.03317653,-0.13505758,-0.023273379,0.11396915,0.055690765,-0.10401419,-0.02468884,0.0362131,0.097386666,-0.017127244,0.007292535,-0.012431905,-0.021474464,0.041344773,0.118191056
-0.03501649,0.054111265,0.008096894,0.022414897,-0.03983413,-0.10859545,0.015246315,0.013650278,0.04436383,0.050468165,0.024534307,0.01810162,0.036706164,0.008680801,0.12657045,0.06249542,-0.0024373871,-0.03277312,-0.13369194,-0.023900006,0.11314666,0.055641707,-0.10371302,-0.026306309,0.036495805,0.097661845,-0.017096959,0.006972052,-0.01317383,-0.02265762,0.041489284,0.118090555
-0.03516284,0.056054246,0.0065898187,0.023462757,-0.042231,-0.11142117,0.015431818,0.010915769,0.046995148,0.051810004,0.024624962,0.020376569,0.034682322,0.0063751745,0.12767717,0.060578045,-0.00079622725,-0.03318606,-0.13331173,-0.028660465,0.11537346,0.05731658,-0.103418685,-0.02681224,0.036832362,0.09815953,-0.016352683,0.0069041373,-0.014708037,-0.027031638,0.046235822,0.11625595
-0.034908697,0.05367992,0.008237394,0.021065053,-0.040106468,-0.109863944,0.016518638,0.0142652,0.04450423,0.050820485,0.024991855,0.018301575,0.03637929,0.00807141,0.12822923,0.062462486,-0.0028793463,-0.03311266,-0.13523194,-0.023688188,0.11357925,0.05564795,-0.10390255,-0.025057599,0.036256902,0.097416244,-0.017481431,0.007303876,-0.013072373,-0.021565085,0.04220736,0.11855661
-0.035190605,0.054025218,0.007710561,0.022725299,-0.039912995,-0.108796716,0.015177209,0.012457304,0.044154353,0.050172284,0.025634952,0.01729793,0.03700167,0.0081369225,0.12633263,0.06310376,-0.0033726827,-0.03317571,-0.13459292,-0.0233689,0.11387932,0.05560234,-0.10395842,-0.024969392,0.036284126,0.097451,-0.01696234,0.007191591,-0.012431217,-0.021947682,0.04111379,0.117989875
-0.035597324,0.054348174,0.0075820982,0.021707145,-0.040567,-0.10965557,0.014840689,0.013914598,0.044390693,0.04986483,0.025294723,0.018594,0.034641884,0.008732274,0.12791087,0.060941994,-0.0009777886,-0.03322506,-0.13288686,-0.024685737,0.11377856,0.05565054,-0.10288437,-0.026695922,0.036486678,0.09728724,-0.016598143,0.007072499,-0.012254076,-0.023184901,0.04270992,0.11727303
-0.035596132,0.054328583,0.007658396,0.02168031,-0.040587876,-0.10966126,0.014958097,0.0139201265,0.044407796,0.05001726,0.025255218,0.01856573,0.03473005,0.0086127985,0.12788759,0.0610492,-0.0011430285,-0.03320364,-0.13310203,-0.024684347,0.11383263,0.055706177,-0.10300455,-0.026558429,0.036445264,0.09723154,-0.01662806,0.0070629995,-0.012291886,-0.023007032,0.042697668,0.11738509
-0.03475129,0.054013178,0.007864526,0.022170477,-0.04005143,-0.10899346,0.015576236,0.01311454,0.044123717,0.049996387,0.025095657,0.017767482,0.037304286,0.008145492,0.12676519,0.062859595,-0.003190488,-0.03325807,-0.13513747,-0.02373381,0.113600984,0.055417284,-0.10410723,-0.024732322,0.03633577,0.097477965,-0.01744988,0.0072648907,-0.012950832,-0.021933047,0.04162607,0.11827674
-0.035670254,0.05441247,0.0075755715,0.02205661,-0.040482182,-0.109301515,0.014444159,0.013805103,0.044385437,0.049917217,0.025131147,0.018605893,0.034641337,0.008849359,0.12743229,0.06093454,-0.00083882874,-0.03310784,-0.13240992,-0.024790678,0.11364988,0.055722613,-0.102869764,-0.027134344,0.036597464,0.09733214,-0.016511533,0.0069596227,-0.0122492425,-0.023409523,0.042513408,0.11715777
-0.03484354,0.05389514,0.0081138965,0.021747326,-0.04005225,-0.10928392,0.016231988,0.0136753,0.044298824,0.05056952,0.024883823,0.017993292,0.03705085,0.0080649,0.1272115,0.06273332,-0.0030568247,-0.032990914,-0.13511251,-0.023874028,0.113555804,0.05555561,-0.10400147,-0.02492451,0.03617125,0.097436205,-0.017425839,0.007202046,-0.013195772,-0.021878546,0.041880094,0.118416205
-0.035586372,0.054218434,0.008291358,0.022494588,-0.03951976,-0.108586006,0.015555978,0.014373045,0.044746615,0.051142618,0.024209892,0.018398587,0.035657138,0.009412866,0.12680584,0.06189555,-0.0012707417,-0.0320031,-0.1316217,-0.024024433,0.11278005,0.055839185,-0.1026799,-0.028204784,0.036289334,0.09791816,-0.016301783,0.0066149095,-0.0134165045,-0.02391908,0.041532733,0.11762575
-0.035131227,0.05408759,0.00800962,0.022326138,-0.03989145,-0.10891249,0.015405517,0.013390774,0.044365343,0.05044499,0.024984412,0.017881813,0.03661475,0.008556919,0.12688938,0.0626571,-0.0027293232,-0.032901857,-0.13406429,-0.02358824,0.11343997,0.055635255,-0.10370251,-0.025913507,0.036383115,0.09759136,-0.016984215,0.007086523,-0.012920819,-0.022369359,0.041451015,0.11809793
-0.034923688,0.053972185,0.007943468,0.022104636,-0.040057227,-0.10913028,0.015740158,0.0131550655,0.04421182,0.050333846,0.025188163,0.017743375,0.037099626,0.008062497,0.12691483,0.06291287,-0.0032704403,-0.033148468,-0.13513122,-0.023658603,0.113710284,0.055552736,-0.104086846,-0.024823964,0.036266867,0.0974162,-0.017324302,0.0072438708,-0.012883041,-0.021779306,0.04159955,0.11830679
-0.034992646,0.053748734,0.008242248,0.021417493,-0.040006887,-0.109631,0.016960379,0.013996294,0.04441285,0.05112194,0.024905937,0.01808303,0.03689793,0.007941458,0.12756988,0.0627215,-0.0030231518,-0.032676283,-0.13508324,-0.0239417,0.11358006,0.055649884,-0.10382233,-0.024986647,0.035933472,0.09741662,-0.017360318,0.007183753,-0.0133617725,-0.021848496,0.042031232,0.11843279
-0.0351786,0.05396651,0.007992629,0.021475866,-0.04029212,-0.10965751,0.015681762,0.013984526,0.04445386,0.050485447,0.025038572,0.018405262,0.03584148,0.008239083,0.1278244,0.06197933,-0.0022676443,-0.033215024,-0.13444284,-0.024124596,0.11371255,0.05569773,-0.10365365,-0.025614735,0.03637828,0.09731103,-0.017160296,0.0071745105,-0.012717165,-0.022081569,0.04234315,0.11812046
-0.034868225,0.05398114,0.008090623,0.021879857,-0.040078264,-0.10922617,0.01621576,0.013542945,0.04426052,0.050553583,0.024880454,0.017939562,0.037163682,0.008063333,0.12705283,0.062784,-0.0030931444,-0.03293567,-0.1351174,-0.023928536,0.11359076,0.05554456,-0.1039997,-0.02491586,0.036121372,0.09741802,-0.017376091,0.0071840836,-0.013230078,-0.02194606,0.04184124,0.11837965
-0.03517084,0.054051638,0.007985264,0.02234586,-0.03997345,-0.10903087,0.015685268,0.013077894,0.044326067,0.05054607,0.025193201,0.01765622,0.036877796,0.008168845,0.1267279,0.06291034,-0.003149873,-0.03300676,-0.13466606,-0.02360778,0.1137827,0.055669315,-0.103890695,-0.025193505,0.036160246,0.09741222,-0.016983086,0.007103922,-0.012806071,-0.022007043,0.04148455,0.118209034
-0.035470575,0.054334812,0.007856905,0.023205847,-0.039736323,-0.1083114,0.014773089,0.012767956,0.044315036,0.05041731,0.025102116,0.01752338,0.036557313,0.008822262,0.12596872,0.062754996,-0.0025722333,-0.032627087,-0.13303985,-0.02355668,0.113443345,0.055725854,-0.10344766,-0.026608199,0.036365755,0.09766385,-0.016473643,0.0068888683,-0.012721609,-0.022958085,0.04091837,0.1176808
-0.03529659,0.05376058,0.007239448,0.021478817,-0.04047633,-0.11017901,0.015421037,0.012696352,0.04413206,0.050506696,0.026672926,0.01725085,0.03456286,0.007975776,0.12712155,0.06156112,-0.0021854327,-0.033374123,-0.13348538,-0.02355813,0.11475783,0.055616446,-0.10343187,-0.025428705,0.035408255,0.09680647,-0.01634213,0.0076814694,-0.011798186,-0.02212938,0.041994803,0.11756564
-0.03597424,0.054555602,0.0074925795,0.022246532,-0.040550184,-0.10938249,0.01449554,0.013516294,0.044405445,0.049979087,0.025442924,0.018365573,0.03436479,0.00884868,0.12740567,0.060907528,-0.000795173,-0.03301074,-0.13214904,-0.024751283,0.113926426,0.055788837,-0.10263837,-0.027205639,0.036389247,0.097243,-0.016113741,0.006907381,-0.0120354295,-0.023574263,0.042466268,0.116950646
-0.035650868,0.05404991,0.0076361764,0.022031773,-0.040297844,-0.10957062,0.01523428,0.013138691,0.04437394,0.050361685,0.025788382,0.017897442,0.035451874,0.008155268,0.12737404,0.062022254,-0.0022807927,-0.033245236,-0.13388409,-0.02399005,0.11415403,0.05578845,-0.103385575,-0.025615249,0.03625016,0.097207375,-0.016634189,0.0071400627,-0.012043381,-0.022250062,0.042027958,0.117619485
-0.035967954,0.054286834,0.0075096786,0.022808233,-0.04008175,-0.10900071,0.014623037,0.012779852,0.044376276,0.05032129,0.025767323,0.017711855,0.035243556,0.00861703,0.1266195,0.06194208,-0.0018391279,-0.032902442,-0.13254222,-0.0239918,0.11397965,0.055843472,-0.10296103,-0.026652701,0.0362826,0.09737891,-0.01612024,0.0069218148,-0.011954833,-0.02308178,0.041578658,0.11715172
-0.035623282,0.05465344,0.007908229,0.022956345,-0.039883666,-0.10833221,0.014469307,0.013772726,0.044474363,0.050257344,0.024445804,0.018316405,0.035442416,0.009592522,0.1264719,0.061535604,-0.00094391825,-0.03231878,-0.13137257,-0.0243129,0.11294785,0.05570388,-0.102666095,-0.028332971,0.036536522,0.0978092,-0.01617886,0.006673089,-0.013026258,-0.024249645,0.04157006,0.11722063
-0.03558874,0.05440068,0.0077614784,0.022131851,-0.04032181,-0.10924015,0.014894279,0.013754895,0.04442903,0.05016503,0.025049489,0.018384002,0.035146717,0.008841466,0.12736733,0.061408624,-0.001324058,-0.03293249,-0.13278824,-0.02443424,0.113608174,0.055712547,-0.10299468,-0.02691817,0.036427632,0.09740664,-0.016505636,0.006955374,-0.012530904,-0.02323744,0.042235233,0.117426224
-0.036116697,0.054933496,0.007559065,0.02302048,-0.04034952,-0.10858052,0.01379877,0.013547363,0.04443468,0.04995997,0.024850179,0.018468121,0.034295738,0.009540323,0.12658247,0.060698498,-0.00012575695,-0.03252182,-0.13065726,-0.024971167,0.1134235,0.05583033,-0.10227772,-0.0287049,0.036547475,0.09748999,-0.015727662,0.0066051064,-0.012356281,-0.02463567,0.042091943,0.116621554
-0.035098024,0.053591594,0.008223651,0.021303553,-0.03988994,-0.10988906,0.016984878,0.014035678,0.044534743,0.051324446,0.025043683,0.018198596,0.036729682,0.007915954,0.12776256,0.06278247,-0.0030573965,-0.032756887,-0.13510305,-0.023754884,0.11364406,0.055704832,-0.103754506,-0.02502136,0.03595764,0.097438425,-0.01734101,0.007206401,-0.0132059045,-0.021687293,0.0420482,0.118464746
-0.035129152,0.053844288,0.007981939,0.0213319,-0.04013502,-0.1096739,0.01586264,0.014225401,0.04447818,0.050435733,0.025051229,0.01842829,0.035719544,0.008438159,0.12804109,0.061857577,-0.0020342157,-0.033105843,-0.13404125,-0.024013061,0.11348783,0.055617157,-0.10341871,-0.025860168,0.036390953,0.097483754,-0.017165663,0.007192907,-0.012804752,-0.022349617,0.042316563,0.11801307
-0.035364754,0.054123722,0.00787963,0.022508677,-0.039945766,-0.108860925,0.0150551535,0.013207799,0.04436718,0.050460383,0.025142768,0.017877294,0.036238763,0.008527089,0.1266866,0.062463813,-0.0024910388,-0.03291786,-0.1336319,-0.023765229,0.11357701,0.055737615,-0.1035752,-0.026156161,0.036417402,0.09750958,-0.01678814,0.0070202053,-0.012625594,-0.02250676,0.04146669,0.11784982
-0.03542469,0.05344977,0.007978877,0.021243636,-0.039975386,-0.110159725,0.016515642,0.013926391,0.044678546,0.05127353,0.025494235,0.018241946,0.03582745,0.007810777,0.12803954,0.062433973,-0.0027687908,-0.03317501,-0.13476959,-0.023677511,0.11398044,0.055845357,-0.1036227,-0.025064789,0.03607989,0.09732145,-0.017112661,0.0071938215,-0.01253251,-0.021590434,0.042235784,0.11825019
-0.035809163,0.05448773,0.0075738262,0.022437084,-0.040280495,-0.10895549,0.014122903,0.013813969,0.0444467,0.05001399,0.024916232,0.018672066,0.034527708,0.009168394,0.12699445,0.060843162,-0.00047252933,-0.032863207,-0.13152559,-0.024855439,0.113409355,0.055770908,-0.10261047,-0.02791489,0.036664043,0.09748242,-0.016289147,0.0067939106,-0.012320176,-0.023945574,0.042305,0.11694291
-0.035284217,0.054141656,0.008043867,0.022452781,-0.039846383,-0.10890813,0.015609853,0.013336457,0.04442767,0.050643746,0.024967555,0.017812647,0.036607347,0.008544279,0.12672584,0.062690794,-0.0026909695,-0.032752655,-0.133879,-0.023650784,0.11353274,0.055687763,-0.1035554,-0.02598802,0.036186807,0.09756186,-0.016767398,0.006983553,-0.01296219,-0.022541003,0.041450772,0.11804726
-0.035076972,0.05394123,0.007855978,0.022272233,-0.03999988,-0.10914308,0.015811147,0.012851391,0.04420059,0.05041775,0.025457896,0.017516902,0.03711804,0.007956013,0.12673357,0.06306409,-0.0034200684,-0.033109333,-0.13508093,-0.023556646,0.11388489,0.05558559,-0.10401669,-0.024666473,0.036132034,0.09738515,-0.01716077,0.007231245,-0.012713756,-0.021759922,0.04145823,0.118199214
-0.0354852,0.05340979,0.008007428,0.021701371,-0.03973801,-0.10985025,0.01653734,0.013273934,0.044571865,0.05142929,0.025829744,0.017663471,0.03641138,0.0076948646,0.12747812,0.06313948,-0.003495146,-0.03296902,-0.13497242,-0.023191225,0.11407656,0.055894587,-0.103776455,-0.02477932,0.035968974,0.097359866,-0.01699575,0.007229576,-0.012424987,-0.021284213,0.04154425,0.11828634
-0.03544969,0.05415165,0.0078520365,0.022361051,-0.04001207,-0.10903545,0.015128836,0.013366712,0.044409864,0.050444447,0.025172602,0.017993772,0.035931736,0.008587392,0.12693237,0.06221322,-0.0022103977,-0.03291202,-0.13342693,-0.02388893,0.11361297,0.055735495,-0.10338419,-0.026309058,0.036373682,0.0974878,-0.016691614,0.007008096,-0.012586383,-0.0226747,0.041675545,0.11774461
-0.03569799,0.054555923,0.007816207,0.023356188,-0.039755084,-0.10814125,0.014299139,0.013125053,0.044405643,0.050356224,0.024785744,0.017904023,0.035840724,0.009319271,0.12592554,0.06207926,-0.001575666,-0.03239847,-0.13172278,-0.023990015,0.11317551,0.055773526,-0.10293183,-0.027849268,0.036501706,0.09775997,-0.016152626,0.0066978065,-0.012757793,-0.023839884,0.041119434,0.117268935
-0.035850503,0.054475825,0.0077526607,0.023853902,-0.03955061,-0.10797216,0.014535964,0.012302477,0.044348847,0.050578624,0.025272293,0.01721039,0.036436215,0.008991484,0.1253046,0.06285542,-0.0024383725,-0.032338973,-0.13215813,-0.023496728,0.11352885,0.055830307,-0.103111446,-0.02713257,0.036203407,0.09771316,-0.015945807,0.0066968333,-0.012548484,-0.023463715,0.04053603,0.11733034
-0.036670208,0.054915555,0.0068387743,0.02242878,-0.04100946,-0.109579876,0.013795722,0.014005179,0.044563703,0.04981525,0.025374426,0.019097155,0.032304466,0.009438528,0.12776256,0.059178784,0.0013531852,-0.032924365,-0.12973931,-0.025837105,0.113831595,0.055828422,-0.101666726,-0.029070772,0.03654737,0.09729939,-0.015470419,0.0066053784,-0.011820611,-0.025395557,0.04334514,0.115825795
-0.036162302,0.054518472,0.0075737387,0.02258705,-0.040312752,-0.10915792,0.014534384,0.013370063,0.04450533,0.050379127,0.025391065,0.018225629,0.034464795,0.008885606,0.12696451,0.061167244,-0.00090671005,-0.032757413,-0.13176766,-0.024612084,0.11389519,0.055920627,-0.102556676,-0.027512573,0.036289193,0.09730422,-0.015888233,0.0067639947,-0.012066219,-0.023690278,0.042145055,0.11692731
-0.03532893,0.05393687,0.008060537,0.021595571,-0.039942287,-0.10943101,0.015846293,0.014386281,0.044594474,0.050672386,0.024828022,0.01847151,0.03549656,0.008787865,0.12780969,0.061722666,-0.001614925,-0.0327326,-0.13309047,-0.024060357,0.11326136,0.05568687,-0.10304318,-0.026711076,0.036330443,0.09763142,-0.016833777,0.0070043113,-0.012967443,-0.02296057,0.042167686,0.11780966
-0.035314977,0.054525588,0.008104701,0.0230451,-0.039811447,-0.10814303,0.0146395005,0.01350783,0.044407032,0.05046753,0.024310822,0.01809218,0.036389165,0.009204019,0.12611377,0.062304165,-0.0019477629,-0.03242704,-0.13257645,-0.023991924,0.11298706,0.055732984,-0.10337126,-0.027485497,0.036561456,0.097752616,-0.016587941,0.006757863,-0.013226211,-0.023411443,0.04121993,0.117770985
-0.035253968,0.054073416,0.007961579,0.02246006,-0.03976351,-0.108772956,0.015118288,0.013533609,0.04443321,0.050493672,0.024848815,0.01807502,0.036300257,0.008788398,0.12671763,0.062395334,-0.0022537415,-0.032786608,-0.13328195,-0.023743328,0.11325139,0.055675495,-0.103433594,-0.02656592,0.036488164,0.09769523,-0.016857145,0.006975606,-0.01288791,-0.022800421,0.041452393,0.1178686
-0.035314463,0.05418682,0.007826116,0.02176549,-0.040382102,-0.109457724,0.01516692,0.013817694,0.044382468,0.05017177,0.025087439,0.018402454,0.035519343,0.008485541,0.12762168,0.061664164,-0.0018316885,-0.03319116,-0.13378522,-0.02431672,0.11368796,0.05567192,-0.10341991,-0.026108705,0.03647124,0.09732645,-0.016934516,0.007116922,-0.012563897,-0.022557195,0.042333286,0.11778131
-0.035117466,0.053806026,0.008269884,0.021649547,-0.03971389,-0.10924502,0.016387641,0.014378509,0.04460101,0.05094163,0.024633715,0.018247848,0.036239896,0.0086608585,0.1275481,0.06226913,-0.0021858946,-0.03256141,-0.13357776,-0.023790805,0.11313378,0.05565743,-0.10328856,-0.0262919,0.03616697,0.09772403,-0.017001959,0.006990956,-0.013340652,-0.022718888,0.041873276,0.118144184
-0.034884103,0.05373325,0.0081752725,0.021458648,-0.03998095,-0.10954389,0.016657462,0.013939604,0.04439586,0.050817356,0.024912866,0.01808622,0.036913913,0.008005703,0.12752473,0.062685974,-0.0029978123,-0.032916848,-0.1351111,-0.023852432,0.11355328,0.055579733,-0.10387519,-0.024889484,0.036060117,0.09745388,-0.01743265,0.007207753,-0.013247857,-0.021840839,0.042022925,0.118452355
-0.035412967,0.054046586,0.007879775,0.022700343,-0.03980406,-0.10885069,0.015413562,0.012803504,0.044354945,0.050629295,0.02540572,0.017477566,0.036673237,0.008313851,0.1264257,0.06296016,-0.0030483515,-0.03287176,-0.13402218,-0.023443269,0.11378448,0.055741154,-0.103668645,-0.025612008,0.036169555,0.09749345,-0.016695248,0.007030735,-0.012587994,-0.022260522,0.04117716,0.11795292
-0.03612494,0.054704912,0.007404702,0.022167554,-0.040632978,-0.10939735,0.014165994,0.01395007,0.04446771,0.04979686,0.025223361,0.01878294,0.033613987,0.009253502,0.12760635,0.06014666,0.00020790426,-0.0329066,-0.13106032,-0.025219094,0.11371167,0.055773914,-0.10213377,-0.028162751,0.03650838,0.09731051,-0.015906878,0.0067910906,-0.012031544,-0.024352161,0.042838436,0.11655532
-0.035545085,0.05406108,0.007724669,0.022972493,-0.039671015,-0.1087514,0.015310835,0.012507224,0.044327047,0.050508328,0.025654113,0.017261896,0.036636814,0.008436035,0.12619793,0.06300471,-0.002977381,-0.032813538,-0.13359553,-0.023301817,0.11381616,0.05569397,-0.10343219,-0.025732514,0.036097564,0.09757924,-0.016474074,0.0070054764,-0.012434473,-0.02255026,0.040975966,0.11771069
-0.03627327,0.054712094,0.0072968956,0.022434633,-0.040548753,-0.109159976,0.013649389,0.013914796,0.044488378,0.04979069,0.025138076,0.018932633,0.033315137,0.009404436,0.12722677,0.059903845,0.0006341697,-0.032858316,-0.13030191,-0.025441576,0.11359249,0.055844158,-0.101955205,-0.02875036,0.036665723,0.097359285,-0.015788155,0.0066742515,-0.011878278,-0.024714906,0.04279318,0.11628483
-0.035695754,0.05415739,0.007570237,0.021620933,-0.040488802,-0.10982983,0.015414041,0.01420198,0.04457463,0.05043684,0.025166843,0.018708069,0.034536354,0.008636242,0.12808533,0.06099056,-0.00098512,-0.033085123,-0.1328295,-0.024631701,0.11370171,0.05571698,-0.102912515,-0.02676278,0.036366917,0.09738443,-0.016622677,0.006988313,-0.012532033,-0.023271995,0.042784482,0.11736017
-0.036252696,0.054718047,0.0072597247,0.022081813,-0.040786542,-0.10957916,0.014061345,0.013967678,0.044477567,0.049743935,0.025354296,0.018898701,0.03321853,0.009191273,0.12776881,0.059852548,0.00047509884,-0.0330217,-0.13091896,-0.025426302,0.113848194,0.055796143,-0.10204043,-0.028195828,0.036521867,0.097227365,-0.015846843,0.006791006,-0.011849035,-0.024438027,0.043084964,0.11639268
-0.035561718,0.05416905,0.0076953024,0.021534288,-0.040463716,-0.10978788,0.015396271,0.014141073,0.044502318,0.05027246,0.025198493,0.018600777,0.03478925,0.008609773,0.12808938,0.061144974,-0.0012089866,-0.03311712,-0.13314368,-0.02452783,0.11372078,0.055686668,-0.102988265,-0.026523687,0.036369134,0.097344175,-0.01669707,0.0070605204,-0.012495672,-0.023021724,0.042696886,0.11748419
-0.03519854,0.054006327,0.008038614,0.022132674,-0.03990212,-0.10913238,0.015636943,0.013517845,0.04443547,0.050607454,0.02504864,0.01794255,0.03645853,0.008466609,0.12711862,0.06260807,-0.0027097524,-0.032909058,-0.13414185,-0.02359661,0.11352867,0.055677313,-0.10364579,-0.025829777,0.036303382,0.09754647,-0.01695963,0.007091578,-0.012880789,-0.022275157,0.041589867,0.118128106
-0.03550564,0.054119863,0.007863067,0.022850882,-0.039703093,-0.10871868,0.015236165,0.012874523,0.044393577,0.050602354,0.025348116,0.017514028,0.03646099,0.008619181,0.12639129,0.06282148,-0.0027360716,-0.03271361,-0.1333928,-0.023397705,0.11360888,0.05573577,-0.10341554,-0.026198152,0.036227666,0.097623,-0.016517352,0.006969054,-0.01261973,-0.0226609,0.041065313,0.11777458
-0.035655037,0.05428114,0.007658232,0.022218678,-0.040193114,-0.109222114,0.014791261,0.013623124,0.044434227,0.050165612,0.025220148,0.018323911,0.03508557,0.008839674,0.12724623,0.06144456,-0.0013034646,-0.03295875,-0.13256757,-0.024337294,0.1136104,0.055714764,-0.10290574,-0.026947,0.036453396,0.0974617,-0.01646916,0.0069576893,-0.012366705,-0.023278084,0.042122982,0.11730553
-0.035291847,0.05399432,0.008296005,0.022074861,-0.039636604,-0.10892998,0.015914582,0.01429582,0.044660367,0.05105099,0.02441718,0.018324966,0.03610927,0.0089389635,0.12713704,0.06222279,-0.0019380455,-0.032376975,-0.13292542,-0.0238505,0.11300418,0.055756394,-0.103159614,-0.027044095,0.03627169,0.09778461,-0.016758982,0.0068383794,-0.0133634545,-0.023084765,0.041672327,0.11800718
-0.03571789,0.05446976,0.0076396,0.022044424,-0.040447734,-0.10931927,0.014659934,0.013911009,0.04442919,0.049992707,0.025090475,0.018567586,0.03459298,0.008975487,0.1275435,0.060914155,-0.000757352,-0.03295381,-0.1322279,-0.024735224,0.11360278,0.055714283,-0.102717996,-0.027316134,0.036493428,0.097380415,-0.016376887,0.006924619,-0.01237395,-0.023596184,0.042498447,0.117137775
-0.036342215,0.05418908,0.007282138,0.02268653,-0.0401995,-0.10940035,0.01462413,0.012583645,0.044424597,0.050393764,0.026318382,0.017655782,0.034567114,0.00838535,0.12684473,0.06166058,-0.0016137906,-0.03304431,-0.13230835,-0.024115562,0.11440555,0.055951722,-0.10268801,-0.02650654,0.036142584,0.09719758,-0.015838146,0.006930366,-0.011407122,-0.023047399,0.041823164,0.116838455
-0.03619695,0.054102786,0.0073178243,0.02244124,-0.04026796,-0.109554395,0.014779517,0.0126835555,0.044404097,0.050366525,0.026313607,0.017714145,0.034694105,0.008226821,0.12706137,0.061712034,-0.0017953129,-0.03318275,-0.13280176,-0.024105009,0.114441074,0.05592014,-0.10287499,-0.026126478,0.036165185,0.097149044,-0.016056972,0.0070158998,-0.011441559,-0.022739643,0.04194814,0.11701037
-0.03624905,0.055034135,0.007464383,0.023018403,-0.040329035,-0.10860823,0.013649162,0.013775295,0.044483304,0.049799547,0.024801686,0.018660055,0.033803932,0.009901511,0.12674063,0.060235612,0.0005499809,-0.03240932,-0.12980205,-0.02514876,0.1132686,0.05577749,-0.101817325,-0.02938893,0.03657329,0.09760001,-0.015500534,0.0065338593,-0.012347227,-0.0252754,0.04226005,0.11629597
-0.03505808,0.053737246,0.008266047,0.021558598,-0.039748676,-0.10932354,0.016273757,0.014364937,0.044595324,0.05093976,0.024667215,0.018313313,0.03627063,0.008555707,0.12762947,0.062333107,-0.0023348373,-0.032705292,-0.13388239,-0.023738338,0.113170765,0.055675842,-0.103462055,-0.02611927,0.036274232,0.0976857,-0.017152745,0.0070535038,-0.013259718,-0.022434767,0.04189098,0.11824957
-0.035533577,0.05345983,0.0071143564,0.021629568,-0.040122677,-0.11024033,0.015515767,0.012472296,0.044254668,0.051210295,0.027013239,0.016962912,0.0339745,0.0080177765,0.12648669,0.061490834,-0.001942961,-0.03306628,-0.13231441,-0.023283344,0.1149195,0.055758163,-0.10308628,-0.02607356,0.034942795,0.096772574,-0.015834603,0.00766412,-0.0116134435,-0.022452705,0.04166311,0.117335275
-0.035638243,0.054079656,0.007827807,0.022970289,-0.039606076,-0.10871117,0.015288055,0.012760298,0.044433977,0.050728697,0.025454901,0.017427618,0.03640882,0.008607948,0.12624851,0.06287563,-0.0027255923,-0.032643065,-0.13317499,-0.023350703,0.11366989,0.05577574,-0.103291556,-0.026259024,0.036137298,0.09763537,-0.016369093,0.0069180205,-0.012536062,-0.022753239,0.040982928,0.117683075
-0.036721777,0.055203,0.007084675,0.022854207,-0.04076215,-0.10895928,0.013028923,0.01383855,0.044473067,0.049457468,0.025185367,0.01898234,0.032378696,0.009938725,0.12710437,0.05912528,0.0016999501,-0.03261085,-0.12877576,-0.025904078,0.11361025,0.055872153,-0.10125631,-0.029963791,0.036646023,0.09734779,-0.015102867,0.006478737,-0.011672299,-0.025833428,0.042946227,0.115589626
-0.036251657,0.054598533,0.0074131824,0.022631703,-0.040427092,-0.109177165,0.014234934,0.013271578,0.044448916,0.050128993,0.025546933,0.018247621,0.034148566,0.008946797,0.12699158,0.06089341,-0.0006186175,-0.03284833,-0.13147399,-0.024764229,0.11396559,0.05589641,-0.10241521,-0.02765036,0.036351774,0.09726697,-0.015792646,0.006775705,-0.011854937,-0.023882868,0.042253457,0.11669329
-0.036207084,0.054834515,0.0074647814,0.022808162,-0.040359177,-0.10885914,0.013929743,0.013630465,0.04447528,0.04993932,0.025062002,0.01852949,0.033984903,0.009511579,0.12688552,0.060511723,6.0649123e-05,-0.03259802,-0.13054632,-0.024986628,0.11351999,0.05581364,-0.10208483,-0.02865401,0.036494568,0.09747663,-0.01567211,0.0066422997,-0.0121907,-0.024678813,0.042279378,0.116500445
-0.03589656,0.053940877,0.007414758,0.02175659,-0.040237263,-0.10959279,0.015840704,0.014825311,0.04484472,0.05153129,0.024515169,0.01909414,0.034234982,0.008587338,0.12822355,0.06089349,-0.00032148743,-0.032391775,-0.13189831,-0.024694096,0.11320431,0.055908144,-0.10277449,-0.027861573,0.036068033,0.09781019,-0.0165876,0.006470572,-0.0132377,-0.02457939,0.04268944,0.117244005
-0.03620098,0.054626297,0.007317379,0.02204797,-0.040750638,-0.10963292,0.014288377,0.013927352,0.04450427,0.04993704,0.025350153,0.018837534,0.033468127,0.009019757,0.12775274,0.06011155,0.00013568578,-0.033045825,-0.13133965,-0.025292281,0.11390334,0.05582173,-0.102239825,-0.027872369,0.0364672,0.09720772,-0.01595464,0.006812189,-0.011923339,-0.024149248,0.043019053,0.116585046
-0.036102578,0.05469446,0.0073819533,0.022135744,-0.040649306,-0.109432705,0.014154417,0.013934959,0.044453897,0.049745098,0.025257586,0.018786686,0.033622023,0.009234273,0.12764494,0.060142476,0.00019041123,-0.03295494,-0.13113387,-0.025211848,0.113729045,0.055755083,-0.102152005,-0.028086685,0.036520567,0.09730428,-0.015940133,0.0068151867,-0.0120060835,-0.024312815,0.04286228,0.11655993
-0.03618982,0.05461667,0.0073691495,0.022034004,-0.04070559,-0.10960379,0.014256224,0.013912922,0.044494398,0.04991038,0.025365053,0.01880821,0.033508606,0.0090304855,0.12771764,0.060146492,0.00010890467,-0.033028327,-0.13132972,-0.025265804,0.1139026,0.055830654,-0.102210574,-0.027872864,0.03646472,0.09719901,-0.015939904,0.006818177,-0.011879407,-0.024101526,0.042974204,0.11659455
-0.036105596,0.054582678,0.007418053,0.02197368,-0.040640954,-0.109562166,0.014369601,0.014057092,0.044501092,0.049910776,0.02526758,0.018829666,0.0335806,0.009118577,0.1277883,0.06015525,0.00013523409,-0.03296171,-0.13127162,-0.02520907,0.1137581,0.055790257,-0.10219046,-0.027955644,0.036481183,0.097282015,-0.015999956,0.006824622,-0.012020219,-0.024174208,0.042940404,0.11663176
-0.036418885,0.054960214,0.0075025205,0.024226079,-0.039700497,-0.10771744,0.0134465005,0.012684986,0.04444956,0.050259307,0.025026578,0.017758586,0.034843102,0.00989102,0.12525606,0.061487306,-0.0005189744,-0.032008577,-0.1295861,-0.024296124,0.1132316,0.0559136,-0.10205071,-0.029377062,0.036442228,0.09782076,-0.01518557,0.006382715,-0.01231722,-0.025148354,0.040907566,0.116350725
-0.036156096,0.054572895,0.0073764026,0.022279508,-0.040529527,-0.10937896,0.014181586,0.0136905,0.04446623,0.0499342,0.025398487,0.018617373,0.03381374,0.00906251,0.12739396,0.060443267,-0.00014052587,-0.032962643,-0.13130419,-0.025036227,0.113829285,0.055821903,-0.102276266,-0.027851384,0.03647892,0.09728782,-0.01593813,0.006810449,-0.011894673,-0.024066545,0.042646337,0.11662249
-0.0364273,0.05451502,0.0072810873,0.022814445,-0.040316828,-0.10917398,0.0141615495,0.012967277,0.04445167,0.050175175,0.025869135,0.01804434,0.034049567,0.008893049,0.12681478,0.060996983,-0.000685696,-0.032849297,-0.13125049,-0.024611037,0.11410159,0.055933423,-0.102295436,-0.027610563,0.03629152,0.09727586,-0.015622069,0.0067673605,-0.011591423,-0.023901163,0.042074673,0.11652408
-0.03573731,0.054212205,0.0077595226,0.021917867,-0.04006652,-0.10932951,0.015053293,0.014330192,0.044604726,0.050357707,0.024914775,0.018704526,0.034531523,0.009194365,0.12763584,0.060924087,-0.0005278415,-0.03268018,-0.1316336,-0.024564765,0.11327088,0.05572417,-0.10241117,-0.027794238,0.036444135,0.097626925,-0.01634086,0.0068399813,-0.012596881,-0.023902345,0.04240203,0.11712088
-0.03534272,0.054018833,0.008212121,0.02190135,-0.039829932,-0.10919447,0.015844293,0.014257444,0.04464659,0.050947748,0.024586067,0.018406732,0.035882108,0.008792933,0.12738746,0.062067658,-0.001904028,-0.032580428,-0.13319866,-0.023966623,0.11322485,0.055766687,-0.103196904,-0.026802208,0.036279067,0.097643115,-0.016778246,0.006902177,-0.013160711,-0.022898726,0.041919578,0.11799028
-0.03607029,0.054404434,0.007293271,0.021895077,-0.040593088,-0.1096948,0.014791165,0.01424112,0.044581436,0.050155744,0.025239272,0.018881293,0.03357362,0.009081075,0.12800704,0.06019456,0.00010095863,-0.032946154,-0.13131005,-0.02507592,0.11362569,0.055734936,-0.102266945,-0.02788046,0.036458902,0.09743583,-0.016142935,0.006831268,-0.012266561,-0.024274956,0.042972468,0.11667455
-0.03513659,0.053813167,0.0082811415,0.021704145,-0.039736576,-0.109294325,0.016251806,0.014279176,0.044631243,0.05103141,0.024601866,0.018323824,0.036327202,0.008558186,0.12744586,0.06238369,-0.0023391997,-0.03266499,-0.13384023,-0.023791857,0.113232836,0.055709515,-0.103432596,-0.02618203,0.03620451,0.097655684,-0.017046435,0.006986374,-0.013281221,-0.02250623,0.04188602,0.11825151
-0.035404794,0.05393481,0.0077211894,0.022719676,-0.03967183,-0.108907245,0.01543048,0.012665333,0.04432155,0.05044154,0.025648925,0.01737499,0.036688037,0.0083649885,0.12642753,0.06297718,-0.0030104858,-0.032941595,-0.13386665,-0.02329164,0.113775164,0.055634044,-0.103505656,-0.025496416,0.036147863,0.09759413,-0.016682189,0.007083118,-0.0124595575,-0.022387175,0.041110724,0.11780475
-0.034812663,0.052809194,0.0068051945,0.021100862,-0.039993383,-0.11080268,0.016228555,0.011543492,0.04391328,0.05157632,0.02820618,0.015721492,0.03415511,0.007450253,0.12595579,0.062075373,-0.0031454214,-0.033275746,-0.133134,-0.022001341,0.11560208,0.055502027,-0.103736445,-0.024745706,0.033936784,0.096436985,-0.015905619,0.008438943,-0.011488847,-0.021414243,0.04098121,0.117805906
-0.03544014,0.054227203,0.008098675,0.02267378,-0.03966011,-0.10867107,0.015384024,0.013582109,0.04454513,0.050790295,0.02469093,0.01799382,0.036291093,0.008980181,0.1265725,0.062457338,-0.0021522124,-0.032448128,-0.13285421,-0.023710754,0.11321738,0.055741206,-0.103186734,-0.026999764,0.036267392,0.09774486,-0.016513662,0.0068198983,-0.013101224,-0.023168448,0.041337773,0.117830545
-0.035097633,0.05389695,0.008091113,0.021528736,-0.04008689,-0.109495506,0.01586138,0.014103992,0.04448539,0.050595373,0.02489971,0.018346261,0.036051076,0.008391269,0.12774971,0.062138915,-0.0023240508,-0.033030987,-0.13425638,-0.023934517,0.11347874,0.055666924,-0.10360602,-0.025804684,0.036368355,0.09747271,-0.01718005,0.0071470235,-0.012936642,-0.022211673,0.042128693,0.11817735
-0.035556406,0.054048248,0.008056439,0.021881567,-0.039851487,-0.10923191,0.015597872,0.01442316,0.04467879,0.05082114,0.024674261,0.018569719,0.03519837,0.009026915,0.1275129,0.061521176,-0.0011869906,-0.03251285,-0.13226348,-0.02423108,0.11315957,0.05577798,-0.10274919,-0.027435962,0.03633141,0.097686335,-0.016539328,0.0068326388,-0.01296531,-0.02345597,0.042113326,0.11757468
-0.03667841,0.054871492,0.0074689426,0.024593225,-0.039468497,-0.1076425,0.013641048,0.012180842,0.044496343,0.050587803,0.025414454,0.017295247,0.035012033,0.009764496,0.12488638,0.06196802,-0.00096539455,-0.031850588,-0.12951379,-0.023886595,0.113455296,0.0560159,-0.10198571,-0.029202346,0.036207765,0.09783349,-0.01487504,0.0063323695,-0.012118548,-0.025035912,0.040456623,0.11629556
-0.035275158,0.054079086,0.007937586,0.021605516,-0.04032624,-0.10956693,0.015491573,0.01395574,0.044442818,0.050393388,0.025036843,0.0184134,0.035636745,0.008381136,0.12774971,0.06180121,-0.0020096381,-0.033150878,-0.13404123,-0.024231039,0.11368947,0.055702023,-0.1034936,-0.025933675,0.036395017,0.09732295,-0.017007373,0.0071248366,-0.0126708895,-0.022364167,0.042349033,0.11794625
-0.03556251,0.054336738,0.007745862,0.022306928,-0.040066198,-0.10896597,0.014637785,0.013925526,0.044471674,0.050152093,0.024814717,0.018543825,0.035104997,0.009163812,0.12711056,0.061293665,-0.00095439376,-0.032782383,-0.13203672,-0.024445467,0.11324018,0.055679623,-0.10277923,-0.027567275,0.03658407,0.09763079,-0.016498504,0.0068663703,-0.012649117,-0.023692563,0.042083975,0.117269844
-0.035816222,0.0544616,0.0076204073,0.021892995,-0.040537506,-0.10950485,0.014750984,0.0140011925,0.04446553,0.050047286,0.025170747,0.018637374,0.034322217,0.008910324,0.12774646,0.060738582,-0.00061126566,-0.032980368,-0.13218895,-0.02485549,0.11371793,0.055753455,-0.102625795,-0.027307801,0.03643752,0.097303204,-0.016308423,0.0069211256,-0.01227811,-0.023597032,0.042689778,0.11707935
-0.035836034,0.054273516,0.00783588,0.022767942,-0.039847177,-0.108881995,0.01510841,0.013199663,0.044524305,0.05072347,0.025255326,0.017833559,0.03563081,0.008817973,0.12661567,0.062184844,-0.0019382783,-0.032574296,-0.13252473,-0.023842664,0.1136502,0.055852998,-0.10295891,-0.026973236,0.036187403,0.09754807,-0.016161421,0.0068188887,-0.012512613,-0.023204789,0.041454513,0.11744991
-0.036145173,0.054237723,0.0076987036,0.02256867,-0.04001749,-0.10921585,0.01501311,0.013303997,0.04460535,0.050820395,0.025472458,0.018043589,0.034871753,0.00869027,0.12686536,0.061692532,-0.0014468809,-0.032669995,-0.1321342,-0.02421071,0.113911435,0.05597814,-0.1026885,-0.027143192,0.03614392,0.097374246,-0.015957817,0.0067704357,-0.012140766,-0.023316016,0.04186393,0.11717457
-0.035140038,0.05357784,0.008328473,0.021208363,-0.039784152,-0.10969263,0.016606813,0.014607202,0.044717107,0.051243193,0.024724962,0.018474119,0.036029305,0.008361478,0.12801057,0.06226395,-0.0023412132,-0.03275965,-0.1341157,-0.023773935,0.11330882,0.055764988,-0.1034569,-0.025950145,0.036194935,0.09759478,-0.017187484,0.0070696007,-0.013197228,-0.022178456,0.04214158,0.11835526
-0.036398098,0.05473635,0.0073792487,0.022282027,-0.040557962,-0.10930729,0.014008407,0.014144259,0.04457483,0.049974177,0.02513463,0.018941157,0.03305411,0.009480011,0.12750828,0.059758205,0.00082612736,-0.03267687,-0.13005294,-0.02546773,0.11360429,0.05588124,-0.10172479,-0.0289579,0.036504596,0.097360775,-0.015599268,0.00662609,-0.011964364,-0.02490521,0.04290784,0.116233245
-0.0366017,0.054561894,0.0071964078,0.023032773,-0.040245086,-0.10908355,0.0140114315,0.012820471,0.044468645,0.05017914,0.025985215,0.017959254,0.03386082,0.009017192,0.12664151,0.060932167,-0.00050375843,-0.03275267,-0.13075627,-0.024595821,0.11411755,0.055960126,-0.10207677,-0.027919136,0.036258094,0.09731608,-0.015390099,0.0067023784,-0.01146871,-0.024183234,0.041963227,0.11631006
-0.03494923,0.054048657,0.007943703,0.02223603,-0.03997253,-0.10899241,0.015592366,0.013237355,0.04425969,0.050235976,0.025046917,0.017801583,0.036999166,0.008301929,0.12681425,0.06277955,-0.0029931073,-0.03310197,-0.13468052,-0.02367486,0.11358204,0.055522017,-0.10389644,-0.02519811,0.03628637,0.097508825,-0.017191902,0.0071610603,-0.012939403,-0.022139756,0.041584544,0.11821331
-0.03621743,0.054486625,0.00763469,0.023585299,-0.0396996,-0.10836698,0.014452251,0.012591142,0.04448252,0.05066723,0.025472924,0.01749487,0.035417803,0.009090308,0.12580943,0.062200055,-0.0016978425,-0.032335814,-0.13141733,-0.023802038,0.11368117,0.055942945,-0.102634154,-0.027695604,0.036184944,0.09762029,-0.01562712,0.0066416916,-0.012219241,-0.023808824,0.040967546,0.116967104
-0.03563176,0.054089755,0.007816508,0.022953633,-0.039520595,-0.108717285,0.015368786,0.0129049495,0.0444662,0.050674837,0.025371851,0.01750769,0.036355253,0.008789854,0.12629917,0.06275361,-0.0024821968,-0.032562938,-0.13285269,-0.023373658,0.11353949,0.05570993,-0.103080325,-0.026499864,0.0361064,0.097736806,-0.016310222,0.006884749,-0.012642473,-0.023062993,0.041032813,0.11759498
-0.03569722,0.05433433,0.0076571144,0.02209976,-0.040267535,-0.10931164,0.014769748,0.013833169,0.04446932,0.050136253,0.025127394,0.018504689,0.03481532,0.008931847,0.12741947,0.06116695,-0.0009799446,-0.032943457,-0.13232978,-0.024528183,0.11357579,0.055716366,-0.10276004,-0.027193237,0.03646764,0.09744865,-0.01642111,0.0069277585,-0.012387399,-0.023474379,0.0423338,0.11722218
-0.035833016,0.053562842,0.0071178228,0.02203644,-0.0401001,-0.11001904,0.015326481,0.012167875,0.04427311,0.050918072,0.027107354,0.016955275,0.03450979,0.007837952,0.12661168,0.061962906,-0.002387593,-0.03322839,-0.13294947,-0.023310786,0.11493908,0.0558384,-0.10316416,-0.025518179,0.035368316,0.09688851,-0.015957508,0.0074812025,-0.011315536,-0.022163136,0.041546553,0.11726342
-0.03678417,0.055541083,0.00732434,0.023982268,-0.040273983,-0.107871614,0.012603227,0.013568245,0.04452373,0.04974273,0.024520032,0.018728197,0.033069074,0.010598221,0.12582347,0.059648983,0.0016588527,-0.031923246,-0.12765598,-0.025633564,0.11304155,0.055931848,-0.101133585,-0.03122925,0.036674365,0.09770879,-0.014713855,0.006144421,-0.012243472,-0.026652709,0.04201751,0.115551844
-0.034906484,0.05376965,0.008251507,0.021445218,-0.04003358,-0.10955277,0.016195592,0.014022935,0.044488437,0.05084427,0.024824047,0.01825836,0.036668964,0.008090619,0.12768781,0.0626622,-0.003016137,-0.03309703,-0.13519186,-0.023702871,0.11354776,0.055685982,-0.104039006,-0.025153905,0.036312364,0.097422674,-0.017459765,0.0072180266,-0.013107428,-0.021591986,0.041995704,0.11859851
-0.03488758,0.053805172,0.008201338,0.021542119,-0.040024668,-0.109481305,0.016272653,0.013905548,0.044434052,0.050748866,0.024846222,0.018159684,0.036819182,0.008071671,0.1275152,0.06268705,-0.003022239,-0.03306733,-0.1351681,-0.023769278,0.11356972,0.055629455,-0.10399576,-0.02502463,0.03621996,0.09742694,-0.017430015,0.007201437,-0.01314567,-0.021719348,0.041983724,0.11853625
-0.035738986,0.05438215,0.007743597,0.02196356,-0.040377997,-0.10935767,0.014894851,0.014042154,0.044500425,0.050249673,0.025015585,0.018589001,0.034621783,0.008910325,0.12757547,0.060995605,-0.00083337026,-0.032862496,-0.1322701,-0.024705537,0.113584705,0.0557771,-0.102735646,-0.027312782,0.03642927,0.09738107,-0.01638259,0.0068907384,-0.012457341,-0.0235086,0.04249025,0.11723368
-0.036221154,0.054617785,0.007444758,0.022219528,-0.04044737,-0.10931796,0.014191091,0.014132164,0.044568874,0.050015733,0.025095321,0.01889252,0.03345695,0.009398285,0.12750436,0.060063414,0.00046514207,-0.03273183,-0.13050887,-0.025243744,0.11354413,0.055828564,-0.10192398,-0.028618358,0.036511585,0.097418055,-0.015804918,0.0066907424,-0.012090411,-0.024627678,0.042786516,0.11645703
-0.03628165,0.0542894,0.007359268,0.023134355,-0.03992211,-0.1088782,0.0143529475,0.012588855,0.044434648,0.050399065,0.025953814,0.017641105,0.03485571,0.008793995,0.12631954,0.0617946,-0.0014750813,-0.0327562,-0.13163938,-0.02400499,0.113992676,0.055915672,-0.10257642,-0.027209494,0.036252476,0.097449355,-0.015757196,0.0067999214,-0.011707008,-0.02354015,0.04142687,0.11677769
-0.03467702,0.05227681,0.006716445,0.020381017,-0.03993941,-0.11104269,0.016085638,0.0123359095,0.044120215,0.051287167,0.02770432,0.017081702,0.03340942,0.007304818,0.12687875,0.06136869,-0.0023936876,-0.033253107,-0.13256086,-0.022951042,0.1153988,0.055902798,-0.103202745,-0.025520355,0.03489683,0.09647584,-0.016101405,0.008055178,-0.011903476,-0.021795668,0.04183019,0.117766134
-0.03590185,0.05436303,0.008220328,0.022749081,-0.039505504,-0.108424604,0.015200466,0.014444688,0.044823434,0.05121945,0.024124518,0.018541785,0.035066966,0.00968466,0.12658677,0.06146291,-0.0005944907,-0.031790625,-0.13053109,-0.024337336,0.11271361,0.055945836,-0.10225813,-0.029087283,0.036306266,0.09794022,-0.01592176,0.0064299675,-0.013301451,-0.024561875,0.04159146,0.11723672
-0.035734832,0.05427554,0.0078055393,0.02339042,-0.039496206,-0.10830665,0.014870804,0.01272919,0.044434495,0.050640896,0.02522974,0.017455904,0.036305893,0.009001477,0.12583745,0.06272407,-0.0023196046,-0.0324095,-0.13230105,-0.023445358,0.113417596,0.05577519,-0.103040695,-0.027064279,0.036228307,0.09778015,-0.01613544,0.0067739272,-0.012637828,-0.023368571,0.040780835,0.11743784
-0.036655188,0.054894473,0.0072064176,0.022453327,-0.04070269,-0.1092982,0.013673417,0.0141071975,0.044596583,0.049918108,0.02517835,0.019061213,0.03250603,0.009600608,0.12744151,0.059340272,0.0013465951,-0.03265587,-0.12939982,-0.025780499,0.11368027,0.05593726,-0.10147193,-0.029447924,0.03652998,0.097310305,-0.015336812,0.006525496,-0.011792125,-0.025344923,0.04308236,0.1159008
-0.035716258,0.054388963,0.0076913238,0.022419792,-0.040039837,-0.108967066,0.01457241,0.013868844,0.0445059,0.05017582,0.0248891,0.018526305,0.034898683,0.009260625,0.12705815,0.061190907,-0.0007627164,-0.0327105,-0.13166523,-0.024473183,0.11327695,0.055704474,-0.10257784,-0.027818855,0.036533583,0.0976428,-0.016299572,0.0068110162,-0.012564126,-0.02392572,0.042075995,0.117109016
-0.036525995,0.055414815,0.007471569,0.023931818,-0.040201876,-0.10779225,0.012829248,0.013508186,0.04448443,0.049860287,0.024414208,0.01860593,0.033694573,0.010377492,0.12572256,0.060128823,0.0010277308,-0.03198378,-0.12845492,-0.025387045,0.11300221,0.05591519,-0.1015684,-0.030664243,0.03669151,0.097713314,-0.015032747,0.006224433,-0.012435492,-0.026119702,0.041816756,0.11593359
-0.03689205,0.054908644,0.0067222957,0.022546185,-0.04095014,-0.10954055,0.013621457,0.01415384,0.04466387,0.04998729,0.025285415,0.019302802,0.031837877,0.00958593,0.12769374,0.058851376,0.0019007134,-0.03278413,-0.12893888,-0.026047148,0.11373311,0.05590199,-0.10136698,-0.029715158,0.036555964,0.097376764,-0.015274603,0.0064493213,-0.011782918,-0.025930192,0.043436367,0.115547925
-0.035998397,0.055003557,0.007994816,0.02411402,-0.039504938,-0.10736211,0.013740953,0.013470592,0.044576623,0.050603643,0.023949403,0.018205633,0.03548121,0.01020154,0.1251622,0.06164563,-0.00051315734,-0.03167482,-0.12968728,-0.024380265,0.112569384,0.05589314,-0.10229195,-0.029923994,0.036575153,0.09804204,-0.015550951,0.006253709,-0.01323539,-0.025279246,0.0408751,0.11686289
-0.03659592,0.055392414,0.007521404,0.024071123,-0.040086914,-0.10774717,0.013012866,0.013355726,0.044519484,0.050050996,0.02449033,0.018415868,0.0338673,0.01034476,0.12558356,0.0603932,0.00078047765,-0.031871095,-0.12850279,-0.025181126,0.11305548,0.05595325,-0.101570934,-0.030590784,0.036568843,0.097735696,-0.014920802,0.006195903,-0.012460973,-0.026058748,0.041608937,0.11598674
-0.035737038,0.05367928,0.007032318,0.021499125,-0.040401373,-0.110345766,0.015132712,0.012842743,0.044290945,0.050840273,0.026835704,0.017470114,0.03338622,0.008180676,0.12694585,0.060818784,-0.0011698208,-0.03318997,-0.13190845,-0.023912212,0.11485332,0.055776186,-0.102774955,-0.0265048,0.03524018,0.09674586,-0.01580381,0.007539152,-0.011452584,-0.022865787,0.04222662,0.11701494
-0.036798157,0.05516725,0.007014841,0.02304449,-0.04064502,-0.10889907,0.0129558705,0.013607804,0.04447418,0.04947733,0.025337394,0.018842975,0.03244966,0.009947549,0.12690426,0.059279248,0.0015945998,-0.032599673,-0.12866211,-0.02574778,0.11365338,0.055875644,-0.10120568,-0.02995424,0.036617555,0.09738938,-0.015009098,0.00646758,-0.011562588,-0.0258589,0.042761374,0.11551982
-0.03504975,0.053601492,0.00829307,0.021418028,-0.039757922,-0.10959992,0.016464926,0.014300803,0.04466485,0.051169984,0.024690937,0.018420521,0.03648007,0.008214101,0.12761725,0.062543824,-0.0026635644,-0.03290507,-0.1345469,-0.023760598,0.113409266,0.055731457,-0.10367849,-0.02556406,0.03618699,0.097547516,-0.017298114,0.0070728865,-0.013187926,-0.021974485,0.042057212,0.1184839
-0.036461405,0.05467509,0.0074228495,0.022455841,-0.040285125,-0.109092444,0.013971593,0.014305294,0.044666644,0.050144948,0.024943236,0.01901741,0.032999862,0.009757485,0.12728706,0.059727326,0.0011059525,-0.0324326,-0.1293283,-0.025416419,0.11331717,0.05589935,-0.10146979,-0.029577173,0.036534935,0.09755672,-0.015477495,0.0065074135,-0.0121031925,-0.025328266,0.042727426,0.116109006
-0.03649575,0.054067485,0.007161727,0.022472154,-0.040185615,-0.1096894,0.014670987,0.012738446,0.044512548,0.05073671,0.026485443,0.017720753,0.03370855,0.008472633,0.12679279,0.0611251,-0.000993174,-0.032912876,-0.1313644,-0.024244657,0.11455239,0.056018982,-0.1023154,-0.02712302,0.035822578,0.097079284,-0.015484137,0.006949528,-0.01127604,-0.023437731,0.04201829,0.116593406
-0.036391724,0.055257663,0.0073068235,0.022783082,-0.040842235,-0.10949993,0.0134363435,0.013287662,0.04507742,0.050077055,0.025032297,0.019355448,0.032961253,0.009101348,0.12708318,0.059549548,0.0011006366,-0.03267605,-0.12974928,-0.026528155,0.114050865,0.056330256,-0.10157454,-0.029313356,0.03666363,0.09740889,-0.015321184,0.0065522613,-0.0120763965,-0.025743257,0.043619994,0.11584811
-0.036840208,0.054223392,0.0070638284,0.022944877,-0.040109504,-0.10944699,0.014366753,0.012442509,0.044531256,0.050498776,0.026631385,0.017646872,0.033777326,0.008585257,0.1267077,0.061256714,-0.000956696,-0.032885004,-0.13109624,-0.024265904,0.11453667,0.056064144,-0.10207206,-0.027239867,0.036041796,0.097212516,-0.0152856,0.006773903,-0.011009116,-0.0236869,0.041851174,0.11628625
-0.036586143,0.05490555,0.007295845,0.022936236,-0.04045698,-0.108962,0.013690397,0.013471659,0.044519424,0.049991317,0.025338612,0.018526625,0.03334474,0.009501684,0.12683433,0.060166746,0.0004762928,-0.032579016,-0.12992014,-0.025222383,0.11376696,0.055935305,-0.10176126,-0.028983366,0.036421068,0.097357064,-0.015300749,0.006551331,-0.011809804,-0.024959797,0.042418562,0.11613218
-0.036521293,0.054396935,0.007202264,0.022329949,-0.04050701,-0.109675705,0.014347911,0.0132297035,0.044510685,0.05018796,0.026057892,0.018289484,0.03352049,0.008698534,0.12737912,0.060602672,-0.00040020375,-0.033050023,-0.13137937,-0.024859179,0.11431944,0.05596158,-0.10217212,-0.02739913,0.03624863,0.09712457,-0.015657151,0.0068291835,-0.011362452,-0.02376616,0.042575154,0.11645479
-0.036505267,0.054441996,0.0074138567,0.023398232,-0.039793614,-0.10871638,0.014356505,0.012667926,0.044540584,0.050582778,0.0258033,0.01764923,0.0346349,0.009117428,0.12614499,0.061672434,-0.001106503,-0.032429986,-0.13082683,-0.024039589,0.113867894,0.05597076,-0.102202915,-0.027944036,0.036144823,0.09755268,-0.015382951,0.0066302996,-0.01183168,-0.024113033,0.041321173,0.11658028
-0.036171474,0.05464134,0.0076381583,0.022783088,-0.040117946,-0.10885219,0.014315568,0.013727151,0.044587653,0.050364736,0.02493805,0.01849461,0.03431151,0.009416671,0.12678638,0.060878508,-0.00027553318,-0.03246168,-0.13075067,-0.024752937,0.11344036,0.055879142,-0.10218753,-0.028539866,0.036400527,0.0975483,-0.015742982,0.0066033304,-0.012374327,-0.024458846,0.042095326,0.116738364
-0.03591536,0.054475598,0.007851003,0.022620145,-0.03999012,-0.1088719,0.014769368,0.013829144,0.044612795,0.050605446,0.024770826,0.018430406,0.034925032,0.009232989,0.12683007,0.061359134,-0.00087370584,-0.03245541,-0.13153192,-0.02446694,0.113359116,0.055861082,-0.102545634,-0.028026596,0.036352716,0.09758807,-0.016045596,0.0066692363,-0.01266834,-0.02396467,0.041946456,0.1171705
-0.03665033,0.05511155,0.007142015,0.022721043,-0.040745825,-0.10908352,0.013238084,0.01386548,0.04449521,0.04956529,0.025192004,0.01898245,0.032557093,0.009793653,0.12719989,0.059290946,0.0014533964,-0.032674,-0.12918587,-0.02581165,0.11366518,0.055874716,-0.101398416,-0.029647063,0.03660562,0.097319074,-0.015224913,0.0065215975,-0.01171343,-0.025558364,0.042969175,0.11576249
-0.036267735,0.054416586,0.007575631,0.02332398,-0.039655823,-0.10855962,0.014429808,0.013035301,0.04457777,0.05061172,0.02536034,0.01787005,0.034911565,0.009327048,0.12614301,0.06170109,-0.0010293224,-0.032321524,-0.1307762,-0.024032352,0.113497496,0.05590162,-0.10225469,-0.02821925,0.036258355,0.097717896,-0.015594035,0.0066041388,-0.012222104,-0.024247102,0.041296475,0.11675502
-0.036827073,0.054865174,0.0071325433,0.023353383,-0.040234946,-0.108719215,0.013316851,0.0131808575,0.04454059,0.050027285,0.025519896,0.018400164,0.033139747,0.009660934,0.12637287,0.060153402,0.00070072385,-0.03246247,-0.12909706,-0.025153864,0.11372584,0.055989917,-0.101483494,-0.02946138,0.03645511,0.09746492,-0.015027149,0.0064480677,-0.011563906,-0.025336318,0.042130787,0.11579662
-0.03615111,0.05461724,0.0075047147,0.022585677,-0.040221073,-0.10903187,0.014201036,0.013812218,0.044549286,0.05010681,0.025067909,0.018619535,0.03403207,0.009437416,0.12705988,0.060587097,-1.0754447e-05,-0.032624852,-0.13067819,-0.02487647,0.11346695,0.0558079,-0.10208042,-0.028508723,0.036475636,0.09753251,-0.01580089,0.0066730212,-0.012225661,-0.024531476,0.04232658,0.11660277
-0.035851225,0.054330263,0.007902287,0.02239495,-0.039806142,-0.10886696,0.014928732,0.014332477,0.044693805,0.050647724,0.024561532,0.018666102,0.034684002,0.009512903,0.12707584,0.061073087,-0.0004003183,-0.03228667,-0.13089848,-0.024511877,0.11299232,0.055807646,-0.10224997,-0.028560713,0.036426034,0.09779391,-0.016090825,0.0066331374,-0.012862766,-0.024370247,0.042033013,0.11706233
-0.035353143,0.05426184,0.007944394,0.022889163,-0.03964104,-0.10849407,0.015158121,0.013280312,0.04441614,0.05046147,0.024800573,0.017842794,0.036525145,0.008986325,0.12626734,0.06252404,-0.0022137635,-0.032551367,-0.13286062,-0.023705304,0.11321914,0.055629477,-0.10321961,-0.026798818,0.036300406,0.09778012,-0.016561382,0.006852735,-0.013025679,-0.023260022,0.04122102,0.11772401
-0.036732785,0.055253234,0.0071031824,0.023000335,-0.04069139,-0.10884782,0.012969183,0.013800094,0.04448718,0.049476124,0.025103893,0.01896914,0.03246766,0.010044239,0.12695335,0.059187688,0.0017124848,-0.03253692,-0.12862752,-0.02586003,0.11354096,0.055866398,-0.101215184,-0.03013419,0.036645457,0.0974024,-0.015043946,0.006437134,-0.011743657,-0.025962668,0.042842858,0.11557924
-0.036813896,0.055083808,0.0074179824,0.024102567,-0.03989765,-0.10802376,0.0134420935,0.0128469,0.04456354,0.050384745,0.025164664,0.017946655,0.033992153,0.009929439,0.12554659,0.060916796,0.00012491038,-0.031944558,-0.128943,-0.024689656,0.11347322,0.05604026,-0.10161302,-0.029830288,0.036300845,0.097664565,-0.014783194,0.00627221,-0.012062544,-0.025528394,0.041324515,0.11601651
-0.03686557,0.054652486,0.007091174,0.023125157,-0.040259056,-0.10909127,0.01375871,0.012926901,0.04453868,0.05017801,0.025990736,0.018130478,0.033266373,0.009236131,0.1266269,0.060483117,0.00013383618,-0.03264603,-0.12987794,-0.024868343,0.114099495,0.056017414,-0.10166526,-0.028587922,0.03626547,0.09732772,-0.015088217,0.006582313,-0.011316881,-0.024718978,0.04212486,0.1159554
-0.037024193,0.05536717,0.007183859,0.023998406,-0.04018607,-0.108088784,0.012737334,0.013288742,0.044567965,0.049903687,0.024989573,0.018520918,0.03285603,0.010402074,0.1258388,0.059749775,0.0015329155,-0.03197593,-0.12759784,-0.025459994,0.11331923,0.05600119,-0.10099371,-0.03097608,0.03652819,0.09765467,-0.014528796,0.0061628,-0.011880286,-0.026513392,0.04194891,0.11540505
-0.036122374,0.0542686,0.0076288283,0.023074403,-0.039687067,-0.108791396,0.014823817,0.012962764,0.044551138,0.050673954,0.02553576,0.017721722,0.035241947,0.00902282,0.12638167,0.062025443,-0.0015707766,-0.032475084,-0.13163286,-0.023797477,0.11366503,0.055872433,-0.10254253,-0.027464129,0.03616748,0.09764395,-0.015811458,0.0067382613,-0.012223365,-0.023684012,0.04129529,0.11703515
-0.036890604,0.055152334,0.007025065,0.022776857,-0.040763937,-0.10910298,0.012962408,0.01396573,0.04455474,0.049563758,0.02521963,0.0191641,0.031973522,0.009949341,0.12718311,0.05885279,0.0020495332,-0.03261561,-0.12839007,-0.02609313,0.113658816,0.055938732,-0.1010446,-0.030225232,0.036643058,0.097315535,-0.014986452,0.0064199287,-0.011522643,-0.026001243,0.043141015,0.11542696
-0.037067726,0.054646086,0.0071773008,0.024098136,-0.039704096,-0.10841257,0.013801329,0.012142004,0.044568963,0.050639905,0.026136292,0.017383577,0.034049615,0.009355133,0.12552789,0.061476395,-0.00063825445,-0.032178607,-0.12951075,-0.024123125,0.11403595,0.05612185,-0.1016844,-0.02876937,0.03604995,0.09755418,-0.01468586,0.0064188577,-0.011402667,-0.024810387,0.041027956,0.11597512
-0.036876395,0.05445556,0.0072591044,0.02353947,-0.039864197,-0.1088306,0.014197841,0.012406031,0.04458069,0.050713148,0.026153997,0.017551456,0.03412855,0.008991234,0.12604198,0.061495397,-0.0009130412,-0.032434274,-0.13042337,-0.024175435,0.11418241,0.056113392,-0.10198388,-0.028054733,0.036037665,0.09740898,-0.015046323,0.006559967,-0.011419663,-0.024203802,0.04137941,0.11628903
-0.036642745,0.05491711,0.007188961,0.022579968,-0.040557824,-0.10913274,0.013445267,0.014109248,0.04458137,0.04975476,0.025134642,0.019079057,0.032491054,0.0098442575,0.12729606,0.059272237,0.0015653172,-0.032582372,-0.12894073,-0.025743842,0.11350669,0.055885196,-0.10127316,-0.02980996,0.036605217,0.097430736,-0.015267398,0.0064996006,-0.011782516,-0.025634896,0.042960554,0.11576113
-0.036445342,0.054887563,0.007357821,0.022466991,-0.040627155,-0.10918623,0.013819117,0.014003776,0.044538997,0.049888663,0.025112,0.018888906,0.033056814,0.009539935,0.12734786,0.059741493,0.00085764704,-0.032652788,-0.12996209,-0.025525944,0.11364042,0.055888783,-0.10172402,-0.029073931,0.0365097,0.097330086,-0.015498991,0.0065932767,-0.0119516235,-0.02501214,0.042858694,0.116176166
-0.037270807,0.055008825,0.0068486966,0.022715904,-0.040975913,-0.1093377,0.012763152,0.014061892,0.044716842,0.04948642,0.025187958,0.019496478,0.031119507,0.009696038,0.12744068,0.058304414,0.0027636518,-0.03270044,-0.12766352,-0.02642337,0.113760315,0.056106627,-0.10071933,-0.030655414,0.036615826,0.09727207,-0.014813382,0.0062648896,-0.01131762,-0.026620219,0.04347288,0.11514158
-0.03695295,0.055388235,0.006987866,0.023235,-0.040674005,-0.10869552,0.012580268,0.013816366,0.044515517,0.049389012,0.025070164,0.019079696,0.03199807,0.010332867,0.12677656,0.05880447,0.002311071,-0.032406352,-0.1276868,-0.026088715,0.11345093,0.05589804,-0.10084015,-0.030870743,0.03670213,0.09745834,-0.014752179,0.006312551,-0.011628542,-0.02655853,0.04287499,0.115211695
-0.035894834,0.053787917,0.007770017,0.022357028,-0.039689727,-0.10939485,0.015621766,0.013158403,0.04462149,0.051062513,0.025729585,0.017763933,0.03559792,0.0083489455,0.12694529,0.062437363,-0.002349284,-0.032796495,-0.13309918,-0.02356526,0.113933265,0.055912796,-0.10303694,-0.026182994,0.0360535,0.09748099,-0.016322386,0.006942028,-0.012187028,-0.02256893,0.04153423,0.117579415
-0.03557483,0.054046538,0.007959964,0.022219121,-0.039869975,-0.109196104,0.015475523,0.0136633925,0.044575773,0.050810266,0.025064684,0.01814089,0.03574625,0.008642677,0.12708625,0.062150683,-0.002029276,-0.03274084,-0.13313557,-0.02389413,0.11355807,0.055807896,-0.103162065,-0.02658423,0.03624908,0.097536735,-0.01656867,0.0069204317,-0.012690548,-0.02282154,0.041772015,0.117753655
-0.03697397,0.05547714,0.0071957447,0.023671944,-0.04041718,-0.108251005,0.012605663,0.013769677,0.04458896,0.049731668,0.024707621,0.018965056,0.032412242,0.010532486,0.1262234,0.059168823,0.0021335832,-0.032047987,-0.1273743,-0.025922105,0.11321235,0.055975083,-0.10086598,-0.031328425,0.03665244,0.09759965,-0.014611766,0.0061475383,-0.011966862,-0.026767062,0.042446434,0.11532942
-0.036644377,0.054664813,0.007367702,0.02320163,-0.040060848,-0.10880676,0.013959445,0.013210701,0.04460171,0.050411142,0.025458153,0.018226096,0.033783272,0.009414567,0.12643027,0.060762897,-3.8291793e-05,-0.03240709,-0.12994872,-0.024751067,0.113734655,0.056003924,-0.10181697,-0.028840255,0.036297347,0.097490765,-0.0152441785,0.0065068845,-0.01183271,-0.024768872,0.041918486,0.116255246
-0.036893584,0.05531881,0.007088853,0.02317169,-0.040634867,-0.10871889,0.012794919,0.013848646,0.04454167,0.049562097,0.02501465,0.019043136,0.032209374,0.010214362,0.12678146,0.059005067,0.0020523486,-0.032386266,-0.12800877,-0.02599438,0.11346326,0.055927157,-0.10098971,-0.030654106,0.036654033,0.097442746,-0.014840832,0.006322897,-0.011725355,-0.026325678,0.04282345,0.11539045
-0.036390305,0.05475223,0.0073942486,0.022460703,-0.04040604,-0.10911672,0.013921568,0.014152074,0.044591956,0.049981147,0.025017861,0.018933142,0.033143703,0.009673556,0.12731282,0.05980685,0.0009148088,-0.032549743,-0.12970424,-0.025389537,0.113424316,0.05585739,-0.10162258,-0.0292781,0.03653888,0.09748948,-0.015543569,0.0065721907,-0.012072355,-0.0251512,0.042736746,0.116178885
-0.03673456,0.055041373,0.0071909837,0.02298225,-0.040538266,-0.10892491,0.013325505,0.013646502,0.04454091,0.0498308,0.025240637,0.018775115,0.032804165,0.009759614,0.12685832,0.05964507,0.0011608084,-0.03253309,-0.12913229,-0.025569605,0.11367322,0.055942576,-0.1014266,-0.029645544,0.036518153,0.09737455,-0.01511736,0.0064620497,-0.011723433,-0.025496848,0.042640716,0.115810275
-0.03724041,0.05573582,0.007186208,0.024494953,-0.040125906,-0.10758883,0.012134451,0.013489597,0.04462509,0.04982005,0.024513511,0.018769968,0.032402653,0.011055481,0.12540054,0.059228912,0.0024731667,-0.03158435,-0.12606998,-0.025848283,0.11293559,0.05603566,-0.10048097,-0.032446764,0.036649555,0.09782336,-0.014105216,0.005893126,-0.0120760705,-0.027617283,0.041899364,0.11497849
-0.036925294,0.055174798,0.0069940593,0.022819847,-0.040760368,-0.10908007,0.012874717,0.013960268,0.044556513,0.049529515,0.02522053,0.019189155,0.031891488,0.010003043,0.12715064,0.058781266,0.0021599666,-0.03260652,-0.12822615,-0.026132785,0.1136432,0.05593791,-0.10097742,-0.030349456,0.0366609,0.09732767,-0.014941273,0.0064021545,-0.01149285,-0.026107833,0.043150112,0.11535693
-0.036665425,0.054912366,0.0072504506,0.022519045,-0.04068078,-0.109267205,0.01354287,0.014005339,0.04459806,0.049936518,0.025158245,0.019070186,0.032611012,0.009549758,0.12728176,0.05943399,0.0012474065,-0.032692462,-0.12951373,-0.025792887,0.11374492,0.055975556,-0.10152462,-0.029392183,0.03653781,0.09725608,-0.015331082,0.006512303,-0.0117222555,-0.02521648,0.04304777,0.115954615
-0.036817953,0.054903336,0.007130876,0.02308505,-0.040418196,-0.10896429,0.013444133,0.013339313,0.04454039,0.049953658,0.025550375,0.01851445,0.032939196,0.009588214,0.1267291,0.059945554,0.00081329746,-0.03256062,-0.12930776,-0.025303382,0.11383568,0.055974744,-0.10147334,-0.029310275,0.036421932,0.09736608,-0.0150620835,0.0064954152,-0.011539187,-0.02526226,0.042421,0.11581673
-0.036759887,0.054835297,0.007344056,0.022646274,-0.04031059,-0.108911246,0.013465233,0.014384283,0.044713654,0.050239325,0.024792714,0.019239595,0.032413993,0.009893453,0.12713112,0.059279505,0.001854395,-0.032194134,-0.12836468,-0.025806187,0.113291405,0.056052607,-0.10108765,-0.030459639,0.0364877,0.09754736,-0.015140374,0.006248408,-0.011954084,-0.026065152,0.04282501,0.1157376
-0.03649651,0.054677047,0.0073749013,0.02234577,-0.040383644,-0.10920972,0.0139660835,0.014325064,0.04465294,0.050083138,0.02503974,0.019045144,0.03281997,0.0096985735,0.1274372,0.059588633,0.001193929,-0.032502223,-0.12935705,-0.02550587,0.11340615,0.055903234,-0.10144191,-0.029502053,0.036530234,0.0974944,-0.015469434,0.0065341126,-0.012000499,-0.025298517,0.04286311,0.11605431
-0.036990214,0.054946315,0.007103326,0.02350312,-0.040222354,-0.108688064,0.013294093,0.013080463,0.044566892,0.050080705,0.025601571,0.01831497,0.03298201,0.009739259,0.12629105,0.06010939,0.00081453053,-0.032355983,-0.12877904,-0.025153432,0.11378775,0.05602795,-0.10131328,-0.029676575,0.036371727,0.09746151,-0.014800014,0.0063879695,-0.0114994105,-0.025538813,0.04207543,0.115659654
-0.037168257,0.055237226,0.0071174204,0.024249686,-0.039959423,-0.1080097,0.012780797,0.012961416,0.04459481,0.05007563,0.025260314,0.01824704,0.032965556,0.01035263,0.12555146,0.060054056,0.0012905789,-0.03190041,-0.12743603,-0.02516285,0.11339631,0.056045473,-0.10092285,-0.030910544,0.03643547,0.09771847,-0.014373578,0.006139202,-0.0117148105,-0.026479047,0.041616738,0.115326226
-0.036021776,0.0540126,0.0077471603,0.022157397,-0.039971747,-0.10947795,0.015240597,0.013697021,0.044681504,0.050922185,0.025361393,0.018336657,0.034790687,0.008607825,0.12721348,0.061563797,-0.0013401047,-0.032777015,-0.1323111,-0.024282683,0.11381459,0.055959594,-0.102705464,-0.027026817,0.036203038,0.09739904,-0.016205886,0.0068184137,-0.012204133,-0.023160543,0.04212877,0.11729687
-0.036097407,0.054616123,0.007602293,0.022380397,-0.040296227,-0.1091066,0.014356647,0.014079237,0.04457867,0.05018279,0.024906052,0.018759187,0.033957087,0.009418125,0.127263,0.060462087,8.146884e-05,-0.03259559,-0.13076115,-0.02500879,0.11341642,0.055826306,-0.10211071,-0.028540514,0.036475487,0.09750081,-0.015877051,0.006668088,-0.012353348,-0.024500119,0.042496413,0.11668794
-0.03671325,0.05498638,0.007225765,0.022989191,-0.04027823,-0.10873631,0.0132173225,0.014124859,0.044641957,0.049847126,0.024873892,0.019094886,0.03255602,0.010229338,0.12684195,0.05930548,0.0018316717,-0.032289337,-0.12810493,-0.02567824,0.113183625,0.055890717,-0.10102561,-0.030580372,0.036657326,0.09765156,-0.0150722675,0.0063438937,-0.011966566,-0.026188383,0.042649165,0.11560746
-0.03701207,0.05450568,0.0072248876,0.023450265,-0.039936442,-0.108891696,0.013995085,0.012701381,0.044652913,0.05072826,0.025996879,0.017876668,0.033607975,0.0091350265,0.12614441,0.061013225,-0.00030580768,-0.032397687,-0.12981927,-0.02454616,0.11411228,0.05616708,-0.10172211,-0.028602093,0.036109183,0.09739003,-0.014936127,0.0064671133,-0.011369767,-0.024574108,0.041677754,0.11607937
-0.03677842,0.054885153,0.0072591677,0.02354493,-0.03995624,-0.10845293,0.013386209,0.013379285,0.04462126,0.050159488,0.02518826,0.018455824,0.033336006,0.01001716,0.12616767,0.060248222,0.00085126003,-0.032173708,-0.12856728,-0.025014617,0.11336118,0.055952337,-0.101299375,-0.030043952,0.036463886,0.09770305,-0.014952545,0.0063405437,-0.011903573,-0.025757866,0.041896224,0.11580257
-0.037188713,0.05480388,0.0069589242,0.02361074,-0.040116988,-0.10877784,0.013285067,0.012780776,0.04458504,0.050176058,0.025993573,0.01811885,0.032833643,0.009606041,0.12618183,0.060212757,0.00071680034,-0.032397296,-0.1286361,-0.024997476,0.11398506,0.0560824,-0.10120056,-0.029527344,0.036290582,0.09744094,-0.01464395,0.0063946676,-0.011173515,-0.025465133,0.041944303,0.11549997
-0.036696516,0.05491619,0.007181054,0.022613637,-0.04065908,-0.10923944,0.01348355,0.0138375,0.04456388,0.04985505,0.025306353,0.018945841,0.032628436,0.009554732,0.12721749,0.05949267,0.0011875504,-0.032711416,-0.12947795,-0.025699966,0.11379199,0.055953983,-0.10149717,-0.029331796,0.03652487,0.09726937,-0.015277684,0.006532748,-0.011629375,-0.025230557,0.042949855,0.1158868
-0.03697618,0.055210676,0.0070357174,0.023271024,-0.040525425,-0.10874006,0.012844209,0.013625549,0.0445545,0.049670264,0.025230847,0.018878322,0.032279793,0.010105162,0.12665087,0.059208058,0.00184112,-0.03240126,-0.1280593,-0.025814347,0.11357252,0.055959284,-0.100995496,-0.030471288,0.03659216,0.097444944,-0.014783507,0.006332022,-0.011576373,-0.026191846,0.04266239,0.11537233
-0.036993034,0.05517623,0.0070702992,0.022957154,-0.04064324,-0.10894276,0.01288664,0.014014998,0.04462199,0.049735066,0.025072252,0.019209983,0.03190941,0.010087742,0.12695809,0.058831625,0.0022180523,-0.03244356,-0.12793787,-0.026131677,0.113545835,0.056000058,-0.10090916,-0.030647706,0.036638904,0.097380705,-0.014846915,0.0063094143,-0.011590287,-0.026254643,0.04303918,0.1153505
-0.035986524,0.054478332,0.007826468,0.023122182,-0.039665073,-0.108487666,0.014649563,0.013499688,0.044612,0.050667994,0.02482321,0.018127417,0.035224568,0.009461845,0.12630174,0.061712116,-0.0010288977,-0.032223728,-0.13104345,-0.024111647,0.11319644,0.055845365,-0.102417044,-0.028345697,0.03632226,0.09779289,-0.015844267,0.006591443,-0.012715058,-0.024248203,0.041407987,0.11705938
-0.036870003,0.05457368,0.0071689636,0.022741236,-0.040375106,-0.109350294,0.013871601,0.013382122,0.044638097,0.050347555,0.025777176,0.018526956,0.03292582,0.009146215,0.12695922,0.060136348,0.00045851944,-0.03270711,-0.12989052,-0.025211778,0.11408971,0.056087527,-0.10163892,-0.028692361,0.036305696,0.09723625,-0.015205508,0.006554677,-0.011355147,-0.02467086,0.042554334,0.11601263
-0.03641215,0.054345667,0.007412957,0.022623304,-0.040147737,-0.10929843,0.014510017,0.013279527,0.044585753,0.05049649,0.025704697,0.018201964,0.034075115,0.008897756,0.12695256,0.061048813,-0.0006655217,-0.03274446,-0.13121568,-0.024554782,0.11398094,0.055969674,-0.10222975,-0.02770444,0.03623358,0.09734972,-0.015676046,0.0067266123,-0.011758413,-0.023882303,0.042128533,0.1166507
-0.036408946,0.054232493,0.0074776,0.022737555,-0.039993707,-0.10924073,0.014718566,0.013086097,0.044606768,0.050725173,0.025792433,0.017983532,0.034413144,0.00875775,0.12676121,0.061456215,-0.0011075796,-0.032688975,-0.13150245,-0.02427649,0.11403421,0.056010768,-0.1023764,-0.027420595,0.036141604,0.09737004,-0.015689587,0.006731147,-0.011779474,-0.023615925,0.041859306,0.11680239
-0.0372131,0.055585835,0.0071328785,0.024191078,-0.040215224,-0.10789574,0.012302201,0.013518661,0.044620693,0.049811676,0.024722608,0.018805144,0.032308713,0.010808641,0.12570721,0.059198413,0.002352634,-0.031787235,-0.1264994,-0.025853692,0.11311344,0.05603271,-0.10057474,-0.03198241,0.036628917,0.09772343,-0.014246613,0.005992938,-0.011908993,-0.027277783,0.04210095,0.11504424
-0.0364696,0.05463494,0.007637229,0.02406039,-0.03934506,-0.1079479,0.014146576,0.012814581,0.04463069,0.05078272,0.025122851,0.0176643,0.03505046,0.009793585,0.12539533,0.061880417,-0.0008504228,-0.031851154,-0.12971829,-0.023882754,0.113215476,0.055957295,-0.101955086,-0.029177532,0.036217093,0.097942606,-0.015160414,0.0063704504,-0.012425248,-0.024955167,0.040743254,0.116535045
-0.037095428,0.05514878,0.00702356,0.022860974,-0.040659487,-0.10900872,0.01284086,0.014151823,0.044652082,0.04975828,0.025102656,0.019315336,0.031567108,0.010119079,0.12709174,0.058576792,0.002544166,-0.0323995,-0.12758012,-0.026274499,0.11353946,0.056036193,-0.10072017,-0.030893788,0.03662803,0.097378746,-0.014760656,0.006263839,-0.011497052,-0.026469551,0.04317049,0.115192145
-0.037107978,0.05495368,0.0072124247,0.022603061,-0.04084696,-0.10941921,0.013171285,0.014104987,0.044798627,0.049862485,0.025123928,0.019384842,0.031600628,0.009574305,0.12744518,0.058829777,0.0021420973,-0.03277765,-0.12852606,-0.02622217,0.11377717,0.056090288,-0.10114124,-0.029943023,0.036572065,0.097184636,-0.0150655545,0.006258948,-0.0115213655,-0.02587922,0.04333288,0.11557221
-0.036886737,0.055342756,0.0071241986,0.023276981,-0.04057776,-0.10861622,0.012777101,0.013822911,0.044550158,0.04960751,0.02493921,0.019016795,0.032317616,0.01026655,0.12665273,0.059089728,0.0020090588,-0.032321323,-0.12795055,-0.025949799,0.11340661,0.05593274,-0.10099977,-0.030745264,0.036652856,0.09747939,-0.014819218,0.006292917,-0.01179692,-0.026374023,0.04272376,0.11541443
-0.036867715,0.054827467,0.0072812214,0.023197759,-0.040250227,-0.1088549,0.013628738,0.013373263,0.044637803,0.0503456,0.02539131,0.018487282,0.033133116,0.009542214,0.12649673,0.060197774,0.00062191533,-0.032386962,-0.12929182,-0.025207236,0.113783,0.05607964,-0.10153195,-0.029402625,0.036347132,0.09739586,-0.0150222685,0.006404409,-0.011677133,-0.025184324,0.042246148,0.11595486
-0.036795348,0.05511343,0.0071769115,0.023036432,-0.040551923,-0.10886274,0.013174517,0.013742037,0.04456114,0.04980275,0.025136575,0.018888516,0.032609962,0.0098963985,0.12682015,0.059445042,0.0014520115,-0.032471728,-0.12875836,-0.025717903,0.11359829,0.055955183,-0.10128668,-0.02999486,0.03655818,0.09739592,-0.015029749,0.0064030653,-0.011737134,-0.025755752,0.0427062,0.115690716
-0.037269995,0.055354368,0.0069533736,0.02376628,-0.040335674,-0.10837826,0.012403343,0.013552757,0.044622704,0.049727976,0.025127083,0.018905057,0.03191267,0.010516682,0.1261693,0.058968294,0.002427463,-0.032101464,-0.1267805,-0.025935043,0.11338117,0.056027547,-0.100537136,-0.03149666,0.036626197,0.09759347,-0.014360828,0.0061223423,-0.011524299,-0.026970387,0.042453833,0.11495933
-0.037253723,0.055014223,0.0070931427,0.024145398,-0.039909918,-0.10824623,0.013081808,0.012730466,0.044625055,0.050328054,0.025616415,0.018040208,0.033057693,0.009981569,0.12560092,0.060361844,0.00083036674,-0.032011677,-0.12794445,-0.024943423,0.11368735,0.056124188,-0.101070955,-0.03029365,0.036294043,0.09761227,-0.014399089,0.0062040295,-0.011481596,-0.025976723,0.041548483,0.11544063
-0.03702031,0.054545313,0.0072583444,0.022491846,-0.040617388,-0.10966998,0.013923695,0.013711309,0.04481038,0.050357226,0.025605693,0.01889902,0.032327432,0.009032695,0.12735744,0.059715346,0.0009120167,-0.032903157,-0.1297541,-0.025582753,0.11411526,0.0561425,-0.10160326,-0.028719217,0.036369197,0.09711371,-0.01526751,0.0064650383,-0.011391176,-0.024767227,0.042990763,0.116004
-0.036696363,0.054719638,0.0074786413,0.024050906,-0.039450817,-0.108019985,0.013781842,0.012958344,0.04466666,0.050653253,0.025152888,0.017920338,0.034350764,0.009969619,0.12547901,0.061292745,-0.00012232037,-0.031858698,-0.12890871,-0.024268057,0.11322298,0.055995267,-0.10157712,-0.029773947,0.036293663,0.09791211,-0.01494143,0.006288331,-0.01219891,-0.02544437,0.041038178,0.11615285
-0.03663092,0.054908663,0.0073613897,0.022835305,-0.0403023,-0.108826436,0.013557052,0.014163662,0.044657875,0.050054684,0.024850205,0.019018946,0.032805737,0.010006751,0.12694332,0.059551414,0.0014458685,-0.032294657,-0.12867244,-0.025576454,0.11326736,0.05593266,-0.10126515,-0.030165158,0.03657076,0.097580165,-0.015202035,0.0063831424,-0.012069715,-0.025794055,0.042636402,0.11586446
-0.037133887,0.05497182,0.007196309,0.024073299,-0.039894544,-0.108255275,0.013284881,0.012755364,0.044623375,0.050420612,0.025541121,0.01799452,0.033348743,0.009877274,0.12562746,0.060583696,0.00052836677,-0.03201821,-0.12837091,-0.02483048,0.113680586,0.056118708,-0.10126666,-0.030016087,0.03626468,0.09760358,-0.014535548,0.0062389914,-0.0116171725,-0.025720352,0.04149314,0.115652956
-0.036975317,0.055258177,0.0070595574,0.023284411,-0.04042647,-0.10859306,0.012674898,0.013995044,0.044615056,0.049625933,0.024910547,0.019162726,0.03201871,0.010469666,0.12665035,0.058853466,0.0024290443,-0.03223321,-0.12727888,-0.026010673,0.11323565,0.055928282,-0.100699835,-0.031228065,0.036709905,0.097605094,-0.014724964,0.006231772,-0.011756869,-0.02675256,0.04274913,0.11519912
-0.037136897,0.055291623,0.0070104226,0.023102267,-0.040645633,-0.10881135,0.012683786,0.014057649,0.044627704,0.04965771,0.02505206,0.019236235,0.031569693,0.010318804,0.12688872,0.058549933,0.0026438297,-0.032301247,-0.12724617,-0.026273945,0.11345843,0.05601262,-0.100628026,-0.031185716,0.03665777,0.097431235,-0.014622727,0.0062274104,-0.011551144,-0.02670997,0.04304116,0.11508484
-0.037033737,0.055051915,0.0071645454,0.022867411,-0.040408343,-0.108765535,0.012836548,0.014354469,0.04470323,0.050078366,0.024767645,0.01942363,0.031785604,0.010098893,0.12700203,0.058751557,0.0026313136,-0.03208397,-0.12740669,-0.02619553,0.113298714,0.05612471,-0.10068731,-0.031259634,0.036512144,0.09753212,-0.014808651,0.006066121,-0.011720322,-0.02679888,0.04296164,0.11528685
-0.036262177,0.053452086,0.0068937056,0.02203969,-0.03999331,-0.110140756,0.014978368,0.012342252,0.04444062,0.051088728,0.027220728,0.017327424,0.03328955,0.008083751,0.12656897,0.061173562,-0.001297168,-0.03298818,-0.13123247,-0.023767406,0.11499295,0.05605819,-0.10235611,-0.026763208,0.035389144,0.096866935,-0.015380113,0.007252969,-0.011058683,-0.02303935,0.041825347,0.11667191
-0.03679629,0.054471117,0.0073762257,0.023635,-0.039675206,-0.108598426,0.014152624,0.012696631,0.044649724,0.05080184,0.025756061,0.017742565,0.034223996,0.009292349,0.12588775,0.061449,-0.00065922225,-0.0322292,-0.12994826,-0.024202485,0.11382233,0.05609101,-0.101861194,-0.028627783,0.036123037,0.09759273,-0.015063312,0.00646065,-0.011726677,-0.024569293,0.04129118,0.11630121
