z0_0,z0_1,z0_2,z0_3,z0_4,z0_5,z0_6,z0_7,z0_8,z0_9,z0_10,z0_11,z0_12,z0_13,z0_14,z0_15,z0_16,z0_17,z0_18,z0_19,z0_20,z0_21,z0_22,z0_23,z0_24,z0_25,z0_26,z0_27,z0_28,z0_29,z0_30,z0_31
0.061513133,0.28322253,-0.43280423,0.35982674,0.31952545,-0.5453897,0.58727384,0.78023124,-0.0984771,0.3749527,-0.13507813,0.1023708,0.418362,-0.19342835,0.7326448,-0.17963043,0.45614055,-0.47784516,-0.36264962,0.15540154,-0.1721955,0.20168199,-0.5925303,0.1807722,-0.39850232,0.19925852,-0.2659485,-0.27716568,0.17341201,0.31945986,-0.32477868,-0.4703344
0.059825532,0.28277647,-0.4371397,0.36078203,0.32031482,-0.54774714,0.5874259,0.7847924,-0.09786812,0.37281537,-0.14123246,0.10558518,0.41832012,-0.1877833,0.73334086,-0.17821491,0.46253145,-0.48140946,-0.36028224,0.14598335,-0.16760263,0.20157425,-0.5936087,0.18178278,-0.39763948,0.20261803,-0.26687032,-0.2744625,0.17223266,0.32094115,-0.33394146,-0.47148424
0.056970507,0.2812341,-0.4397068,0.35872847,0.32067767,-0.5504136,0.58685523,0.7887075,-0.09833506,0.37172318,-0.14481354,0.107625395,0.41901878,-0.1834529,0.73363835,-0.17681542,0.46755406,-0.48443308,-0.35780376,0.1390797,-0.16429348,0.20251358,-0.5944492,0.1812731,-0.39667878,0.20564666,-0.26700893,-0.27367294,0.17125036,0.32166904,-0.3410668,-0.47226804
0.0610165,0.28307772,-0.43409362,0.36038506,0.31970453,-0.5459865,0.5871381,0.7813621,-0.09822594,0.3743406,-0.13665771,0.103405565,0.41825283,-0.19169351,0.7327423,-0.1792488,0.45791683,-0.47862858,-0.36193216,0.15274623,-0.17108598,0.20178056,-0.5927917,0.18111433,-0.39826122,0.200177,-0.2661956,-0.27629685,0.17315051,0.31974182,-0.32716388,-0.4706328
0.05223976,0.27862722,-0.44378105,0.3555502,0.3211662,-0.5546452,0.58563,0.7947498,-0.09907312,0.37004113,-0.15014912,0.11098571,0.42007676,-0.17639418,0.7339489,-0.17458527,0.47549427,-0.48895758,-0.35373208,0.12817332,-0.15932447,0.20429367,-0.59572506,0.18039723,-0.395125,0.2104595,-0.26714677,-0.272422,0.16978106,0.32259214,-0.35210264,-0.47346422
0.061092086,0.28309974,-0.4338974,0.3603001,0.3196773,-0.5458957,0.5871588,0.78119004,-0.098264165,0.37443376,-0.13641731,0.10324809,0.41826943,-0.1919575,0.73272747,-0.17930686,0.45764652,-0.47850937,-0.36204135,0.15315032,-0.17125483,0.20176555,-0.5927519,0.18106227,-0.3982979,0.20003721,-0.26615798,-0.2764291,0.17319031,0.3196989,-0.32680088,-0.47058737
0.056411684,0.28092614,-0.4401881,0.35835305,0.3207354,-0.55091345,0.5867105,0.78942126,-0.09842224,0.3715245,-0.14544381,0.10802234,0.41914377,-0.1826191,0.733675,-0.17655197,0.46849203,-0.48496753,-0.35732278,0.13779138,-0.16370651,0.20272386,-0.5945999,0.18116964,-0.3964952,0.2062152,-0.26702523,-0.27352515,0.1710768,0.3217781,-0.34237042,-0.47240934
0.057846352,0.2817167,-0.4389525,0.35931692,0.32058722,-0.54963017,0.5870821,0.78758883,-0.098198414,0.3720346,-0.14382571,0.10700326,0.4188229,-0.1847598,0.7335808,-0.1772283,0.466084,-0.4835954,-0.35855758,0.14109895,-0.16521345,0.20218402,-0.594213,0.18143526,-0.39696643,0.20475562,-0.26698342,-0.2739045,0.1715224,0.32149816,-0.3390236,-0.47204658
0.059349902,0.28254524,-0.43765762,0.36032706,0.32043198,-0.54828525,0.5874715,0.7856685,-0.09796383,0.3725692,-0.14212993,0.105935276,0.41848665,-0.18700323,0.7334821,-0.17793709,0.46356043,-0.4821574,-0.35985166,0.14456524,-0.16679272,0.20161825,-0.5938075,0.18171364,-0.39746022,0.20322599,-0.26693964,-0.2743021,0.17198937,0.32120478,-0.33551615,-0.4716664
0.05883099,0.2822593,-0.4381045,0.35997844,0.32048556,-0.5487494,0.5873371,0.7863313,-0.0980448,0.3723847,-0.14271517,0.10630386,0.4186027,-0.18622896,0.73351616,-0.17769247,0.46443138,-0.4826537,-0.35940504,0.14336894,-0.1662477,0.20181352,-0.59394747,0.18161756,-0.3972898,0.20375389,-0.26695472,-0.27416486,0.1718282,0.32130602,-0.33672664,-0.47179762
0.060636804,0.28296697,-0.43507946,0.36081195,0.31984147,-0.54644275,0.58703434,0.78222674,-0.09803391,0.37387258,-0.1378654,0.10419673,0.41816932,-0.19036712,0.73281693,-0.17895702,0.45927495,-0.47922757,-0.36138362,0.15071613,-0.17023769,0.20185593,-0.5929915,0.1813759,-0.3980769,0.20087922,-0.2663845,-0.27563256,0.17295058,0.31995738,-0.32898748,-0.47086093
0.047113687,0.2758025,-0.44819576,0.35210633,0.32169554,-0.5592304,0.58430237,0.80129695,-0.09987286,0.3682185,-0.1559306,0.11462684,0.42122313,-0.16874553,0.7342854,-0.17216875,0.48409802,-0.49386016,-0.34932014,0.11635554,-0.15394022,0.2062225,-0.5971075,0.17944814,-0.39344138,0.21567452,-0.26729614,-0.27106655,0.16818899,0.32359236,-0.3640607,-0.47476035
0.061435588,0.2831999,-0.43300557,0.35991392,0.3195534,-0.5454829,0.5872527,0.78040785,-0.09843788,0.37485716,-0.13532478,0.10253237,0.41834494,-0.19315748,0.73266,-0.17957082,0.4564179,-0.4779675,-0.3625376,0.15498693,-0.17202225,0.20169738,-0.59257114,0.18082562,-0.39846468,0.19940193,-0.26598707,-0.27703002,0.17337118,0.31950387,-0.3251511,-0.470381
0.060876712,0.28303695,-0.4344566,0.36054224,0.31975496,-0.5461545,0.5870999,0.78168046,-0.09815524,0.37416828,-0.13710234,0.10369685,0.41822207,-0.19120516,0.7327698,-0.17914137,0.45841682,-0.4788491,-0.36173022,0.15199879,-0.17077367,0.2018083,-0.5928652,0.18121064,-0.39819336,0.20043552,-0.26626515,-0.27605227,0.1730769,0.31982118,-0.32783526,-0.4707168
0.051959783,0.27847293,-0.44402218,0.35536212,0.32119513,-0.55489564,0.58555746,0.79510736,-0.0991168,0.3699416,-0.15046489,0.11118458,0.42013937,-0.1759764,0.73396724,-0.17445329,0.4759642,-0.48922533,-0.3534911,0.12752783,-0.15903038,0.20439902,-0.5958006,0.18034539,-0.39503303,0.21074435,-0.26715493,-0.27234796,0.1696941,0.32264677,-0.35275578,-0.47353503
0.05919066,0.2824575,-0.43779474,0.36022007,0.3204484,-0.5484277,0.58743024,0.78587186,-0.09798868,0.37251258,-0.14230952,0.10604838,0.41852227,-0.18676563,0.73349255,-0.17786203,0.4638277,-0.4823097,-0.35971463,0.14419815,-0.16662547,0.20167819,-0.59385043,0.18168415,-0.39740795,0.20338798,-0.26694426,-0.27425998,0.17193991,0.32123584,-0.3358876,-0.47170666
0.060325585,0.28287625,-0.43588752,0.36116186,0.3199537,-0.54681677,0.5869492,0.78293544,-0.09787651,0.37348896,-0.1388553,0.10484521,0.4181009,-0.18927988,0.7328781,-0.17871785,0.46038812,-0.47971857,-0.36093402,0.14905205,-0.16954237,0.2019177,-0.59315526,0.18159032,-0.3979258,0.20145482,-0.26653937,-0.27508807,0.1727867,0.3201341,-0.33048227,-0.47104794
0.038284183,0.26779574,-0.45063987,0.35289878,0.3284958,-0.56711376,0.58106995,0.80603725,-0.10732736,0.3689527,-0.15148808,0.124871135,0.42151618,-0.14665131,0.72097486,-0.16103873,0.49284768,-0.4913981,-0.34591392,0.10740632,-0.1557305,0.21423021,-0.59657437,0.17646292,-0.3852672,0.2243505,-0.26485947,-0.26432317,0.1669392,0.32029015,-0.3636734,-0.46884498
0.056443244,0.28094354,-0.4401609,0.35837427,0.32073212,-0.5508852,0.5867187,0.7893809,-0.09841731,0.37153572,-0.14540818,0.10799991,0.4191367,-0.18266621,0.7336729,-0.17656687,0.46843904,-0.48493734,-0.35735,0.13786417,-0.16373968,0.20271197,-0.5945914,0.18117547,-0.3965056,0.20618308,-0.2670243,-0.2735335,0.17108661,0.32177192,-0.34229675,-0.47240135
0.061227545,0.28313923,-0.43354574,0.3601478,0.31962845,-0.5457329,0.5871958,0.7808816,-0.098332666,0.3746007,-0.13598649,0.10296586,0.4182992,-0.19243068,0.7327009,-0.17941096,0.45716202,-0.47829568,-0.36223704,0.15387453,-0.17155743,0.20173867,-0.59268063,0.18096896,-0.39836368,0.19978671,-0.2660906,-0.27666605,0.17326163,0.31962198,-0.32615033,-0.47050598
0.04716128,0.27582872,-0.44815475,0.3521383,0.32169062,-0.5591878,0.5843147,0.80123615,-0.099865444,0.36823544,-0.15587689,0.11459302,0.4212125,-0.16881657,0.7342823,-0.17219119,0.4840181,-0.49381462,-0.34936112,0.11646527,-0.15399021,0.20620461,-0.5970947,0.17945695,-0.39345703,0.21562609,-0.26729473,-0.27107912,0.16820376,0.32358307,-0.36394966,-0.47474834
0.039487273,0.2689357,-0.4503873,0.352686,0.3274774,-0.5660398,0.58152515,0.80549324,-0.10621688,0.3687923,-0.15231791,0.123413354,0.42150247,-0.14980088,0.72300506,-0.16266388,0.49175006,-0.49190357,-0.3463127,0.10844794,-0.1553141,0.21306606,-0.59669244,0.17689073,-0.38646317,0.2231731,-0.26523346,-0.26531073,0.16708624,0.32081842,-0.36405325,-0.469778
0.060504533,0.2829284,-0.43542293,0.3609607,0.3198892,-0.5466017,0.58699816,0.782528,-0.097967,0.37370953,-0.13828617,0.10447237,0.41814023,-0.18990497,0.7328429,-0.17885536,0.4597481,-0.47943628,-0.36119252,0.15000878,-0.16994214,0.20188217,-0.5930611,0.18146706,-0.39801267,0.2011239,-0.26645035,-0.27540112,0.17288092,0.3200325,-0.32962286,-0.47094044
0.061174385,0.28312373,-0.43368375,0.36020756,0.3196476,-0.54579675,0.58718127,0.78100264,-0.09830578,0.37453517,-0.13615559,0.10307664,0.41828752,-0.19224498,0.7327113,-0.1793701,0.45735216,-0.47837955,-0.36216024,0.15359032,-0.17143868,0.20174922,-0.5927086,0.18100558,-0.39833787,0.19988501,-0.26611704,-0.27657303,0.17323364,0.31965217,-0.32640564,-0.47053793
0.05047196,0.27765307,-0.44530356,0.35436252,0.32134876,-0.5562265,0.5851722,0.7970077,-0.09934892,0.36941257,-0.15214297,0.11224142,0.4204721,-0.17375639,0.73406494,-0.17375189,0.47846144,-0.49064833,-0.35221055,0.124097764,-0.1574676,0.20495886,-0.59620184,0.18006992,-0.39454436,0.212258,-0.2671983,-0.27195454,0.16923201,0.32293707,-0.3562266,-0.47391123
0.060553044,0.28294256,-0.43529695,0.36090612,0.3198717,-0.5465434,0.58701146,0.7824175,-0.09799155,0.37376934,-0.13813181,0.10437126,0.41815093,-0.19007447,0.7328334,-0.17889264,0.45957455,-0.47935975,-0.36126262,0.15026823,-0.17005053,0.20187254,-0.5930356,0.18143362,-0.39803624,0.20103414,-0.2664262,-0.27548602,0.17290647,0.32000494,-0.3293898,-0.47091126
0.0529221,0.2790032,-0.4431934,0.35600865,0.32109573,-0.5540348,0.5858067,0.79387826,-0.09896666,0.37028375,-0.14937952,0.11050103,0.41992417,-0.1774123,0.7339041,-0.17490694,0.474349,-0.48830497,-0.35431936,0.12974644,-0.16004118,0.20403692,-0.59554106,0.18052354,-0.39534912,0.20976532,-0.2671269,-0.2726024,0.16999298,0.32245898,-0.35051084,-0.4732917
0.04844287,0.27653494,-0.44705105,0.35299933,0.3215583,-0.55804145,0.58464664,0.7995993,-0.099665485,0.36869112,-0.15443146,0.1136827,0.4209259,-0.17072877,0.73419815,-0.17279534,0.48186707,-0.49258894,-0.35046414,0.11941984,-0.15533632,0.20572236,-0.59674907,0.17969424,-0.39387795,0.21432228,-0.2672574,-0.271418,0.1686018,0.323333,-0.36096,-0.47442427
0.0566466,0.28105557,-0.43998575,0.35851085,0.32071114,-0.55070335,0.58677137,0.7891212,-0.098385595,0.37160802,-0.14517882,0.10785547,0.41909122,-0.18296961,0.73365957,-0.17666271,0.46809772,-0.48474285,-0.357525,0.138333,-0.16395327,0.20263547,-0.59453654,0.18121313,-0.39657238,0.20597619,-0.26701838,-0.2735873,0.17114976,0.32173225,-0.3418224,-0.47234994
0.055887938,0.28063753,-0.44063914,0.35800117,0.32078946,-0.55138195,0.58657485,0.7900902,-0.098503955,0.37133825,-0.1460345,0.108394355,0.4192609,-0.18183762,0.7337094,-0.17630507,0.46937108,-0.48546845,-0.35687202,0.13658392,-0.16315639,0.20292093,-0.59474117,0.18107265,-0.3963232,0.20674802,-0.2670405,-0.27338666,0.17091413,0.32188028,-0.3435922,-0.47254178
0.060851492,0.2830296,-0.4345221,0.3605706,0.31976405,-0.5461848,0.587093,0.78173786,-0.098142475,0.3741372,-0.13718258,0.10374941,0.41821653,-0.19111703,0.73277473,-0.17912199,0.45850706,-0.47888893,-0.36169377,0.15186393,-0.1707173,0.20181331,-0.5928785,0.18122803,-0.3981811,0.20048219,-0.2662777,-0.27600813,0.17306362,0.3198355,-0.32795644,-0.47073194
0.060475357,0.2829199,-0.4354986,0.36099344,0.31989968,-0.54663676,0.58699024,0.7825943,-0.09795226,0.3736736,-0.13837887,0.104533106,0.41813383,-0.18980314,0.73284864,-0.17883295,0.45985234,-0.4794823,-0.3611504,0.14985292,-0.16987701,0.20188797,-0.59307647,0.18148713,-0.3979985,0.2011778,-0.26646483,-0.27535012,0.17286557,0.32004905,-0.32976288,-0.47095793
0.056600332,0.28103012,-0.44002563,0.3584798,0.3207159,-0.5507447,0.5867594,0.78918034,-0.09839281,0.37159157,-0.14523104,0.107888326,0.41910157,-0.1829006,0.7336626,-0.17664091,0.46817538,-0.4847871,-0.35748518,0.13822633,-0.16390468,0.20265287,-0.59454906,0.18120456,-0.39655715,0.20602325,-0.26701972,-0.27357504,0.1711354,0.32174128,-0.3419303,-0.47236165
0.060969517,0.283064,-0.4342156,0.36043787,0.3197215,-0.546043,0.5871253,0.7814691,-0.09820218,0.37428266,-0.13680716,0.10350347,0.41824248,-0.19152935,0.73275155,-0.17921269,0.45808488,-0.47870272,-0.36186427,0.152495,-0.17098099,0.20178989,-0.5928164,0.1811467,-0.39823842,0.20026389,-0.26621896,-0.27621463,0.17312577,0.3197685,-0.32738954,-0.470661
0.03833264,0.26784164,-0.4506297,0.3528902,0.32845476,-0.5670705,0.5810883,0.8060154,-0.10728263,0.36894625,-0.1515215,0.124812454,0.42151564,-0.14677817,0.72105664,-0.16110417,0.49280348,-0.49141845,-0.34592998,0.10744825,-0.15571374,0.21418333,-0.59657913,0.17648014,-0.38531533,0.2243031,-0.26487452,-0.26436293,0.16694513,0.32031143,-0.36368868,-0.46888256
0.06036254,0.282887,-0.43579152,0.36112028,0.3199404,-0.5467723,0.58695936,0.7828512,-0.097895205,0.37353456,-0.13873771,0.10476817,0.41810903,-0.18940903,0.7328708,-0.17874625,0.46025586,-0.47966024,-0.36098742,0.14924972,-0.16962498,0.20191035,-0.59313583,0.18156485,-0.39794374,0.20138644,-0.26652098,-0.27515274,0.17280617,0.32011312,-0.3303047,-0.47102574
0.06043844,0.28290915,-0.43559447,0.361035,0.319913,-0.5466811,0.5869801,0.7826784,-0.09793359,0.37362808,-0.13849634,0.10461003,0.41812572,-0.18967414,0.7328559,-0.17880458,0.45998445,-0.47954053,-0.36109704,0.14965549,-0.16979453,0.20189528,-0.5930959,0.18151258,-0.39798057,0.2012461,-0.26648322,-0.27528554,0.17284614,0.32007003,-0.3299402,-0.47098014
0.060950056,0.28305835,-0.4342662,0.3604598,0.3197285,-0.54606634,0.58711994,0.78151345,-0.09819232,0.37425867,-0.13686913,0.103544064,0.4182382,-0.19146131,0.7327554,-0.17919771,0.45815456,-0.47873345,-0.36183614,0.15239085,-0.17093748,0.20179375,-0.59282666,0.18116014,-0.39822894,0.20029992,-0.26622868,-0.27618057,0.17311552,0.31977955,-0.3274831,-0.47067273
0.042960733,0.27222687,-0.44965798,0.35207164,0.32453728,-0.5629392,0.5828393,0.8039226,-0.10301088,0.36832917,-0.15471359,0.11920455,0.42146286,-0.15889394,0.7288664,-0.1673559,0.48858118,-0.49336293,-0.34746397,0.11145517,-0.15411189,0.20970505,-0.5970333,0.17812587,-0.38991618,0.21977384,-0.26631325,-0.2681619,0.16751072,0.32234362,-0.36514995,-0.47247174
0.05004993,0.27742052,-0.44566697,0.35407898,0.32139233,-0.55660397,0.58506286,0.79754674,-0.099414766,0.36926252,-0.15261891,0.11254117,0.4205665,-0.1731267,0.73409265,-0.17355296,0.47916973,-0.4910519,-0.35184732,0.12312484,-0.15702434,0.20511767,-0.5963156,0.17999177,-0.39440578,0.21268733,-0.26721057,-0.27184296,0.16910093,0.3230194,-0.35721105,-0.47401795
0.060806476,0.28301647,-0.43463898,0.3606212,0.3197803,-0.5462389,0.5870807,0.78184044,-0.09811971,0.3740817,-0.1373258,0.103843234,0.41820663,-0.19095977,0.7327836,-0.17908739,0.4586681,-0.47895995,-0.36162874,0.15162317,-0.17061672,0.20182224,-0.5929022,0.18125904,-0.39815927,0.20056546,-0.2663001,-0.2759294,0.17303991,0.31986108,-0.32817268,-0.470759
0.053615965,0.27938557,-0.44259584,0.35647482,0.3210241,-0.5534142,0.58598644,0.79299206,-0.09885841,0.37053046,-0.14859697,0.110008195,0.419769,-0.1784476,0.7338585,-0.17523403,0.4731844,-0.48764136,-0.35491657,0.13134605,-0.16076998,0.20377582,-0.5953539,0.18065202,-0.39557698,0.20905942,-0.26710668,-0.2727859,0.1702085,0.3223236,-0.34889224,-0.47311625
0.057197772,0.28135931,-0.4395111,0.35888118,0.3206542,-0.5502103,0.58691406,0.7884172,-0.0982996,0.371804,-0.14455721,0.10746396,0.41896796,-0.18379202,0.7336234,-0.17692254,0.46717262,-0.4842157,-0.35799938,0.13960366,-0.16453221,0.20242807,-0.5943879,0.18131518,-0.39675337,0.20541546,-0.2670023,-0.27373302,0.17132095,0.3216247,-0.3405366,-0.4722106
0.05441071,0.2798235,-0.44191137,0.35700873,0.320942,-0.5527033,0.58619225,0.791977,-0.09873442,0.37081304,-0.1477006,0.10944364,0.41959125,-0.17963344,0.7338064,-0.1756087,0.47185045,-0.48688126,-0.3556006,0.13317832,-0.16160476,0.20347679,-0.59513956,0.18079916,-0.39583802,0.20825088,-0.26708353,-0.27299607,0.17045532,0.3221685,-0.34703824,-0.4729153
0.061070867,0.28309357,-0.4339525,0.36032397,0.31968492,-0.54592115,0.58715296,0.7812383,-0.09825344,0.3744076,-0.13648482,0.10329231,0.41826478,-0.1918834,0.73273164,-0.17929056,0.4577224,-0.47854283,-0.3620107,0.15303685,-0.17120743,0.20176977,-0.59276307,0.18107688,-0.39828762,0.20007646,-0.26616853,-0.27639195,0.17317913,0.31971094,-0.3269028,-0.47060013
0.06047122,0.28291872,-0.43550935,0.3609981,0.3199012,-0.5466417,0.58698905,0.78260374,-0.09795017,0.3736685,-0.13839205,0.10454173,0.41813293,-0.18978867,0.7328495,-0.17882977,0.45986718,-0.4794888,-0.36114442,0.1498308,-0.16986777,0.20188878,-0.5930786,0.18148999,-0.39799652,0.20118545,-0.26646692,-0.27534288,0.1728634,0.3200514,-0.32978272,-0.47096044
0.06100668,0.28307486,-0.4341192,0.36039615,0.31970808,-0.54599833,0.58713543,0.7813845,-0.09822096,0.37432846,-0.13668902,0.10342608,0.41825065,-0.19165914,0.7327443,-0.17924124,0.45795202,-0.4786441,-0.36191797,0.15269361,-0.17106399,0.20178251,-0.59279686,0.18112111,-0.39825645,0.2001952,-0.26620048,-0.27627963,0.17314534,0.3197474,-0.32721114,-0.4706387
0.057558462,0.2815581,-0.43920043,0.3591235,0.32061696,-0.54988766,0.5870075,0.78795654,-0.098243326,0.37193224,-0.14415038,0.107207745,0.4188873,-0.18433022,0.7335997,-0.1770926,0.46656722,-0.48387074,-0.3583098,0.14043525,-0.16491108,0.20229232,-0.5942906,0.18138196,-0.39687186,0.2050485,-0.2669918,-0.2738284,0.17143297,0.3215543,-0.33969516,-0.47211936
0.038874403,0.26835498,-0.450516,0.35279438,0.3279962,-0.56658685,0.5812933,0.8057704,-0.106782585,0.368874,-0.15189518,0.12415598,0.42150944,-0.14819643,0.72197086,-0.161836,0.4923092,-0.49164608,-0.34610957,0.10791734,-0.15552622,0.21365911,-0.5966323,0.1766728,-0.38585392,0.2237729,-0.26504293,-0.26480764,0.16701134,0.3205493,-0.3638597,-0.4693027
0.060316786,0.2828737,-0.43591037,0.36117175,0.31995687,-0.5468273,0.58694685,0.78295547,-0.097872056,0.3734781,-0.1388833,0.10486354,0.41809896,-0.18924914,0.7328798,-0.17871109,0.4604196,-0.47973245,-0.3609213,0.149005,-0.1695227,0.20191944,-0.5931599,0.18159638,-0.3979215,0.20147109,-0.26654375,-0.27507266,0.17278206,0.3201391,-0.33052453,-0.47105324
0.05719725,0.28135902,-0.43951154,0.35888082,0.32065427,-0.5502108,0.58691394,0.78841794,-0.09829968,0.37180382,-0.1445578,0.10746433,0.41896808,-0.18379125,0.73362345,-0.1769223,0.46717352,-0.4842162,-0.3579989,0.13960245,-0.16453165,0.20242825,-0.59438807,0.18131508,-0.39675322,0.205416,-0.26700234,-0.27373287,0.17132078,0.32162482,-0.34053782,-0.4722107
0.060462244,0.2829161,-0.43553266,0.3610082,0.31990442,-0.5466525,0.5869866,0.78262424,-0.09794563,0.37365744,-0.13842061,0.104560435,0.41813096,-0.18975732,0.7328512,-0.17882288,0.45989928,-0.47950298,-0.36113146,0.14978279,-0.1698477,0.20189056,-0.5930833,0.18149617,-0.39799213,0.20120206,-0.2664714,-0.27532718,0.17285867,0.3200565,-0.32982588,-0.47096583
0.060281478,0.28286338,-0.43600202,0.36121142,0.31996962,-0.54686975,0.5869372,0.7830359,-0.097854204,0.37343463,-0.13899556,0.10493709,0.4180912,-0.18912584,0.73288673,-0.17868397,0.46054584,-0.47978812,-0.3608703,0.14881629,-0.16944386,0.20192644,-0.59317845,0.1816207,-0.3979044,0.20153637,-0.2665613,-0.2750109,0.17276348,0.32015914,-0.33069408,-0.47107443
0.06047503,0.28291982,-0.43549952,0.36099386,0.31989983,-0.5466372,0.5869901,0.78259516,-0.09795208,0.37367317,-0.13837999,0.10453383,0.41813374,-0.18980193,0.7328487,-0.1788327,0.4598536,-0.47948283,-0.3611499,0.14985107,-0.16987625,0.20188802,-0.59307665,0.18148738,-0.39799833,0.20117843,-0.266465,-0.2753495,0.1728654,0.32004926,-0.32976454,-0.47095814
0.046714872,0.27558273,-0.44853923,0.3518384,0.32173672,-0.5595871,0.5841991,0.80180633,-0.09993508,0.3680767,-0.15638037,0.11491011,0.42131233,-0.16815047,0.7343116,-0.17198075,0.48476732,-0.49424157,-0.3489769,0.11543608,-0.15352131,0.20637259,-0.5972151,0.1793743,-0.3933104,0.21608025,-0.26730776,-0.27096108,0.16806512,0.32367018,-0.364991,-0.4748612
0.060922407,0.28305027,-0.43433794,0.36049086,0.31973848,-0.54609954,0.5871124,0.7815764,-0.09817835,0.3742246,-0.136957,0.10360165,0.4182321,-0.19136477,0.73276085,-0.17917648,0.45825344,-0.47877705,-0.36179623,0.15224312,-0.17087576,0.20179923,-0.5928412,0.18117915,-0.39821553,0.20035103,-0.2662424,-0.27613223,0.17310096,0.31979525,-0.3276158,-0.47068933
0.06071595,0.28299007,-0.434874,0.360723,0.31981292,-0.5463476,0.587056,0.78204656,-0.09807393,0.37397012,-0.13761368,0.10403184,0.41818672,-0.19064353,0.7328014,-0.17901783,0.4589919,-0.47910273,-0.36149794,0.15113923,-0.17041448,0.2018402,-0.59294987,0.1813214,-0.3981153,0.20073286,-0.26634514,-0.27577102,0.17299226,0.31991246,-0.3286074,-0.4708134
0.056770943,0.28112411,-0.4398787,0.35859442,0.3206983,-0.5505921,0.58680356,0.7889624,-0.098366186,0.37165222,-0.1450386,0.10776714,0.41906342,-0.18315513,0.7336514,-0.17672133,0.467889,-0.48462394,-0.357632,0.13861963,-0.16408387,0.20258868,-0.59450305,0.18123615,-0.3966132,0.20584969,-0.26701477,-0.27362016,0.17118838,0.321708,-0.34153232,-0.4723185
0.06028202,0.28286356,-0.4360006,0.36121082,0.31996942,-0.5468691,0.58693737,0.7830346,-0.09785448,0.3734353,-0.13899384,0.10493596,0.41809133,-0.18912774,0.7328866,-0.17868438,0.4605439,-0.4797873,-0.36087108,0.14881915,-0.16944507,0.20192634,-0.5931782,0.18162033,-0.39790466,0.20153537,-0.26656106,-0.27501187,0.17276376,0.32015884,-0.33069146,-0.4710741
0.06041304,0.28290173,-0.43566042,0.36106354,0.31992218,-0.5467116,0.5869732,0.7827363,-0.09792074,0.3735968,-0.13857712,0.10466297,0.41812015,-0.1895854,0.7328609,-0.17878506,0.4600753,-0.47958058,-0.36106038,0.14951967,-0.16973776,0.20190033,-0.59310925,0.18153007,-0.39796826,0.20129307,-0.26649585,-0.27524108,0.17283276,0.32008445,-0.3300622,-0.4709954
0.047260955,0.27588364,-0.44806895,0.35220528,0.32168034,-0.5590987,0.5843405,0.80110884,-0.09984988,0.36827087,-0.15576449,0.11452223,0.4211902,-0.16896525,0.73427576,-0.17223817,0.4838508,-0.4937193,-0.3494469,0.11669505,-0.15409489,0.2061671,-0.59706783,0.1794754,-0.39348975,0.2155247,-0.26729184,-0.27110547,0.16823472,0.3235636,-0.36371717,-0.47472313
0.034718603,0.26441732,-0.45138854,0.35352945,0.3315139,-0.5702965,0.5797209,0.8076495,-0.11061838,0.36942813,-0.14902888,0.12919159,0.42155683,-0.13731706,0.7149581,-0.15622225,0.49610066,-0.48990005,-0.3447321,0.104319274,-0.1569646,0.21768035,-0.5962244,0.17519504,-0.38172257,0.22783992,-0.26375103,-0.26139638,0.16650346,0.31872454,-0.36254767,-0.4660798
0.06063524,0.28296655,-0.4350835,0.3608137,0.31984204,-0.54644465,0.5870339,0.78223026,-0.09803312,0.37387064,-0.13787039,0.10419999,0.418169,-0.19036162,0.73281723,-0.17895581,0.45928052,-0.47923005,-0.36138135,0.15070772,-0.1702342,0.20185623,-0.5929923,0.181377,-0.39807615,0.20088212,-0.2663853,-0.27562982,0.17294976,0.31995827,-0.32899502,-0.47086188
0.050466478,0.27765006,-0.44530827,0.35435885,0.32134932,-0.5562314,0.58517075,0.79701465,-0.099349774,0.36941063,-0.15214911,0.11224529,0.42047334,-0.17374824,0.7340653,-0.17374931,0.47847056,-0.4906535,-0.35220584,0.12408516,-0.15746188,0.20496091,-0.5962033,0.18006888,-0.39454257,0.21226355,-0.26719844,-0.2719531,0.16923031,0.32293814,-0.35623932,-0.4739126
0.0521726,0.2785902,-0.4438389,0.35550508,0.32117313,-0.55470526,0.5856126,0.79483557,-0.0990836,0.37001726,-0.15022485,0.11103341,0.42009178,-0.17629394,0.7339533,-0.17455362,0.47560698,-0.48902178,-0.3536743,0.12801847,-0.15925393,0.20431894,-0.5957432,0.18038478,-0.39510295,0.21052782,-0.26714873,-0.27240425,0.1697602,0.3226052,-0.3522593,-0.4734812
0.052560583,0.278804,-0.44350475,0.35576576,0.32113308,-0.55435824,0.5857131,0.79434,-0.09902307,0.3701552,-0.14978728,0.11075783,0.42000502,-0.17687285,0.73392785,-0.1747365,0.4749558,-0.48865074,-0.3540082,0.12891293,-0.15966144,0.20417294,-0.5956385,0.18045661,-0.39523035,0.21013314,-0.26713744,-0.27250683,0.16988072,0.32252952,-0.35135424,-0.4733831
0.060107715,0.2828127,-0.43645316,0.3614068,0.32003227,-0.54707855,0.5868897,0.78343153,-0.097766325,0.37322044,-0.13954826,0.10529916,0.418053,-0.1885188,0.7329209,-0.17855042,0.4611674,-0.48006225,-0.36061925,0.14788716,-0.16905563,0.20196094,-0.59326994,0.18174042,-0.39782003,0.20185776,-0.2666478,-0.2747069,0.17267199,0.32025778,-0.33152866,-0.47117886
0.059690386,0.28273287,-0.43736437,0.36055583,0.3203968,-0.54798067,0.58755964,0.7852336,-0.09791072,0.37269026,-0.1417459,0.105693415,0.4184105,-0.18751127,0.7334598,-0.1780976,0.46298894,-0.4818318,-0.36014473,0.1453502,-0.16715038,0.20149013,-0.59371567,0.18177667,-0.39757204,0.2028796,-0.2669297,-0.27439213,0.17209512,0.32113835,-0.33472186,-0.47158033
0.05024673,0.27752894,-0.4454975,0.3542112,0.321372,-0.55642796,0.5851138,0.79729533,-0.09938406,0.3693325,-0.15239698,0.112401396,0.42052248,-0.17342034,0.7340797,-0.17364572,0.47883943,-0.4908637,-0.35201672,0.12357852,-0.15723105,0.20504361,-0.5962626,0.18002822,-0.3944704,0.21248713,-0.26720485,-0.271895,0.16916205,0.32298103,-0.35675195,-0.47396818
0.05558613,0.28047124,-0.44089907,0.35779843,0.32082063,-0.5516519,0.5864967,0.79047567,-0.098551035,0.37123096,-0.1463749,0.10860874,0.41932836,-0.18138729,0.7337292,-0.17616281,0.46987766,-0.4857571,-0.35661227,0.13588813,-0.1628394,0.20303449,-0.5948226,0.18101679,-0.39622405,0.20705506,-0.26704928,-0.27330685,0.1708204,0.3219392,-0.34429625,-0.47261807
0.021505848,0.25189805,-0.45416272,0.35586634,0.34269798,-0.58209085,0.57472193,0.8136241,-0.122813776,0.37118986,-0.13991588,0.14520152,0.4217075,-0.10272774,0.6926621,-0.13837418,0.5081549,-0.48434877,-0.3403527,0.09287995,-0.16153765,0.23046535,-0.5949277,0.17049669,-0.36858755,0.24077043,-0.25964358,-0.25055075,0.16488875,0.3129228,-0.3583759,-0.4558331
0.051071644,0.27798352,-0.44478706,0.35476542,0.32128683,-0.55569005,0.58532745,0.7962417,-0.09925537,0.3696258,-0.15146658,0.11181542,0.420338,-0.1746512,0.7340256,-0.1740346,0.47745484,-0.49007475,-0.3527267,0.12548035,-0.15809752,0.20473321,-0.59604007,0.18018094,-0.39474136,0.2116479,-0.2671808,-0.2721131,0.16941826,0.32282007,-0.3548276,-0.4737596
0.055075668,0.28018993,-0.44133872,0.35745546,0.32087335,-0.5521085,0.5863645,0.7911277,-0.098630674,0.37104946,-0.14695063,0.10897133,0.41944253,-0.18062565,0.73376274,-0.17592216,0.47073442,-0.48624527,-0.35617292,0.13471133,-0.16230322,0.20322657,-0.5949602,0.18092227,-0.3960564,0.20757437,-0.26706415,-0.27317187,0.17066185,0.32203877,-0.34548703,-0.47274715
0.051609665,0.27828,-0.44432372,0.3551269,0.32123128,-0.5552088,0.5854668,0.7955545,-0.09917142,0.3698171,-0.15085977,0.11143328,0.42021766,-0.17545398,0.73399025,-0.17428823,0.47655183,-0.4895602,-0.35318977,0.12672067,-0.15866263,0.20453076,-0.595895,0.18028055,-0.39491802,0.21110053,-0.26716512,-0.27225536,0.16958536,0.3227151,-0.35357252,-0.47362354
0.050616175,0.27773255,-0.44517934,0.3544594,0.32133386,-0.5560975,0.5852095,0.7968235,-0.09932643,0.36946386,-0.1519803,0.11213899,0.42043987,-0.17397156,0.73405546,-0.17381987,0.47821933,-0.49051037,-0.35233468,0.12443024,-0.15761909,0.2049046,-0.5961629,0.18009661,-0.39459175,0.21211128,-0.26719406,-0.27199268,0.16927679,0.32290894,-0.35589015,-0.47387475
0.06054143,0.2829392,-0.43532705,0.36091918,0.31987587,-0.54655737,0.5870083,0.7824439,-0.09798568,0.37375504,-0.13816875,0.10439542,0.41814837,-0.19003394,0.73283565,-0.17888373,0.45961604,-0.47937804,-0.36124587,0.15020618,-0.17002463,0.20187485,-0.59304166,0.18144162,-0.3980306,0.20105559,-0.266432,-0.27546573,0.17290036,0.32001156,-0.32944554,-0.47091824
0.03947118,0.26892045,-0.45039064,0.35268885,0.32749104,-0.56605417,0.58151907,0.8055005,-0.10623176,0.36879444,-0.15230678,0.12343286,0.42150265,-0.14975873,0.7229779,-0.16264215,0.49176472,-0.4918968,-0.34630737,0.10843399,-0.15531968,0.21308164,-0.5966909,0.17688501,-0.3864472,0.22318886,-0.26522845,-0.26529753,0.16708426,0.32081136,-0.36404815,-0.4697655
0.04940085,0.27706283,-0.446226,0.3536429,0.32145935,-0.5571846,0.5848947,0.7983757,-0.099516034,0.36903173,-0.15335101,0.11300223,0.42071167,-0.1721582,0.73413527,-0.17324695,0.48025918,-0.4916727,-0.35128868,0.121628374,-0.15634257,0.2053619,-0.5964907,0.17987159,-0.39419258,0.21334769,-0.2672295,-0.2716713,0.16889933,0.32314608,-0.35872522,-0.47418207
0.061103456,0.28310305,-0.4338679,0.3602873,0.31967318,-0.545882,0.5871619,0.7811641,-0.09826991,0.37444776,-0.13638118,0.10322441,0.41827193,-0.19199722,0.73272526,-0.1793156,0.45760584,-0.47849143,-0.36205778,0.1532111,-0.17128022,0.2017633,-0.5927459,0.18105444,-0.39830342,0.20001619,-0.26615232,-0.27644897,0.17319629,0.31969246,-0.32674628,-0.47058055
0.060150035,0.28282505,-0.43634328,0.36135924,0.320017,-0.5470277,0.5869013,0.7833352,-0.09778772,0.3732726,-0.13941368,0.10521098,0.4180623,-0.18866664,0.73291254,-0.17858295,0.46101606,-0.47999552,-0.3606804,0.14811341,-0.16915017,0.20195253,-0.59324765,0.18171127,-0.39784056,0.20177948,-0.26662672,-0.27478096,0.17269427,0.32023376,-0.3313254,-0.47115344
0.060988173,0.28306943,-0.4341672,0.36041695,0.31971475,-0.5460205,0.58713037,0.78142667,-0.0982116,0.37430567,-0.13674785,0.10346462,0.41824657,-0.19159448,0.7327479,-0.17922701,0.45801818,-0.4786733,-0.3618912,0.1525947,-0.17102265,0.20178618,-0.5928066,0.18113387,-0.39824748,0.2002294,-0.2662097,-0.27624726,0.1731356,0.3197579,-0.32729998,-0.47064984
0.05606193,0.2807334,-0.4404893,0.35811806,0.3207715,-0.5512263,0.5866199,0.789868,-0.0984768,0.37140015,-0.14583829,0.108270764,0.41922197,-0.18209724,0.73369795,-0.1763871,0.46907905,-0.48530203,-0.35702178,0.13698508,-0.16333915,0.20285545,-0.59469426,0.18110488,-0.39638034,0.206571,-0.26703542,-0.27343267,0.17096817,0.32184634,-0.3431863,-0.4724978
0.060658045,0.28297317,-0.43502432,0.36078808,0.31983382,-0.54641724,0.5870401,0.7821784,-0.098044656,0.37389877,-0.13779785,0.10415247,0.418174,-0.1904413,0.73281276,-0.17897333,0.45919895,-0.47919407,-0.3614143,0.15082967,-0.17028514,0.2018517,-0.5929803,0.18136127,-0.3980872,0.20083994,-0.26637396,-0.27566972,0.17296177,0.31994534,-0.3288855,-0.47084817
0.060419895,0.28290373,-0.43564266,0.36105585,0.3199197,-0.5467034,0.58697504,0.7827207,-0.0979242,0.37360522,-0.13855535,0.1046487,0.41812164,-0.18960936,0.73285955,-0.17879032,0.46005082,-0.4795698,-0.36107025,0.1495563,-0.16975307,0.20189896,-0.5931056,0.18152536,-0.3979716,0.20128039,-0.26649246,-0.27525306,0.17283636,0.32008055,-0.3300293,-0.47099128
0.0605459,0.28294048,-0.4353155,0.36091417,0.31987426,-0.546552,0.5870095,0.78243375,-0.097987935,0.37376055,-0.13815457,0.10438614,0.41814935,-0.19004953,0.7328348,-0.17888716,0.4596001,-0.479371,-0.3612523,0.15023004,-0.17003459,0.20187396,-0.59303933,0.18143854,-0.39803275,0.20104735,-0.26642975,-0.27547354,0.1729027,0.32000902,-0.32942414,-0.47091556
0.059247196,0.28248864,-0.43774605,0.36025804,0.32044256,-0.54837716,0.5874449,0.7857997,-0.09797986,0.37253267,-0.14224577,0.10600822,0.41850963,-0.18684998,0.73348886,-0.17788869,0.46373284,-0.48225564,-0.35976326,0.14432847,-0.16668487,0.20165691,-0.5938352,0.18169461,-0.39742652,0.20333047,-0.26694262,-0.27427495,0.17195748,0.3212248,-0.3357557,-0.47169238
0.059999697,0.28279546,-0.4367193,0.36123714,0.3201271,-0.5473101,0.5870497,0.7838994,-0.09778725,0.37306964,-0.14013484,0.105430886,0.41813096,-0.18821886,0.73305476,-0.17843077,0.4616633,-0.48051137,-0.36048508,0.14718767,-0.16856018,0.20184557,-0.5933855,0.18176784,-0.39775413,0.20213115,-0.2667269,-0.27459496,0.17252527,0.32048076,-0.33237413,-0.47128573
0.0513597,0.27814227,-0.44453898,0.35495895,0.32125708,-0.5554324,0.5854021,0.7958738,-0.09921042,0.3697282,-0.15114169,0.11161083,0.42027357,-0.17508103,0.73400664,-0.1741704,0.47697136,-0.48979926,-0.35297465,0.12614444,-0.15840009,0.20462482,-0.5959624,0.18023428,-0.39483595,0.21135482,-0.26717243,-0.2721893,0.16950773,0.32276386,-0.3541556,-0.47368675
0.046589002,0.27551338,-0.44864762,0.35175383,0.32174972,-0.5596998,0.5841665,0.8019671,-0.099954724,0.36803198,-0.15652236,0.114999525,0.42134047,-0.16796264,0.73431987,-0.1719214,0.48497862,-0.49436197,-0.34886855,0.11514592,-0.1533891,0.20641994,-0.59724903,0.179351,-0.3932691,0.21620831,-0.26731142,-0.2709278,0.16802602,0.32369474,-0.36528465,-0.47489303
0.060904525,0.28304505,-0.4343844,0.36051098,0.3197449,-0.54612106,0.5871075,0.7816171,-0.0981693,0.37420255,-0.13701393,0.103638925,0.41822818,-0.1913023,0.73276436,-0.17916274,0.4583174,-0.47880524,-0.3617704,0.15214746,-0.17083578,0.20180279,-0.5928506,0.18119149,-0.39820686,0.20038411,-0.26625133,-0.2761009,0.17309155,0.3198054,-0.32770175,-0.4707001
0.05837541,0.28200826,-0.43849686,0.35967237,0.3205326,-0.5491569,0.5872191,0.7869131,-0.09811587,0.37222272,-0.143229,0.106627464,0.4187046,-0.18554918,0.7335461,-0.17747772,0.465196,-0.48308942,-0.35901296,0.14231865,-0.16576916,0.20198494,-0.5940703,0.18153322,-0.39714018,0.20421737,-0.266968,-0.2740444,0.17168671,0.32139492,-0.33778942,-0.4719128
0.059945337,0.28278953,-0.43685052,0.36109507,0.3201857,-0.54744655,0.58716714,0.78417814,-0.0978125,0.37299025,-0.14047746,0.105479054,0.41819,-0.18808289,0.73314404,-0.17836338,0.4619343,-0.4807917,-0.36042175,0.14681171,-0.16826129,0.20176089,-0.5934552,0.1817725,-0.39771834,0.20228314,-0.26677167,-0.27455363,0.17243393,0.32062447,-0.3328634,-0.4713477
0.060636654,0.28296694,-0.43507987,0.36081213,0.31984153,-0.5464429,0.5870343,0.78222704,-0.09803383,0.3738724,-0.13786589,0.10419704,0.4181693,-0.19036657,0.732817,-0.1789569,0.45927548,-0.47922784,-0.3613834,0.15071528,-0.17023733,0.20185594,-0.5929916,0.18137603,-0.3980768,0.20087951,-0.2663846,-0.2756323,0.1729505,0.3199575,-0.32898825,-0.47086105
0.058705814,0.28219032,-0.43821234,0.35989434,0.32049847,-0.5488614,0.58730465,0.78649116,-0.09806432,0.3723402,-0.14285636,0.10639278,0.4186307,-0.18604219,0.7335244,-0.17763346,0.46464148,-0.48277342,-0.35929734,0.14308035,-0.16611621,0.2018606,-0.5939812,0.18159439,-0.3972487,0.20388125,-0.2669584,-0.27413177,0.17178933,0.32133046,-0.33701864,-0.47182927
0.050397903,0.27761227,-0.44536728,0.35431278,0.3213564,-0.5562927,0.585153,0.7971023,-0.09936048,0.36938623,-0.15222646,0.112294,0.4204887,-0.17364588,0.7340698,-0.17371699,0.47858566,-0.4907191,-0.3521468,0.12392706,-0.15738983,0.20498672,-0.5962218,0.18005618,-0.39452007,0.21233332,-0.26720044,-0.271935,0.169209,0.3229515,-0.3563993,-0.47392994
0.060300604,0.28286895,-0.43595234,0.36118993,0.3199627,-0.54684675,0.58694243,0.7829923,-0.097863875,0.37345818,-0.13893475,0.10489725,0.4180954,-0.18919264,0.732883,-0.17869866,0.46047747,-0.47975796,-0.36089793,0.14891851,-0.16948657,0.20192266,-0.59316844,0.18160753,-0.39791366,0.20150101,-0.2665518,-0.27504438,0.17277355,0.3201483,-0.33060223,-0.47106296
0.058179945,0.28190055,-0.4386652,0.35954103,0.32055277,-0.5493318,0.58716846,0.7871628,-0.098146364,0.37215322,-0.14344946,0.106766306,0.4187483,-0.18525755,0.7335589,-0.17738557,0.46552408,-0.48327634,-0.35884473,0.14186803,-0.16556387,0.2020585,-0.594123,0.18149704,-0.39707598,0.20441622,-0.26697373,-0.27399272,0.171626,0.32143307,-0.33824536,-0.47196224
0.05996129,0.28279126,-0.436812,0.36113673,0.3201685,-0.54740655,0.5871327,0.78409636,-0.0978051,0.37301356,-0.14037694,0.10546492,0.4181727,-0.18812278,0.7331178,-0.17838316,0.46185476,-0.48070943,-0.36044034,0.14692205,-0.168349,0.20178574,-0.59343475,0.18177113,-0.39772886,0.20223854,-0.26675853,-0.27456576,0.17246073,0.3205823,-0.3327198,-0.4713295
0.060231857,0.2828489,-0.43613088,0.36126724,0.3199875,-0.54692936,0.58692366,0.7831489,-0.0978291,0.37337345,-0.13915342,0.1050405,0.4180803,-0.18895246,0.7328965,-0.17864582,0.46072337,-0.47986642,-0.3607986,0.14855088,-0.16933297,0.20193629,-0.5932046,0.1816549,-0.39788032,0.20162816,-0.266586,-0.2749241,0.17273735,0.3201873,-0.33093244,-0.47110426
0.05705011,0.28127795,-0.43963826,0.358782,0.32066944,-0.5503424,0.58687586,0.7886058,-0.09832264,0.3717515,-0.14472373,0.107568845,0.41900098,-0.18357171,0.7336331,-0.17685294,0.46742046,-0.48435694,-0.35787228,0.13926326,-0.16437712,0.20248362,-0.59442776,0.18128784,-0.3967049,0.20556569,-0.2670066,-0.27369398,0.1712751,0.32165352,-0.34088105,-0.4722479
0.05997598,0.28279287,-0.43677658,0.36117515,0.32015267,-0.54736966,0.5871009,0.784021,-0.09779827,0.373035,-0.14028437,0.10545191,0.4181567,-0.18815954,0.73309374,-0.17840137,0.46178153,-0.4806337,-0.36045745,0.14702362,-0.16842975,0.20180862,-0.5934159,0.18176988,-0.39773852,0.20219746,-0.26674643,-0.27457693,0.17248543,0.32054347,-0.33258763,-0.47131276
0.055874944,0.28063038,-0.44065034,0.35799247,0.3207908,-0.55139357,0.5865715,0.79010683,-0.09850598,0.37133366,-0.14604917,0.10840359,0.41926378,-0.18181822,0.7337102,-0.17629895,0.4693929,-0.48548087,-0.35686082,0.13655396,-0.16314274,0.20292583,-0.5947447,0.18107027,-0.3963189,0.20676124,-0.26704088,-0.2733832,0.17091009,0.3218828,-0.3436225,-0.47254506
0.030216455,0.26015145,-0.4523338,0.3543257,0.33532482,-0.57431537,0.57801753,0.80968535,-0.114773884,0.37002844,-0.14592367,0.13464686,0.42160818,-0.125531,0.70736086,-0.15014064,0.500208,-0.48800847,-0.34323987,0.10042146,-0.15852284,0.22203675,-0.5957826,0.1735941,-0.37724692,0.2322459,-0.26235142,-0.25770083,0.16595326,0.3167476,-0.36112615,-0.4625883
0.02700615,0.25710964,-0.45300782,0.3548935,0.3380422,-0.57718104,0.57680297,0.81113696,-0.117736995,0.3704565,-0.1437095,0.1385368,0.42164478,-0.11712687,0.70194364,-0.1458041,0.5031369,-0.4866597,-0.34217578,0.097642004,-0.15963395,0.22514312,-0.5954675,0.17245254,-0.3740555,0.23538762,-0.26135343,-0.25506565,0.16556093,0.315338,-0.36011252,-0.46009868
0.051038966,0.27796552,-0.44481522,0.35474348,0.3212902,-0.55571926,0.58531904,0.7962835,-0.099260464,0.36961418,-0.15150343,0.11183864,0.4203453,-0.17460245,0.73402774,-0.1740192,0.4775097,-0.49010602,-0.35269856,0.12540498,-0.1580632,0.2047455,-0.5960489,0.18017489,-0.39473063,0.21168113,-0.26718175,-0.2721045,0.16940811,0.32282642,-0.35490382,-0.47376785
0.010274008,0.24125573,-0.45652092,0.3578529,0.35220528,-0.59211695,0.5704724,0.8187029,-0.13318078,0.3726875,-0.13216914,0.15881118,0.4218356,-0.07332422,0.6737088,-0.12320199,0.5184019,-0.47962976,-0.3366299,0.08315566,-0.16542512,0.24133354,-0.5938254,0.16650273,-0.35742182,0.25176233,-0.2561519,-0.24133116,0.16351613,0.30799094,-0.3548296,-0.4471226
0.025003314,0.25521195,-0.45342836,0.35524777,0.33973753,-0.5789689,0.57604516,0.8120426,-0.11958561,0.37072355,-0.14232813,0.14096363,0.42166764,-0.11188367,0.69856393,-0.14309862,0.5049641,-0.4858182,-0.34151196,0.095907986,-0.16032717,0.2270811,-0.59527093,0.17174035,-0.37206444,0.23734768,-0.2607308,-0.25342163,0.16531618,0.31445852,-0.3594802,-0.45854545
0.0020700842,0.23348239,-0.45824343,0.35930392,0.3591496,-0.5994402,0.5673685,0.82241255,-0.14075302,0.37378138,-0.12651078,0.16875191,0.42192915,-0.05184737,0.659865,-0.11211994,0.52588654,-0.4761829,-0.3339107,0.076052874,-0.16826458,0.24927187,-0.5930202,0.16358547,-0.34926617,0.25979102,-0.25360155,-0.23459701,0.16251354,0.30438858,-0.35223934,-0.4407603
0.04783076,0.27619764,-0.4475782,0.3525881,0.3216215,-0.558589,0.5844881,0.80038106,-0.099760994,0.36847347,-0.15512182,0.11411747,0.42106277,-0.16981547,0.7342383,-0.1725068,0.48289442,-0.49317434,-0.34993732,0.1180087,-0.1546934,0.2059527,-0.5969142,0.1795809,-0.3936769,0.214945,-0.26727524,-0.27125615,0.16841169,0.3234524,-0.3623879,-0.47457907
0.05435148,0.27979088,-0.4419624,0.35696894,0.32094812,-0.5527563,0.58617693,0.7920526,-0.098743655,0.37079197,-0.14776744,0.10948573,0.4196045,-0.17954504,0.73381025,-0.17558077,0.47194993,-0.4869379,-0.3555496,0.13304174,-0.16154255,0.20349906,-0.59515554,0.18078819,-0.39581856,0.20831114,-0.26708525,-0.2729804,0.17043693,0.3221801,-0.34717643,-0.47293028
0.057762407,0.28167045,-0.4390248,0.3592605,0.3205959,-0.54970527,0.58706033,0.78769606,-0.098211505,0.37200475,-0.14392039,0.1070629,0.4188417,-0.18463452,0.7335863,-0.17718872,0.46622494,-0.4836757,-0.35848534,0.14090538,-0.16512527,0.2022156,-0.59423566,0.18141972,-0.39693883,0.20484102,-0.26698586,-0.27388233,0.17149632,0.32151452,-0.33921945,-0.4720678
0.056325488,0.28087866,-0.44026232,0.35829514,0.32074428,-0.5509905,0.58668816,0.78953135,-0.098435685,0.37149385,-0.14554103,0.10808356,0.41916302,-0.1824905,0.73368067,-0.17651135,0.4686367,-0.48504996,-0.3572486,0.13759267,-0.16361599,0.20275629,-0.59462315,0.18115368,-0.39646688,0.20630288,-0.26702774,-0.27350235,0.17105004,0.32179493,-0.34257147,-0.47243112
0.005705178,0.23692667,-0.4574802,0.358661,0.35607263,-0.59619534,0.5687438,0.82076883,-0.13739783,0.37329668,-0.12901796,0.16434728,0.4218877,-0.061363548,0.66599905,-0.1170303,0.5225702,-0.4777102,-0.33511555,0.07920003,-0.16700646,0.24575448,-0.593377,0.16487809,-0.35287988,0.25623357,-0.2547316,-0.23758087,0.16295777,0.30598474,-0.35338712,-0.44357938
0.038509324,0.26800907,-0.45059264,0.35285896,0.3283052,-0.5669128,0.5811551,0.80593544,-0.107119545,0.36892268,-0.1516434,0.12459834,0.42151362,-0.14724073,0.7213548,-0.16134284,0.49264228,-0.4914927,-0.34598857,0.107601255,-0.15565258,0.21401235,-0.5965965,0.17654298,-0.385491,0.22413015,-0.26492944,-0.264508,0.16696672,0.320389,-0.3637445,-0.4690196
0.047425956,0.27597457,-0.44792682,0.3523161,0.3216633,-0.5589511,0.58438325,0.8008981,-0.09982414,0.36832955,-0.15557837,0.11440502,0.4211533,-0.16921148,0.7342649,-0.17231597,0.48357385,-0.4935615,-0.34958893,0.11707547,-0.1542682,0.20610501,-0.5970233,0.17950594,-0.39354396,0.21535683,-0.26728705,-0.2711491,0.16828597,0.32353142,-0.3633322,-0.4746814
0.060328655,0.28287715,-0.43587953,0.3611584,0.3199526,-0.5468131,0.5869501,0.78292847,-0.09787806,0.37349278,-0.13884553,0.104838796,0.41810158,-0.18929061,0.7328775,-0.1787202,0.46037716,-0.47971374,-0.36093843,0.14906847,-0.16954924,0.20191708,-0.59315366,0.18158822,-0.39792728,0.20144913,-0.26653785,-0.27509344,0.17278832,0.32013234,-0.33046752,-0.4710461
0.05120854,0.27805895,-0.4446692,0.3548574,0.3212727,-0.5555676,0.5853629,0.7960669,-0.09923401,0.36967447,-0.1513122,0.11171821,0.4203074,-0.17485544,0.7340166,-0.17409912,0.47722512,-0.48994383,-0.35284454,0.12579587,-0.1582413,0.2046817,-0.5960032,0.18020628,-0.3947863,0.21150862,-0.26717684,-0.27214932,0.16946079,0.32279333,-0.35450828,-0.473725
0.053489044,0.27931565,-0.44270515,0.35638952,0.32103717,-0.5535277,0.58595353,0.7931542,-0.098878205,0.37048534,-0.14874014,0.11009833,0.41979736,-0.17825823,0.7338669,-0.17517419,0.47339743,-0.48776275,-0.35480732,0.13105345,-0.16063666,0.20382358,-0.5953881,0.18062852,-0.3955353,0.20918855,-0.26711038,-0.27275234,0.17016907,0.3223484,-0.34918833,-0.47314835
0.05267434,0.2788667,-0.4434068,0.35584217,0.32112134,-0.55425644,0.58574253,0.7941947,-0.09900531,0.37019566,-0.14965898,0.110677026,0.41997957,-0.1770426,0.73392034,-0.17479014,0.47476485,-0.48854193,-0.35410613,0.12917522,-0.15978095,0.20413014,-0.5956079,0.18047768,-0.39526772,0.21001738,-0.26713413,-0.2725369,0.16991603,0.32250732,-0.35108885,-0.47335434
0.0480292,0.276307,-0.44740734,0.3527214,0.321601,-0.5584115,0.5845395,0.8001276,-0.09973003,0.36854404,-0.15489805,0.11397654,0.4210184,-0.17011155,0.73422533,-0.17260033,0.4825614,-0.49298456,-0.3501081,0.11846617,-0.15490182,0.20587802,-0.59686065,0.17961764,-0.39374208,0.21474312,-0.26726946,-0.2713086,0.16847332,0.32341373,-0.36192504,-0.47452888
0.05086054,0.2778672,-0.44496888,0.3546236,0.3213086,-0.5558789,0.5852728,0.79651135,-0.0992883,0.36955073,-0.15170468,0.11196539,0.4203852,-0.17433622,0.7340394,-0.17393509,0.4778092,-0.49027666,-0.352545,0.12499365,-0.15787578,0.20481265,-0.59609705,0.18014185,-0.394672,0.21186265,-0.26718697,-0.2720573,0.1693527,0.32286122,-0.35532007,-0.47381297
0.060169198,0.28283066,-0.43629354,0.3613377,0.3200101,-0.5470047,0.58690655,0.7832915,-0.097797416,0.37329623,-0.13935271,0.105171055,0.4180665,-0.18873358,0.7329088,-0.17859767,0.46094748,-0.47996527,-0.3607081,0.14821589,-0.169193,0.20194873,-0.5932376,0.18169807,-0.3978499,0.20174405,-0.26661718,-0.27481446,0.17270435,0.32022288,-0.33123338,-0.4711419
0.02117598,0.2515855,-0.45423195,0.3559247,0.3429772,-0.5823853,0.5745971,0.8137732,-0.12311822,0.37123388,-0.13968839,0.1456012,0.42171127,-0.10186425,0.6921055,-0.13792862,0.5084559,-0.4842102,-0.34024337,0.092594385,-0.16165182,0.2307845,-0.5948953,0.17037939,-0.36825967,0.24109325,-0.25954103,-0.25028,0.16484845,0.312778,-0.3582718,-0.45557728
0.0550009,0.28014874,-0.4414031,0.35740525,0.32088107,-0.5521754,0.58634514,0.79122317,-0.09864234,0.37102288,-0.14703494,0.10902443,0.41945925,-0.18051407,0.7337676,-0.17588691,0.4708599,-0.4863168,-0.35610855,0.13453895,-0.16222468,0.2032547,-0.5949804,0.18090843,-0.39603186,0.20765044,-0.26706633,-0.2731521,0.17063864,0.32205337,-0.34566143,-0.47276607
0.0603538,0.28288448,-0.43581423,0.36113012,0.31994352,-0.54678285,0.586957,0.7828711,-0.09789078,0.37352377,-0.13876553,0.1047864,0.4181071,-0.18937847,0.73287255,-0.17873953,0.46028718,-0.47967404,-0.3609748,0.14920294,-0.16960542,0.20191209,-0.5931404,0.18157089,-0.3979395,0.20140263,-0.26652533,-0.27513745,0.17280155,0.32011807,-0.3303467,-0.47103098
0.028080478,0.25812757,-0.45278227,0.3547035,0.3371328,-0.57622206,0.5772094,0.8106512,-0.1167454,0.37031323,-0.14445047,0.13723503,0.42163253,-0.11993928,0.7037565,-0.14725532,0.50215673,-0.48711103,-0.3425319,0.098572165,-0.15926212,0.22410358,-0.59557295,0.17283456,-0.37512353,0.23433626,-0.26168743,-0.25594753,0.16569223,0.3158097,-0.36045173,-0.46093184
0.055246055,0.2802838,-0.44119194,0.35756993,0.32085574,-0.5519561,0.5864086,0.79091007,-0.0986041,0.37111002,-0.14675845,0.10885029,0.41940445,-0.18087986,0.73375154,-0.17600249,0.47044843,-0.48608232,-0.35631955,0.13510412,-0.16248217,0.20316246,-0.59491426,0.18095382,-0.39611238,0.20740104,-0.26705918,-0.27321693,0.17071477,0.3220055,-0.34508955,-0.47270408
0.055443615,0.2803927,-0.4410218,0.35770267,0.32083535,-0.5517794,0.5864598,0.7906577,-0.098573275,0.3711803,-0.14653565,0.10870996,0.41936025,-0.18117464,0.73373854,-0.17609562,0.47011682,-0.48589337,-0.3564896,0.13555959,-0.1626897,0.20308812,-0.59486103,0.1809904,-0.39617726,0.20720005,-0.26705343,-0.27326918,0.17077613,0.32196698,-0.3446287,-0.47265413
0.054613814,0.27993542,-0.44173646,0.3571452,0.32092103,-0.55252165,0.5862449,0.7917175,-0.09870273,0.37088525,-0.14747156,0.10929939,0.41954583,-0.17993647,0.733793,-0.17570443,0.47150964,-0.48668703,-0.3557754,0.1336465,-0.16181809,0.20340036,-0.5950848,0.18083677,-0.39590472,0.20804426,-0.2670776,-0.27304974,0.1705184,0.3221289,-0.34656447,-0.47286394
0.008213788,0.23930365,-0.45695353,0.3582173,0.3539492,-0.593956,0.5696929,0.8196345,-0.13508235,0.3729622,-0.13074818,0.16130756,0.4218591,-0.06793085,0.6702323,-0.12041901,0.52028155,-0.47876418,-0.33594704,0.08137196,-0.16613817,0.24332707,-0.59362316,0.16577014,-0.35537374,0.25377855,-0.25551146,-0.23964004,0.16326436,0.3070863,-0.35417917,-0.44552487
0.05908914,0.28240156,-0.43788218,0.3601519,0.3204589,-0.5485185,0.58740395,0.78600156,-0.09800452,0.3724765,-0.14242402,0.10612049,0.41854498,-0.18661416,0.7334992,-0.17781419,0.46399808,-0.4824068,-0.35962725,0.1439641,-0.16651884,0.20171636,-0.5938778,0.18166536,-0.3973746,0.20349127,-0.2669472,-0.27423316,0.17190838,0.32125565,-0.33612442,-0.47173235
0.045397982,0.27453616,-0.44914627,0.35164058,0.32247424,-0.5607636,0.58376145,0.80282056,-0.10076132,0.36800417,-0.15639456,0.11625134,0.42143506,-0.16527432,0.7329791,-0.17064816,0.48635763,-0.4943869,-0.34827182,0.113565296,-0.15326835,0.20734674,-0.5972725,0.17899252,-0.3923391,0.21738867,-0.26707092,-0.27016252,0.16780856,0.3234138,-0.36591944,-0.47436187
0.05503501,0.28016752,-0.4413737,0.35742813,0.32087755,-0.5521449,0.58635396,0.7911796,-0.09863703,0.37103498,-0.14699647,0.10900019,0.41945165,-0.18056495,0.73376536,-0.17590299,0.47080263,-0.48628417,-0.3561379,0.13461758,-0.1622605,0.20324187,-0.5949712,0.18091474,-0.39604306,0.20761576,-0.26706532,-0.2731611,0.17064923,0.3220467,-0.3455819,-0.47275746
0.053931504,0.27955943,-0.4423241,0.35668677,0.3209915,-0.55313194,0.58606815,0.79258907,-0.09880918,0.37064263,-0.14824109,0.10978404,0.41969842,-0.1789184,0.73383784,-0.1753828,0.47265482,-0.4873396,-0.35518813,0.13207352,-0.16110142,0.20365709,-0.5952688,0.18071043,-0.39568064,0.20873842,-0.26709747,-0.27286935,0.17030649,0.32226205,-0.34815615,-0.47303647
0.05048409,0.27765977,-0.44529307,0.35437068,0.3213475,-0.55621564,0.5851753,0.7969922,-0.09934703,0.3694169,-0.15212925,0.112232774,0.4204694,-0.17377451,0.73406416,-0.17375761,0.478441,-0.4906367,-0.352221,0.12412575,-0.15748036,0.2049543,-0.59619856,0.18007216,-0.39454836,0.21224564,-0.2671979,-0.27195776,0.16923578,0.3229347,-0.35619822,-0.47390816
0.055068687,0.2801861,-0.4413447,0.35745078,0.32087407,-0.5521147,0.58636266,0.7911366,-0.09863177,0.371047,-0.1469585,0.108976275,0.4194441,-0.18061522,0.73376316,-0.17591888,0.4707461,-0.48625198,-0.3561669,0.13469523,-0.16229588,0.20322919,-0.5949621,0.18092097,-0.39605412,0.20758149,-0.26706436,-0.27317005,0.17065969,0.32204014,-0.34550333,-0.47274894
0.061003014,0.28307378,-0.43412864,0.36040023,0.3197094,-0.5460027,0.5871344,0.7813928,-0.09821912,0.37432396,-0.13670059,0.10343366,0.41824985,-0.1916464,0.732745,-0.17923844,0.45796505,-0.47864985,-0.3619127,0.15267415,-0.17105585,0.20178322,-0.59279877,0.18112361,-0.3982547,0.20020193,-0.2662023,-0.27627325,0.17314342,0.31974947,-0.3272286,-0.4706409
0.027337164,0.2574233,-0.45293832,0.35483497,0.337762,-0.5768856,0.5769282,0.8109873,-0.11743145,0.37041235,-0.14393783,0.13813569,0.421641,-0.11799343,0.70250225,-0.14625126,0.50283486,-0.48679876,-0.3422855,0.09792861,-0.15951937,0.2248228,-0.5955,0.17257026,-0.37438458,0.23506367,-0.26145637,-0.2553374,0.16560139,0.31548333,-0.3602171,-0.4603554
0.058807284,0.28224623,-0.43812495,0.3599625,0.320488,-0.5487706,0.58733094,0.7863616,-0.09804849,0.37237626,-0.14274192,0.10632071,0.418608,-0.18619359,0.73351777,-0.1776813,0.4644712,-0.4826764,-0.35938466,0.14331427,-0.16622278,0.20182243,-0.59395385,0.18161318,-0.397282,0.20377803,-0.26695544,-0.2741586,0.17182083,0.32131064,-0.33678195,-0.4718036
0.0539013,0.2795428,-0.4423501,0.35666648,0.32099462,-0.553159,0.58606035,0.7926276,-0.0988139,0.3706319,-0.14827514,0.109805495,0.41970518,-0.17887335,0.7338398,-0.17536855,0.47270548,-0.48736846,-0.35516214,0.13200387,-0.16106969,0.20366848,-0.59527695,0.18070485,-0.3956707,0.20876911,-0.26709837,-0.27286136,0.17029712,0.32226792,-0.3482266,-0.4730441
0.033675134,0.2634286,-0.4516076,0.353714,0.33239716,-0.57122797,0.57932615,0.8081214,-0.11158151,0.36956725,-0.14830916,0.13045596,0.42156875,-0.13458541,0.7131973,-0.15481271,0.4970526,-0.48946163,-0.34438625,0.10341591,-0.15732576,0.21869004,-0.596122,0.17482397,-0.38068527,0.22886111,-0.26342663,-0.2605399,0.16637594,0.31826633,-0.36221817,-0.46527058
0.032911927,0.26270545,-0.45176786,0.35384893,0.3330432,-0.57190925,0.57903737,0.80846643,-0.11228596,0.36966902,-0.14778276,0.13138072,0.42157745,-0.13258743,0.7119094,-0.15378177,0.4977489,-0.48914096,-0.3441333,0.10275513,-0.1575899,0.21942854,-0.5960471,0.17455259,-0.37992656,0.229608,-0.26318938,-0.25991338,0.16628267,0.31793118,-0.3619772,-0.4646787
0.017973304,0.2485509,-0.45490438,0.35649115,0.34568813,-0.5852442,0.5733854,0.8152214,-0.12607431,0.3716609,-0.13747944,0.14948192,0.4217478,-0.093480006,0.68670106,-0.13360235,0.51137775,-0.4828646,-0.33918184,0.08982155,-0.16276032,0.23388352,-0.594581,0.16924053,-0.3650758,0.24422753,-0.2585454,-0.2476511,0.16445705,0.31137168,-0.35726056,-0.45309356
0.025361076,0.25555092,-0.45335323,0.35518447,0.33943468,-0.5786495,0.5761806,0.8118808,-0.11925541,0.37067583,-0.14257485,0.14053012,0.42166355,-0.11282024,0.6991676,-0.14358191,0.5046377,-0.4859685,-0.34163052,0.09621772,-0.16020334,0.22673494,-0.59530604,0.17186755,-0.37242013,0.23699756,-0.26084203,-0.25371534,0.16535988,0.3146156,-0.35959312,-0.4588229
0.023811445,0.25408262,-0.4536786,0.35545856,0.3407464,-0.58003277,0.57559425,0.81258154,-0.12068572,0.37088245,-0.14150605,0.14240782,0.42168123,-0.108763486,0.6965527,-0.14148863,0.5060514,-0.48531744,-0.3411169,0.09487608,-0.16073968,0.2282344,-0.595154,0.17131652,-0.3708796,0.23851408,-0.2603603,-0.2524433,0.16517052,0.3139352,-0.35910386,-0.45762113
0.05628918,0.28085864,-0.4402936,0.35827076,0.32074803,-0.551023,0.58667874,0.7895777,-0.09844135,0.37148094,-0.14558196,0.108109355,0.41917115,-0.18243632,0.73368305,-0.17649423,0.4686976,-0.48508468,-0.35721737,0.13750897,-0.16357785,0.20276995,-0.594633,0.18114696,-0.39645496,0.2063398,-0.2670288,-0.27349275,0.17103875,0.321802,-0.34265614,-0.47244033
0.05109577,0.2779968,-0.44476628,0.35478163,0.32128432,-0.5556685,0.5853337,0.7962109,-0.0992516,0.36963436,-0.15143935,0.1117983,0.4203326,-0.17468719,0.734024,-0.17404597,0.47741437,-0.4900517,-0.35274747,0.1255359,-0.15812284,0.20472413,-0.5960336,0.1801854,-0.39474928,0.21162334,-0.26718011,-0.2721195,0.16942574,0.32281536,-0.35477132,-0.47375348
-0.0045780092,0.22718324,-0.45963928,0.36047977,0.36477694,-0.6053746,0.5648532,0.82541865,-0.14688921,0.3746678,-0.12192552,0.17680743,0.42200494,-0.034443498,0.6486466,-0.103139564,0.5319518,-0.47338974,-0.33170718,0.07029706,-0.17056556,0.25570473,-0.59236777,0.16122147,-0.3426572,0.2662971,-0.25153485,-0.22913995,0.1617011,0.30146942,-0.35014033,-0.4356046
0.05920738,0.2824667,-0.43778035,0.36023128,0.32044667,-0.54841274,0.5874346,0.7858505,-0.09798607,0.37251854,-0.14229067,0.1060365,0.41851854,-0.18679057,0.7334915,-0.17786992,0.46379963,-0.48229373,-0.35972902,0.14423668,-0.16664304,0.20167188,-0.59384596,0.18168725,-0.39741343,0.20337099,-0.26694378,-0.2742644,0.1719451,0.32123256,-0.33584857,-0.47170246
0.058915094,0.28230566,-0.4380321,0.3600349,0.32047686,-0.54867417,0.5873589,0.7862238,-0.09803167,0.3724146,-0.14262031,0.10624412,0.4185839,-0.18635444,0.7335107,-0.17773212,0.4642902,-0.48257327,-0.35947746,0.14356281,-0.16633603,0.20178187,-0.59392476,0.18163313,-0.39731744,0.20366836,-0.26695228,-0.27418712,0.17185432,0.3212896,-0.33653045,-0.47177637
0.007874325,0.23898199,-0.45702478,0.35827732,0.35423654,-0.594259,0.56956446,0.819788,-0.13539568,0.37300745,-0.13051407,0.16171889,0.42186296,-0.06704214,0.66965944,-0.11996044,0.52059126,-0.47862154,-0.3358345,0.08107805,-0.16625568,0.24365553,-0.59358984,0.16564941,-0.35503626,0.25411075,-0.25540593,-0.23936139,0.16322288,0.30693722,-0.354072,-0.4452616
0.038492233,0.26799288,-0.4505962,0.35286197,0.32831967,-0.566928,0.5811487,0.8059432,-0.107135326,0.36892498,-0.1516316,0.12461907,0.4215138,-0.14719597,0.72132593,-0.16131975,0.4926579,-0.4914855,-0.34598288,0.10758644,-0.1556585,0.2140289,-0.5965948,0.1765369,-0.385474,0.2241469,-0.26492414,-0.26449394,0.16696464,0.3203815,-0.36373907,-0.46900633
0.049281925,0.2769973,-0.4463284,0.35356304,0.32147163,-0.5572909,0.58486396,0.7985276,-0.099534586,0.36898944,-0.15348509,0.113086686,0.42073825,-0.17198077,0.7341431,-0.1731909,0.48045874,-0.49178642,-0.35118634,0.12135428,-0.15621766,0.20540664,-0.59652275,0.17984958,-0.39415354,0.21346864,-0.26723295,-0.27163988,0.1688624,0.32316926,-0.35900262,-0.4742121
0.048635304,0.27664098,-0.4468853,0.3531286,0.32153842,-0.5578693,0.5846965,0.7993535,-0.09963547,0.36875954,-0.15421441,0.11354601,0.42088285,-0.17101593,0.7341855,-0.17288607,0.48154408,-0.49240488,-0.35062978,0.11986351,-0.15553847,0.20564996,-0.59669715,0.17972986,-0.39394116,0.2141265,-0.2672518,-0.27146888,0.16866158,0.32329544,-0.36051106,-0.47437564
0.06008468,0.28280598,-0.43651298,0.3614327,0.32004058,-0.5471062,0.5868834,0.783484,-0.09775467,0.37319204,-0.13962154,0.105347164,0.41804793,-0.18843833,0.7329254,-0.17853272,0.46124977,-0.4800986,-0.360586,0.14776398,-0.16900416,0.20196551,-0.59328204,0.18175629,-0.39780885,0.20190038,-0.26665923,-0.2746666,0.17265984,0.32027087,-0.33163932,-0.4711927
0.05113116,0.27801633,-0.44473583,0.3548054,0.3212807,-0.5556368,0.5853429,0.7961657,-0.09924608,0.36964697,-0.15139946,0.11177316,0.42032468,-0.17474002,0.73402166,-0.17406265,0.47735497,-0.49001783,-0.35277793,0.12561753,-0.15816003,0.20471081,-0.59602404,0.18019196,-0.39476088,0.21158734,-0.26717907,-0.27212885,0.16943675,0.32280844,-0.35468876,-0.47374454
0.029646516,0.25961143,-0.45245346,0.3544265,0.33580723,-0.5748241,0.57780194,0.809943,-0.115299925,0.37010443,-0.14553061,0.13533744,0.42161468,-0.124038994,0.70639914,-0.14937077,0.500728,-0.48776904,-0.34305096,0.09992799,-0.15872009,0.22258823,-0.59572667,0.17339143,-0.37668034,0.23280366,-0.26217428,-0.257233,0.16588362,0.31649736,-0.3609462,-0.46214634
0.028543293,0.25856614,-0.45268512,0.35462165,0.33674106,-0.5758089,0.57738453,0.8104419,-0.11631821,0.37025154,-0.14476967,0.13667424,0.42162725,-0.121150896,0.7045375,-0.14788051,0.5017345,-0.48730552,-0.34268528,0.09897283,-0.15910193,0.22365573,-0.59561837,0.17299914,-0.3755836,0.23388332,-0.2618313,-0.25632742,0.16574879,0.31601295,-0.36059785,-0.46129075
0.020619601,0.2510583,-0.45434874,0.35602307,0.34344816,-0.582882,0.5743866,0.8140248,-0.12363179,0.37130806,-0.13930462,0.14627539,0.4217176,-0.100407675,0.6911666,-0.13717704,0.50896347,-0.48397642,-0.34005898,0.09211266,-0.1618444,0.2313229,-0.5948407,0.17018154,-0.36770654,0.24163775,-0.25936806,-0.2498233,0.16478045,0.31253365,-0.35809606,-0.4551458
0.0066818446,0.2378521,-0.45727515,0.35848826,0.35524592,-0.5953235,0.5691133,0.82032716,-0.13649634,0.37316647,-0.1296916,0.16316383,0.42187655,-0.06392038,0.6676472,-0.11834961,0.52167916,-0.47812054,-0.33543926,0.08004564,-0.16666842,0.24480942,-0.59347284,0.16522539,-0.35385078,0.25527778,-0.25503522,-0.23838255,0.16307715,0.30641362,-0.35369545,-0.4443368
-0.00085926056,0.23070681,-0.4588585,0.35982203,0.36162916,-0.6020551,0.56626016,0.82373714,-0.14345679,0.37417197,-0.12449041,0.17230141,0.42196253,-0.044178754,0.6549219,-0.108162925,0.5285591,-0.4749522,-0.33293974,0.07351667,-0.16927846,0.25210637,-0.5927327,0.16254383,-0.34635407,0.26265782,-0.2526909,-0.23219246,0.16215557,0.30310234,-0.3513145,-0.43848854
0.05780814,0.28169566,-0.4389854,0.35929123,0.32059118,-0.5496644,0.5870722,0.7876377,-0.098204374,0.37202102,-0.1438688,0.107030414,0.41883147,-0.18470275,0.73358333,-0.17721029,0.4661482,-0.48363197,-0.35852468,0.1410108,-0.1651733,0.2021984,-0.5942233,0.18142818,-0.39695385,0.20479451,-0.26698455,-0.27389443,0.17151052,0.3215056,-0.33911276,-0.47205624
-0.016955793,0.21545511,-0.46223813,0.362669,0.37525424,-0.61642355,0.5601701,0.83101565,-0.1583139,0.37631822,-0.113388434,0.19180562,0.42214608,-0.0020400584,0.6277596,-0.08641942,0.54324424,-0.4681893,-0.32760453,0.059580624,-0.17484964,0.26768178,-0.59115297,0.15682003,-0.33035225,0.27841046,-0.24768697,-0.21897972,0.16018844,0.29603437,-0.3462323,-0.42600542
0.05265668,0.27885696,-0.443422,0.3558303,0.32112315,-0.5542723,0.585738,0.7942172,-0.099008076,0.37018937,-0.14967887,0.11068955,0.41998354,-0.17701626,0.7339215,-0.17478181,0.47479448,-0.48855883,-0.35409093,0.12913454,-0.1597624,0.20413679,-0.59561265,0.1804744,-0.39526194,0.21003532,-0.2671346,-0.27253225,0.16991055,0.32251075,-0.35113,-0.4733588
0.035282284,0.2649514,-0.45127016,0.35342973,0.33103678,-0.56979334,0.5799342,0.8073946,-0.11009812,0.36935297,-0.14941764,0.12850857,0.42155042,-0.1387927,0.7159093,-0.15698367,0.49558637,-0.49013686,-0.34491894,0.10480732,-0.1567695,0.21713492,-0.59627974,0.17539546,-0.38228294,0.2272883,-0.26392624,-0.2618591,0.16657235,0.318972,-0.3627256,-0.46651694
0.057010233,0.28125596,-0.4396726,0.35875517,0.32067358,-0.5503781,0.58686554,0.7886568,-0.09832886,0.3717373,-0.14476873,0.10759718,0.4190099,-0.18351218,0.7336357,-0.17683414,0.4674874,-0.4843951,-0.35783798,0.13917129,-0.16433522,0.20249863,-0.5944385,0.18128046,-0.3966918,0.20560625,-0.2670078,-0.27368343,0.1712627,0.3216613,-0.34097412,-0.472258
0.06029009,0.28286588,-0.43597966,0.36120176,0.3199665,-0.5468594,0.5869396,0.78301626,-0.097858556,0.3734452,-0.13896821,0.10491917,0.4180931,-0.18915588,0.73288506,-0.17869057,0.46051508,-0.47977456,-0.36088273,0.14886224,-0.16946307,0.20192474,-0.5931739,0.18161479,-0.39790857,0.20152047,-0.26655704,-0.27502596,0.17276801,0.32015425,-0.33065277,-0.47106928
0.031580374,0.2614438,-0.4520474,0.3540845,0.33417028,-0.5730978,0.5785336,0.80906856,-0.113514975,0.36984658,-0.1468644,0.13299417,0.42159262,-0.1291016,0.7096625,-0.15198308,0.49896368,-0.48858154,-0.34369195,0.101602286,-0.15805078,0.22071698,-0.59591645,0.1740791,-0.37860283,0.2309111,-0.26277542,-0.25882038,0.16611995,0.3173465,-0.36155677,-0.46364605
0.054238282,0.2797285,-0.44205987,0.35689288,0.3209598,-0.5528575,0.5861476,0.7921972,-0.09876132,0.3707517,-0.14789507,0.10956612,0.4196298,-0.17937616,0.7338177,-0.1755274,0.4721399,-0.48704615,-0.35545218,0.13278079,-0.16142365,0.20354167,-0.59518605,0.18076724,-0.39578137,0.2084263,-0.26708856,-0.27295047,0.17040178,0.32220218,-0.34744045,-0.4729589
0.05367464,0.2794179,-0.4425453,0.35651422,0.32101804,-0.5533617,0.58600163,0.79291713,-0.09884925,0.37055132,-0.14853081,0.1099665,0.41975588,-0.17853515,0.7338547,-0.17526169,0.47308594,-0.48758525,-0.35496706,0.13148132,-0.16083162,0.20375374,-0.5953381,0.18066287,-0.39559627,0.20899972,-0.26710498,-0.2728014,0.17022671,0.32231218,-0.34875536,-0.4731014
0.053322405,0.2792238,-0.44284865,0.35627759,0.3210544,-0.5536768,0.5859104,0.79336697,-0.09890421,0.37042606,-0.14892805,0.11021669,0.41983464,-0.17800958,0.73387784,-0.17509565,0.47367713,-0.48792213,-0.3546639,0.1306693,-0.16046163,0.2038863,-0.59543306,0.18059766,-0.39548057,0.20935807,-0.26711524,-0.27270827,0.17011732,0.32238087,-0.34957704,-0.4731905
0.048419178,0.2765219,-0.44707143,0.35298342,0.32156074,-0.5580627,0.5846405,0.79962957,-0.09966918,0.3686827,-0.15445818,0.113699526,0.4209312,-0.17069346,0.7341997,-0.17278418,0.4819068,-0.4926116,-0.35044378,0.119365245,-0.15531145,0.20573129,-0.59675545,0.17968985,-0.39387015,0.21434638,-0.2672581,-0.27141172,0.16859445,0.3233376,-0.36101526,-0.47443026
-0.008582637,0.22338879,-0.4604801,0.36118805,0.3681667,-0.6089493,0.56333804,0.8272295,-0.15058547,0.37520176,-0.1191635,0.18165985,0.4220506,-0.023959905,0.641889,-0.097730026,0.53560525,-0.47170722,-0.33037984,0.06682995,-0.17195162,0.25957972,-0.59197474,0.15979746,-0.33867612,0.27021617,-0.25028992,-0.22585277,0.1612117,0.29971102,-0.34887594,-0.43249893
0.055251583,0.28028685,-0.4411872,0.35757363,0.32085517,-0.55195117,0.58641005,0.790903,-0.09860323,0.371112,-0.14675221,0.10884637,0.4194032,-0.18088812,0.7337512,-0.17600508,0.47043914,-0.48607704,-0.35632432,0.13511685,-0.16248798,0.20316038,-0.59491277,0.18095484,-0.3961142,0.2073954,-0.26705903,-0.2732184,0.1707165,0.32200444,-0.34507668,-0.47270268
0.045418084,0.2745552,-0.44914204,0.35163704,0.32245722,-0.56074566,0.583769,0.8028115,-0.10074277,0.36800152,-0.15640843,0.116227,0.42143482,-0.16532691,0.73301303,-0.17067531,0.4863393,-0.49439538,-0.34827846,0.11358267,-0.1532614,0.20732728,-0.59727454,0.17899968,-0.39235908,0.21736902,-0.26707718,-0.27017897,0.16781102,0.32342264,-0.3659258,-0.47437742
0.0516313,0.27829194,-0.44430506,0.35514143,0.32122904,-0.55518943,0.5854724,0.7955269,-0.09916805,0.3698248,-0.15083537,0.1114179,0.42021284,-0.1754863,0.7339888,-0.17429844,0.47651553,-0.4895395,-0.3532084,0.12677059,-0.15868537,0.20452262,-0.59588915,0.18028456,-0.39492518,0.2110785,-0.2671645,-0.27226108,0.16959208,0.32271087,-0.35352203,-0.47361806
0.012535304,0.24339834,-0.45604616,0.35745296,0.3502912,-0.5900984,0.571328,0.81768036,-0.13109359,0.37238598,-0.13372877,0.15607117,0.4218098,-0.079244,0.6775247,-0.12625659,0.51633894,-0.48057982,-0.3373794,0.085113436,-0.16464247,0.23914546,-0.5940473,0.16730683,-0.3596698,0.24954934,-0.2568549,-0.24318734,0.16379249,0.30898386,-0.3555436,-0.4488763
0.052223086,0.27861804,-0.44379544,0.355539,0.32116792,-0.55466014,0.5856257,0.7947711,-0.09907572,0.3700352,-0.15016794,0.11099757,0.42008048,-0.17636925,0.73394996,-0.1745774,0.47552228,-0.48897353,-0.3537177,0.12813488,-0.15930694,0.20429996,-0.5957296,0.18039413,-0.39511952,0.21047649,-0.26714727,-0.2724176,0.16977589,0.3225954,-0.35214156,-0.47346845
0.049365968,0.2770436,-0.44625604,0.3536195,0.32146296,-0.55721575,0.5848857,0.79842025,-0.09952148,0.36901933,-0.1533903,0.113027,0.42071944,-0.17210616,0.73413754,-0.17323053,0.48031768,-0.49170607,-0.35125864,0.12154803,-0.15630594,0.20537502,-0.5965001,0.17986514,-0.39418113,0.21338317,-0.2672305,-0.27166212,0.1688885,0.32315287,-0.35880658,-0.4741909
0.02184388,0.25221834,-0.45409173,0.35580656,0.34241185,-0.58178914,0.57484984,0.8134712,-0.122501776,0.3711448,-0.14014901,0.14479195,0.42170364,-0.103612676,0.69323254,-0.13883081,0.50784653,-0.48449078,-0.34046477,0.09317264,-0.16142067,0.23013826,-0.59496087,0.1706169,-0.3689236,0.24043962,-0.25974864,-0.2508282,0.16493008,0.31307122,-0.35848263,-0.45609525
0.036193416,0.26581472,-0.45107886,0.35326856,0.33026552,-0.56898004,0.58027893,0.80698264,-0.10925713,0.36923146,-0.15004608,0.12740453,0.42154002,-0.14117797,0.7174468,-0.15821446,0.4947551,-0.49051967,-0.34522095,0.105596185,-0.15645415,0.21625328,-0.5963692,0.17571947,-0.38318872,0.2263966,-0.2642095,-0.26260698,0.1666837,0.31937212,-0.3630133,-0.46722355
0.046892107,0.2756804,-0.44838658,0.35195744,0.32171842,-0.5594286,0.584245,0.80157995,-0.09990743,0.36813974,-0.15618047,0.114784226,0.4212727,-0.16841492,0.73429996,-0.1720643,0.4844699,-0.49407208,-0.34912944,0.11584473,-0.15370747,0.20630589,-0.5971673,0.17940712,-0.39336863,0.21589994,-0.26730257,-0.27100796,0.16812016,0.32363558,-0.3645776,-0.47481638
0.056368805,0.2809025,-0.440225,0.35832423,0.3207398,-0.55095184,0.5866994,0.78947604,-0.09842893,0.37150925,-0.14549217,0.10805279,0.41915333,-0.18255512,0.7336778,-0.17653176,0.46856397,-0.48500854,-0.3572859,0.13769256,-0.1636615,0.20273998,-0.59461147,0.1811617,-0.39648113,0.2062588,-0.26702648,-0.27351382,0.1710635,0.32178646,-0.3424704,-0.4724202
0.020728365,0.2511614,-0.4543259,0.35600385,0.34335607,-0.5827849,0.5744278,0.81397563,-0.12353138,0.37129354,-0.13937967,0.14614359,0.4217164,-0.10069242,0.69135016,-0.13732396,0.5088642,-0.4840221,-0.340095,0.092206806,-0.16180676,0.23121765,-0.5948514,0.17022021,-0.36781466,0.24153131,-0.25940186,-0.24991259,0.16479373,0.31258142,-0.35813043,-0.45523015
0.04685363,0.2756592,-0.44841972,0.3519316,0.3217224,-0.559463,0.5842351,0.80162907,-0.09991344,0.36812603,-0.15622388,0.11481155,0.4212813,-0.16835749,0.73430246,-0.17204617,0.48453444,-0.49410886,-0.34909633,0.115756005,-0.15366706,0.20632038,-0.5971777,0.17939998,-0.393356,0.21593909,-0.2673037,-0.27099776,0.16810821,0.3236431,-0.36466733,-0.47482613
-0.0216088,0.21104634,-0.46321508,0.36349195,0.37919283,-0.6205771,0.5584097,0.83311963,-0.16260864,0.37693864,-0.110179216,0.19744371,0.42219916,0.010140955,0.61990786,-0.08013402,0.54748935,-0.4662344,-0.32606226,0.055552155,-0.1764601,0.27218413,-0.59069633,0.15516546,-0.32572663,0.28296408,-0.24624048,-0.21516031,0.1596198,0.29399124,-0.3447632,-0.42239693
-0.0071299523,0.22476521,-0.4601751,0.36093113,0.36693707,-0.60765254,0.5638877,0.8265726,-0.14924467,0.37500808,-0.12016542,0.17989965,0.42203405,-0.02776283,0.6443403,-0.09969233,0.53427994,-0.47231758,-0.33086133,0.06808767,-0.17144884,0.25817406,-0.5921173,0.16031402,-0.34012026,0.26879454,-0.2507415,-0.2270452,0.16138923,0.30034885,-0.34933463,-0.43362552
-0.0013655722,0.23022705,-0.4589648,0.3599116,0.36205775,-0.602507,0.5660686,0.8239661,-0.14392413,0.37423947,-0.1241412,0.17291492,0.4219683,-0.042853236,0.65406746,-0.107478976,0.529021,-0.47473943,-0.33277193,0.073078334,-0.16945371,0.25259632,-0.592683,0.16236378,-0.3458507,0.26315328,-0.2525335,-0.23177685,0.16209368,0.30288002,-0.35115466,-0.4380959
0.060641922,0.2829685,-0.4350662,0.36080623,0.31983963,-0.5464366,0.5870357,0.7822151,-0.09803649,0.3738789,-0.13784917,0.104186095,0.41817045,-0.19038494,0.7328159,-0.17896093,0.45925665,-0.47921956,-0.361391,0.1507434,-0.1702491,0.2018549,-0.5929888,0.1813724,-0.39807937,0.20086977,-0.26638198,-0.2756415,0.17295328,0.3199545,-0.32896298,-0.47085786
-0.0021750778,0.22946003,-0.45913476,0.36005476,0.36274296,-0.6032296,0.56576234,0.8243321,-0.14467129,0.37434742,-0.12358287,0.17389579,0.42197755,-0.040734082,0.65270144,-0.1063855,0.5297595,-0.47439933,-0.33250362,0.07237747,-0.16973388,0.25337958,-0.59260356,0.16207594,-0.34504598,0.26394552,-0.25228184,-0.23111239,0.16199476,0.30252457,-0.35089904,-0.4374681
0.009781554,0.24078913,-0.45662433,0.35794002,0.35262212,-0.59255654,0.5702861,0.81892556,-0.1336353,0.37275314,-0.13182953,0.15940787,0.4218412,-0.07203506,0.67287785,-0.12253678,0.5188512,-0.47942287,-0.33646667,0.08272928,-0.16559556,0.24181005,-0.59377706,0.16632763,-0.35693228,0.25224426,-0.25599882,-0.24092695,0.16345596,0.3077747,-0.35467416,-0.44674072
-0.005797133,0.22602811,-0.45989525,0.3606954,0.36580887,-0.60646284,0.564392,0.82596993,-0.14801443,0.37483037,-0.12108472,0.17828465,0.42201883,-0.031252056,0.6465894,-0.10149278,0.533064,-0.47287756,-0.3313031,0.06924161,-0.1709875,0.25688437,-0.59224814,0.16078797,-0.34144527,0.26749018,-0.25115588,-0.22813925,0.16155213,0.30093414,-0.34975547,-0.43465918
0.026628926,0.25675222,-0.45308703,0.35496023,0.3383615,-0.57751775,0.5766602,0.81130755,-0.11808517,0.37050676,-0.14344932,0.13899387,0.4216491,-0.11613934,0.7013071,-0.14529455,0.50348103,-0.48650122,-0.3420508,0.09731543,-0.15976451,0.22550812,-0.5954305,0.1723184,-0.3736805,0.2357568,-0.2612362,-0.25475603,0.16551484,0.31517234,-0.35999343,-0.45980614
0.0044299513,0.2357184,-0.45774794,0.35888654,0.35715204,-0.59733367,0.5682613,0.82134545,-0.13857484,0.3734667,-0.12813841,0.16589245,0.42190224,-0.05802521,0.6638472,-0.1153077,0.5237336,-0.4771744,-0.33469287,0.078096,-0.16744782,0.24698842,-0.5932518,0.16442463,-0.35161215,0.25748158,-0.25433517,-0.23653409,0.16280194,0.30542478,-0.35298446,-0.44259045
0.0015638471,0.23300274,-0.45834976,0.35939348,0.3595781,-0.599892,0.56717694,0.8226415,-0.14122026,0.3738489,-0.12616165,0.16936533,0.4219349,-0.05052212,0.65901077,-0.11143611,0.5263485,-0.47597024,-0.3337429,0.07561457,-0.16843979,0.24976172,-0.59297055,0.16340548,-0.3487629,0.26028645,-0.2534442,-0.23418146,0.16245168,0.30416632,-0.3520796,-0.44036773
0.006254405,0.23744711,-0.4573649,0.35856384,0.35560772,-0.59570503,0.5689516,0.8205205,-0.13689086,0.37322345,-0.12939675,0.16368175,0.4218814,-0.06280142,0.6669259,-0.11777223,0.5220691,-0.47794095,-0.33529758,0.079675585,-0.16681635,0.24522302,-0.5934309,0.1650734,-0.3534259,0.25569606,-0.25490233,-0.23803169,0.16302492,0.30622593,-0.35356054,-0.44400534
0.05364123,0.27939948,-0.44257408,0.35649177,0.32102147,-0.5533916,0.585993,0.79295975,-0.09885447,0.37053943,-0.14856847,0.109990224,0.41976333,-0.1784853,0.73385686,-0.17524594,0.47314197,-0.4876172,-0.3549383,0.13140431,-0.16079652,0.20376632,-0.5953471,0.1806567,-0.3955853,0.20903371,-0.26710594,-0.27279258,0.17021634,0.32231867,-0.3488333,-0.47310987
0.04870127,0.2766773,-0.44682848,0.3531729,0.3215316,-0.55781037,0.5847136,0.7992692,-0.09962518,0.36878297,-0.15414001,0.11349914,0.4208681,-0.17111434,0.73418117,-0.17291716,0.48143333,-0.4923418,-0.35068655,0.12001559,-0.15560775,0.20562515,-0.5966794,0.17974207,-0.39396283,0.2140594,-0.26724985,-0.27148634,0.16868205,0.32328257,-0.3603572,-0.47435895
0.059908435,0.2827855,-0.4369396,0.36099866,0.32022548,-0.5475392,0.58724684,0.7843673,-0.09782963,0.3729364,-0.14071003,0.10551174,0.4182301,-0.1879906,0.73320466,-0.17831764,0.4621182,-0.480982,-0.3603788,0.14655657,-0.1680584,0.2017034,-0.59350246,0.18177567,-0.39769405,0.20238629,-0.26680207,-0.27452555,0.17237194,0.320722,-0.33319545,-0.47138977
0.05136645,0.27814597,-0.4445332,0.35496348,0.32125637,-0.55542636,0.5854038,0.7958652,-0.09920937,0.36973062,-0.1511341,0.11160605,0.42027205,-0.17509107,0.7340062,-0.17417358,0.47696006,-0.48979282,-0.35298043,0.12615997,-0.15840717,0.20462228,-0.5959606,0.18023552,-0.39483815,0.21134797,-0.26717222,-0.27219108,0.16950983,0.32276255,-0.35413992,-0.47368506
0.052610815,0.2788317,-0.4434615,0.3557995,0.3211279,-0.5543133,0.5857261,0.7942759,-0.09901523,0.37017307,-0.14973064,0.110722154,0.41999376,-0.1769478,0.7339245,-0.1747602,0.4748715,-0.4886027,-0.35405144,0.12902874,-0.15971419,0.20415404,-0.595625,0.18046592,-0.39524683,0.21008201,-0.26713598,-0.27252012,0.1698963,0.32251975,-0.35123706,-0.4733704
0.020165682,0.25062823,-0.45444408,0.3561034,0.34383237,-0.5832872,0.5742149,0.8142301,-0.12405075,0.37136856,-0.13899156,0.14682542,0.42172277,-0.09921935,0.6904006,-0.13656385,0.5093776,-0.4837857,-0.33990848,0.09171966,-0.16200152,0.23176213,-0.5947962,0.17002013,-0.36725527,0.24208197,-0.25922695,-0.24945068,0.16472498,0.31233436,-0.35795277,-0.45479375
0.047369152,0.27594328,-0.44797575,0.35227793,0.32166916,-0.5590019,0.5843685,0.8009707,-0.099833004,0.36830935,-0.15564246,0.11444538,0.421166,-0.16912669,0.73426867,-0.17228918,0.48366922,-0.49361584,-0.34954,0.11694446,-0.15420853,0.20612639,-0.5970386,0.17949544,-0.3935253,0.21541464,-0.26728868,-0.27113408,0.16826832,0.32354254,-0.36346477,-0.47469577
0.05873801,0.28220809,-0.4381846,0.35991597,0.32049516,-0.5488326,0.587313,0.78645,-0.098059304,0.37235165,-0.14282,0.10636989,0.4186235,-0.18609025,0.7335223,-0.17764865,0.46458742,-0.4827426,-0.35932505,0.14315464,-0.16615003,0.20184849,-0.5939725,0.18160035,-0.3972593,0.20384848,-0.26695743,-0.2741403,0.17179933,0.32132417,-0.3369435,-0.47182113
0.053285703,0.2792036,-0.44288024,0.3562529,0.32105818,-0.5537096,0.5859009,0.7934139,-0.09890994,0.37041304,-0.14896946,0.11024276,0.41984284,-0.17795481,0.7338802,-0.17507835,0.47373873,-0.48795724,-0.35463232,0.13058469,-0.1604231,0.2039001,-0.59544295,0.18059087,-0.39546853,0.20939541,-0.2671163,-0.27269858,0.17010592,0.32238805,-0.34966266,-0.47319975
0.013187647,0.24401644,-0.4559092,0.35733756,0.34973902,-0.5895161,0.57157475,0.81738544,-0.13049147,0.372299,-0.13417873,0.15528071,0.42180237,-0.08095178,0.67862546,-0.12713781,0.51574373,-0.48085392,-0.33759564,0.08567822,-0.16441667,0.23851423,-0.5941113,0.16753879,-0.3603183,0.24891093,-0.25705767,-0.24372281,0.16387221,0.3092703,-0.3557496,-0.4493822
0.058756277,0.28221813,-0.43816888,0.35992822,0.32049328,-0.54881626,0.5873177,0.7864267,-0.09805645,0.3723581,-0.14279947,0.10635694,0.41861942,-0.18611747,0.7335211,-0.17765725,0.4645568,-0.48272517,-0.35934073,0.14319666,-0.1661692,0.20184162,-0.5939676,0.18160373,-0.39726526,0.20382993,-0.26695693,-0.27414513,0.171805,0.3213206,-0.33690098,-0.4718165
0.03708896,0.26666325,-0.4508908,0.35311016,0.3295075,-0.5681807,0.5806178,0.8065777,-0.10843055,0.36911207,-0.15066372,0.1263194,0.42152983,-0.14352238,0.718958,-0.15942419,0.4939381,-0.49089593,-0.34551778,0.10637152,-0.15614419,0.21538673,-0.59645706,0.17603791,-0.384079,0.2255202,-0.2644879,-0.26334208,0.16679314,0.31976533,-0.363296,-0.46791807
0.05511999,0.28021437,-0.44130054,0.35748523,0.32086876,-0.5520688,0.58637595,0.79107106,-0.09862376,0.37106523,-0.14690067,0.10893986,0.41943264,-0.18069175,0.7337598,-0.17594305,0.47066003,-0.48620293,-0.35621104,0.13481347,-0.16234976,0.20320989,-0.5949483,0.18093048,-0.39607096,0.2075293,-0.26706287,-0.27318358,0.17067562,0.32203013,-0.34538367,-0.47273594
0.027989388,0.2580413,-0.4528014,0.3547196,0.3372099,-0.57630336,0.57717496,0.8106923,-0.116829455,0.3703254,-0.14438768,0.13734539,0.42163357,-0.119700864,0.70360285,-0.14713229,0.5022398,-0.4870728,-0.3425017,0.09849331,-0.15929365,0.2241917,-0.595564,0.17280218,-0.37503296,0.23442538,-0.26165912,-0.25587276,0.1656811,0.31576973,-0.36042297,-0.4608612
0.018781602,0.24931678,-0.45473465,0.3563482,0.34500396,-0.58452266,0.57369125,0.81485593,-0.12532826,0.37155312,-0.13803692,0.14850248,0.42173856,-0.095596045,0.68806505,-0.13469422,0.51064026,-0.4832042,-0.33944976,0.090521365,-0.16248056,0.23310138,-0.59466034,0.16952796,-0.36587936,0.24343649,-0.2587967,-0.24831459,0.16455583,0.3117266,-0.35751578,-0.4537204
0.060313582,0.28287274,-0.43591866,0.36117536,0.31995803,-0.54683113,0.586946,0.78296274,-0.09787044,0.3734742,-0.13889347,0.10487019,0.41809827,-0.18923801,0.7328804,-0.17870864,0.460431,-0.4797375,-0.36091667,0.14898793,-0.16951558,0.20192006,-0.5931616,0.18159859,-0.39791998,0.20147699,-0.26654536,-0.2750671,0.1727804,0.32014093,-0.33053988,-0.47105515
0.059731886,0.28275573,-0.43732864,0.3605837,0.32039252,-0.5479436,0.5875704,0.78518057,-0.09790424,0.372705,-0.14169908,0.10566394,0.41840124,-0.18757321,0.733457,-0.17811719,0.4629193,-0.4817921,-0.36018044,0.14544591,-0.16719395,0.20147452,-0.59370446,0.18178436,-0.3975857,0.20283735,-0.2669285,-0.2744031,0.17210802,0.32113025,-0.334625,-0.4715698
0.008939773,0.23999153,-0.45680106,0.35808888,0.35333467,-0.593308,0.5699676,0.8193062,-0.13441226,0.37286538,-0.1312489,0.16042788,0.4218508,-0.06983137,0.67145735,-0.121399686,0.5196192,-0.4790692,-0.33618766,0.082000494,-0.16588691,0.24262458,-0.59369445,0.16602829,-0.35609543,0.25306806,-0.25573713,-0.24023595,0.16335309,0.30740505,-0.35440838,-0.4460879
0.05801931,0.281812,-0.43880355,0.3594331,0.32056937,-0.54947543,0.58712685,0.78736794,-0.09817142,0.3720961,-0.14363064,0.10688041,0.41878423,-0.18501785,0.73356944,-0.17730984,0.46579373,-0.48342997,-0.35870647,0.14149769,-0.16539514,0.20211893,-0.59416634,0.18146728,-0.3970232,0.20457965,-0.26697838,-0.27395025,0.17157611,0.3214644,-0.33862013,-0.47200286
0.010673493,0.24163425,-0.45643705,0.35778224,0.35186714,-0.59176034,0.5706236,0.8185223,-0.13281205,0.37263423,-0.1324447,0.15832712,0.421831,-0.07437004,0.6743829,-0.12374163,0.5180375,-0.4797976,-0.3367623,0.08350155,-0.16528685,0.240947,-0.59386456,0.16664478,-0.35781896,0.25137138,-0.2562761,-0.24165908,0.16356495,0.30816633,-0.3549558,-0.44743243
0.048230693,0.27641803,-0.44723377,0.35285676,0.3215802,-0.55823123,0.5845917,0.79987025,-0.09969859,0.3686157,-0.15467076,0.11383341,0.42097333,-0.17041223,0.7342121,-0.17269534,0.48222315,-0.49279183,-0.35028154,0.11893073,-0.15511347,0.2058022,-0.5968063,0.17965496,-0.39380828,0.21453813,-0.2672636,-0.2713619,0.1685359,0.3233744,-0.36145493,-0.47447792
0.04734662,0.27593085,-0.44799516,0.35226285,0.3216715,-0.55902207,0.5843627,0.8009994,-0.09983651,0.36830133,-0.15566787,0.11446138,0.42117104,-0.1690931,0.7342701,-0.17227857,0.483707,-0.49363738,-0.34952062,0.11689255,-0.15418488,0.20613486,-0.5970447,0.17949128,-0.39351788,0.21543753,-0.26728934,-0.27112812,0.16826133,0.3235469,-0.36351734,-0.47470146
0.04985991,0.2773158,-0.44583064,0.35395133,0.32141197,-0.55677396,0.5850136,0.7977894,-0.099444404,0.36919495,-0.15283324,0.11267616,0.420609,-0.17284317,0.7341051,-0.17346337,0.47948867,-0.49123368,-0.3516838,0.122686744,-0.15682474,0.20518917,-0.5963669,0.17995659,-0.39434335,0.21288064,-0.26721612,-0.2717927,0.16904192,0.32305652,-0.35765433,-0.474066
-0.032170534,0.20103894,-0.46543264,0.36536002,0.38813293,-0.630005,0.5544137,0.8378955,-0.17235713,0.37834692,-0.10289462,0.21024139,0.4223196,0.03779021,0.6020853,-0.06586701,0.55712503,-0.4617969,-0.32256156,0.046408027,-0.18011563,0.28240395,-0.58965975,0.1514098,-0.31522703,0.2933002,-0.24295716,-0.20649074,0.15832907,0.2893536,-0.3414285,-0.41420612
0.060541593,0.28293923,-0.43532667,0.360919,0.3198758,-0.5465572,0.5870083,0.7824435,-0.09798576,0.37375522,-0.13816825,0.104395114,0.4181484,-0.19003448,0.73283565,-0.17888385,0.4596155,-0.4793778,-0.36124608,0.15020701,-0.17002496,0.20187482,-0.5930416,0.18144152,-0.39803067,0.20105532,-0.2664319,-0.275466,0.17290044,0.32001144,-0.32944483,-0.47091815
0.060272582,0.2828608,-0.4360251,0.36122143,0.3199728,-0.5468804,0.5869348,0.7830561,-0.09784971,0.37342364,-0.13902386,0.104955636,0.41808924,-0.18909474,0.7328885,-0.17867713,0.46057767,-0.47980216,-0.36085743,0.1487687,-0.16942397,0.2019282,-0.59318316,0.18162684,-0.39790007,0.20155284,-0.26656574,-0.27499536,0.17275879,0.32016417,-0.33073682,-0.4710798
0.0548226,0.2800505,-0.44155666,0.35728544,0.3208995,-0.5523349,0.58629894,0.7914509,-0.09867016,0.37095946,-0.14723605,0.10915108,0.41949913,-0.180248,0.7337793,-0.17580286,0.47115916,-0.48648733,-0.3559551,0.13412789,-0.1620374,0.2033218,-0.59502846,0.18087542,-0.3959733,0.20783184,-0.26707152,-0.27310497,0.17058326,0.32208815,-0.3460774,-0.47281116
0.043056622,0.2723177,-0.44963786,0.35205466,0.3244561,-0.56285363,0.5828756,0.80387926,-0.102922395,0.36831635,-0.1547797,0.11908837,0.42146176,-0.15914495,0.72902817,-0.16748542,0.48849368,-0.4934032,-0.34749576,0.11153817,-0.15407872,0.20961228,-0.59704274,0.17815995,-0.39001155,0.21968001,-0.26634306,-0.26824063,0.16752243,0.3223857,-0.36518022,-0.4725461
0.049411878,0.2770689,-0.44621652,0.35365033,0.32145822,-0.5571747,0.5848976,0.79836166,-0.09951431,0.36903566,-0.15333854,0.11299439,0.4207092,-0.17217466,0.73413455,-0.17325217,0.48024064,-0.49166214,-0.35129815,0.121653825,-0.15635416,0.20535776,-0.59648776,0.17987365,-0.3941962,0.21333645,-0.26722917,-0.27167425,0.16890275,0.3231439,-0.35869947,-0.47417927
0.015530467,0.24623631,-0.45541728,0.3569232,0.3477559,-0.58742476,0.5724612,0.816326,-0.12832904,0.3719866,-0.1357946,0.1524419,0.42177564,-0.08708499,0.6825789,-0.13030253,0.51360637,-0.48183826,-0.33837217,0.087706596,-0.1636058,0.23624726,-0.5943413,0.16837189,-0.36264735,0.24661817,-0.257786,-0.24564591,0.16415852,0.31029904,-0.3564893,-0.45119908
0.048642114,0.27664474,-0.44687945,0.3531332,0.3215377,-0.55786324,0.58469826,0.79934484,-0.0996344,0.36876196,-0.15420675,0.11354117,0.42088133,-0.1710261,0.7341851,-0.17288928,0.48153263,-0.49239838,-0.35063565,0.119879186,-0.1555456,0.2056474,-0.5966953,0.17973113,-0.39394337,0.21411958,-0.2672516,-0.2714707,0.1686637,0.32329413,-0.3604952,-0.4743739
0.048359275,0.27648887,-0.44712305,0.35294315,0.3215669,-0.55811626,0.58462495,0.7997061,-0.09967853,0.3686614,-0.15452576,0.11374208,0.42094457,-0.17060405,0.73420364,-0.17275594,0.48200738,-0.49266887,-0.3503922,0.11922711,-0.15524852,0.20575383,-0.5967716,0.17967877,-0.39385048,0.21440732,-0.26725984,-0.2713959,0.16857584,0.32334933,-0.36115506,-0.47444543
0.050530702,0.27768543,-0.44525295,0.354402,0.32134268,-0.5561739,0.5851874,0.79693264,-0.09933976,0.36943346,-0.15207669,0.11219968,0.42045897,-0.17384405,0.73406106,-0.17377959,0.4783628,-0.49059212,-0.35226113,0.124233186,-0.15752932,0.20493676,-0.596186,0.18008079,-0.39456367,0.21219823,-0.26719657,-0.2719701,0.16925025,0.3229256,-0.35608953,-0.47389638
0.037487864,0.26704124,-0.4508071,0.35303962,0.32916984,-0.56782454,0.58076864,0.8063973,-0.10806236,0.36905888,-0.15093888,0.12583603,0.42152527,-0.14456668,0.71963114,-0.15996304,0.49357414,-0.49106354,-0.34564996,0.10671687,-0.15600611,0.21500073,-0.5964962,0.17617977,-0.38447556,0.22512981,-0.2646119,-0.26366955,0.1668419,0.31994048,-0.36342198,-0.46822745
-0.04798898,0.18605074,-0.4687539,0.3681578,0.4015226,-0.6441253,0.54842883,0.84504825,-0.18695757,0.3804561,-0.091984496,0.22940867,0.42249995,0.07920089,0.5753923,-0.044499114,0.5715565,-0.45515087,-0.3173185,0.032712698,-0.18559055,0.29771027,-0.5881073,0.14578488,-0.2995017,0.30878073,-0.23803966,-0.19350626,0.15639593,0.28240773,-0.33643407,-0.40193865
0.029736817,0.25969702,-0.45243448,0.35441053,0.3357308,-0.5747435,0.5778361,0.8099022,-0.11521658,0.3700924,-0.14559287,0.13522802,0.42161363,-0.12427539,0.70655155,-0.14949274,0.50064564,-0.48780698,-0.34308088,0.10000619,-0.15868884,0.22250086,-0.5957355,0.17342354,-0.3767701,0.2327153,-0.26220232,-0.2573071,0.16589464,0.31653702,-0.3609747,-0.46221635
-0.017066538,0.21535018,-0.46226138,0.3626886,0.37534797,-0.61652243,0.5601282,0.8310658,-0.15841612,0.376333,-0.11331205,0.19193982,0.42214733,-0.0017501414,0.6275727,-0.08626981,0.54334533,-0.46814278,-0.32756782,0.05948472,-0.17488796,0.26778895,-0.5911421,0.15678066,-0.33024216,0.27851886,-0.24765253,-0.21888879,0.16017489,0.29598576,-0.34619737,-0.42591953
-0.056490272,0.17799565,-0.47053882,0.36966145,0.40871862,-0.65171397,0.5452124,0.84889233,-0.19480427,0.38158962,-0.08612104,0.23970972,0.4225969,0.101456225,0.5610467,-0.033015415,0.57931244,-0.4515791,-0.31450075,0.025352508,-0.18853293,0.30593634,-0.58727294,0.1427619,-0.2910504,0.3171004,-0.23539686,-0.18652801,0.155357,0.27867484,-0.33374995,-0.39534575
-0.0071062148,0.22478773,-0.4601701,0.36092693,0.36691695,-0.6076313,0.56389666,0.82656187,-0.14922275,0.37500492,-0.120181784,0.17987087,0.4220338,-0.027824968,0.64438033,-0.09972441,0.5342583,-0.47232753,-0.3308692,0.0681082,-0.1714406,0.25815108,-0.59211963,0.16032246,-0.34014386,0.2687713,-0.2507489,-0.22706468,0.16139212,0.30035928,-0.3493421,-0.43364394
-0.040447623,0.1931963,-0.46717054,0.36682397,0.39513916,-0.63739353,0.55128205,0.8416382,-0.17999688,0.37945056,-0.097185835,0.22027078,0.42241395,0.059458584,0.5881181,-0.054686144,0.5646764,-0.4583193,-0.31981808,0.03924188,-0.1829804,0.29041305,-0.5888474,0.14846653,-0.30699864,0.30140048,-0.24038404,-0.19969656,0.15731755,0.28571916,-0.33881512,-0.40778708
0.0520958,0.27854788,-0.44390506,0.3554535,0.32118106,-0.554774,0.58559275,0.7949337,-0.09909558,0.36998993,-0.1503115,0.11108798,0.42010897,-0.17617935,0.73395836,-0.1745174,0.4757359,-0.48909527,-0.3536082,0.12784141,-0.15917325,0.20434785,-0.5957639,0.18037055,-0.3950777,0.21060596,-0.26715097,-0.27238393,0.16973634,0.3226202,-0.35243848,-0.47350064
0.051403046,0.27816615,-0.44450167,0.35498807,0.3212526,-0.55539364,0.5854133,0.79581845,-0.09920365,0.36974365,-0.15109284,0.111580044,0.4202639,-0.17514567,0.73400384,-0.17419082,0.47689864,-0.4897578,-0.35301194,0.1262443,-0.1584456,0.2046085,-0.5959507,0.1802423,-0.39485016,0.21131074,-0.26717117,-0.27220073,0.1695212,0.3227554,-0.35405454,-0.4736758
-0.0053788126,0.22642446,-0.45980746,0.36062142,0.3654548,-0.6060894,0.5645502,0.8257808,-0.14762834,0.37477458,-0.12137325,0.17777778,0.42201406,-0.032347113,0.6472953,-0.10205783,0.53268236,-0.47305334,-0.33144173,0.06960377,-0.17084272,0.25647962,-0.59228915,0.16093673,-0.34186107,0.26708078,-0.2512859,-0.2284826,0.16160324,0.3011178,-0.34988755,-0.43498358
-0.032479778,0.20074594,-0.46549755,0.36541474,0.38839468,-0.63028103,0.5542967,0.83803535,-0.17264256,0.37838814,-0.10268138,0.21061611,0.4223231,0.03859979,0.60156345,-0.06544928,0.55740714,-0.46166697,-0.32245907,0.046140254,-0.18022266,0.28270316,-0.5896294,0.15129983,-0.3149196,0.29360282,-0.24286102,-0.20623691,0.15829128,0.28921783,-0.34133086,-0.4139663
0.017357185,0.24796714,-0.45503372,0.3566001,0.34620965,-0.58579415,0.5731523,0.8155,-0.126643,0.37174305,-0.13705449,0.15022847,0.4217548,-0.091867074,0.6856614,-0.13277009,0.5119398,-0.48260573,-0.33897763,0.089288145,-0.16297355,0.2344797,-0.59452057,0.16902146,-0.36446333,0.24483049,-0.25835386,-0.24714535,0.16438176,0.31110114,-0.35706604,-0.45261574
0.035390466,0.26505393,-0.45124745,0.35341057,0.3309452,-0.5696968,0.5799751,0.80734575,-0.109998256,0.36933854,-0.14949225,0.12837747,0.4215492,-0.13907592,0.7160919,-0.15712982,0.4954877,-0.4901823,-0.3449548,0.104900986,-0.15673205,0.21703024,-0.59629035,0.17543393,-0.3823905,0.2271824,-0.26395988,-0.2619479,0.16658556,0.3190195,-0.36275974,-0.46660087
0.03283146,0.2626292,-0.45178476,0.3538632,0.33311132,-0.5719811,0.5790069,0.80850285,-0.112360224,0.36967975,-0.1477273,0.13147825,0.42157835,-0.13237675,0.71177363,-0.15367305,0.49782234,-0.48910716,-0.3441066,0.10268542,-0.15761776,0.2195064,-0.59603924,0.17452398,-0.3798465,0.22968677,-0.26316437,-0.25984734,0.16627283,0.3178959,-0.3619518,-0.4646163
0.035705313,0.26535225,-0.45118135,0.35335487,0.3306787,-0.56941575,0.5800943,0.80720335,-0.10970765,0.36929655,-0.14970942,0.12799598,0.4215456,-0.13990018,0.7166231,-0.15755512,0.49520046,-0.4903146,-0.34505916,0.10517359,-0.15662308,0.21672559,-0.5963213,0.17554589,-0.38270348,0.22687429,-0.26405776,-0.26220632,0.16662404,0.31915778,-0.36285916,-0.46684504
0.012841105,0.24368808,-0.45598197,0.35739887,0.35003233,-0.5898254,0.5714437,0.8175421,-0.13081133,0.3723452,-0.1339397,0.15570064,0.4218063,-0.08004457,0.6780407,-0.12666968,0.51605994,-0.4807083,-0.33748078,0.0853782,-0.16453663,0.23884957,-0.5940773,0.16741557,-0.35997382,0.2492501,-0.25694996,-0.24343835,0.16382986,0.30911812,-0.35564014,-0.44911343
0.0268009,0.25691518,-0.4530509,0.3549298,0.33821595,-0.5773642,0.5767253,0.81122977,-0.11792645,0.37048385,-0.14356792,0.1387855,0.42164713,-0.116589546,0.7015973,-0.14552686,0.50332415,-0.48657346,-0.34210777,0.09746432,-0.159705,0.22534172,-0.59544736,0.17237955,-0.37385148,0.23558848,-0.26128966,-0.25489718,0.16553585,0.31524786,-0.36004773,-0.4599395
0.011981338,0.24287346,-0.45616245,0.35755092,0.3507601,-0.5905929,0.57111835,0.8179309,-0.13160491,0.37245983,-0.1333467,0.1567424,0.4218161,-0.07779382,0.67658985,-0.1255083,0.51684433,-0.4803471,-0.3371958,0.08463389,-0.1648342,0.23968148,-0.59399295,0.16710985,-0.35911912,0.2500915,-0.25668266,-0.24273261,0.16372478,0.30874062,-0.3553687,-0.44844666
0.024433643,0.25467217,-0.45354795,0.3553485,0.34021974,-0.57947737,0.5758297,0.8123002,-0.12011142,0.37079948,-0.14193521,0.1416539,0.42167413,-0.11039238,0.6976026,-0.14232913,0.5054838,-0.48557884,-0.34132314,0.09541482,-0.16052434,0.22763234,-0.595215,0.17153779,-0.37149817,0.23790517,-0.26055372,-0.25295404,0.16524655,0.3142084,-0.3593003,-0.45810366
-0.0273491,0.20560732,-0.46442035,0.36450726,0.38405174,-0.6257011,0.5562378,0.8357153,-0.16790693,0.37770405,-0.10622007,0.20439924,0.4222646,0.0251683,0.6102213,-0.07237992,0.55272627,-0.4638226,-0.32415965,0.05058232,-0.17844686,0.2777386,-0.59013295,0.15312427,-0.3200201,0.28858176,-0.24445601,-0.21044841,0.15891829,0.29147068,-0.3429508,-0.41794524
0.029983237,0.2599305,-0.45238274,0.35436696,0.3355222,-0.57452357,0.5779293,0.8097908,-0.11498913,0.37005952,-0.14576283,0.13492945,0.42161083,-0.12492049,0.70696735,-0.14982562,0.5004208,-0.4879105,-0.34316257,0.10021952,-0.15860355,0.22226241,-0.5957597,0.17351118,-0.37701505,0.23247412,-0.26227894,-0.25750938,0.16592476,0.3166452,-0.3610525,-0.46240744
0.04250823,0.2717981,-0.449753,0.3521517,0.3249203,-0.56334317,0.58266807,0.8041272,-0.10342855,0.3683895,-0.15440148,0.11975287,0.42146802,-0.15770933,0.7281028,-0.16674465,0.488994,-0.49317282,-0.347314,0.11106342,-0.15426852,0.21014291,-0.5969889,0.17796496,-0.38946638,0.2202167,-0.2661726,-0.26779047,0.16745542,0.32214493,-0.36500707,-0.47212082
0.054971367,0.28013247,-0.44142854,0.3573854,0.3208841,-0.5522018,0.58633745,0.7912609,-0.09864695,0.3710124,-0.14706825,0.1090454,0.41946587,-0.18047,0.73376954,-0.175873,0.47090948,-0.48634505,-0.35608315,0.13447085,-0.16219367,0.20326582,-0.59498835,0.18090296,-0.39602217,0.2076805,-0.2670672,-0.2731443,0.17062947,0.32205912,-0.34573033,-0.47277352
0.031077504,0.2609673,-0.45215303,0.35417342,0.33459595,-0.57354677,0.57834333,0.80929595,-0.11397913,0.36991364,-0.14651756,0.13360351,0.42159837,-0.12778515,0.7088139,-0.15130377,0.4994225,-0.48837024,-0.34352526,0.101166904,-0.15822482,0.22120357,-0.5958671,0.17390029,-0.3781029,0.23140325,-0.2626191,-0.2584076,0.1660585,0.3171257,-0.36139798,-0.46325606
-0.06065643,0.17404816,-0.47141358,0.3703983,0.4122451,-0.6554329,0.54363614,0.85077626,-0.19864964,0.3821451,-0.0832476,0.24475788,0.4226444,0.11236271,0.5540165,-0.027387664,0.5831133,-0.44982868,-0.31311986,0.021745503,-0.18997489,0.3099676,-0.58686405,0.14128044,-0.28690875,0.3211776,-0.23410171,-0.18310824,0.15484786,0.2768455,-0.33243456,-0.39211482
0.024452537,0.25469008,-0.45354402,0.35534516,0.34020373,-0.5794605,0.5758368,0.8122916,-0.12009398,0.37079698,-0.14194828,0.141631,0.4216739,-0.110441804,0.6976345,-0.14235464,0.5054666,-0.48558682,-0.3413294,0.09543112,-0.16051778,0.22761405,-0.5952169,0.1715445,-0.3715169,0.2378867,-0.26055962,-0.25296953,0.16524887,0.3142167,-0.3593063,-0.45811832
-0.037820995,0.19568506,-0.466619,0.3663594,0.3929158,-0.63504887,0.55227584,0.8404505,-0.17757249,0.37910032,-0.09899746,0.21708807,0.42238402,0.052582383,0.5925504,-0.058234274,0.56228006,-0.4594229,-0.3206887,0.041515946,-0.18207128,0.28787145,-0.5891052,0.14940055,-0.30960983,0.29882997,-0.2412006,-0.2018526,0.15763855,0.2868725,-0.3396445,-0.4098241
0.051844,0.27840912,-0.4441219,0.35528433,0.32120708,-0.55499923,0.5855275,0.79525524,-0.09913486,0.3699004,-0.1505955,0.11126684,0.42016527,-0.17580363,0.7339749,-0.17439869,0.47615856,-0.48933607,-0.35339144,0.12726092,-0.15890877,0.20444259,-0.5958318,0.18032394,-0.39499497,0.21086213,-0.2671583,-0.27231735,0.16965815,0.32266936,-0.35302588,-0.4735643
0.0015204251,0.23296161,-0.45835885,0.35940114,0.35961485,-0.5999308,0.56716055,0.8226611,-0.14126033,0.37385467,-0.12613173,0.16941792,0.4219354,-0.050408483,0.6589375,-0.11137749,0.52638805,-0.475952,-0.33372852,0.07557696,-0.16845481,0.24980372,-0.59296626,0.16339004,-0.34871978,0.26032895,-0.2534307,-0.23414584,0.16244638,0.30414727,-0.3520659,-0.44033405
0.008499593,0.23957443,-0.4568935,0.35816675,0.35370728,-0.5937009,0.5698011,0.8195052,-0.13481857,0.3729241,-0.1309453,0.16096126,0.4218558,-0.068679005,0.67071456,-0.12080507,0.5200208,-0.47888425,-0.33604175,0.08161938,-0.16603926,0.24305052,-0.59365124,0.16587177,-0.35565785,0.25349885,-0.2556003,-0.23987463,0.16329929,0.3072118,-0.3542694,-0.4457465
0.019940183,0.25041455,-0.45449144,0.35614327,0.34402326,-0.58348846,0.5741296,0.81433207,-0.124258876,0.37139863,-0.13883606,0.14709865,0.42172536,-0.09862907,0.6900201,-0.13625926,0.5095833,-0.48369098,-0.33983377,0.09152445,-0.16207954,0.23198031,-0.59477407,0.16993995,-0.3670311,0.24230266,-0.25915685,-0.2492656,0.16469742,0.31223533,-0.35788158,-0.4546189
0.045273453,0.27441818,-0.4491724,0.35166258,0.32257965,-0.56087476,0.5837143,0.80287683,-0.100876264,0.3680208,-0.15630867,0.11640224,0.4214365,-0.16494831,0.73276895,-0.17047995,0.48647124,-0.49433458,-0.34823054,0.11345747,-0.15331146,0.20746723,-0.5972603,0.17894825,-0.3922153,0.21751057,-0.2670322,-0.2700603,0.16779335,0.3233591,-0.36588013,-0.47426528
0.05373682,0.27945215,-0.44249174,0.35655597,0.3210116,-0.5533061,0.5860177,0.7928377,-0.09883956,0.37057343,-0.14846064,0.10992232,0.41974196,-0.17862795,0.7338506,-0.175291,0.47298157,-0.48752576,-0.35502058,0.1316247,-0.16089693,0.20373034,-0.5953213,0.18067439,-0.3956167,0.20893645,-0.26710317,-0.27281785,0.17024603,0.32230002,-0.34861028,-0.4730857
0.0016214997,0.23305735,-0.4583376,0.35938326,0.35952932,-0.5998406,0.56719875,0.8226154,-0.14116704,0.37384117,-0.1262014,0.16929546,0.42193425,-0.050673068,0.65910804,-0.111513995,0.5262958,-0.47599447,-0.333762,0.07566452,-0.16841984,0.24970594,-0.5929762,0.16342597,-0.3488202,0.26023,-0.2534621,-0.23422879,0.16245872,0.30419162,-0.35209775,-0.44041243
0.010368854,0.24134558,-0.456501,0.35783613,0.35212502,-0.5920323,0.5705083,0.81866,-0.13309325,0.37267485,-0.13223453,0.15869628,0.4218345,-0.07357246,0.67386883,-0.12333007,0.51831543,-0.47966957,-0.33666134,0.0832378,-0.16539231,0.24124178,-0.5938347,0.16653645,-0.3575161,0.25166953,-0.2561814,-0.241409,0.16352773,0.30803254,-0.3548596,-0.44719616
0.049456924,0.27709374,-0.44617772,0.3536806,0.32145357,-0.5571344,0.58490926,0.7983041,-0.09950729,0.36905167,-0.15328775,0.112962395,0.4206991,-0.17224188,0.7341316,-0.1732734,0.48016503,-0.49161905,-0.35133693,0.121757686,-0.15640146,0.2053408,-0.5964756,0.17988199,-0.394211,0.21329062,-0.26722786,-0.27168614,0.16891676,0.3231351,-0.35859442,-0.47416788
0.054560497,0.27990606,-0.4417824,0.35710937,0.32092655,-0.5525693,0.58623105,0.79178566,-0.09871104,0.3708663,-0.14753167,0.10933726,0.41955775,-0.17985696,0.73379654,-0.1756793,0.47159907,-0.48673803,-0.35572952,0.13352364,-0.1617621,0.20342042,-0.59509915,0.1808269,-0.3958872,0.2080985,-0.26707917,-0.27303565,0.17050186,0.32213932,-0.3466888,-0.4728774
-0.008916855,0.22307211,-0.46055025,0.36124718,0.3684496,-0.6092476,0.5632116,0.8273806,-0.15089396,0.37524635,-0.11893301,0.18206483,0.4220544,-0.023084968,0.641325,-0.097278565,0.5359102,-0.4715668,-0.33026904,0.0665406,-0.17206728,0.2599031,-0.59194195,0.15967861,-0.33834386,0.27054328,-0.25018603,-0.22557843,0.16117086,0.29956427,-0.34877044,-0.43223974
-0.004909277,0.22686936,-0.45970884,0.36053836,0.36505735,-0.6056703,0.56472784,0.82556844,-0.14719495,0.374712,-0.12169705,0.17720883,0.42200872,-0.03357631,0.6480876,-0.10269208,0.532254,-0.47325057,-0.33159736,0.070010275,-0.17068022,0.25602528,-0.5923352,0.16110368,-0.34232786,0.2666213,-0.25143188,-0.22886802,0.16166061,0.30132398,-0.3500358,-0.4353477
0.006256625,0.2374492,-0.45736444,0.35856345,0.35560584,-0.59570307,0.56895244,0.8205195,-0.13688882,0.37322316,-0.12939835,0.16367906,0.42188138,-0.06280723,0.66692966,-0.11777522,0.5220671,-0.47794187,-0.33529833,0.07967749,-0.16681558,0.24522087,-0.5934311,0.16507418,-0.35342807,0.2556939,-0.25490302,-0.23803352,0.16302517,0.3062269,-0.35356128,-0.44400707
0.05350274,0.27932316,-0.44269332,0.35639873,0.32103577,-0.55351543,0.5859571,0.79313666,-0.09887608,0.3704902,-0.14872466,0.110088594,0.41979432,-0.17827867,0.733866,-0.17518066,0.47337443,-0.48774964,-0.35481912,0.13108504,-0.16065107,0.20381844,-0.5953844,0.18063104,-0.39553982,0.20917459,-0.26711,-0.27275595,0.17017333,0.32234567,-0.34915632,-0.4731449
-0.0052837282,0.22651456,-0.45978746,0.36060458,0.3653743,-0.60600454,0.56458616,0.82573783,-0.14754057,0.3747619,-0.1214388,0.17766255,0.42201298,-0.032596022,0.64745575,-0.10218628,0.53259563,-0.47309327,-0.33147326,0.069686055,-0.17080984,0.2563876,-0.5922985,0.16097054,-0.34195563,0.26698774,-0.25131547,-0.22856066,0.16161487,0.30115956,-0.34991753,-0.4350573
-0.05313915,0.18117091,-0.46983522,0.3690687,0.405882,-0.6487225,0.5464803,0.84737706,-0.19171117,0.3811428,-0.08843234,0.23564914,0.4225587,0.092683375,0.56670165,-0.03754218,0.5762551,-0.45298705,-0.31561148,0.028253824,-0.18737307,0.3026937,-0.58760184,0.14395353,-0.29438183,0.3138209,-0.23643863,-0.18927878,0.15576653,0.28014633,-0.334808,-0.3979446
-0.013009071,0.2191947,-0.46140945,0.36197096,0.3719135,-0.61290056,0.5616633,0.829231,-0.15467107,0.375792,-0.11611055,0.18702339,0.42210108,-0.0123720765,0.63441956,-0.091750726,0.53964365,-0.4698475,-0.32891268,0.06299761,-0.17348364,0.26386282,-0.59154034,0.15822347,-0.33427572,0.27454805,-0.2489139,-0.22221936,0.16067076,0.29776737,-0.3474784,-0.42906618
-0.014718413,0.21757506,-0.46176836,0.36227328,0.3733604,-0.6144264,0.5610166,0.830004,-0.15624881,0.3760199,-0.11493157,0.18909459,0.42212057,-0.007897228,0.63153505,-0.0894417,0.541203,-0.46912932,-0.3283461,0.061517686,-0.17407526,0.26551685,-0.59137255,0.15761563,-0.33257645,0.2762209,-0.2483825,-0.22081625,0.16046186,0.29701677,-0.34693867,-0.42774054
0.0151114315,0.24583927,-0.45550525,0.3569973,0.34811062,-0.58779883,0.57230264,0.8165155,-0.12871581,0.37204248,-0.13550556,0.15294966,0.4217804,-0.085987985,0.6818718,-0.12973648,0.5139887,-0.48166218,-0.33823326,0.08734378,-0.16375084,0.23665273,-0.59430015,0.16822287,-0.36223078,0.24702825,-0.25765574,-0.24530193,0.16410731,0.31011504,-0.35635698,-0.45087412
0.046710104,0.2755801,-0.44854334,0.3518352,0.32173723,-0.5595914,0.5841979,0.8018124,-0.09993583,0.368075,-0.15638575,0.11491349,0.4213134,-0.16814333,0.73431194,-0.1719785,0.48477536,-0.49424613,-0.3489728,0.11542511,-0.1535163,0.20637438,-0.59721637,0.17937341,-0.39330888,0.21608509,-0.26730788,-0.27095982,0.16806363,0.3236711,-0.3650022,-0.47486243
0.057785094,0.28168297,-0.43900526,0.35927576,0.32059357,-0.54968494,0.5870662,0.7876671,-0.098207965,0.37201282,-0.14389479,0.10704678,0.4188366,-0.18466839,0.7335848,-0.17719942,0.46618685,-0.483654,-0.35850486,0.14095768,-0.16514911,0.20220706,-0.5942295,0.18142392,-0.39694628,0.20481795,-0.2669852,-0.27388832,0.17150337,0.3215101,-0.3391665,-0.47206208
-0.01505962,0.21725176,-0.46184,0.36233363,0.3736492,-0.61473095,0.5608875,0.83015823,-0.15656374,0.3760654,-0.114696234,0.18950805,0.42212448,-0.007003993,0.63095933,-0.088980794,0.5415144,-0.46898597,-0.32823303,0.061222315,-0.17419335,0.265847,-0.59133905,0.1574943,-0.33223727,0.2765548,-0.24827644,-0.22053617,0.16042016,0.29686698,-0.34683096,-0.42747593
-0.0047961622,0.22697654,-0.4596851,0.36051834,0.3649616,-0.6055693,0.56477064,0.82551736,-0.14709055,0.3746969,-0.121775135,0.17707177,0.42200744,-0.033872426,0.6482785,-0.10284488,0.5321508,-0.47329813,-0.33163485,0.070108205,-0.17064105,0.25591582,-0.5923464,0.16114391,-0.3424403,0.26651058,-0.25146705,-0.22896087,0.16167444,0.30137363,-0.35007152,-0.43543544
0.047839,0.27620217,-0.4475711,0.35259363,0.32162064,-0.55858165,0.58449024,0.8003706,-0.099759705,0.3684764,-0.15511253,0.11411163,0.42106092,-0.16982776,0.7342378,-0.17251068,0.4828806,-0.49316648,-0.3499444,0.11802769,-0.15470205,0.2059496,-0.5969119,0.17958243,-0.39367962,0.21493661,-0.267275,-0.27125832,0.16841425,0.32345083,-0.3623687,-0.47457698
0.05043088,0.27763045,-0.4453389,0.35433492,0.321353,-0.5562632,0.5851615,0.79706013,-0.09935533,0.36939797,-0.15218927,0.112270586,0.4204813,-0.17369512,0.7340676,-0.17373252,0.47853035,-0.4906876,-0.3521752,0.12400305,-0.15742446,0.20497432,-0.5962129,0.18006231,-0.3945309,0.21229976,-0.2671995,-0.2719437,0.16921924,0.3229451,-0.3563224,-0.47392163
0.020495951,0.25094116,-0.45437473,0.35604495,0.34355283,-0.5829924,0.57433987,0.8140807,-0.12374592,0.37132454,-0.13921933,0.14642523,0.421719,-0.10008395,0.6909579,-0.13700998,0.50907624,-0.48392445,-0.34001797,0.09200561,-0.1618872,0.23144256,-0.5948286,0.17013755,-0.36758363,0.24175875,-0.25932962,-0.2497218,0.16476533,0.31247935,-0.35805702,-0.4550499
-0.008449301,0.22351512,-0.46045208,0.36116448,0.36805385,-0.6088303,0.5633885,0.8271692,-0.1504624,0.375184,-0.11925545,0.18149827,0.4220491,-0.02430895,0.642114,-0.09791015,0.53548366,-0.47176325,-0.330424,0.066945404,-0.17190546,0.25945067,-0.59198785,0.15984488,-0.3388087,0.2700857,-0.2503314,-0.22596222,0.161228,0.29976952,-0.34891805,-0.43260235
0.011422798,0.24234423,-0.45627975,0.3576497,0.3512329,-0.5910915,0.57090706,0.8181834,-0.13212043,0.3725343,-0.13296147,0.15741919,0.4218225,-0.076331615,0.6756474,-0.12475382,0.5173539,-0.48011243,-0.33701065,0.084150255,-0.1650275,0.24022195,-0.5939381,0.16691123,-0.35856387,0.25063807,-0.25650904,-0.24227415,0.16365653,0.30849537,-0.35519236,-0.4480135
0.019538164,0.25003365,-0.45457584,0.35621434,0.34436354,-0.5838473,0.5739775,0.81451386,-0.124629945,0.37145224,-0.13855875,0.14758578,0.42172995,-0.09757662,0.6893417,-0.1357162,0.5099501,-0.48352206,-0.33970052,0.09117639,-0.16221869,0.23236932,-0.5947346,0.16979699,-0.36663145,0.24269608,-0.25903186,-0.24893561,0.1646483,0.3120588,-0.35775465,-0.4543071
0.03171122,0.26156777,-0.45201993,0.35406134,0.33405954,-0.57298106,0.5785831,0.80900943,-0.1133942,0.36982912,-0.14695464,0.13283564,0.42159113,-0.12944415,0.7098833,-0.15215981,0.49884433,-0.4886365,-0.3437353,0.101715595,-0.15800548,0.22059037,-0.59592927,0.17412563,-0.3787329,0.23078305,-0.26281613,-0.2589278,0.16613594,0.31740397,-0.36159807,-0.46374753
-0.036559656,0.19688019,-0.46635416,0.3661363,0.39184815,-0.63392293,0.5527531,0.8398801,-0.17640829,0.37893212,-0.0998674,0.2155597,0.42236963,0.049280375,0.5946789,-0.059938088,0.56112933,-0.45995283,-0.3211068,0.042608023,-0.18163474,0.28665096,-0.589229,0.14984906,-0.31086373,0.29759556,-0.2415927,-0.20288798,0.15779269,0.28742632,-0.3400427,-0.41080227
0.024613082,0.2548422,-0.45351028,0.35531676,0.34006783,-0.5793172,0.5758975,0.812219,-0.11994581,0.37077555,-0.14205897,0.14143647,0.42167208,-0.11086208,0.6979054,-0.1425715,0.50532013,-0.48565423,-0.34138262,0.09557015,-0.16046222,0.22745872,-0.59523267,0.17160158,-0.3716765,0.23772958,-0.2606095,-0.25310132,0.16526848,0.3142872,-0.35935697,-0.4582428
0.047920883,0.2762473,-0.4475006,0.35264862,0.32161218,-0.5585084,0.58451146,0.80026597,-0.09974693,0.3685055,-0.1550202,0.11405347,0.42104262,-0.16994992,0.7342324,-0.17254928,0.4827432,-0.49308816,-0.3500149,0.118216455,-0.15478806,0.20591879,-0.59688985,0.17959759,-0.3937065,0.21485332,-0.2672726,-0.27128,0.16843969,0.32343486,-0.36217767,-0.47455627
0.013912037,0.2447028,-0.45575708,0.35720944,0.34912586,-0.58886945,0.57184887,0.81705785,-0.12982288,0.37220243,-0.13467833,0.15440299,0.42179412,-0.0828481,0.67984784,-0.1281163,0.51508296,-0.48115826,-0.33783573,0.08630541,-0.16416596,0.23781331,-0.59418243,0.16779637,-0.36103842,0.24820203,-0.25728288,-0.24431741,0.16396073,0.30958837,-0.35597828,-0.44994396
0.04707861,0.27578318,-0.44822598,0.35208273,0.32169917,-0.5592618,0.5842933,0.8013418,-0.09987833,0.36820602,-0.15597014,0.11465175,0.421231,-0.16869316,0.73428774,-0.17215222,0.48415685,-0.49389368,-0.34928995,0.116274655,-0.15390337,0.2062357,-0.597117,0.17944165,-0.39342988,0.21571022,-0.26729715,-0.27105725,0.16817808,0.3235992,-0.36414254,-0.47476923
0.051509753,0.27822495,-0.44440973,0.35505974,0.3212416,-0.5552982,0.58544093,0.7956822,-0.09918702,0.36978155,-0.15097247,0.11150424,0.42024,-0.1753049,0.7339968,-0.17424113,0.47671953,-0.48965573,-0.3531038,0.12649032,-0.15855768,0.20456836,-0.59592193,0.18026206,-0.39488524,0.21120217,-0.26716805,-0.27222896,0.16955432,0.32273456,-0.35380557,-0.47364882
-0.0617173,0.17304297,-0.4716363,0.37058592,0.4131431,-0.6563798,0.54323477,0.8512559,-0.19962883,0.38228655,-0.082515895,0.24604331,0.4226565,0.11513993,0.5522263,-0.025954619,0.5840812,-0.44938296,-0.31276822,0.020827025,-0.19034208,0.31099415,-0.5867599,0.1409032,-0.28585413,0.3222158,-0.23377195,-0.18223745,0.15471822,0.27637967,-0.3320996,-0.3912921
0.047369167,0.27594328,-0.44797575,0.35227796,0.32166916,-0.5590019,0.5843686,0.8009707,-0.099833004,0.36830935,-0.15564243,0.11444536,0.421166,-0.16912672,0.73426867,-0.1722892,0.48366916,-0.4936158,-0.34954005,0.11694452,-0.15420856,0.20612639,-0.5970386,0.17949544,-0.3935253,0.21541461,-0.26728868,-0.27113408,0.16826832,0.3235425,-0.3634647,-0.47469577
0.02870962,0.2587237,-0.45265016,0.3545922,0.33660027,-0.57566047,0.5774475,0.8103667,-0.11616469,0.37022933,-0.14488438,0.13647269,0.42162538,-0.12158629,0.7048182,-0.14810517,0.50158274,-0.48737538,-0.34274042,0.09911683,-0.15904436,0.2234948,-0.5956347,0.17305827,-0.37574893,0.23372056,-0.261883,-0.25646394,0.16576912,0.31608596,-0.36065036,-0.46141973
-0.031821877,0.20136929,-0.46535945,0.36529836,0.3878378,-0.62969375,0.5545456,0.8377378,-0.1720353,0.37830043,-0.103135124,0.20981893,0.4223156,0.036877483,0.60267365,-0.06633799,0.5568069,-0.4619434,-0.32267714,0.046709865,-0.17999496,0.28206658,-0.58969396,0.15153378,-0.31557363,0.292959,-0.24306555,-0.20677695,0.15837169,0.2895067,-0.3415386,-0.4144765
0.032801434,0.26260078,-0.45179105,0.3538685,0.3331367,-0.5720079,0.5789956,0.8085165,-0.112387925,0.36968377,-0.14770661,0.13151462,0.4215787,-0.1322982,0.71172297,-0.1536325,0.49784973,-0.48909456,-0.34409666,0.102659464,-0.15762813,0.21953544,-0.59603626,0.17451331,-0.37981668,0.22971612,-0.26315504,-0.2598227,0.16626918,0.31788272,-0.36194232,-0.46459302
-0.040935814,0.1927337,-0.46727303,0.36691034,0.3955524,-0.6378293,0.55109733,0.841859,-0.1804475,0.37951565,-0.09684913,0.22086236,0.42241952,0.060736686,0.5872942,-0.05402668,0.56512177,-0.4581142,-0.31965628,0.038819164,-0.18314938,0.29088545,-0.5887995,0.14829293,-0.3065133,0.30187827,-0.24023229,-0.1992958,0.15725788,0.2855048,-0.33866102,-0.40740848
0.020360306,0.25081265,-0.45440322,0.35606897,0.34366763,-0.58311343,0.5742885,0.81414205,-0.1238711,0.37134263,-0.13912581,0.14658959,0.42172056,-0.09972888,0.690729,-0.13682677,0.50920004,-0.48386747,-0.33997303,0.09188816,-0.16193415,0.23157379,-0.59481525,0.17008933,-0.36744875,0.2418915,-0.25928745,-0.24961045,0.16474876,0.3124198,-0.35801426,-0.4549447
-0.007786274,0.22414337,-0.4603129,0.3610472,0.36749262,-0.6082384,0.56363934,0.82686937,-0.14985043,0.3750956,-0.119712785,0.1806949,0.42204154,-0.026044697,0.6432328,-0.098805785,0.53487873,-0.47204182,-0.33064377,0.06751943,-0.17167598,0.25880912,-0.5920529,0.16008064,-0.33946782,0.26943684,-0.2505375,-0.22650646,0.16130903,0.3000607,-0.3491274,-0.43311653
-0.039700657,0.19390404,-0.4670137,0.3666919,0.39450687,-0.63672674,0.5515647,0.8413005,-0.17930743,0.37935096,-0.09770104,0.21936566,0.42240545,0.057503074,0.58937854,-0.05569519,0.5639949,-0.45863318,-0.32006568,0.03988859,-0.18272187,0.28969026,-0.5889207,0.14873216,-0.30774122,0.30066946,-0.24061626,-0.2003097,0.15740883,0.28604713,-0.33905098,-0.40836638
-0.045459494,0.18844746,-0.4682228,0.3677104,0.39938152,-0.64186734,0.54938585,0.8439045,-0.18462285,0.38011882,-0.09372909,0.22634368,0.4224711,0.072579056,0.5796607,-0.04791601,0.5692488,-0.45621362,-0.3181569,0.03490269,-0.18471506,0.2952627,-0.58835554,0.14668435,-0.30201626,0.3063053,-0.238826,-0.19558257,0.15670505,0.28351843,-0.3372327,-0.4039003
0.036754727,0.26634657,-0.450961,0.3531693,0.3297904,-0.568479,0.5804913,0.80672884,-0.10873904,0.36915666,-0.15043323,0.1267244,0.4215336,-0.14264739,0.718394,-0.15897268,0.49424303,-0.4907555,-0.34540698,0.10608214,-0.15625986,0.21571015,-0.5964243,0.17591906,-0.3837467,0.22584729,-0.264384,-0.26306772,0.1667523,0.31961858,-0.3631905,-0.46765888
0.04848112,0.27655602,-0.4470181,0.35302502,0.32155433,-0.55800724,0.58465654,0.7995504,-0.09965952,0.3687047,-0.15438831,0.11365553,0.42091733,-0.17078587,0.73419565,-0.17281339,0.48180288,-0.49255234,-0.35049707,0.11950806,-0.15537652,0.20570797,-0.59673876,0.17970131,-0.39389053,0.21428336,-0.2672563,-0.2714281,0.16861369,0.3233255,-0.36087075,-0.47441462
-0.032374293,0.20084587,-0.46547544,0.36539608,0.3883054,-0.6301869,0.55433655,0.8379876,-0.1725452,0.3783741,-0.102754116,0.2104883,0.42232192,0.03832364,0.60174143,-0.06559177,0.55731094,-0.4617113,-0.32249403,0.046231598,-0.18018615,0.28260112,-0.5896398,0.15133736,-0.31502447,0.29349962,-0.24289382,-0.20632349,0.15830417,0.28926414,-0.3413642,-0.4140481
0.016599089,0.24724883,-0.45519292,0.35673422,0.34685135,-0.58647084,0.5728655,0.8158428,-0.12734272,0.37184414,-0.13653162,0.15114705,0.42176345,-0.08988249,0.68438214,-0.13174604,0.5126314,-0.4822872,-0.33872637,0.08863181,-0.16323595,0.23521324,-0.5944461,0.16875188,-0.3637097,0.24557237,-0.25811818,-0.24652307,0.16428912,0.31076828,-0.3568267,-0.45202783
0.048468605,0.27654913,-0.44702888,0.35301661,0.3215556,-0.55801845,0.5846533,0.7995664,-0.09966147,0.36870027,-0.15440243,0.11366442,0.42092013,-0.17076719,0.7341965,-0.17280748,0.4818239,-0.49256432,-0.3504863,0.11947918,-0.15536337,0.20571268,-0.59674215,0.179699,-0.3938864,0.2142961,-0.26725665,-0.2714248,0.1686098,0.323328,-0.36089998,-0.47441778
0.046257377,0.27533063,-0.44893324,0.35153103,0.32178396,-0.55999637,0.5840806,0.8023907,-0.100006446,0.36791405,-0.15689637,0.11523508,0.42141464,-0.16746783,0.7343416,-0.17176509,0.4855352,-0.49467912,-0.34858313,0.1143814,-0.15304077,0.20654473,-0.5973385,0.17928961,-0.39316013,0.2165457,-0.26732108,-0.2708401,0.16792303,0.32375944,-0.3660583,-0.4749769
0.01296331,0.24380387,-0.45595628,0.35737723,0.34992892,-0.5897164,0.5714899,0.8174869,-0.13069855,0.3723289,-0.13402398,0.15555257,0.42180493,-0.080364466,0.6782469,-0.12683475,0.5159485,-0.48075965,-0.33752126,0.08548403,-0.16449432,0.23873132,-0.5940893,0.16745903,-0.3600953,0.2491305,-0.25698793,-0.24353865,0.1638448,0.3091718,-0.35567877,-0.4492082
0.037436634,0.2669927,-0.45081782,0.35304868,0.3292132,-0.56787026,0.5807493,0.8064205,-0.108109646,0.3690657,-0.15090352,0.12589812,0.42152584,-0.14443254,0.71954465,-0.15989383,0.4936209,-0.49104202,-0.345633,0.106672525,-0.15602386,0.21505031,-0.5964912,0.17616154,-0.38442463,0.22517996,-0.264596,-0.26362747,0.16683564,0.31991798,-0.3634058,-0.4681877
