z5_0,z5_1,z5_2,z5_3,z5_4,z5_5,z5_6,z5_7,z5_8,z5_9,z5_10,z5_11,z5_12,z5_13,z5_14,z5_15,z5_16,z5_17,z5_18,z5_19,z5_20,z5_21,z5_22,z5_23,z5_24,z5_25,z5_26,z5_27,z5_28,z5_29,z5_30,z5_31
-0.03536489,0.0540768,0.009084484,0.021202946,-0.039763086,-0.10903335,0.01631485,0.01431337,0.044055216,0.053530462,0.024841713,0.0174798,0.03657059,0.00867556,0.12884152,0.06274839,-0.0027213641,-0.03248982,-0.13945886,-0.023566406,0.1122736,0.05555274,-0.10203664,-0.02485963,0.036411792,0.09739172,-0.01760381,0.006874211,-0.013624321,-0.021862203,0.041621096,0.118735224
-0.03535495,0.054092925,0.008910999,0.021496754,-0.039623387,-0.10874082,0.01571251,0.014071748,0.043750674,0.053189933,0.024724798,0.017443549,0.036765583,0.0087048765,0.12825827,0.06274891,-0.002664207,-0.032511055,-0.13932773,-0.023715947,0.11218724,0.05546224,-0.10212838,-0.024970893,0.03654842,0.09746232,-0.017542016,0.006744315,-0.013582154,-0.02194797,0.04141072,0.118712775
-0.03534858,0.053961214,0.008978127,0.021314617,-0.039580345,-0.10879653,0.015770145,0.014291115,0.04382749,0.053294055,0.024693599,0.017516946,0.0365759,0.008681325,0.12844726,0.06267251,-0.002604688,-0.032556497,-0.13927746,-0.02366978,0.11214511,0.055515483,-0.10213297,-0.025013238,0.036596596,0.09747129,-0.017584896,0.00673897,-0.013542012,-0.021850934,0.04146719,0.11877582
-0.035748415,0.0542082,0.008447107,0.022598369,-0.03946273,-0.10829969,0.015255081,0.012555314,0.043534376,0.05294266,0.025574397,0.0165172,0.037193377,0.008442463,0.12694842,0.06333995,-0.0032165279,-0.03255853,-0.13909811,-0.02345198,0.11275497,0.0554612,-0.1020441,-0.024372585,0.036240775,0.09737175,-0.017010076,0.0066712024,-0.012929662,-0.022070106,0.040718116,0.1182462
-0.035400476,0.054241836,0.008894285,0.022016818,-0.039480854,-0.1080994,0.014890177,0.014007365,0.043780506,0.052914962,0.024450136,0.017422535,0.036556028,0.009096758,0.12767328,0.062552944,-0.0022447486,-0.03252419,-0.13837405,-0.023740966,0.111935966,0.05550084,-0.10200374,-0.025737923,0.03678888,0.09759408,-0.017322572,0.006553919,-0.013493388,-0.02248105,0.041144274,0.118525155
-0.035270344,0.054300673,0.008714311,0.022160113,-0.03960502,-0.10813658,0.0152700655,0.01347008,0.04351984,0.05274243,0.024672639,0.017135888,0.037307728,0.008707555,0.12725185,0.062875986,-0.0027090837,-0.032514527,-0.13911477,-0.023958873,0.11218429,0.055337828,-0.10219431,-0.024793793,0.03651116,0.09747136,-0.01749161,0.006649561,-0.013587817,-0.022321232,0.041156303,0.11849865
-0.035262313,0.05445648,0.008647654,0.0224008,-0.039670207,-0.1080078,0.014830258,0.013194505,0.043482244,0.05247076,0.024716595,0.01705686,0.037363432,0.00877699,0.1270791,0.062939,-0.00280208,-0.032708116,-0.13922049,-0.023856279,0.11227611,0.055313848,-0.10229799,-0.02475566,0.036609538,0.09743981,-0.017434383,0.0066566616,-0.013444462,-0.022283232,0.04105865,0.11851312
-0.035843514,0.053928383,0.008601636,0.022127733,-0.039394066,-0.10866686,0.015524074,0.013043638,0.04372526,0.053469323,0.025594093,0.016796753,0.036741216,0.008397331,0.12757474,0.063262895,-0.0031603393,-0.03246811,-0.13906115,-0.023306489,0.11266228,0.055629067,-0.102019444,-0.024671834,0.036351666,0.09739392,-0.017115384,0.006728478,-0.012896788,-0.02175505,0.040815547,0.11835725
-0.03587746,0.053900093,0.008701032,0.02193355,-0.039431453,-0.10886789,0.015685514,0.0131579265,0.043824762,0.053703442,0.025636505,0.016742053,0.036440197,0.008363642,0.12775725,0.063207656,-0.0031915125,-0.032497987,-0.13910544,-0.023141615,0.11283535,0.055705737,-0.10203828,-0.024700608,0.036168903,0.09728062,-0.016949857,0.0067483457,-0.012871643,-0.021603582,0.040875558,0.11851995
-0.035446845,0.053952888,0.008979486,0.021091487,-0.039586082,-0.10922377,0.016414326,0.014374882,0.04385262,0.053575702,0.024828862,0.017570663,0.036633305,0.0086411815,0.12879497,0.06273387,-0.002641099,-0.0323112,-0.13943805,-0.023678614,0.11222078,0.055473857,-0.101923555,-0.024939418,0.036343083,0.09747598,-0.017524874,0.00679534,-0.013718833,-0.021896802,0.041610353,0.11873918
-0.035417896,0.054230954,0.008907171,0.021711867,-0.039690077,-0.108656004,0.015880851,0.013863068,0.043740228,0.05332826,0.024745278,0.017337484,0.03697166,0.008668992,0.12801096,0.06286596,-0.0027465285,-0.032309137,-0.13928829,-0.023836676,0.112240896,0.055480916,-0.10209392,-0.024970628,0.036408246,0.0974176,-0.017480282,0.006737165,-0.01368959,-0.022088137,0.04134857,0.118600756
-0.03531415,0.054138273,0.008922627,0.021570887,-0.03965409,-0.10860057,0.0154697485,0.0140360985,0.04375375,0.05302417,0.024676643,0.017401593,0.036725756,0.008731308,0.12818055,0.06271471,-0.0026616794,-0.032657802,-0.13933511,-0.02368412,0.11220583,0.05546844,-0.10220993,-0.024940938,0.036621165,0.097439975,-0.017528988,0.006720865,-0.0135027515,-0.021922031,0.041391,0.11875947
-0.035813868,0.054039884,0.008564772,0.022305856,-0.039417587,-0.108514726,0.015477546,0.012905601,0.043640614,0.05335738,0.025515612,0.016736776,0.03694852,0.008410551,0.12729481,0.06328672,-0.0031533954,-0.032406725,-0.13903426,-0.023444507,0.11265196,0.055578034,-0.1020246,-0.024643,0.03629949,0.097389854,-0.017090637,0.0066894125,-0.012990554,-0.021910384,0.040783606,0.11830808
-0.035350416,0.05384129,0.008988416,0.021140337,-0.039530016,-0.10890215,0.016193373,0.014427379,0.04382346,0.053429402,0.024751015,0.017480865,0.03657725,0.008607134,0.12857029,0.062641054,-0.0025615157,-0.032409027,-0.13921344,-0.023728607,0.112113655,0.05549495,-0.10201574,-0.024913661,0.036457952,0.09749782,-0.01760305,0.0067483205,-0.01363415,-0.02191677,0.041531257,0.118723005
-0.035175167,0.05460497,0.0086205695,0.021844588,-0.0402522,-0.10997794,0.016602308,0.013340451,0.04545608,0.054699257,0.024213606,0.018623147,0.03620755,0.0075935298,0.12891234,0.06236531,-0.0023077042,-0.032469407,-0.1392263,-0.025478302,0.11281046,0.05643584,-0.10220792,-0.025361821,0.03671183,0.09807183,-0.017397897,0.006592267,-0.014976946,-0.023941977,0.043429457,0.11838664
-0.035779163,0.053680014,0.008912636,0.0211781,-0.039363235,-0.10939323,0.016550586,0.014121663,0.04399214,0.054031555,0.025250304,0.017381448,0.03639095,0.008420523,0.12868302,0.062955216,-0.002833784,-0.0322856,-0.13924626,-0.023414712,0.11247425,0.055652767,-0.10179323,-0.024849638,0.036204256,0.09744256,-0.017288437,0.006750431,-0.013334063,-0.021684587,0.041416746,0.11864166
-0.035329036,0.053963162,0.008950142,0.021183059,-0.039608624,-0.10899106,0.01597163,0.014317991,0.043823913,0.05326921,0.024798784,0.017531388,0.036592245,0.008702846,0.12869392,0.062678576,-0.002626466,-0.032541595,-0.1394079,-0.023605734,0.11216278,0.055454116,-0.1020644,-0.024924614,0.03654512,0.09749046,-0.01761324,0.0068139127,-0.013581385,-0.021846509,0.041534223,0.11876131
-0.03545995,0.054664757,0.008750014,0.022881504,-0.039483316,-0.10735848,0.014356695,0.0134195965,0.043584853,0.052510303,0.024298474,0.017083934,0.03692475,0.009349193,0.12661386,0.06258292,-0.0020756018,-0.032311603,-0.13770118,-0.024001244,0.111874975,0.055415414,-0.10187809,-0.026082858,0.036711905,0.0976366,-0.01700044,0.0063674413,-0.0135886045,-0.02320499,0.040804677,0.11819435
-0.035227083,0.05404566,0.008859169,0.021543447,-0.039592132,-0.10857274,0.015240064,0.014051029,0.04373811,0.052874316,0.02469714,0.01747315,0.036710583,0.008780195,0.12819578,0.062687784,-0.0026234952,-0.032793783,-0.13930112,-0.02360924,0.11210998,0.055425603,-0.10224831,-0.02496045,0.036780745,0.09750615,-0.017660078,0.006768506,-0.013419689,-0.02188051,0.041358754,0.118749395
-0.035397694,0.053932257,0.009005414,0.021105377,-0.039595224,-0.109050855,0.016346058,0.01440672,0.043837234,0.05347008,0.024790306,0.017476175,0.036587447,0.008617367,0.12871422,0.06267065,-0.0026100096,-0.032369092,-0.13935897,-0.023704305,0.11220197,0.05548452,-0.101973586,-0.024874374,0.036363825,0.097463146,-0.017527727,0.0067639668,-0.013681824,-0.021910165,0.041590367,0.118748344
-0.035163864,0.054521877,0.0086420905,0.022516552,-0.03969235,-0.107768536,0.014497248,0.013175184,0.043450706,0.05220218,0.024600016,0.017034903,0.03736978,0.008864784,0.12692434,0.062859885,-0.0027251863,-0.032849133,-0.13913165,-0.023874104,0.112208694,0.055282723,-0.10237579,-0.024797417,0.03673106,0.09745451,-0.017462883,0.0066292835,-0.013411271,-0.022357645,0.041024588,0.118527204
-0.03524167,0.05451477,0.008701818,0.022467518,-0.039657496,-0.107810736,0.014551796,0.013327556,0.04352443,0.052354835,0.024548722,0.017106906,0.037189014,0.008951291,0.12704688,0.06279132,-0.0026016221,-0.03275027,-0.13891506,-0.023853714,0.11215639,0.055335227,-0.10227274,-0.025069762,0.036729947,0.09748175,-0.017379658,0.006594101,-0.013442614,-0.022440648,0.04103434,0.11851133
-0.035528384,0.05406514,0.008988095,0.021460187,-0.03956171,-0.10877751,0.016462233,0.01414655,0.04375449,0.053753797,0.02471402,0.017379733,0.03687287,0.008528515,0.12806606,0.06279286,-0.0026272614,-0.031983465,-0.13908623,-0.023977984,0.11220075,0.055571873,-0.10194489,-0.024998605,0.036150154,0.097443074,-0.017405523,0.006659913,-0.013844022,-0.022139087,0.04147158,0.11860162
-0.035626195,0.054201055,0.008525347,0.022475284,-0.039488047,-0.108250186,0.01509654,0.012822153,0.043554448,0.052910022,0.025327997,0.016739322,0.037141725,0.008531346,0.12706156,0.06321386,-0.003083699,-0.032600127,-0.13908707,-0.023531456,0.11257732,0.05546356,-0.102134176,-0.02458021,0.036415074,0.097405255,-0.017171973,0.0066761076,-0.01304007,-0.022050971,0.04080152,0.11833885
-0.035473745,0.054002423,0.008866845,0.021484805,-0.039573252,-0.10888606,0.015548933,0.01393204,0.043844864,0.053185213,0.025000984,0.017347522,0.03652205,0.008665051,0.12842102,0.06282642,-0.002797347,-0.032739744,-0.13940716,-0.023400594,0.112376526,0.055523105,-0.10212798,-0.024845421,0.036582172,0.09743243,-0.01742538,0.006773472,-0.0132533265,-0.021713331,0.041343123,0.1187489
-0.03565667,0.053890727,0.008912807,0.021470683,-0.039544597,-0.10904789,0.016262114,0.013866715,0.044009835,0.053786255,0.025248444,0.017222146,0.036541488,0.008486751,0.12845004,0.063000165,-0.0029219561,-0.032390192,-0.13924159,-0.02341121,0.112469226,0.055647455,-0.10194055,-0.024790108,0.036304653,0.097392336,-0.017377745,0.0068212627,-0.013299697,-0.021762397,0.041311957,0.118557945
-0.035329822,0.054351304,0.008801434,0.02191845,-0.03970842,-0.108456016,0.01539281,0.0136303585,0.0436202,0.052832857,0.024736375,0.01722559,0.03706999,0.008746643,0.12777345,0.06284883,-0.0027617612,-0.032584503,-0.13938048,-0.023780927,0.112295695,0.055377066,-0.10218929,-0.024813809,0.03650257,0.09741974,-0.017430084,0.0067069987,-0.013557072,-0.022121403,0.041285127,0.11863646
-0.035228685,0.05415354,0.008822236,0.021784361,-0.039615188,-0.10836594,0.015085105,0.013847334,0.043673,0.05277194,0.024658997,0.01736688,0.036867768,0.008777775,0.12786047,0.06273737,-0.0026551825,-0.03277313,-0.13924533,-0.023698017,0.112134784,0.055413496,-0.10228735,-0.0249388,0.036758542,0.09748369,-0.017607227,0.006722848,-0.013428102,-0.021985631,0.041270573,0.11869707
-0.035449952,0.053929266,0.008994918,0.021217136,-0.03953542,-0.10905361,0.016162729,0.014351327,0.04388552,0.053575154,0.024726255,0.01759755,0.03661352,0.008637417,0.12856384,0.06273036,-0.0026108087,-0.0323904,-0.13931714,-0.023706008,0.11219816,0.055525918,-0.10198883,-0.025019594,0.036424734,0.09747034,-0.017523553,0.0067313965,-0.013648969,-0.021890745,0.04155958,0.11876277
-0.035378836,0.053923525,0.009033408,0.020988014,-0.03961967,-0.10918656,0.01608209,0.014511988,0.043917246,0.05341357,0.024782475,0.01763435,0.036395397,0.008702075,0.12900145,0.06263465,-0.0026127123,-0.032573596,-0.13950098,-0.023525354,0.11220452,0.055509035,-0.102049366,-0.024977855,0.03653957,0.0974661,-0.017578956,0.006813597,-0.013566398,-0.021716546,0.041636173,0.11886898
-0.035552837,0.053635977,0.008700719,0.020894554,-0.039682686,-0.109528214,0.01717576,0.014911117,0.044149898,0.054151602,0.024724357,0.017738147,0.036037084,0.008485767,0.12939219,0.062470242,-0.0024321382,-0.032456227,-0.1393119,-0.023582637,0.112130895,0.055491213,-0.102083996,-0.024873056,0.036282238,0.09765916,-0.017633004,0.0066874567,-0.014068005,-0.02218677,0.041942015,0.11880286
-0.035421833,0.05379899,0.009107076,0.02079194,-0.039567165,-0.10932177,0.016383672,0.01472768,0.043999754,0.053637818,0.02476883,0.01768864,0.036265302,0.008639714,0.1291847,0.062589064,-0.002561374,-0.03250392,-0.1394538,-0.02353527,0.11220125,0.055559244,-0.10197459,-0.02497904,0.03645748,0.09746454,-0.017567463,0.0067913774,-0.013601954,-0.021684086,0.041729543,0.11890473
-0.035318673,0.05390802,0.0090011,0.021006394,-0.039624117,-0.10908581,0.01578651,0.014511624,0.043924794,0.05318362,0.024767753,0.017642578,0.036290344,0.008736471,0.12897184,0.062537536,-0.0025369008,-0.03279084,-0.13945743,-0.023493923,0.112202615,0.055492923,-0.10209886,-0.02493874,0.03665543,0.09746574,-0.01760767,0.0068072006,-0.013428255,-0.021702638,0.041660137,0.11888412
-0.035846144,0.05384627,0.008914838,0.021407694,-0.03941673,-0.10926155,0.01679486,0.013951432,0.043896034,0.054181453,0.025160713,0.017280018,0.03668437,0.008370653,0.12831365,0.06304185,-0.002861841,-0.03195958,-0.13916889,-0.02368708,0.112490036,0.05564878,-0.10173995,-0.024889216,0.03600117,0.09740283,-0.017189454,0.006681674,-0.01356699,-0.02191872,0.041367,0.11853121
-0.035295382,0.054256525,0.008835064,0.021977682,-0.039563738,-0.10815137,0.0148472,0.0138729215,0.04370208,0.052714337,0.024549348,0.017362643,0.036713805,0.009004997,0.1277174,0.06262366,-0.0024197702,-0.03268207,-0.13875104,-0.023700662,0.11201696,0.055431683,-0.10214481,-0.025387645,0.036812756,0.09755352,-0.01744324,0.006637836,-0.01344349,-0.022298578,0.041169655,0.118584976
-0.035346955,0.053929925,0.008990459,0.021060755,-0.039604202,-0.109113365,0.015992668,0.014436843,0.04388135,0.053318605,0.024787845,0.017607866,0.036467947,0.008713282,0.12888551,0.06264576,-0.0026109335,-0.03260097,-0.13947293,-0.023539048,0.11218456,0.055477362,-0.102059476,-0.024948541,0.036562443,0.09748359,-0.017601907,0.0068156933,-0.013553307,-0.02176004,0.041600637,0.118836015
-0.035357833,0.05426168,0.0088537205,0.021843765,-0.039538555,-0.10842991,0.01524432,0.013949741,0.04378718,0.052812394,0.024591321,0.01739655,0.036716133,0.00899791,0.12792434,0.06262954,-0.0023988658,-0.032662407,-0.13886005,-0.0236727,0.112133525,0.05539361,-0.10196953,-0.025245879,0.036597416,0.09754242,-0.01732863,0.0066222344,-0.0135114165,-0.022374172,0.04134228,0.11861775
-0.03546264,0.05395223,0.008996718,0.021308213,-0.039546877,-0.108877,0.016490014,0.014276372,0.043795124,0.053617768,0.024732683,0.017374456,0.036772296,0.008532699,0.12830609,0.06273664,-0.0026087002,-0.032166854,-0.13917248,-0.02390201,0.11220792,0.055510767,-0.101923734,-0.024875801,0.0362181,0.09744626,-0.017449817,0.006673718,-0.013776788,-0.022086423,0.0415197,0.11864875
-0.03527997,0.05414746,0.008884629,0.021683222,-0.039636075,-0.10846992,0.015277453,0.013949368,0.04372061,0.052918438,0.024654381,0.017381692,0.036785066,0.008748053,0.12800744,0.06272391,-0.0026571122,-0.032709755,-0.13927907,-0.02369928,0.11217463,0.055453997,-0.102253534,-0.024950191,0.03668583,0.097454496,-0.017557485,0.006711269,-0.01346532,-0.02195093,0.041330017,0.118734494
-0.03524757,0.054021087,0.008912874,0.021449061,-0.039585065,-0.108622715,0.0152312815,0.014192956,0.043804713,0.052920632,0.02466648,0.017531045,0.036540687,0.008827854,0.12836501,0.06262163,-0.0025576563,-0.032824084,-0.13924137,-0.023548312,0.112093,0.055461206,-0.10222335,-0.02507355,0.03681532,0.09751218,-0.017632583,0.006759068,-0.013395549,-0.021855626,0.041397374,0.118792094
-0.035353556,0.05380789,0.009023743,0.021039722,-0.03952641,-0.10899365,0.016162548,0.014530923,0.043886468,0.053454638,0.024738617,0.017557822,0.036457922,0.008625528,0.12873802,0.06260996,-0.0025468548,-0.032493383,-0.13926657,-0.023653131,0.11212491,0.05551826,-0.10202609,-0.024940796,0.036501925,0.09749422,-0.017611425,0.0067567527,-0.013589692,-0.021829141,0.04158545,0.118791975
-0.035424598,0.05394505,0.009013606,0.021211352,-0.039559375,-0.10902056,0.01598202,0.014374118,0.04390952,0.053484645,0.0247001,0.017616978,0.036531415,0.008670302,0.12861505,0.06269864,-0.0026086387,-0.03251358,-0.1393561,-0.023642534,0.11220579,0.05553915,-0.102050826,-0.025034226,0.036507823,0.09745893,-0.017531876,0.0067334585,-0.013579854,-0.021821216,0.04156341,0.11882004
-0.035261907,0.054138087,0.008866385,0.021625942,-0.039630666,-0.108563125,0.015280705,0.013967153,0.043736294,0.05286643,0.024686014,0.01742148,0.03677269,0.008774728,0.12811917,0.062719375,-0.0026560002,-0.032774746,-0.13935094,-0.02364011,0.11218616,0.05542303,-0.102233574,-0.024910644,0.03669654,0.097468704,-0.017574802,0.0067392336,-0.01344668,-0.021928836,0.041371733,0.11875454
-0.035665058,0.053937532,0.008919764,0.021426277,-0.03952504,-0.109075174,0.015981443,0.013952352,0.043925337,0.05359424,0.025101146,0.01730236,0.036450572,0.008538976,0.12847668,0.062908664,-0.0028560874,-0.03252726,-0.1393622,-0.023414738,0.112501115,0.05561921,-0.10199688,-0.024840198,0.036362186,0.09738515,-0.017268632,0.006726628,-0.013276185,-0.021693416,0.041363675,0.11872348
-0.03532025,0.053786077,0.0089644585,0.021157619,-0.0394625,-0.10891834,0.01583955,0.014444981,0.0438904,0.053353336,0.024703065,0.01764141,0.036504854,0.008675713,0.12857218,0.06263662,-0.0025318828,-0.032622233,-0.13922356,-0.023616884,0.11207948,0.05550409,-0.10207442,-0.02500932,0.03663672,0.097532086,-0.017673336,0.0067550624,-0.013506451,-0.021818751,0.04153144,0.11879026
-0.03527552,0.054115918,0.008828731,0.021622138,-0.039594524,-0.10862492,0.015488559,0.013934063,0.043710627,0.052922204,0.024729708,0.017403081,0.036880992,0.0087467665,0.12807834,0.06275365,-0.0026544821,-0.032671824,-0.13933066,-0.023693781,0.11218484,0.055384587,-0.10214867,-0.024850875,0.036596578,0.09749011,-0.01757053,0.0067442954,-0.013516401,-0.02201802,0.041386094,0.11869155
-0.035300523,0.053688344,0.009048225,0.020792363,-0.039495364,-0.10916777,0.016165406,0.014742129,0.043965884,0.053409576,0.024767615,0.01767262,0.03626503,0.008659156,0.12909216,0.06252659,-0.002496677,-0.03266316,-0.13934918,-0.02350376,0.112100184,0.055507816,-0.102019355,-0.024908528,0.03658816,0.09752553,-0.017688723,0.0068070134,-0.01351047,-0.021697666,0.041690607,0.11888154
-0.035224773,0.054101337,0.008884011,0.021516217,-0.03964458,-0.10860439,0.01523684,0.014060853,0.043755665,0.05281,0.024700861,0.0174489,0.036665387,0.008795949,0.12829363,0.06266879,-0.0026407284,-0.032857746,-0.1393937,-0.023566566,0.11216742,0.055421952,-0.10226096,-0.024904322,0.036762003,0.097476415,-0.017616939,0.006770255,-0.013402755,-0.021851258,0.041400503,0.11879774
-0.034974698,0.054880373,0.009287214,0.022021579,-0.039904878,-0.10925674,0.015334044,0.012939911,0.045289285,0.054013174,0.024078162,0.018476786,0.036689285,0.007848638,0.12799628,0.062528,-0.002308356,-0.032285042,-0.1387935,-0.025696468,0.112778835,0.056632392,-0.101882935,-0.02584929,0.03693907,0.097885475,-0.017163303,0.0065921545,-0.01441336,-0.02366999,0.043004353,0.11835207
-0.03604372,0.053838983,0.0084629785,0.022345645,-0.03929992,-0.10866706,0.015351418,0.012610208,0.043728195,0.05347468,0.026026107,0.016485695,0.03662642,0.008274631,0.12739691,0.06345618,-0.0033884854,-0.032587998,-0.13901258,-0.023020837,0.11291611,0.0556937,-0.101993054,-0.02446197,0.03630033,0.09735681,-0.01690739,0.0067321714,-0.012497799,-0.021591801,0.040572904,0.11825299
-0.03542234,0.05434442,0.008574819,0.022511017,-0.039567024,-0.10804721,0.014833599,0.012964735,0.04351913,0.052606553,0.024984011,0.016891291,0.037280858,0.008667437,0.12695736,0.06307314,-0.0029314929,-0.03272692,-0.13913392,-0.023699503,0.11242927,0.055380926,-0.102241546,-0.024648864,0.036539655,0.09742187,-0.017300356,0.0066436045,-0.013210458,-0.022189599,0.04091916,0.118435584
-0.035404637,0.054250576,0.008870561,0.021715004,-0.039682537,-0.10865068,0.015774185,0.013838181,0.043663353,0.05318985,0.024739355,0.017321682,0.03698299,0.008688837,0.12799543,0.062842414,-0.0027358034,-0.03235133,-0.13933529,-0.02383483,0.11224682,0.055438012,-0.10210808,-0.024945378,0.036426052,0.09742861,-0.01744995,0.006720175,-0.013677062,-0.02208489,0.04133876,0.118626356
-0.035289377,0.05396788,0.008896245,0.021406481,-0.03953717,-0.108715706,0.01586113,0.014162444,0.043769434,0.053097904,0.024729941,0.017397922,0.0367672,0.008664057,0.12824406,0.06268335,-0.002586857,-0.032593198,-0.13925058,-0.023727838,0.112168744,0.055414073,-0.10205998,-0.024777792,0.036483698,0.0974949,-0.017567648,0.0067202235,-0.013563531,-0.0220251,0.04148248,0.11870495
-0.035651106,0.0541617,0.008610357,0.022264507,-0.039513245,-0.10843405,0.015148545,0.013008628,0.04367677,0.052943457,0.02534682,0.016797075,0.036888607,0.008537736,0.12742466,0.06314829,-0.0030801264,-0.032758407,-0.13922302,-0.02337528,0.11266387,0.055509564,-0.10213451,-0.024532966,0.036420595,0.09736795,-0.017123386,0.0066827685,-0.012947534,-0.02188854,0.040924586,0.118477
-0.035343707,0.053937495,0.008995838,0.021192407,-0.03957708,-0.108953744,0.01575258,0.014384447,0.04389719,0.05327721,0.024705647,0.017611986,0.03647022,0.008718153,0.1286731,0.06264738,-0.002595604,-0.032680057,-0.13938972,-0.023560133,0.1121765,0.05551143,-0.10212256,-0.024999596,0.03663061,0.09747399,-0.017592639,0.0067638457,-0.01349198,-0.021762984,0.041551515,0.11885415
-0.03521472,0.05411665,0.008854337,0.02147533,-0.039656386,-0.10867313,0.015494855,0.014032997,0.043716013,0.052775152,0.024771249,0.01736894,0.03675881,0.00877225,0.12833571,0.0626767,-0.0026500677,-0.032786876,-0.13943872,-0.023599207,0.11219965,0.05535925,-0.102176696,-0.024753544,0.03662936,0.097481236,-0.017590795,0.0067876875,-0.013474221,-0.02194256,0.041443884,0.118749805
-0.035341963,0.053714998,0.009037167,0.021051906,-0.03944717,-0.10892494,0.015956387,0.014596213,0.043944187,0.05348003,0.02466288,0.017650723,0.0363787,0.008631216,0.12865746,0.06258565,-0.0024953843,-0.032597706,-0.13916461,-0.023629708,0.112072416,0.05556243,-0.10207022,-0.025031544,0.036615085,0.09751533,-0.01766001,0.006724406,-0.013507324,-0.021776602,0.041570276,0.11883019
-0.035579234,0.053111184,0.00828599,0.021306315,-0.039123036,-0.10971533,0.016546262,0.0124828,0.04366561,0.054638006,0.027037174,0.01563603,0.035594713,0.008069301,0.12730527,0.06326295,-0.0035758638,-0.032282762,-0.13844268,-0.021950826,0.113505356,0.05559139,-0.10198568,-0.024503812,0.03490492,0.09698729,-0.016489847,0.0074399235,-0.012609919,-0.02124639,0.04026676,0.11852066
-0.03547603,0.054213766,0.008651102,0.02217841,-0.03954838,-0.108373344,0.015093317,0.013218153,0.043658935,0.05276126,0.025085848,0.016970351,0.03698861,0.008640611,0.12746349,0.06301682,-0.0029277527,-0.032817535,-0.13926259,-0.023512747,0.11250894,0.055426277,-0.10217061,-0.024583742,0.03649843,0.097408146,-0.017268844,0.006679807,-0.013128259,-0.022004338,0.041066997,0.11854775
-0.035253126,0.054073397,0.008789761,0.02163526,-0.039558165,-0.10859135,0.015547734,0.0139091015,0.043669462,0.052912477,0.024755009,0.017377194,0.036953714,0.008729827,0.12800138,0.06276146,-0.0026398194,-0.032616794,-0.13926448,-0.023736216,0.11213897,0.055355184,-0.102120586,-0.024825022,0.03658184,0.097520754,-0.017609907,0.006753479,-0.013544035,-0.02207758,0.041358143,0.11863078
-0.03530635,0.053923145,0.009011896,0.021077922,-0.039609127,-0.109013535,0.015733523,0.014466511,0.043910615,0.0532014,0.024734024,0.017624898,0.036371153,0.008743444,0.12887466,0.0625989,-0.002590763,-0.032762416,-0.13946511,-0.023480505,0.112174444,0.055500235,-0.102144346,-0.024969243,0.036678366,0.09747575,-0.017622761,0.006801512,-0.013455917,-0.02168925,0.0415897,0.1188989
-0.035304066,0.05397239,0.008993426,0.021290302,-0.039604947,-0.10876571,0.015579911,0.014323767,0.043854594,0.053150695,0.024673363,0.017528323,0.03648349,0.008720459,0.1285254,0.0626255,-0.0025958833,-0.032723807,-0.13933414,-0.02358692,0.11215852,0.05551467,-0.10219477,-0.024986576,0.036682606,0.09746196,-0.017597008,0.006744858,-0.013457251,-0.021779753,0.041487638,0.11884402
-0.035683855,0.05384672,0.008313857,0.020957442,-0.040059358,-0.10966733,0.016226683,0.014726229,0.0440896,0.053506933,0.024984617,0.017949669,0.03525743,0.008600714,0.12962782,0.061852552,-0.001885409,-0.03297915,-0.1390401,-0.023822723,0.11234727,0.055443805,-0.10202328,-0.025064591,0.03659546,0.0975387,-0.01754931,0.00674574,-0.013545795,-0.022378597,0.042295784,0.118475065
-0.035811722,0.054009207,0.008462805,0.022489406,-0.039388984,-0.10835666,0.014784493,0.012611451,0.043675654,0.05295651,0.025745831,0.01655984,0.036739342,0.00843915,0.12721181,0.06332755,-0.0032809754,-0.032896407,-0.13908523,-0.023081198,0.112810954,0.055596575,-0.10217258,-0.024460096,0.036518276,0.09736756,-0.017025018,0.0067106243,-0.012515263,-0.021675868,0.040618457,0.1183578
-0.035386264,0.05433816,0.008651191,0.022313798,-0.03961342,-0.10817053,0.014926853,0.013185434,0.043566503,0.05264422,0.024909338,0.017004961,0.03716345,0.008703194,0.12724811,0.06299063,-0.0028798715,-0.03274446,-0.13922445,-0.02368198,0.11239255,0.055388894,-0.10225044,-0.024704948,0.03656987,0.097418725,-0.017346296,0.0066674687,-0.01327294,-0.022124778,0.04103191,0.11852321
-0.03516227,0.05425533,0.008729009,0.021990113,-0.039631143,-0.1082167,0.014808478,0.013620568,0.043600097,0.05247705,0.024669586,0.0172929,0.03703593,0.008833163,0.12762131,0.062773146,-0.0026829378,-0.03290329,-0.13928117,-0.023691729,0.11215436,0.055331983,-0.102329716,-0.02483733,0.03680229,0.09749444,-0.01760932,0.006726444,-0.013378446,-0.022069884,0.041210108,0.118660495
-0.035637453,0.05382467,0.008975858,0.02113745,-0.039501958,-0.109291025,0.016301895,0.014251744,0.04395809,0.05379863,0.025051493,0.017478956,0.0363792,0.008542523,0.12880404,0.06283836,-0.0027689696,-0.032387517,-0.13936873,-0.023457576,0.11237973,0.055616803,-0.10192846,-0.024951532,0.03635771,0.09743275,-0.017385768,0.0067744693,-0.013425407,-0.02167122,0.04148145,0.1187436
-0.035298932,0.054209787,0.008831017,0.021769304,-0.03963668,-0.1085124,0.015345536,0.013820482,0.04368545,0.05290039,0.024691831,0.017361607,0.03693211,0.008755434,0.12791497,0.06278798,-0.0026900922,-0.03265544,-0.13932292,-0.023731489,0.112211004,0.055406608,-0.10220092,-0.024901263,0.036609612,0.097459376,-0.017525183,0.0067174174,-0.013514371,-0.022034938,0.04132545,0.11868522
-0.035649706,0.0537517,0.008974094,0.021159472,-0.03943716,-0.10926223,0.016043756,0.014234997,0.044049904,0.053706545,0.025080226,0.017478682,0.036227237,0.008541515,0.12878932,0.062827334,-0.002773738,-0.032646224,-0.13936047,-0.023304116,0.112453245,0.05565437,-0.10196795,-0.024882134,0.03643676,0.09742144,-0.017346274,0.0067424905,-0.013211922,-0.02156047,0.041479535,0.118818924
-0.035263024,0.054307226,0.008673707,0.022114817,-0.039634123,-0.10825391,0.014975257,0.013405917,0.043559298,0.05255674,0.024816362,0.01715037,0.037146457,0.008774148,0.12749322,0.06288665,-0.002783487,-0.03277524,-0.13928948,-0.023700442,0.11226462,0.055327196,-0.10225637,-0.024745237,0.036651038,0.097468525,-0.017492792,0.0067222603,-0.013377204,-0.02212782,0.041141614,0.118569545
-0.035686277,0.054761186,0.008816788,0.023102606,-0.039314933,-0.10722163,0.0140384585,0.0136226285,0.043749057,0.05274611,0.024078742,0.017302692,0.03652269,0.009775238,0.12655067,0.06240618,-0.0016178885,-0.03205359,-0.13677828,-0.023962092,0.11163403,0.0555224,-0.10154857,-0.027138047,0.03683114,0.09778756,-0.016711049,0.0062190127,-0.013641094,-0.023687698,0.04067202,0.11802544
-0.03530184,0.05424732,0.008855179,0.02172936,-0.039688602,-0.108546086,0.015330844,0.013844635,0.043689303,0.052888237,0.024702702,0.017359413,0.03687416,0.008771441,0.12803029,0.0627747,-0.0027105273,-0.032669157,-0.13938935,-0.02369443,0.112230256,0.055417154,-0.10222731,-0.024917021,0.036627676,0.0974406,-0.017514836,0.006736098,-0.0135080675,-0.021981765,0.041335594,0.11871601
-0.03532289,0.054162025,0.008859171,0.021639934,-0.039646916,-0.10863249,0.015398353,0.0139193125,0.043715328,0.05300104,0.024737785,0.017415272,0.03680794,0.0087558795,0.12813312,0.062775224,-0.0027012886,-0.032636,-0.13936003,-0.023662081,0.1121995,0.055439264,-0.102204025,-0.024970762,0.03664928,0.09746245,-0.017550617,0.006756396,-0.013495243,-0.021929037,0.04133793,0.11871106
-0.035309494,0.05408695,0.008919055,0.021393973,-0.03964495,-0.108817935,0.015636005,0.014140578,0.043786973,0.053059094,0.024744391,0.01747663,0.036667284,0.008747596,0.12845819,0.06270015,-0.002655298,-0.032672487,-0.13943776,-0.023605052,0.11221074,0.055438142,-0.102147736,-0.024905205,0.036601923,0.09746337,-0.017560787,0.006775234,-0.013515287,-0.021871967,0.041475326,0.11878364
-0.03540197,0.053830445,0.009006323,0.02101779,-0.039560676,-0.10903809,0.015728295,0.014609577,0.043982908,0.053318307,0.024709921,0.017727178,0.036105044,0.008729878,0.12887175,0.06242054,-0.0023520594,-0.03275138,-0.13914137,-0.023608685,0.11216718,0.05556415,-0.10201386,-0.025142115,0.036673162,0.097468525,-0.017558698,0.006734751,-0.013371722,-0.021803737,0.04169532,0.11880996
-0.03553713,0.05391409,0.009003118,0.021252265,-0.039492913,-0.10904902,0.016794655,0.014313975,0.04383924,0.053829715,0.024748955,0.0174289,0.036821593,0.008490422,0.12834172,0.062781975,-0.002603278,-0.03204099,-0.1391734,-0.023946673,0.11224436,0.05551543,-0.10180482,-0.02486492,0.036075857,0.097450115,-0.017402237,0.006655745,-0.01385847,-0.022140957,0.04158828,0.1186294
-0.035617977,0.054426853,0.00887418,0.022097964,-0.039526574,-0.10818398,0.014644248,0.014097797,0.043875657,0.052927725,0.02442623,0.017585952,0.036095712,0.009390835,0.1278429,0.062285263,-0.0018390589,-0.032438807,-0.13783002,-0.023779029,0.111926585,0.055547968,-0.10170872,-0.026389748,0.036827296,0.09761582,-0.017035896,0.0064872447,-0.013428389,-0.022835614,0.041222684,0.11834707
-0.034936525,0.052935496,0.008129766,0.020982226,-0.039169326,-0.10982679,0.016439896,0.012225613,0.04344806,0.054721903,0.027327687,0.015077032,0.035166595,0.008160157,0.1267136,0.063003786,-0.0035989494,-0.032365754,-0.1380649,-0.021390516,0.113724716,0.055393312,-0.10229859,-0.024648413,0.03427078,0.096736476,-0.016370006,0.007900944,-0.0127648795,-0.021183137,0.039975695,0.11877216
-0.035394095,0.053737145,0.009053918,0.02087743,-0.03948219,-0.109177515,0.01664194,0.014653429,0.043936558,0.053605832,0.0247767,0.017537337,0.03646366,0.008553602,0.12887874,0.062595434,-0.0025146888,-0.03239534,-0.13928206,-0.023694597,0.11218368,0.055499263,-0.101871565,-0.024780631,0.0362842,0.097489804,-0.017546674,0.0067346096,-0.013680265,-0.021907896,0.041720092,0.11878799
-0.03536916,0.053866208,0.008998036,0.021134358,-0.039532803,-0.108996205,0.016009144,0.014437484,0.04388742,0.053426147,0.024727058,0.017599666,0.03650578,0.008662444,0.12866613,0.06265472,-0.0025744555,-0.032531388,-0.13930823,-0.023632932,0.112145156,0.055514757,-0.102048814,-0.02499238,0.036541514,0.09749162,-0.017600313,0.006757915,-0.013568058,-0.021821208,0.04156059,0.11879846
-0.035370447,0.05379614,0.0090430565,0.020930324,-0.03951858,-0.10915813,0.016325928,0.014603769,0.043947794,0.053478688,0.02475899,0.017595809,0.036415923,0.008625343,0.1289089,0.062597975,-0.0025388026,-0.03254412,-0.13936456,-0.023602106,0.112190485,0.055502057,-0.101958886,-0.024849813,0.036422297,0.09748506,-0.017569253,0.0067575304,-0.013593932,-0.021817978,0.041693863,0.11884284
-0.03519739,0.052750856,0.007954029,0.021157252,-0.039001204,-0.109954,0.016656557,0.011758156,0.043441348,0.054978617,0.027878743,0.014712348,0.035126332,0.00795306,0.12648407,0.0632637,-0.0038479236,-0.03226707,-0.13791579,-0.02114955,0.11399463,0.055452876,-0.10214239,-0.024404123,0.034033887,0.096713334,-0.016134318,0.0079246955,-0.012448539,-0.021100376,0.039715573,0.11856621
-0.0358096,0.05414324,0.008417506,0.021000456,-0.04008785,-0.10943603,0.015054906,0.014490679,0.04390827,0.05266783,0.025182992,0.01799029,0.034787197,0.008906211,0.1293222,0.061316945,-0.001214921,-0.033075996,-0.13822958,-0.024239233,0.11250429,0.055485867,-0.10146391,-0.025617067,0.036759347,0.09730727,-0.017172713,0.0067423396,-0.01278766,-0.022575116,0.042382054,0.11803921
-0.035557732,0.05395464,0.008681962,0.020798372,-0.03991269,-0.10943389,0.015387155,0.014538353,0.04390099,0.05282854,0.025103398,0.017883385,0.03539169,0.008717177,0.12932436,0.06180627,-0.0018214532,-0.033071924,-0.13897182,-0.023942858,0.11245622,0.055489928,-0.101761386,-0.02509617,0.036728643,0.09730899,-0.017448787,0.0068327077,-0.012929776,-0.02198243,0.04218427,0.11844206
-0.035400234,0.054286987,0.008751037,0.022012774,-0.039628096,-0.10843757,0.015454458,0.013508728,0.043612786,0.052943397,0.024823703,0.017163182,0.037126575,0.008683327,0.12759337,0.062926605,-0.0027974122,-0.03250911,-0.13927086,-0.02379299,0.11232324,0.055395856,-0.10213581,-0.02479091,0.036441624,0.09743064,-0.017389523,0.006685637,-0.013514367,-0.022156674,0.041208193,0.118555784
-0.035325848,0.05395675,0.008941496,0.021255048,-0.039578773,-0.10890798,0.015815131,0.014287883,0.043820977,0.053234175,0.024751585,0.01754566,0.036598317,0.0087090805,0.12856671,0.06267856,-0.0026114625,-0.032590337,-0.13935894,-0.023617402,0.11214992,0.055465613,-0.10209793,-0.024960525,0.036593348,0.0974942,-0.017611958,0.006782864,-0.01354389,-0.021847174,0.04150267,0.11877203
-0.03526239,0.053949714,0.008900622,0.021167077,-0.03960457,-0.108943984,0.015475102,0.014361972,0.043863617,0.052932866,0.024778295,0.017627757,0.036362685,0.008819796,0.12877914,0.06251939,-0.002482994,-0.032893635,-0.13935535,-0.02349265,0.11215483,0.055426788,-0.10210693,-0.0249696,0.036756605,0.097509384,-0.01763832,0.0068165753,-0.01336111,-0.021808436,0.041592952,0.11880791
-0.03543411,0.054243818,0.008618319,0.02228219,-0.03950455,-0.10817267,0.0146220345,0.013277691,0.043641657,0.052576993,0.025008012,0.017058112,0.036818612,0.008893879,0.12744683,0.062889695,-0.0027189092,-0.032840192,-0.13887137,-0.023438472,0.11228751,0.05541302,-0.10214642,-0.025051273,0.03676018,0.09752268,-0.01730043,0.0066896826,-0.013083219,-0.022161089,0.040929876,0.11845763
-0.035406165,0.053826116,0.009070819,0.020924931,-0.03954193,-0.10924581,0.01603366,0.014631927,0.044012263,0.05353993,0.024721142,0.017762577,0.03628753,0.008696716,0.12904097,0.062617846,-0.0025662002,-0.03263939,-0.13945092,-0.023489859,0.11218828,0.05556257,-0.10204434,-0.025062583,0.03658889,0.09747693,-0.017595068,0.0067832964,-0.013515678,-0.021650182,0.041678526,0.11892843
-0.036017366,0.05410813,0.008105205,0.02117333,-0.040172964,-0.1095402,0.015390977,0.014660811,0.044051908,0.053054597,0.025111705,0.018119978,0.034372713,0.008967608,0.12946811,0.061083287,-0.0008792118,-0.032968946,-0.13772884,-0.024315193,0.11239147,0.05547765,-0.10140483,-0.02598697,0.03671117,0.097478986,-0.01709017,0.0066225985,-0.0130822575,-0.023149217,0.042517588,0.117839396
-0.035817318,0.054135684,0.008437673,0.02267714,-0.03940683,-0.10824445,0.014925454,0.012458019,0.04361579,0.052915737,0.02567399,0.016465645,0.036995765,0.008418265,0.12689966,0.063374035,-0.0032805954,-0.032781146,-0.13906142,-0.02325865,0.112854496,0.05554438,-0.10211401,-0.02435733,0.036346518,0.097344615,-0.016940657,0.006646529,-0.012652894,-0.021895146,0.04062888,0.11829537
-0.03537546,0.054108527,0.008874197,0.021721944,-0.039540842,-0.10854968,0.015814124,0.0139116775,0.04373148,0.053171556,0.024659546,0.017318398,0.036988277,0.008632563,0.12779573,0.06279519,-0.002636694,-0.032463,-0.13917232,-0.02388311,0.11223821,0.055436872,-0.10205197,-0.024811953,0.036370754,0.097450644,-0.017442254,0.006630962,-0.013627646,-0.022176685,0.0413983,0.11863946
-0.035323754,0.054342974,0.00873718,0.022003816,-0.03967613,-0.1084052,0.015418308,0.013518972,0.043559894,0.052809097,0.024783323,0.01717464,0.037196543,0.008731402,0.12761915,0.062893085,-0.002774552,-0.032515332,-0.13931987,-0.023828581,0.11227078,0.055340018,-0.102159664,-0.024782963,0.03647525,0.097446576,-0.017448172,0.0067150854,-0.013580211,-0.022201871,0.041225936,0.11855177
-0.035989787,0.054122265,0.00818225,0.021173611,-0.040123824,-0.10956629,0.015515875,0.01465242,0.044077583,0.053118333,0.02506797,0.018094355,0.03454676,0.008970364,0.12946261,0.06123047,-0.0010258346,-0.03293962,-0.13790068,-0.024217423,0.1124034,0.055472203,-0.10142857,-0.025905892,0.036650058,0.09748442,-0.017083302,0.0066216895,-0.01315974,-0.023072537,0.04247278,0.117947325
-0.035271242,0.053948916,0.008924317,0.021192871,-0.039582945,-0.108973004,0.015620634,0.014319828,0.043853812,0.053073835,0.024766559,0.017616503,0.036520276,0.008775083,0.12872243,0.06264599,-0.0026039039,-0.032787032,-0.13946426,-0.023489054,0.11215411,0.05543506,-0.10213563,-0.02493437,0.036701635,0.097510815,-0.0176581,0.006822057,-0.013451762,-0.021760847,0.041542813,0.11883853
-0.035491195,0.054041162,0.008970827,0.021514168,-0.03955396,-0.108787745,0.016088258,0.014123045,0.043799035,0.053592227,0.024668112,0.017458754,0.036814567,0.008595527,0.12810773,0.06280542,-0.0026486875,-0.032237954,-0.13917792,-0.02387954,0.112208396,0.0555454,-0.10201916,-0.025053672,0.036357675,0.09743814,-0.017449034,0.0066593178,-0.01371069,-0.022039097,0.04142771,0.11866704
-0.035374336,0.05416492,0.008838853,0.02169211,-0.039622933,-0.10865183,0.015548281,0.013840012,0.043709137,0.053068962,0.024787238,0.017350566,0.036877878,0.008710807,0.12803915,0.06282441,-0.0027284515,-0.032561116,-0.13933557,-0.023695964,0.11225307,0.055435877,-0.10214088,-0.024901964,0.036537696,0.09745232,-0.01748558,0.006734276,-0.013514313,-0.021991402,0.04132928,0.118665546
-0.03530476,0.053837,0.008997472,0.021037085,-0.03953887,-0.109031096,0.015921328,0.014508037,0.043912634,0.05326739,0.024744347,0.01761572,0.03641685,0.008698353,0.12882696,0.062594905,-0.0025517107,-0.032700174,-0.13938142,-0.023533985,0.11214842,0.055483453,-0.102070734,-0.024908643,0.03660329,0.09750241,-0.017636402,0.0067855176,-0.0134951575,-0.021761918,0.041614324,0.118856
-0.035712507,0.053259686,0.008482089,0.021300603,-0.03917291,-0.10962649,0.016555961,0.012942145,0.04379257,0.054548986,0.026541457,0.016140819,0.035793226,0.008137698,0.12769859,0.063209735,-0.0033862465,-0.032264486,-0.13865717,-0.022370264,0.113235414,0.05565732,-0.10191612,-0.024619587,0.035286207,0.09711174,-0.01668296,0.0072092274,-0.012771268,-0.02133899,0.04058114,0.118546054
-0.03544168,0.053887747,0.008934647,0.020814084,-0.039723534,-0.10941338,0.016077993,0.014665369,0.043997824,0.0533648,0.024862079,0.01776072,0.03599753,0.008701891,0.12935553,0.062384713,-0.0024020565,-0.032763667,-0.13945661,-0.023540441,0.11228564,0.05550628,-0.10199159,-0.024976715,0.036570817,0.09744656,-0.017552959,0.006823633,-0.013453578,-0.02176023,0.041876838,0.118831255
-0.035414204,0.05395824,0.009000372,0.02122161,-0.03957495,-0.10901231,0.015925705,0.014352215,0.043887623,0.053459205,0.024714492,0.017620068,0.036537357,0.008686277,0.12862611,0.06270441,-0.00262069,-0.032509185,-0.13936722,-0.023631137,0.11218737,0.055533156,-0.10207209,-0.025064439,0.036545932,0.09746564,-0.01755534,0.00675431,-0.0135763725,-0.021805089,0.041536763,0.11880936
-0.03553448,0.05413106,0.008744789,0.020995276,-0.039954044,-0.10931447,0.015356515,0.01435498,0.043864526,0.05280074,0.025037007,0.017757723,0.03566903,0.008756223,0.12916014,0.062012743,-0.0020489697,-0.0330144,-0.13919131,-0.023856468,0.112496324,0.055479154,-0.10186843,-0.0250455,0.036679104,0.0972868,-0.017389346,0.0068226736,-0.013042009,-0.021943342,0.042041793,0.11854056
-0.0357906,0.05434789,0.008731205,0.022468977,-0.039480213,-0.108217046,0.014941126,0.013185119,0.043785706,0.05306848,0.025052793,0.016907893,0.036635842,0.008839535,0.12730366,0.06297752,-0.0027364925,-0.03255564,-0.13859813,-0.023455638,0.112517044,0.05559897,-0.10194595,-0.0252631,0.036450744,0.09741979,-0.016863853,0.006522784,-0.013072099,-0.022290032,0.04087629,0.11840797
-0.035467714,0.05407262,0.00879663,0.021237219,-0.039768293,-0.10893586,0.015172554,0.014335759,0.043853924,0.052861683,0.02484849,0.017703593,0.035872858,0.008851327,0.12875034,0.062146187,-0.002076576,-0.03289209,-0.13888752,-0.023802968,0.11226401,0.055502396,-0.10193073,-0.025296941,0.036784556,0.097405955,-0.017438395,0.0067514796,-0.013147718,-0.022056418,0.04176183,0.11854386
-0.035270713,0.053948354,0.008885253,0.02138438,-0.039545417,-0.1087784,0.015256934,0.01417518,0.04384184,0.052986264,0.024748445,0.017590422,0.036532007,0.008785395,0.1284562,0.06268035,-0.002623173,-0.032889746,-0.13936447,-0.023466077,0.11214249,0.05546521,-0.10222321,-0.02499548,0.03682286,0.09751357,-0.017664416,0.006792186,-0.013327834,-0.021736024,0.041422173,0.11882264
-0.035453804,0.054129705,0.0088905655,0.021510363,-0.039629452,-0.10864969,0.015110213,0.014272597,0.043870784,0.052988127,0.024651125,0.017631467,0.03613365,0.008971986,0.12840268,0.062352676,-0.0021820855,-0.0327181,-0.13872036,-0.023708737,0.1121161,0.0555289,-0.10196908,-0.025540449,0.036790892,0.09749218,-0.017386582,0.0066702766,-0.0133231515,-0.02217225,0.041501064,0.118599445
-0.035900995,0.05437522,0.008622346,0.021501811,-0.03987824,-0.10888258,0.014711998,0.014379516,0.043918364,0.052739643,0.02487377,0.017873514,0.034974925,0.009257301,0.12868795,0.061448008,-0.0010975343,-0.032697078,-0.13752423,-0.024230506,0.112285465,0.055568587,-0.10127915,-0.026368253,0.036760222,0.09739778,-0.01686727,0.0065595396,-0.012931737,-0.022979487,0.041976973,0.117957726
-0.036474653,0.05506671,0.008545751,0.023051456,-0.03956566,-0.1075072,0.013301998,0.014112199,0.043958403,0.05268792,0.024246302,0.017852949,0.03440466,0.010432156,0.1271367,0.060929276,0.00026110886,-0.031821385,-0.13442332,-0.024655163,0.11164994,0.05571976,-0.100391716,-0.029124424,0.03695116,0.097752914,-0.015850764,0.005988596,-0.013096181,-0.02501976,0.04127334,0.11703518
-0.035445847,0.053939078,0.008888589,0.021383727,-0.03955252,-0.108928725,0.015489286,0.014055375,0.043885395,0.05318943,0.024967536,0.017438434,0.03642068,0.008685695,0.12854473,0.062773585,-0.0027491827,-0.032810465,-0.13940181,-0.023361836,0.11233224,0.05553594,-0.10214537,-0.02489777,0.036660332,0.09745003,-0.017482571,0.00678573,-0.013222625,-0.021651685,0.041383933,0.11879249
-0.03543324,0.05407372,0.008695945,0.021815512,-0.039545715,-0.1086442,0.015269849,0.013521969,0.04371339,0.052850574,0.025138345,0.017125903,0.03677235,0.008668434,0.12798291,0.0629267,-0.0028779977,-0.032834925,-0.13935399,-0.023391016,0.112425335,0.055425026,-0.102145545,-0.024645261,0.036581665,0.09745359,-0.017396167,0.006775966,-0.013138332,-0.021847093,0.041174557,0.118611366
-0.035216004,0.053893257,0.00886048,0.021291487,-0.03949064,-0.10883315,0.01566811,0.014238585,0.04382328,0.05293487,0.024754727,0.01752449,0.036675632,0.008737111,0.12844297,0.06264144,-0.0025518187,-0.032833286,-0.13934404,-0.023569457,0.11214555,0.05536779,-0.102074176,-0.024743557,0.036617458,0.09754171,-0.017656352,0.0067716613,-0.013450642,-0.021929182,0.04154651,0.1187744
-0.035214856,0.0538929,0.008874176,0.02132663,-0.039495096,-0.108780764,0.015344761,0.014256306,0.043845415,0.052935556,0.024706302,0.017623302,0.036570456,0.0087958425,0.12845472,0.06263306,-0.0025465232,-0.032907017,-0.13931288,-0.023505315,0.11208907,0.05541918,-0.10217107,-0.024945147,0.036800195,0.09755105,-0.017708294,0.0067845825,-0.013372843,-0.021819932,0.041481227,0.11881264
-0.036161505,0.054882564,0.008849513,0.023024015,-0.039330624,-0.107368305,0.0138571635,0.014122356,0.043982394,0.05305804,0.024010252,0.017646942,0.035339814,0.010228731,0.1269806,0.06170137,-0.0006282148,-0.03172049,-0.13536038,-0.02419276,0.11151279,0.05571659,-0.10088167,-0.028527062,0.036871135,0.0978377,-0.016182482,0.006039804,-0.01351793,-0.02441207,0.040891316,0.11760186
-0.035290137,0.05413513,0.008855211,0.021709083,-0.039537564,-0.10848911,0.0150636695,0.014022704,0.043793194,0.052831504,0.024612086,0.017510705,0.03665227,0.008935822,0.12806311,0.06264638,-0.0024815355,-0.032795496,-0.1390376,-0.023593966,0.112087466,0.055427145,-0.10213306,-0.025212068,0.0367848,0.097543515,-0.017517999,0.0066946996,-0.013413795,-0.02209392,0.041332394,0.11870405
-0.034814384,0.05283383,0.007803645,0.020651542,-0.03935104,-0.11020376,0.016247507,0.012039725,0.043325685,0.054504678,0.02786186,0.014861714,0.034359075,0.008155156,0.12674427,0.062450007,-0.0032115304,-0.03261589,-0.13761595,-0.021303587,0.11407472,0.055272747,-0.10216854,-0.024663962,0.033943586,0.09651614,-0.016162887,0.008172863,-0.012429723,-0.021297716,0.04015792,0.11857391
-0.035398066,0.054365747,0.008820638,0.022073237,-0.039479695,-0.10817513,0.014868744,0.013939153,0.04376988,0.05269237,0.024506249,0.017413612,0.036574252,0.009284984,0.12776807,0.062513724,-0.0021427819,-0.032550216,-0.13829547,-0.023655524,0.11193574,0.055387996,-0.10183697,-0.025809042,0.03674621,0.097656816,-0.017221805,0.006575577,-0.013520806,-0.02270915,0.041170232,0.11845043
-0.035998005,0.054628953,0.008626364,0.0220385,-0.039761484,-0.108447,0.014324997,0.014197227,0.043914497,0.05268434,0.024655372,0.017806273,0.035071973,0.009618161,0.12816001,0.061483465,-0.0009012171,-0.032457978,-0.13685648,-0.024229296,0.11210033,0.055569336,-0.10110906,-0.027040605,0.036795177,0.097523145,-0.016602106,0.0064110598,-0.013067021,-0.023504205,0.041678615,0.117794335
-0.03522133,0.05390419,0.0088918675,0.02131543,-0.039516635,-0.108770356,0.015410695,0.014264841,0.043838717,0.052955166,0.024707623,0.017586906,0.03656758,0.008773586,0.12846255,0.062628746,-0.0025573582,-0.03287568,-0.13932231,-0.023526268,0.11210425,0.05542756,-0.10217325,-0.024917703,0.036766127,0.09753444,-0.01769066,0.006778514,-0.01339136,-0.021820793,0.04148614,0.11881409
-0.035486437,0.05405547,0.008728212,0.021324392,-0.039698206,-0.108909085,0.014980666,0.014299562,0.043867767,0.052804984,0.02483486,0.017789626,0.035840575,0.008929111,0.12863487,0.06210181,-0.0019525574,-0.03293447,-0.1386919,-0.023820393,0.11221558,0.055483595,-0.10185693,-0.025446426,0.036849726,0.09745428,-0.01743132,0.006732396,-0.013092169,-0.022176791,0.04175339,0.118467435
-0.035366878,0.054153938,0.008741319,0.021860078,-0.039583612,-0.108532056,0.015159406,0.01358882,0.04371214,0.052771747,0.024946896,0.017198946,0.03683358,0.0087182745,0.12788762,0.062869914,-0.0028087483,-0.03286446,-0.1393551,-0.023496881,0.11237075,0.05541372,-0.102197476,-0.024708219,0.036618955,0.097444974,-0.017425817,0.006735474,-0.013229595,-0.021916652,0.041227493,0.118664384
-0.035791144,0.054195337,0.008585151,0.021275284,-0.039886795,-0.10908334,0.01478317,0.014393421,0.043908417,0.052724008,0.024976222,0.017944155,0.035069693,0.009040867,0.1288409,0.06152356,-0.0012927116,-0.032914206,-0.13799389,-0.024188872,0.11236404,0.055546276,-0.10145458,-0.025922842,0.036810152,0.09735279,-0.01710441,0.006656184,-0.012832438,-0.022614432,0.042087406,0.11808654
-0.035387963,0.054166578,0.008922249,0.021574255,-0.039495327,-0.10858449,0.015265461,0.014310963,0.04387995,0.052923396,0.024593167,0.017560327,0.0363142,0.009186216,0.12842184,0.062452994,-0.0021825754,-0.032596342,-0.13857813,-0.023517255,0.111961104,0.055432048,-0.10183924,-0.025679693,0.036737658,0.097639166,-0.017335765,0.0066677826,-0.013510301,-0.02239645,0.04136637,0.118603766
-0.036014885,0.054610703,0.008384893,0.021514293,-0.04022619,-0.10944112,0.014595315,0.01403608,0.044304855,0.05285875,0.02498599,0.01832548,0.034430943,0.008905995,0.12891725,0.06097606,-0.00064379955,-0.03285291,-0.13733484,-0.025049306,0.112711124,0.055831604,-0.1010704,-0.026476122,0.036807742,0.09738029,-0.016698748,0.006548778,-0.012905213,-0.02357835,0.042828664,0.11759614
-0.035693582,0.053845588,0.008625971,0.02185639,-0.039396085,-0.10878801,0.0152928345,0.013299376,0.043797918,0.053181022,0.025555056,0.016949307,0.036512904,0.008503749,0.12799221,0.06310654,-0.0030701892,-0.03282761,-0.13922414,-0.023106495,0.112613775,0.05557444,-0.10208317,-0.024604782,0.036545686,0.09743313,-0.017239908,0.006789174,-0.012774524,-0.021594366,0.040962763,0.118521
-0.03550284,0.054208852,0.008889321,0.022123331,-0.039304756,-0.10806357,0.014775433,0.014115859,0.04388424,0.053044233,0.02433926,0.017579556,0.036409535,0.009299738,0.12757023,0.06247486,-0.0019757194,-0.032421656,-0.13785605,-0.023731457,0.11179363,0.055526327,-0.101779036,-0.026222803,0.036827102,0.09770803,-0.01720518,0.0064668665,-0.013513762,-0.022776622,0.041104514,0.11841835
-0.035643127,0.056144655,0.0073920134,0.023159992,-0.04169751,-0.11089617,0.014973547,0.011382444,0.046516217,0.054388292,0.024430493,0.019852012,0.034400355,0.0069847056,0.1286839,0.06056989,-0.00035451958,-0.032838322,-0.13749994,-0.028484803,0.11402245,0.057202734,-0.10149098,-0.026710995,0.037161216,0.09820393,-0.016468203,0.00640455,-0.015047736,-0.027129896,0.04584874,0.11659356
-0.035392527,0.053774554,0.009032572,0.020772077,-0.039574552,-0.10933267,0.016053982,0.014732588,0.04402516,0.05340247,0.024795447,0.017778203,0.036088083,0.008688511,0.12923007,0.062446736,-0.0024241065,-0.032761097,-0.13939986,-0.023514362,0.112224415,0.05553418,-0.10197207,-0.024972614,0.036587782,0.0974639,-0.017593253,0.0068004383,-0.013415755,-0.02168016,0.041819204,0.11888836
-0.03567285,0.054125737,0.008503687,0.022433758,-0.039385363,-0.1082616,0.014701953,0.012925757,0.043673776,0.05274301,0.025435314,0.01677809,0.036707003,0.008759281,0.12733106,0.06307989,-0.0029071928,-0.03282573,-0.13875721,-0.023202572,0.112522855,0.055485524,-0.10202637,-0.024887778,0.036617618,0.097498104,-0.017073838,0.0066869184,-0.012773807,-0.022069635,0.040731147,0.11831947
-0.036082797,0.05444145,0.008376291,0.021410933,-0.040036436,-0.10912842,0.014378276,0.014382288,0.04391224,0.052445147,0.025100432,0.018071523,0.03434837,0.009346723,0.1289164,0.060925648,-0.00052420376,-0.032875627,-0.1370591,-0.024513224,0.11242588,0.05553608,-0.10095343,-0.026606776,0.03681634,0.09733355,-0.01670951,0.0065694023,-0.012595448,-0.023297496,0.04232477,0.117604025
-0.03607812,0.054420445,0.008454137,0.021383293,-0.040056095,-0.109133795,0.01449942,0.014386924,0.043928765,0.052598268,0.025060177,0.018041363,0.03444462,0.009225195,0.12889269,0.06103881,-0.0006970675,-0.03285525,-0.13728395,-0.024507716,0.112479486,0.05559098,-0.10107822,-0.026461862,0.036774684,0.097278304,-0.016743101,0.0065611387,-0.012635798,-0.02311387,0.04231001,0.11772064
-0.035231974,0.05411352,0.008657465,0.021878704,-0.039524227,-0.108457915,0.015099216,0.01358193,0.043642573,0.052566476,0.02489651,0.017247204,0.037011057,0.008767,0.12776342,0.06283645,-0.002726261,-0.032909773,-0.1393049,-0.02356672,0.11224554,0.05530054,-0.10217696,-0.024648063,0.0366704,0.09752459,-0.017562829,0.0067607984,-0.0132928705,-0.02205238,0.041243088,0.11860738
-0.036156006,0.05450579,0.008369565,0.021759916,-0.03995178,-0.1087757,0.013983592,0.014272723,0.04390675,0.052497216,0.024937037,0.018083379,0.034348406,0.0094638225,0.12843913,0.060918704,-0.000386043,-0.032758113,-0.13658361,-0.024617985,0.112297416,0.055607367,-0.10093872,-0.027044177,0.03692639,0.097378336,-0.016622614,0.006456728,-0.012591212,-0.023521904,0.04212853,0.117488846
-0.03532712,0.053993702,0.0089056995,0.021457378,-0.039523333,-0.10874936,0.015757238,0.014138386,0.043817766,0.05314323,0.02468938,0.017469795,0.036756936,0.008683862,0.12820806,0.06271285,-0.0025955052,-0.03264174,-0.13927789,-0.02370451,0.11220324,0.055440262,-0.1020694,-0.02483856,0.03650417,0.097482346,-0.017536148,0.0066976054,-0.013534828,-0.021996776,0.041494183,0.11874458
-0.036069117,0.054313723,0.009087237,0.022203976,-0.038986355,-0.108051136,0.01508908,0.014836807,0.04426779,0.05372166,0.024011597,0.017875047,0.035374165,0.010028828,0.12780236,0.06188713,-0.00082252966,-0.031650253,-0.13579908,-0.023850251,0.11142514,0.055723246,-0.100750655,-0.028113365,0.036621157,0.09796563,-0.016413443,0.006108893,-0.013761417,-0.024029637,0.041141912,0.11795959
-0.035613358,0.0541875,0.008803409,0.02203286,-0.039364,-0.10837881,0.014931839,0.013860827,0.04388517,0.053016532,0.02478337,0.017363701,0.036320325,0.0091782715,0.12789017,0.062633514,-0.0022649416,-0.032551974,-0.1382304,-0.02342269,0.1120832,0.055518553,-0.10177057,-0.025831863,0.036716845,0.09763826,-0.017096326,0.00658183,-0.01326475,-0.022490317,0.04106936,0.11842791
-0.03540492,0.054071955,0.008736527,0.02181213,-0.039529894,-0.108595915,0.015265146,0.013623005,0.04373073,0.052905094,0.02498914,0.0172234,0.03680588,0.008683356,0.12791415,0.06288959,-0.0028066211,-0.032799944,-0.13929808,-0.023491532,0.11235477,0.05543629,-0.10215621,-0.024739977,0.03660099,0.09746277,-0.017437225,0.0067399666,-0.013225292,-0.021898795,0.041216824,0.11863706
-0.03547656,0.05384635,0.0090348255,0.02112607,-0.039477378,-0.10909754,0.016487444,0.014460951,0.04393222,0.053698756,0.024711177,0.017560722,0.03660289,0.00856,0.12856835,0.06270094,-0.0025618733,-0.03232616,-0.13924763,-0.023771726,0.11222734,0.05553541,-0.10188938,-0.024902232,0.036266975,0.097462706,-0.017470803,0.0066790674,-0.013701207,-0.021965893,0.04164522,0.11876114
-0.03566105,0.054060068,0.008787556,0.021181172,-0.039760485,-0.1091279,0.01521921,0.014451094,0.043974318,0.053065315,0.024843194,0.01788095,0.03555337,0.008854251,0.12882705,0.061965674,-0.0018165451,-0.032865815,-0.13861762,-0.023949396,0.112358704,0.05558281,-0.101725444,-0.025523257,0.03670846,0.09735818,-0.017273767,0.0066721393,-0.013060479,-0.022192942,0.041955408,0.11845389
-0.03535145,0.054080047,0.00888239,0.021590304,-0.03954929,-0.10869069,0.01573986,0.014005661,0.043779306,0.053126767,0.024685912,0.017416064,0.03687013,0.008682618,0.12804851,0.06276357,-0.0026316126,-0.03258647,-0.13928269,-0.02375904,0.112238064,0.055429127,-0.10206766,-0.024829846,0.036454797,0.09746417,-0.017486515,0.0066794176,-0.01356892,-0.022064269,0.04145508,0.11870806
-0.035653032,0.05415222,0.008777671,0.022055767,-0.03944524,-0.10849473,0.015208129,0.013543639,0.04384511,0.05311588,0.024995236,0.017134972,0.03658412,0.008790733,0.12772481,0.06288766,-0.0026857262,-0.032657564,-0.13883014,-0.023440192,0.11242731,0.055552777,-0.10195822,-0.025110647,0.036494102,0.097459204,-0.01709381,0.0065990584,-0.013147348,-0.02212851,0.04110028,0.11853763
-0.035954237,0.05443536,0.008650061,0.022914402,-0.03920819,-0.107776485,0.014298085,0.013236005,0.043835096,0.05298783,0.024902387,0.01700428,0.03626245,0.009444425,0.12696756,0.06273233,-0.00210774,-0.032275915,-0.13720444,-0.023390803,0.11208688,0.05560863,-0.10151401,-0.026526801,0.036699116,0.09771088,-0.01658356,0.006383025,-0.01306416,-0.023080084,0.040535584,0.11800957
-0.035772927,0.05385436,0.008033851,0.021180425,-0.039946876,-0.109650046,0.014957031,0.013164142,0.04365062,0.053084858,0.026476674,0.016725175,0.03427187,0.008592704,0.12812172,0.061542846,-0.00173243,-0.0330261,-0.13765809,-0.023381576,0.113403566,0.055499528,-0.10150644,-0.025339913,0.035734907,0.09685192,-0.016456733,0.00718253,-0.01214449,-0.02224169,0.041607518,0.1179012
-0.036452487,0.054649167,0.008290669,0.02194789,-0.040019006,-0.10885291,0.014036106,0.013987618,0.043926448,0.05255761,0.025241146,0.017845022,0.034083635,0.009463264,0.12841155,0.060897116,-0.00034903036,-0.032661874,-0.136335,-0.024576545,0.11256926,0.055672083,-0.10071401,-0.02711019,0.03672067,0.09729062,-0.016231976,0.0064049643,-0.012384583,-0.023681277,0.04208017,0.117289364
-0.036130033,0.054144524,0.008432724,0.021734484,-0.039767668,-0.10904067,0.01477145,0.013609244,0.043894216,0.052939095,0.025588427,0.017376311,0.035166338,0.008771322,0.12837875,0.06200771,-0.001829647,-0.032897048,-0.1380639,-0.023816533,0.11279762,0.05567231,-0.10145997,-0.02552294,0.036581926,0.097254716,-0.016751256,0.006638076,-0.012389983,-0.022360286,0.041642677,0.117955945
-0.036448427,0.05438266,0.008306544,0.022512203,-0.03955096,-0.10846924,0.014158964,0.013251094,0.04389731,0.05289822,0.025565716,0.017191939,0.034957185,0.009235196,0.1276231,0.061927278,-0.0013860003,-0.03255177,-0.13671902,-0.023819646,0.11262187,0.055726755,-0.101033,-0.026564065,0.0366145,0.097426794,-0.016235208,0.0064180586,-0.01230229,-0.023194768,0.041193277,0.11748713
-0.03611031,0.054749962,0.008702673,0.022664782,-0.03935182,-0.10779933,0.0140011795,0.014239186,0.04399664,0.052835643,0.024248786,0.017794905,0.035148926,0.010211112,0.12747143,0.061519735,-0.00048663514,-0.031964727,-0.13553914,-0.024142658,0.111593075,0.0555884,-0.10073133,-0.02824957,0.036867388,0.09785643,-0.016286306,0.0061662067,-0.013368406,-0.02436722,0.0411832,0.11754982
-0.03606859,0.054496627,0.0085582975,0.021834675,-0.03979196,-0.108709306,0.014429614,0.014227087,0.04394996,0.052741528,0.024846988,0.017865472,0.034859728,0.009459116,0.12837224,0.061392523,-0.00087000476,-0.032582812,-0.1369656,-0.024263512,0.1122506,0.05559597,-0.101066865,-0.02682975,0.03676019,0.097454146,-0.016621415,0.006451858,-0.012878788,-0.023350405,0.041851304,0.11776148
-0.036596492,0.055028073,0.008356702,0.022722788,-0.039818294,-0.10805015,0.013337763,0.014018068,0.04395605,0.052537188,0.024648068,0.017948497,0.03401357,0.010155845,0.12758756,0.06068805,0.00032162433,-0.032171287,-0.13484189,-0.024798088,0.112066224,0.055712774,-0.10035119,-0.028610855,0.036879033,0.09753749,-0.015843784,0.0061011193,-0.012705113,-0.02474422,0.041706122,0.1169588
-0.035579912,0.05369027,0.00901703,0.021010444,-0.03936153,-0.10935631,0.016512573,0.014503943,0.044053733,0.053899173,0.024844777,0.01767929,0.036436092,0.008535981,0.1287633,0.06275968,-0.0025946335,-0.03240736,-0.13926834,-0.023587378,0.11228902,0.055589333,-0.101822354,-0.024938777,0.03629165,0.09748481,-0.01745343,0.006702329,-0.01354901,-0.02180646,0.041664787,0.118794
-0.03561371,0.053938713,0.008776,0.021037538,-0.039604492,-0.109144896,0.015397921,0.01469221,0.043999083,0.05301558,0.0248563,0.017905356,0.03542697,0.009053851,0.12904422,0.061841045,-0.0015792982,-0.032755986,-0.13821219,-0.02384061,0.11213481,0.055502612,-0.10148806,-0.025772184,0.03672143,0.09753038,-0.017277248,0.006689716,-0.013146604,-0.022463355,0.041930523,0.1183442
-0.035846904,0.054221362,0.00867456,0.022214193,-0.03941652,-0.1083291,0.014586851,0.013678081,0.04388754,0.053035278,0.02494249,0.017357724,0.03594714,0.009147051,0.12768935,0.06244433,-0.0020318334,-0.032567278,-0.13780186,-0.02359581,0.11222014,0.055621065,-0.10164468,-0.02607181,0.03674981,0.09755697,-0.016900875,0.0065162256,-0.012970717,-0.022624185,0.041082837,0.118181854
-0.035903968,0.053544246,0.008782556,0.020943997,-0.039440244,-0.10962707,0.016048264,0.014399476,0.044198208,0.053850904,0.025292847,0.017721003,0.035541862,0.008430269,0.12904151,0.062418252,-0.0023141229,-0.032822482,-0.13893963,-0.023505127,0.11262299,0.055732045,-0.10169031,-0.0249817,0.036411803,0.09736731,-0.01722607,0.0066915154,-0.012875524,-0.021699462,0.041847527,0.11858544
-0.03629659,0.05458148,0.008367909,0.02214115,-0.039749674,-0.10842951,0.013662372,0.014281994,0.04396855,0.052594867,0.024721399,0.01815035,0.034233507,0.009783736,0.12800094,0.060826972,-1.8433202e-05,-0.03251152,-0.13569665,-0.024684038,0.112056635,0.05565568,-0.10067751,-0.027827535,0.036992572,0.09752859,-0.016398218,0.0062898165,-0.012662557,-0.02405966,0.041920163,0.11727277
-0.035768002,0.05424171,0.008836122,0.022162993,-0.03931752,-0.1083727,0.015133573,0.013800988,0.04394737,0.05321465,0.02477102,0.017290864,0.036313243,0.009165296,0.12772286,0.0626696,-0.0022282978,-0.032402687,-0.13804346,-0.02348264,0.1121784,0.055571474,-0.10162175,-0.025904499,0.036519967,0.09760862,-0.016876576,0.0064780796,-0.013302519,-0.022661705,0.041065894,0.11837522
-0.03555821,0.0540414,0.008648625,0.021980941,-0.03947232,-0.108607665,0.015335064,0.01331773,0.043719225,0.052988276,0.025259715,0.016995935,0.036825046,0.008576935,0.12773108,0.06304135,-0.0029565361,-0.032760777,-0.13924761,-0.023389291,0.11252983,0.05546903,-0.102085814,-0.024581607,0.0364661,0.097431675,-0.017273244,0.006727053,-0.013055258,-0.021879548,0.04107475,0.118529096
-0.03596797,0.05350794,0.00880068,0.021407468,-0.03921009,-0.10931939,0.016067525,0.013742991,0.044090964,0.054003805,0.025631316,0.01714377,0.03611678,0.008314213,0.12848039,0.06311606,-0.0030328245,-0.03261996,-0.13913794,-0.023024019,0.11272145,0.05577899,-0.101844735,-0.024696164,0.036301434,0.09740618,-0.017108047,0.006726254,-0.012768037,-0.021403797,0.041161846,0.11861555
-0.035930872,0.05424869,0.008647723,0.022065789,-0.039482523,-0.10850364,0.014661379,0.013837649,0.043930426,0.053020038,0.024971388,0.017474608,0.035641935,0.009206526,0.12793544,0.06219499,-0.001753029,-0.032561764,-0.13759951,-0.023719098,0.1122558,0.055619072,-0.1014548,-0.026223317,0.036706347,0.097535215,-0.016805576,0.006504209,-0.012932447,-0.022790356,0.041291527,0.11807793
-0.036180526,0.054654192,0.008612242,0.02306243,-0.039224684,-0.10760757,0.013830513,0.013595991,0.04392703,0.05293112,0.024583016,0.017385827,0.035551004,0.009940291,0.12692696,0.062061943,-0.0011172728,-0.032045335,-0.13589358,-0.023821276,0.111817114,0.055656187,-0.10100007,-0.027766079,0.036834422,0.097807914,-0.0162643,0.006191835,-0.013104715,-0.02395769,0.040734902,0.11760147
-0.036334775,0.054577664,0.008545967,0.023564383,-0.039021656,-0.107434645,0.014057856,0.012770183,0.0438694,0.05314812,0.025071658,0.016691705,0.036140986,0.00961579,0.1263012,0.06283271,-0.0019721803,-0.031986132,-0.13631958,-0.02333126,0.11217134,0.055712894,-0.10117585,-0.02705422,0.03653758,0.09776071,-0.016053908,0.0061893295,-0.012890977,-0.023587808,0.040152226,0.11765809
-0.037153512,0.05500487,0.0076416824,0.022124687,-0.040473714,-0.10905474,0.013338264,0.01447431,0.044084996,0.052395012,0.025180038,0.018573536,0.03202035,0.010049332,0.12877077,0.059171036,0.0017953725,-0.032573495,-0.13392337,-0.025661286,0.11247979,0.05571443,-0.09973477,-0.028973851,0.036875173,0.09734316,-0.015582632,0.0061033927,-0.012159743,-0.02549439,0.04295674,0.11616167
-0.03664594,0.054614052,0.008368241,0.022291658,-0.039782465,-0.10862853,0.014069121,0.013838077,0.04402636,0.052955143,0.02519386,0.017704742,0.03417419,0.0095024,0.12796903,0.061150976,-0.00045265118,-0.032407843,-0.13594131,-0.02444056,0.112540625,0.05580441,-0.10062552,-0.027423717,0.036620226,0.09735098,-0.015999936,0.0062599136,-0.012409584,-0.023804277,0.041760188,0.117258705
-0.035813652,0.054031912,0.008854866,0.021302499,-0.03941098,-0.1089005,0.015380558,0.014852326,0.04411567,0.053251818,0.02463223,0.017948756,0.035205506,0.0094042085,0.12881128,0.061707653,-0.0011606948,-0.032381505,-0.13726148,-0.023887925,0.11190786,0.055571917,-0.10111159,-0.026623644,0.036661252,0.09767836,-0.016944423,0.0064999405,-0.013309994,-0.023074731,0.041780576,0.11814059
-0.035796497,0.054624084,0.008900117,0.022751458,-0.039281756,-0.10760908,0.0141697,0.013977516,0.043927513,0.053040996,0.024108924,0.017573219,0.0361001,0.009824462,0.12711468,0.06228669,-0.0014896994,-0.03207533,-0.13674861,-0.023822954,0.11162935,0.055615477,-0.10144074,-0.027400203,0.036894627,0.09780022,-0.01670058,0.0062526204,-0.013572411,-0.023528444,0.040835388,0.118103705
-0.03573756,0.054171946,0.008756464,0.022166496,-0.039234303,-0.10824063,0.0146485325,0.014004651,0.04395408,0.05306915,0.02464744,0.017556766,0.03600641,0.009409748,0.12771991,0.062374227,-0.0017916416,-0.032434374,-0.13744792,-0.023575932,0.111894116,0.05555921,-0.10150097,-0.02648589,0.036820754,0.097742654,-0.016968064,0.006470546,-0.013233366,-0.022920491,0.041069068,0.1181991
-0.035796046,0.05428203,0.008621158,0.021468718,-0.039852772,-0.108928874,0.014702437,0.014287496,0.04390285,0.052748725,0.024889026,0.017881928,0.03522931,0.009101986,0.128627,0.06164684,-0.0013770019,-0.03284274,-0.13796052,-0.02414529,0.112332866,0.05555602,-0.10149156,-0.02601929,0.036802772,0.097373225,-0.017049134,0.006614457,-0.01290851,-0.022670155,0.04194937,0.11811475
-0.035601757,0.053904377,0.00906156,0.021360073,-0.039184943,-0.10871086,0.01591333,0.014840167,0.044120297,0.053514995,0.024439292,0.017724406,0.03594776,0.009278048,0.1285444,0.062250942,-0.0017274139,-0.032211997,-0.13774642,-0.02362214,0.111782104,0.055541724,-0.10135622,-0.02620377,0.036499463,0.097769774,-0.017111672,0.00648579,-0.013680072,-0.022835767,0.041487142,0.11847228
-0.03536788,0.053831108,0.008967578,0.02116786,-0.039451614,-0.109009996,0.016183518,0.014403781,0.04391525,0.053392958,0.024718218,0.017563364,0.03661928,0.008624421,0.12852249,0.06266548,-0.002536493,-0.032567203,-0.13927594,-0.023682673,0.112200625,0.055465043,-0.10194273,-0.024804655,0.03639333,0.09750005,-0.017543018,0.0067032184,-0.013587204,-0.021958448,0.04163692,0.11878079
-0.03589611,0.054146986,0.008672712,0.022409488,-0.039275713,-0.10831541,0.014937639,0.013270857,0.04387465,0.05320017,0.025206935,0.016957425,0.036378294,0.008936115,0.12742403,0.062937126,-0.0025837128,-0.032521464,-0.13818549,-0.023276236,0.11242841,0.05562466,-0.10173539,-0.025530923,0.036503185,0.097540535,-0.01680539,0.006525472,-0.012929871,-0.022382425,0.040793482,0.11828147
-0.036610484,0.054797083,0.008199602,0.021870248,-0.040101707,-0.10887112,0.013706369,0.014417635,0.043989748,0.052377958,0.025028778,0.018260615,0.033323165,0.0098662,0.12861304,0.060133517,0.0006572786,-0.032556705,-0.13523741,-0.025045801,0.112359196,0.05565898,-0.10020336,-0.028070338,0.03683751,0.09735662,-0.016018515,0.0062875133,-0.0123738805,-0.024461767,0.042452715,0.11688736
-0.03602871,0.054162506,0.008518279,0.022683002,-0.03914193,-0.10821394,0.014832731,0.012975784,0.04384757,0.05307956,0.025453307,0.016742937,0.036341053,0.009060599,0.12719452,0.06298096,-0.0025101793,-0.03246124,-0.13775507,-0.023135751,0.11245848,0.05557763,-0.101497285,-0.025655992,0.036431905,0.09762709,-0.016583027,0.0064988155,-0.012777279,-0.022674737,0.040591888,0.118038766
-0.036761206,0.054804545,0.008091249,0.022137025,-0.04001773,-0.10863631,0.013192082,0.014383195,0.04401073,0.05237274,0.024943719,0.018411161,0.033021644,0.010018004,0.12823586,0.05988912,0.0010854038,-0.032507047,-0.13447604,-0.02526953,0.11224048,0.055728927,-0.10002234,-0.028660908,0.03699337,0.09740515,-0.015897386,0.0061703892,-0.0122210095,-0.024826922,0.042408634,0.116615
-0.036178827,0.05424943,0.008370105,0.02132114,-0.039954834,-0.109301426,0.014950078,0.0146701,0.044095114,0.053015202,0.024972394,0.018184472,0.034247868,0.009250337,0.12908962,0.06097735,-0.0005350248,-0.03273491,-0.13700476,-0.024457827,0.11234926,0.0556034,-0.100980215,-0.026671525,0.036696687,0.09742913,-0.016734416,0.0064860396,-0.012870659,-0.023377735,0.0423968,0.11769353
-0.03673484,0.05480801,0.008063173,0.021778665,-0.0402504,-0.10905187,0.013601527,0.014436604,0.043998472,0.0523229,0.025159426,0.018374443,0.032935154,0.009803321,0.12877476,0.05984453,0.0009183786,-0.03267075,-0.13510163,-0.025250077,0.11249562,0.055682395,-0.10010896,-0.02809988,0.036850374,0.09727147,-0.015959518,0.0062891934,-0.012187944,-0.024537375,0.042695694,0.11672913
-0.03604532,0.054261796,0.008493612,0.021235717,-0.039930835,-0.10925914,0.014931336,0.014608949,0.044023,0.052850775,0.025004137,0.018077513,0.034498785,0.009224273,0.12909332,0.06113024,-0.00075691985,-0.032767266,-0.13731718,-0.024354717,0.11236827,0.055573,-0.1010561,-0.026433513,0.036699273,0.09738925,-0.016808648,0.006557918,-0.012834431,-0.02312975,0.042310014,0.11781669
-0.035681263,0.054104205,0.008832935,0.021840237,-0.039372213,-0.10859907,0.015166214,0.013985729,0.043955892,0.05318233,0.024850061,0.017421532,0.036166586,0.009086644,0.12811886,0.06258913,-0.0022504595,-0.032558583,-0.13830976,-0.023426281,0.11217269,0.055561434,-0.10171447,-0.025745805,0.036636017,0.097593956,-0.017071204,0.0065872194,-0.013224152,-0.022393083,0.0412045,0.11845913
-0.03598941,0.054220255,0.008656517,0.022559714,-0.039174534,-0.10818355,0.0147608295,0.013343047,0.043913946,0.05317391,0.025148133,0.016995054,0.036165588,0.009241698,0.12739,0.06279845,-0.0022710473,-0.03236229,-0.13755564,-0.023231553,0.112252146,0.055619232,-0.10148152,-0.026118517,0.03656123,0.09767026,-0.016627058,0.006463156,-0.012962413,-0.022783427,0.040682144,0.11810314
-0.036137864,0.054377772,0.008453947,0.021923129,-0.03966322,-0.10869169,0.014325513,0.0140948035,0.043955527,0.05274269,0.025018908,0.017805379,0.034794208,0.009458883,0.12825088,0.061426006,-0.0008457103,-0.032607533,-0.13673815,-0.024167884,0.112253316,0.055598624,-0.100974604,-0.026863601,0.036785237,0.09750921,-0.016581647,0.0064534154,-0.012713137,-0.023394963,0.041739233,0.11763764
-0.035777792,0.054092363,0.009088002,0.021784566,-0.039106928,-0.108397216,0.015442364,0.014759118,0.044180572,0.053625435,0.024222441,0.017802533,0.035815157,0.0095570665,0.1281353,0.06220397,-0.0014784937,-0.032026105,-0.1370915,-0.023681995,0.111651875,0.05564066,-0.10122512,-0.026958518,0.03660329,0.09783066,-0.016866913,0.006332605,-0.01370334,-0.023203298,0.041286796,0.1183344
-0.036203854,0.054563552,0.008433634,0.021748746,-0.039917167,-0.10879158,0.014196683,0.014378266,0.04395081,0.052572362,0.024895929,0.018045465,0.034299336,0.009590238,0.12854838,0.06089794,-0.00030340487,-0.032603763,-0.13639984,-0.024563396,0.11225009,0.05559946,-0.10078624,-0.027227286,0.036823258,0.09742664,-0.016487455,0.0064207464,-0.01271521,-0.023709306,0.042113304,0.11746824
-0.036827236,0.05428575,0.008076435,0.022392586,-0.039669827,-0.108870246,0.014157116,0.013052264,0.043945655,0.052970335,0.026120827,0.017135037,0.034273237,0.00900374,0.12784818,0.06164148,-0.0011562002,-0.032693945,-0.1364766,-0.023945473,0.11305059,0.05583629,-0.10075589,-0.026422419,0.036473546,0.09724431,-0.015948482,0.0064260717,-0.011749907,-0.023164466,0.041438647,0.117168486
-0.036678262,0.05419712,0.008113923,0.02214414,-0.039737377,-0.10902566,0.014317678,0.013153933,0.043924943,0.052944668,0.02611478,0.017193008,0.03440648,0.00884302,0.12806699,0.061697066,-0.0013436773,-0.032833666,-0.1369792,-0.023931727,0.11308517,0.05580414,-0.10094727,-0.026035763,0.03649602,0.09719628,-0.016171947,0.0065133385,-0.011787287,-0.022850988,0.041562926,0.11734515
-0.036736265,0.055128366,0.008259507,0.022724155,-0.03979662,-0.10807842,0.013186038,0.0142425615,0.04400626,0.052379664,0.024605228,0.018138645,0.033512216,0.010517418,0.12774377,0.060222376,0.0010024426,-0.032055996,-0.13397382,-0.024976987,0.11191443,0.055662025,-0.0998835,-0.029301826,0.03690295,0.09764699,-0.015608917,0.0060275886,-0.012690091,-0.025389291,0.041873284,0.11662631
-0.03554313,0.053834226,0.009058092,0.021266727,-0.0392197,-0.108792365,0.01580317,0.014828829,0.044115104,0.05351522,0.024473207,0.017790455,0.035976484,0.009172367,0.12862939,0.06231401,-0.001876202,-0.032355845,-0.1380507,-0.023569215,0.11181909,0.055560537,-0.101529524,-0.026031658,0.036605734,0.09773141,-0.017262587,0.0065491665,-0.013599415,-0.022551252,0.041506,0.1185779
-0.036017857,0.053555403,0.007912494,0.02133695,-0.039590545,-0.10970789,0.0150523335,0.01294422,0.043777004,0.053788494,0.026810255,0.016444853,0.033691917,0.008634464,0.12749325,0.061478633,-0.0014923536,-0.032716934,-0.13649262,-0.023112118,0.11356103,0.055644177,-0.101157725,-0.025984246,0.035278562,0.09682185,-0.015950367,0.0071578976,-0.011959449,-0.02256443,0.041277193,0.117669284
-0.036121972,0.054180644,0.008621255,0.022680018,-0.039077297,-0.108174965,0.014811508,0.013228549,0.043954298,0.053299718,0.025254468,0.01690867,0.03611375,0.009231277,0.12724622,0.06285252,-0.0022600186,-0.032291226,-0.13733676,-0.023184821,0.112312794,0.055659104,-0.101357,-0.026180454,0.03647116,0.0976828,-0.016478289,0.006411638,-0.012878993,-0.022876617,0.04059931,0.118011214
-0.037210356,0.05529685,0.00787884,0.022558559,-0.040231112,-0.108433366,0.012568656,0.014305225,0.0439957,0.052037273,0.024990594,0.01846088,0.032085747,0.010552982,0.12811145,0.059111573,0.0021507102,-0.0322591,-0.13294956,-0.025732432,0.112257935,0.055756412,-0.09932233,-0.029875152,0.03697431,0.09739385,-0.015210737,0.0059735607,-0.012014589,-0.025946569,0.04256078,0.11591884
-0.03673719,0.054694884,0.008207116,0.022337303,-0.03989745,-0.10864781,0.013768461,0.013739403,0.043970138,0.052705135,0.02534996,0.017727073,0.033854946,0.009564193,0.12799582,0.06087526,-0.0001622471,-0.032498185,-0.13564391,-0.024594266,0.11261139,0.055780612,-0.10048257,-0.027564704,0.036682546,0.09731342,-0.015902542,0.0062711285,-0.012197376,-0.023999162,0.041869145,0.11702286
-0.03668934,0.054930553,0.008261295,0.02251131,-0.039828915,-0.10832893,0.013465481,0.0141023565,0.043997087,0.0525158,0.024859719,0.018011808,0.03369648,0.010129379,0.12789115,0.060496047,0.0005146335,-0.03224677,-0.13472238,-0.024816964,0.11216263,0.05569669,-0.10015438,-0.028567202,0.03682652,0.097524,-0.015785357,0.0061373618,-0.012538227,-0.024792846,0.041895587,0.11683387
-0.036382183,0.054033253,0.008210665,0.021458723,-0.03970595,-0.109067574,0.015380815,0.015292274,0.044365972,0.054111127,0.024322297,0.018571038,0.033943623,0.009200763,0.12922992,0.06087924,0.00012819236,-0.032042667,-0.13607414,-0.02452145,0.111853644,0.05579322,-0.10084211,-0.027768407,0.036398042,0.09785478,-0.016698107,0.005967956,-0.013578282,-0.024685968,0.04230387,0.11757509
-0.036680833,0.054718032,0.008120462,0.021743974,-0.040216587,-0.109105326,0.013826586,0.0143990405,0.044024616,0.05251336,0.025151707,0.01831636,0.033184763,0.009633457,0.12876016,0.060100347,0.0005820687,-0.032696232,-0.1355229,-0.025118655,0.11254892,0.055706967,-0.10030969,-0.027778,0.03679748,0.09725211,-0.016069606,0.006310636,-0.012264944,-0.024250697,0.04263261,0.11692214
-0.036587223,0.054786447,0.008177659,0.02183928,-0.040117018,-0.108905405,0.013695717,0.014402265,0.04397597,0.05232699,0.025062006,0.018263642,0.03333424,0.009847207,0.12865037,0.06013166,0.0006375476,-0.032604486,-0.13531248,-0.025036935,0.11237567,0.055640012,-0.10022273,-0.027993765,0.036849573,0.09735104,-0.016052455,0.0063116755,-0.012349938,-0.024421675,0.04247486,0.11689337
-0.036669467,0.05470852,0.008172218,0.02173002,-0.04017166,-0.1090761,0.013794491,0.014384868,0.04401478,0.052486684,0.025166225,0.018287236,0.03322544,0.0096443165,0.12872513,0.06013527,0.0005553388,-0.03267871,-0.13551323,-0.02509226,0.112547934,0.055715773,-0.10028067,-0.027778529,0.036795117,0.09724352,-0.0160551,0.0063165873,-0.012221453,-0.024203114,0.042587876,0.116931826
-0.03658899,0.054673642,0.008218488,0.02167228,-0.04010676,-0.109035335,0.0139086,0.014525516,0.044022158,0.05248979,0.02507322,0.018306285,0.033293575,0.009731028,0.1287945,0.060144324,0.00058192713,-0.03261143,-0.13545132,-0.025034558,0.11240597,0.05567626,-0.10025872,-0.027861416,0.036810175,0.09732646,-0.016112037,0.006322288,-0.012359337,-0.024277307,0.042552885,0.11696615
-0.036902964,0.055059068,0.008298956,0.023933174,-0.039169095,-0.10718279,0.012977598,0.013156192,0.043972015,0.052833878,0.024822796,0.017241344,0.03455322,0.010513239,0.12625697,0.061470896,-6.046379e-05,-0.031653315,-0.13375537,-0.024127997,0.11187227,0.05579573,-0.1001164,-0.029296122,0.036774747,0.09786916,-0.0152950045,0.0058748666,-0.012664723,-0.025267787,0.040522575,0.116682224
-0.036639377,0.05466708,0.008172091,0.021981956,-0.039999045,-0.10885186,0.0137209445,0.014160771,0.04398773,0.05251284,0.025199866,0.018097261,0.033524677,0.009678147,0.12840146,0.060428433,0.00031101564,-0.03261266,-0.1354812,-0.024864169,0.112474196,0.055705708,-0.1003464,-0.027761787,0.03680908,0.097334705,-0.016051203,0.0063071093,-0.012240495,-0.02417862,0.04226184,0.11695559
-0.03691232,0.054611493,0.008075766,0.022519797,-0.039787143,-0.10864426,0.01369549,0.013436232,0.043973006,0.05275175,0.0256707,0.017524399,0.033756845,0.009510773,0.12781906,0.06097909,-0.0002296255,-0.0324986,-0.13542114,-0.024441361,0.112746514,0.055817574,-0.10036341,-0.027525451,0.03662248,0.09732246,-0.01573256,0.0062626638,-0.011935123,-0.024017192,0.041690387,0.11685451
-0.03622301,0.054306284,0.008554673,0.02162437,-0.039534397,-0.10880001,0.014590569,0.014796669,0.044126637,0.05293923,0.02471831,0.018181978,0.03424195,0.009809731,0.12863837,0.060911413,-7.662224e-05,-0.032327883,-0.13580672,-0.024391863,0.11191726,0.05560926,-0.10047972,-0.027706377,0.03677395,0.097673826,-0.016451012,0.0063352147,-0.012940721,-0.02401499,0.04201423,0.117452376
-0.035825223,0.05411408,0.009007597,0.021610558,-0.039297014,-0.108660236,0.015377607,0.014721837,0.044167243,0.053526845,0.024388539,0.017882418,0.035597257,0.009409547,0.12838484,0.06205685,-0.0014539235,-0.032228738,-0.13737282,-0.023791919,0.11186984,0.055651404,-0.10126798,-0.0267126,0.03661055,0.09769078,-0.016890254,0.0063975044,-0.0135051785,-0.02301095,0.041529074,0.11832351
-0.036555782,0.05449626,0.008091245,0.021595374,-0.040060364,-0.109168924,0.014330201,0.014709689,0.04410298,0.05273605,0.025045056,0.018358955,0.033282414,0.009694263,0.12901406,0.06018074,0.0005513341,-0.032595403,-0.13548526,-0.024903245,0.11227384,0.055620953,-0.10033385,-0.027789861,0.036787793,0.097480685,-0.016253486,0.0063281767,-0.012606376,-0.024382528,0.04258644,0.117006436
-0.0356211,0.053911265,0.009072619,0.021414768,-0.03920748,-0.10876045,0.015778022,0.014740782,0.044150278,0.05360476,0.024407653,0.017800095,0.036034998,0.009175347,0.1284421,0.062365055,-0.0018807189,-0.03231577,-0.13800788,-0.023623291,0.111881115,0.05559396,-0.10150036,-0.026094124,0.036536537,0.09770133,-0.017155923,0.0064815097,-0.013620607,-0.022623533,0.04149989,0.11857917
-0.035887696,0.05403674,0.008515457,0.022429708,-0.039143264,-0.10836971,0.014952827,0.013135856,0.043841995,0.053013124,0.025445886,0.016857266,0.03639246,0.008990329,0.12742478,0.062952295,-0.0025420212,-0.032588862,-0.13802569,-0.023126835,0.1124164,0.05551766,-0.10157115,-0.02542185,0.03648242,0.097642116,-0.016791873,0.006576577,-0.012804302,-0.022512693,0.040727507,0.11813333
-0.03528993,0.05290318,0.007600477,0.020806199,-0.039461628,-0.110270634,0.01576364,0.012011051,0.043432333,0.05415719,0.028008878,0.015194584,0.033864986,0.008069532,0.12695217,0.062057983,-0.0026918375,-0.0329251,-0.13730063,-0.021823185,0.11424615,0.05538626,-0.10180981,-0.024662264,0.034263358,0.09648359,-0.016018387,0.007938687,-0.011836023,-0.021528948,0.04059045,0.1181408
-0.035924986,0.054327335,0.00889154,0.02238371,-0.039130766,-0.10813595,0.014908537,0.014048314,0.044065624,0.053362176,0.02449263,0.017473781,0.03599622,0.009602004,0.12757047,0.062436,-0.0016887584,-0.03209641,-0.1370171,-0.023543775,0.11186199,0.0556248,-0.10125153,-0.026919179,0.036600534,0.0977919,-0.016621767,0.006313432,-0.013442953,-0.023290448,0.040953305,0.118158
-0.035581693,0.053991538,0.008884935,0.021234287,-0.039556652,-0.10896602,0.015395632,0.014570387,0.044005908,0.053174112,0.024705073,0.017823193,0.035758656,0.009006798,0.12875235,0.062122088,-0.0018690028,-0.032681756,-0.1384279,-0.023762269,0.1121259,0.05555224,-0.101675846,-0.025715496,0.036699206,0.09751906,-0.017291997,0.0066438857,-0.0132778855,-0.02232493,0.04174288,0.118508555
-0.03604048,0.05414271,0.008851519,0.021588724,-0.039319254,-0.108700804,0.015133478,0.014888639,0.04419999,0.053401228,0.024477689,0.018046541,0.034910858,0.009642428,0.12851375,0.06150923,-0.0007363367,-0.032161154,-0.13643798,-0.024057575,0.11180572,0.055662714,-0.100818835,-0.027346306,0.03666211,0.09773337,-0.016650561,0.0063279895,-0.013309191,-0.02356787,0.04172473,0.11790691
-0.03716354,0.054972067,0.008264689,0.024302682,-0.038936995,-0.107105464,0.013167892,0.012651155,0.04401891,0.05316054,0.025210839,0.016778076,0.034719758,0.010388993,0.12588474,0.06194956,-0.00050322386,-0.031494506,-0.13367751,-0.023719627,0.112095535,0.05589814,-0.10004894,-0.02912525,0.036541022,0.09788217,-0.014982263,0.0058232546,-0.012464653,-0.025158934,0.040071364,0.11662489
-0.03575943,0.0541728,0.008731507,0.021309536,-0.03979613,-0.109039016,0.015027758,0.014422841,0.043963566,0.052972734,0.024842763,0.01789048,0.035343785,0.008995596,0.12875414,0.061784253,-0.0015553948,-0.032802314,-0.13821392,-0.024058582,0.1123371,0.055587545,-0.101563685,-0.025843136,0.036725257,0.09736897,-0.017119616,0.006622091,-0.01301182,-0.02247635,0.041964,0.11827769
-0.036049947,0.054431748,0.008540029,0.022013204,-0.039535023,-0.10843698,0.014173521,0.014393143,0.043993697,0.052732486,0.024618942,0.018022202,0.034810178,0.009780939,0.12811393,0.061276704,-0.0004977868,-0.03242959,-0.13620403,-0.024274804,0.11188654,0.055564746,-0.10084531,-0.027483247,0.036913686,0.09767749,-0.01660673,0.0063612703,-0.012991357,-0.02380897,0.041698277,0.11759903
-0.036301896,0.054554783,0.00841446,0.021596394,-0.040007055,-0.10897807,0.014288697,0.014468543,0.043987118,0.052627195,0.024976658,0.018115206,0.034028832,0.009524089,0.12875237,0.060722616,-0.00015832065,-0.0326311,-0.1363624,-0.024683353,0.11236575,0.055638786,-0.100694515,-0.027217407,0.036767207,0.09734917,-0.016419565,0.0064176265,-0.012619185,-0.023708925,0.04230494,0.117410086
-0.03631951,0.05437167,0.008630484,0.022475928,-0.039316595,-0.10834815,0.0146377385,0.013667297,0.044045277,0.053297877,0.02505628,0.01731292,0.035339583,0.009438291,0.12761569,0.062167093,-0.0014799838,-0.03222277,-0.13669288,-0.023672435,0.11229393,0.05573672,-0.10102626,-0.02688948,0.036519885,0.09759565,-0.016271695,0.006313336,-0.012856328,-0.02332292,0.041068655,0.11778044
-0.03662479,0.054333854,0.008496262,0.022275625,-0.039485097,-0.10868111,0.014547523,0.013773434,0.044126056,0.053397812,0.025269024,0.017522812,0.03458984,0.009308731,0.12786505,0.061680824,-0.0009966386,-0.03231837,-0.13631094,-0.024037492,0.11255263,0.055861693,-0.10076131,-0.02705533,0.036476508,0.09742266,-0.016072646,0.006265806,-0.012490005,-0.023428757,0.041475214,0.11751023
-0.03562355,0.053671986,0.00912446,0.020912297,-0.03925258,-0.10916294,0.016139764,0.015073827,0.04423727,0.05382139,0.024530478,0.017951118,0.035737902,0.008976759,0.12901299,0.062247623,-0.0018865713,-0.032409854,-0.13828735,-0.02360208,0.11195665,0.05565097,-0.10152502,-0.025860846,0.03652607,0.09764011,-0.017298892,0.0065663867,-0.013536929,-0.022289181,0.041755162,0.11868653
-0.036884613,0.05482806,0.008173944,0.021983791,-0.040026866,-0.10878279,0.013550393,0.014612006,0.044097073,0.052555844,0.024940412,0.018419458,0.032762673,0.010091813,0.12851673,0.05974518,0.0012749,-0.032326713,-0.13423091,-0.02529513,0.1122526,0.055766143,-0.09979349,-0.028864898,0.036833197,0.09740638,-0.015710207,0.0061222212,-0.012306715,-0.02501424,0.042522818,0.11656462
-0.037087142,0.054659013,0.0079914,0.022738794,-0.039715208,-0.10855295,0.013544634,0.013289914,0.043990314,0.052755676,0.025785714,0.017439919,0.03356782,0.009635884,0.12764518,0.060914025,-4.6784524e-05,-0.032400943,-0.13492543,-0.024426833,0.112761766,0.055844232,-0.10014387,-0.027836055,0.03658922,0.097362906,-0.0154997995,0.00619693,-0.011813012,-0.02430054,0.04157885,0.11664011
-0.03543132,0.054149322,0.008737061,0.02194525,-0.039444387,-0.108456224,0.015115548,0.013705434,0.043779343,0.0528074,0.024846768,0.017281998,0.036704957,0.008924487,0.12781172,0.06275618,-0.0025275783,-0.032751672,-0.13884401,-0.023508461,0.11222563,0.055405773,-0.101964034,-0.025117718,0.036620576,0.09755597,-0.017303018,0.0066558328,-0.013282242,-0.022261627,0.041201063,0.11854266
-0.036701918,0.054586176,0.008429011,0.023293335,-0.039169867,-0.10783249,0.013979133,0.013060201,0.044003785,0.053239714,0.02527242,0.016976418,0.035123777,0.00971235,0.12680958,0.06217962,-0.0012358432,-0.03198331,-0.1355825,-0.023634769,0.11232388,0.05582606,-0.10069957,-0.027615193,0.036518164,0.09766777,-0.015736172,0.006134944,-0.012562805,-0.023929676,0.040583503,0.117296174
-0.036114533,0.054192223,0.008609852,0.022666465,-0.0389921,-0.10817722,0.014888056,0.013371065,0.04398577,0.053244155,0.02516954,0.01698858,0.03606329,0.009413251,0.12729174,0.06273149,-0.0020171185,-0.032210886,-0.13701507,-0.023209717,0.112182,0.055593118,-0.10114705,-0.026421227,0.036441386,0.09778399,-0.01641985,0.0063774204,-0.012986046,-0.02318669,0.040648073,0.117923126
-0.03618026,0.054429702,0.0084526725,0.021804044,-0.03973707,-0.10878224,0.014305856,0.014302973,0.043990612,0.05271439,0.024928158,0.017984526,0.03452567,0.009549009,0.12842426,0.061151054,-0.00052589783,-0.032592855,-0.13650379,-0.024356857,0.11222016,0.05560044,-0.10082987,-0.027106076,0.0367987,0.09749581,-0.016533792,0.0064239483,-0.01273298,-0.023588317,0.041948844,0.11755491
-0.03631137,0.053657033,0.007911701,0.021738198,-0.039570734,-0.10949102,0.014862206,0.0126364995,0.043791972,0.05349631,0.026911333,0.016430711,0.034215882,0.008455958,0.12761298,0.061942495,-0.0019318,-0.032879252,-0.13711849,-0.023136055,0.11358487,0.055721574,-0.10123628,-0.02543236,0.03569484,0.096933804,-0.016070167,0.0069814697,-0.011661188,-0.022277629,0.041160382,0.117596924
-0.037271522,0.055639356,0.008119181,0.02368924,-0.039743923,-0.1073399,0.012135092,0.014036432,0.04404621,0.05231749,0.024319364,0.018210445,0.03277669,0.0112171015,0.12682638,0.059632912,0.0021149027,-0.03156916,-0.13182661,-0.025466697,0.11168574,0.055814546,-0.09919819,-0.031146374,0.037005685,0.09775534,-0.0148209315,0.005636437,-0.012588232,-0.026770566,0.041633163,0.11588055
-0.035392117,0.05386564,0.0090441555,0.0211518,-0.03950426,-0.10902294,0.015727418,0.014489332,0.04400859,0.053422384,0.0246301,0.017735803,0.03637207,0.008707682,0.12868956,0.06264103,-0.0025556372,-0.032747217,-0.13935636,-0.023533251,0.1121953,0.05557191,-0.10210629,-0.025069091,0.036643166,0.097468615,-0.017569631,0.006714437,-0.013447133,-0.021709537,0.041611318,0.11892674
-0.0353722,0.053902145,0.00899375,0.021250077,-0.039495353,-0.108949296,0.01580121,0.014370751,0.043953873,0.05332516,0.024652004,0.017636854,0.036523465,0.008689625,0.12851475,0.06266616,-0.0025612847,-0.032717906,-0.13933292,-0.023599574,0.11221719,0.055515006,-0.10206329,-0.024939489,0.03655189,0.09747301,-0.017540077,0.0066973865,-0.013485012,-0.021836955,0.04159864,0.11886464
-0.036225125,0.054475952,0.008537276,0.021667527,-0.03984783,-0.10883053,0.014431354,0.014509311,0.044021882,0.05282909,0.024821494,0.018067114,0.034327295,0.009524693,0.12858085,0.0609786,-0.0003788327,-0.032512873,-0.13644181,-0.02453433,0.11223264,0.055662386,-0.10080355,-0.02722361,0.036759168,0.09742688,-0.016492983,0.006386866,-0.012798035,-0.023621688,0.042105746,0.117563576
-0.036706433,0.0547099,0.008240249,0.021923259,-0.03991507,-0.10879123,0.013732649,0.014599122,0.04409095,0.052597784,0.024899714,0.018369839,0.03316926,0.0100111365,0.12851015,0.06005289,0.00091202697,-0.032380827,-0.13468766,-0.025069408,0.112191156,0.055713266,-0.09999401,-0.02852565,0.036840416,0.097464554,-0.015916487,0.0061868513,-0.012434521,-0.024736563,0.042399146,0.116789885
-0.03676423,0.054386016,0.008155771,0.022838604,-0.039391585,-0.10834722,0.013888024,0.013061209,0.043956295,0.052976094,0.025751716,0.017122746,0.034565818,0.009413572,0.12732393,0.061777323,-0.0010185414,-0.032404065,-0.13581158,-0.023835136,0.11263471,0.055799052,-0.10064547,-0.027125254,0.036584184,0.097497106,-0.015869772,0.0062950505,-0.01205423,-0.023656206,0.041042745,0.11711085
-0.03516368,0.052384473,0.007526066,0.020089384,-0.039409984,-0.11051096,0.015623085,0.0128100775,0.043639794,0.053873677,0.027503602,0.016544463,0.033131357,0.007928187,0.12787324,0.061355725,-0.001942039,-0.032906003,-0.13674307,-0.022769995,0.11404176,0.055781357,-0.101280674,-0.025424905,0.03520958,0.0965202,-0.016215026,0.0075587817,-0.012235642,-0.021897782,0.04143837,0.118101306
-0.036385424,0.05445808,0.009016348,0.022458341,-0.038971793,-0.10789034,0.014734931,0.014908427,0.044344857,0.053799085,0.023925986,0.018018506,0.034784373,0.010300176,0.1275839,0.06145539,-0.00014742045,-0.031436995,-0.13470906,-0.02416338,0.111358866,0.05582972,-0.10032823,-0.028995756,0.036637574,0.09798752,-0.016032591,0.00592341,-0.013646889,-0.02467213,0.04120045,0.11757017
-0.03621871,0.054377373,0.008599706,0.023100097,-0.038967386,-0.10776958,0.014393829,0.013199244,0.04395535,0.053211715,0.025026761,0.01693884,0.036010716,0.009626158,0.12683511,0.062700465,-0.0018525035,-0.032056063,-0.13646184,-0.02328118,0.112059034,0.055658057,-0.10110514,-0.026988242,0.03656257,0.09782788,-0.016244147,0.006266418,-0.012982448,-0.0234935,0.040397957,0.11776601
-0.037140153,0.054984484,0.008005781,0.022150991,-0.040169016,-0.108774,0.013216337,0.014575943,0.044118382,0.052498776,0.024984255,0.018538745,0.032218505,0.010211267,0.12845062,0.059330307,0.001791283,-0.03230526,-0.13358209,-0.025606476,0.11232889,0.055822726,-0.09953999,-0.029351845,0.03685799,0.097354524,-0.015448304,0.0060225157,-0.012132435,-0.025447436,0.042695895,0.116234586
-0.036200777,0.054486047,0.008486807,0.022125063,-0.0395097,-0.108436584,0.014106117,0.0143401865,0.04402773,0.052753285,0.024687864,0.01800831,0.034605995,0.009880383,0.1280625,0.061172202,-0.00030396366,-0.032357782,-0.13583378,-0.024304872,0.11192012,0.055588327,-0.10064471,-0.027737554,0.036865167,0.0976902,-0.016410021,0.0063056443,-0.012910384,-0.024043936,0.041692257,0.11743973
-0.03701306,0.0555094,0.00826682,0.023637759,-0.039669126,-0.107261986,0.012366934,0.013974622,0.044007204,0.052438967,0.024217308,0.018084377,0.03340536,0.010993444,0.1267254,0.06011782,0.0014779833,-0.031629607,-0.13262981,-0.0252149,0.1116477,0.05579838,-0.09963469,-0.030574799,0.03702092,0.097760335,-0.015140842,0.00571753,-0.0127791995,-0.026232649,0.041429386,0.1162645
-0.037378564,0.054998215,0.0075233243,0.02224405,-0.040415645,-0.10901858,0.013168661,0.01462237,0.0441863,0.052568004,0.025093459,0.01877844,0.03154975,0.010198844,0.1287025,0.058841813,0.0023425785,-0.032434084,-0.13311899,-0.02587206,0.112382375,0.05578714,-0.09943329,-0.02961908,0.03688449,0.097420186,-0.015383893,0.0059484933,-0.01212263,-0.026028246,0.043049406,0.11588121
-0.036481954,0.055103593,0.008790784,0.023821644,-0.03897435,-0.10682642,0.01326948,0.0139413085,0.044098414,0.05317638,0.023744687,0.017689329,0.035191488,0.010824222,0.12616223,0.061628282,-5.3229276e-05,-0.031319596,-0.13385642,-0.024214022,0.11121014,0.055774808,-0.10035749,-0.029843368,0.036908716,0.098089986,-0.015660293,0.0057453755,-0.013583138,-0.025399344,0.04049076,0.117193736
-0.03708384,0.05549202,0.008315118,0.02377997,-0.03955715,-0.107213765,0.012540871,0.013822559,0.04404155,0.05262386,0.024290768,0.017897613,0.03357251,0.0109652225,0.12658417,0.060374867,0.0012400909,-0.03151712,-0.13266881,-0.025015026,0.11169991,0.055836037,-0.09963404,-0.030510075,0.03690079,0.097782284,-0.0150264995,0.0056874705,-0.012803744,-0.026179403,0.041224606,0.11631364
-0.03621897,0.053773552,0.007827939,0.02120309,-0.03987074,-0.10981716,0.014670568,0.013312779,0.04381153,0.05342006,0.026636682,0.016948411,0.033096343,0.008797496,0.12795028,0.06080192,-0.00071688974,-0.032840285,-0.13608027,-0.02373917,0.113497846,0.05566089,-0.10084607,-0.026418895,0.03556953,0.09679251,-0.015916638,0.0070366394,-0.011798984,-0.022979552,0.041840404,0.11734775
-0.037285775,0.055263612,0.007810021,0.02274926,-0.040114775,-0.108370915,0.012492504,0.014078343,0.043997012,0.052055452,0.025137374,0.018325094,0.032155655,0.0105656255,0.127911,0.059261926,0.0020506154,-0.03224647,-0.13283141,-0.025579613,0.11229776,0.055759415,-0.09927057,-0.029872596,0.036947455,0.09743619,-0.015117032,0.005961336,-0.011908044,-0.025976753,0.042377725,0.11584873
-0.035534486,0.053698134,0.009085022,0.02112663,-0.039228432,-0.10906824,0.015993677,0.01476465,0.044184268,0.053745907,0.024496958,0.017897341,0.03618617,0.00883102,0.12861629,0.06252408,-0.0022045285,-0.03255592,-0.13871336,-0.023591397,0.11205749,0.055616803,-0.1017463,-0.025477327,0.036518585,0.09759312,-0.017407946,0.006568796,-0.013527577,-0.02209113,0.041671693,0.118811816
-0.036948957,0.054767657,0.008218054,0.022159934,-0.03975296,-0.108566284,0.013513032,0.014772633,0.044189334,0.052727774,0.02474739,0.01849589,0.032709476,0.010370769,0.12829335,0.05971558,0.001554824,-0.032079943,-0.13350399,-0.025244124,0.11196457,0.055784207,-0.099537216,-0.029487506,0.036863387,0.09760285,-0.015586652,0.0060022213,-0.012447082,-0.0254391,0.04234081,0.11643984
-0.036976546,0.0541611,0.007956922,0.02217684,-0.039653845,-0.10915977,0.014208645,0.013205072,0.04403262,0.05331716,0.026288323,0.017196042,0.0334203,0.009088907,0.1277928,0.06111125,-0.00054352963,-0.032561865,-0.13553761,-0.024068981,0.11319788,0.055902794,-0.10038748,-0.027034935,0.036149837,0.09712537,-0.015595926,0.0064475313,-0.011622456,-0.023549663,0.041629113,0.11692725
-0.036875345,0.05535221,0.008103205,0.022487093,-0.04031178,-0.10897413,0.012977663,0.013753835,0.04460089,0.052657828,0.024833199,0.018835582,0.03267597,0.009713352,0.12808956,0.059538756,0.0015468276,-0.032325312,-0.13393101,-0.026358001,0.11269777,0.05621534,-0.0996457,-0.029220976,0.03699319,0.097455665,-0.015433417,0.0060485303,-0.012423924,-0.025854148,0.043235887,0.11618125
-0.037324805,0.054319583,0.0078597795,0.022652157,-0.03957814,-0.10891505,0.013900885,0.012911519,0.044052884,0.05307752,0.026431086,0.017126355,0.03348757,0.009203561,0.12770918,0.06124112,-0.0005026073,-0.03253284,-0.13526627,-0.02409499,0.11318009,0.055948913,-0.10014101,-0.027156413,0.03637286,0.09725984,-0.015396292,0.0062686466,-0.011354598,-0.023802621,0.041464318,0.11661779
-0.0370693,0.055001903,0.008092379,0.022640789,-0.03992697,-0.10843125,0.013225934,0.013941802,0.044041008,0.05256834,0.02513664,0.018007932,0.033057082,0.010118427,0.12783861,0.060152277,0.0009281733,-0.032227695,-0.13409692,-0.02505273,0.112410516,0.055818886,-0.09983151,-0.028895997,0.036752574,0.09740374,-0.015413154,0.0060460903,-0.0121569475,-0.025072917,0.042033672,0.1164653
-0.037004616,0.054491494,0.007998047,0.022033066,-0.039977007,-0.109147854,0.013885822,0.013699837,0.044031955,0.05276668,0.025858808,0.017769478,0.033231027,0.009313924,0.12838556,0.060587026,5.161902e-05,-0.032700546,-0.1355555,-0.024687931,0.11296445,0.05584608,-0.10024294,-0.02731032,0.036579177,0.097170986,-0.01577032,0.0063257404,-0.011707879,-0.023878185,0.042190664,0.11678768
-0.03699071,0.054540653,0.008208532,0.023105524,-0.039263442,-0.10818345,0.013885651,0.013137881,0.044062458,0.053157263,0.025602773,0.017131153,0.034340344,0.009738892,0.12714678,0.061652273,-0.0006452915,-0.032077022,-0.13499168,-0.02387219,0.11251081,0.055854373,-0.10026768,-0.027864542,0.036477268,0.09760013,-0.015491465,0.006123541,-0.012175777,-0.024233637,0.04093721,0.11690905
-0.036653504,0.054737143,0.008434968,0.022489663,-0.039585903,-0.10831922,0.013850633,0.014195481,0.044109017,0.052942574,0.02473637,0.017974071,0.034027494,0.010033896,0.12778735,0.060867183,0.0001742444,-0.03210947,-0.13492797,-0.02458068,0.11208325,0.05576262,-0.10025864,-0.028451383,0.03673231,0.09759597,-0.015855879,0.006098047,-0.012722009,-0.024571078,0.041707374,0.11707261
-0.036397114,0.054572783,0.008647701,0.02232844,-0.039458092,-0.10833666,0.014301306,0.014297778,0.0441339,0.053182326,0.024567707,0.01791042,0.034640092,0.00985235,0.12782887,0.061345905,-0.00042059878,-0.032102592,-0.13570483,-0.024295814,0.11200083,0.055744678,-0.10061588,-0.027941957,0.036685452,0.097636215,-0.016157947,0.006163381,-0.0130164055,-0.02408003,0.041558325,0.11750382
-0.037138283,0.05520445,0.007936543,0.022424806,-0.040214647,-0.10855746,0.01277807,0.0143324565,0.044017762,0.05214619,0.024997154,0.018460901,0.032264747,0.010406712,0.12820655,0.059277646,0.0019031684,-0.032322757,-0.13336092,-0.025639921,0.11231296,0.055759598,-0.09946586,-0.029557083,0.036934197,0.09736483,-0.015333952,0.006016718,-0.012055569,-0.025669653,0.042583574,0.11609255
-0.03675229,0.054515466,0.008371266,0.023031343,-0.039125152,-0.108025886,0.013959732,0.013506362,0.04409977,0.053186886,0.025157688,0.01735263,0.03461908,0.009949245,0.1271445,0.061682012,-0.00056863064,-0.031967334,-0.134942,-0.02386497,0.11213915,0.055784892,-0.10031993,-0.02814056,0.03659103,0.09776585,-0.015703116,0.0060970783,-0.012568503,-0.024367731,0.040912036,0.11708492
-0.03731233,0.054961406,0.007928759,0.023056867,-0.039704215,-0.108190484,0.012854166,0.013653712,0.044063203,0.052605018,0.025317654,0.017883372,0.03284814,0.01028,0.12738001,0.06013625,0.0011568428,-0.03210903,-0.13326827,-0.02498549,0.1123684,0.055873,-0.09954958,-0.02937901,0.036785785,0.097512335,-0.015137161,0.0059420224,-0.011911561,-0.025453467,0.041747496,0.11612752
-0.036634065,0.054712556,0.008301424,0.022291178,-0.039689288,-0.10850066,0.013737578,0.014281735,0.04407107,0.052685734,0.024866536,0.018099641,0.03374602,0.01005455,0.12806287,0.060574576,0.00044010347,-0.032272495,-0.13485432,-0.024704717,0.11211007,0.05569163,-0.10015066,-0.028421573,0.036806855,0.09758011,-0.015913365,0.0061679883,-0.0125732785,-0.02464435,0.041939683,0.116936445
-0.03633658,0.054424852,0.008697899,0.022102939,-0.03927314,-0.1083353,0.014464783,0.014797965,0.04421577,0.053228825,0.024363909,0.018143486,0.034397013,0.010128692,0.12807588,0.06106255,4.9495604e-05,-0.031933144,-0.1350727,-0.02433885,0.111638024,0.0556923,-0.10031864,-0.028472431,0.03675634,0.09784103,-0.016200632,0.006127266,-0.013207444,-0.024482453,0.041643776,0.11739434
-0.035836533,0.054363616,0.008738445,0.022599256,-0.039112225,-0.10795661,0.014680471,0.013749547,0.043936767,0.053032704,0.024597952,0.017325182,0.036230654,0.009610638,0.1272643,0.06250085,-0.001747007,-0.032198325,-0.13702193,-0.023540756,0.111861214,0.055512693,-0.10128465,-0.026722215,0.0366349,0.0978277,-0.016670402,0.006345451,-0.013370152,-0.023384245,0.040837616,0.118052356
-0.037221894,0.055346817,0.007897716,0.022705184,-0.04015997,-0.10832064,0.012507832,0.0142671615,0.044010177,0.05205708,0.024908401,0.01844813,0.032173987,0.010658339,0.12795888,0.059173778,0.0021639247,-0.032184303,-0.1327997,-0.025689393,0.11218825,0.05575136,-0.099281095,-0.030046962,0.036974162,0.09744832,-0.015151472,0.005931167,-0.0120856995,-0.02607587,0.04245714,0.11590822
-0.037302576,0.055184394,0.008211128,0.023812516,-0.03936798,-0.10748947,0.012967441,0.01331404,0.04408568,0.052956767,0.024965338,0.017428728,0.03369443,0.010551801,0.12654641,0.060895637,0.0005883393,-0.031590313,-0.13310361,-0.02452455,0.11211728,0.055923454,-0.09967412,-0.029753469,0.03663324,0.097711414,-0.014887495,0.0057633305,-0.012404292,-0.02565227,0.04094058,0.11634156
-0.037350174,0.054749,0.007887436,0.02283072,-0.039728545,-0.108560316,0.01329346,0.013397539,0.044060647,0.0527559,0.02578884,0.017612081,0.032976326,0.009854205,0.12763058,0.060467042,0.0005882154,-0.03229361,-0.13404995,-0.024699343,0.11274262,0.05590147,-0.09973371,-0.028504372,0.036596797,0.0973747,-0.015199059,0.0060765436,-0.011663527,-0.024834555,0.041739862,0.116286986
-0.037512537,0.055465735,0.007978668,0.023705903,-0.0396557,-0.10755704,0.012268843,0.013757646,0.04409083,0.05247908,0.024788678,0.018003603,0.032561816,0.011022057,0.1268417,0.05973228,0.0019909977,-0.03162106,-0.13176477,-0.025293708,0.11196307,0.05588431,-0.09905671,-0.03089635,0.036859322,0.097701445,-0.014634598,0.0056543555,-0.012224986,-0.02663335,0.04156471,0.11573258
-0.03660436,0.054366816,0.008425746,0.022783078,-0.039155453,-0.10825489,0.014353186,0.013432778,0.044072643,0.053250253,0.025331587,0.017202932,0.034954846,0.009643839,0.12737954,0.06201001,-0.0011143708,-0.032121517,-0.13580292,-0.023627985,0.11230574,0.05575619,-0.10061195,-0.027382504,0.036501043,0.097692266,-0.015923467,0.0062317364,-0.012571107,-0.023801215,0.040908165,0.1173682
-0.03737769,0.05524324,0.0078208,0.022478908,-0.040231347,-0.10857867,0.012507539,0.01443354,0.044077687,0.052147083,0.025024228,0.018642224,0.031685207,0.01056078,0.12819168,0.058843315,0.0024943412,-0.032263935,-0.13257046,-0.025919091,0.11230627,0.055823267,-0.0991136,-0.03013179,0.036970608,0.097361654,-0.0150969345,0.005915555,-0.01186701,-0.026109038,0.042754304,0.1157593
-0.03755313,0.054745488,0.007973177,0.023809547,-0.039172426,-0.10787494,0.013328221,0.012609664,0.04409086,0.05321517,0.025933279,0.01686443,0.03375985,0.009976779,0.12652373,0.06146055,-0.00018091546,-0.031823628,-0.13367656,-0.02395505,0.11267738,0.056005668,-0.09975091,-0.028690599,0.036383025,0.09760202,-0.014793968,0.0059104916,-0.011748276,-0.024930067,0.040640064,0.11630498
-0.037361063,0.054553125,0.008054493,0.023248587,-0.039332904,-0.10829602,0.013727767,0.012873277,0.04410208,0.053289246,0.025953494,0.01703115,0.033839136,0.009610394,0.12704054,0.06148002,-0.0004580659,-0.032081634,-0.13459288,-0.024005678,0.11282567,0.055997524,-0.10005208,-0.027971342,0.036369946,0.0974562,-0.015156113,0.006053417,-0.011764183,-0.024320273,0.0409921,0.11661975
-0.0371309,0.05500897,0.00798424,0.022282973,-0.040025644,-0.108607665,0.012988158,0.014577476,0.044104457,0.052338127,0.024939116,0.018557813,0.032199528,0.0104571,0.12830381,0.05926008,0.002014154,-0.032229826,-0.13311617,-0.025571555,0.11215407,0.055770203,-0.09934024,-0.0297204,0.036933165,0.09747685,-0.015376432,0.0059945574,-0.012126143,-0.02574566,0.042574547,0.11609177
-0.036932297,0.054979753,0.008152338,0.02216947,-0.04009611,-0.10866077,0.013359517,0.0144713,0.04406134,0.052469786,0.024917608,0.018367426,0.032764435,0.010152207,0.12835519,0.059727747,0.0013076025,-0.032302484,-0.13413829,-0.025354031,0.11228856,0.055773832,-0.09979217,-0.028982125,0.0368386,0.09737566,-0.015609304,0.006088895,-0.01229336,-0.025122205,0.042473745,0.11650689
-0.037752755,0.05510346,0.0076419674,0.022414088,-0.040437195,-0.108811855,0.012309857,0.014534274,0.044234417,0.05207682,0.024998294,0.01897204,0.030837707,0.010318797,0.12844682,0.0582944,0.003205297,-0.032342955,-0.13184468,-0.0262505,0.11240718,0.055988155,-0.09878544,-0.030567482,0.036943454,0.09731848,-0.014921913,0.005764557,-0.011659044,-0.026719596,0.04308655,0.11546968
-0.037443,0.055481672,0.0077826474,0.022940032,-0.04014208,-0.10816863,0.012119897,0.014283668,0.044038996,0.05197081,0.024874186,0.018559102,0.031704493,0.010947056,0.12778234,0.058791302,0.00276198,-0.032052614,-0.13185868,-0.025918309,0.11209801,0.055782896,-0.098905206,-0.030784473,0.0370304,0.097504355,-0.01485876,0.0058059646,-0.011971214,-0.02667201,0.042489003,0.11554034
-0.036375917,0.05388486,0.008566439,0.022063958,-0.039158624,-0.108860984,0.015153609,0.013628447,0.044142164,0.053639628,0.025527375,0.01724404,0.03531072,0.008968468,0.1279456,0.062421218,-0.001893804,-0.032445006,-0.13727082,-0.023394478,0.11257537,0.055797033,-0.1011078,-0.026098654,0.0363864,0.09752881,-0.016435862,0.00643742,-0.012534182,-0.022684293,0.04114765,0.1179129
-0.03605665,0.054143548,0.008755492,0.021924283,-0.03934007,-0.10866435,0.015007623,0.014133669,0.04409655,0.0533863,0.024863962,0.017621716,0.035456177,0.009261584,0.12808907,0.06213261,-0.0015720022,-0.032390326,-0.13730735,-0.02372449,0.11220157,0.055691868,-0.101231664,-0.026498847,0.036581665,0.097583875,-0.016681587,0.0064160144,-0.013036204,-0.02293723,0.041387744,0.11808613
-0.03745971,0.05557393,0.00799213,0.023377229,-0.0398866,-0.10772019,0.012140896,0.0142397955,0.044111565,0.052308746,0.024504699,0.018448064,0.03212336,0.0111498255,0.1272277,0.059154898,0.002586029,-0.031694166,-0.13154933,-0.025754496,0.11185562,0.055858046,-0.09893317,-0.031243775,0.036983687,0.09764627,-0.014721298,0.0056402087,-0.0123143615,-0.026881877,0.04206174,0.11566054
-0.037127025,0.054760523,0.008164635,0.022907859,-0.03952872,-0.10827424,0.013495017,0.013679806,0.044123374,0.0529891,0.025256103,0.01770621,0.03349859,0.010032024,0.12743196,0.060751192,0.00041175494,-0.032054424,-0.13412544,-0.024579328,0.1123772,0.055887304,-0.099887416,-0.02875267,0.036628954,0.09753843,-0.015356593,0.006001249,-0.012180577,-0.024881475,0.041530926,0.116589114
-0.03738288,0.055412244,0.007883569,0.022876585,-0.040103145,-0.10819186,0.012334319,0.014315503,0.044064768,0.052143343,0.024818901,0.018522179,0.031916674,0.010828169,0.12778708,0.058992203,0.00250259,-0.032033198,-0.13218202,-0.025823627,0.11211058,0.05581192,-0.09905557,-0.030566331,0.03698252,0.09748861,-0.014948114,0.005816644,-0.012067906,-0.026438288,0.042437367,0.115719564
-0.03687752,0.054844882,0.008189311,0.022164749,-0.03987399,-0.10859002,0.013462141,0.014619555,0.044114552,0.052563235,0.024822215,0.0184115,0.03285271,0.010287162,0.12831883,0.059794385,0.001364525,-0.03219752,-0.1338791,-0.02521718,0.1120714,0.05574227,-0.09969008,-0.029188633,0.03686765,0.0975358,-0.01565304,0.0060671717,-0.012415719,-0.025262518,0.04235029,0.11650966
-0.037219293,0.055137176,0.007986888,0.022685826,-0.040008403,-0.108396135,0.012861982,0.014117306,0.044062927,0.052408222,0.025039379,0.018257448,0.032513965,0.010376149,0.1278647,0.0596293,0.0016139406,-0.032181557,-0.13330741,-0.025401033,0.112317294,0.05582612,-0.099495046,-0.029559478,0.036849186,0.09742099,-0.015228608,0.005956608,-0.012069925,-0.025610873,0.042257052,0.11614182
-0.037727088,0.055834066,0.007983029,0.024203809,-0.039594017,-0.10705406,0.011666641,0.013957903,0.044148147,0.05239663,0.024309112,0.018252669,0.032115616,0.011674473,0.12640016,0.059217274,0.0029252036,-0.031227829,-0.13024321,-0.025680933,0.1115777,0.05591826,-0.098547,-0.03236442,0.036981333,0.09787054,-0.0142126605,0.005383609,-0.012424112,-0.02773359,0.041512236,0.11530918
-0.037414245,0.05526711,0.0077890437,0.022523541,-0.040228397,-0.10855502,0.012417277,0.014427716,0.04407955,0.05211223,0.025025101,0.018667815,0.031599827,0.010615939,0.12815824,0.058769222,0.0026083137,-0.032254014,-0.13240124,-0.025960762,0.112290785,0.05582279,-0.0990442,-0.030260392,0.036988538,0.09737358,-0.01504942,0.0058969166,-0.0118362615,-0.02621911,0.042763934,0.11568683
-0.037149724,0.055005826,0.008046294,0.022220632,-0.040150553,-0.10874165,0.01308411,0.014475185,0.044119768,0.052516043,0.024959462,0.018550752,0.032322884,0.01016316,0.12829061,0.059420742,0.0016958504,-0.03234253,-0.13369407,-0.02562172,0.112390965,0.05585944,-0.09959506,-0.0293005,0.036867402,0.097301915,-0.01544371,0.006008478,-0.012068366,-0.025326144,0.042663585,0.11628753
-0.037303057,0.054999262,0.007926604,0.022789296,-0.03988811,-0.10843504,0.0129797775,0.0138098765,0.04406245,0.052531153,0.02534943,0.017996544,0.03264831,0.0102052335,0.12773466,0.05992934,0.0012672707,-0.03220885,-0.13348125,-0.025134811,0.112479664,0.055858497,-0.09954135,-0.029225212,0.036753032,0.09741263,-0.0151728755,0.0059898226,-0.011885145,-0.025376987,0.042037047,0.11614783
-0.037248075,0.05492723,0.008139482,0.022351071,-0.039778493,-0.108387634,0.01301261,0.014850033,0.044236913,0.052821413,0.024599608,0.018715575,0.032125317,0.010507893,0.12813711,0.05927015,0.002297103,-0.03184361,-0.13254336,-0.025631761,0.11193982,0.05593591,-0.09915573,-0.030364819,0.03681728,0.097592875,-0.015248777,0.0057456754,-0.01229854,-0.026169213,0.042437986,0.116069
-0.036983944,0.05476889,0.008169947,0.022048313,-0.039851867,-0.10868508,0.013508899,0.014793007,0.044175617,0.052666076,0.024844661,0.01852376,0.032528874,0.010310956,0.12844539,0.05957643,0.001642549,-0.032150388,-0.13353395,-0.02533349,0.112054065,0.055788092,-0.09950953,-0.029410958,0.036858447,0.09754028,-0.015579199,0.006029485,-0.012343972,-0.025408415,0.042477403,0.11638528
-0.037476055,0.055043165,0.0078989845,0.02320942,-0.03969168,-0.10815676,0.012827557,0.013550144,0.0440891,0.05265767,0.02540009,0.01779698,0.03269113,0.010357594,0.12729418,0.060093455,0.0012693857,-0.03200283,-0.13295005,-0.024985293,0.11243108,0.05591158,-0.09938016,-0.029593721,0.03670319,0.09750841,-0.014909385,0.0058812564,-0.011845288,-0.02565521,0.041690394,0.11598989
-0.037654012,0.055335112,0.007914035,0.023954634,-0.0394283,-0.10747813,0.012314688,0.013434354,0.044118136,0.052651495,0.025055986,0.017731873,0.032674175,0.010973509,0.12655632,0.060037203,0.0017481768,-0.031544954,-0.13160603,-0.024996337,0.11203751,0.055927794,-0.098987,-0.030830484,0.036767274,0.09776622,-0.014482047,0.005630905,-0.012063003,-0.026597947,0.041233383,0.1156565
-0.036503144,0.054108128,0.008543443,0.021861237,-0.039441295,-0.108947836,0.014776241,0.014168335,0.044202268,0.05350003,0.025159685,0.01781784,0.03450301,0.009225286,0.12821817,0.0615475,-0.0008861725,-0.032426618,-0.13648592,-0.024112362,0.11245778,0.05584362,-0.100776434,-0.026939992,0.03653507,0.0974461,-0.016319975,0.0063145226,-0.0125516495,-0.023273952,0.041744057,0.11763034
-0.036583975,0.05470971,0.008396741,0.022085276,-0.039764907,-0.10857856,0.013893871,0.014545882,0.044100672,0.05276314,0.0247108,0.018237393,0.033665266,0.010032291,0.1282673,0.06044805,0.0005331333,-0.032244384,-0.13493475,-0.02483713,0.11206376,0.05571134,-0.100178644,-0.028451167,0.036805205,0.09754685,-0.015986841,0.0061632236,-0.012695427,-0.024612078,0.04211035,0.117018394
-0.037201807,0.055078942,0.0080217775,0.022694258,-0.03974481,-0.10820907,0.01275952,0.014592597,0.044165485,0.05243117,0.024676662,0.01857371,0.032266602,0.010843413,0.12784716,0.05929543,0.0022796714,-0.03193444,-0.13227977,-0.025505867,0.11182986,0.05577544,-0.09909212,-0.030492682,0.03698537,0.09769826,-0.01518015,0.0058375215,-0.012311739,-0.026299886,0.042261377,0.11593835
-0.037497215,0.054602172,0.008020552,0.023158168,-0.039404843,-0.108359136,0.013528228,0.01316913,0.04417453,0.053305995,0.025796505,0.017356494,0.03331923,0.009752994,0.12714499,0.060998917,0.00014719972,-0.032044847,-0.13399059,-0.024375986,0.11275606,0.056051258,-0.09979038,-0.028517544,0.036440507,0.09743699,-0.015045866,0.0059608016,-0.011715091,-0.024689212,0.04129056,0.11641031
-0.037261955,0.054982044,0.008057212,0.023250572,-0.039424263,-0.10792007,0.012921657,0.013852233,0.04414404,0.052738,0.024982003,0.017939605,0.03304959,0.010636946,0.12717062,0.060234513,0.0013048812,-0.031818315,-0.13274084,-0.024846237,0.11200143,0.055835307,-0.099367484,-0.029962331,0.03679595,0.09775116,-0.015063776,0.0058332393,-0.012254325,-0.025873829,0.041510507,0.11613579
-0.037674516,0.05490075,0.007755572,0.023317244,-0.039585784,-0.10824621,0.012819866,0.01325158,0.04410761,0.05275461,0.025790593,0.017601088,0.032543723,0.010224847,0.12718478,0.060197458,0.0011711526,-0.03204299,-0.1328069,-0.024829168,0.112627536,0.055966295,-0.0992677,-0.029445853,0.03662169,0.09748811,-0.014753284,0.005887678,-0.011520975,-0.02558168,0.04155874,0.115830995
-0.03718152,0.05501023,0.0079764705,0.022315418,-0.040129215,-0.10871363,0.013023006,0.014308056,0.044085793,0.052433837,0.025107345,0.018427398,0.032337803,0.010169242,0.12822634,0.059477255,0.0016389475,-0.032361254,-0.1336551,-0.0255302,0.112437636,0.055837896,-0.09956619,-0.029242806,0.03685491,0.09731531,-0.015389545,0.006028517,-0.011974835,-0.025342362,0.042566635,0.11621847
-0.037462365,0.05530657,0.007831903,0.022975821,-0.039994612,-0.1082108,0.012381343,0.014096104,0.044077143,0.05224882,0.02502903,0.01836066,0.031989753,0.0107223205,0.12765649,0.059193455,0.0022937986,-0.032047853,-0.1322328,-0.025645737,0.112216115,0.0558428,-0.09906258,-0.030387372,0.03692261,0.097491756,-0.014893057,0.005825607,-0.011923564,-0.026306992,0.042277634,0.11570316
-0.037479997,0.055266816,0.007866105,0.022658791,-0.0401105,-0.10841886,0.012432434,0.014482649,0.044144906,0.05231841,0.02487688,0.018688217,0.031622056,0.010698626,0.12796703,0.058823027,0.002661659,-0.03209182,-0.13212004,-0.025957568,0.1121935,0.055884346,-0.098978385,-0.03055286,0.03696639,0.09742662,-0.01495756,0.0058049336,-0.011934892,-0.02636128,0.042652436,0.11568315
-0.0364708,0.05457785,0.0086219665,0.022829484,-0.039134994,-0.10795341,0.014177794,0.013971087,0.044133916,0.053242385,0.024619818,0.01761096,0.034931317,0.010084307,0.12730291,0.0616918,-0.000566578,-0.03186982,-0.13520855,-0.02394564,0.11183811,0.055728678,-0.10048201,-0.028267764,0.03665562,0.097840585,-0.015953412,0.0060840575,-0.013061383,-0.02436955,0.04102447,0.11738892
-0.037354913,0.054667436,0.00796449,0.02244419,-0.03984442,-0.10882373,0.013411138,0.013851574,0.044159785,0.05292724,0.025578804,0.018007156,0.032636467,0.009760659,0.12796639,0.060122106,0.00090868725,-0.032356665,-0.13406746,-0.025040742,0.112735525,0.055971835,-0.099708535,-0.028602779,0.036635485,0.097282276,-0.015317233,0.006050501,-0.0117003815,-0.024781961,0.042169567,0.11634464
-0.036894638,0.05444095,0.008209152,0.02232688,-0.03961739,-0.108768836,0.014046045,0.013750406,0.044107072,0.053074334,0.02550378,0.017683132,0.033786666,0.009514436,0.12795766,0.061033152,-0.00021254504,-0.032393977,-0.13539155,-0.024384515,0.112624675,0.055853654,-0.1003003,-0.027616724,0.036565196,0.09739651,-0.015789462,0.0062223338,-0.012104922,-0.023994979,0.04174406,0.11698398
-0.036891572,0.054328274,0.008273458,0.022440948,-0.039463546,-0.10871131,0.014254045,0.013557233,0.044128083,0.053302143,0.025592053,0.017464783,0.034123342,0.009375317,0.12776677,0.061439212,-0.00065276446,-0.032338478,-0.1356767,-0.024106473,0.112678036,0.055894565,-0.1004458,-0.027333565,0.0364732,0.09741689,-0.015802372,0.006226763,-0.012125456,-0.023729868,0.041475497,0.11713501
-0.0377,0.05568374,0.007929305,0.023898764,-0.039683856,-0.1073626,0.011835128,0.013988119,0.044143684,0.052388407,0.024518613,0.018288434,0.032019638,0.011427709,0.12670884,0.059184738,0.0028063464,-0.031431414,-0.13067105,-0.02568689,0.11175573,0.055915516,-0.09864023,-0.031901132,0.036960516,0.09777052,-0.014354201,0.005484066,-0.012256742,-0.027394962,0.041715093,0.11537421
-0.036952138,0.054734576,0.00843489,0.023771262,-0.03881243,-0.10740816,0.013673566,0.013284257,0.044152804,0.05335813,0.024916044,0.017146638,0.034765337,0.010416274,0.1263901,0.0618669,-0.0003941846,-0.03149476,-0.13388789,-0.023714535,0.11185452,0.0558402,-0.10002317,-0.029098045,0.036551453,0.0979914,-0.015270827,0.005861558,-0.012774522,-0.025073573,0.040354863,0.11686793
-0.03758407,0.055239387,0.007819233,0.022563562,-0.040127136,-0.108486846,0.0123903975,0.014619032,0.044175744,0.05234179,0.02490935,0.018792214,0.031277835,0.01073185,0.12810054,0.058567595,0.0029864064,-0.032048672,-0.13176002,-0.026100077,0.112187855,0.05591988,-0.09878818,-0.030798685,0.036956348,0.09742425,-0.014869441,0.005760895,-0.0118416,-0.026573692,0.042784207,0.115523726
-0.037588034,0.05504429,0.008001976,0.022301182,-0.040308118,-0.10889248,0.012718415,0.0145746805,0.044314332,0.052447654,0.024934847,0.01885922,0.031324018,0.0101939775,0.12844747,0.058820087,0.002579873,-0.03242064,-0.13270655,-0.026045736,0.11242482,0.055972934,-0.09920612,-0.02985648,0.036900736,0.09723237,-0.015174309,0.0057631787,-0.011860841,-0.025978051,0.042945627,0.115901306
-0.037376363,0.055436477,0.007918911,0.022982227,-0.040046044,-0.10808867,0.012315812,0.014289811,0.044073343,0.052188724,0.024743274,0.018496009,0.03202431,0.010880676,0.1276578,0.059076443,0.0024600965,-0.03196784,-0.13212271,-0.025779568,0.11205384,0.05581762,-0.099065185,-0.030658334,0.03698146,0.097525194,-0.014925998,0.0057862625,-0.012139301,-0.026487237,0.042337745,0.115743175
-0.037352923,0.054923486,0.0080768075,0.022903677,-0.03971932,-0.10832438,0.013163697,0.013842076,0.04415957,0.05292322,0.025190752,0.01796825,0.032843802,0.010159239,0.12750015,0.06018304,0.0010746331,-0.032034718,-0.13346499,-0.025037836,0.11242719,0.05596346,-0.09960006,-0.02931711,0.03667818,0.09744247,-0.015132422,0.0058984216,-0.012022932,-0.025298838,0.0418605,0.11628574
-0.037280247,0.05520936,0.007973008,0.022739457,-0.04002227,-0.10833437,0.012711339,0.014213802,0.044083342,0.052380253,0.024934463,0.018371807,0.03231932,0.010513117,0.12782735,0.059428703,0.0019057649,-0.032119885,-0.13293326,-0.025550218,0.11224207,0.055838626,-0.0993547,-0.029909648,0.036889248,0.097442284,-0.015140866,0.005897375,-0.012084245,-0.02587021,0.042323254,0.116022095
-0.03775442,0.0554497,0.0077516753,0.023469266,-0.039803736,-0.10784875,0.011943292,0.014026793,0.0441461,0.052307628,0.024921067,0.018389741,0.0316265,0.011134397,0.1271762,0.058955878,0.002878182,-0.031746335,-0.1309578,-0.025766592,0.11202212,0.05591014,-0.09860508,-0.031412624,0.036957044,0.09764111,-0.014472138,0.005615228,-0.011875707,-0.02708417,0.042069208,0.11529275
-0.037739694,0.055112485,0.00789017,0.023855366,-0.039377593,-0.1077106,0.012613634,0.013199059,0.04414767,0.052905828,0.02541221,0.017521597,0.03277037,0.0106016565,0.1265991,0.060348988,0.0012837644,-0.031655453,-0.13211435,-0.024774808,0.112328894,0.056007765,-0.09913778,-0.030213282,0.036625758,0.097659945,-0.014507063,0.0056953747,-0.011829584,-0.026094213,0.041160315,0.115771614
-0.037495594,0.054636583,0.008049766,0.022186916,-0.040078007,-0.10913946,0.013464065,0.014184795,0.04432431,0.052941535,0.02541014,0.018377395,0.032054804,0.009650752,0.12836085,0.059704732,0.0013541258,-0.032544523,-0.13393737,-0.02540807,0.112760045,0.05602622,-0.09967026,-0.02863571,0.03669725,0.09716222,-0.015380714,0.0059671095,-0.011732557,-0.024870977,0.042603713,0.116335794
-0.037178516,0.05481872,0.00827737,0.02375957,-0.038918264,-0.10748209,0.01331234,0.013430918,0.044189185,0.053229865,0.024943914,0.017404404,0.03406638,0.010592199,0.12647699,0.06127926,0.0003332044,-0.031501696,-0.13308008,-0.02410043,0.111861035,0.05587783,-0.09964533,-0.029695012,0.03662754,0.09796103,-0.015052591,0.0057795793,-0.012550819,-0.025562389,0.040650953,0.116486624
-0.03711846,0.0550012,0.008156644,0.022539347,-0.039769948,-0.10829989,0.013098288,0.014630757,0.044180654,0.05263684,0.024654273,0.018497523,0.03251601,0.010619903,0.12794939,0.059540413,0.0018939427,-0.031941824,-0.13284922,-0.025404155,0.111914575,0.055817153,-0.09933257,-0.030074626,0.03689935,0.0976263,-0.015311139,0.005877611,-0.012413555,-0.025904337,0.042249627,0.116195425
-0.0376198,0.05507039,0.00799232,0.02378283,-0.03936307,-0.107719965,0.012814658,0.013223812,0.044145577,0.052996553,0.025337918,0.017476356,0.033059284,0.010497574,0.12662613,0.06056863,0.0009840406,-0.031663187,-0.13253944,-0.024662886,0.11232261,0.056002147,-0.0993329,-0.0299358,0.03659706,0.09765097,-0.014643619,0.005730626,-0.011963614,-0.025838668,0.041106254,0.115982845
-0.037464175,0.0553502,0.007855523,0.022988532,-0.039893106,-0.108066775,0.012218086,0.014462886,0.044138797,0.05220974,0.024713691,0.018641822,0.031729363,0.011082934,0.12765673,0.058843955,0.0028758985,-0.0318786,-0.13145547,-0.02583829,0.11188216,0.05581273,-0.09876635,-0.031138927,0.037037693,0.09765157,-0.014832925,0.005725397,-0.012101793,-0.026863009,0.042361774,0.11553007
-0.03762566,0.055382527,0.007805804,0.022803612,-0.040113404,-0.108288005,0.012229044,0.014526039,0.044151157,0.05224119,0.024856942,0.018715529,0.031278778,0.010930016,0.12789857,0.058539223,0.0030901781,-0.031948693,-0.13142511,-0.026101772,0.11210644,0.055897128,-0.098694935,-0.031093404,0.036985137,0.097476825,-0.014731643,0.0057220496,-0.011894795,-0.02681857,0.04265573,0.11541562
-0.0375227,0.055143062,0.007960068,0.022570884,-0.03987611,-0.10824323,0.012385394,0.014820935,0.044226877,0.05266116,0.024574526,0.018900342,0.031496584,0.010712225,0.12800992,0.05874261,0.0030732988,-0.031733073,-0.13158661,-0.026021408,0.1119474,0.056008004,-0.09875492,-0.03116433,0.036840893,0.09757739,-0.014916791,0.0055629667,-0.012064802,-0.026902556,0.042575136,0.11561808
-0.036745608,0.053555604,0.0076905563,0.021748658,-0.039467238,-0.10961353,0.014519718,0.012809932,0.043959305,0.053678263,0.027024392,0.016790066,0.03300076,0.008705085,0.12756103,0.061156455,-0.00084432354,-0.032639172,-0.13540676,-0.02358567,0.11363908,0.055934876,-0.10043556,-0.026672438,0.035699006,0.096911095,-0.015490567,0.0067575946,-0.011400775,-0.023151409,0.041434072,0.11700482
-0.037279807,0.054568566,0.008172607,0.02334264,-0.039143734,-0.10806412,0.013683889,0.013166105,0.044171378,0.053378187,0.025553212,0.017223982,0.033936255,0.009911904,0.12688771,0.06143413,-0.0002045636,-0.031875715,-0.13412,-0.024033424,0.112464294,0.0559745,-0.099929735,-0.028544366,0.036455736,0.09764024,-0.015174219,0.0059538567,-0.012073602,-0.024685122,0.04090463,0.11663323
